"caseid","pm2.5_state","pm2.5_district"
10001,23.2252263157143,23.10051394
10003,30.061445015,36.87695988
10003,30.061445015,23.24593015
10006,32.930072935,33.41955994
10007,32.930072935,32.47678159
10009,32.930072935,38.63757704
10010,32.930072935,31.10630867
10013,32.930072935,32.10565573
10014,18.66680698,23.02946967
10017,19.9832479025,21.17980225
10018,23.2252263157143,26.65123711
10020,23.2252263157143,26.10851062
10021,23.2252263157143,26.10851062
10022,19.9832479025,21.17980225
10023,23.2252263157143,26.10851062
10025,23.2252263157143,26.10851062
10027,19.9832479025,21.17980225
10028,30.061445015,36.87695988
10028,30.061445015,23.24593015
10029,18.66680698,23.02946967
10030,30.061445015,36.87695988
10030,30.061445015,23.24593015
10031,18.66680698,23.02946967
10032,18.66680698,23.02946967
10035,18.52799088,25.22631828
10036,41.55043933,41.55043933
10037,18.52799088,25.22631828
10039,41.55043933,41.55043933
10040,41.55043933,41.55043933
10041,41.55043933,41.55043933
10042,41.55043933,41.55043933
10043,41.55043933,41.55043933
10044,32.930072935,31.05055728
10045,32.930072935,31.10630867
10046,32.930072935,31.10630867
10047,32.930072935,33.41955994
10048,32.930072935,36.80500902
10049,32.930072935,32.47678159
10051,32.930072935,34.52320416
10053,32.930072935,34.8193469
10054,32.930072935,30.68746401
10057,32.930072935,31.05055728
10058,32.930072935,31.10630867
10059,32.930072935,32.10565573
10061,32.930072935,36.80500902
10062,32.930072935,32.47678159
10063,32.930072935,30.68746401
10064,32.930072935,33.34488017
10065,32.930072935,36.80500902
10066,32.930072935,34.52320416
10067,32.930072935,31.05055728
10069,32.930072935,30.68746401
10070,32.930072935,27.01171222
10071,60.1904742297183,82.45842063
10072,32.930072935,33.34488017
10073,32.930072935,31.91162487
10075,32.930072935,31.05055728
10076,32.930072935,33.19101317
10077,32.930072935,33.41955994
10078,32.930072935,31.10630867
10079,32.930072935,28.77052671
10081,32.930072935,33.0396606
10082,32.930072935,29.46721738
10083,32.930072935,31.05055728
10084,32.930072935,34.52320416
10085,32.930072935,40.41610504
10086,32.930072935,27.01171222
10087,32.930072935,33.34488017
10088,32.930072935,33.0396606
10090,32.930072935,36.80500902
10091,32.930072935,33.34488017
10092,32.930072935,27.01171222
10093,32.930072935,40.41610504
10094,32.930072935,31.05055728
10095,32.930072935,28.04659686
10096,32.930072935,40.41610504
10097,60.1904742297183,60.89199011
10098,32.930072935,34.52320416
10100,32.930072935,31.10630867
10101,32.930072935,33.41955994
10102,32.930072935,27.01171222
10103,60.1904742297183,60.78121287
10104,32.930072935,30.68746401
10105,32.930072935,36.80500902
10106,32.930072935,31.05055728
10107,32.930072935,34.52320416
10108,32.930072935,33.41955994
10109,32.930072935,29.46721738
10111,32.930072935,30.68746401
10112,32.930072935,38.63757704
10113,32.930072935,31.05055728
10114,60.1904742297183,58.72059763
10115,32.930072935,33.88550411
10116,32.930072935,33.34488017
10117,32.930072935,28.77052671
10118,32.930072935,29.46721738
10119,32.930072935,27.01171222
10120,32.930072935,33.34488017
10121,32.930072935,34.52320416
10122,60.1904742297183,64.18057419
10123,32.930072935,33.41955994
10124,32.930072935,33.41955994
10125,32.930072935,33.41955994
10127,32.930072935,34.8193469
10128,32.930072935,28.04659686
10129,32.930072935,33.19101317
10130,32.930072935,31.10630867
10131,32.930072935,30.68746401
10132,32.930072935,40.41610504
10133,32.930072935,31.10630867
10134,32.930072935,30.68746401
10135,32.930072935,28.04659686
10136,60.1904742297183,76.32263335
10137,32.930072935,33.34488017
10138,32.930072935,32.37877251
10139,60.1904742297183,58.72059763
10140,60.1904742297183,55.06988555
10141,60.1904742297183,66.25872598
10142,60.1904742297183,82.45842063
10143,60.1904742297183,54.70555421
10144,60.1904742297183,63.12899951
10145,60.1904742297183,56.03572897
10146,60.1904742297183,48.03843236
10147,60.1904742297183,82.45842063
10148,60.1904742297183,60.81890832
10149,60.1904742297183,74.69492593
10150,60.1904742297183,76.32263335
10151,60.1904742297183,58.72059763
10155,60.1904742297183,72.59956245
10157,60.1904742297183,48.59574683
10158,60.1904742297183,63.52178162
10159,60.1904742297183,70.17422511
10160,60.1904742297183,58.72059763
10161,60.1904742297183,61.05327615
10162,60.1904742297183,61.51797294
10163,60.1904742297183,61.69726511
10164,60.1904742297183,48.6496551
10165,60.1904742297183,55.63335693
10166,60.1904742297183,59.52877043
10167,60.1904742297183,61.05327615
10169,60.1904742297183,54.51998988
10170,60.1904742297183,58.72059763
10171,60.1904742297183,60.94576366
10172,60.1904742297183,59.15295191
10174,60.1904742297183,59.53127495
10175,60.1904742297183,58.97773437
10176,60.1904742297183,54.70555421
10177,60.1904742297183,60.78121287
10178,60.1904742297183,54.70555421
10179,60.1904742297183,56.2900986
10180,60.1904742297183,64.6649738
10181,60.1904742297183,62.12097947
10182,60.1904742297183,60.94576366
10183,60.1904742297183,82.45842063
10184,60.1904742297183,74.69492593
10185,60.1904742297183,58.79828983
10186,60.1904742297183,72.59956245
10187,60.1904742297183,68.08061113
10188,60.1904742297183,61.05327615
10189,60.1904742297183,66.25872598
10190,60.1904742297183,64.6649738
10191,60.1904742297183,58.79828983
10193,60.1904742297183,60.02551835
10194,60.1904742297183,77.24375062
10195,60.1904742297183,60.02551835
10196,60.1904742297183,70.17422511
10197,60.1904742297183,68.08061113
10198,60.1904742297183,59.45508929
10199,60.1904742297183,65.64990636
10200,60.1904742297183,58.8665309
10201,60.1904742297183,60.12262747
10202,60.1904742297183,58.97773437
10203,60.1904742297183,60.12053456
10204,60.1904742297183,56.03572897
10205,60.1904742297183,62.12097947
10206,60.1904742297183,63.12899951
10208,60.1904742297183,58.72059763
10209,60.1904742297183,56.14882455
10210,60.1904742297183,58.69031512
10211,60.1904742297183,83.98668865
10212,60.1904742297183,66.25872598
10213,60.1904742297183,56.14882455
10214,60.1904742297183,54.70555421
10215,60.1904742297183,59.52877043
10216,60.1904742297183,55.28490707
10217,60.1904742297183,64.6649738
10218,60.1904742297183,64.6649738
10219,60.1904742297183,54.51998988
10220,60.1904742297183,61.69726511
10221,60.1904742297183,59.02335959
10222,60.1904742297183,65.64990636
10224,60.1904742297183,51.15848162
10225,60.1904742297183,48.03843236
10227,60.1904742297183,63.12899951
10228,60.1904742297183,68.85847394
10229,60.1904742297183,64.6649738
10230,60.1904742297183,59.02335959
10231,60.1904742297183,55.28490707
10232,60.1904742297183,58.79828983
10233,60.1904742297183,56.00604848
10234,60.1904742297183,50.45173192
10235,60.1904742297183,62.0443675
10236,60.1904742297183,63.80109737
10237,60.1904742297183,54.70555421
10238,60.1904742297183,72.59956245
10239,60.1904742297183,63.80109737
10240,60.1904742297183,63.52178162
10241,60.1904742297183,62.11168197
10243,60.1904742297183,63.12899951
10244,60.1904742297183,60.12262747
10246,60.1904742297183,63.80109737
10248,60.1904742297183,58.69031512
10249,60.1904742297183,59.52877043
10250,60.1904742297183,48.03843236
10251,60.1904742297183,56.03572897
10252,60.1904742297183,59.16488435
10253,60.1904742297183,54.70555421
10254,60.1904742297183,55.28490707
10255,60.1904742297183,70.17422511
10256,60.1904742297183,68.85847394
10257,60.1904742297183,40.06877491
10258,60.1904742297183,59.16488435
10259,60.1904742297183,68.85847394
10260,60.1904742297183,59.16488435
10261,60.1904742297183,59.53127495
10262,60.1904742297183,58.69031512
10263,60.1904742297183,59.16488435
10265,60.1904742297183,58.69031512
10266,60.1904742297183,66.25872598
10267,60.1904742297183,58.72059763
10268,60.1904742297183,61.05327615
10269,60.1904742297183,49.00311855
10270,60.1904742297183,76.32263335
10271,60.1904742297183,66.25872598
10272,60.1904742297183,55.06988555
10273,60.1904742297183,59.15295191
10274,60.1904742297183,74.69492593
10275,60.1904742297183,49.00311855
10276,60.1904742297183,48.03843236
10277,60.1904742297183,60.02551835
10278,60.1904742297183,63.12899951
10280,60.1904742297183,59.16488435
10281,60.1904742297183,59.02335959
10282,60.1904742297183,61.69726511
10283,60.1904742297183,55.06988555
10284,60.1904742297183,51.15848162
10285,60.1904742297183,60.12053456
10286,60.1904742297183,82.45842063
10287,60.1904742297183,76.32263335
10288,60.1904742297183,56.03572897
10289,60.1904742297183,58.97773437
10290,60.1904742297183,50.45173192
10291,60.1904742297183,59.16488435
10292,60.1904742297183,50.52646444
10293,60.1904742297183,54.70555421
10294,60.1904742297183,58.79828983
10295,60.1904742297183,59.16488435
10296,60.1904742297183,56.2900986
10297,60.1904742297183,61.69726511
10298,60.1904742297183,64.18057419
10299,60.1904742297183,64.6649738
10300,60.1904742297183,54.70555421
10301,60.1904742297183,68.85847394
10302,60.1904742297183,59.15295191
10303,60.1904742297183,58.69031512
10304,60.1904742297183,67.45109647
10305,60.1904742297183,72.59956245
10306,60.1904742297183,59.45508929
10307,60.1904742297183,55.06988555
10308,60.1904742297183,72.59956245
10309,60.1904742297183,58.72059763
10310,60.1904742297183,66.25872598
10311,60.1904742297183,76.32263335
10312,60.1904742297183,63.12899951
10313,60.1904742297183,65.64990636
10314,60.1904742297183,59.16488435
10315,48.9601047144737,56.97792142
10316,60.1904742297183,70.17422511
10317,60.1904742297183,61.05327615
10319,60.1904742297183,59.52877043
10321,60.1904742297183,63.80109737
10322,60.1904742297183,72.59956245
10323,60.1904742297183,56.00604848
10324,60.1904742297183,82.45842063
10325,60.1904742297183,60.02551835
10326,60.1904742297183,56.14882455
10328,60.1904742297183,59.02335959
10329,60.1904742297183,60.12262747
10331,60.1904742297183,60.12053456
10332,60.1904742297183,58.56210822
10333,60.1904742297183,56.32523297
10334,60.1904742297183,48.03843236
10335,60.1904742297183,74.69492593
10336,60.1904742297183,66.25872598
10338,60.1904742297183,72.59956245
10339,60.1904742297183,63.52178162
10340,60.1904742297183,74.69492593
10341,60.1904742297183,58.69031512
10343,60.1904742297183,60.89199011
10344,60.1904742297183,76.32263335
10345,60.1904742297183,55.06988555
10346,60.1904742297183,76.32263335
10347,60.1904742297183,70.17422511
10348,32.930072935,33.41955994
10349,60.1904742297183,76.32263335
10350,60.1904742297183,74.69492593
10351,60.1904742297183,76.32263335
10352,60.1904742297183,58.97773437
10353,60.1904742297183,72.59956245
10354,32.930072935,31.05055728
10355,32.930072935,30.68746401
10356,60.1904742297183,60.78121287
10358,60.1904742297183,40.06877491
10359,60.1904742297183,66.25872598
10360,32.930072935,31.10630867
10361,32.930072935,31.05055728
10362,60.1904742297183,68.85847394
10363,32.930072935,33.34488017
10364,60.1904742297183,72.59956245
10366,60.1904742297183,62.0443675
10367,60.1904742297183,55.06988555
10368,60.1904742297183,61.69726511
10369,60.1904742297183,72.59956245
10370,60.1904742297183,64.6649738
10371,60.1904742297183,76.32263335
10373,60.1904742297183,58.56210822
10374,32.930072935,32.47678159
10375,60.1904742297183,63.12899951
10376,60.1904742297183,82.45842063
10377,60.1904742297183,48.03843236
10378,60.1904742297183,51.15848162
10379,32.930072935,34.04316412
10380,60.1904742297183,72.59956245
10381,60.1904742297183,68.08061113
10382,60.1904742297183,72.59956245
10383,60.1904742297183,58.79828983
10384,60.1904742297183,59.45508929
10385,60.1904742297183,56.00604848
10386,60.1904742297183,61.51797294
10387,60.1904742297183,49.00311855
10388,60.1904742297183,58.79828983
10389,60.1904742297183,54.70555421
10390,32.930072935,31.10630867
10391,32.930072935,27.01171222
10392,32.930072935,34.52320416
10394,32.930072935,32.37877251
10395,32.930072935,28.77052671
10396,32.930072935,31.91162487
10397,32.930072935,31.05055728
10398,32.930072935,33.41955994
10399,32.930072935,33.0396606
10400,32.930072935,28.77052671
10401,60.1904742297183,63.12899951
10402,60.1904742297183,76.32263335
10404,60.1904742297183,72.59956245
10407,60.1904742297183,76.32263335
10408,60.1904742297183,61.69726511
10409,60.1904742297183,58.56210822
10410,60.1904742297183,54.51998988
10411,60.1904742297183,59.16488435
10412,60.1904742297183,58.8665309
10413,60.1904742297183,82.45842063
10414,60.1904742297183,55.28490707
10415,60.1904742297183,58.56210822
10416,48.9601047144737,54.75316625
10417,48.9601047144737,41.58690209
10418,48.9601047144737,56.97792142
10419,60.1904742297183,63.80109737
10420,60.1904742297183,58.28947643
10421,60.1904742297183,50.52646444
10423,60.1904742297183,60.81922469
10424,48.9601047144737,40.80200033
10425,60.1904742297183,76.32263335
10426,60.1904742297183,51.15848162
10427,60.1904742297183,65.08512563
10428,60.1904742297183,63.52178162
10429,60.1904742297183,56.32523297
10430,60.1904742297183,48.03843236
10431,60.1904742297183,50.45173192
10432,60.1904742297183,58.69031512
10434,60.1904742297183,60.12053456
10435,60.1904742297183,60.78121287
10436,60.1904742297183,76.32263335
10437,60.1904742297183,56.03572897
10438,60.1904742297183,74.69492593
10439,60.1904742297183,72.59956245
10440,45.0038345818182,40.08393847
10441,60.1904742297183,56.00604848
10442,60.1904742297183,59.16488435
10443,60.1904742297183,53.03910998
10444,60.1904742297183,54.70555421
10447,60.1904742297183,74.69492593
10448,60.1904742297183,83.98668865
10449,60.1904742297183,72.59956245
10450,60.1904742297183,58.97773437
10451,60.1904742297183,58.56210822
10453,60.1904742297183,53.03910998
10454,48.9601047144737,42.37199835
10455,48.9601047144737,52.40309435
10456,48.9601047144737,53.01690848
10457,48.9601047144737,40.51265566
10458,48.9601047144737,50.1504657
10459,48.9601047144737,38.384195
10460,48.9601047144737,53.5136665
10461,48.9601047144737,45.60730872
10462,48.9601047144737,57.94882045
10463,48.9601047144737,49.21778302
10464,39.0546064846,38.54395438
10465,48.9601047144737,40.63690914
10466,48.9601047144737,56.97792142
10467,48.9601047144737,49.53949672
10468,48.9601047144737,40.80200033
10469,48.9601047144737,53.5136665
10470,48.9601047144737,51.81349679
10471,48.9601047144737,57.03345739
10472,48.9601047144737,60.36838853
10473,48.9601047144737,56.97792142
10474,48.9601047144737,43.75933583
10475,48.9601047144737,40.63690914
10476,48.9601047144737,60.36838853
10477,48.9601047144737,46.04481045
10478,48.9601047144737,56.97792142
10479,48.9601047144737,53.01690848
10480,48.9601047144737,55.01331023
10481,48.9601047144737,57.32881312
10482,48.9601047144737,43.75933583
10483,48.9601047144737,42.69959864
10484,48.9601047144737,40.51265566
10485,48.9601047144737,55.01331023
10486,48.9601047144737,53.5136665
10487,60.1904742297183,48.03843236
10488,48.9601047144737,55.01331023
10489,48.9601047144737,56.97792142
10490,48.9601047144737,48.37717005
10491,48.9601047144737,56.97792142
10492,48.9601047144737,44.60462482
10493,48.9601047144737,52.91654986
10494,48.9601047144737,53.01690848
10496,48.9601047144737,46.04481045
10497,48.9601047144737,50.1504657
10498,48.9601047144737,40.51265566
10499,48.9601047144737,40.51265566
10500,60.1904742297183,58.72059763
10501,60.1904742297183,60.81890832
10502,48.9601047144737,56.97792142
10503,48.9601047144737,60.36838853
10504,60.1904742297183,60.12053456
10505,48.9601047144737,43.72006841
10506,48.9601047144737,51.81349679
10507,60.1904742297183,65.08512563
10508,48.9601047144737,49.53949672
10509,48.9601047144737,60.36838853
10510,48.9601047144737,44.60462482
10511,48.9601047144737,60.36838853
10512,60.1904742297183,60.94576366
10513,60.1904742297183,58.8665309
10514,45.0038345818182,38.30409232
10515,48.9601047144737,60.36838853
10516,60.1904742297183,56.14882455
10517,48.9601047144737,49.21778302
10518,60.1904742297183,65.08512563
10519,60.1904742297183,64.6649738
10520,60.1904742297183,68.08061113
10521,48.9601047144737,52.91654986
10522,32.930072935,31.10630867
10523,48.9601047144737,56.04185304
10524,60.1904742297183,63.12899951
10526,32.930072935,36.53028884
10527,60.1904742297183,56.14882455
10529,48.9601047144737,60.36838853
10530,32.930072935,33.96664954
10531,48.9601047144737,52.40309435
10532,60.1904742297183,51.15848162
10533,32.930072935,33.88550411
10534,60.1904742297183,56.14882455
10535,60.1904742297183,56.2900986
10536,60.1904742297183,76.32263335
10537,60.1904742297183,63.12899951
10538,48.9601047144737,46.04481045
10539,48.9601047144737,57.94882045
10540,48.9601047144737,56.04185304
10541,48.9601047144737,55.01331023
10542,48.9601047144737,56.97792142
10544,48.9601047144737,38.384195
10545,48.9601047144737,57.32881312
10546,32.930072935,34.8193469
10547,48.9601047144737,49.53949672
10548,48.9601047144737,45.60730872
10549,48.9601047144737,40.63690914
10550,48.9601047144737,56.51615219
10551,48.9601047144737,49.21778302
10552,48.9601047144737,50.1504657
10553,48.9601047144737,40.80200033
10554,48.9601047144737,49.21778302
10555,60.1904742297183,60.78121287
10556,60.1904742297183,60.89199011
10557,48.9601047144737,42.37199835
10558,48.9601047144737,60.36838853
10559,48.9601047144737,56.97792142
10560,60.1904742297183,59.16488435
10561,48.9601047144737,57.94882045
10562,60.1904742297183,56.14882455
10563,48.9601047144737,55.01331023
10564,48.9601047144737,60.36838853
10565,48.9601047144737,46.34281875
10566,48.9601047144737,52.40309435
10567,48.9601047144737,52.40309435
10568,60.1904742297183,55.28490707
10569,45.0038345818182,38.99416077
10570,48.9601047144737,40.63690914
10571,48.9601047144737,53.5136665
10572,48.9601047144737,42.69959864
10573,48.9601047144737,40.80200033
10574,48.9601047144737,60.36838853
10575,48.9601047144737,46.22716524
10576,60.1904742297183,61.51797294
10577,107.084792437778,117.9616654
10578,45.0038345818182,51.24155301
10579,48.9601047144737,57.32881312
10580,48.9601047144737,55.01331023
10581,60.1904742297183,53.03910998
10582,60.1904742297183,56.03572897
10583,48.9601047144737,50.1504657
10585,48.9601047144737,46.34281875
10586,48.9601047144737,60.36838853
10587,48.9601047144737,60.36838853
10588,60.1904742297183,40.06877491
10589,60.1904742297183,48.6496551
10590,48.9601047144737,56.51615219
10591,48.9601047144737,43.72006841
10592,60.1904742297183,76.32263335
10593,48.9601047144737,56.97792142
10594,48.9601047144737,48.37717005
10595,60.1904742297183,66.68332177
10596,48.9601047144737,55.01331023
10597,48.9601047144737,42.69959864
10598,60.1904742297183,58.79828983
10599,48.9601047144737,49.53949672
10600,48.9601047144737,55.01331023
10602,48.9601047144737,56.97792142
10603,48.9601047144737,60.36838853
10604,48.9601047144737,57.94882045
10605,48.9601047144737,40.63690914
10606,60.1904742297183,66.25872598
10607,48.9601047144737,42.37199835
10608,48.9601047144737,56.04185304
10610,48.9601047144737,55.01331023
10611,60.1904742297183,59.15295191
10612,48.9601047144737,46.34281875
10613,48.9601047144737,54.75316625
10615,48.9601047144737,53.5136665
10616,48.9601047144737,43.75933583
10618,48.9601047144737,52.40309435
10619,60.1904742297183,74.69492593
10620,45.0038345818182,48.14594915
10621,48.9601047144737,43.75933583
10622,48.9601047144737,42.69959864
10623,60.1904742297183,72.59956245
10624,45.0038345818182,38.30409232
10625,48.9601047144737,56.51615219
10626,48.9601047144737,60.36838853
10627,48.9601047144737,48.37717005
10629,60.1904742297183,60.78121287
10630,45.0038345818182,51.24155301
10631,45.0038345818182,41.70994534
10632,45.0038345818182,39.40081213
10633,45.0038345818182,47.10982066
10634,32.930072935,28.77052671
10635,45.0038345818182,50.59402673
10636,45.0038345818182,48.14594915
10637,45.0038345818182,46.84567195
10638,32.930072935,38.63757704
10639,60.0573171895238,64.7595765
10640,45.0038345818182,52.81633785
10641,45.0038345818182,52.71768594
10642,45.0038345818182,37.25225256
10643,45.0038345818182,45.12036909
10644,45.0038345818182,50.59402673
10645,45.0038345818182,52.81633785
10646,32.930072935,33.41955994
10647,32.930072935,31.10630867
10648,39.0546064846,51.31677596
10649,60.1904742297183,66.25872598
10650,48.9601047144737,46.04481045
10652,48.9601047144737,43.75933583
10653,48.9601047144737,40.63690914
10654,45.0038345818182,52.81633785
10655,45.0038345818182,45.12036909
10657,45.0038345818182,48.14594915
10658,45.0038345818182,45.12036909
10659,45.0038345818182,45.12036909
10660,45.0038345818182,41.01064122
10661,45.0038345818182,48.14594915
10662,45.0038345818182,43.25786699
10663,45.0038345818182,46.84567195
10664,45.0038345818182,51.24155301
10665,45.0038345818182,38.1553993
10666,45.0038345818182,45.12036909
10667,45.0038345818182,48.45817757
10668,45.0038345818182,42.62925236
10669,60.1904742297183,64.6649738
10670,45.0038345818182,39.40081213
10671,48.9601047144737,40.80200033
10672,33.1819488305556,42.40832028
10673,45.0038345818182,48.14594915
10674,45.0038345818182,38.30409232
10675,45.0038345818182,42.77676183
10676,45.0038345818182,52.81633785
10677,48.9601047144737,56.51615219
10679,45.0038345818182,48.14594915
10680,45.0038345818182,52.31340145
10681,45.0038345818182,42.62925236
10682,45.0038345818182,48.14594915
10683,60.0573171895238,49.99352626
10684,45.0038345818182,48.45817757
10685,45.0038345818182,46.41841013
10686,45.0038345818182,42.62925236
10687,45.0038345818182,47.10982066
10688,45.0038345818182,56.07669645
10689,60.0573171895238,56.84994955
10691,45.0038345818182,46.84567195
10692,60.1904742297183,66.25872598
10693,45.0038345818182,41.01064122
10694,48.9601047144737,42.37199835
10696,45.0038345818182,51.24155301
10697,45.0038345818182,48.45817757
10698,45.0038345818182,38.69994334
10699,45.0038345818182,42.62925236
10700,45.0038345818182,46.41841013
10701,39.0546064846,39.96528415
10702,45.0038345818182,51.24155301
10703,45.0038345818182,50.59402673
10704,45.0038345818182,43.25786699
10705,107.084792437778,95.23094649
10706,60.1904742297183,40.06877491
10707,45.0038345818182,48.14594915
10708,45.0038345818182,48.14594915
10709,45.0038345818182,51.24155301
10710,45.0038345818182,46.84567195
10711,45.0038345818182,48.45817757
10712,45.0038345818182,41.01064122
10713,48.9601047144737,45.60730872
10714,39.0546064846,51.31677596
10716,39.0546064846,41.18495648
10717,60.1904742297183,83.98668865
10719,45.0038345818182,51.24155301
10720,48.9601047144737,49.53949672
10721,45.0038345818182,48.14594915
10722,45.0038345818182,42.62925236
10723,45.0038345818182,45.12036909
10724,45.0038345818182,52.71768594
10727,60.1904742297183,54.51998988
10728,45.0038345818182,39.40081213
10729,60.1904742297183,56.03572897
10730,60.1904742297183,74.69492593
10731,60.1904742297183,64.6649738
10733,45.0038345818182,39.37965119
10734,60.1904742297183,49.72593946
10735,60.1904742297183,76.32263335
10736,45.0038345818182,46.84567195
10737,60.1904742297183,67.45109647
10738,60.1904742297183,83.98668865
10739,60.1904742297183,82.45842063
10740,60.1904742297183,74.69492593
10741,32.930072935,31.05055728
10742,39.0546064846,32.98159887
10743,48.9601047144737,56.97792142
10744,48.9601047144737,40.80200033
10745,48.9601047144737,50.1504657
10746,60.1904742297183,63.12899951
10747,60.1904742297183,60.94576366
10748,60.1904742297183,49.72593946
10750,48.9601047144737,50.1504657
10751,48.9601047144737,60.36838853
10752,48.9601047144737,49.21778302
10753,45.0038345818182,46.41841013
10754,48.9601047144737,42.37199835
10755,48.9601047144737,40.63690914
10757,48.9601047144737,57.94882045
10758,48.9601047144737,60.36838853
10759,48.9601047144737,48.37717005
10761,48.9601047144737,56.97792142
10762,48.9601047144737,38.384195
10763,48.9601047144737,55.01331023
10764,48.9601047144737,46.34281875
10765,45.0038345818182,52.81633785
10766,48.9601047144737,46.34281875
10767,48.9601047144737,52.40309435
10768,48.9601047144737,45.60730872
10769,107.084792437778,102.7122672
10770,60.1904742297183,64.18057419
10771,60.1904742297183,64.18057419
10772,48.9601047144737,52.40309435
10773,45.0038345818182,48.14594915
10774,48.9601047144737,56.04185304
10775,48.9601047144737,42.69959864
10776,48.9601047144737,57.94882045
10778,39.0546064846,49.10905624
10779,48.9601047144737,50.1504657
10780,48.9601047144737,56.04185304
10781,60.1904742297183,58.72059763
10782,48.9601047144737,56.97792142
10783,48.9601047144737,60.36838853
10784,48.9601047144737,57.94882045
10786,48.9601047144737,51.81349679
10787,45.0038345818182,41.70994534
10788,48.9601047144737,54.91555705
10789,48.9601047144737,55.01331023
10790,48.9601047144737,48.37717005
10791,60.1904742297183,83.98668865
10792,48.9601047144737,60.36838853
10793,48.9601047144737,54.92415191
10794,48.9601047144737,54.75316625
10795,48.9601047144737,40.80200033
10796,60.1904742297183,62.12097947
10797,48.9601047144737,57.32881312
10798,39.0546064846,49.10905624
10799,45.0038345818182,42.62925236
10800,48.9601047144737,48.37717005
10801,48.9601047144737,43.75933583
10802,48.9601047144737,56.97792142
10803,48.9601047144737,55.01331023
10804,60.1904742297183,83.98668865
10805,48.9601047144737,46.34281875
10806,48.9601047144737,38.384195
10807,60.1904742297183,61.51797294
10808,48.9601047144737,57.32881312
10809,60.1904742297183,58.72059763
10810,48.9601047144737,55.01331023
10811,60.1904742297183,61.69726511
10812,48.9601047144737,53.5136665
10813,48.9601047144737,46.34281875
10814,48.9601047144737,45.60730872
10815,48.9601047144737,41.21895556
10816,48.9601047144737,42.37199835
10818,60.1904742297183,72.59956245
10819,38.9220387936842,34.98422118
10820,48.9601047144737,54.75316625
10821,39.0546064846,32.28733252
10823,107.084792437778,117.7101073
10824,48.9601047144737,46.22716524
10825,60.1904742297183,63.12899951
10826,60.1904742297183,63.12899951
10827,60.1904742297183,82.45842063
10828,60.1904742297183,76.32263335
10829,60.1904742297183,76.32263335
10832,39.0546064846,38.23389085
10834,39.0546064846,38.08205271
10837,39.0546064846,42.73482444
10838,39.0546064846,43.15089694
10839,39.0546064846,41.18495648
10840,39.0546064846,42.99060699
10841,39.0546064846,41.18495648
10842,39.0546064846,50.50417442
10843,60.1904742297183,49.00311855
10844,39.0546064846,33.97063374
10845,39.0546064846,39.59774957
10846,39.0546064846,36.8105042
10847,39.0546064846,36.98135269
10848,39.0546064846,41.99949396
10849,39.0546064846,38.77051967
10850,39.0546064846,55.51792545
10851,39.0546064846,41.34918136
10852,60.1904742297183,63.52178162
10853,39.0546064846,39.59774957
10854,39.0546064846,37.75028937
10855,39.0546064846,36.8105042
10856,60.1904742297183,72.59956245
10857,39.0546064846,33.63544542
10858,39.0546064846,38.01754766
10859,60.1904742297183,59.15295191
10860,39.0546064846,33.63544542
10861,60.1904742297183,56.03572897
10862,39.0546064846,41.99949396
10863,60.1904742297183,59.15295191
10864,39.0546064846,41.61145098
10865,39.0546064846,55.51792545
10866,39.0546064846,39.59774957
10867,39.0546064846,33.97063374
10868,39.0546064846,42.99060699
10869,60.1904742297183,59.02335959
10870,60.1904742297183,72.59956245
10871,60.1904742297183,60.12053456
10872,60.1904742297183,77.24375062
10873,60.1904742297183,56.00604848
10874,60.1904742297183,63.12899951
10875,39.0546064846,36.47192183
10876,60.1904742297183,74.69492593
10877,39.0546064846,33.97063374
10878,60.1904742297183,66.25872598
10880,39.0546064846,41.18495648
10881,39.0546064846,50.51953318
10882,42.1100401125,41.8510148
10883,39.0546064846,41.61145098
10884,60.1904742297183,68.85847394
10885,39.0546064846,33.97063374
10886,60.1904742297183,55.63335693
10887,60.1904742297183,50.52646444
10888,60.1904742297183,72.59956245
10889,39.0546064846,37.31387594
10890,39.0546064846,38.01754766
10891,107.084792437778,95.23094649
10892,48.9601047144737,56.97792142
10893,60.1904742297183,58.72059763
10894,39.0546064846,55.51792545
10895,39.0546064846,41.18495648
10896,39.0546064846,41.18495648
10897,39.0546064846,39.59774957
10899,39.0546064846,32.98159887
10901,107.084792437778,102.7122672
10902,60.1904742297183,82.45842063
10904,107.084792437778,93.87774835
10905,39.0546064846,38.77051967
10906,107.084792437778,117.9616654
10907,107.084792437778,117.9616654
10908,107.084792437778,93.87774835
10909,39.0546064846,39.96894498
10910,39.0546064846,41.99949396
10911,48.9601047144737,40.51265566
10914,39.0546064846,37.36593459
10915,60.0573171895238,49.6570259
10916,39.0546064846,38.08205271
10917,107.084792437778,108.5597717
10918,107.084792437778,108.5597717
10919,48.9601047144737,54.75316625
10920,48.9601047144737,52.91654986
10923,48.9601047144737,40.51265566
10924,107.084792437778,108.5597717
10925,39.0546064846,38.77051967
10926,107.084792437778,101.4855664
10927,107.084792437778,110.8782025
10929,39.0546064846,38.54395438
10930,60.1904742297183,55.63335693
10931,60.0573171895238,56.84994955
10932,39.0546064846,41.34918136
10933,60.1904742297183,74.69492593
10934,60.0573171895238,65.55824215
10936,39.0546064846,38.44383017
10937,60.0573171895238,49.6570259
10938,60.0573171895238,51.11247893
10939,60.0573171895238,49.99352626
10940,60.0573171895238,46.28075515
10941,45.667876549,47.17504511
10942,60.0573171895238,56.84994955
10943,45.667876549,45.80500637
10944,39.0546064846,38.3244555
10945,48.9601047144737,49.21778302
10946,48.9601047144737,56.51615219
10947,38.9220387936842,34.98422118
10948,39.0546064846,36.8105042
10949,39.0546064846,42.99060699
10950,39.0546064846,41.18495648
10951,39.0546064846,37.08856187
10953,39.0546064846,41.99949396
10955,39.0546064846,41.99949396
10956,39.0546064846,38.01754766
10957,39.0546064846,33.97063374
10958,60.1904742297183,74.69492593
10959,39.0546064846,41.99949396
10960,39.0546064846,41.99949396
10961,39.0546064846,33.91282299
10962,60.1904742297183,72.59956245
10964,39.0546064846,41.34918136
10965,39.0546064846,39.96894498
10966,39.0546064846,38.54395438
10967,107.084792437778,117.9616654
10968,39.0546064846,33.91282299
10969,107.084792437778,93.87774835
10970,39.0546064846,33.97063374
10971,60.0573171895238,37.81457525
10972,60.0573171895238,48.34007868
10973,39.0546064846,39.59774957
10974,39.0546064846,41.18495648
10975,39.0546064846,34.01396306
10976,107.084792437778,102.7122672
10977,107.084792437778,108.5597717
10978,60.0573171895238,67.87785273
10979,39.0546064846,42.99060699
10980,45.0038345818182,52.86825432
10981,60.0573171895238,56.84994955
10982,107.084792437778,115.3468566
10983,60.0573171895238,50.12106814
10985,60.1904742297183,72.59956245
10986,107.084792437778,101.4855664
10988,60.0573171895238,56.55987306
10989,39.0546064846,37.08856187
10990,107.084792437778,117.7101073
10991,107.084792437778,101.4855664
10992,39.0546064846,38.44383017
10993,39.0546064846,42.99060699
10994,60.0573171895238,71.41508136
10995,39.0546064846,38.91408916
10996,60.0573171895238,66.28590409
10997,60.0573171895238,69.35702208
10998,107.084792437778,101.4855664
10999,60.0573171895238,48.34007868
11000,107.084792437778,110.8782025
11001,60.1904742297183,60.89199011
11002,107.084792437778,108.5597717
11003,60.0573171895238,71.41508136
11004,60.0573171895238,46.28075515
11005,107.084792437778,117.9616654
11006,39.0546064846,37.36593459
11007,107.084792437778,102.7122672
11008,60.0573171895238,64.7595765
11009,107.084792437778,117.9616654
11010,107.084792437778,95.23094649
11011,60.0573171895238,57.20456212
11012,60.0573171895238,37.81457525
11013,39.0546064846,33.97063374
11014,60.0573171895238,67.87785273
11015,39.0546064846,39.96894498
11016,107.084792437778,108.5597717
11017,39.0546064846,39.59774957
11018,60.0573171895238,66.28590409
11019,39.0546064846,43.15089694
11020,60.0573171895238,64.7595765
11021,60.1904742297183,51.15848162
11022,60.0573171895238,46.28075515
11023,39.0546064846,38.54395438
11024,107.084792437778,115.3468566
11025,107.084792437778,95.23094649
11026,60.1904742297183,62.12097947
11027,107.084792437778,93.87774835
11028,39.0546064846,50.51953318
11029,60.0573171895238,81.98038226
11030,39.0546064846,38.54395438
11031,60.1904742297183,68.85847394
11033,39.0546064846,38.83299512
11034,60.0573171895238,57.20456212
11035,39.0546064846,33.97063374
11037,39.0546064846,31.33979869
11039,39.0546064846,32.28733252
11040,60.1904742297183,63.52178162
11041,60.1904742297183,56.03572897
11042,39.0546064846,41.34918136
11043,45.0038345818182,41.01064122
11044,39.0546064846,55.51792545
11045,60.0573171895238,48.34007868
11046,60.0573171895238,67.87785273
11047,60.0573171895238,67.87785273
11048,60.0573171895238,56.84994955
11050,39.0546064846,39.59774957
11052,60.0573171895238,65.55824215
11053,107.084792437778,101.4855664
11055,39.0546064846,41.18495648
11058,39.0546064846,41.18495648
11059,45.667876549,49.45786036
11060,39.0546064846,38.44383017
11062,45.667876549,38.81967564
11063,39.0546064846,34.01595577
11064,32.930072935,31.10630867
11065,60.1904742297183,67.45109647
11066,45.0038345818182,48.14594915
11067,60.1904742297183,59.28905471
11068,39.0546064846,42.73482444
11069,60.0573171895238,66.28590409
11070,60.1904742297183,58.28947643
11071,45.0038345818182,48.14594915
11072,39.0546064846,41.99949396
11073,39.0546064846,36.98135269
11074,39.0546064846,38.44383017
11075,45.667876549,47.17617468
11076,45.667876549,45.47145239
11077,60.1904742297183,66.25872598
11078,60.0573171895238,49.6570259
11079,45.667876549,41.6696278
11080,45.667876549,49.45786036
11081,39.0546064846,37.36593459
11082,60.1904742297183,76.32263335
11083,60.1904742297183,58.28947643
11084,32.930072935,31.91162487
11085,107.084792437778,117.9616654
11086,60.1904742297183,59.02335959
11087,45.0038345818182,52.86825432
11089,45.0038345818182,41.23739149
11090,45.0038345818182,52.86825432
11092,45.0038345818182,46.84567195
11093,32.930072935,31.91162487
11094,39.0546064846,49.10905624
11095,39.0546064846,41.18495648
11096,60.1904742297183,59.53127495
11098,42.1100401125,36.64447328
11099,48.9601047144737,49.53949672
11100,39.0546064846,41.34918136
11101,60.0573171895238,56.84994955
11102,39.0546064846,32.28733252
11103,45.0038345818182,48.14594915
11104,60.1904742297183,66.25872598
11106,60.0573171895238,64.7595765
11107,60.0573171895238,56.84994955
11108,45.0038345818182,52.71768594
11110,60.1904742297183,60.89199011
11111,48.9601047144737,56.51615219
11112,60.1904742297183,68.85847394
11113,33.1819488305556,38.67074983
11116,60.1904742297183,66.25872598
11117,45.0038345818182,39.37965119
11118,45.0038345818182,39.86602972
11119,60.1904742297183,72.59956245
11120,48.9601047144737,52.40309435
11121,60.1904742297183,56.03572897
11122,32.930072935,31.10630867
11123,60.1904742297183,40.06877491
11124,32.930072935,33.96664954
11125,60.1904742297183,76.32263335
11126,48.9601047144737,60.36838853
11127,33.1819488305556,38.14241855
11129,33.1819488305556,38.67074983
11130,33.1819488305556,38.44638989
11131,33.1819488305556,38.14241855
11132,60.1904742297183,60.02551835
11133,33.1819488305556,33.95506682
11134,33.1819488305556,33.95506682
11135,33.1819488305556,35.51387818
11136,33.1819488305556,40.03213765
11137,60.1904742297183,54.51998988
11138,32.930072935,33.88550411
11139,60.1904742297183,76.32263335
11140,60.1904742297183,58.79828983
11141,33.1819488305556,38.14241855
11142,48.9601047144737,47.30082225
11143,48.9601047144737,40.63690914
11144,33.1819488305556,38.14241855
11145,48.9601047144737,54.91555705
11147,60.0573171895238,48.34007868
11148,60.1904742297183,64.18057419
11149,48.9601047144737,56.04185304
11150,45.0038345818182,52.86825432
11151,39.0546064846,33.97063374
11152,33.1819488305556,38.67074983
11153,39.0546064846,33.97063374
11154,60.1904742297183,63.52178162
11155,33.1819488305556,42.40832028
11156,33.1819488305556,33.95506682
11157,45.667876549,49.45786036
11158,39.0546064846,37.31387594
11159,45.0038345818182,52.31340145
11160,60.1904742297183,63.80109737
11161,60.1904742297183,76.32263335
11162,60.1904742297183,74.69492593
11163,60.1904742297183,59.15295191
11165,60.0573171895238,57.43721562
11166,33.1819488305556,38.44638989
11167,45.0038345818182,52.86825432
11168,33.1819488305556,38.14241855
11169,33.1819488305556,38.67074983
11170,33.1819488305556,38.8124442
11171,33.1819488305556,38.67074983
11172,60.1904742297183,64.18057419
11173,60.1904742297183,60.12053456
11174,32.930072935,28.04659686
11176,39.0546064846,36.8105042
11177,39.0546064846,42.73482444
11178,45.0038345818182,48.14594915
11179,42.1100401125,36.93773676
11180,60.0573171895238,54.26676081
11182,33.1819488305556,32.78835934
11183,45.0038345818182,39.40081213
11184,33.1819488305556,38.67074983
11185,39.0546064846,37.36593459
11186,48.9601047144737,50.1504657
11189,39.0546064846,39.59774957
11190,48.9601047144737,55.01331023
11191,60.0573171895238,51.11247893
11192,60.1904742297183,60.89199011
11193,33.1819488305556,42.40832028
11194,60.0573171895238,67.87785273
11195,39.0546064846,50.50417442
11196,33.1819488305556,38.14241855
11197,39.0546064846,55.51792545
11199,107.084792437778,115.3468566
11200,60.1904742297183,70.17422511
11201,60.0573171895238,65.55824215
11203,60.0573171895238,67.87785273
11204,60.1904742297183,58.69031512
11205,39.0546064846,39.59774957
11206,39.0546064846,34.43373726
11207,60.0573171895238,81.98038226
11209,60.1904742297183,60.81922469
11210,33.1819488305556,32.63581663
11211,45.0038345818182,52.31340145
11212,60.1904742297183,60.81922469
11213,60.0573171895238,51.11247893
11215,60.1904742297183,82.45842063
11216,29.9663929244444,29.24538866
11217,39.0546064846,39.96528415
11218,33.1819488305556,38.8124442
11219,39.0546064846,38.44383017
11220,33.1819488305556,42.40832028
11221,48.9601047144737,52.40309435
11222,45.0038345818182,48.14594915
11223,60.1904742297183,58.8665309
11224,60.1904742297183,60.12053456
11225,32.930072935,36.80500902
11226,45.0038345818182,44.63584613
11227,60.1904742297183,63.52178162
11228,39.0546064846,38.3244555
11229,60.1904742297183,64.18057419
11230,48.9601047144737,53.01690848
11231,48.9601047144737,54.75316625
11232,107.084792437778,101.4855664
11233,60.1904742297183,66.25872598
11234,60.1904742297183,62.12097947
11235,60.1904742297183,59.28905471
11236,48.9601047144737,44.60462482
11237,60.1904742297183,58.69031512
11239,60.1904742297183,77.24375062
11240,45.0038345818182,38.99416077
11241,60.1904742297183,63.80109737
11242,60.1904742297183,72.59956245
11243,60.1904742297183,56.2900986
11244,60.1904742297183,60.12053456
11245,60.1904742297183,82.45842063
11246,60.1904742297183,51.15848162
11247,45.0038345818182,46.84567195
11248,48.9601047144737,46.22716524
11249,60.0573171895238,46.28075515
11251,48.9601047144737,46.22716524
11252,33.1819488305556,40.03213765
11253,60.1904742297183,60.12262747
11254,60.1904742297183,58.69031512
11255,60.1904742297183,82.45842063
11256,45.667876549,43.9357089
11257,60.1904742297183,60.89199011
11258,60.1904742297183,63.12899951
11259,48.9601047144737,50.1504657
11260,60.1904742297183,58.79828983
11261,39.0546064846,38.44383017
11262,45.667876549,47.17504511
11263,39.0546064846,33.97063374
11264,45.0038345818182,52.86825432
11266,60.1904742297183,50.52646444
11267,48.9601047144737,55.01331023
11268,48.9601047144737,53.01690848
11269,48.9601047144737,60.36838853
11270,39.0546064846,33.97063374
11271,39.0546064846,41.18495648
11272,60.0573171895238,89.78763124
11273,39.0546064846,39.93363251
11275,60.1904742297183,61.05327615
11276,60.1904742297183,56.2900986
11277,33.1819488305556,34.62951363
11278,48.9601047144737,46.22716524
11280,33.1819488305556,28.21680512
11281,60.1904742297183,68.08061113
11282,107.084792437778,108.5597717
11283,60.1904742297183,60.12053456
11284,60.1904742297183,56.32523297
11286,60.1904742297183,48.6496551
11287,60.1904742297183,56.03572897
11288,60.1904742297183,68.08061113
11289,60.1904742297183,55.63335693
11291,33.1819488305556,36.25002782
11292,60.1904742297183,59.53127495
11293,42.1100401125,48.3234486
11294,60.1904742297183,66.25872598
11295,39.0546064846,32.98159887
11296,39.0546064846,38.83299512
11297,60.1904742297183,55.28490707
11298,48.9601047144737,40.80200033
11300,60.1904742297183,74.69492593
11301,60.1904742297183,60.89199011
11302,45.667876549,47.80592608
11304,30.2633911684615,37.3827017
11305,48.9601047144737,60.36838853
11306,60.1904742297183,63.12899951
11307,48.9601047144737,40.51265566
11308,45.0038345818182,48.45817757
11309,48.9601047144737,48.37717005
11310,48.9601047144737,56.04185304
11311,48.9601047144737,60.36838853
11312,33.1819488305556,38.8124442
11313,60.1904742297183,63.52178162
11314,33.1819488305556,38.67074983
11315,33.1819488305556,33.61147743
11316,48.9601047144737,60.36838853
11317,39.0546064846,37.31387594
11318,33.1819488305556,38.8124442
11320,48.9601047144737,60.36838853
11321,60.1904742297183,83.98668865
11322,33.1819488305556,38.67074983
11323,48.9601047144737,42.37199835
11324,39.0546064846,39.59774957
11326,48.9601047144737,53.5136665
11327,33.1819488305556,42.40832028
11328,48.9601047144737,54.75316625
11329,48.9601047144737,53.5136665
11330,39.0546064846,38.54395438
11332,39.0546064846,32.28733252
11333,33.1819488305556,38.14241855
11334,48.9601047144737,44.60462482
11335,48.9601047144737,49.21778302
11336,60.1904742297183,56.03572897
11337,42.1100401125,37.25452681
11338,48.9601047144737,56.97792142
11339,48.9601047144737,45.60730872
11340,48.9601047144737,57.03345739
11341,48.9601047144737,55.01331023
11342,48.9601047144737,46.22716524
11343,48.9601047144737,43.72006841
11344,48.9601047144737,52.40309435
11345,42.1100401125,48.32029032
11346,48.9601047144737,38.384195
11347,60.0573171895238,49.6570259
11348,60.1904742297183,48.03843236
11349,48.9601047144737,60.36838853
11350,60.1904742297183,72.59956245
11351,33.1819488305556,36.25002782
11352,60.1904742297183,59.16488435
11353,39.0546064846,33.97063374
11354,60.0573171895238,56.55987306
11355,39.0546064846,41.18495648
11357,39.0546064846,49.10905624
11358,39.0546064846,38.44383017
11359,48.9601047144737,42.69959864
11360,33.1819488305556,38.14241855
11361,33.1819488305556,33.95506682
11363,39.0546064846,33.97063374
11364,39.0546064846,41.34918136
11365,60.1904742297183,68.08061113
11366,39.0546064846,49.10905624
11367,39.0546064846,37.31387594
11369,39.0546064846,39.59774957
11370,39.0546064846,41.18495648
11371,33.1819488305556,38.14241855
11372,60.1904742297183,60.94576366
11373,42.1100401125,44.6755937
11374,39.0546064846,41.34918136
11375,39.0546064846,36.8105042
11376,39.0546064846,37.08856187
11377,33.1819488305556,38.67074983
11378,60.1904742297183,60.12053456
11379,39.0546064846,49.10905624
11380,30.2633911684615,50.90442398
11382,39.0546064846,41.18495648
11383,107.084792437778,102.7122672
11384,39.0546064846,33.97063374
11385,39.0546064846,38.54395438
11386,60.1904742297183,63.80109737
11387,60.1904742297183,59.53127495
11388,39.0546064846,37.75028937
11389,42.1100401125,41.8510148
11390,42.1100401125,40.72782929
11391,39.0546064846,39.59774957
11392,60.0573171895238,56.84994955
11394,60.0573171895238,50.12106814
11395,39.0546064846,38.3244555
11396,42.1100401125,44.6755937
11397,39.0546064846,32.98159887
11398,28.0229867158333,19.65258076
11399,60.0573171895238,65.55824215
11400,60.0573171895238,51.11247893
11401,60.1904742297183,65.64990636
11402,33.1819488305556,38.67074983
11404,33.1819488305556,38.14241855
11405,42.1100401125,41.8510148
11406,33.1819488305556,33.95506682
11407,60.0573171895238,50.12106814
11408,60.1904742297183,61.05327615
11409,60.0573171895238,46.28075515
11410,23.2252263157143,23.10051394
11411,60.0573171895238,57.43721562
11412,39.0546064846,50.51953318
11413,48.9601047144737,53.01690848
11414,30.2633911684615,39.37193079
11415,60.0573171895238,65.55824215
11416,60.0573171895238,50.12106814
11417,60.0573171895238,56.84994955
11418,23.2252263157143,26.10851062
11420,48.9601047144737,42.37199835
11421,60.1904742297183,63.12899951
11422,39.0546064846,42.99060699
11423,39.0546064846,33.63544542
11424,42.1100401125,41.8510148
11425,48.9601047144737,40.63690914
11426,39.0546064846,38.91408916
11427,30.2633911684615,32.5725961
11428,48.9601047144737,56.51615219
11429,39.0546064846,37.08856187
11430,33.1819488305556,38.14241855
11431,48.9601047144737,46.34281875
11432,48.9601047144737,40.80200033
11434,39.0546064846,37.08856187
11435,39.0546064846,38.01754766
11436,39.0546064846,39.96894498
11437,48.9601047144737,46.34281875
11438,48.9601047144737,40.63690914
11440,30.2633911684615,19.26785308
11441,48.9601047144737,53.01690848
11443,30.2633911684615,50.90442398
11444,30.2633911684615,48.51869847
11445,30.2633911684615,32.5725961
11446,30.2633911684615,48.51869847
11447,45.0038345818182,48.14594915
11448,45.667876549,45.82742563
11449,48.9601047144737,44.60462482
11450,33.1819488305556,24.74363712
11451,42.1100401125,45.57381723
11452,30.2633911684615,19.26785308
11453,42.1100401125,41.8510148
11454,42.1100401125,44.6755937
11455,42.1100401125,43.60179413
11456,48.9601047144737,44.60462482
11457,42.1100401125,42.97357447
11459,30.2633911684615,26.5322338
11460,39.0546064846,45.14995106
11461,30.2633911684615,39.37193079
11463,39.0546064846,32.98159887
11464,48.9601047144737,57.94882045
11465,18.52799088,25.22631828
11466,39.0546064846,41.34918136
11467,39.0546064846,39.59774957
11468,30.2633911684615,37.3827017
11469,60.0573171895238,57.43721562
11470,42.1100401125,44.6755937
11471,39.0546064846,33.4173923
11472,45.0038345818182,42.62925236
11473,45.0038345818182,48.14594915
11474,39.0546064846,33.97063374
11475,60.0573171895238,51.11247893
11476,45.667876549,43.9357089
11477,39.0546064846,41.34918136
11478,45.667876549,45.11333684
11479,30.2633911684615,48.51869847
11480,42.1100401125,45.57381723
11481,45.0038345818182,47.10982066
11482,45.0038345818182,41.01064122
11483,30.2633911684615,37.3827017
11485,45.0038345818182,48.45817757
11486,107.084792437778,110.8782025
11487,42.1100401125,40.28801822
11488,39.0546064846,38.77051967
11489,39.0546064846,39.59774957
11490,45.0038345818182,38.1553993
11491,39.0546064846,39.59774957
11492,30.2633911684615,26.5322338
11493,45.0038345818182,48.14594915
11494,30.2633911684615,37.3827017
11495,18.66680698,23.02946967
11496,45.0038345818182,52.86825432
11497,41.55043933,41.55043933
11498,30.2633911684615,37.3827017
11500,28.0229867158333,25.26170184
11501,28.0229867158333,21.3940511
11502,33.1819488305556,33.95506682
11503,18.66680698,23.02946967
11505,39.0546064846,33.97063374
11506,48.9601047144737,53.5136665
11507,107.084792437778,110.8782025
11508,30.2633911684615,37.3827017
11509,28.0229867158333,30.7945286
11510,28.0229867158333,24.6164193
11511,28.0229867158333,30.7945286
11512,28.0229867158333,30.7945286
11513,28.0229867158333,25.26170184
11514,42.1100401125,43.60179413
11515,28.0229867158333,25.26170184
11517,28.0229867158333,30.7945286
11518,18.66680698,23.02946967
11519,28.0229867158333,32.78888001
11520,33.1819488305556,38.14241855
11521,42.1100401125,37.25452681
11522,33.1819488305556,38.8124442
11523,42.1100401125,33.86428147
11524,45.0038345818182,50.59402673
11525,45.0038345818182,51.24155301
11526,28.0229867158333,25.26170184
11527,45.0038345818182,52.86825432
11528,39.0546064846,39.96528415
11529,42.1100401125,41.8510148
11530,45.0038345818182,37.25225256
11531,30.2633911684615,37.3827017
11532,42.1100401125,41.8510148
11533,45.667876549,46.42191097
11534,28.0229867158333,32.78888001
11535,48.9601047144737,54.92415191
11536,42.1100401125,48.3234486
11537,28.0229867158333,32.78888001
11538,28.0229867158333,30.7945286
11539,45.667876549,42.45209823
11540,28.0229867158333,24.6164193
11541,45.0038345818182,41.70994534
11542,28.0229867158333,21.3940511
11543,45.667876549,47.17617468
11545,25.478484475,29.62923167
11546,28.0229867158333,32.78888001
11547,28.0229867158333,33.26614392
11549,39.0546064846,37.08856187
11550,33.1819488305556,42.40832028
11552,39.0546064846,49.10905624
11555,30.2633911684615,20.93980087
11556,28.0229867158333,24.6164193
11557,45.667876549,47.28640795
11559,28.0229867158333,25.26170184
11560,45.667876549,45.11333684
11561,42.1100401125,37.37004051
11562,39.0546064846,33.4173923
11563,42.1100401125,43.55820647
11564,45.667876549,45.11333684
11565,30.2633911684615,32.5725961
11566,30.2633911684615,19.61466105
11567,30.2633911684615,21.32833184
11568,32.930072935,33.41955994
11569,28.0229867158333,32.78888001
11570,60.1904742297183,68.85847394
11571,28.0229867158333,30.7945286
11572,18.66680698,23.02946967
11573,30.2633911684615,19.26785308
11574,48.9601047144737,46.04481045
11575,30.2633911684615,21.32833184
11577,28.0229867158333,24.6164193
11578,28.0229867158333,25.26170184
11579,60.1904742297183,68.85847394
11580,45.667876549,38.81967564
11581,28.0229867158333,30.7945286
11582,48.9601047144737,40.80200033
11584,45.667876549,49.45786036
11585,48.9601047144737,49.21778302
11586,32.930072935,32.47678159
11587,48.9601047144737,42.37199835
11588,33.1819488305556,42.40832028
11589,23.2252263157143,26.65123711
11590,60.0573171895238,81.98038226
11591,28.0229867158333,24.6164193
11592,45.0038345818182,47.10982066
11593,48.9601047144737,45.60730872
11594,42.1100401125,41.8510148
11595,42.1100401125,40.72782929
11596,60.1904742297183,60.81922469
11597,28.0229867158333,24.6164193
11598,33.1819488305556,38.14241855
11600,48.9601047144737,53.01690848
11601,48.9601047144737,56.97792142
11602,23.2252263157143,23.10051394
11603,45.0038345818182,52.31340145
11604,60.1904742297183,61.69726511
11605,60.1904742297183,58.72059763
11606,42.1100401125,41.77266471
11607,42.1100401125,46.24872601
11608,42.1100401125,40.72782929
11609,42.1100401125,43.55820647
11610,15.09959013875,19.14684534
11612,60.1904742297183,72.59956245
11613,39.0546064846,38.01754766
11614,60.1904742297183,66.25872598
11616,42.1100401125,43.55820647
11617,39.0546064846,36.98135269
11618,42.1100401125,36.64447328
11620,42.1100401125,36.93773676
11621,15.09959013875,14.75702234
11622,30.2633911684615,26.5322338
11623,39.0546064846,38.44383017
11626,33.1819488305556,38.14241855
11627,39.0546064846,41.34918136
11628,60.0573171895238,49.6570259
11629,39.0546064846,36.47192183
11630,42.1100401125,37.25452681
11631,18.66680698,20.87085892
11632,42.1100401125,50.37902583
11633,42.1100401125,39.64356813
11634,18.66680698,20.87085892
11635,42.1100401125,46.24872601
11636,42.1100401125,46.24872601
11637,28.0229867158333,25.26170184
11638,48.9601047144737,52.40309435
11640,45.667876549,46.63079039
11641,42.1100401125,50.37902583
11642,48.9601047144737,40.80200033
11643,45.667876549,43.9357089
11644,33.1819488305556,38.67074983
11646,48.9601047144737,53.5136665
11647,28.0229867158333,24.6164193
11648,42.1100401125,44.6755937
11649,60.0573171895238,69.35702208
11650,33.1819488305556,32.78835934
11652,33.1819488305556,33.95506682
11653,28.0229867158333,33.26614392
11654,28.0229867158333,24.6164193
11655,48.9601047144737,52.40309435
11656,60.1904742297183,66.25872598
11657,30.2633911684615,37.3827017
11658,107.084792437778,102.7122672
11659,107.084792437778,117.9616654
11660,48.9601047144737,56.97792142
11661,33.1819488305556,40.03213765
11662,39.0546064846,41.61145098
11663,48.9601047144737,57.94882045
11664,48.9601047144737,53.5136665
11666,60.1904742297183,55.28490707
11668,48.9601047144737,50.1504657
11669,60.0573171895238,81.98038226
11670,39.0546064846,36.8105042
11671,60.1904742297183,50.52646444
11672,39.0546064846,49.10905624
11673,39.0546064846,50.50417442
11676,39.0546064846,36.28483034
11677,32.930072935,33.41955994
11678,60.1904742297183,50.45173192
11679,45.0038345818182,45.12036909
11680,48.9601047144737,48.37717005
11681,48.9601047144737,60.36838853
11682,39.0546064846,36.98135269
11683,39.0546064846,55.51792545
11684,32.930072935,34.04316412
11685,45.0038345818182,38.1553993
11686,24.6607094240625,24.87325907
11687,26.3406693354545,22.30218439
11688,48.9601047144737,54.75316625
11689,32.930072935,33.88550411
11690,32.930072935,31.10630867
11691,60.1904742297183,48.6496551
11692,32.930072935,40.41610504
11693,32.930072935,27.01171222
11694,24.6607094240625,19.15498792
11695,24.6607094240625,18.39803784
11696,32.930072935,36.80500902
11697,42.1100401125,41.8510148
11700,26.3406693354545,22.30218439
11702,32.930072935,34.52320416
11703,32.930072935,36.53028884
11704,48.9601047144737,42.69959864
11705,32.930072935,31.10630867
11706,24.6607094240625,24.51510298
11708,32.930072935,34.04316412
11710,48.9601047144737,60.36838853
11711,32.930072935,34.04316412
11712,25.478484475,29.62923167
11714,60.1904742297183,59.28905471
11715,45.0038345818182,46.84567195
11716,24.6607094240625,26.19950324
11717,45.667876549,45.11333684
11718,32.930072935,33.34488017
11719,32.930072935,36.80500902
11720,45.667876549,43.9357089
11721,24.6607094240625,27.23755099
11722,24.6607094240625,26.64235923
11723,32.930072935,36.53028884
11724,32.930072935,33.96664954
11725,18.66680698,23.02946967
11726,25.478484475,29.62923167
11727,32.930072935,33.19101317
11729,25.478484475,29.62923167
11730,45.667876549,46.63079039
11731,32.930072935,27.01171222
11732,14.51246414125,14.84775788
11733,24.6607094240625,26.19950324
11734,32.930072935,31.10630867
11735,14.51246414125,13.62540249
11736,60.1904742297183,60.12053456
11737,32.930072935,30.68746401
11738,32.930072935,33.41955994
11739,25.478484475,29.62923167
11740,14.51246414125,14.84775788
11741,25.478484475,24.80678083
11743,25.478484475,23.23410613
11744,45.667876549,47.80592608
11745,25.478484475,29.62923167
11747,32.930072935,31.10630867
11748,32.930072935,29.46721738
11749,32.930072935,28.77052671
11750,32.930072935,40.41610504
11751,107.084792437778,101.4855664
11752,32.930072935,29.46721738
11753,48.9601047144737,53.5136665
11755,32.930072935,36.53028884
11756,32.930072935,33.41955994
11757,32.930072935,34.52320416
11758,24.6607094240625,24.51510298
11759,32.930072935,30.68746401
11761,32.930072935,33.88550411
11762,32.930072935,40.41610504
11763,24.6607094240625,27.4134825
11764,32.930072935,31.10630867
11765,25.478484475,24.24381927
11766,25.478484475,29.62923167
11767,18.66680698,23.02946967
11768,32.930072935,32.10565573
11769,60.1904742297183,60.12053456
11770,24.6607094240625,21.0055788
11771,60.1904742297183,48.59574683
11772,25.478484475,29.62923167
11774,24.6607094240625,24.51510298
11775,32.930072935,30.68746401
11776,24.6607094240625,28.05574767
11777,32.930072935,31.10630867
11778,32.930072935,33.0396606
11780,32.930072935,33.88550411
11782,32.930072935,36.80500902
11783,24.6607094240625,21.0055788
11784,32.930072935,34.04316412
11786,32.930072935,32.47678159
11787,32.930072935,31.10630867
11788,32.930072935,28.04659686
11789,18.66680698,23.37751009
11790,32.930072935,31.10630867
11791,60.1904742297183,60.81922469
11792,14.51246414125,14.84775788
11793,24.6607094240625,27.0758036
11794,24.6607094240625,28.05574767
11795,32.930072935,28.04659686
11796,45.667876549,45.82742563
11797,45.667876549,45.11333684
11798,24.6607094240625,28.47754595
11799,45.667876549,47.17504511
11800,25.478484475,24.80678083
11801,45.667876549,41.6696278
11802,24.6607094240625,23.02367135
11803,45.667876549,42.46780974
11804,24.6607094240625,24.80335958
11805,45.667876549,41.6696278
11806,45.667876549,38.81967564
11807,45.667876549,47.92392012
11808,18.66680698,20.87085892
11809,45.667876549,45.82742563
11810,24.6607094240625,24.87325907
11811,32.930072935,31.10630867
11812,45.667876549,38.81967564
11815,18.66680698,20.87085892
11816,45.667876549,46.60314039
11817,45.667876549,49.45786036
11818,18.66680698,23.02946967
11819,60.1904742297183,60.02551835
11820,45.667876549,43.9357089
11821,18.66680698,23.02946967
11822,45.667876549,41.6696278
11823,25.478484475,29.62923167
11824,45.667876549,47.17504511
11825,45.667876549,45.11333684
11826,24.6607094240625,27.23755099
11827,24.6607094240625,19.15498792
11828,25.478484475,29.62923167
11830,25.478484475,24.80678083
11831,45.667876549,47.14563255
11832,45.667876549,46.42191097
11833,45.667876549,47.92392012
11834,45.667876549,46.42191097
11835,45.667876549,47.17504511
11837,45.667876549,45.82742563
11838,25.478484475,24.80678083
11839,24.6607094240625,28.05574767
11841,24.6607094240625,27.4134825
11842,45.667876549,47.17617468
11843,60.0573171895238,48.34007868
11844,45.667876549,47.80592608
11846,45.667876549,47.92392012
11847,45.667876549,43.9357089
11849,45.667876549,45.80500637
11850,45.667876549,45.82742563
11851,25.478484475,29.62923167
11852,45.667876549,46.42191097
11853,45.667876549,42.46780974
11854,45.667876549,43.9357089
11856,24.6607094240625,25.50433791
11857,45.667876549,47.14563255
11858,45.0038345818182,48.14594915
11859,45.667876549,47.17504511
11860,45.667876549,45.47145239
11861,24.6607094240625,28.0621053
11862,23.2252263157143,23.10051394
11864,24.6607094240625,21.23814522
11866,23.2252263157143,23.10051394
11867,45.667876549,43.9357089
11868,45.667876549,47.17504511
11869,24.6607094240625,25.54018756
11870,45.667876549,41.6696278
11871,45.667876549,41.6696278
11872,45.667876549,47.17504511
11874,24.6607094240625,24.51510298
11875,24.6607094240625,26.79141578
11876,23.2252263157143,23.10051394
11877,33.1819488305556,38.14241855
11878,32.930072935,33.41955994
11880,32.930072935,40.41610504
11881,45.0038345818182,52.81633785
11882,45.667876549,43.9357089
11883,45.667876549,45.82742563
11884,32.930072935,28.77052671
11885,45.667876549,46.42191097
11886,45.667876549,38.81967564
11887,45.667876549,45.80500637
11888,45.667876549,46.60314039
11889,45.0038345818182,48.14594915
11892,24.6607094240625,24.64648603
11893,45.667876549,47.17617468
11894,24.6607094240625,24.87325907
11895,45.667876549,47.17504511
11897,45.667876549,49.45786036
11898,32.930072935,33.34488017
11899,28.0229867158333,30.7945286
11900,45.667876549,43.9357089
11901,18.320305805,18.92856774
11902,32.930072935,27.01171222
11903,32.930072935,33.41955994
11904,45.667876549,47.28640795
11905,45.667876549,47.80592608
11906,45.667876549,43.9357089
11907,45.667876549,45.11333684
11908,18.320305805,18.92856774
11909,45.0038345818182,44.54173854
11910,18.320305805,18.92856774
11911,60.1904742297183,64.6649738
11912,45.0038345818182,38.1553993
11913,45.0038345818182,52.83973024
11914,45.0038345818182,52.71768594
11915,45.0038345818182,48.14594915
11916,60.1904742297183,56.03572897
11917,45.0038345818182,48.45817757
11918,45.0038345818182,46.41841013
11919,45.0038345818182,48.14594915
11920,45.0038345818182,52.81633785
11921,45.0038345818182,46.41841013
11922,45.0038345818182,46.84567195
11924,60.1904742297183,59.02335959
11925,45.0038345818182,48.14594915
11926,45.0038345818182,48.45817757
11927,24.6607094240625,27.23755099
11928,45.0038345818182,41.70994534
11929,60.1904742297183,59.02335959
11930,24.6607094240625,25.54018756
11931,45.0038345818182,44.13189315
11932,45.0038345818182,46.41841013
11933,45.0038345818182,38.1553993
11934,45.0038345818182,39.40081213
11935,45.0038345818182,46.41841013
11936,60.1904742297183,59.02335959
11937,45.0038345818182,52.81633785
11938,45.0038345818182,48.14594915
11939,45.0038345818182,38.1553993
11940,45.0038345818182,45.12036909
11941,24.6607094240625,27.23755099
11942,45.0038345818182,41.01064122
11943,60.1904742297183,56.00604848
11944,45.0038345818182,42.62925236
11946,45.0038345818182,39.37965119
11947,45.0038345818182,45.49283981
11948,45.0038345818182,46.84567195
11950,45.0038345818182,52.31340145
11951,45.0038345818182,42.62925236
11952,45.0038345818182,42.62925236
11953,45.0038345818182,42.77676183
11954,45.0038345818182,41.70994534
11955,45.0038345818182,51.24155301
11956,60.1904742297183,61.51797294
11957,48.9601047144737,41.21895556
11958,32.930072935,31.10630867
11959,60.1904742297183,74.69492593
11960,60.0573171895238,89.78763124
11961,45.0038345818182,38.1553993
11963,60.1904742297183,61.05327615
11964,60.1904742297183,65.64990636
11965,60.1904742297183,58.72059763
11966,60.1904742297183,55.06988555
11967,60.1904742297183,53.03910998
11968,60.1904742297183,48.6496551
11969,60.1904742297183,65.08512563
11970,60.1904742297183,58.56210822
11971,60.1904742297183,64.18057419
11972,48.9601047144737,56.97792142
11973,60.1904742297183,62.0443675
11974,32.7518418762857,35.95065458
11975,60.1904742297183,59.45508929
11977,32.7518418762857,37.1184579
11978,45.0038345818182,38.1553993
11979,60.1904742297183,58.69031512
11980,32.7518418762857,30.75128854
11981,60.1904742297183,82.45842063
11982,60.1904742297183,67.45109647
11983,32.7518418762857,34.68199235
11984,32.7518418762857,28.22950713
11985,60.1904742297183,63.12899951
11986,60.1904742297183,63.80109737
11987,32.7518418762857,31.29010654
11988,45.0038345818182,44.54173854
11989,45.0038345818182,39.40081213
11990,60.1904742297183,58.8665309
11991,30.2633911684615,32.5725961
11992,60.1904742297183,59.16488435
11994,24.6607094240625,26.79141578
11995,60.1904742297183,72.59956245
11996,32.7518418762857,33.72746907
11997,60.1904742297183,59.28905471
11998,60.1904742297183,60.12053456
12002,32.7518418762857,28.22950713
12003,60.1904742297183,60.81890832
12004,60.1904742297183,60.89199011
12005,60.1904742297183,60.81922469
12007,32.7518418762857,33.56482643
12008,60.1904742297183,76.32263335
12009,45.667876549,45.82742563
12010,60.1904742297183,59.16488435
12011,60.1904742297183,59.16488435
12012,32.7518418762857,31.19669606
12013,60.1904742297183,59.16488435
12014,32.7518418762857,34.68199235
12015,32.7518418762857,31.62423969
12016,60.1904742297183,58.69031512
12017,45.0038345818182,44.54173854
12018,60.1904742297183,62.0443675
12020,60.1904742297183,59.16488435
12022,32.7518418762857,31.19669606
12023,48.9601047144737,46.04481045
12024,60.1904742297183,65.08512563
12025,24.6607094240625,24.64648603
12026,45.0038345818182,48.14594915
12027,45.667876549,47.80592608
12028,60.1904742297183,62.12097947
12029,60.1904742297183,63.80109737
12030,60.1904742297183,60.02551835
12032,60.1904742297183,59.16488435
12033,60.1904742297183,60.02551835
12034,45.0038345818182,37.25225256
12035,60.1904742297183,63.12899951
12036,45.0038345818182,43.25786699
12037,32.7518418762857,32.99189562
12038,32.7518418762857,37.1184579
12039,60.1904742297183,72.59956245
12041,32.930072935,33.41955994
12042,60.1904742297183,58.72059763
12044,60.1904742297183,49.00311855
12045,32.7518418762857,30.75128854
12046,60.0573171895238,65.55824215
12047,60.1904742297183,53.08734646
12048,45.0038345818182,42.62925236
12049,60.1904742297183,49.72593946
12050,60.1904742297183,59.15295191
12051,32.7518418762857,34.89205472
12052,48.9601047144737,57.94882045
12053,60.1904742297183,58.56210822
12054,60.1904742297183,56.14882455
12055,60.1904742297183,58.28947643
12056,60.1904742297183,54.51998988
12057,60.1904742297183,56.2900986
12058,32.7518418762857,32.68462843
12060,60.1904742297183,68.85847394
12062,32.7518418762857,35.91675323
12063,60.1904742297183,59.02335959
12064,60.1904742297183,64.6649738
12065,32.7518418762857,33.56482643
12066,60.1904742297183,60.89199011
12067,60.1904742297183,60.12053456
12068,60.1904742297183,70.17422511
12069,32.7518418762857,34.27988023
12070,24.6607094240625,23.02367135
12071,32.7518418762857,31.78145855
12073,32.7518418762857,33.72746907
12074,60.1904742297183,59.15295191
12075,60.1904742297183,68.85847394
12076,24.6607094240625,28.84053874
12077,19.9832479025,21.17980225
12078,45.0038345818182,39.37965119
12079,45.0038345818182,52.86825432
12080,60.1904742297183,66.25872598
12081,45.0038345818182,46.84567195
12082,60.1904742297183,48.6496551
12083,60.1904742297183,59.53127495
12084,32.7518418762857,32.92046148
12086,60.1904742297183,50.52646444
12087,60.1904742297183,58.28947643
12088,60.1904742297183,49.00311855
12089,60.1904742297183,59.02335959
12090,60.1904742297183,43.7561074
12092,60.1904742297183,59.16488435
12093,60.1904742297183,58.69031512
12094,24.6607094240625,28.0621053
12095,60.1904742297183,56.03572897
12096,45.0038345818182,46.41841013
12097,60.1904742297183,63.52178162
12098,45.0038345818182,39.40081213
12099,32.7518418762857,34.27988023
12100,60.1904742297183,60.81922469
12101,60.1904742297183,58.56210822
12102,60.1904742297183,59.52877043
12103,60.1904742297183,54.70555421
12104,60.1904742297183,58.72059763
12105,60.1904742297183,53.03910998
12106,60.1904742297183,49.00311855
12107,32.7518418762857,33.56482643
12108,60.1904742297183,58.56210822
12109,60.1904742297183,65.64990636
12110,32.7518418762857,32.92046148
12111,60.1904742297183,60.94576366
12113,42.1100401125,43.83526691
12114,107.084792437778,93.87774835
12115,107.084792437778,108.5597717
12116,60.0573171895238,57.43721562
12117,45.0038345818182,46.84567195
12118,42.1100401125,45.57381723
12119,45.0038345818182,52.81633785
12120,42.1100401125,43.55820647
12121,60.1904742297183,72.59956245
12122,32.7518418762857,34.68199235
12123,45.0038345818182,48.45817757
12124,60.1904742297183,61.69726511
12125,60.1904742297183,61.69726511
12127,60.1904742297183,68.85847394
12128,42.1100401125,41.8510148
12129,60.1904742297183,63.80109737
12130,60.1904742297183,64.6649738
12132,45.667876549,47.17617468
12133,60.1904742297183,60.81890832
12134,42.1100401125,41.8510148
12135,60.0573171895238,57.43721562
12136,32.930072935,40.41610504
12137,60.1904742297183,62.0443675
12138,60.1904742297183,82.45842063
12139,32.7518418762857,30.75128854
12140,32.7518418762857,32.92046148
12141,60.1904742297183,67.45109647
12142,60.1904742297183,49.00311855
12143,60.1904742297183,61.69726511
12144,60.1904742297183,64.6649738
12145,42.1100401125,40.72782929
12146,42.1100401125,41.77266471
12147,60.1904742297183,60.12053456
12148,60.1904742297183,59.02335959
12149,32.7518418762857,35.91675323
12150,60.1904742297183,58.8665309
12151,32.7518418762857,32.68462843
12153,42.1100401125,44.6755937
12154,42.1100401125,33.86428147
12155,48.9601047144737,52.40309435
12156,60.1904742297183,49.72593946
12157,60.1904742297183,60.81890832
12158,42.1100401125,44.6755937
12159,32.7518418762857,34.68199235
12160,60.1904742297183,59.16488435
12161,60.1904742297183,54.70555421
12162,32.930072935,27.01171222
12164,45.0038345818182,56.07669645
12165,32.7518418762857,33.72746907
12166,60.1904742297183,68.85847394
12167,42.1100401125,40.72782929
12168,32.7518418762857,31.78145855
12169,45.667876549,47.17617468
12172,32.7518418762857,32.68462843
12175,48.9601047144737,56.04185304
12176,32.7518418762857,34.27988023
12177,60.1904742297183,40.06877491
12178,60.1904742297183,58.97773437
12179,48.9601047144737,53.01690848
12180,24.6607094240625,26.64235923
12181,45.0038345818182,43.25786699
12182,45.0038345818182,45.49283981
12183,32.7518418762857,32.60101348
12184,48.9601047144737,53.01690848
12185,32.7518418762857,37.1184579
12186,48.9601047144737,40.51265566
12187,45.667876549,47.17504511
12188,30.2633911684615,48.51869847
12189,60.1904742297183,82.45842063
12190,60.1904742297183,56.14882455
12191,60.1904742297183,68.85847394
12192,42.1100401125,47.75994378
12193,32.930072935,29.46721738
12194,60.1904742297183,56.14882455
12195,60.1904742297183,61.05327615
12196,32.7518418762857,33.31191127
12197,32.7518418762857,33.56482643
12198,32.7518418762857,33.72746907
12199,32.7518418762857,31.19669606
12200,60.1904742297183,61.69726511
12201,32.7518418762857,34.19872088
12202,48.9601047144737,38.384195
12203,60.1904742297183,50.52646444
12205,60.1904742297183,55.06988555
12207,32.7518418762857,32.99189562
12209,32.7518418762857,34.57551266
12210,32.7518418762857,32.13199408
12211,48.9601047144737,57.94882045
12212,24.6607094240625,26.75390504
12213,60.1904742297183,63.12899951
12214,32.7518418762857,33.56482643
12215,60.1904742297183,56.2900986
12216,60.1904742297183,68.85847394
12217,33.1819488305556,38.44638989
12218,23.2252263157143,23.10051394
12219,32.7518418762857,34.27988023
12220,42.1100401125,48.32029032
12221,45.667876549,46.42191097
12222,60.1904742297183,66.25872598
12223,60.1904742297183,56.03572897
12224,23.2252263157143,23.10051394
12227,60.1904742297183,61.05327615
12228,60.1904742297183,58.72059763
12229,42.1100401125,45.57381723
12230,45.0038345818182,46.84567195
12231,48.9601047144737,48.37717005
12232,32.7518418762857,34.19872088
12233,24.6607094240625,23.58893815
12234,60.1904742297183,40.06877491
12235,25.478484475,24.24381927
12236,60.1904742297183,60.89199011
12237,42.1100401125,41.8510148
12238,60.1904742297183,56.2900986
12240,48.9601047144737,60.36838853
12242,42.1100401125,41.77266471
12244,32.7518418762857,33.56482643
12245,32.7518418762857,34.68199235
12247,60.1904742297183,63.80109737
12248,42.1100401125,41.50606841
12249,48.9601047144737,42.69959864
12250,45.667876549,47.17504511
12251,48.9601047144737,54.75316625
12252,42.1100401125,45.57381723
12253,32.7518418762857,32.13199408
12255,60.1904742297183,56.2900986
12257,42.1100401125,44.6755937
12258,42.1100401125,41.50606841
12259,60.1904742297183,62.12097947
12260,45.0038345818182,52.81633785
12261,32.7518418762857,33.72746907
12262,32.7518418762857,35.91675323
12264,60.1904742297183,60.02551835
12265,32.7518418762857,31.62423969
12266,39.0546064846,34.43373726
12267,32.7518418762857,34.57551266
12269,45.0038345818182,39.40081213
12270,42.1100401125,43.55820647
12271,32.930072935,33.0396606
12272,42.1100401125,46.24872601
12274,32.7518418762857,35.91675323
12275,42.1100401125,41.8510148
12276,33.1819488305556,38.8124442
12278,24.6607094240625,27.06329048
12280,60.1904742297183,62.0443675
12281,48.9601047144737,42.37199835
12282,32.7518418762857,31.19669606
12283,23.2252263157143,26.10851062
12284,23.2252263157143,23.10051394
12285,45.0038345818182,44.54173854
12286,32.7518418762857,35.91675323
12287,32.930072935,34.8193469
12288,42.1100401125,50.37902583
12289,42.1100401125,45.57381723
12290,42.1100401125,40.72782929
12291,32.7518418762857,32.60101348
12292,48.9601047144737,57.03345739
12293,42.1100401125,50.37902583
12294,32.7518418762857,32.68462843
12296,42.1100401125,47.75994378
12297,24.6607094240625,21.0055788
12298,48.9601047144737,40.80200033
12299,48.9601047144737,44.60462482
12300,42.1100401125,45.57381723
12301,32.7518418762857,37.1184579
12302,32.7518418762857,34.27988023
12303,18.320305805,18.92856774
12305,60.1904742297183,63.12899951
12306,48.9601047144737,60.36838853
12307,48.9601047144737,56.97792142
12308,45.0038345818182,50.59402673
12309,42.1100401125,37.25452681
12310,42.1100401125,44.6755937
12311,60.1904742297183,70.17422511
12312,60.1904742297183,82.45842063
12313,18.320305805,18.92856774
12314,45.0038345818182,42.62925236
12315,60.1904742297183,58.79828983
12316,23.2252263157143,23.10051394
12317,32.7518418762857,25.50728917
12318,32.7518418762857,33.56482643
12320,32.7518418762857,31.19669606
12321,60.1904742297183,61.05327615
12322,45.0038345818182,46.84567195
12323,48.9601047144737,56.51615219
12324,23.2252263157143,23.10051394
12325,60.1904742297183,54.51998988
12326,45.0038345818182,41.70994534
12327,45.0038345818182,52.31340145
12328,48.9601047144737,44.60462482
12329,39.0546064846,50.51953318
12330,48.9601047144737,56.97792142
12331,48.9601047144737,56.04185304
12332,32.7518418762857,31.19669606
12333,48.9601047144737,56.51615219
12334,32.7518418762857,32.92046148
12335,32.7518418762857,35.91675323
12336,48.9601047144737,51.81349679
12337,23.2252263157143,26.10851062
12338,42.1100401125,40.28801822
12339,48.9601047144737,40.51265566
12340,24.6607094240625,28.0621053
12341,32.7518418762857,32.60101348
12342,60.1904742297183,59.52877043
12343,48.9601047144737,48.37717005
12344,45.667876549,45.47145239
12345,42.1100401125,44.6755937
12346,42.1100401125,50.37902583
12347,60.1904742297183,74.69492593
12348,32.7518418762857,32.13199408
12349,15.09959013875,14.54844814
12350,32.7518418762857,32.92046148
12351,32.7518418762857,34.19872088
12352,48.9601047144737,50.1504657
12353,45.667876549,46.63079039
12354,42.1100401125,41.77266471
12356,60.1904742297183,58.72059763
12357,60.1904742297183,58.56210822
12358,32.7518418762857,31.62423969
12359,32.7518418762857,32.78156964
12360,32.7518418762857,25.50728917
12361,45.0038345818182,46.84567195
12362,42.1100401125,43.83526691
12363,48.9601047144737,38.384195
12364,60.1904742297183,59.16488435
12365,32.7518418762857,33.56482643
12366,32.7518418762857,31.19669606
12367,32.7518418762857,30.75128854
12368,15.09959013875,14.75702234
12369,45.0038345818182,38.1553993
12370,15.09959013875,14.75702234
12371,60.1904742297183,60.12262747
12373,60.1904742297183,68.85847394
12375,45.0038345818182,46.84567195
12376,32.7518418762857,35.95065458
12377,45.0038345818182,46.41841013
12378,32.7518418762857,31.19669606
12379,32.7518418762857,34.68199235
12380,32.7518418762857,31.62423969
12381,60.1904742297183,55.63335693
12382,60.1904742297183,59.16488435
12384,60.1904742297183,76.32263335
12386,60.1904742297183,59.52877043
12387,60.1904742297183,64.18057419
12388,32.7518418762857,32.13199408
12389,60.1904742297183,56.00604848
12390,60.1904742297183,63.80109737
12391,32.7518418762857,35.95065458
12393,42.1100401125,40.72782929
12394,18.52799088,25.22631828
12395,18.52799088,25.22631828
12396,42.1100401125,41.8510148
12397,48.9601047144737,44.60462482
12398,48.9601047144737,56.97792142
12399,42.1100401125,45.57381723
12400,60.1904742297183,61.69726511
12401,60.1904742297183,63.52178162
12402,32.7518418762857,32.78156964
12403,32.7518418762857,35.91675323
12404,42.1100401125,41.77266471
12405,48.9601047144737,55.01331023
12407,60.1904742297183,60.81922469
12409,42.1100401125,44.6755937
12410,48.9601047144737,40.51265566
12412,18.52799088,25.22631828
12413,18.320305805,18.92856774
12414,60.1904742297183,60.12053456
12415,107.084792437778,108.5597717
12416,42.1100401125,43.55820647
12417,42.1100401125,40.72782929
12418,32.930072935,33.41955994
12419,45.667876549,43.9357089
12420,24.480708652,28.93902397
12421,48.9601047144737,41.21895556
12422,45.0038345818182,42.62925236
12423,60.1904742297183,60.89199011
12424,48.9601047144737,48.37717005
12427,45.0038345818182,52.86825432
12429,32.7518418762857,33.72746907
12430,45.667876549,46.60314039
12433,48.9601047144737,48.37717005
12435,45.667876549,49.45786036
12436,48.9601047144737,42.69959864
12437,32.930072935,31.05055728
12438,24.6607094240625,26.79141578
12439,25.478484475,24.80678083
12440,48.9601047144737,55.01331023
12441,24.6607094240625,24.37518579
12442,24.6607094240625,27.06329048
12443,18.375716215,16.3254233
12444,48.9601047144737,46.22716524
12445,32.7518418762857,31.19669606
12446,24.6607094240625,21.23814522
12447,42.1100401125,43.83526691
12448,107.084792437778,93.87774835
12449,48.9601047144737,56.97792142
12450,48.9601047144737,49.53949672
12452,32.7518418762857,35.91675323
12453,24.6607094240625,27.06329048
12454,32.7518418762857,34.57551266
12455,32.7518418762857,31.19669606
12456,32.7518418762857,30.75128854
12457,32.7518418762857,28.22950713
12458,32.7518418762857,35.91675323
12459,32.7518418762857,37.1184579
12460,32.7518418762857,32.44805798
12461,24.6607094240625,25.12439764
12462,32.7518418762857,28.22950713
12463,32.7518418762857,22.73489496
12464,25.478484475,29.62923167
12465,24.6607094240625,25.54018756
12466,24.6607094240625,24.51510298
12467,24.6607094240625,18.39803784
12469,32.7518418762857,28.22950713
12470,24.6607094240625,21.0055788
12471,24.6607094240625,25.54018756
12472,32.7518418762857,32.60101348
12473,32.7518418762857,32.68462843
12474,32.7518418762857,32.02658335
12476,24.6607094240625,26.79141578
12477,32.7518418762857,32.60101348
12479,24.6607094240625,19.57103493
12480,24.6607094240625,24.87325907
12481,25.478484475,29.62923167
12482,32.7518418762857,31.62423969
12483,32.7518418762857,32.13199408
12484,24.6607094240625,21.23814522
12485,32.7518418762857,31.19669606
12486,32.7518418762857,33.72746907
12487,32.7518418762857,33.72746907
12488,32.7518418762857,33.56482643
12489,32.7518418762857,33.72746907
12491,24.6607094240625,27.06329048
12493,24.6607094240625,27.06329048
12494,24.6607094240625,28.84053874
12495,32.7518418762857,35.95065458
12496,24.6607094240625,26.64235923
12497,32.7518418762857,33.56482643
12500,32.7518418762857,37.1184579
12501,32.7518418762857,35.91675323
12503,24.6607094240625,24.80335958
12504,24.6607094240625,23.58893815
12505,32.7518418762857,34.61692648
12506,32.7518418762857,28.22950713
12507,24.6607094240625,18.39803784
12508,18.66680698,21.60124065
12509,24.6607094240625,27.06329048
12510,24.6607094240625,28.84053874
12511,24.6607094240625,24.80335958
12512,32.7518418762857,28.22950713
12513,24.6607094240625,26.44693062
12514,24.6607094240625,19.15498792
12515,24.6607094240625,26.64235923
12516,24.6607094240625,28.84053874
12518,24.6607094240625,28.0621053
12519,32.7518418762857,37.1184579
12521,32.7518418762857,35.91675323
12522,60.1904742297183,56.00604848
12523,24.6607094240625,27.23755099
12528,24.6607094240625,26.19950324
12529,32.7518418762857,30.75128854
12530,25.478484475,24.80678083
12531,24.6607094240625,26.19950324
12532,24.6607094240625,19.57103493
12533,32.7518418762857,34.27988023
12534,42.1100401125,40.28801822
12536,24.6607094240625,28.05574767
12537,23.2252263157143,23.10051394
12538,24.6607094240625,18.39803784
12539,32.7518418762857,35.91675323
12540,32.7518418762857,30.75128854
12541,24.6607094240625,24.37518579
12542,24.6607094240625,27.0758036
12544,24.6607094240625,26.64235923
12546,24.6607094240625,28.47754595
12547,32.7518418762857,32.68462843
12548,24.6607094240625,26.64235923
12549,24.6607094240625,27.0758036
12550,24.6607094240625,27.23755099
12551,32.7518418762857,31.78145855
12552,32.7518418762857,37.1184579
12553,24.6607094240625,24.22212669
12554,32.7518418762857,28.22950713
12555,24.6607094240625,24.87325907
12556,24.6607094240625,26.44693062
12558,24.6607094240625,24.64648603
12559,32.7518418762857,34.19872088
12560,24.6607094240625,22.67801057
12561,32.7518418762857,31.19669606
12563,32.7518418762857,33.56482643
12564,32.7518418762857,31.73640343
12565,32.7518418762857,34.1009554
12566,24.6607094240625,16.64933723
12567,32.7518418762857,34.19872088
12568,32.7518418762857,35.91675323
12569,32.7518418762857,33.72746907
12571,24.6607094240625,23.02367135
12572,32.7518418762857,35.95065458
12573,32.7518418762857,34.27988023
12574,32.7518418762857,33.72746907
12575,32.7518418762857,32.13199408
12576,24.6607094240625,21.0055788
12577,14.51246414125,14.84775788
12578,32.7518418762857,31.62423969
12579,32.7518418762857,37.1184579
12580,32.7518418762857,32.02658335
12581,32.7518418762857,32.13199408
12582,24.6607094240625,26.19950324
12583,24.6607094240625,24.22212669
12584,25.478484475,24.24381927
12585,24.6607094240625,27.23755099
12586,32.7518418762857,32.02658335
12587,32.7518418762857,33.56482643
12588,24.6607094240625,21.23814522
12589,32.7518418762857,33.72746907
12590,32.7518418762857,33.56482643
12592,32.7518418762857,31.17975393
12593,32.7518418762857,33.56482643
12594,24.6607094240625,28.05574767
12595,32.7518418762857,35.91675323
12596,32.7518418762857,33.56482643
12597,24.6607094240625,24.51510298
12598,32.7518418762857,31.19669606
12599,32.7518418762857,33.31191127
12600,32.7518418762857,33.72746907
12601,24.6607094240625,23.58893815
12602,24.6607094240625,19.15498792
12603,32.7518418762857,31.19669606
12604,32.7518418762857,37.1184579
12605,32.7518418762857,35.91675323
12606,48.9601047144737,50.1504657
12607,32.7518418762857,34.27988023
12608,32.7518418762857,34.68199235
12609,32.7518418762857,32.92046148
12610,24.6607094240625,26.75390504
12612,24.6607094240625,25.50433791
12613,24.6607094240625,26.79141578
12614,32.7518418762857,32.68462843
12615,32.7518418762857,31.19669606
12616,24.6607094240625,26.79141578
12617,60.1904742297183,61.51797294
12618,24.6607094240625,21.0055788
12619,32.7518418762857,31.19669606
12620,32.7518418762857,34.57551266
12621,24.6607094240625,24.22212669
12622,32.7518418762857,34.68199235
12623,24.6607094240625,26.64235923
12624,32.7518418762857,33.72746907
12626,24.6607094240625,28.0621053
12627,32.7518418762857,31.62423969
12630,48.9601047144737,56.51615219
12631,24.6607094240625,26.64235923
12632,24.6607094240625,24.37518579
12633,42.1100401125,45.57381723
12634,32.7518418762857,31.78145855
12635,42.1100401125,43.83526691
12636,42.1100401125,39.64356813
12637,14.51246414125,14.84775788
12638,32.7518418762857,33.56482643
12639,32.7518418762857,31.78145855
12640,32.7518418762857,37.1184579
12641,45.667876549,49.45786036
12642,32.7518418762857,33.72746907
12643,42.1100401125,47.75994378
12644,45.0038345818182,41.70994534
12645,24.6607094240625,26.79141578
12646,24.6607094240625,27.23755099
12647,24.6607094240625,25.50433791
12648,42.1100401125,41.8510148
12649,42.1100401125,44.6755937
12651,60.1904742297183,54.51998988
12652,60.1904742297183,64.18057419
12653,45.0038345818182,42.77676183
12654,24.6607094240625,26.19950324
12655,32.930072935,31.10630867
12656,60.1904742297183,59.52877043
12657,32.7518418762857,31.29010654
12658,32.7518418762857,32.13199408
12659,60.1904742297183,76.32263335
12660,60.1904742297183,58.72059763
12661,32.7518418762857,33.56482643
12662,60.1904742297183,60.12262747
12663,24.6607094240625,26.19950324
12664,60.1904742297183,56.00604848
12665,60.1904742297183,54.51998988
12667,60.1904742297183,68.85847394
12670,60.1904742297183,62.11168197
12671,60.1904742297183,56.03572897
12672,32.7518418762857,34.57551266
12673,60.0573171895238,81.98038226
12674,60.1904742297183,66.25872598
12675,60.1904742297183,60.12053456
12676,24.6607094240625,21.0055788
12678,48.9601047144737,42.69959864
12679,24.6607094240625,21.0055788
12681,45.0038345818182,41.23739149
12682,48.9601047144737,42.69959864
12683,32.7518418762857,31.29010654
12684,60.1904742297183,68.08061113
12686,32.5374279993333,32.87881084
12688,48.9601047144737,56.51615219
12690,48.9601047144737,55.01331023
12691,24.6607094240625,23.58893815
12692,24.6607094240625,28.0621053
12693,48.9601047144737,43.72006841
12694,45.667876549,41.6696278
12695,42.1100401125,45.57381723
12697,48.9601047144737,56.51615219
12698,32.7518418762857,35.91675323
12699,48.9601047144737,56.97792142
12700,18.66680698,23.02946967
12701,32.7518418762857,37.1184579
12702,45.0038345818182,41.70994534
12703,24.6607094240625,24.37518579
12704,32.7518418762857,31.78145855
12705,42.1100401125,41.8510148
12706,48.9601047144737,42.37199835
12707,60.1904742297183,50.52646444
12708,48.9601047144737,45.60730872
12709,60.1904742297183,54.51998988
12710,41.55043933,41.55043933
12711,42.1100401125,50.37902583
12712,45.0038345818182,46.41841013
12713,32.7518418762857,37.1184579
12714,32.7518418762857,33.56482643
12715,32.7518418762857,34.19872088
12716,42.1100401125,33.86428147
12717,60.1904742297183,55.06988555
12718,39.0546064846,51.31677596
12719,39.0546064846,38.54395438
12720,42.1100401125,37.37004051
12721,39.0546064846,36.28483034
12723,39.0546064846,37.31387594
12724,42.1100401125,45.57381723
12725,42.1100401125,41.8510148
12726,24.6607094240625,28.05574767
12727,24.6607094240625,26.64235923
12728,39.0546064846,36.8105042
12729,24.6607094240625,25.12439764
12731,24.6607094240625,25.50433791
12735,60.1904742297183,60.12262747
12736,45.0038345818182,45.12036909
12737,32.930072935,33.19101317
12738,60.1904742297183,55.63335693
12739,60.1904742297183,60.12053456
12740,48.9601047144737,38.384195
12741,24.6607094240625,24.80335958
12742,24.6607094240625,27.06329048
12743,18.52799088,25.22631828
12744,32.7518418762857,33.56482643
12745,60.1904742297183,60.81890832
12746,39.0546064846,36.28483034
12747,45.0038345818182,48.14594915
12748,32.930072935,33.41955994
12749,48.9601047144737,44.60462482
12750,45.667876549,49.45786036
12751,42.1100401125,50.37902583
12752,48.9601047144737,36.54983067
12754,24.6607094240625,16.64933723
12755,42.1100401125,44.6755937
12756,24.6607094240625,26.64235923
12757,60.1904742297183,60.81922469
12758,24.6607094240625,25.12439764
12759,60.1904742297183,65.64990636
12762,39.0546064846,38.3244555
12763,39.0546064846,36.98135269
12764,39.0546064846,38.54395438
12765,39.0546064846,36.98135269
12767,32.7518418762857,35.91675323
12768,39.0546064846,42.73482444
12769,32.930072935,33.41955994
12770,60.1904742297183,76.32263335
12771,39.0546064846,41.61145098
12772,32.7518418762857,33.72746907
12773,60.1904742297183,58.72059763
12774,45.0038345818182,52.71768594
12775,32.7518418762857,31.29010654
12776,24.6607094240625,26.79141578
12778,24.6607094240625,26.75390504
12779,32.7518418762857,31.17975393
12780,39.0546064846,33.97063374
12781,60.1904742297183,48.6496551
12783,24.6607094240625,26.19950324
12784,48.9601047144737,40.63690914
12787,25.478484475,24.80678083
12788,48.9601047144737,40.63690914
12789,48.9601047144737,40.51265566
12790,48.9601047144737,60.36838853
12791,32.7518418762857,33.72746907
12794,48.9601047144737,60.36838853
12795,60.1904742297183,74.69492593
12796,32.7518418762857,37.1184579
12797,24.6607094240625,27.23755099
12798,60.1904742297183,65.08512563
12799,48.9601047144737,56.97792142
12800,32.7518418762857,28.22950713
12801,48.9601047144737,40.63690914
12802,60.1904742297183,60.89199011
12803,48.9601047144737,56.04185304
12804,48.9601047144737,43.75933583
12805,32.7518418762857,33.56482643
12806,32.7518418762857,33.56482643
12807,48.9601047144737,56.04185304
12808,45.0038345818182,52.31340145
12809,48.9601047144737,54.75316625
12811,24.6607094240625,19.15498792
12812,32.7518418762857,34.19872088
12813,32.7518418762857,37.1184579
12815,48.9601047144737,40.80200033
12816,32.7518418762857,34.19872088
12817,45.0038345818182,56.07669645
12818,42.1100401125,40.72782929
12820,39.0546064846,45.14995106
12821,24.6607094240625,25.50433791
12822,39.0546064846,39.96894498
12823,42.1100401125,41.8510148
12824,39.0546064846,38.23389085
12825,39.0546064846,32.28733252
12826,48.9601047144737,56.97792142
12827,32.930072935,31.10630867
12828,32.7518418762857,32.92046148
12829,39.0546064846,39.59774957
12830,39.0546064846,36.28483034
12831,42.1100401125,45.57381723
12832,24.6607094240625,23.02367135
12833,32.7518418762857,32.60101348
12834,45.0038345818182,50.59402673
12835,39.0546064846,42.99060699
12836,48.9601047144737,38.384195
12837,32.7518418762857,33.72746907
12838,32.7518418762857,33.56482643
12839,42.1100401125,43.55820647
12840,39.0546064846,33.97063374
12841,39.0546064846,36.98135269
12842,39.0546064846,51.31677596
12843,24.6607094240625,27.0758036
12844,39.0546064846,37.36593459
12845,60.1904742297183,83.98668865
12847,24.6607094240625,24.22212669
12848,32.7518418762857,32.92046148
12849,39.0546064846,49.10905624
12851,42.1100401125,37.25452681
12852,60.1904742297183,63.74524786
12854,60.1904742297183,48.03843236
12855,39.0546064846,39.59774957
12856,24.6607094240625,27.0758036
12857,39.0546064846,36.28483034
12858,39.0546064846,38.01754766
12859,32.7518418762857,37.1184579
12860,32.930072935,31.05055728
12861,39.0546064846,41.99949396
12863,32.930072935,31.10630867
12864,60.1904742297183,59.16488435
12865,45.0038345818182,52.31340145
12868,18.52799088,25.22631828
12869,32.7518418762857,28.22950713
12870,32.5374279993333,33.42608315
12871,32.7518418762857,32.60101348
12872,45.0038345818182,38.99416077
12873,42.1100401125,40.72782929
12874,60.1904742297183,72.59956245
12875,45.0038345818182,46.41841013
12876,60.1904742297183,74.69492593
12877,42.1100401125,40.72782929
12878,45.667876549,47.17504511
12879,60.1904742297183,58.69031512
12880,32.930072935,31.05055728
12881,32.7518418762857,31.29010654
12882,32.7518418762857,33.56482643
12883,45.0038345818182,46.84567195
12884,60.1904742297183,66.25872598
12885,42.1100401125,40.72782929
12887,39.0546064846,39.59774957
12888,24.6607094240625,26.64235923
12889,33.1819488305556,28.21680512
12890,60.1904742297183,70.17422511
12891,32.930072935,27.01171222
12892,60.1904742297183,63.80109737
12893,24.6607094240625,26.64235923
12894,32.930072935,31.05055728
12896,60.1904742297183,72.59956245
12897,32.7518418762857,28.22950713
12898,60.1904742297183,59.53127495
12899,60.1904742297183,63.80109737
12900,24.6607094240625,25.12439764
12901,60.1904742297183,74.69492593
12902,60.1904742297183,56.2900986
12903,32.930072935,31.10630867
12904,32.7518418762857,28.22950713
12905,60.1904742297183,63.80109737
12906,32.7518418762857,32.69176205
12907,32.7518418762857,35.91675323
12908,60.1904742297183,56.00604848
12909,60.1904742297183,66.25872598
12910,48.9601047144737,60.36838853
12911,48.9601047144737,46.34281875
12912,60.1904742297183,59.16488435
12913,48.9601047144737,54.75316625
12914,60.1904742297183,48.03843236
12915,18.66680698,23.02946967
12916,60.1904742297183,60.81890832
12917,24.6607094240625,18.39803784
12918,60.1904742297183,61.51797294
12919,60.1904742297183,66.25872598
12921,45.0038345818182,50.59402673
12922,32.7518418762857,34.27988023
12923,32.7518418762857,28.22950713
12924,60.1904742297183,50.52646444
12925,24.6607094240625,28.05574767
12926,60.1904742297183,56.00604848
12927,45.667876549,47.17504511
12928,60.1904742297183,50.45173192
12929,60.1904742297183,61.05327615
12930,32.7518418762857,35.91675323
12931,60.1904742297183,59.16488435
12932,32.7518418762857,32.13199408
12933,60.1904742297183,76.32263335
12934,60.1904742297183,60.12262747
12935,60.1904742297183,60.02551835
12936,24.6607094240625,19.57103493
12937,32.7518418762857,34.27988023
12938,60.1904742297183,40.06877491
12939,60.1904742297183,54.70555421
12940,60.1904742297183,58.56210822
12942,60.1904742297183,58.69031512
12943,24.6607094240625,19.57103493
12944,32.7518418762857,32.78156964
12945,60.1904742297183,59.15295191
12946,24.6607094240625,19.57103493
12947,60.1904742297183,76.32263335
12949,60.1904742297183,66.25872598
12951,24.6607094240625,26.64235923
12952,60.1904742297183,59.28905471
12953,60.1904742297183,60.89199011
12954,32.7518418762857,33.72746907
12955,60.1904742297183,60.81922469
12956,39.0546064846,41.18495648
12957,24.6607094240625,21.0055788
12958,48.9601047144737,46.34281875
12959,32.930072935,31.10630867
12960,60.1904742297183,63.80109737
12961,32.7518418762857,32.68462843
12962,24.6607094240625,26.19950324
12963,18.52799088,25.22631828
12964,24.6607094240625,23.02367135
12965,24.6607094240625,24.37518579
12966,60.1904742297183,58.72059763
12967,60.1904742297183,63.12899951
12968,60.1904742297183,51.15848162
12969,60.1904742297183,61.69726511
12970,60.1904742297183,54.70555421
12971,60.1904742297183,59.16488435
12972,32.7518418762857,28.22950713
12973,32.7518418762857,31.78145855
12974,60.1904742297183,63.12899951
12976,24.6607094240625,28.05574767
12977,32.7518418762857,33.72746907
12978,45.0038345818182,44.13189315
12979,14.51246414125,14.84775788
12980,60.1904742297183,74.69492593
12981,24.6607094240625,27.0758036
12982,60.1904742297183,61.05327615
12983,32.7518418762857,37.1184579
12984,24.6607094240625,26.75390504
12985,60.1904742297183,66.25872598
12986,60.1904742297183,58.69031512
12987,60.1904742297183,63.12899951
12988,42.1100401125,46.24872601
12990,60.1904742297183,55.28490707
12991,60.1904742297183,65.64990636
12992,24.6607094240625,26.64235923
12993,32.7518418762857,32.13199408
12995,45.667876549,46.60314039
12996,32.7518418762857,32.99189562
12997,32.7518418762857,31.19669606
12999,48.9601047144737,54.75316625
13000,60.1904742297183,82.45842063
13001,45.0038345818182,43.25786699
13002,32.7518418762857,32.92046148
13003,45.667876549,41.6696278
13007,24.6607094240625,26.75390504
13008,42.1100401125,43.55820647
13009,60.1904742297183,50.52646444
13010,32.7518418762857,35.91675323
13011,60.1904742297183,82.45842063
13012,60.1904742297183,76.32263335
13014,60.1904742297183,55.28490707
13015,32.7518418762857,35.91675323
13016,24.6607094240625,28.0621053
13018,48.9601047144737,40.80200033
13019,60.1904742297183,60.12053456
13020,45.667876549,45.80500637
13023,45.0038345818182,52.86825432
13024,24.6607094240625,27.06329048
13025,32.7518418762857,34.19872088
13026,60.0573171895238,49.99352626
13027,39.0546064846,41.61145098
13028,42.1100401125,48.32029032
13029,32.7518418762857,30.75128854
13030,45.667876549,38.81967564
13031,60.1904742297183,59.16488435
13032,45.667876549,45.11333684
13035,60.1904742297183,54.70555421
13036,60.1904742297183,63.12899951
13037,24.6607094240625,22.67801057
13038,60.1904742297183,62.12097947
13039,60.1904742297183,56.03572897
13040,45.667876549,45.47145239
13041,24.6607094240625,27.06329048
13042,60.1904742297183,61.69726511
13043,45.667876549,43.9357089
13044,25.478484475,29.62923167
13045,60.1904742297183,58.79828983
13046,32.7518418762857,35.91675323
13047,32.7518418762857,33.72746907
13048,39.0546064846,38.83299512
13049,60.1904742297183,72.59956245
13050,60.1904742297183,59.53127495
13051,45.0038345818182,48.14594915
13052,24.6607094240625,24.37518579
13053,42.1100401125,41.8510148
13055,60.1904742297183,76.32263335
13056,45.667876549,45.82742563
13057,24.6607094240625,26.75390504
13058,60.0573171895238,56.84994955
13061,32.7518418762857,35.91675323
13062,60.1904742297183,56.03572897
13064,60.1904742297183,76.32263335
13065,24.6607094240625,27.0758036
13066,60.1904742297183,76.32263335
13068,25.478484475,29.62923167
13069,60.1904742297183,77.24375062
13070,60.1904742297183,82.45842063
13071,32.7518418762857,31.78145855
13072,45.0038345818182,39.40081213
13073,32.930072935,31.10630867
13074,39.0546064846,38.08205271
13075,45.0038345818182,52.81633785
13076,45.0038345818182,48.45817757
13077,60.1904742297183,60.12053456
13078,24.6607094240625,26.79141578
13079,60.1904742297183,53.03910998
13080,24.6607094240625,26.79141578
13081,60.1904742297183,40.06877491
13083,32.7518418762857,30.75128854
13084,60.1904742297183,74.69492593
13085,32.7518418762857,31.19669606
13087,32.930072935,32.47678159
13088,24.6607094240625,25.54018756
13089,24.6607094240625,24.51510298
13090,24.6607094240625,19.57103493
13091,32.7518418762857,32.68462843
13092,39.0546064846,39.63772414
13093,24.6607094240625,27.06329048
13094,32.7518418762857,32.99189562
13095,32.7518418762857,37.1184579
13096,33.1819488305556,38.8124442
13097,48.9601047144737,55.01331023
13098,48.9601047144737,43.72006841
13099,33.1819488305556,34.62951363
13100,32.7518418762857,32.68462843
13101,26.3406693354545,30.08005226
13102,48.9601047144737,49.21778302
13103,24.6607094240625,26.79141578
13104,48.9601047144737,54.92415191
13106,48.9601047144737,57.94882045
13107,32.930072935,33.41955994
13108,48.9601047144737,51.81349679
13109,60.1904742297183,62.12097947
13110,45.667876549,46.63079039
13111,33.1819488305556,33.95506682
13112,32.7518418762857,35.91675323
13113,24.6607094240625,23.58893815
13114,48.9601047144737,51.81349679
13115,32.7518418762857,35.91675323
13116,48.9601047144737,40.63690914
13117,32.7518418762857,35.91675323
13119,48.9601047144737,40.51265566
13121,45.0038345818182,51.24155301
13122,32.7518418762857,37.1184579
13123,39.0546064846,38.23389085
13124,60.1904742297183,60.12053456
13125,26.3406693354545,41.11839539
13126,24.6607094240625,25.54018756
13127,26.3406693354545,42.2837761
13129,60.1904742297183,58.69031512
13130,26.3406693354545,25.27788518
13131,60.1904742297183,59.52877043
13132,48.9601047144737,54.75316625
13133,60.1904742297183,77.24375062
13134,24.6607094240625,26.79141578
13135,48.9601047144737,55.01331023
13136,60.1904742297183,56.03572897
13137,26.3406693354545,33.3648967
13138,32.930072935,33.34488017
13140,24.6607094240625,18.39803784
13141,32.7518418762857,30.75128854
13142,32.7518418762857,32.99189562
13143,32.930072935,33.34488017
13144,48.9601047144737,57.94882045
13146,39.0546064846,38.54395438
13147,45.0038345818182,42.62925236
13148,60.1904742297183,67.45109647
13149,45.0038345818182,44.54173854
13152,60.1904742297183,48.03843236
13153,60.0573171895238,50.12106814
13154,39.0546064846,39.96894498
13156,32.930072935,33.41955994
13157,33.1819488305556,38.14241855
13158,32.930072935,33.41955994
13159,24.6607094240625,24.51510298
13160,39.0546064846,39.96528415
13161,32.930072935,27.01171222
13162,32.930072935,33.41955994
13163,60.1904742297183,62.0443675
13164,45.667876549,47.17617468
13165,32.930072935,31.10630867
13166,32.930072935,31.10630867
13167,45.0038345818182,48.45817757
13168,45.0038345818182,44.54173854
13169,32.7518418762857,32.92046148
13170,32.7518418762857,34.89205472
13171,33.1819488305556,34.62951363
13172,24.6607094240625,21.0055788
13173,32.930072935,29.46721738
13174,24.6607094240625,27.0758036
13175,33.1819488305556,40.03213765
13176,24.6607094240625,28.05574767
13177,32.930072935,32.37877251
13178,33.1819488305556,42.40832028
13179,60.1904742297183,58.28947643
13180,60.1904742297183,40.06877491
13181,32.930072935,34.8193469
13182,24.6607094240625,27.06329048
13183,45.0038345818182,45.12036909
13184,32.7518418762857,30.75128854
13185,32.7518418762857,30.75128854
13187,32.930072935,34.8193469
13188,60.1904742297183,63.52178162
13189,24.6607094240625,28.05574767
13191,24.6607094240625,27.23755099
13192,32.7518418762857,34.57551266
13193,45.667876549,46.42191097
13195,32.930072935,40.41610504
13196,24.6607094240625,22.67801057
13198,32.930072935,30.68746401
13201,32.930072935,36.53028884
13202,32.930072935,31.10630867
13203,32.7518418762857,32.78156964
13204,32.7518418762857,35.95065458
13206,39.0546064846,36.8105042
13207,60.0573171895238,67.87785273
13208,30.2633911684615,37.3827017
13210,60.1904742297183,59.28905471
13211,32.7518418762857,39.87443785
13212,32.930072935,33.34488017
13213,32.930072935,32.37877251
13214,45.0038345818182,39.86602972
13215,32.930072935,34.04316412
13216,24.6607094240625,26.79141578
13217,32.930072935,33.41955994
13218,32.7518418762857,35.91675323
13219,45.0038345818182,44.54173854
13220,24.6607094240625,24.51510298
13221,45.0038345818182,48.14594915
13222,32.930072935,33.88550411
13223,32.930072935,33.41955994
13225,45.0038345818182,38.69994334
13226,32.930072935,31.05055728
13227,45.667876549,45.11333684
13228,24.6607094240625,26.64235923
13229,32.7518418762857,37.1184579
13230,39.0546064846,43.15089694
13231,32.7518418762857,34.57551266
13232,39.0546064846,33.97063374
13233,33.1819488305556,38.8124442
13235,24.6607094240625,28.84053874
13236,39.0546064846,50.50417442
13237,32.7518418762857,32.02658335
13238,32.930072935,33.34488017
13239,45.667876549,47.17617468
13240,39.0546064846,33.97063374
13241,24.6607094240625,26.75390504
13242,45.0038345818182,46.41841013
13243,32.7518418762857,34.89205472
13244,32.930072935,33.88550411
13245,45.0038345818182,46.84567195
13246,24.6607094240625,22.67801057
13247,39.0546064846,38.83299512
13248,39.0546064846,41.99949396
13249,48.9601047144737,40.63690914
13250,32.7518418762857,31.29010654
13251,33.1819488305556,38.14241855
13252,24.6607094240625,28.84053874
13253,32.930072935,36.53028884
13254,32.930072935,32.47678159
13256,32.7518418762857,37.1184579
13257,39.0546064846,41.34918136
13259,39.0546064846,36.28483034
13260,24.6607094240625,23.58893815
13261,32.930072935,28.77052671
13262,32.7518418762857,28.22950713
13263,45.0038345818182,48.14594915
13264,45.0038345818182,45.49283981
13265,32.7518418762857,31.62423969
13266,24.6607094240625,27.23755099
13267,39.0546064846,38.44383017
13268,45.0038345818182,38.1553993
13269,45.0038345818182,45.12036909
13270,26.3406693354545,30.48081889
13271,39.0546064846,35.15252293
13272,26.3406693354545,41.11839539
13273,48.9601047144737,42.37199835
13274,48.9601047144737,53.01690848
13275,45.0038345818182,46.84567195
13277,24.6607094240625,24.64648603
13278,24.6607094240625,27.23755099
13279,32.7518418762857,32.92046148
13280,26.3406693354545,22.00756815
13281,45.0038345818182,48.14594915
13282,24.6607094240625,26.19950324
13283,48.9601047144737,42.69959864
13284,45.0038345818182,48.14594915
13285,32.7518418762857,34.27988023
13286,45.0038345818182,48.14594915
13287,45.0038345818182,52.86825432
13288,33.1819488305556,38.14241855
13289,39.0546064846,42.99060699
13290,24.6607094240625,26.64235923
13292,45.0038345818182,43.25786699
13293,39.0546064846,39.59774957
13294,39.0546064846,36.96284414
13295,26.3406693354545,41.11839539
13296,24.6607094240625,24.51510298
13297,32.7518418762857,32.60101348
13299,32.930072935,33.41955994
13300,24.6607094240625,18.39803784
13301,26.3406693354545,25.61993548
13302,32.930072935,33.34488017
13304,24.6607094240625,24.87325907
13305,32.7518418762857,32.69176205
13306,39.0546064846,33.97063374
13307,32.7518418762857,34.27988023
13308,45.0038345818182,52.71768594
13309,32.7518418762857,31.19669606
13310,26.3406693354545,21.34077951
13311,45.0038345818182,45.12036909
13312,26.3406693354545,41.11839539
13313,39.0546064846,43.15089694
13314,33.1819488305556,38.14241855
13315,60.1904742297183,63.80109737
13316,48.9601047144737,38.384195
13317,32.7518418762857,31.19669606
13318,39.0546064846,50.50417442
13319,26.3406693354545,29.72408603
13320,39.0546064846,39.96894498
13321,26.3406693354545,41.11839539
13322,60.1904742297183,59.16488435
13324,32.7518418762857,33.56482643
13325,48.9601047144737,60.36838853
13326,24.6607094240625,27.06329048
13327,39.0546064846,38.83299512
13329,32.930072935,33.41955994
13330,24.6607094240625,23.02367135
13331,39.0546064846,38.54395438
13332,24.6607094240625,24.80335958
13334,32.7518418762857,30.75128854
13335,48.9601047144737,46.22716524
13336,45.0038345818182,47.10982066
13337,32.7518418762857,34.57551266
13338,45.0038345818182,51.24155301
13339,60.0573171895238,65.55824215
13340,45.0038345818182,41.23739149
13342,45.0038345818182,42.62925236
13343,45.0038345818182,46.84567195
13344,45.0038345818182,41.01064122
13345,32.7518418762857,34.19872088
13346,24.6607094240625,27.06329048
13347,32.7518418762857,33.72746907
13348,32.7518418762857,32.78156964
13349,48.9601047144737,44.60462482
13350,39.0546064846,32.28733252
13351,45.0038345818182,47.10982066
13352,33.1819488305556,32.78835934
13353,45.0038345818182,52.83973024
13354,45.0038345818182,44.54173854
13355,24.6607094240625,18.39803784
13356,45.0038345818182,52.86825432
13358,60.1904742297183,60.89199011
13359,60.1904742297183,62.11168197
13360,32.7518418762857,35.91675323
13361,60.0573171895238,49.6570259
13362,24.6607094240625,26.79141578
13363,60.1904742297183,56.00604848
13364,32.7518418762857,37.6806538
13365,48.9601047144737,50.1504657
13366,24.6607094240625,28.84053874
13367,32.7518418762857,39.87443785
13368,26.3406693354545,29.72408603
13369,48.9601047144737,49.21778302
13371,45.0038345818182,48.14594915
13372,39.0546064846,32.24649811
13373,45.0038345818182,45.12036909
13374,24.6607094240625,28.84053874
13375,32.7518418762857,32.60101348
13378,60.1904742297183,40.06877491
13379,45.0038345818182,40.08393847
13380,48.9601047144737,57.32881312
13381,42.1100401125,33.86428147
13383,26.3406693354545,41.11839539
13384,45.0038345818182,48.14594915
13385,45.0038345818182,43.25786699
13386,107.084792437778,108.5597717
13387,15.09959013875,14.75702234
13388,26.3406693354545,30.08005226
13389,45.0038345818182,48.14594915
13390,48.9601047144737,48.37717005
13391,60.1904742297183,59.16488435
13392,45.0038345818182,42.77676183
13393,32.7518418762857,37.1184579
13394,107.084792437778,117.9616654
13395,33.1819488305556,35.51387818
13396,60.1904742297183,76.32263335
13398,14.51246414125,14.84775788
13399,26.3406693354545,22.40186499
13400,26.3406693354545,29.72408603
13401,24.6607094240625,24.64648603
13402,60.0573171895238,49.6570259
13403,107.084792437778,101.4855664
13404,48.9601047144737,57.94882045
13407,32.930072935,30.68746401
13408,60.1904742297183,59.02335959
13410,45.0038345818182,48.14594915
13411,60.0573171895238,48.34007868
13412,33.1819488305556,38.8124442
13413,48.9601047144737,57.94882045
13414,60.1904742297183,76.32263335
13415,45.0038345818182,38.1553993
13416,45.0038345818182,39.86602972
13417,32.930072935,40.41610504
13418,107.084792437778,117.9616654
13419,48.9601047144737,49.21778302
13420,107.084792437778,117.9616654
13421,32.7518418762857,28.22950713
13423,26.3406693354545,22.29085567
13424,42.1100401125,42.97357447
13425,24.6607094240625,27.0758036
13426,60.1904742297183,58.79828983
13427,48.9601047144737,40.51265566
13428,107.084792437778,93.87774835
13429,26.3406693354545,41.11839539
13430,60.0573171895238,64.7595765
13433,48.9601047144737,53.01690848
13434,107.084792437778,101.4855664
13435,25.478484475,29.62923167
13436,32.7518418762857,33.31191127
13437,48.9601047144737,56.51615219
13438,32.7518418762857,35.91675323
13439,26.3406693354545,25.27788518
13440,24.6607094240625,23.58893815
13442,32.930072935,33.41955994
13443,32.7518418762857,31.17975393
13444,32.930072935,34.8193469
13445,32.930072935,32.47678159
13446,45.0038345818182,42.62925236
13447,45.0038345818182,48.14594915
13448,26.3406693354545,25.27788518
13449,48.9601047144737,46.22716524
13451,107.084792437778,115.3468566
13452,32.7518418762857,35.91675323
13453,33.1819488305556,33.95506682
13454,32.7518418762857,35.91675323
13455,30.2633911684615,50.90442398
13456,26.3406693354545,30.48081889
13457,30.2633911684615,22.16496979
13458,45.0038345818182,46.41841013
13459,26.3406693354545,22.00756815
13460,26.3406693354545,30.08005226
13461,24.6607094240625,26.75390504
13462,24.6607094240625,28.84053874
13463,25.478484475,24.24381927
13464,42.1100401125,41.8510148
13465,107.084792437778,93.87774835
13466,39.0546064846,33.97063374
13467,32.7518418762857,33.56482643
13468,107.084792437778,101.4855664
13469,33.1819488305556,42.40832028
13470,24.6607094240625,24.51510298
13471,32.7518418762857,34.89205472
13472,45.0038345818182,51.24155301
13473,45.0038345818182,52.86825432
13474,33.1819488305556,38.44638989
13476,107.084792437778,95.23094649
13477,45.0038345818182,42.62925236
13478,45.667876549,47.17617468
13479,26.3406693354545,25.27788518
13480,26.3406693354545,41.11839539
13483,24.6607094240625,24.80335958
13484,26.3406693354545,41.11839539
13485,32.7518418762857,28.22950713
13486,45.0038345818182,48.14594915
13488,26.3406693354545,41.11839539
13489,39.0546064846,32.24649811
13490,32.930072935,30.68746401
13492,24.6607094240625,27.23755099
13494,30.2633911684615,20.93980087
13497,30.2633911684615,27.62766342
13498,26.3406693354545,22.77454441
13499,32.930072935,33.41955994
13500,26.3406693354545,30.08005226
13501,32.7518418762857,33.56482643
13502,26.3406693354545,41.11839539
13503,45.0038345818182,41.23739149
13504,45.0038345818182,52.86825432
13505,60.1904742297183,55.28490707
13506,26.3406693354545,33.3648967
13508,107.084792437778,101.4855664
13509,45.0038345818182,38.1553993
13510,60.1904742297183,54.70555421
13511,60.0573171895238,89.78763124
13512,26.3406693354545,25.61993548
13513,107.084792437778,95.23094649
13514,26.3406693354545,41.11839539
13515,24.6607094240625,26.75390504
13516,26.3406693354545,25.27788518
13517,32.930072935,31.05055728
13518,42.1100401125,33.86428147
13519,33.1819488305556,38.14241855
13521,41.55043933,41.55043933
13522,33.1819488305556,40.03213765
13523,60.0573171895238,49.6570259
13524,32.7518418762857,32.13199408
13525,60.0573171895238,56.84994955
13526,60.1904742297183,58.56210822
13527,60.0573171895238,50.12106814
13528,32.7518418762857,35.91675323
13529,60.0573171895238,56.84994955
13531,107.084792437778,95.23094649
13532,32.7518418762857,33.31191127
13533,33.1819488305556,34.62951363
13534,24.6607094240625,24.37518579
13535,48.9601047144737,56.51615219
13536,20.17625435,20.81173418
13538,26.3406693354545,41.11839539
13539,20.17625435,18.3451447
13540,33.1819488305556,38.8124442
13541,26.3406693354545,22.40186499
13542,45.0038345818182,52.86825432
13543,24.6607094240625,26.64235923
13544,30.2633911684615,48.51869847
13545,32.7518418762857,32.68462843
13547,32.7518418762857,32.68462843
13548,33.1819488305556,33.95506682
13549,33.1819488305556,38.67074983
13550,33.1819488305556,38.67074983
13551,20.17625435,20.81173418
13552,32.930072935,31.05055728
13553,48.9601047144737,40.63690914
13554,33.1819488305556,33.95506682
13555,48.9601047144737,55.01331023
13557,48.9601047144737,43.75933583
13558,42.1100401125,44.6755937
13559,42.1100401125,33.86428147
13560,33.1819488305556,34.62951363
13561,107.084792437778,110.8782025
13562,60.0573171895238,67.87785273
13563,20.17625435,22.09332257
13564,48.9601047144737,40.80200033
13565,32.7518418762857,34.68199235
13566,60.1904742297183,56.2900986
13567,33.1819488305556,36.25002782
13568,39.0546064846,38.54395438
13569,32.7518418762857,34.61692648
13570,60.0573171895238,57.43721562
13571,24.6607094240625,25.17033717
13572,60.0573171895238,57.20456212
13573,45.0038345818182,56.07669645
13574,39.0546064846,50.50417442
13576,60.1904742297183,82.45842063
13577,41.55043933,41.55043933
13578,20.17625435,24.25383323
13579,18.320305805,18.92856774
13580,42.1100401125,37.37004051
13581,28.0229867158333,24.6164193
13582,33.1819488305556,38.8124442
13583,60.0573171895238,49.99352626
13584,45.0038345818182,56.07669645
13585,60.1904742297183,60.94576366
13586,24.6607094240625,21.0055788
13587,18.320305805,17.71204387
13588,48.9601047144737,49.21778302
13589,26.3406693354545,25.61993548
13591,20.17625435,24.25383323
13593,32.930072935,31.10630867
13594,32.7518418762857,32.99189562
13597,32.930072935,36.80500902
13598,45.0038345818182,46.41841013
13599,32.7518418762857,31.17975393
13600,32.930072935,38.63757704
13601,24.6607094240625,26.64235923
13602,32.7518418762857,33.31191127
13603,39.0546064846,34.43373726
13604,32.930072935,27.01171222
13605,32.930072935,33.96664954
13606,32.930072935,33.34488017
13607,32.930072935,31.05055728
13608,24.6607094240625,27.06329048
13609,32.930072935,34.04316412
13610,24.6607094240625,21.0055788
13611,32.930072935,36.53028884
13612,32.930072935,30.68746401
13613,32.930072935,34.52320416
13614,32.930072935,33.41955994
13615,32.930072935,34.52320416
13616,32.7518418762857,31.62423969
13618,32.930072935,34.52320416
13619,20.17625435,23.29650478
13620,32.930072935,27.01171222
13621,32.7518418762857,32.13199408
13622,32.930072935,38.63757704
13623,32.930072935,33.88550411
13624,32.930072935,40.41610504
13626,60.1904742297183,76.32263335
13628,32.930072935,33.41955994
13629,32.930072935,34.52320416
13630,20.17625435,18.3451447
13631,32.7518418762857,31.73640343
13632,32.930072935,31.05055728
13633,24.6607094240625,16.64933723
13634,24.6607094240625,27.23755099
13635,32.930072935,31.05055728
13636,20.17625435,22.09332257
13637,32.930072935,30.68746401
13638,32.930072935,28.04659686
13639,32.930072935,33.34488017
13640,32.930072935,34.52320416
13641,32.930072935,33.0396606
13642,20.17625435,18.12286394
13643,32.930072935,33.19101317
13644,24.6607094240625,26.79141578
13645,32.930072935,28.77052671
13646,32.930072935,40.41610504
13647,107.084792437778,110.8782025
13648,32.930072935,33.96664954
13649,32.930072935,30.68746401
13651,32.930072935,30.68746401
13652,32.930072935,40.41610504
13653,32.930072935,33.88550411
13654,32.7518418762857,31.62423969
13655,20.17625435,18.3451447
13656,32.7518418762857,32.78156964
13658,32.930072935,32.37877251
13659,45.0038345818182,37.25225256
13660,32.930072935,28.04659686
13661,32.930072935,27.01171222
13663,32.930072935,34.04316412
13664,32.930072935,30.68746401
13665,24.6607094240625,24.87325907
13666,32.930072935,31.10630867
13668,32.930072935,27.01171222
13669,32.930072935,36.80500902
13670,32.930072935,27.01171222
13671,32.7518418762857,32.13199408
13672,32.930072935,29.46721738
13673,39.0546064846,36.98135269
13674,24.6607094240625,26.44693062
13675,20.17625435,21.04984522
13677,48.9601047144737,42.37199835
13678,20.17625435,19.86765008
13679,32.930072935,34.04316412
13680,32.7518418762857,32.44805798
13681,32.930072935,33.41955994
13682,32.930072935,34.04316412
13683,107.084792437778,108.5597717
13684,45.667876549,45.11333684
13685,48.9601047144737,40.80200033
13686,32.930072935,29.46721738
13687,39.0546064846,49.10905624
13688,32.7518418762857,32.68462843
13689,32.930072935,33.88550411
13691,32.7518418762857,31.73640343
13692,32.7518418762857,34.19872088
13693,32.930072935,33.88550411
13694,32.930072935,32.37877251
13695,48.9601047144737,49.21778302
13696,107.084792437778,115.3468566
13697,32.930072935,33.34488017
13699,32.930072935,27.01171222
13700,32.930072935,31.10630867
13701,45.0038345818182,38.99416077
13702,32.930072935,30.68746401
13703,20.17625435,22.09332257
13704,32.930072935,31.05055728
13705,32.930072935,40.41610504
13706,32.7518418762857,31.19669606
13707,32.930072935,40.41610504
13708,32.930072935,34.52320416
13709,32.930072935,40.41610504
13710,32.930072935,33.34488017
13711,32.930072935,29.46721738
13712,24.6607094240625,24.22212669
13713,24.6607094240625,26.79141578
13714,39.0546064846,38.54395438
13715,32.930072935,32.10565573
13716,32.930072935,28.77052671
13717,32.930072935,28.77052671
13718,24.6607094240625,28.84053874
13720,32.930072935,34.04316412
13721,20.17625435,18.03307263
13722,60.1904742297183,58.97773437
13723,32.7518418762857,31.62423969
13724,107.084792437778,108.5597717
13725,32.930072935,33.41955994
13726,45.0038345818182,46.41841013
13727,32.7518418762857,35.91675323
13728,32.930072935,31.10630867
13730,48.9601047144737,42.37199835
13731,32.930072935,33.34488017
13732,32.930072935,33.96664954
13733,48.9601047144737,40.51265566
13734,60.1904742297183,61.51797294
13735,24.6607094240625,27.0758036
13737,32.7518418762857,31.19669606
13738,107.084792437778,101.4855664
13739,32.930072935,36.80500902
13740,107.084792437778,110.8782025
13741,32.930072935,32.10565573
13742,107.084792437778,101.4855664
13743,24.6607094240625,27.0758036
13745,107.084792437778,108.5597717
13746,60.1904742297183,60.78121287
13747,48.9601047144737,43.75933583
13748,60.1904742297183,83.98668865
13749,30.2633911684615,39.37193079
13750,20.17625435,18.55284386
13751,60.1904742297183,61.69726511
13752,107.084792437778,117.9616654
13754,32.7518418762857,30.75128854
13755,60.1904742297183,63.12899951
13756,60.1904742297183,50.52646444
13758,32.930072935,31.05055728
13759,20.17625435,18.03307263
13760,28.0229867158333,30.7945286
13761,107.084792437778,117.9616654
13762,32.7518418762857,37.1184579
13763,32.7518418762857,30.75128854
13765,107.084792437778,101.4855664
13766,20.17625435,18.03307263
13768,60.1904742297183,68.08061113
13769,48.9601047144737,49.21778302
13770,20.17625435,18.12286394
13771,107.084792437778,93.87774835
13772,107.084792437778,108.5597717
13773,24.6607094240625,18.39803784
13774,107.084792437778,110.8782025
13775,107.084792437778,101.4855664
13776,60.1904742297183,56.2900986
13777,48.9601047144737,54.75316625
13778,32.7518418762857,32.13199408
13780,39.0546064846,43.15089694
13781,32.7518418762857,31.78145855
13782,29.9663929244444,25.62115652
13783,24.6607094240625,16.64933723
13785,60.1904742297183,56.14882455
13786,32.7518418762857,32.13199408
13787,107.084792437778,95.23094649
13788,32.930072935,34.52320416
13790,20.17625435,24.25383323
13791,107.084792437778,110.8782025
13792,32.930072935,40.41610504
13793,32.7518418762857,30.75128854
13794,20.17625435,20.81173418
13796,32.930072935,33.88550411
13797,32.930072935,29.46721738
13798,24.6607094240625,24.51510298
13802,32.5374279993333,34.9397811
13803,48.9601047144737,57.94882045
13804,32.7518418762857,35.91675323
13805,32.930072935,28.77052671
13806,32.930072935,31.05055728
13808,20.17625435,23.29650478
13809,60.0573171895238,89.78763124
13810,32.930072935,40.41610504
13811,32.7518418762857,34.89205472
13812,32.7518418762857,32.13199408
13813,32.930072935,36.80500902
13814,32.930072935,33.0396606
13815,32.930072935,29.46721738
13816,32.930072935,32.37877251
13817,48.9601047144737,54.75316625
13818,24.6607094240625,24.87325907
13819,32.7518418762857,33.72746907
13820,32.930072935,36.80500902
13821,32.930072935,34.52320416
13822,32.930072935,31.10630867
13823,32.930072935,38.63757704
13825,39.0546064846,33.63544542
13826,32.930072935,36.80500902
13827,32.7518418762857,32.13199408
13828,107.084792437778,117.9616654
13829,48.9601047144737,40.51265566
13831,107.084792437778,108.5597717
13832,32.930072935,32.47678159
13833,24.6607094240625,26.79141578
13834,20.17625435,18.12286394
13835,107.084792437778,117.7101073
13837,38.9220387936842,36.80402408
13838,32.930072935,31.05055728
13839,32.7518418762857,32.02658335
13840,32.930072935,27.01171222
13841,32.930072935,27.01171222
13842,45.0038345818182,42.77676183
13844,32.930072935,30.68746401
13845,48.9601047144737,36.54983067
13846,32.930072935,34.04316412
13848,20.17625435,21.04984522
13849,60.1904742297183,83.98668865
13851,39.0546064846,39.96894498
13852,32.930072935,27.01171222
13853,48.9601047144737,42.37199835
13854,32.7518418762857,31.62423969
13855,60.1904742297183,59.28905471
13856,60.1904742297183,72.59956245
13858,32.7518418762857,33.56482643
13859,32.930072935,32.10565573
13860,32.7518418762857,32.60101348
13861,32.930072935,34.04316412
13862,32.930072935,33.19101317
13863,32.930072935,32.47678159
13864,32.930072935,38.63757704
13865,32.930072935,31.05055728
13866,38.9220387936842,32.52744467
13867,60.1904742297183,83.98668865
13868,107.084792437778,95.23094649
13869,32.7518418762857,34.1009554
13870,38.9220387936842,47.97243253
13871,107.084792437778,108.5597717
13872,32.7518418762857,32.92046148
13873,32.930072935,34.52320416
13874,38.9220387936842,32.35221688
13875,60.1904742297183,60.89199011
13876,38.9220387936842,36.80402408
13877,60.1904742297183,82.45842063
13878,32.930072935,31.10630867
13879,48.9601047144737,53.01690848
13880,60.1904742297183,83.98668865
13881,107.084792437778,108.5597717
13883,107.084792437778,117.9616654
13884,20.17625435,19.30112066
13885,24.6607094240625,21.0055788
13886,107.084792437778,95.23094649
13887,60.1904742297183,82.45842063
13888,107.084792437778,95.23094649
13889,20.17625435,22.09332257
13890,20.17625435,24.25383323
13891,32.7518418762857,34.57551266
13893,32.930072935,33.41955994
13894,38.9220387936842,43.83256407
13895,38.9220387936842,32.52744467
13896,32.7518418762857,37.6806538
13897,32.930072935,36.80500902
13898,20.17625435,18.55284386
13899,107.084792437778,102.7122672
13900,32.930072935,40.41610504
13901,60.1904742297183,60.81922469
13902,32.5374279993333,34.13824336
13903,32.930072935,33.0396606
13904,60.1904742297183,82.45842063
13905,48.9601047144737,43.75933583
13906,38.9220387936842,32.52744467
13907,107.084792437778,108.5597717
13908,48.9601047144737,56.51615219
13909,32.7518418762857,33.31191127
13910,60.1904742297183,82.45842063
13911,32.930072935,31.05055728
13913,20.17625435,20.21984895
13914,38.9220387936842,41.73651539
13916,38.9220387936842,32.52744467
13917,60.1904742297183,61.69726511
13918,38.9220387936842,36.75256714
13919,60.1904742297183,68.08061113
13920,20.17625435,23.29650478
13921,48.9601047144737,56.51615219
13922,20.17625435,24.25383323
13923,39.0546064846,38.54395438
13924,38.9220387936842,41.73651539
13925,107.084792437778,115.3468566
13926,48.9601047144737,56.51615219
13927,107.084792437778,93.87774835
13928,32.7518418762857,31.62423969
13929,107.084792437778,102.7122672
13931,32.7518418762857,31.17975393
13932,60.1904742297183,68.08061113
13933,45.667876549,42.45209823
13934,60.0573171895238,56.84994955
13935,38.9220387936842,34.98422118
13936,38.9220387936842,43.83256407
13937,107.084792437778,117.9616654
13938,38.9220387936842,39.00116449
13939,60.1904742297183,49.72593946
13940,32.7518418762857,31.78145855
13941,38.9220387936842,32.35221688
13943,107.084792437778,117.9616654
13944,32.7518418762857,34.61692648
13945,60.1904742297183,59.45508929
13946,24.6607094240625,26.64235923
13947,38.9220387936842,41.73651539
13948,32.7518418762857,32.92046148
13949,32.930072935,31.05055728
13950,32.7518418762857,34.89205472
13951,32.930072935,34.52320416
13952,32.930072935,31.05055728
13953,24.6607094240625,26.19950324
13954,32.7518418762857,33.56482643
13955,24.6607094240625,23.02367135
13956,32.930072935,31.05055728
13957,32.7518418762857,34.68199235
13958,38.9220387936842,47.97243253
13959,48.9601047144737,40.80200033
13960,38.9220387936842,36.80402408
13961,32.7518418762857,32.78156964
13962,24.6607094240625,24.51510298
13963,38.9220387936842,43.83256407
13964,45.0038345818182,40.08393847
13965,38.9220387936842,37.32837199
13967,60.0573171895238,65.55824215
13968,38.9220387936842,32.35221688
13969,48.9601047144737,53.5136665
13971,32.930072935,33.41955994
13972,38.9220387936842,32.52744467
13973,32.930072935,31.10630867
13974,32.930072935,33.88550411
13975,24.6607094240625,21.0055788
13976,24.6607094240625,24.51510298
13978,48.9601047144737,49.21778302
13979,38.9220387936842,43.83256407
13980,48.9601047144737,42.69959864
13981,60.0573171895238,89.78763124
13982,45.667876549,47.17504511
13983,32.7518418762857,35.91675323
13984,32.7518418762857,25.50728917
13985,20.17625435,18.3451447
13986,38.9220387936842,37.32837199
13987,38.9220387936842,32.52744467
13988,38.9220387936842,39.00116449
13989,28.0229867158333,25.26170184
13990,38.9220387936842,32.52744467
13991,48.9601047144737,46.34281875
13993,38.9220387936842,47.97243253
13994,38.9220387936842,43.83256407
13995,45.667876549,47.80592608
13996,24.6607094240625,27.0758036
13997,45.667876549,45.11333684
13998,60.1904742297183,56.03572897
13999,24.6607094240625,23.58893815
14000,20.17625435,24.25383323
14002,45.667876549,47.17617468
14003,45.667876549,47.17504511
14004,60.1904742297183,50.52646444
14005,24.6607094240625,24.87325907
14006,60.1904742297183,63.52178162
14007,107.084792437778,115.3468566
14009,32.930072935,33.88550411
14010,32.7518418762857,32.92046148
14011,38.9220387936842,39.00116449
14013,24.6607094240625,26.75390504
14015,20.17625435,20.21984895
14016,38.9220387936842,39.00116449
14017,45.667876549,47.17504511
14018,45.667876549,41.6696278
14019,60.1904742297183,56.14882455
14020,24.6607094240625,24.87325907
14021,45.667876549,45.11333684
14022,38.9220387936842,41.81769813
14023,60.0573171895238,67.87785273
14025,32.7518418762857,34.57551266
14026,45.0038345818182,52.81633785
14027,45.667876549,41.6696278
14028,45.667876549,45.82742563
14030,24.6607094240625,27.06329048
14031,48.9601047144737,56.97792142
14032,107.084792437778,117.9616654
14033,45.667876549,47.14563255
14035,45.667876549,46.60314039
14036,20.17625435,18.0784178
14037,38.9220387936842,38.78493455
14038,20.17625435,22.09332257
14040,33.1819488305556,38.8124442
14041,48.9601047144737,40.80200033
14042,38.9220387936842,43.66153242
14043,38.9220387936842,39.00116449
14044,48.9601047144737,57.94882045
14045,60.0573171895238,37.81457525
14046,18.320305805,17.71204387
14047,26.5391469292308,29.41208056
14048,24.6607094240625,28.47754595
14049,48.9601047144737,40.80200033
14050,45.667876549,47.17504511
14051,24.6607094240625,27.23755099
14052,32.7518418762857,33.56482643
14054,32.7518418762857,35.91675323
14055,38.9220387936842,36.85295117
14056,32.7518418762857,31.19669606
14057,60.1904742297183,83.98668865
14058,20.17625435,20.21984895
14059,28.0229867158333,24.6164193
14060,32.930072935,33.0396606
14061,38.9220387936842,41.81769813
14062,32.930072935,27.01171222
14063,20.17625435,18.55284386
14064,38.9220387936842,32.52744467
14065,60.1904742297183,62.12097947
14066,107.084792437778,115.3468566
14067,26.5391469292308,28.27808304
14068,60.1904742297183,62.12097947
14070,32.930072935,34.04316412
14071,38.9220387936842,39.00116449
14072,60.1904742297183,58.79828983
14073,38.9220387936842,32.52744467
14074,32.7518418762857,31.19669606
14075,32.7518418762857,32.92046148
14076,20.17625435,20.81173418
14078,20.17625435,18.3451447
14079,32.7518418762857,34.1009554
14080,45.667876549,43.9357089
14081,32.930072935,40.41610504
14083,60.1904742297183,82.45842063
14085,38.9220387936842,39.00116449
14086,26.5391469292308,24.09511804
14087,38.9220387936842,41.73651539
14088,60.1904742297183,64.6649738
14089,32.930072935,40.41610504
14090,45.667876549,41.6696278
14091,45.667876549,47.17617468
14093,45.667876549,47.80592608
14094,18.320305805,17.71204387
14095,32.930072935,31.10630867
14096,42.1100401125,43.60179413
14098,38.9220387936842,28.059677
14099,48.9601047144737,50.1504657
14100,45.667876549,47.17617468
14101,24.6607094240625,24.51510298
14102,32.7518418762857,34.68199235
14103,28.0229867158333,38.32314157
14104,38.9220387936842,32.52744467
14106,20.17625435,18.03307263
14107,20.17625435,18.3451447
14108,60.0573171895238,81.98038226
14109,26.5391469292308,28.27808304
14110,38.9220387936842,43.83256407
14111,32.7518418762857,31.19669606
14112,38.9220387936842,39.00116449
14113,24.6607094240625,26.75390504
14114,38.9220387936842,30.35519528
14115,48.9601047144737,56.51615219
14116,60.1904742297183,82.45842063
14117,45.667876549,47.80592608
14118,38.9220387936842,47.97243253
14119,26.5391469292308,24.99604567
14120,32.7518418762857,32.60101348
14121,32.930072935,33.41955994
14122,24.6607094240625,22.67801057
14123,20.17625435,21.04984522
14124,48.9601047144737,56.04185304
14125,107.084792437778,93.87774835
14126,26.5391469292308,28.27808304
14127,107.084792437778,101.4855664
14128,24.6607094240625,25.12439764
14129,45.667876549,48.16858084
14130,20.17625435,21.04984522
14131,48.9601047144737,41.21895556
14133,38.9220387936842,38.78493455
14134,26.5391469292308,25.02562376
14135,38.9220387936842,47.97243253
14136,38.9220387936842,39.00116449
14137,38.9220387936842,36.80402408
14138,24.6607094240625,27.06329048
14139,24.6607094240625,22.67801057
14140,60.0573171895238,89.78763124
14141,45.667876549,47.17504511
14142,32.7518418762857,32.44805798
14144,30.2633911684615,26.5322338
14145,26.5391469292308,26.18521529
14146,24.6607094240625,23.58893815
14147,38.9220387936842,39.00116449
14148,32.7518418762857,35.91675323
14149,48.9601047144737,42.37199835
14150,60.1904742297183,82.45842063
14151,42.1100401125,48.32029032
14154,32.7518418762857,25.50728917
14155,60.1904742297183,82.45842063
14156,107.084792437778,115.3468566
14157,32.930072935,33.41955994
14158,26.5391469292308,24.09511804
14159,32.930072935,29.46721738
14160,32.7518418762857,33.31191127
14161,60.1904742297183,56.03572897
14162,60.1904742297183,58.79828983
14163,38.9220387936842,43.66153242
14164,45.667876549,45.82742563
14166,20.17625435,24.25383323
14167,32.7518418762857,33.31191127
14168,38.9220387936842,38.78493455
14169,32.930072935,34.04316412
14170,60.1904742297183,55.28490707
14171,38.9220387936842,34.98422118
14172,60.1904742297183,60.89199011
14173,38.9220387936842,38.78493455
14174,24.6607094240625,26.44693062
14175,60.1904742297183,60.12262747
14177,26.5391469292308,24.99604567
14178,60.1904742297183,56.00604848
14179,26.5391469292308,25.50421112
14180,38.9220387936842,38.78493455
14181,38.9220387936842,37.32837199
14182,24.6607094240625,28.05574767
14183,32.7518418762857,34.57551266
14185,45.667876549,47.17504511
14186,24.480708652,18.23125983
14188,60.1904742297183,64.18057419
14189,45.667876549,47.17504511
14190,60.1904742297183,58.97773437
14192,107.084792437778,101.4855664
14193,24.6607094240625,26.64235923
14194,32.7518418762857,28.22950713
14195,24.6607094240625,28.0621053
14196,60.1904742297183,58.72059763
14197,60.1904742297183,58.56210822
14198,26.5391469292308,24.09511804
14199,38.9220387936842,41.81769813
14200,60.1904742297183,83.98668865
14201,38.9220387936842,32.52744467
14202,48.9601047144737,45.60730872
14203,41.55043933,41.55043933
14205,32.930072935,33.34488017
14206,60.1904742297183,48.6496551
14207,60.1904742297183,63.52178162
14210,32.7518418762857,32.99189562
14211,38.9220387936842,30.35519528
14212,32.7518418762857,32.13199408
14214,38.9220387936842,41.81769813
14215,60.1904742297183,40.06877491
14216,38.9220387936842,37.32837199
14217,45.0038345818182,44.13189315
14218,32.7518418762857,35.91675323
14219,45.667876549,45.82742563
14220,60.1904742297183,56.03572897
14221,39.0546064846,41.34918136
14223,60.1904742297183,58.79828983
14224,38.9220387936842,32.52744467
14225,20.17625435,21.04984522
14226,39.0546064846,39.96894498
14227,45.667876549,43.9357089
14228,45.667876549,47.92392012
14229,60.1904742297183,56.03572897
14231,20.17625435,22.09332257
14233,32.7518418762857,32.68462843
14234,32.7518418762857,34.27988023
14235,24.6607094240625,28.0621053
14236,60.1904742297183,51.15848162
14237,60.1904742297183,50.52646444
14238,60.1904742297183,50.52646444
14239,60.1904742297183,56.14882455
14240,60.1904742297183,67.45109647
14242,60.1904742297183,63.12899951
14243,45.667876549,47.17617468
14244,60.1904742297183,64.6649738
14245,60.1904742297183,65.08512563
14247,38.9220387936842,31.46570676
14248,60.1904742297183,58.97773437
14249,32.7518418762857,30.75128854
14250,45.667876549,45.11333684
14253,60.1904742297183,66.25872598
14254,32.7518418762857,35.91675323
14257,26.5391469292308,25.02562376
14258,60.1904742297183,60.81922469
14259,60.1904742297183,59.02335959
14260,24.6607094240625,25.54018756
14261,60.1904742297183,56.14882455
14262,24.6607094240625,21.0055788
14264,60.1904742297183,65.08512563
14265,38.9220387936842,43.83256407
14266,60.1904742297183,60.02551835
14267,24.6607094240625,24.51510298
14269,60.1904742297183,56.03572897
14270,32.7518418762857,28.22950713
14271,38.9220387936842,43.83256407
14272,60.1904742297183,60.12262747
14273,60.0573171895238,57.20456212
14274,32.7518418762857,30.75128854
14275,32.930072935,29.46721738
14277,18.320305805,18.92856774
14279,32.7518418762857,32.92046148
14281,45.0038345818182,44.54173854
14282,26.5391469292308,NA
14283,48.9601047144737,54.75316625
14284,60.1904742297183,56.2900986
14285,24.6607094240625,24.51510298
14286,48.9601047144737,56.51615219
14287,45.667876549,46.42191097
14288,60.1904742297183,50.52646444
14289,60.1904742297183,63.12899951
14290,60.1904742297183,72.59956245
14291,60.1904742297183,48.03843236
14292,45.667876549,47.17617468
14293,24.6607094240625,19.15498792
14294,39.0546064846,38.54395438
14295,60.1904742297183,62.0443675
14296,38.9220387936842,31.46570676
14297,26.5391469292308,NA
14298,60.1904742297183,56.2900986
14299,38.9220387936842,43.83256407
14300,48.9601047144737,48.37717005
14301,38.9220387936842,32.52744467
14303,48.9601047144737,46.22716524
14304,20.17625435,18.03307263
14305,38.9220387936842,43.66153242
14306,60.1904742297183,62.12097947
14307,60.1904742297183,60.94576366
14308,60.1904742297183,76.32263335
14309,20.17625435,18.3451447
14310,60.1904742297183,56.14882455
14311,32.7518418762857,32.13199408
14312,24.6607094240625,23.02367135
14313,60.0573171895238,51.11247893
14315,38.9220387936842,32.35221688
14316,32.7518418762857,31.19669606
14317,32.7518418762857,34.68199235
14318,60.1904742297183,76.32263335
14320,32.7518418762857,34.57551266
14322,60.1904742297183,67.45109647
14324,32.930072935,34.04316412
14325,32.930072935,31.05055728
14326,60.1904742297183,83.98668865
14327,60.1904742297183,56.00604848
14328,26.5391469292308,NA
14329,26.5391469292308,NA
14330,45.667876549,47.17504511
14331,45.667876549,49.45786036
14332,60.1904742297183,60.12262747
14333,32.7518418762857,33.56482643
14334,60.1904742297183,55.28490707
14335,60.1904742297183,60.81922469
14336,38.9220387936842,41.81769813
14337,26.5391469292308,NA
14338,60.1904742297183,58.69031512
14339,32.7518418762857,32.44805798
14340,38.9220387936842,47.97243253
14341,60.1904742297183,63.12899951
14342,20.17625435,19.86765008
14343,20.17625435,18.3451447
14344,38.9220387936842,43.83256407
14345,60.1904742297183,76.32263335
14346,60.1904742297183,60.12053456
14347,38.9220387936842,39.00116449
14348,26.5391469292308,NA
14349,38.9220387936842,32.35221688
14350,107.084792437778,101.4855664
14351,38.9220387936842,36.80402408
14352,24.6607094240625,26.44693062
14354,60.1904742297183,48.03843236
14355,60.1904742297183,59.28905471
14356,60.1904742297183,60.81922469
14357,60.1904742297183,70.17422511
14358,60.1904742297183,50.52646444
14359,60.1904742297183,56.03572897
14360,20.17625435,18.3451447
14361,48.9601047144737,48.37717005
14362,32.930072935,36.53028884
14363,107.084792437778,101.4855664
14364,20.17625435,20.21984895
14365,38.9220387936842,39.00116449
14366,26.5391469292308,NA
14367,24.6607094240625,18.39803784
14369,60.1904742297183,66.25872598
14370,60.0573171895238,49.6570259
14371,18.320305805,18.92856774
14372,60.1904742297183,60.78121287
14373,38.9220387936842,47.97243253
14374,38.9220387936842,39.00116449
14375,60.1904742297183,58.72059763
14376,60.1904742297183,60.12262747
14377,60.1904742297183,61.69726511
14378,38.9220387936842,39.00116449
14379,60.1904742297183,60.81922469
14380,32.7518418762857,34.19872088
14381,60.1904742297183,63.52178162
14382,107.084792437778,93.87774835
14383,32.930072935,33.88550411
14384,38.9220387936842,39.00116449
14385,26.5391469292308,29.41208056
14386,32.930072935,36.53028884
14387,24.6607094240625,16.64933723
14388,32.7518418762857,30.75128854
14389,60.1904742297183,58.79828983
14390,32.7518418762857,28.22950713
14391,60.1904742297183,68.85847394
14392,24.6607094240625,24.22212669
14393,38.9220387936842,47.97243253
14395,48.9601047144737,43.72006841
14396,38.9220387936842,32.52744467
14397,32.7518418762857,34.57551266
14398,20.17625435,18.12286394
14399,30.2633911684615,37.3827017
14400,60.1904742297183,60.94576366
14401,60.1904742297183,50.45173192
14404,60.1904742297183,58.79828983
14405,38.9220387936842,36.85295117
14407,32.7518418762857,34.27988023
14408,39.0546064846,37.75028937
14409,60.1904742297183,60.12053456
14410,26.5391469292308,29.41208056
14411,60.1904742297183,83.98668865
14412,60.1904742297183,58.97773437
14413,38.9220387936842,32.52744467
14414,60.1904742297183,59.15295191
14415,60.1904742297183,63.52178162
14417,32.930072935,34.52320416
14418,60.1904742297183,51.15848162
14419,60.1904742297183,60.81922469
14420,32.930072935,29.46721738
14421,38.9220387936842,37.32837199
14422,60.1904742297183,61.05327615
14423,32.7518418762857,32.44805798
14424,24.6607094240625,28.05574767
14426,24.6607094240625,27.23755099
14427,60.1904742297183,64.6649738
14428,48.9601047144737,53.01690848
14429,32.7518418762857,33.56482643
14430,18.320305805,18.92856774
14431,60.1904742297183,60.94576366
14434,48.9601047144737,46.34281875
14436,45.667876549,41.6696278
14437,60.1904742297183,63.12899951
14438,60.1904742297183,48.03843236
14439,60.1904742297183,63.52178162
14441,38.9220387936842,39.00116449
14442,32.7518418762857,28.22950713
14443,45.667876549,46.42191097
14444,38.9220387936842,43.66153242
14445,60.1904742297183,49.00311855
14446,38.9220387936842,38.78493455
14447,24.6607094240625,27.4134825
14448,48.9601047144737,54.92415191
14449,45.667876549,48.16858084
14450,60.1904742297183,56.14882455
14451,32.930072935,31.91162487
14453,26.5391469292308,25.50421112
14454,32.7518418762857,32.92046148
14455,60.1904742297183,53.08734646
14456,38.9220387936842,32.52744467
14458,32.7518418762857,32.13199408
14459,26.5391469292308,28.13892858
14460,60.1904742297183,62.12097947
14461,38.9220387936842,32.52744467
14462,60.1904742297183,58.69031512
14463,60.1904742297183,59.02335959
14464,60.1904742297183,66.25872598
14465,38.9220387936842,43.83256407
14466,60.1904742297183,62.12097947
14467,45.667876549,47.17504511
14468,38.9220387936842,32.52744467
14469,107.084792437778,108.5597717
14470,60.1904742297183,59.53127495
14471,32.7518418762857,34.27988023
14472,20.17625435,19.86765008
14473,38.9220387936842,39.00116449
14474,60.1904742297183,61.51797294
14475,20.17625435,18.3451447
14476,60.1904742297183,58.79828983
14477,60.1904742297183,65.64990636
14478,60.1904742297183,56.2900986
14479,38.9220387936842,41.73651539
14480,60.1904742297183,59.52877043
14481,48.9601047144737,53.01690848
14482,60.1904742297183,56.32523297
14483,32.7518418762857,28.51365471
14484,48.9601047144737,49.21778302
14485,107.084792437778,115.3468566
14486,60.1904742297183,59.52877043
14487,26.5391469292308,28.27808304
14488,60.1904742297183,59.02335959
14489,38.9220387936842,36.75256714
14490,26.5391469292308,25.02562376
14491,38.9220387936842,43.83256407
14492,32.930072935,31.10630867
14493,32.7518418762857,33.72746907
14494,60.1904742297183,58.69031512
14495,60.1904742297183,48.6496551
14496,32.7518418762857,37.1184579
14498,38.9220387936842,37.32837199
14499,45.667876549,46.63079039
14500,32.7518418762857,33.56482643
14501,32.930072935,29.46721738
14503,20.17625435,18.55284386
14505,60.1904742297183,48.6496551
14506,42.1100401125,40.72782929
14507,60.1904742297183,74.69492593
14509,60.1904742297183,43.7561074
14510,32.7518418762857,32.99189562
14511,60.1904742297183,58.79828983
14512,32.7518418762857,32.69176205
14513,38.9220387936842,37.32837199
14514,26.5391469292308,25.02562376
14515,60.1904742297183,56.2900986
14518,20.17625435,20.81173418
14519,60.1904742297183,72.59956245
14520,32.7518418762857,35.91675323
14521,60.1904742297183,68.08061113
14522,24.6607094240625,27.06329048
14523,38.9220387936842,41.73651539
14524,32.7518418762857,33.56482643
14525,60.1904742297183,56.14882455
14526,45.667876549,46.42191097
14527,32.7518418762857,28.22950713
14528,60.1904742297183,63.52178162
14529,60.1904742297183,56.14882455
14530,26.5391469292308,28.13892858
14531,60.1904742297183,63.52178162
14532,38.9220387936842,36.80402408
14533,60.1904742297183,58.79828983
14534,38.9220387936842,41.73651539
14536,60.1904742297183,62.12097947
14537,32.7518418762857,31.62423969
14538,26.5391469292308,28.13892858
14539,38.9220387936842,43.83256407
14540,38.9220387936842,36.80402408
14541,60.1904742297183,58.72059763
14542,60.1904742297183,58.56210822
14543,20.17625435,23.29650478
14545,26.5391469292308,28.08144402
14546,26.5391469292308,24.99604567
14547,38.9220387936842,36.75256714
14548,24.6607094240625,27.0758036
14549,32.7518418762857,31.19669606
14550,60.1904742297183,48.03843236
14551,60.1904742297183,58.72059763
14552,60.1904742297183,62.11168197
14553,60.1904742297183,72.59956245
14554,20.17625435,23.29650478
14555,26.5391469292308,28.13892858
14556,38.9220387936842,32.35221688
14557,32.7518418762857,31.62423969
14558,45.0038345818182,48.14594915
14559,60.1904742297183,56.32523297
14561,24.6607094240625,26.64235923
14562,38.9220387936842,41.73651539
14563,60.1904742297183,59.15295191
14564,60.1904742297183,56.03572897
14565,60.1904742297183,55.28490707
14566,38.9220387936842,39.00116449
14567,26.5391469292308,23.81199984
14569,60.1904742297183,64.18057419
14570,38.9220387936842,47.97243253
14571,33.1819488305556,38.67074983
14572,48.9601047144737,46.34281875
14574,38.9220387936842,36.85295117
14575,48.9601047144737,43.72006841
14576,60.1904742297183,55.28490707
14578,45.667876549,45.82742563
14580,60.1904742297183,55.06988555
14581,60.1904742297183,67.45109647
14582,32.7518418762857,22.73489496
14584,39.0546064846,34.01595577
14586,107.084792437778,102.7122672
14587,24.6607094240625,24.80335958
14588,20.17625435,23.29650478
14590,26.5391469292308,24.99604567
14591,60.1904742297183,72.59956245
14592,32.7518418762857,34.27988023
14593,38.9220387936842,32.52744467
14594,60.1904742297183,59.15295191
14595,32.7518418762857,35.91675323
14597,38.9220387936842,62.49316256
14598,32.7518418762857,35.91675323
14599,60.1904742297183,66.25872598
14600,60.1904742297183,64.6649738
14601,60.1904742297183,60.12262747
14602,26.5391469292308,26.18521529
14603,60.1904742297183,63.12899951
14604,38.9220387936842,43.83256407
14605,60.1904742297183,59.16488435
14606,107.084792437778,102.7122672
14607,26.5391469292308,26.46760764
14608,45.0038345818182,45.12036909
14609,60.1904742297183,56.03572897
14610,60.1904742297183,63.52178162
14612,60.1904742297183,55.28490707
14613,60.0573171895238,56.84994955
14614,60.1904742297183,72.59956245
14615,60.1904742297183,58.72059763
14616,60.1904742297183,60.02551835
14617,20.17625435,20.81173418
14618,60.1904742297183,50.45173192
14619,32.7518418762857,32.99189562
14620,60.1904742297183,56.03572897
14621,32.7518418762857,37.1184579
14622,60.1904742297183,60.89199011
14623,20.17625435,19.86765008
14624,32.7518418762857,34.19872088
14625,20.17625435,18.03307263
14626,60.1904742297183,56.03572897
14627,32.930072935,33.19101317
14629,26.5391469292308,28.08144402
14630,60.1904742297183,60.12262747
14631,45.0038345818182,45.12036909
14633,32.930072935,32.47678159
14634,26.5391469292308,24.99604567
14635,32.7518418762857,31.29010654
14637,38.9220387936842,43.83256407
14638,32.7518418762857,32.02658335
14639,38.9220387936842,31.46570676
14640,60.1904742297183,50.52646444
14641,60.1904742297183,56.03572897
14642,45.667876549,47.17504511
14643,60.1904742297183,72.59956245
14644,32.930072935,33.41955994
14645,20.17625435,24.25383323
14646,38.9220387936842,36.80402408
14647,60.1904742297183,70.17422511
14648,48.9601047144737,57.94882045
14649,38.9220387936842,36.75256714
14650,60.1904742297183,63.12899951
14651,45.667876549,46.63079039
14652,20.17625435,18.0784178
14653,45.667876549,47.28640795
14654,30.2633911684615,39.37193079
14655,32.7518418762857,31.62423969
14656,45.667876549,45.82742563
14657,107.084792437778,108.5597717
14658,60.1904742297183,58.97773437
14659,28.0229867158333,30.7945286
14660,32.7518418762857,31.73640343
14661,45.667876549,47.28640795
14663,32.7518418762857,32.99189562
14665,20.17625435,23.29650478
14666,60.1904742297183,59.16488435
14668,32.7518418762857,34.19872088
14669,38.9220387936842,43.83256407
14670,26.5391469292308,26.46760764
14671,45.667876549,47.17504511
14673,60.1904742297183,72.59956245
14674,32.7518418762857,37.1184579
14675,45.667876549,47.92392012
14677,60.1904742297183,60.94576366
14678,60.1904742297183,48.59574683
14679,38.9220387936842,41.81769813
14680,60.1904742297183,58.97773437
14681,32.7518418762857,34.57551266
14682,38.9220387936842,36.85295117
14683,32.7518418762857,25.50728917
14684,60.1904742297183,60.12053456
14685,60.1904742297183,49.72593946
14686,45.667876549,49.45786036
14687,45.667876549,47.17504511
14688,60.1904742297183,58.97773437
14689,38.9220387936842,43.83256407
14690,20.17625435,19.86765008
14691,60.1904742297183,56.00604848
14692,26.5391469292308,29.41208056
14693,26.5391469292308,28.08144402
14694,45.667876549,49.45786036
14695,20.17625435,20.21984895
14696,32.7518418762857,34.19872088
14697,60.1904742297183,72.59956245
14698,60.1904742297183,60.78121287
14699,38.9220387936842,38.78493455
14700,38.9220387936842,36.80402408
14701,32.7518418762857,32.92046148
14702,60.1904742297183,40.06877491
14703,38.9220387936842,34.98422118
14704,32.7518418762857,34.27988023
14705,60.1904742297183,60.94576366
14706,26.5391469292308,28.13892858
14708,32.930072935,29.46721738
14709,60.1904742297183,72.59956245
14710,38.9220387936842,36.80402408
14711,19.9832479025,21.17980225
14712,60.1904742297183,56.03572897
14713,32.7518418762857,37.1184579
14714,60.1904742297183,63.52178162
14715,60.1904742297183,54.51998988
14717,60.1904742297183,54.51998988
14718,60.1904742297183,72.59956245
14720,32.7518418762857,30.75128854
14721,38.9220387936842,36.85295117
14722,20.17625435,20.21984895
14723,107.084792437778,117.7101073
14725,20.17625435,20.81173418
14726,60.1904742297183,61.05327615
14728,38.9220387936842,37.32837199
14729,48.9601047144737,43.72006841
14730,32.7518418762857,32.92046148
14731,45.667876549,45.82742563
14732,32.930072935,31.91162487
14733,60.1904742297183,56.32523297
14735,32.7518418762857,32.69176205
14736,38.9220387936842,47.97243253
14737,26.5391469292308,25.50421112
14738,60.1904742297183,60.12262747
14739,60.1904742297183,66.25872598
14740,60.1904742297183,63.80109737
14741,26.5391469292308,28.27808304
14742,24.6607094240625,24.37518579
14743,26.5391469292308,24.99604567
14744,20.17625435,19.30112066
14745,60.1904742297183,63.74524786
14747,32.930072935,33.41955994
14748,32.7518418762857,30.75128854
14750,24.6607094240625,24.51510298
14751,60.1904742297183,61.05327615
14752,60.1904742297183,50.52646444
14753,32.7518418762857,28.22950713
14755,38.9220387936842,32.35221688
14756,38.9220387936842,30.35519528
14757,20.17625435,20.21984895
14758,60.1904742297183,50.52646444
14759,19.9832479025,21.17980225
14760,26.5391469292308,25.02562376
14761,60.1904742297183,66.68332177
14762,32.7518418762857,31.19669606
14763,45.667876549,48.16858084
14764,60.1904742297183,56.03572897
14765,60.1904742297183,56.2900986
14766,26.5391469292308,29.41208056
14767,60.1904742297183,56.14882455
14768,18.320305805,17.71204387
14770,32.7518418762857,32.92046148
14771,32.930072935,33.88550411
14772,32.7518418762857,39.87443785
14773,60.1904742297183,59.52877043
14774,60.1904742297183,63.80109737
14775,20.17625435,21.04984522
14777,32.930072935,27.01171222
14778,60.1904742297183,58.72059763
14779,20.17625435,20.21984895
14780,60.1904742297183,63.80109737
14781,38.9220387936842,36.80402408
14782,26.5391469292308,28.08144402
14783,26.5391469292308,26.46760764
14784,38.9220387936842,47.97243253
14786,38.9220387936842,36.75256714
14787,60.1904742297183,59.28905471
14788,19.9832479025,21.17980225
14790,38.9220387936842,32.35221688
14791,60.1904742297183,72.59956245
14792,38.9220387936842,36.80402408
14793,60.1904742297183,64.6649738
14794,60.1904742297183,56.32523297
14795,60.1904742297183,74.69492593
14796,60.1904742297183,58.97773437
14798,38.9220387936842,38.78493455
14799,26.5391469292308,25.02562376
14800,60.1904742297183,60.02551835
14802,60.1904742297183,63.12899951
14803,32.7518418762857,32.13199408
14804,60.1904742297183,66.25872598
14806,60.1904742297183,70.17422511
14807,20.17625435,21.04984522
14808,20.17625435,23.29650478
14809,60.1904742297183,59.15295191
14810,38.9220387936842,38.78493455
14811,60.1904742297183,56.14882455
14812,26.5391469292308,25.50421112
14813,60.1904742297183,62.12097947
14814,60.1904742297183,58.56210822
14815,60.1904742297183,60.94576366
14816,60.1904742297183,59.02335959
14817,38.9220387936842,47.97243253
14819,38.9220387936842,34.98422118
14820,19.9832479025,21.17980225
14821,60.1904742297183,62.12097947
14822,38.9220387936842,43.83256407
14823,38.9220387936842,43.83256407
14824,38.9220387936842,43.83256407
14825,26.5391469292308,26.18521529
14826,60.1904742297183,58.97773437
14827,32.7518418762857,35.91675323
14829,60.1904742297183,58.69031512
14830,32.7518418762857,32.13199408
14831,24.6607094240625,26.79141578
14832,20.17625435,24.25383323
14833,24.6607094240625,26.75390504
14834,45.667876549,47.17504511
14835,60.1904742297183,72.59956245
14836,48.9601047144737,55.01331023
14837,45.667876549,45.82742563
14838,39.0546064846,42.73482444
14839,60.1904742297183,56.14882455
14840,38.9220387936842,43.83256407
14841,25.478484475,29.62923167
14842,60.1904742297183,59.52877043
14843,32.7518418762857,35.95065458
14844,20.17625435,18.0784178
14845,60.1904742297183,58.8665309
14846,60.1904742297183,59.53127495
14848,26.5391469292308,28.27808304
14849,60.1904742297183,63.52178162
14850,38.9220387936842,34.98422118
14851,45.667876549,42.46780974
14852,60.1904742297183,58.69031512
14853,26.3406693354545,25.27788518
14854,60.1904742297183,62.11168197
14855,60.1904742297183,63.12899951
14857,60.1904742297183,56.03572897
14858,48.9601047144737,36.54983067
14859,26.3406693354545,30.08005226
14860,32.930072935,36.53028884
14861,26.3406693354545,22.40186499
14862,45.0038345818182,48.45817757
14863,45.0038345818182,56.07669645
14864,45.0038345818182,39.86602972
14865,107.084792437778,101.4855664
14866,45.0038345818182,39.86602972
14867,60.1904742297183,50.52646444
14868,60.1904742297183,59.16488435
14869,45.0038345818182,52.31340145
14870,38.9220387936842,36.80402408
14871,45.0038345818182,48.14594915
14872,38.9220387936842,30.35519528
14874,24.6607094240625,27.06329048
14875,20.17625435,24.25383323
14876,26.5391469292308,25.50421112
14877,45.0038345818182,52.81633785
14878,32.930072935,32.47678159
14879,60.1904742297183,68.08061113
14880,30.2633911684615,50.90442398
14881,20.17625435,23.29650478
14882,60.1904742297183,50.52646444
14884,45.0038345818182,41.01064122
14886,107.084792437778,101.4855664
14887,39.0546064846,41.61145098
14888,38.9220387936842,36.85295117
14889,45.0038345818182,45.12036909
14890,32.7518418762857,32.02658335
14891,32.7518418762857,33.72746907
14892,38.9220387936842,36.85295117
14893,60.1904742297183,56.03572897
14895,26.5391469292308,28.27808304
14896,60.1904742297183,62.11168197
14897,20.17625435,23.29650478
14898,60.1904742297183,58.69031512
14899,48.9601047144737,43.72006841
14900,48.9601047144737,46.34281875
14901,45.667876549,47.92392012
14902,45.0038345818182,38.1553993
14903,26.5391469292308,NA
14904,38.9220387936842,36.85295117
14905,60.1904742297183,50.52646444
14906,60.1904742297183,56.2900986
14907,38.9220387936842,32.52744467
14908,60.0573171895238,89.78763124
14909,60.1904742297183,55.63335693
14911,60.1904742297183,58.56210822
14912,38.9220387936842,38.78493455
14913,60.1904742297183,55.06988555
14914,24.6607094240625,26.64235923
14916,60.1904742297183,72.59956245
14917,38.9220387936842,36.85295117
14918,60.1904742297183,63.80109737
14919,60.1904742297183,68.85847394
14920,60.1904742297183,68.85847394
14921,26.3406693354545,30.08005226
14922,38.9220387936842,37.32837199
14923,26.5391469292308,26.46760764
14924,32.7518418762857,34.57551266
14925,26.5391469292308,28.13892858
14928,60.1904742297183,63.12899951
14929,38.9220387936842,43.83256407
14930,45.0038345818182,42.62925236
14931,33.1819488305556,38.67074983
14932,45.667876549,43.9357089
14933,20.17625435,22.09332257
14934,60.1904742297183,60.81890832
14935,45.0038345818182,38.1553993
14937,48.9601047144737,41.21895556
14938,60.1904742297183,72.59956245
14939,24.6607094240625,16.64933723
14940,38.9220387936842,47.97243253
14941,48.9601047144737,60.36838853
14942,32.7518418762857,31.62423969
14943,60.1904742297183,54.51998988
14944,60.1904742297183,53.08734646
14945,26.5391469292308,28.08144402
14946,38.9220387936842,32.52744467
14947,45.0038345818182,37.25225256
14948,38.9220387936842,39.00116449
14949,60.1904742297183,56.32523297
14950,60.1904742297183,60.81922469
14951,32.7518418762857,33.31191127
14952,20.17625435,22.09332257
14953,60.1904742297183,62.12097947
14954,38.9220387936842,31.46570676
14955,60.1904742297183,59.28905471
14956,30.2633911684615,37.3827017
14958,48.9601047144737,54.92415191
14959,32.930072935,34.52320416
14960,32.930072935,30.68746401
14961,32.7518418762857,35.91675323
14962,26.5391469292308,28.08144402
14963,45.0038345818182,44.63584613
14964,38.9220387936842,43.83256407
14965,39.0546064846,33.63544542
14966,26.5391469292308,24.99604567
14967,60.1904742297183,49.00311855
14968,60.1904742297183,60.78121287
14969,42.1100401125,47.75994378
14970,60.1904742297183,58.69031512
14971,60.1904742297183,58.69031512
14972,26.5391469292308,24.99604567
14973,60.1904742297183,56.32523297
14974,32.7518418762857,35.95065458
14975,38.9220387936842,32.52744467
14976,60.1904742297183,70.17422511
14977,45.0038345818182,38.1553993
14978,48.9601047144737,49.21778302
14980,24.6607094240625,26.19950324
14981,42.1100401125,44.6755937
14982,24.6607094240625,27.23755099
14983,38.9220387936842,43.83256407
14984,32.7518418762857,28.22950713
14985,60.1904742297183,56.03572897
14986,26.5391469292308,26.46760764
14988,45.0038345818182,44.13189315
14989,60.1904742297183,63.12899951
14990,26.5391469292308,25.02562376
14991,60.1904742297183,56.2900986
14992,20.17625435,22.09332257
14993,60.1904742297183,74.69492593
14994,38.9220387936842,32.52744467
14996,38.9220387936842,36.85295117
14997,39.0546064846,33.91282299
14999,38.9220387936842,41.73651539
15000,60.0573171895238,67.87785273
15001,60.1904742297183,76.32263335
15002,32.7518418762857,31.62423969
15003,24.6607094240625,26.64235923
15004,60.1904742297183,54.70555421
15005,20.17625435,20.4413583
15006,24.6607094240625,28.05574767
15009,60.1904742297183,74.69492593
15010,32.7518418762857,32.69176205
15013,60.1904742297183,82.45842063
15014,48.9601047144737,40.63690914
15015,60.1904742297183,60.02551835
15016,45.0038345818182,56.07669645
15017,32.7518418762857,33.56482643
15018,60.0573171895238,89.78763124
15019,30.2633911684615,20.93980087
15020,38.9220387936842,36.80402408
15021,24.6607094240625,27.23755099
15022,60.1904742297183,60.81922469
15023,38.9220387936842,37.32837199
15024,24.6607094240625,24.51510298
15025,30.2633911684615,19.61466105
15026,30.2633911684615,37.3827017
15027,26.5391469292308,28.08144402
15029,38.9220387936842,36.80402408
15030,60.1904742297183,56.00604848
15031,60.1904742297183,58.56210822
15032,60.1904742297183,48.59574683
15033,60.1904742297183,58.79828983
15034,32.7518418762857,33.56482643
15035,26.5391469292308,NA
15036,45.0038345818182,52.31340145
15037,48.9601047144737,50.1504657
15039,60.1904742297183,56.32523297
15040,45.0038345818182,52.83973024
15041,20.17625435,18.55284386
15042,38.9220387936842,36.80402408
15043,48.9601047144737,41.58690209
15044,24.6607094240625,26.64235923
15045,30.2633911684615,48.51869847
15046,45.0038345818182,51.24155301
15047,32.7518418762857,32.13199408
15048,33.1819488305556,42.40832028
15049,48.9601047144737,43.72006841
15050,38.9220387936842,31.46570676
15051,48.9601047144737,46.34281875
15052,60.1904742297183,53.08734646
15053,60.1904742297183,59.53127495
15054,32.7518418762857,34.19872088
15055,32.7518418762857,32.92046148
15056,32.7518418762857,31.29010654
15057,42.1100401125,40.28801822
15058,48.9601047144737,53.01690848
15059,26.5391469292308,30.2273019
15060,32.7518418762857,32.44805798
15061,48.9601047144737,53.01690848
15062,26.5391469292308,NA
15063,32.7518418762857,34.19872088
15064,60.1904742297183,62.11168197
15065,48.9601047144737,57.94882045
15066,60.1904742297183,63.52178162
15067,20.17625435,19.86765008
15068,38.9220387936842,43.83256407
15069,60.1904742297183,54.51998988
15070,32.930072935,30.68746401
15072,26.5391469292308,NA
15073,26.5391469292308,26.18521529
15074,38.9220387936842,41.81769813
15075,60.1904742297183,82.45842063
15076,107.084792437778,117.9616654
15077,60.1904742297183,83.98668865
15078,26.5391469292308,23.81199984
15079,60.1904742297183,60.12053456
15080,45.0038345818182,41.23739149
15081,20.17625435,19.86765008
15082,24.6607094240625,24.22212669
15083,60.1904742297183,61.69726511
15084,48.9601047144737,40.80200033
15085,48.9601047144737,49.21778302
15086,26.5391469292308,24.09511804
15087,38.9220387936842,41.73651539
15088,26.5391469292308,NA
15089,32.7518418762857,35.91675323
15090,30.2633911684615,37.3827017
15091,32.7518418762857,37.1184579
15092,60.1904742297183,48.6496551
15093,60.1904742297183,51.15848162
15094,19.9832479025,21.17980225
15095,38.9220387936842,37.32837199
15096,30.2633911684615,39.37193079
15097,38.9220387936842,38.78493455
15098,48.9601047144737,40.80200033
15100,48.9601047144737,48.37717005
15101,20.17625435,20.81173418
15102,32.930072935,31.10630867
15103,20.17625435,18.55284386
15104,60.1904742297183,63.52178162
15105,32.7518418762857,30.75128854
15106,38.9220387936842,41.81769813
15107,26.5391469292308,26.46760764
15108,48.9601047144737,48.37717005
15109,32.930072935,34.04316412
15110,60.1904742297183,58.69031512
15111,26.5391469292308,NA
15112,48.9601047144737,43.72006841
15113,45.0038345818182,50.59402673
15114,60.1904742297183,60.02551835
15115,32.7518418762857,32.92046148
15116,60.1904742297183,62.12097947
15117,60.1904742297183,61.51797294
15119,45.667876549,46.42191097
15121,48.9601047144737,38.384195
15122,60.1904742297183,62.12097947
15123,32.930072935,28.77052671
15124,20.17625435,21.04984522
15126,24.480708652,22.92922768
15127,38.9220387936842,37.32837199
15128,60.1904742297183,63.80109737
15130,60.1904742297183,63.80109737
15131,60.1904742297183,67.45109647
15132,32.930072935,34.52320416
15133,48.9601047144737,53.5136665
15134,38.9220387936842,43.83256407
15135,60.1904742297183,50.45173192
15136,24.6607094240625,28.0621053
15137,38.9220387936842,32.35221688
15138,45.0038345818182,38.99416077
15139,60.1904742297183,53.08734646
15140,60.1904742297183,58.79828983
15141,38.9220387936842,43.83256407
15142,45.0038345818182,51.24155301
15143,48.9601047144737,41.21895556
15144,48.9601047144737,57.32881312
15145,32.7518418762857,34.1009554
15146,41.55043933,41.55043933
15147,60.1904742297183,56.14882455
15148,48.9601047144737,56.97792142
15149,32.7518418762857,30.75128854
15150,24.480708652,19.89493337
15151,20.17625435,23.29650478
15152,24.480708652,17.7157581
15153,24.480708652,26.86602531
15154,20.17625435,20.81173418
15156,32.7518418762857,35.91675323
15157,60.1904742297183,56.00604848
15158,38.9220387936842,36.85295117
15159,45.667876549,47.17617468
15160,45.0038345818182,46.41841013
15161,20.17625435,18.3451447
15162,24.6607094240625,25.50433791
15163,32.7518418762857,32.44805798
15165,26.5391469292308,28.27808304
15166,32.7518418762857,28.51365471
15167,48.9601047144737,49.21778302
15168,38.9220387936842,36.80402408
15169,24.480708652,29.82992639
15170,60.1904742297183,63.52178162
15171,24.6607094240625,26.79141578
15172,45.667876549,47.17504511
15173,32.7518418762857,32.69176205
15174,48.9601047144737,49.21778302
15175,26.5391469292308,NA
15176,60.1904742297183,56.03572897
15177,26.5391469292308,NA
15178,24.480708652,24.01669286
15179,32.7518418762857,31.19669606
15180,32.7518418762857,30.75128854
15181,107.084792437778,95.23094649
15182,60.1904742297183,59.02335959
15183,42.1100401125,41.77266471
15184,38.9220387936842,47.97243253
15185,60.1904742297183,66.68332177
15186,24.480708652,17.7157581
15187,26.5391469292308,25.50421112
15188,45.0038345818182,50.59402673
15189,38.9220387936842,41.81769813
15190,32.7518418762857,33.72746907
15192,48.9601047144737,42.69959864
15193,48.9601047144737,49.53949672
15194,48.9601047144737,56.97792142
15195,107.084792437778,93.87774835
15196,38.9220387936842,41.73651539
15197,24.480708652,29.6630611
15198,60.1904742297183,48.6496551
15199,60.1904742297183,51.15848162
15200,38.9220387936842,43.83256407
15201,24.480708652,19.62960501
15202,60.1904742297183,64.6649738
15203,26.5391469292308,24.09511804
15204,24.6607094240625,19.15498792
15206,20.17625435,20.81173418
15207,32.7518418762857,32.13199408
15209,45.0038345818182,51.24155301
15210,26.5391469292308,24.99604567
15211,45.0038345818182,48.14594915
15212,60.1904742297183,76.32263335
15213,32.7518418762857,32.78156964
15214,26.5391469292308,25.02562376
15215,20.17625435,20.21984895
15216,32.930072935,32.47678159
15217,45.0038345818182,38.69994334
15218,24.6607094240625,23.02367135
15219,38.9220387936842,47.97243253
15220,26.5391469292308,23.81199984
15222,48.9601047144737,57.03345739
15223,38.9220387936842,34.98422118
15224,24.480708652,28.93902397
15226,45.0038345818182,52.86825432
15227,32.7518418762857,34.57551266
15228,26.5391469292308,24.09511804
15229,60.1904742297183,48.6496551
15230,60.1904742297183,67.45109647
15231,32.7518418762857,32.68462843
15232,38.9220387936842,39.00116449
15233,48.9601047144737,40.51265566
15234,60.1904742297183,62.0443675
15235,24.480708652,24.75712516
15236,38.9220387936842,36.85295117
15237,60.1904742297183,58.97773437
15238,24.480708652,23.12919268
15239,20.17625435,19.86765008
15241,48.9601047144737,40.63690914
15243,60.1904742297183,82.45842063
15244,26.5391469292308,NA
15245,48.9601047144737,40.51265566
15246,20.17625435,20.21984895
15247,38.9220387936842,37.32837199
15248,20.17625435,21.04984522
15249,38.9220387936842,31.46570676
15250,24.480708652,17.7157581
15251,60.1904742297183,62.12097947
15252,38.9220387936842,39.00116449
15253,60.1904742297183,60.81890832
15254,32.7518418762857,34.57551266
15255,38.9220387936842,41.73651539
15256,48.9601047144737,38.384195
15257,24.480708652,22.63501526
15258,60.1904742297183,65.64990636
15259,60.1904742297183,54.51998988
15260,107.084792437778,117.9616654
15261,48.9601047144737,40.51265566
15263,32.7518418762857,28.22950713
15264,20.17625435,18.03307263
15265,26.5391469292308,28.13892858
15266,24.480708652,26.86602531
15267,48.9601047144737,49.53949672
15268,48.9601047144737,56.04185304
15269,60.1904742297183,70.17422511
15270,45.0038345818182,48.14594915
15271,60.1904742297183,61.51797294
15272,20.17625435,18.03307263
15274,38.9220387936842,28.059677
15275,32.7518418762857,31.29010654
15276,26.5391469292308,NA
15277,48.9601047144737,42.37199835
15278,48.9601047144737,56.04185304
15279,26.5391469292308,25.02562376
15280,48.9601047144737,53.01690848
15281,48.9601047144737,50.1504657
15282,32.930072935,31.05055728
15283,32.7518418762857,32.69176205
15284,24.480708652,25.89232077
15285,60.1904742297183,56.2900986
15286,38.9220387936842,31.46570676
15287,26.5391469292308,28.27808304
15288,24.480708652,24.01669286
15289,60.1904742297183,65.08512563
15290,45.0038345818182,45.12036909
15291,32.7518418762857,35.91675323
15293,60.1904742297183,60.78121287
15294,26.5391469292308,26.46760764
15295,38.9220387936842,37.32837199
15296,60.1904742297183,60.81922469
15298,45.667876549,45.11333684
15299,60.1904742297183,54.70555421
15300,32.930072935,34.04316412
15301,38.9220387936842,36.85295117
15303,60.1904742297183,58.79828983
15304,45.0038345818182,37.25225256
15305,38.9220387936842,37.32837199
15306,48.9601047144737,42.69959864
15307,38.9220387936842,32.52744467
15308,32.7518418762857,34.19872088
15309,32.7518418762857,31.62423969
15310,60.1904742297183,59.16488435
15311,32.7518418762857,32.92046148
15312,60.1904742297183,55.63335693
15313,24.480708652,22.92922768
15314,45.0038345818182,46.41841013
15315,24.6607094240625,24.22212669
15316,60.1904742297183,61.51797294
15317,48.9601047144737,40.63690914
15318,38.9220387936842,31.46570676
15319,60.1904742297183,60.78121287
15320,26.5391469292308,28.08144402
15321,60.1904742297183,53.08734646
15322,20.17625435,24.25383323
15323,38.9220387936842,37.32837199
15324,48.9601047144737,49.21778302
15325,20.17625435,24.25383323
15326,24.6607094240625,26.64235923
15328,45.0038345818182,41.70994534
15329,39.0546064846,38.3244555
15330,24.480708652,22.92922768
15331,60.1904742297183,58.56210822
15332,60.1904742297183,61.69726511
15333,26.5391469292308,NA
15334,32.7518418762857,28.22950713
15335,60.1904742297183,60.81890832
15336,48.9601047144737,54.92415191
15338,32.7518418762857,32.13199408
15339,24.480708652,19.89493337
15340,48.9601047144737,57.03345739
15342,60.1904742297183,63.80109737
15343,32.7518418762857,31.29010654
15344,60.1904742297183,62.0443675
15345,45.0038345818182,39.37965119
15346,60.1904742297183,55.06988555
15347,45.0038345818182,45.12036909
15348,38.9220387936842,43.83256407
15350,24.480708652,26.51089508
15351,38.9220387936842,37.32837199
15352,20.17625435,21.04984522
15354,26.5391469292308,28.27808304
15355,24.480708652,27.08195092
15356,45.0038345818182,39.40081213
15357,26.5391469292308,24.09511804
15358,24.6607094240625,21.0055788
15359,60.1904742297183,58.72059763
15360,24.480708652,22.92922768
15361,60.1904742297183,56.2900986
15362,45.0038345818182,39.86602972
15364,60.1904742297183,60.78121287
15365,60.1904742297183,76.32263335
15366,48.9601047144737,56.04185304
15368,26.5391469292308,26.46760764
15369,48.9601047144737,49.21778302
15371,60.1904742297183,51.15848162
15372,48.9601047144737,48.37717005
15374,45.0038345818182,45.49283981
15375,60.1904742297183,58.79828983
15376,38.9220387936842,36.85295117
15379,26.5391469292308,25.02562376
15380,45.667876549,41.6696278
15382,45.0038345818182,56.07669645
15383,60.1904742297183,72.59956245
15385,45.0038345818182,46.84567195
15386,60.1904742297183,60.12053456
15387,26.5391469292308,28.13892858
15388,32.7518418762857,32.92046148
15389,24.480708652,23.12919268
15390,32.7518418762857,31.78145855
15391,60.1904742297183,63.12899951
15392,38.9220387936842,39.00116449
15393,38.9220387936842,41.81769813
15394,60.1904742297183,66.25872598
15395,48.9601047144737,40.51265566
15396,24.480708652,29.82992639
15397,60.1904742297183,63.12899951
15400,48.9601047144737,43.72006841
15401,26.5391469292308,24.99604567
15402,24.480708652,17.37863057
15403,45.0038345818182,46.84567195
15404,60.1904742297183,54.70555421
15405,38.9220387936842,36.85295117
15406,48.9601047144737,56.97792142
15407,60.1904742297183,68.08061113
15408,38.9220387936842,41.81769813
15410,38.9220387936842,47.97243253
15411,24.480708652,18.21948542
15412,60.1904742297183,56.14882455
15413,45.0038345818182,41.01064122
15414,60.1904742297183,58.97773437
15415,60.1904742297183,56.14882455
15416,45.0038345818182,44.63584613
15418,60.1904742297183,63.80109737
15419,45.0038345818182,37.25225256
15420,60.1904742297183,82.45842063
15421,60.1904742297183,50.52646444
15422,48.9601047144737,60.36838853
15423,48.9601047144737,57.94882045
15424,48.9601047144737,46.04481045
15425,26.5391469292308,NA
15427,24.480708652,29.82992639
15428,60.1904742297183,55.06988555
15429,45.0038345818182,46.41841013
15430,45.0038345818182,52.81633785
15431,60.1904742297183,76.32263335
15432,20.17625435,18.3451447
15433,48.9601047144737,56.51615219
15434,24.480708652,22.92922768
15435,45.667876549,47.80592608
15436,32.7518418762857,28.22950713
15437,20.17625435,23.29650478
15438,38.9220387936842,43.83256407
15439,26.5391469292308,28.27808304
15440,60.1904742297183,59.16488435
15441,32.7518418762857,32.99189562
15442,32.930072935,36.80500902
15443,38.9220387936842,32.52744467
15444,26.5391469292308,NA
15445,48.9601047144737,48.37717005
15446,24.6607094240625,24.80335958
15447,20.17625435,18.03307263
15448,45.0038345818182,45.49283981
15449,38.9220387936842,47.97243253
15450,26.5391469292308,23.81199984
15451,60.1904742297183,49.00311855
15453,24.480708652,22.84103662
15454,60.1904742297183,60.12053456
15455,32.930072935,32.37877251
15456,38.9220387936842,43.83256407
15457,32.7518418762857,31.29010654
15458,32.930072935,31.05055728
15460,48.9601047144737,40.63690914
15461,45.0038345818182,56.07669645
15462,48.9601047144737,56.51615219
15463,24.6607094240625,26.44693062
15464,24.480708652,24.75712516
15465,24.480708652,22.0149909
15466,60.1904742297183,72.59956245
15467,45.0038345818182,43.25786699
15468,20.17625435,22.09332257
15469,24.480708652,26.86602531
15470,60.1904742297183,50.52646444
15471,20.17625435,24.25383323
15472,32.7518418762857,34.27988023
15473,24.6607094240625,25.12439764
15474,32.930072935,40.41610504
15475,38.9220387936842,43.66153242
15477,24.6607094240625,26.19950324
15478,48.9601047144737,51.81349679
15479,38.9220387936842,39.00116449
15480,60.1904742297183,56.2900986
15481,26.5391469292308,23.81199984
15482,20.17625435,19.86765008
15483,32.7518418762857,30.75128854
15484,60.1904742297183,59.02335959
15485,107.084792437778,117.7101073
15486,60.1904742297183,65.08512563
15487,38.9220387936842,43.83256407
15488,60.1904742297183,61.51797294
15489,60.1904742297183,70.17422511
15491,45.0038345818182,42.77676183
15492,48.9601047144737,46.04481045
15493,60.1904742297183,63.80109737
15494,60.1904742297183,58.72059763
15495,24.480708652,22.92922768
15496,45.0038345818182,48.45817757
15497,48.9601047144737,41.21895556
15498,60.1904742297183,62.0443675
15499,48.9601047144737,56.97792142
15501,24.480708652,24.01669286
15502,45.0038345818182,48.14594915
15503,24.480708652,26.51089508
15504,60.1904742297183,50.52646444
15506,48.9601047144737,43.72006841
15507,60.1904742297183,58.69031512
15508,26.5391469292308,28.13892858
15509,45.0038345818182,52.86825432
15511,24.480708652,28.93902397
15512,24.6607094240625,28.05574767
15513,48.9601047144737,54.91555705
15514,32.930072935,33.96664954
15516,20.17625435,20.81173418
15517,24.480708652,31.95658506
15518,26.5391469292308,28.13892858
15520,24.480708652,19.89493337
15521,38.9220387936842,43.83256407
15522,60.1904742297183,83.98668865
15523,45.667876549,47.17504511
15524,60.1904742297183,59.52877043
15525,60.1904742297183,62.12097947
15526,32.7518418762857,34.19872088
15527,24.480708652,31.95658506
15528,32.7518418762857,28.22950713
15530,48.9601047144737,56.97792142
15531,38.9220387936842,41.81769813
15532,60.1904742297183,58.72059763
15533,45.0038345818182,44.63584613
15534,24.480708652,19.62960501
15535,48.9601047144737,56.04185304
15536,48.9601047144737,40.63690914
15537,20.17625435,20.21984895
15539,48.9601047144737,57.32881312
15540,33.1819488305556,38.8124442
15541,38.9220387936842,34.98422118
15542,24.6607094240625,24.80335958
15543,26.5391469292308,NA
15544,60.1904742297183,48.6496551
15545,60.1904742297183,59.02335959
15546,38.9220387936842,37.32837199
15547,45.0038345818182,45.12036909
15548,48.9601047144737,40.80200033
15549,32.7518418762857,25.50728917
15552,32.5374279993333,34.13824336
15553,38.9220387936842,34.98422118
15555,24.480708652,24.01669286
15557,38.9220387936842,36.80402408
15558,48.9601047144737,44.60462482
15559,45.0038345818182,38.99416077
15561,39.0546064846,50.51953318
15562,30.2633911684615,48.51869847
15563,45.0038345818182,52.86825432
15564,60.1904742297183,58.69031512
15565,24.6607094240625,27.23755099
15566,32.7518418762857,32.92046148
15569,32.7518418762857,34.1009554
15570,60.1904742297183,59.02335959
15571,60.1904742297183,51.15848162
15572,60.1904742297183,63.80109737
15573,32.7518418762857,33.56482643
15574,45.0038345818182,38.30409232
15575,26.5391469292308,28.08144402
15576,60.1904742297183,68.85847394
15578,45.0038345818182,46.41841013
15579,60.1904742297183,50.52646444
15580,38.9220387936842,31.46570676
15581,45.667876549,41.6696278
15582,32.7518418762857,31.29010654
15585,26.5391469292308,26.46760764
15586,24.480708652,23.12919268
15587,32.7518418762857,33.72746907
15588,45.0038345818182,52.83973024
15589,38.9220387936842,43.83256407
15590,24.6607094240625,26.79141578
15591,48.9601047144737,60.36838853
15592,45.0038345818182,47.10982066
15593,32.7518418762857,32.60101348
15594,48.9601047144737,48.37717005
15596,60.1904742297183,58.97773437
15597,60.1904742297183,72.59956245
15598,26.5391469292308,NA
15599,42.1100401125,43.55820647
15600,32.7518418762857,35.91675323
15602,45.0038345818182,47.10982066
15603,20.17625435,20.4413583
15604,60.1904742297183,72.59956245
15605,32.930072935,36.53028884
15606,60.1904742297183,59.15295191
15607,24.480708652,28.0378782
15608,60.1904742297183,60.12053456
15609,24.480708652,19.62960501
15610,24.6607094240625,21.0055788
15611,45.0038345818182,44.54173854
15612,48.9601047144737,40.80200033
15613,32.7518418762857,31.62423969
15615,48.9601047144737,38.384195
15616,60.0573171895238,71.41508136
15617,38.9220387936842,36.80402408
15618,48.9601047144737,40.63690914
15619,48.9601047144737,49.21778302
15620,38.9220387936842,47.97243253
15621,38.9220387936842,41.73651539
15622,39.0546064846,39.96894498
15623,107.084792437778,101.4855664
15624,32.7518418762857,31.29010654
15627,45.0038345818182,51.24155301
15628,38.9220387936842,41.81769813
15629,32.7518418762857,31.19669606
15630,60.1904742297183,62.12097947
15631,24.480708652,23.12919268
15632,48.9601047144737,44.60462482
15634,38.9220387936842,36.80402408
15635,60.1904742297183,40.06877491
15636,38.9220387936842,36.80402408
15637,48.9601047144737,42.37199835
15638,42.1100401125,50.37902583
15639,60.1904742297183,59.15295191
15640,26.5391469292308,NA
15642,42.1100401125,45.57381723
15643,42.1100401125,41.8510148
15644,48.9601047144737,46.04481045
15645,26.5391469292308,24.99604567
15646,38.9220387936842,31.46570676
15647,26.5391469292308,NA
15648,60.1904742297183,50.52646444
15649,45.0038345818182,52.86825432
15650,42.1100401125,44.6755937
15651,24.480708652,17.37863057
15652,32.7518418762857,35.91675323
15653,60.1904742297183,60.12053456
15654,26.5391469292308,28.13892858
15656,24.6607094240625,26.19950324
15657,42.1100401125,47.75994378
15658,38.9220387936842,36.85295117
15659,20.17625435,22.09332257
15660,32.7518418762857,33.56482643
15661,39.0546064846,41.99949396
15662,24.480708652,28.93902397
15663,24.6607094240625,24.37518579
15664,38.9220387936842,37.32837199
15665,26.5391469292308,24.99604567
15666,60.1904742297183,58.56210822
15667,60.1904742297183,55.06988555
15668,24.480708652,22.84103662
15670,38.9220387936842,38.78493455
15671,32.7518418762857,35.91675323
15672,48.9601047144737,57.03345739
15673,38.9220387936842,32.35221688
15674,48.9601047144737,56.51615219
15675,45.0038345818182,52.71768594
15677,38.9220387936842,43.83256407
15678,48.9601047144737,53.01690848
15680,38.9220387936842,34.98422118
15681,60.1904742297183,60.81890832
15682,42.1100401125,41.8510148
15683,45.667876549,47.17504511
15684,60.1904742297183,68.85847394
15685,48.9601047144737,40.51265566
15686,45.667876549,48.16858084
15687,26.5391469292308,24.09511804
15688,24.480708652,28.93902397
15689,30.2633911684615,20.93980087
15690,60.1904742297183,62.12097947
15691,45.0038345818182,46.41841013
15692,39.0546064846,33.63544542
15693,38.9220387936842,43.66153242
15694,45.0038345818182,46.41841013
15696,38.9220387936842,36.80402408
15697,60.1904742297183,60.78121287
15698,32.7518418762857,34.57551266
15699,24.480708652,26.51089508
15700,38.9220387936842,30.35519528
15701,48.9601047144737,42.37199835
15702,24.480708652,29.82992639
15703,32.7518418762857,32.92046148
15704,38.9220387936842,30.35519528
15706,32.7518418762857,33.31191127
15707,48.9601047144737,55.01331023
15708,32.7518418762857,34.68199235
15709,60.1904742297183,60.12053456
15710,32.930072935,31.05055728
15711,32.7518418762857,34.27988023
15712,48.9601047144737,54.91555705
15714,38.9220387936842,36.80402408
15715,20.17625435,18.55284386
15717,60.1904742297183,58.56210822
15718,45.0038345818182,44.54173854
15719,42.1100401125,43.60179413
15720,42.1100401125,37.25452681
15721,32.7518418762857,31.78145855
15722,48.9601047144737,40.80200033
15723,60.1904742297183,59.15295191
15724,24.480708652,22.84103662
15725,41.55043933,41.55043933
15726,48.9601047144737,41.21895556
15727,38.9220387936842,36.80402408
15729,38.9220387936842,36.75256714
15730,45.0038345818182,52.86825432
15731,48.9601047144737,46.34281875
15732,48.9601047144737,60.36838853
15733,60.1904742297183,56.2900986
15734,26.5391469292308,NA
15735,29.9663929244444,33.32012738
15736,39.0546064846,38.77051967
15738,48.9601047144737,56.51615219
15739,24.480708652,22.92922768
15740,60.1904742297183,59.15295191
15742,60.1904742297183,60.12053456
15743,48.9601047144737,42.69959864
15744,60.1904742297183,59.28905471
15746,38.9220387936842,32.52744467
15747,24.480708652,19.62960501
15748,60.1904742297183,59.28905471
15749,38.9220387936842,36.80402408
15750,48.9601047144737,54.75316625
15751,42.1100401125,41.8510148
15752,42.1100401125,47.75994378
15753,24.480708652,26.6085052
15754,26.5391469292308,28.08144402
15755,32.7518418762857,28.22950713
15756,26.5391469292308,28.13892858
15757,38.9220387936842,32.52744467
15759,20.17625435,20.81173418
15760,48.9601047144737,46.22716524
15761,39.0546064846,38.54395438
15762,48.9601047144737,42.69959864
15764,60.1904742297183,72.59956245
15765,45.0038345818182,48.14594915
15766,45.667876549,45.82742563
15767,24.6607094240625,27.0758036
15769,32.7518418762857,31.73640343
15770,60.1904742297183,82.45842063
15771,45.667876549,47.17504511
15772,32.7518418762857,34.19872088
15773,38.9220387936842,36.80402408
15774,38.9220387936842,37.32837199
15775,24.480708652,24.75712516
15776,60.1904742297183,60.12262747
15777,48.9601047144737,43.72006841
15779,26.5391469292308,NA
15781,60.1904742297183,59.02335959
15782,60.1904742297183,61.05327615
15783,60.1904742297183,43.7561074
15784,20.17625435,18.03307263
15785,26.5391469292308,29.41208056
15786,48.9601047144737,57.32881312
15787,45.0038345818182,45.12036909
15788,32.7518418762857,32.68462843
15789,24.480708652,22.0149909
15790,32.7518418762857,28.22950713
15791,26.5391469292308,NA
15792,32.7518418762857,34.1009554
15794,45.0038345818182,42.62925236
15795,48.9601047144737,52.40309435
15796,24.480708652,19.62960501
15797,45.0038345818182,44.54173854
15798,60.1904742297183,58.79828983
15799,60.1904742297183,58.72059763
15800,26.5391469292308,NA
15801,38.9220387936842,36.85295117
15803,45.0038345818182,52.81633785
15804,32.7518418762857,32.69176205
15805,20.17625435,18.3451447
15806,48.9601047144737,41.21895556
15807,45.0038345818182,46.84567195
15808,48.9601047144737,38.384195
15809,24.480708652,23.12919268
15810,24.480708652,27.08195092
15811,60.1904742297183,49.72593946
15812,48.9601047144737,56.97792142
15813,45.0038345818182,48.45817757
15814,32.7518418762857,33.56482643
15815,32.7518418762857,30.75128854
15816,26.5391469292308,24.99604567
15817,24.6607094240625,28.05574767
15818,45.0038345818182,46.84567195
15819,60.1904742297183,56.03572897
15820,38.9220387936842,41.81769813
15821,42.1100401125,40.72782929
15822,60.1904742297183,77.24375062
15823,38.9220387936842,39.00116449
15825,24.480708652,17.37863057
15826,26.5391469292308,NA
15827,32.7518418762857,32.92046148
15828,24.480708652,22.92922768
15829,26.5391469292308,NA
15830,60.1904742297183,60.02551835
15831,24.480708652,24.34902149
15832,26.5391469292308,NA
15833,48.9601047144737,51.81349679
15834,60.1904742297183,63.12899951
15836,38.9220387936842,43.83256407
15837,24.480708652,17.7157581
15838,38.9220387936842,30.35519528
15840,45.0038345818182,39.86602972
15841,24.480708652,22.63501526
15842,33.1819488305556,38.14241855
15843,24.480708652,31.95658506
15845,24.6607094240625,26.19950324
15846,38.9220387936842,47.97243253
15847,60.1904742297183,49.72593946
15848,32.7518418762857,33.72746907
15849,48.9601047144737,49.21778302
15850,32.7518418762857,34.57551266
15851,38.9220387936842,36.85295117
15852,26.5391469292308,NA
15853,32.7518418762857,32.60101348
15854,45.0038345818182,46.41841013
15856,24.480708652,23.12919268
15857,60.1904742297183,62.12097947
15860,45.0038345818182,45.12036909
15861,60.1904742297183,60.81922469
15862,26.5391469292308,28.13892858
15863,60.1904742297183,40.06877491
15864,38.9220387936842,36.80402408
15865,32.930072935,30.68746401
15867,32.7518418762857,34.27988023
15868,48.9601047144737,46.34281875
15870,24.480708652,29.82992639
15872,26.5391469292308,24.99604567
15873,45.0038345818182,48.14594915
15874,20.17625435,24.25383323
15875,32.7518418762857,39.87443785
15876,26.5391469292308,23.81199984
15877,24.6607094240625,26.64235923
15878,32.930072935,33.96664954
15879,45.0038345818182,48.14594915
15880,38.9220387936842,39.00116449
15881,38.9220387936842,41.73651539
15882,32.7518418762857,34.61692648
15883,26.5391469292308,28.13892858
15886,45.0038345818182,42.62925236
15887,48.9601047144737,54.92415191
15888,48.9601047144737,60.36838853
15889,20.17625435,18.12286394
15890,38.9220387936842,36.85295117
15891,45.667876549,45.82742563
15893,26.5391469292308,NA
15895,24.480708652,22.84103662
15896,32.7518418762857,32.13199408
15897,33.1819488305556,42.40832028
15898,39.0546064846,38.08205271
15899,32.7518418762857,34.27988023
15900,60.0573171895238,81.98038226
15901,32.7518418762857,33.31191127
15902,42.1100401125,44.6755937
15903,24.480708652,24.20755432
15904,60.1904742297183,66.25872598
15905,39.0546064846,32.28733252
15906,39.0546064846,39.96894498
15908,24.480708652,26.51089508
15909,26.5391469292308,26.18521529
15910,45.667876549,48.16858084
15911,45.0038345818182,45.12036909
15912,32.7518418762857,31.78145855
15913,26.5391469292308,NA
15914,38.9220387936842,36.80402408
15915,39.0546064846,39.63772414
15916,48.9601047144737,56.04185304
15917,60.1904742297183,72.59956245
15919,45.667876549,41.6696278
15920,48.9601047144737,56.04185304
15921,38.9220387936842,43.83256407
15922,24.480708652,22.84103662
15923,38.9220387936842,41.81769813
15924,38.9220387936842,36.75256714
15925,24.480708652,26.86602531
15926,42.1100401125,48.32029032
15927,24.6607094240625,26.44693062
15928,24.480708652,28.93902397
15929,45.0038345818182,46.84567195
15931,39.0546064846,36.98135269
15932,48.9601047144737,48.37717005
15933,32.7518418762857,34.68199235
15934,48.9601047144737,49.53949672
15935,24.6607094240625,19.15498792
15936,32.930072935,33.88550411
15937,20.17625435,22.09332257
15938,26.5391469292308,28.27808304
15939,48.9601047144737,43.72006841
15940,39.0546064846,38.44383017
15941,45.667876549,45.82742563
15942,32.7518418762857,32.60101348
15944,30.2633911684615,37.3827017
15945,26.5391469292308,25.50421112
15947,24.480708652,19.62960501
15949,42.1100401125,41.8510148
15950,45.0038345818182,52.86825432
15951,38.9220387936842,31.46570676
15953,39.0546064846,39.59774957
15954,24.480708652,18.23125983
15955,32.7518418762857,32.68462843
15956,24.6607094240625,25.12439764
15957,24.480708652,24.20755432
15958,20.17625435,18.03307263
15961,38.9220387936842,32.52744467
15962,24.6607094240625,24.51510298
15963,38.9220387936842,36.85295117
15964,33.1819488305556,33.95506682
15966,60.1904742297183,58.97773437
15967,24.480708652,28.93902397
15969,45.0038345818182,44.54173854
15970,42.1100401125,44.6755937
15972,48.9601047144737,41.21895556
15973,32.930072935,34.52320416
15974,39.0546064846,38.54395438
15975,32.7518418762857,32.44805798
15976,24.480708652,19.89493337
15977,45.0038345818182,56.07669645
15978,45.0038345818182,42.62925236
15980,32.930072935,30.68746401
15981,39.0546064846,32.98159887
15982,38.9220387936842,36.85295117
15983,24.6607094240625,26.44693062
15984,48.9601047144737,44.60462482
15985,48.9601047144737,40.63690914
15986,60.1904742297183,62.12097947
15987,60.1904742297183,66.25872598
15988,48.9601047144737,53.01690848
15989,45.0038345818182,48.14594915
15990,30.2633911684615,37.3827017
15991,26.5391469292308,26.46760764
15992,24.480708652,24.20755432
15994,32.7518418762857,33.72746907
15996,26.5391469292308,24.09511804
15997,38.9220387936842,43.83256407
15998,48.9601047144737,53.01690848
15999,26.5391469292308,NA
16000,26.5391469292308,28.13892858
16001,24.6607094240625,24.51510298
16002,32.7518418762857,32.13199408
16003,32.7518418762857,32.78156964
16004,60.0573171895238,56.84994955
16006,32.930072935,28.77052671
16007,32.7518418762857,31.62423969
16008,60.0573171895238,57.20456212
16009,60.0573171895238,48.34007868
16010,24.6607094240625,23.58893815
16011,26.5391469292308,25.02562376
16012,48.9601047144737,46.22716524
16013,24.480708652,22.63501526
16014,60.0573171895238,56.84994955
16015,20.17625435,18.03307263
16016,26.5391469292308,28.08144402
16017,60.1904742297183,48.6496551
16018,24.480708652,29.82992639
16019,26.5391469292308,NA
16020,60.1904742297183,63.12899951
16021,45.0038345818182,46.41841013
16022,24.480708652,22.0149909
16023,60.1904742297183,56.32523297
16024,38.9220387936842,36.85295117
16025,48.9601047144737,56.97792142
16026,32.930072935,40.41610504
16027,38.9220387936842,38.78493455
16028,48.9601047144737,50.1504657
16029,48.9601047144737,56.04185304
16030,20.17625435,20.81173418
16031,39.0546064846,38.44383017
16032,38.9220387936842,41.81769813
16033,45.0038345818182,41.01064122
16034,39.0546064846,39.96528415
16035,33.1819488305556,38.14241855
16036,26.5391469292308,NA
16037,32.930072935,34.8193469
16038,32.7518418762857,34.19872088
16039,24.6607094240625,26.64235923
16040,60.1904742297183,60.12262747
16041,24.480708652,19.89493337
16042,32.930072935,36.80500902
16043,48.9601047144737,40.80200033
16044,20.17625435,18.12286394
16045,38.9220387936842,36.80402408
16046,24.480708652,26.86602531
16047,38.9220387936842,37.32837199
16048,32.7518418762857,32.92046148
16049,60.1904742297183,62.0443675
16050,60.0573171895238,67.87785273
16051,48.9601047144737,45.60730872
16052,26.5391469292308,28.13892858
16053,60.0573171895238,57.43721562
16054,24.6607094240625,26.19950324
16055,60.1904742297183,60.02551835
16056,42.1100401125,40.72782929
16057,60.0573171895238,57.43721562
16058,33.1819488305556,38.8124442
16059,60.0573171895238,56.55987306
16061,19.9832479025,21.17980225
16062,32.7518418762857,32.60101348
16063,60.0573171895238,67.87785273
16065,38.9220387936842,36.85295117
16066,38.9220387936842,47.97243253
16067,48.9601047144737,46.34281875
16068,48.9601047144737,50.1504657
16069,24.480708652,19.62960501
16070,45.0038345818182,47.10982066
16071,38.9220387936842,36.85295117
16072,60.1904742297183,58.72059763
16074,48.9601047144737,38.384195
16077,24.6607094240625,22.67801057
16078,38.9220387936842,38.78493455
16079,38.9220387936842,39.00116449
16080,24.6607094240625,27.06329048
16082,60.1904742297183,56.32523297
16083,42.1100401125,48.32029032
16085,60.1904742297183,58.72059763
16086,45.0038345818182,52.86825432
16087,38.9220387936842,38.78493455
16089,60.0573171895238,57.20456212
16091,38.9220387936842,32.35221688
16092,20.17625435,23.29650478
16093,24.480708652,26.51089508
16094,33.1819488305556,33.61147743
16095,38.9220387936842,36.85295117
16096,39.0546064846,41.99949396
16098,24.480708652,18.23125983
16099,60.0573171895238,57.43721562
16100,60.0573171895238,67.87785273
16101,24.6607094240625,28.05574767
16102,48.9601047144737,40.51265566
16103,38.9220387936842,32.52744467
16104,32.7518418762857,35.95065458
16105,33.1819488305556,38.14241855
16106,26.5391469292308,NA
16107,60.1904742297183,56.00604848
16108,24.480708652,22.92922768
16109,38.9220387936842,43.83256407
16110,20.17625435,21.04984522
16111,20.17625435,18.55284386
16112,26.5391469292308,NA
16113,24.6607094240625,26.75390504
16114,45.667876549,43.9357089
16115,42.1100401125,46.24872601
16116,45.0038345818182,44.63584613
16118,24.480708652,22.63501526
16119,32.7518418762857,34.19872088
16120,24.6607094240625,21.0055788
16121,48.9601047144737,46.34281875
16122,26.5391469292308,26.46760764
16123,45.0038345818182,52.31340145
16124,24.480708652,17.7157581
16125,48.9601047144737,42.69959864
16126,38.9220387936842,32.52744467
16127,26.5391469292308,30.2273019
16128,24.6607094240625,26.44693062
16129,38.9220387936842,30.35519528
16130,20.17625435,18.55284386
16131,38.9220387936842,36.85295117
16132,33.1819488305556,38.14241855
16133,24.480708652,23.12919268
16134,32.7518418762857,35.91675323
16136,38.9220387936842,34.98422118
16137,24.480708652,23.12919268
16138,48.9601047144737,49.21778302
16139,32.7518418762857,31.62423969
16140,24.6607094240625,24.22212669
16141,48.9601047144737,42.37199835
16142,32.930072935,31.05055728
16143,26.5391469292308,24.99604567
16144,32.930072935,36.80500902
16145,32.7518418762857,33.72746907
16146,45.667876549,41.6696278
16147,39.0546064846,42.99060699
16148,60.1904742297183,82.45842063
16149,32.7518418762857,31.19669606
16150,60.0573171895238,48.34007868
16151,26.5391469292308,28.08144402
16152,45.0038345818182,52.81633785
16153,24.480708652,28.93902397
16155,26.5391469292308,28.13892858
16156,60.0573171895238,56.55987306
16157,45.0038345818182,44.13189315
16159,38.9220387936842,39.00116449
16160,39.0546064846,45.14995106
16161,26.5391469292308,28.13892858
16162,39.0546064846,36.96284414
16163,33.1819488305556,33.95506682
16166,38.9220387936842,37.32837199
16167,24.480708652,19.62960501
16168,45.667876549,45.11333684
16170,60.1904742297183,50.52646444
16171,33.1819488305556,38.14241855
16172,26.5391469292308,24.99604567
16173,24.6607094240625,24.51510298
16174,60.1904742297183,60.89199011
16175,45.0038345818182,48.14594915
16176,32.930072935,36.80500902
16177,32.7518418762857,32.92046148
16178,26.5391469292308,30.2273019
16179,24.480708652,18.23125983
16180,38.9220387936842,36.80402408
16182,24.480708652,22.92922768
16183,60.0573171895238,56.84994955
16185,45.667876549,43.9357089
16186,60.0573171895238,66.28590409
16187,33.1819488305556,38.44638989
16188,24.480708652,22.92922768
16190,38.9220387936842,41.81769813
16191,39.0546064846,39.93363251
16192,48.9601047144737,60.36838853
16193,26.5391469292308,24.99604567
16194,32.7518418762857,33.31191127
16195,45.667876549,45.11333684
16196,60.1904742297183,63.52178162
16197,38.9220387936842,32.35221688
16198,38.9220387936842,36.75256714
16199,45.0038345818182,48.45817757
16200,45.0038345818182,41.01064122
16201,45.0038345818182,48.14594915
16202,32.930072935,33.88550411
16203,32.930072935,31.05055728
16205,38.9220387936842,32.35221688
16206,33.1819488305556,28.21680512
16207,48.9601047144737,36.54983067
16208,60.1904742297183,58.72059763
16209,42.1100401125,41.77266471
16210,45.667876549,45.82742563
16211,26.5391469292308,26.18521529
16212,48.9601047144737,53.5136665
16213,60.1904742297183,60.81890832
16214,60.1904742297183,58.79828983
16215,45.667876549,46.42191097
16216,38.9220387936842,36.80402408
16217,20.17625435,18.03307263
16218,20.17625435,19.86765008
16219,60.1904742297183,64.6649738
16220,48.9601047144737,53.01690848
16221,39.0546064846,41.34918136
16222,45.667876549,43.9357089
16223,32.7518418762857,32.44805798
16225,39.0546064846,38.44383017
16226,33.1819488305556,33.95506682
16227,45.667876549,47.80592608
16228,32.7518418762857,33.56482643
16229,26.5391469292308,NA
16230,39.0546064846,42.99060699
16231,38.9220387936842,32.52744467
16232,32.7518418762857,34.89205472
16233,48.9601047144737,43.72006841
16234,38.9220387936842,43.66153242
16235,26.5391469292308,28.13892858
16236,38.9220387936842,37.32837199
16237,60.1904742297183,64.6649738
16238,39.0546064846,38.83299512
16239,20.17625435,20.21984895
16240,39.0546064846,32.98159887
16241,38.9220387936842,36.80402408
16242,48.9601047144737,47.30082225
16243,32.7518418762857,32.92046148
16244,38.9220387936842,39.00116449
16245,26.5391469292308,NA
16246,24.6607094240625,24.22212669
16247,24.6607094240625,23.02367135
16248,45.667876549,43.9357089
16249,39.0546064846,42.99060699
16250,20.17625435,18.3451447
16251,26.5391469292308,NA
16252,42.1100401125,41.50606841
16253,45.667876549,43.9357089
16254,26.5391469292308,25.02562376
16255,45.0038345818182,37.25225256
16256,38.9220387936842,36.85295117
16257,26.5391469292308,28.08144402
16258,32.930072935,31.05055728
16260,39.0546064846,38.44383017
16261,32.7518418762857,31.78145855
16262,39.0546064846,33.97063374
16263,24.480708652,28.0378782
16264,32.7518418762857,32.60101348
16265,39.0546064846,45.14995106
16266,32.7518418762857,34.57551266
16268,48.9601047144737,46.22716524
16269,24.6607094240625,26.19950324
16270,107.084792437778,108.5597717
16271,32.7518418762857,28.51365471
16272,38.9220387936842,39.00116449
16273,20.17625435,19.30112066
16274,60.1904742297183,59.15295191
16275,48.9601047144737,60.36838853
16276,24.480708652,24.01669286
16277,48.9601047144737,47.30082225
16278,60.0573171895238,64.7595765
16279,45.667876549,45.82742563
16280,20.17625435,19.86765008
16281,38.9220387936842,41.73651539
16282,32.930072935,31.10630867
16284,39.0546064846,42.99060699
16286,32.7518418762857,34.89205472
16289,26.5391469292308,25.50421112
16290,39.0546064846,38.44383017
16291,24.480708652,19.62960501
16292,38.9220387936842,39.00116449
16293,32.7518418762857,31.19669606
16295,32.7518418762857,32.78156964
16296,33.1819488305556,33.95506682
16297,48.9601047144737,52.91654986
16298,32.7518418762857,32.13199408
16299,26.5391469292308,NA
16300,39.0546064846,41.61145098
16301,26.5391469292308,25.02562376
16302,48.9601047144737,40.80200033
16303,60.1904742297183,56.00604848
16304,39.0546064846,38.44383017
16305,32.7518418762857,35.91675323
16306,60.1904742297183,63.12899951
16307,48.9601047144737,45.60730872
16308,32.7518418762857,32.92046148
16309,38.9220387936842,32.52744467
16310,60.0573171895238,71.41508136
16311,38.9220387936842,39.00116449
16313,26.5391469292308,NA
16314,38.9220387936842,32.52744467
16315,45.667876549,47.17617468
16316,24.480708652,26.86602531
16317,39.0546064846,42.99060699
16319,45.0038345818182,39.86602972
16320,32.7518418762857,34.57551266
16321,38.9220387936842,43.83256407
16322,38.9220387936842,43.83256407
16323,60.1904742297183,66.25872598
16324,32.930072935,28.77052671
16326,48.9601047144737,56.51615219
16327,39.0546064846,38.44383017
16328,24.6607094240625,26.64235923
16331,39.0546064846,36.28483034
16333,60.0573171895238,56.84994955
16334,32.7518418762857,32.60101348
16335,39.0546064846,37.08856187
16336,32.7518418762857,28.22950713
16337,38.9220387936842,39.00116449
16338,20.17625435,18.03307263
16339,24.480708652,25.72145942
16340,24.6607094240625,26.44693062
16341,28.0229867158333,30.7945286
16342,45.667876549,47.92392012
16343,32.7518418762857,35.91675323
16345,24.6607094240625,23.58893815
16346,32.930072935,31.10630867
16347,26.5391469292308,28.13892858
16348,39.0546064846,38.91408916
16349,33.1819488305556,36.25002782
16350,32.7518418762857,34.61692648
16351,20.17625435,19.86765008
16353,29.9663929244444,31.64007037
16354,32.7518418762857,34.19872088
16355,24.480708652,31.69255219
16356,32.7518418762857,33.72746907
16357,32.930072935,31.10630867
16358,45.667876549,43.9357089
16359,60.0573171895238,67.87785273
16360,32.7518418762857,32.92046148
16361,24.480708652,19.62960501
16362,29.9663929244444,33.35985148
16363,107.084792437778,117.9616654
16364,29.9663929244444,36.29580261
16365,20.17625435,19.86765008
16366,24.6607094240625,26.19950324
16368,48.9601047144737,42.37199835
16369,38.9220387936842,43.83256407
16370,60.1904742297183,61.51797294
16371,26.5391469292308,23.81199984
16372,38.9220387936842,37.32837199
16373,26.5391469292308,24.09511804
16374,107.084792437778,93.87774835
16375,24.6607094240625,27.06329048
16376,42.1100401125,43.60179413
16377,29.9663929244444,35.96090432
16378,24.480708652,28.93902397
16379,32.7518418762857,32.99189562
16380,24.6607094240625,27.0758036
16381,107.084792437778,117.7101073
16382,42.1100401125,50.37902583
16383,26.5391469292308,25.50421112
16384,20.17625435,19.30112066
16385,39.0546064846,34.01595577
16386,32.7518418762857,39.87443785
16387,42.1100401125,44.6755937
16388,45.667876549,46.42191097
16390,24.6607094240625,28.0621053
16391,32.7518418762857,28.22950713
16392,48.9601047144737,45.60730872
16395,32.7518418762857,28.51365471
16396,26.5391469292308,25.02562376
16397,28.0229867158333,25.26170184
16399,48.9601047144737,54.75316625
16400,32.7518418762857,31.78145855
16401,60.1904742297183,59.53127495
16403,48.9601047144737,41.58690209
16404,20.17625435,20.21984895
16405,48.9601047144737,48.37717005
16407,45.667876549,47.17504511
16409,24.6607094240625,28.84053874
16410,39.0546064846,50.51953318
16411,45.0038345818182,50.59402673
16412,26.5391469292308,25.02562376
16413,26.5391469292308,25.02562376
16414,20.17625435,21.04984522
16415,28.0229867158333,21.18580086
16416,29.9663929244444,26.75373634
16417,45.0038345818182,39.86602972
16418,39.0546064846,38.83299512
16419,60.1904742297183,66.25872598
16420,60.1904742297183,50.52646444
16422,39.0546064846,42.73482444
16424,48.9601047144737,50.1504657
16425,26.5391469292308,NA
16426,38.9220387936842,43.83256407
16427,60.1904742297183,68.85847394
16428,33.1819488305556,38.8124442
16429,30.2633911684615,50.90442398
16430,24.480708652,28.93902397
16431,33.1819488305556,38.14241855
16432,39.0546064846,32.28733252
16433,32.7518418762857,35.91675323
16434,24.480708652,26.86602531
16435,45.667876549,47.17504511
16436,24.480708652,27.96591144
16438,24.6607094240625,27.23755099
16439,32.7518418762857,32.92046148
16440,32.930072935,33.41955994
16441,60.1904742297183,83.98668865
16443,38.9220387936842,31.46570676
16444,33.1819488305556,35.51387818
16446,33.1819488305556,38.14241855
16447,20.17625435,22.09332257
16448,48.9601047144737,38.384195
16449,45.667876549,45.11333684
16450,26.5391469292308,NA
16451,48.9601047144737,49.21778302
16452,26.5391469292308,25.50421112
16453,38.9220387936842,62.49316256
16454,32.7518418762857,33.31191127
16455,38.9220387936842,39.00116449
16456,32.930072935,33.41955994
16457,42.1100401125,50.37902583
16458,24.480708652,18.23125983
16459,26.5391469292308,26.18521529
16460,38.9220387936842,37.32837199
16461,29.9663929244444,33.35985148
16462,24.480708652,24.01669286
16463,60.1904742297183,68.85847394
16464,48.9601047144737,50.1504657
16465,24.6607094240625,19.57103493
16466,45.667876549,47.17504511
16467,26.5391469292308,NA
16468,60.1904742297183,49.72593946
16469,39.0546064846,37.31387594
16470,24.6607094240625,26.19950324
16471,38.9220387936842,31.46570676
16472,60.1904742297183,74.69492593
16473,32.7518418762857,33.72746907
16475,60.1904742297183,55.28490707
16476,60.1904742297183,48.6496551
16477,32.7518418762857,33.72746907
16479,26.5391469292308,NA
16480,48.9601047144737,52.40309435
16482,32.7518418762857,34.61692648
16483,24.480708652,24.20755432
16484,24.6607094240625,19.57103493
16485,20.17625435,18.03307263
16486,48.9601047144737,46.04481045
16487,60.1904742297183,48.6496551
16488,38.9220387936842,43.83256407
16489,39.0546064846,39.93363251
16490,32.7518418762857,31.62423969
16493,45.0038345818182,39.40081213
16494,32.930072935,32.10565573
16495,24.6607094240625,26.75390504
16496,24.6607094240625,25.17033717
16498,38.9220387936842,36.85295117
16499,24.6607094240625,28.0621053
16500,24.480708652,19.89493337
16501,32.7518418762857,37.1184579
16502,39.0546064846,55.51792545
16503,32.930072935,31.10630867
16504,29.9663929244444,33.32012738
16505,32.7518418762857,31.17975393
16506,32.7518418762857,33.72746907
16507,20.17625435,18.03307263
16508,29.9663929244444,24.34829422
16510,38.9220387936842,39.00116449
16511,38.9220387936842,30.35519528
16512,24.480708652,22.84103662
16513,42.1100401125,44.6755937
16514,20.17625435,18.3451447
16515,38.9220387936842,47.97243253
16516,32.7518418762857,32.02658335
16517,24.6607094240625,27.23755099
16518,33.1819488305556,38.67074983
16520,60.1904742297183,74.69492593
16521,32.7518418762857,32.02658335
16522,32.7518418762857,31.19669606
16523,38.9220387936842,36.85295117
16524,38.9220387936842,39.00116449
16525,26.5391469292308,29.41208056
16526,39.0546064846,55.51792545
16527,24.6607094240625,24.64648603
16528,32.7518418762857,34.57551266
16529,38.9220387936842,37.32837199
16530,20.17625435,18.03307263
16531,60.0573171895238,71.41508136
16532,38.9220387936842,43.83256407
16534,32.7518418762857,32.68462843
16535,45.0038345818182,38.1553993
16536,26.5391469292308,25.02562376
16537,26.5391469292308,24.09511804
16538,20.17625435,18.3451447
16539,38.9220387936842,36.80402408
16540,29.9663929244444,33.32012738
16541,39.0546064846,43.15089694
16542,39.0546064846,36.8105042
16543,48.9601047144737,38.384195
16544,24.480708652,27.96591144
16545,32.930072935,33.0396606
16546,60.1904742297183,58.79828983
16547,48.9601047144737,46.34281875
16548,24.6607094240625,21.0055788
16549,38.9220387936842,47.97243253
16551,45.667876549,45.82742563
16552,38.9220387936842,43.83256407
16553,48.9601047144737,60.36838853
16554,26.5391469292308,NA
16555,26.5391469292308,NA
16556,48.9601047144737,57.32881312
16557,29.9663929244444,28.25091954
16558,38.9220387936842,36.85295117
16560,60.1904742297183,65.08512563
16561,20.17625435,18.0784178
16562,48.9601047144737,53.01690848
16563,24.6607094240625,25.50433791
16564,29.9663929244444,33.99675325
16565,24.480708652,28.0378782
16566,60.1904742297183,72.59956245
16567,48.9601047144737,56.04185304
16568,39.0546064846,38.3244555
16571,32.7518418762857,33.31191127
16572,38.9220387936842,36.85295117
16573,48.9601047144737,54.75316625
16574,60.1904742297183,49.00311855
16575,24.6607094240625,21.23814522
16576,32.7518418762857,31.78145855
16577,32.7518418762857,32.13199408
16578,20.17625435,20.21984895
16582,38.9220387936842,36.85295117
16583,24.480708652,26.51089508
16584,60.1904742297183,49.00311855
16585,29.9663929244444,35.52732819
16587,38.9220387936842,38.78493455
16588,48.9601047144737,52.40309435
16589,60.1904742297183,61.69726511
16590,26.5391469292308,NA
16591,38.9220387936842,43.83256407
16593,48.9601047144737,56.04185304
16594,26.5391469292308,NA
16595,38.9220387936842,43.83256407
16596,26.5391469292308,NA
16597,45.0038345818182,48.45817757
16598,24.6607094240625,19.57103493
16599,60.0573171895238,57.20456212
16600,32.7518418762857,32.13199408
16601,32.7518418762857,31.78145855
16602,60.1904742297183,54.70555421
16603,20.17625435,18.03307263
16605,24.480708652,24.01669286
16606,24.480708652,24.34902149
16608,33.1819488305556,36.25002782
16609,24.6607094240625,27.0758036
16610,29.9663929244444,28.25091954
16611,30.2633911684615,48.51869847
16612,24.6607094240625,26.79141578
16614,26.5391469292308,NA
16615,32.7518418762857,32.44805798
16617,24.6607094240625,27.23755099
16618,20.17625435,22.09332257
16619,26.5391469292308,NA
16620,38.9220387936842,39.00116449
16621,45.0038345818182,48.45817757
16623,48.9601047144737,43.75933583
16624,48.9601047144737,41.21895556
16625,39.0546064846,42.99060699
16626,24.480708652,18.23125983
16627,45.667876549,47.80592608
16628,38.9220387936842,39.00116449
16629,48.9601047144737,60.36838853
16630,32.7518418762857,31.73640343
16632,48.9601047144737,53.01690848
16633,39.0546064846,41.18495648
16634,24.6607094240625,19.15498792
16636,32.7518418762857,35.91675323
16637,26.5391469292308,NA
16638,60.0573171895238,56.84994955
16639,24.6607094240625,26.75390504
16640,33.1819488305556,38.67074983
16641,38.9220387936842,36.80402408
16642,39.0546064846,39.59774957
16643,60.1904742297183,50.45173192
16644,38.9220387936842,43.83256407
16645,60.0573171895238,68.5440991
16646,26.5391469292308,28.13892858
16647,60.0573171895238,67.87785273
16648,60.1904742297183,56.14882455
16650,20.17625435,22.09332257
16651,38.9220387936842,43.66153242
16652,24.480708652,22.63501526
16653,24.6607094240625,26.19950324
16654,42.1100401125,43.60179413
16655,45.0038345818182,52.83973024
16656,32.7518418762857,33.31191127
16657,38.9220387936842,43.83256407
16658,20.17625435,18.03307263
16659,38.9220387936842,38.78493455
16660,48.9601047144737,52.40309435
16661,32.7518418762857,32.68462843
16662,32.7518418762857,34.1009554
16663,32.930072935,33.34488017
16664,60.1904742297183,58.79828983
16665,24.480708652,22.63501526
16666,24.480708652,28.93902397
16668,60.0573171895238,68.5440991
16669,24.6607094240625,26.19950324
16670,24.6607094240625,27.0758036
16671,32.7518418762857,37.1184579
16674,20.17625435,18.3451447
16675,38.9220387936842,31.46570676
16676,24.6607094240625,24.37518579
16677,48.9601047144737,49.21778302
16678,29.9663929244444,33.35985148
16680,20.17625435,22.09332257
16681,30.2633911684615,26.5322338
16682,26.5391469292308,NA
16683,24.6607094240625,28.47754595
16685,26.5391469292308,24.99604567
16686,26.5391469292308,24.99604567
16688,60.1904742297183,72.59956245
16689,30.2633911684615,48.51869847
16690,38.9220387936842,43.83256407
16691,60.1904742297183,56.2900986
16692,32.930072935,33.88550411
16693,38.9220387936842,47.97243253
16694,29.9663929244444,36.29580261
16695,20.17625435,18.12286394
16696,32.7518418762857,28.22950713
16697,24.6607094240625,28.0621053
16698,45.667876549,49.45786036
16699,24.480708652,18.23125983
16700,60.1904742297183,60.89199011
16701,32.7518418762857,31.19669606
16702,60.1904742297183,58.72059763
16703,24.6607094240625,28.05574767
16704,60.1904742297183,58.72059763
16705,24.480708652,22.85653419
16706,29.9663929244444,33.32012738
16708,38.9220387936842,36.75256714
16709,24.6607094240625,27.0758036
16711,26.5391469292308,NA
16712,32.7518418762857,34.57551266
16713,45.667876549,41.6696278
16714,24.6607094240625,26.44693062
16715,38.9220387936842,32.52744467
16716,32.7518418762857,33.56482643
16717,60.0573171895238,68.5440991
16718,26.5391469292308,NA
16719,24.6607094240625,24.37518579
16720,45.0038345818182,37.25225256
16723,33.1819488305556,32.63581663
16725,32.930072935,31.10630867
16726,45.667876549,49.45786036
16727,48.9601047144737,40.63690914
16728,60.0573171895238,57.20456212
16729,42.1100401125,33.86428147
16731,24.480708652,18.21948542
16732,42.1100401125,48.32029032
16733,39.0546064846,38.54395438
16734,38.9220387936842,39.00116449
16735,29.9663929244444,28.80123013
16736,20.17625435,19.30112066
16737,30.2633911684615,39.37193079
16738,20.17625435,24.25383323
16739,39.0546064846,39.96894498
16740,26.5391469292308,NA
16741,38.9220387936842,37.32837199
16742,39.0546064846,50.50417442
16743,48.9601047144737,57.94882045
16744,32.7518418762857,34.27988023
16745,60.1904742297183,58.72059763
16746,38.9220387936842,36.75256714
16747,24.480708652,28.0378782
16748,24.480708652,31.95658506
16749,24.480708652,26.51089508
16750,29.9663929244444,33.35985148
16752,33.1819488305556,42.40832028
16753,60.1904742297183,67.45109647
16754,39.0546064846,42.99060699
16755,48.9601047144737,45.60730872
16756,60.1904742297183,62.0443675
16757,60.0573171895238,56.84994955
16761,32.7518418762857,33.72746907
16763,60.1904742297183,61.6912308
16765,38.9220387936842,39.00116449
16766,24.480708652,24.01669286
16767,32.7518418762857,32.13199408
16768,38.9220387936842,47.97243253
16769,60.1904742297183,64.6649738
16770,39.0546064846,41.99949396
16771,38.9220387936842,41.81769813
16772,60.1904742297183,55.06988555
16773,24.480708652,29.6630611
16774,60.1904742297183,55.06988555
16775,48.9601047144737,46.22716524
16776,39.0546064846,38.54395438
16777,26.5391469292308,NA
16778,26.5391469292308,24.99604567
16780,48.9601047144737,49.21778302
16781,33.1819488305556,33.95506682
16782,24.6607094240625,26.19950324
16783,24.480708652,25.89232077
16784,38.9220387936842,43.83256407
16785,39.0546064846,36.8105042
16786,26.5391469292308,28.13892858
16787,60.1904742297183,61.51797294
16788,24.480708652,19.89493337
16791,24.480708652,25.72145942
16792,42.1100401125,40.28801822
16793,32.7518418762857,31.78145855
16795,32.7518418762857,32.60101348
16796,45.0038345818182,39.40081213
16797,24.480708652,19.89493337
16798,29.9663929244444,33.35985148
16799,48.9601047144737,40.63690914
16800,32.930072935,33.41955994
16801,26.5391469292308,26.46760764
16802,60.1904742297183,63.12899951
16803,24.6607094240625,24.22212669
16804,45.667876549,47.17617468
16805,39.0546064846,39.59774957
16806,60.0573171895238,54.26676081
16807,39.0546064846,50.50417442
16808,20.17625435,22.09332257
16809,24.480708652,23.12919268
16810,48.9601047144737,46.04481045
16811,38.9220387936842,47.97243253
16812,60.1904742297183,61.69726511
16813,38.9220387936842,43.83256407
16814,32.7518418762857,37.1184579
16815,24.6607094240625,24.64648603
16816,60.1904742297183,53.03910998
16817,24.6607094240625,23.58893815
16819,29.9663929244444,33.32012738
16820,32.7518418762857,31.78145855
16822,45.0038345818182,48.45817757
16823,60.1904742297183,48.59574683
16824,45.0038345818182,42.62925236
16825,24.480708652,26.51089508
16826,32.7518418762857,32.44805798
16827,26.5391469292308,NA
16828,24.480708652,24.01669286
16829,26.5391469292308,26.46760764
16830,26.5391469292308,NA
16831,60.1904742297183,56.03572897
16833,39.0546064846,42.99060699
16835,29.9663929244444,30.92238934
16836,42.1100401125,43.55820647
16837,39.0546064846,38.91408916
16838,32.7518418762857,32.13199408
16839,39.0546064846,38.01754766
16840,38.9220387936842,47.97243253
16842,32.7518418762857,31.19669606
16843,38.9220387936842,31.46570676
16844,24.6607094240625,27.06329048
16846,32.930072935,31.05055728
16847,60.1904742297183,67.45109647
16848,33.1819488305556,24.74363712
16849,48.9601047144737,46.04481045
16850,39.0546064846,38.44383017
16851,38.9220387936842,43.83256407
16852,24.6607094240625,19.57103493
16853,24.6607094240625,26.19950324
16854,24.6607094240625,26.64235923
16855,38.9220387936842,32.35221688
16857,24.6607094240625,27.0758036
16858,38.9220387936842,32.35221688
16859,26.5391469292308,25.02562376
16860,29.9663929244444,33.99675325
16861,24.480708652,26.86602531
16862,33.1819488305556,38.8124442
16863,45.0038345818182,46.84567195
16864,26.5391469292308,NA
16865,60.1904742297183,62.11168197
16866,29.9663929244444,35.96090432
16867,60.1904742297183,59.15295191
16868,32.7518418762857,33.31191127
16870,32.7518418762857,35.91675323
16871,42.1100401125,45.57381723
16872,42.1100401125,47.75994378
16873,38.9220387936842,36.85295117
16874,60.1904742297183,60.81922469
16875,60.1904742297183,50.52646444
16876,39.0546064846,33.97063374
16878,38.9220387936842,43.83256407
16879,26.5391469292308,28.13892858
16880,38.9220387936842,36.80402408
16881,29.9663929244444,32.5207443
16882,39.0546064846,37.31387594
16883,32.7518418762857,30.75128854
16884,48.9601047144737,54.75316625
16885,24.480708652,19.89493337
16886,42.1100401125,43.60179413
16887,29.9663929244444,24.34829422
16888,38.9220387936842,36.85295117
16889,48.9601047144737,49.53949672
16890,38.9220387936842,36.80402408
16891,32.7518418762857,31.29010654
16892,38.9220387936842,41.73651539
16893,60.1904742297183,62.12097947
16894,60.0573171895238,56.84994955
16895,60.1904742297183,61.69726511
16896,48.9601047144737,49.53949672
16897,39.0546064846,50.51953318
16898,32.7518418762857,33.56482643
16899,24.480708652,26.86602531
16900,38.9220387936842,43.66153242
16904,26.5391469292308,28.13892858
16905,48.9601047144737,43.75933583
16906,24.480708652,23.12919268
16907,60.1904742297183,66.68332177
16908,48.9601047144737,43.72006841
16910,32.7518418762857,34.57551266
16911,32.7518418762857,37.1184579
16912,38.9220387936842,43.83256407
16913,38.9220387936842,41.73651539
16914,38.9220387936842,37.32837199
16915,42.1100401125,37.25452681
16916,60.1904742297183,64.18057419
16917,20.17625435,18.3451447
16919,45.0038345818182,45.49283981
16920,60.0573171895238,81.98038226
16921,38.9220387936842,41.73651539
16922,39.0546064846,38.08205271
16923,45.0038345818182,39.40081213
16925,39.0546064846,38.23389085
16926,29.9663929244444,26.75373634
16927,26.5391469292308,29.41208056
16928,60.0573171895238,56.55987306
16929,26.5391469292308,23.81199984
16930,24.480708652,17.7157581
16931,48.9601047144737,43.75933583
16932,60.0573171895238,65.55824215
16933,38.9220387936842,32.52744467
16934,60.1904742297183,60.12053456
16935,60.1904742297183,56.00604848
16936,39.0546064846,41.34918136
16937,24.480708652,26.86602531
16938,60.1904742297183,63.52178162
16941,26.5391469292308,28.13892858
16942,38.9220387936842,36.75256714
16943,45.0038345818182,52.71768594
16944,32.7518418762857,32.92046148
16945,38.9220387936842,43.83256407
16946,45.0038345818182,38.1553993
16948,32.7518418762857,32.92046148
16949,32.930072935,33.41955994
16950,45.0038345818182,41.70994534
16952,48.9601047144737,56.04185304
16953,32.7518418762857,32.68462843
16955,60.1904742297183,60.81890832
16956,38.9220387936842,38.78493455
16957,45.0038345818182,46.41841013
16958,32.7518418762857,32.60101348
16959,26.5391469292308,24.99604567
16960,38.9220387936842,36.85295117
16961,33.1819488305556,36.25002782
16962,38.9220387936842,39.00116449
16963,24.480708652,24.20755432
16964,29.9663929244444,32.5207443
16965,60.1904742297183,65.64990636
16966,48.9601047144737,41.58690209
16967,38.9220387936842,31.46570676
16968,39.0546064846,37.08856187
16969,39.0546064846,38.08205271
16970,60.0573171895238,66.28590409
16971,38.9220387936842,34.98422118
16972,60.1904742297183,48.59574683
16973,24.480708652,25.72145942
16974,60.0573171895238,57.43721562
16976,39.0546064846,49.10905624
16977,32.7518418762857,35.91675323
16980,38.9220387936842,43.83256407
16981,48.9601047144737,40.63690914
16982,39.0546064846,38.91408916
16983,29.9663929244444,33.35985148
16984,39.0546064846,38.77051967
16985,26.5391469292308,NA
16986,39.0546064846,39.96894498
16987,38.9220387936842,32.52744467
16988,45.0038345818182,42.62925236
16990,48.9601047144737,52.91654986
16991,24.480708652,17.7157581
16992,32.7518418762857,32.69176205
16993,32.930072935,33.0396606
16994,60.1904742297183,55.63335693
16995,29.9663929244444,37.99017724
16996,38.9220387936842,39.00116449
16998,24.480708652,22.0149909
16999,32.7518418762857,33.72746907
17001,38.9220387936842,32.52744467
17002,26.5391469292308,NA
17003,48.9601047144737,46.34281875
17004,45.0038345818182,43.25786699
17005,38.9220387936842,43.83256407
17006,29.9663929244444,28.80123013
17007,39.0546064846,39.96894498
17008,24.6607094240625,28.05574767
17009,24.480708652,17.7157581
17010,39.0546064846,34.01595577
17011,60.0573171895238,48.34007868
17013,38.9220387936842,32.35221688
17014,32.7518418762857,35.91675323
17015,29.9663929244444,24.34829422
17016,32.930072935,28.77052671
17017,45.0038345818182,51.24155301
17018,42.1100401125,41.8510148
17019,48.9601047144737,43.72006841
17020,39.0546064846,36.96284414
17021,26.5391469292308,24.78525062
17023,33.1819488305556,38.14241855
17024,45.0038345818182,44.63584613
17025,26.5391469292308,NA
17026,20.17625435,18.03307263
17027,28.0229867158333,33.96871459
17028,38.9220387936842,41.73651539
17029,38.9220387936842,32.52744467
17030,33.1819488305556,38.14241855
17031,29.9663929244444,37.99017724
17032,48.9601047144737,50.1504657
17033,39.0546064846,42.99060699
17034,29.9663929244444,27.06234655
17035,60.0573171895238,64.7595765
17036,24.480708652,22.84103662
17037,38.9220387936842,31.46570676
17038,39.0546064846,38.01754766
17039,60.1904742297183,72.59956245
17040,32.7518418762857,32.68462843
17041,24.480708652,29.82992639
17042,26.5391469292308,25.02562376
17043,60.1904742297183,50.45173192
17044,26.5391469292308,NA
17045,32.7518418762857,31.78145855
17046,26.5391469292308,NA
17048,42.1100401125,43.55820647
17050,60.1904742297183,49.00311855
17051,26.5391469292308,NA
17052,32.7518418762857,32.69176205
17053,38.9220387936842,39.00116449
17055,24.480708652,19.62960501
17056,29.9663929244444,35.52732819
17057,26.5391469292308,26.46760764
17058,60.1904742297183,59.28905471
17059,39.0546064846,42.99060699
17060,29.9663929244444,35.52732819
17061,32.930072935,33.34488017
17062,60.1904742297183,58.56210822
17063,32.5374279993333,30.42690277
17064,20.17625435,18.55284386
17065,45.0038345818182,46.84567195
17066,48.9601047144737,50.1504657
17067,26.5391469292308,29.41208056
17068,38.9220387936842,32.52744467
17069,38.9220387936842,43.83256407
17070,32.7518418762857,32.13199408
17071,26.5391469292308,NA
17072,38.9220387936842,43.83256407
17073,33.1819488305556,38.8124442
17074,45.0038345818182,51.24155301
17075,32.7518418762857,32.78156964
17076,38.9220387936842,32.52744467
17077,60.1904742297183,70.17422511
17079,24.480708652,22.84910105
17080,26.5391469292308,NA
17081,26.5391469292308,26.46760764
17083,48.9601047144737,49.21778302
17084,38.9220387936842,36.80402408
17086,32.5374279993333,30.42690277
17087,60.1904742297183,68.85847394
17088,45.0038345818182,52.86825432
17089,32.7518418762857,31.29010654
17090,32.7518418762857,32.68462843
17091,32.5374279993333,36.99625911
17094,30.2633911684615,50.90442398
17095,33.1819488305556,38.8124442
17096,60.1904742297183,63.74524786
17097,29.9663929244444,24.34829422
17098,29.9663929244444,37.99017724
17099,24.480708652,19.89493337
17100,38.9220387936842,36.80402408
17101,24.6607094240625,27.0758036
17103,48.9601047144737,49.53949672
17104,26.5391469292308,NA
17105,48.9601047144737,56.97792142
17106,60.1904742297183,63.12899951
17107,32.7518418762857,33.31191127
17108,26.5391469292308,NA
17109,60.0573171895238,68.5440991
17110,32.5374279993333,35.46870816
17111,38.9220387936842,39.00116449
17112,38.9220387936842,36.80402408
17113,45.0038345818182,52.86825432
17114,26.5391469292308,26.46760764
17115,26.5391469292308,28.13892858
17116,32.7518418762857,35.91675323
17117,32.5374279993333,37.853019
17118,33.1819488305556,38.8124442
17119,32.5374279993333,30.42690277
17121,38.9220387936842,41.73651539
17122,24.6607094240625,26.44693062
17123,32.7518418762857,33.56482643
17124,60.1904742297183,53.08734646
17125,26.5391469292308,NA
17126,33.1819488305556,40.03213765
17127,32.7518418762857,37.6806538
17130,26.5391469292308,26.46760764
17131,32.7518418762857,33.56482643
17132,33.1819488305556,38.67074983
17133,38.9220387936842,39.00116449
17134,32.930072935,36.53028884
17135,45.0038345818182,52.81633785
17136,38.9220387936842,32.52744467
17138,39.0546064846,49.10905624
17139,33.1819488305556,38.8124442
17140,32.7518418762857,31.78145855
17141,32.5374279993333,32.87881084
17142,32.7518418762857,37.1184579
17143,24.480708652,29.82992639
17144,48.9601047144737,52.40309435
17145,38.9220387936842,39.00116449
17146,32.5374279993333,33.05141783
17149,42.1100401125,48.32029032
17150,60.1904742297183,58.97773437
17151,32.5374279993333,33.05141783
17152,60.1904742297183,61.51797294
17153,60.0573171895238,54.26676081
17154,24.480708652,28.0378782
17155,32.7518418762857,34.27988023
17158,32.5374279993333,37.853019
17159,38.9220387936842,34.98422118
17160,24.480708652,17.7157581
17161,32.7518418762857,33.56482643
17162,60.1904742297183,58.79828983
17163,29.9663929244444,24.34829422
17164,32.5374279993333,30.32263912
17165,38.9220387936842,38.78493455
17166,26.5391469292308,NA
17167,45.0038345818182,56.07669645
17168,24.480708652,22.92922768
17169,24.480708652,22.84103662
17170,60.0573171895238,54.26676081
17171,38.9220387936842,32.35221688
17172,32.7518418762857,32.44805798
17173,60.1904742297183,55.06988555
17174,26.5391469292308,24.78525062
17175,29.9663929244444,33.99675325
17176,24.6607094240625,28.05574767
17177,39.0546064846,31.33979869
17179,38.9220387936842,41.81769813
17181,26.5391469292308,NA
17182,48.9601047144737,56.51615219
17183,39.0546064846,32.98159887
17184,38.9220387936842,43.83256407
17185,107.084792437778,108.5597717
17186,38.9220387936842,36.75256714
17187,39.0546064846,39.63772414
17188,24.480708652,22.92922768
17189,29.9663929244444,33.99675325
17190,39.0546064846,32.24649811
17191,32.7518418762857,31.73640343
17192,32.5374279993333,32.87881084
17193,60.1904742297183,58.72059763
17194,20.17625435,20.4413583
17195,60.1904742297183,60.12053456
17196,42.1100401125,43.55820647
17197,39.0546064846,41.61145098
17198,26.5391469292308,NA
17200,60.1904742297183,64.18057419
17201,38.9220387936842,36.80402408
17202,32.7518418762857,34.61692648
17203,48.9601047144737,48.37717005
17204,32.930072935,33.88550411
17206,45.667876549,47.17504511
17207,60.1904742297183,74.69492593
17208,33.1819488305556,42.40832028
17209,48.9601047144737,42.37199835
17211,45.667876549,47.17617468
17213,33.1819488305556,36.25002782
17214,48.9601047144737,57.94882045
17215,39.0546064846,36.28483034
17216,60.1904742297183,48.03843236
17217,24.480708652,22.84103662
17218,29.9663929244444,37.99017724
17219,45.0038345818182,45.12036909
17220,38.9220387936842,31.46570676
17221,33.1819488305556,38.67074983
17222,60.0573171895238,89.78763124
17223,38.9220387936842,36.80402408
17224,48.9601047144737,60.36838853
17225,48.9601047144737,44.60462482
17226,39.0546064846,36.98135269
17227,26.5391469292308,NA
17228,24.480708652,27.96591144
17229,38.9220387936842,43.83256407
17230,60.1904742297183,70.17422511
17231,29.9663929244444,30.83752103
17232,32.5374279993333,34.9397811
17233,39.0546064846,39.96894498
17234,32.7518418762857,28.22950713
17235,32.7518418762857,32.44805798
17237,24.480708652,22.63501526
17238,60.1904742297183,60.12053456
17239,60.1904742297183,56.03572897
17240,45.0038345818182,52.31340145
17241,45.0038345818182,52.86825432
17242,29.9663929244444,33.35985148
17243,32.7518418762857,34.57551266
17245,32.7518418762857,31.78145855
17246,26.5391469292308,26.18521529
17247,48.9601047144737,45.60730872
17248,32.5374279993333,25.90439853
17249,33.1819488305556,42.40832028
17251,38.9220387936842,38.78493455
17252,38.9220387936842,43.83256407
17253,45.0038345818182,48.14594915
17254,107.084792437778,101.4855664
17255,24.480708652,22.85653419
17256,42.1100401125,45.57381723
17257,60.0573171895238,49.99352626
17258,38.9220387936842,36.85295117
17259,32.5374279993333,30.42690277
17260,45.667876549,49.45786036
17261,42.1100401125,50.37902583
17262,39.0546064846,37.08856187
17264,42.1100401125,48.32029032
17266,32.7518418762857,34.19872088
17267,60.1904742297183,64.6649738
17268,32.930072935,33.19101317
17269,107.084792437778,110.8782025
17270,107.084792437778,117.9616654
17271,39.0546064846,43.15089694
17272,48.9601047144737,53.5136665
17273,32.5374279993333,30.42690277
17275,38.9220387936842,41.73651539
17276,42.1100401125,43.55820647
17277,32.5374279993333,34.53769629
17278,39.0546064846,42.99060699
17279,26.5391469292308,NA
17280,26.5391469292308,24.99604567
17281,38.9220387936842,37.32837199
17282,29.9663929244444,35.52732819
17283,60.1904742297183,67.45109647
17284,39.0546064846,41.99949396
17285,45.667876549,42.45209823
17286,60.1904742297183,70.17422511
17287,29.9663929244444,36.29580261
17288,60.0573171895238,69.35702208
17289,48.9601047144737,55.01331023
17290,32.7518418762857,32.60101348
17291,32.5374279993333,34.53769629
17292,38.9220387936842,36.85295117
17293,60.1904742297183,82.45842063
17294,45.0038345818182,44.54173854
17295,24.480708652,17.7157581
17298,39.0546064846,38.77051967
17299,24.480708652,23.12919268
17300,38.9220387936842,32.52744467
17302,39.0546064846,33.97063374
17303,32.5374279993333,33.54896464
17304,32.7518418762857,35.91675323
17306,48.9601047144737,50.1504657
17307,48.9601047144737,41.21895556
17308,32.5374279993333,33.54896464
17309,32.5374279993333,34.9397811
17312,45.667876549,47.80592608
17313,39.0546064846,38.77051967
17314,32.7518418762857,32.02658335
17315,26.5391469292308,NA
17317,33.1819488305556,42.40832028
17318,60.1904742297183,60.78121287
17319,32.7518418762857,30.75128854
17320,24.480708652,19.89493337
17322,32.5374279993333,38.69129447
17323,29.9663929244444,27.06234655
17324,33.1819488305556,33.95506682
17325,48.9601047144737,42.37199835
17326,29.9663929244444,33.35985148
17327,38.9220387936842,39.00116449
17328,29.9663929244444,33.32012738
17329,38.9220387936842,41.73651539
17330,24.480708652,29.82992639
17331,32.7518418762857,31.17975393
17332,38.9220387936842,36.85295117
17333,32.5374279993333,34.95895562
17334,60.1904742297183,64.6649738
17337,32.5374279993333,35.46870816
17338,39.0546064846,37.75028937
17339,32.5374279993333,34.53769629
17340,60.1904742297183,61.69726511
17341,45.0038345818182,39.86602972
17343,32.7518418762857,34.61692648
17344,24.480708652,22.92922768
17345,32.930072935,31.10630867
17346,39.0546064846,33.63544542
17347,26.5391469292308,NA
17348,42.1100401125,43.55820647
17349,39.0546064846,33.97063374
17353,38.9220387936842,36.80402408
17354,29.9663929244444,30.83752103
17355,24.480708652,28.0378782
17356,29.9663929244444,33.99675325
17357,29.9663929244444,30.83752103
17358,26.5391469292308,NA
17359,24.480708652,26.6085052
17360,32.7518418762857,31.29010654
17361,20.17625435,24.25383323
17362,24.6607094240625,27.06329048
17364,32.7518418762857,35.91675323
17365,32.5374279993333,25.19451682
17366,39.0546064846,35.15252293
17367,29.9663929244444,35.52732819
17368,32.5374279993333,33.54896464
17369,39.0546064846,45.14995106
17370,42.1100401125,37.37004051
17371,20.17625435,20.4413583
17373,33.1819488305556,38.14241855
17374,48.9601047144737,56.97792142
17375,48.9601047144737,57.32881312
17377,26.5391469292308,26.46760764
17378,24.480708652,31.95658506
17379,38.9220387936842,37.32837199
17380,32.5374279993333,34.53769629
17381,60.0573171895238,48.34007868
17382,24.480708652,24.20755432
17383,32.7518418762857,31.62423969
17385,32.5374279993333,24.85777418
17386,24.480708652,25.89232077
17387,26.5391469292308,NA
17388,32.7518418762857,32.69176205
17389,32.5374279993333,32.87881084
17391,32.7518418762857,33.72746907
17392,45.667876549,45.11333684
17393,29.9663929244444,29.24538866
17394,32.5374279993333,34.13824336
17395,33.1819488305556,36.25002782
17396,29.9663929244444,28.80123013
17397,20.17625435,19.86765008
17398,38.9220387936842,38.78493455
17399,24.480708652,26.51089508
17400,24.480708652,17.37863057
17401,24.480708652,28.0378782
17402,32.7518418762857,25.50728917
17403,30.2633911684615,48.51869847
17404,26.5391469292308,NA
17405,45.667876549,46.42191097
17406,45.667876549,46.63079039
17407,29.9663929244444,24.34829422
17408,32.7518418762857,33.56482643
17409,32.5374279993333,30.77845731
17410,32.5374279993333,38.69129447
17411,24.480708652,28.93902397
17412,48.9601047144737,43.75933583
17413,26.5391469292308,25.50421112
17414,32.7518418762857,34.19872088
17415,45.667876549,47.14563255
17416,32.7518418762857,35.95065458
17417,20.17625435,20.81173418
17418,24.480708652,24.01669286
17419,48.9601047144737,51.81349679
17420,32.5374279993333,33.05141783
17421,60.0573171895238,54.26676081
17422,20.17625435,18.55284386
17423,38.9220387936842,32.52744467
17424,29.9663929244444,29.24538866
17425,107.084792437778,101.4855664
17426,38.9220387936842,43.66153242
17427,24.6607094240625,23.02367135
17429,39.0546064846,41.99949396
17430,29.9663929244444,36.29580261
17431,32.7518418762857,32.99189562
17432,33.1819488305556,38.67074983
17433,48.9601047144737,57.32881312
17434,38.9220387936842,41.73651539
17436,39.0546064846,38.54395438
17437,24.480708652,25.89232077
17438,32.7518418762857,32.68462843
17439,48.9601047144737,49.21778302
17440,38.9220387936842,34.98422118
17441,32.5374279993333,35.46870816
17442,45.667876549,49.45786036
17444,24.480708652,24.75712516
17445,30.2633911684615,48.51869847
17446,32.5374279993333,24.24117895
17447,39.0546064846,37.75028937
17448,45.667876549,41.6696278
17450,39.0546064846,38.77051967
17451,32.7518418762857,32.68462843
17452,24.480708652,28.93902397
17453,32.5374279993333,30.77845731
17454,38.9220387936842,32.52744467
17456,38.9220387936842,32.52744467
17457,20.17625435,18.0784178
17458,24.480708652,22.63501526
17459,32.5374279993333,34.13824336
17461,32.7518418762857,32.13199408
17462,60.0573171895238,48.34007868
17463,24.6607094240625,21.0055788
17464,39.0546064846,37.08856187
17465,48.9601047144737,42.69959864
17466,38.9220387936842,47.97243253
17467,26.5391469292308,26.46760764
17468,60.1904742297183,70.17422511
17469,32.5374279993333,30.32263912
17470,26.5391469292308,26.46760764
17471,32.5374279993333,34.95895562
17472,48.9601047144737,46.04481045
17473,48.9601047144737,41.21895556
17474,24.480708652,29.82992639
17476,26.5391469292308,24.09511804
17478,60.1904742297183,68.85847394
17479,26.5391469292308,24.99604567
17480,60.1904742297183,55.28490707
17481,38.9220387936842,47.97243253
17482,29.9663929244444,33.35985148
17484,60.1904742297183,59.45508929
17485,32.7518418762857,32.60101348
17486,26.5391469292308,26.46760764
17487,32.7518418762857,28.51365471
17488,45.0038345818182,44.63584613
17489,24.480708652,23.12919268
17490,60.1904742297183,59.28905471
17491,26.5391469292308,NA
17492,45.667876549,48.16858084
17493,32.5374279993333,33.04300971
17494,32.5374279993333,33.05141783
17495,45.0038345818182,38.1553993
17496,60.1904742297183,60.81922469
17497,24.480708652,27.96591144
17499,24.480708652,24.01669286
17501,60.1904742297183,68.85847394
17502,32.7518418762857,32.13199408
17503,30.2633911684615,50.90442398
17504,29.9663929244444,35.52732819
17505,48.9601047144737,40.80200033
17506,48.9601047144737,46.04481045
17507,32.5374279993333,34.53769629
17508,45.667876549,41.6696278
17509,60.1904742297183,62.12097947
17511,26.5391469292308,NA
17514,32.5374279993333,34.53769629
17515,29.9663929244444,33.99675325
17517,20.17625435,18.55284386
17518,38.9220387936842,31.46570676
17519,48.9601047144737,53.01690848
17520,32.5374279993333,30.42690277
17521,48.9601047144737,57.32881312
17522,48.9601047144737,42.37199835
17523,39.0546064846,36.47192183
17525,24.480708652,28.93902397
17527,60.1904742297183,54.70555421
17528,29.9663929244444,30.92044758
17529,60.1904742297183,64.6649738
17530,48.9601047144737,40.80200033
17531,32.5374279993333,37.03381275
17532,45.0038345818182,39.37965119
17533,60.1904742297183,59.16488435
17534,48.9601047144737,40.51265566
17535,38.9220387936842,41.81769813
17536,42.1100401125,44.6755937
17537,24.6607094240625,28.47754595
17539,26.5391469292308,28.08144402
17540,29.9663929244444,33.32012738
17541,32.5374279993333,32.87881084
17543,32.5374279993333,34.13824336
17544,39.0546064846,38.54395438
17545,26.3406693354545,29.72408603
17546,45.667876549,45.82742563
17547,60.1904742297183,58.72059763
17548,20.17625435,18.55284386
17549,60.1904742297183,58.72059763
17550,39.0546064846,38.91408916
17551,20.17625435,22.09332257
17552,45.667876549,41.6696278
17553,32.5374279993333,34.53769629
17554,60.1904742297183,63.12899951
17555,60.1904742297183,56.2900986
17557,60.1904742297183,59.15295191
17559,29.9663929244444,35.99291256
17561,38.9220387936842,41.81769813
17562,26.3406693354545,25.61993548
17564,39.0546064846,41.61145098
17565,26.5391469292308,NA
17566,38.9220387936842,31.46570676
17567,45.667876549,46.42191097
17569,39.0546064846,38.3244555
17570,32.5374279993333,30.43127329
17572,32.5374279993333,34.95895562
17573,39.0546064846,51.31677596
17574,26.5391469292308,NA
17575,24.480708652,23.12919268
17577,29.9663929244444,33.99675325
17578,60.1904742297183,58.72059763
17579,38.9220387936842,32.52744467
17581,20.17625435,23.29650478
17582,45.0038345818182,52.71768594
17583,24.6607094240625,28.84053874
17585,32.7518418762857,33.72746907
17586,26.5391469292308,NA
17587,45.0038345818182,39.37965119
17588,26.5391469292308,28.08144402
17589,42.1100401125,46.24872601
17590,29.9663929244444,35.99291256
17591,60.1904742297183,62.12097947
17592,60.1904742297183,70.17422511
17594,38.9220387936842,43.83256407
17595,48.9601047144737,44.60462482
17596,42.1100401125,43.55820647
17597,48.9601047144737,40.51265566
17598,26.5391469292308,NA
17599,39.0546064846,41.34918136
17602,42.1100401125,43.55820647
17603,32.5374279993333,30.77845731
17604,32.5374279993333,30.42690277
17605,32.7518418762857,33.56482643
17606,32.7518418762857,32.92046148
17607,32.5374279993333,34.53769629
17608,29.9663929244444,30.92044758
17609,20.17625435,18.12286394
17610,32.5374279993333,34.9397811
17612,60.0573171895238,49.6570259
17613,60.1904742297183,56.32523297
17614,24.480708652,22.0149909
17615,39.0546064846,39.96528415
17616,32.7518418762857,31.17975393
17617,29.9663929244444,35.52732819
17618,48.9601047144737,40.63690914
17619,60.1904742297183,66.25872598
17620,32.5374279993333,34.53769629
17621,107.084792437778,95.23094649
17623,32.5374279993333,34.13824336
17624,60.1904742297183,55.63335693
17626,26.5391469292308,NA
17627,29.9663929244444,24.34829422
17629,60.1904742297183,59.16488435
17630,60.0573171895238,64.7595765
17631,60.1904742297183,48.6496551
17632,39.0546064846,38.23389085
17633,32.5374279993333,30.77845731
17634,24.480708652,22.85653419
17635,32.7518418762857,32.92046148
17636,32.5374279993333,30.77845731
17637,24.480708652,29.82992639
17638,32.7518418762857,32.68462843
17639,24.480708652,22.84103662
17640,32.930072935,28.77052671
17642,26.3406693354545,41.11839539
17643,33.1819488305556,38.44638989
17644,32.5374279993333,33.54896464
17645,39.0546064846,50.51953318
17646,32.7518418762857,31.19669606
17647,42.1100401125,48.32029032
17648,29.9663929244444,33.99675325
17649,48.9601047144737,43.72006841
17650,29.9663929244444,24.34829422
17651,38.9220387936842,36.80402408
17652,60.1904742297183,66.68332177
17653,39.0546064846,41.61145098
17654,26.3406693354545,25.27788518
17655,32.5374279993333,30.77845731
17656,24.480708652,22.63501526
17657,39.0546064846,42.99060699
17658,24.480708652,24.75712516
17659,60.1904742297183,61.69726511
17660,60.1904742297183,56.14882455
17661,38.9220387936842,36.85295117
17662,60.1904742297183,70.17422511
17664,29.9663929244444,28.80123013
17665,26.3406693354545,41.11839539
17666,24.480708652,22.63501526
17667,60.1904742297183,43.7561074
17668,48.9601047144737,46.22716524
17669,26.3406693354545,41.11839539
17670,32.7518418762857,32.13199408
17671,20.17625435,21.04984522
17672,24.6607094240625,26.44693062
17673,39.0546064846,41.34918136
17674,60.1904742297183,68.85847394
17676,60.1904742297183,60.78121287
17677,32.930072935,28.77052671
17678,29.9663929244444,33.35985148
17680,32.5374279993333,37.59529054
17681,48.9601047144737,55.01331023
17682,29.9663929244444,28.81701196
17684,60.0573171895238,81.98038226
17685,60.1904742297183,58.69031512
17686,24.480708652,25.72145942
17687,32.7518418762857,31.19669606
17688,26.5391469292308,NA
17689,32.5374279993333,34.9397811
17690,60.0573171895238,69.35702208
17691,38.9220387936842,32.52744467
17692,38.9220387936842,34.98422118
17693,33.1819488305556,38.14241855
17694,38.9220387936842,31.46570676
17696,24.480708652,31.69255219
17697,32.5374279993333,34.9397811
17698,48.9601047144737,49.53949672
17699,38.9220387936842,36.80402408
17700,38.9220387936842,36.80402408
17701,24.480708652,26.6085052
17702,32.5374279993333,32.87881084
17703,48.9601047144737,51.81349679
17704,39.0546064846,37.31387594
17705,26.3406693354545,22.77454441
17706,48.9601047144737,42.37199835
17707,39.0546064846,39.93363251
17708,29.9663929244444,33.35985148
17709,60.1904742297183,49.00311855
17711,38.9220387936842,39.00116449
17712,29.9663929244444,33.32012738
17713,32.5374279993333,30.43127329
17714,45.0038345818182,48.14594915
17715,24.480708652,22.84103662
17716,32.7518418762857,32.99189562
17717,24.6607094240625,26.64235923
17718,20.17625435,18.03307263
17719,48.9601047144737,44.60462482
17720,38.9220387936842,36.85295117
17721,32.7518418762857,34.19872088
17723,20.17625435,19.30112066
17724,29.9663929244444,33.35985148
17725,38.9220387936842,41.81769813
17726,38.9220387936842,41.73651539
17727,26.5391469292308,NA
17728,38.9220387936842,36.80402408
17729,48.9601047144737,38.384195
17730,24.480708652,25.72145942
17731,32.930072935,40.41610504
17732,24.480708652,17.7157581
17733,32.7518418762857,32.44805798
17734,32.7518418762857,32.13199408
17735,32.7518418762857,32.92046148
17737,26.5391469292308,NA
17738,42.1100401125,43.55820647
17739,45.0038345818182,50.59402673
17740,39.0546064846,38.01754766
17741,45.0038345818182,51.24155301
17742,48.9601047144737,38.384195
17743,38.9220387936842,39.00116449
17744,32.7518418762857,32.13199408
17745,32.5374279993333,37.853019
17746,33.1819488305556,32.78835934
17747,32.7518418762857,33.72746907
17750,32.5374279993333,32.87881084
17751,32.7518418762857,37.1184579
17753,32.930072935,33.41955994
17754,29.9663929244444,33.35985148
17755,38.9220387936842,31.46570676
17757,39.0546064846,42.99060699
17759,48.9601047144737,60.36838853
17761,32.7518418762857,31.29010654
17762,26.3406693354545,22.30218439
17763,39.0546064846,38.83299512
17764,32.930072935,27.01171222
17765,24.480708652,22.0149909
17766,39.0546064846,36.96284414
17767,60.1904742297183,70.17422511
17768,32.7518418762857,32.92046148
17769,60.1904742297183,67.45109647
17771,60.1904742297183,61.51797294
17772,48.9601047144737,38.384195
17773,48.9601047144737,51.81349679
17774,48.9601047144737,43.72006841
17775,39.0546064846,32.28733252
17776,29.9663929244444,35.52732819
17777,29.9663929244444,35.52732819
17778,38.9220387936842,34.98422118
17779,32.7518418762857,32.92046148
17780,38.9220387936842,41.81769813
17781,60.0573171895238,56.84994955
17782,26.5391469292308,NA
17783,60.1904742297183,66.68332177
17784,42.1100401125,37.25452681
17785,32.7518418762857,32.68462843
17786,60.0573171895238,49.99352626
17787,24.480708652,19.62960501
17789,39.0546064846,39.59774957
17790,39.0546064846,39.96528415
17791,60.1904742297183,82.45842063
17792,60.1904742297183,60.78121287
17793,24.480708652,19.89493337
17794,24.480708652,26.86602531
17795,38.9220387936842,39.00116449
17796,39.0546064846,33.63544542
17797,39.0546064846,33.97063374
17799,48.9601047144737,40.63690914
17800,60.0573171895238,57.43721562
17801,48.9601047144737,56.04185304
17802,32.5374279993333,24.24117895
17804,38.9220387936842,30.35519528
17805,29.9663929244444,30.92044758
17806,38.9220387936842,38.78493455
17807,24.480708652,19.89493337
17808,39.0546064846,38.83299512
17809,20.17625435,21.04984522
17811,39.0546064846,36.96284414
17814,42.1100401125,46.24872601
17815,32.5374279993333,33.05141783
17816,39.0546064846,49.10905624
17818,32.5374279993333,34.13824336
17820,32.5374279993333,33.05141783
17821,38.9220387936842,32.52744467
17823,39.0546064846,38.01754766
17824,48.9601047144737,42.37199835
17825,26.3406693354545,42.2837761
17826,33.1819488305556,33.61147743
17827,42.1100401125,48.3234486
17828,32.7518418762857,28.51365471
17829,60.1904742297183,55.06988555
17830,60.1904742297183,61.6912308
17832,48.9601047144737,53.01690848
17834,26.5391469292308,NA
17835,60.1904742297183,77.24375062
17836,30.2633911684615,37.3827017
17837,48.9601047144737,54.91555705
17838,45.0038345818182,52.31340145
17839,38.9220387936842,32.52744467
17840,26.5391469292308,NA
17841,20.17625435,19.86765008
17842,26.5391469292308,NA
17843,26.5391469292308,NA
17844,24.480708652,24.20755432
17845,39.0546064846,36.28483034
17846,42.1100401125,44.6755937
17847,38.9220387936842,41.73651539
17848,38.9220387936842,32.52744467
17849,39.0546064846,49.10905624
17850,24.480708652,19.62960501
17851,38.9220387936842,32.52744467
17852,20.17625435,22.09332257
17854,26.5391469292308,NA
17857,48.9601047144737,49.21778302
17858,26.3406693354545,30.08005226
17859,32.7518418762857,30.75128854
17861,39.0546064846,49.10905624
17862,48.9601047144737,41.21895556
17863,29.9663929244444,29.24538866
17865,39.0546064846,33.4173923
17866,60.1904742297183,40.06877491
17867,107.084792437778,95.23094649
17868,32.7518418762857,32.78156964
17869,60.1904742297183,63.80109737
17870,24.480708652,22.0149909
17871,42.1100401125,43.55820647
17872,60.0573171895238,51.11247893
17873,32.5374279993333,33.05141783
17874,32.7518418762857,32.13199408
17875,32.5374279993333,36.99625911
17876,32.5374279993333,30.42690277
17877,20.17625435,20.21984895
17879,48.9601047144737,57.32881312
17880,24.6607094240625,24.51510298
17881,60.1904742297183,56.2900986
17883,32.7518418762857,31.62423969
17884,33.1819488305556,42.40832028
17885,26.5391469292308,NA
17887,20.17625435,18.55284386
17888,39.0546064846,33.63544542
17889,38.9220387936842,36.80402408
17890,60.1904742297183,76.32263335
17891,26.3406693354545,25.27788518
17892,60.1904742297183,49.00311855
17893,32.930072935,33.34488017
17894,38.9220387936842,32.52744467
17895,39.0546064846,37.36593459
17896,60.1904742297183,56.2900986
17897,60.1904742297183,68.08061113
17898,26.3406693354545,29.72408603
17899,38.9220387936842,32.35221688
17900,29.9663929244444,37.99017724
17901,39.0546064846,38.3244555
17902,32.7518418762857,32.60101348
17903,24.480708652,24.20755432
17904,24.480708652,26.86602531
17905,39.0546064846,38.08205271
17906,24.480708652,22.84103662
17907,39.0546064846,33.91282299
17908,42.1100401125,40.28801822
17909,39.0546064846,33.97063374
17910,24.480708652,29.82992639
17911,107.084792437778,93.87774835
17912,33.1819488305556,38.8124442
17913,60.1904742297183,61.6912308
17914,39.0546064846,43.15089694
17915,39.0546064846,32.28733252
17916,33.1819488305556,33.95506682
17917,38.9220387936842,32.35221688
17918,32.5374279993333,37.853019
17919,32.7518418762857,32.44805798
17920,60.1904742297183,68.08061113
17921,48.9601047144737,44.60462482
17922,24.480708652,25.72145942
17923,60.1904742297183,70.17422511
17924,32.7518418762857,32.44805798
17925,24.480708652,22.84103662
17926,42.1100401125,41.8510148
17928,29.9663929244444,31.64007037
17929,32.5374279993333,30.77845731
17930,32.930072935,31.10630867
17933,26.3406693354545,41.11839539
17934,24.480708652,24.01669286
17935,29.9663929244444,29.24538866
17936,32.7518418762857,33.72746907
17937,24.480708652,22.92922768
17938,32.7518418762857,37.6806538
17939,24.6607094240625,27.4134825
17940,39.0546064846,49.10905624
17941,29.9663929244444,36.29580261
17942,24.480708652,29.82992639
17943,38.9220387936842,36.85295117
17945,24.480708652,24.34902149
17946,24.480708652,24.01669286
17948,26.3406693354545,22.29085567
17949,24.6607094240625,18.39803784
17950,26.3406693354545,33.3648967
17951,24.480708652,17.7157581
17954,24.6607094240625,24.87325907
17955,38.9220387936842,43.83256407
17956,26.5391469292308,NA
17957,29.9663929244444,35.99291256
17958,32.5374279993333,35.46870816
17959,32.7518418762857,33.56482643
17960,39.0546064846,41.18495648
17961,26.5391469292308,NA
17962,38.9220387936842,36.80402408
17963,20.17625435,21.04984522
17964,39.0546064846,33.63544542
17965,39.0546064846,41.34918136
17966,20.17625435,21.04984522
17967,39.0546064846,39.96528415
17968,39.0546064846,50.50417442
17969,38.9220387936842,32.35221688
17970,29.9663929244444,28.80123013
17971,24.6607094240625,28.0621053
17972,39.0546064846,38.77051967
17974,60.1904742297183,61.05327615
17975,24.6607094240625,27.06329048
17976,39.0546064846,45.14995106
17977,60.0573171895238,67.87785273
17978,38.9220387936842,41.81769813
17979,32.7518418762857,33.31191127
17980,60.0573171895238,65.55824215
17981,38.9220387936842,38.78493455
17982,38.9220387936842,32.35221688
17983,60.0573171895238,66.28590409
17984,39.0546064846,36.8105042
17986,39.0546064846,37.36593459
17987,32.7518418762857,28.22950713
17988,32.7518418762857,30.75128854
17989,39.0546064846,38.77051967
17990,32.930072935,27.01171222
17991,45.0038345818182,43.25786699
17992,24.6607094240625,26.19950324
17993,24.480708652,22.84103662
17994,60.1904742297183,56.14882455
17995,48.9601047144737,57.94882045
17996,32.7518418762857,32.92046148
17998,38.9220387936842,32.35221688
17999,26.5391469292308,NA
18001,48.9601047144737,45.60730872
18002,60.1904742297183,68.85847394
18003,38.9220387936842,43.83256407
18004,26.5391469292308,NA
18005,32.7518418762857,32.99189562
18006,60.1904742297183,61.69726511
18007,20.17625435,23.29650478
18008,60.1904742297183,55.28490707
18009,29.9663929244444,35.96090432
18010,60.1904742297183,61.69726511
18011,38.9220387936842,43.66153242
18013,24.480708652,23.12919268
18014,39.0546064846,41.61145098
18015,32.7518418762857,35.91675323
18016,39.0546064846,33.97063374
18017,42.1100401125,43.60179413
18018,60.1904742297183,66.25872598
18019,42.1100401125,48.32029032
18020,48.9601047144737,40.80200033
18021,32.7518418762857,34.1009554
18022,26.5391469292308,NA
18023,60.1904742297183,55.28490707
18024,26.5391469292308,NA
18025,32.5374279993333,30.32263912
18026,26.5391469292308,29.41208056
18027,42.1100401125,43.83526691
18028,42.1100401125,41.8510148
18029,26.3406693354545,42.2837761
18030,60.1904742297183,58.72059763
18031,38.9220387936842,30.35519528
18032,32.5374279993333,37.59529054
18033,24.480708652,17.37863057
18034,29.9663929244444,27.06234655
18035,32.5374279993333,34.13824336
18036,26.5391469292308,NA
18037,45.0038345818182,52.86825432
18038,39.0546064846,49.10905624
18039,29.9663929244444,24.34829422
18040,60.0573171895238,50.12106814
18041,24.6607094240625,22.67801057
18042,32.5374279993333,30.77845731
18044,32.5374279993333,32.87881084
18045,42.1100401125,41.50606841
18046,26.3406693354545,33.3648967
18049,24.480708652,28.93902397
18050,26.5391469292308,29.41208056
18051,38.9220387936842,31.46570676
18054,32.7518418762857,32.68462843
18055,32.7518418762857,34.27988023
18056,60.0573171895238,48.34007868
18057,38.9220387936842,36.80402408
18058,24.480708652,17.37863057
18059,29.9663929244444,30.92044758
18060,32.7518418762857,33.72746907
18061,32.7518418762857,35.91675323
18063,60.0573171895238,57.20456212
18064,38.9220387936842,32.52744467
18065,29.9663929244444,36.29580261
18066,33.1819488305556,38.14241855
18067,24.480708652,23.12919268
18068,39.0546064846,36.28483034
18070,60.0573171895238,81.98038226
18071,29.9663929244444,35.99291256
18072,60.1904742297183,48.6496551
18073,26.5391469292308,28.13892858
18074,33.1819488305556,38.67074983
18075,39.0546064846,41.61145098
18076,42.1100401125,41.77266471
18077,60.1904742297183,50.45173192
18079,26.5391469292308,NA
18080,42.1100401125,48.32029032
18081,26.3406693354545,33.3648967
18082,60.1904742297183,82.45842063
18084,32.5374279993333,34.9397811
18085,32.5374279993333,37.59529054
18086,32.7518418762857,32.02658335
18087,38.9220387936842,32.35221688
18088,24.480708652,24.34902149
18089,45.0038345818182,46.84567195
18090,20.17625435,18.0784178
18092,20.17625435,19.86765008
18093,32.7518418762857,33.72746907
18094,45.0038345818182,48.14594915
18095,60.1904742297183,83.98668865
18096,38.9220387936842,32.35221688
18097,32.5374279993333,30.42690277
18098,24.480708652,27.08195092
18099,32.5374279993333,26.88755872
18100,26.5391469292308,29.41208056
18101,24.480708652,19.62960501
18102,32.5374279993333,34.13824336
18103,32.5374279993333,37.853019
18105,32.5374279993333,33.04300971
18106,24.480708652,27.96591144
18107,26.5391469292308,NA
18108,60.0573171895238,56.55987306
18110,38.9220387936842,32.52744467
18111,45.0038345818182,47.10982066
18113,26.3406693354545,25.61993548
18114,32.5374279993333,34.13824336
18115,26.3406693354545,23.19908779
18116,32.5374279993333,30.32263912
18118,45.0038345818182,52.71768594
18119,32.5374279993333,36.99625911
18120,24.480708652,18.21948542
18122,60.1904742297183,77.24375062
18124,26.3406693354545,41.11839539
18125,30.2633911684615,27.62766342
18126,60.0573171895238,67.87785273
18127,32.7518418762857,32.68462843
18129,24.480708652,28.93902397
18130,45.0038345818182,43.25786699
18131,20.17625435,18.12286394
18132,60.1904742297183,58.28947643
18134,20.17625435,24.25383323
18135,32.7518418762857,34.61692648
18136,26.5391469292308,NA
18137,60.1904742297183,68.08061113
18138,26.5391469292308,NA
18139,60.0573171895238,71.41508136
18140,29.9663929244444,33.32012738
18141,32.7518418762857,32.60101348
18142,39.0546064846,38.91408916
18143,60.1904742297183,66.25872598
18144,39.0546064846,38.44383017
18145,29.9663929244444,25.62115652
18149,42.1100401125,47.75994378
18150,38.9220387936842,39.00116449
18153,42.1100401125,47.75994378
18155,26.3406693354545,21.34077951
18156,26.5391469292308,25.50421112
18158,32.7518418762857,31.78145855
18159,26.5391469292308,28.08144402
18160,29.9663929244444,29.24538866
18161,38.9220387936842,32.35221688
18162,32.5374279993333,34.53769629
18163,20.17625435,18.03307263
18164,26.3406693354545,41.11839539
18165,24.480708652,22.85653419
18166,48.9601047144737,60.36838853
18167,26.5391469292308,24.99604567
18169,24.6607094240625,18.39803784
18171,24.480708652,17.37863057
18172,32.7518418762857,34.57551266
18173,48.9601047144737,57.94882045
18174,32.5374279993333,33.54896464
18175,38.9220387936842,41.73651539
18176,60.1904742297183,66.68332177
18177,42.1100401125,43.60179413
18178,24.6607094240625,28.0621053
18179,32.5374279993333,33.05141783
18180,38.9220387936842,32.52744467
18181,32.7518418762857,31.78145855
18183,60.0573171895238,56.84994955
18184,24.6607094240625,23.02367135
18185,24.480708652,19.89493337
18186,42.1100401125,41.77266471
18187,33.1819488305556,34.62951363
18188,32.7518418762857,33.56482643
18190,24.480708652,29.82992639
18192,32.7518418762857,32.92046148
18194,48.9601047144737,60.36838853
18195,60.1904742297183,58.72059763
18196,38.9220387936842,32.52744467
18197,26.3406693354545,22.30218439
18198,29.9663929244444,35.99291256
18199,42.1100401125,47.75994378
18202,20.17625435,18.03307263
18203,32.7518418762857,30.75128854
18204,24.480708652,17.37863057
18205,24.480708652,24.75712516
18206,48.9601047144737,57.03345739
18207,29.9663929244444,33.35985148
18208,26.5391469292308,NA
18209,38.9220387936842,34.98422118
18210,45.0038345818182,41.23739149
18211,39.0546064846,39.59774957
18212,39.0546064846,32.24649811
18213,26.5391469292308,NA
18214,42.1100401125,40.72782929
18215,33.1819488305556,38.8124442
18216,42.1100401125,41.8510148
18217,42.1100401125,42.97357447
18218,32.7518418762857,31.17975393
18219,26.5391469292308,NA
18220,42.1100401125,40.72782929
18221,32.5374279993333,35.46870816
18222,32.5374279993333,33.04300971
18223,32.5374279993333,31.29669886
18224,26.5391469292308,26.46760764
18225,32.7518418762857,32.13199408
18226,60.1904742297183,61.69726511
18228,24.6607094240625,24.87325907
18229,32.7518418762857,32.69176205
18230,24.480708652,18.21948542
18231,32.5374279993333,34.13824336
18232,32.7518418762857,35.91675323
18233,42.1100401125,37.37004051
18234,24.6607094240625,26.19950324
18235,26.5391469292308,NA
18236,39.0546064846,38.83299512
18237,32.7518418762857,35.91675323
18238,42.1100401125,33.86428147
18239,45.0038345818182,41.01064122
18240,38.9220387936842,47.97243253
18241,38.9220387936842,37.32837199
18242,29.9663929244444,30.83752103
18243,60.1904742297183,54.51998988
18244,20.17625435,18.03307263
18245,26.5391469292308,NA
18247,29.9663929244444,33.99675325
18248,20.17625435,18.12286394
18249,39.0546064846,41.34918136
18250,24.480708652,26.86602531
18251,42.1100401125,48.3234486
18252,26.3406693354545,22.30218439
18253,32.7518418762857,39.87443785
18254,38.9220387936842,38.78493455
18255,26.5391469292308,NA
18256,60.1904742297183,60.78121287
18257,32.5374279993333,34.53769629
18258,26.3406693354545,25.61993548
18259,26.3406693354545,22.30218439
18260,32.5374279993333,36.99625911
18261,24.480708652,22.84103662
18262,60.1904742297183,66.25872598
18263,42.1100401125,43.55820647
18265,32.5374279993333,34.95895562
18266,24.6607094240625,24.51510298
18267,38.9220387936842,36.80402408
18269,60.1904742297183,64.6649738
18270,29.9663929244444,33.35985148
18271,24.480708652,23.12919268
18272,45.0038345818182,41.23739149
18274,26.5391469292308,26.46760764
18275,42.1100401125,48.32029032
18276,39.0546064846,33.97063374
18277,26.5391469292308,NA
18280,29.9663929244444,30.92044758
18281,29.9663929244444,36.29580261
18285,60.0573171895238,65.55824215
18286,39.0546064846,33.97063374
18287,32.5374279993333,30.77845731
18288,38.9220387936842,30.35519528
18289,38.9220387936842,43.83256407
18290,39.0546064846,41.99949396
18291,60.1904742297183,49.72593946
18292,48.9601047144737,52.40309435
18293,20.17625435,24.25383323
18294,33.1819488305556,34.62951363
18295,38.9220387936842,31.46570676
18298,42.1100401125,44.6755937
18299,26.5391469292308,NA
18300,24.480708652,23.12919268
18301,60.1904742297183,58.72059763
18302,38.9220387936842,31.46570676
18303,60.1904742297183,56.32523297
18304,26.5391469292308,NA
18305,29.9663929244444,35.96090432
18306,48.9601047144737,56.04185304
18308,48.9601047144737,40.63690914
18309,24.6607094240625,24.51510298
18310,42.1100401125,36.64447328
18311,24.480708652,28.0378782
18312,32.5374279993333,32.87881084
18313,60.1904742297183,49.00311855
18316,32.7518418762857,34.57551266
18317,38.9220387936842,39.00116449
18318,48.9601047144737,56.97792142
18320,24.480708652,26.51089508
18321,24.480708652,28.0378782
18322,60.0573171895238,57.43721562
18323,29.9663929244444,29.24538866
18324,32.7518418762857,28.51365471
18325,32.7518418762857,32.60101348
18326,26.5391469292308,NA
18327,32.5374279993333,35.46870816
18328,38.9220387936842,28.059677
18329,48.9601047144737,38.384195
18330,20.17625435,18.3451447
18331,32.7518418762857,28.22950713
18332,39.0546064846,38.23389085
18333,60.1904742297183,58.79828983
18334,48.9601047144737,46.04481045
18335,24.480708652,19.89493337
18336,48.9601047144737,54.75316625
18337,42.1100401125,46.24872601
18339,26.5391469292308,NA
18340,48.9601047144737,46.34281875
18341,24.480708652,17.7157581
18343,24.480708652,23.12919268
18344,38.9220387936842,47.97243253
18345,48.9601047144737,52.40309435
18346,26.5391469292308,NA
18348,32.7518418762857,28.22950713
18350,28.0229867158333,32.78888001
18351,38.9220387936842,37.32837199
18352,42.1100401125,44.6755937
18353,39.0546064846,38.44383017
18354,60.1904742297183,64.6649738
18355,24.480708652,24.01669286
18356,60.1904742297183,59.02335959
18357,60.1904742297183,59.02335959
18358,60.1904742297183,60.81890832
18360,107.084792437778,102.7122672
18361,29.9663929244444,26.75373634
18362,24.6607094240625,27.06329048
18363,20.17625435,18.0784178
18364,38.9220387936842,47.97243253
18365,39.0546064846,38.3244555
18366,38.9220387936842,36.80402408
18368,107.084792437778,108.5597717
18369,24.6607094240625,16.64933723
18370,60.1904742297183,70.17422511
18371,32.5374279993333,37.853019
18372,29.9663929244444,28.81701196
18373,60.1904742297183,48.59574683
18374,42.1100401125,43.60179413
18375,38.9220387936842,37.32837199
18376,39.0546064846,38.77051967
18378,42.1100401125,43.83526691
18379,24.480708652,17.37863057
18383,20.17625435,20.21984895
18384,32.5374279993333,42.97422623
18385,33.1819488305556,38.14241855
18386,20.17625435,24.25383323
18387,60.1904742297183,55.06988555
18388,29.9663929244444,37.99017724
18389,38.9220387936842,39.00116449
18390,28.0229867158333,34.77847304
18391,32.5374279993333,30.32263912
18392,48.9601047144737,38.384195
18393,32.5374279993333,33.54896464
18394,32.7518418762857,32.44805798
18395,32.930072935,31.05055728
18396,42.1100401125,37.67569592
18397,24.6607094240625,25.17033717
18398,39.0546064846,37.31387594
18399,38.9220387936842,28.059677
18400,48.9601047144737,53.01690848
18401,60.1904742297183,61.05327615
18403,24.480708652,28.93902397
18404,24.6607094240625,27.4134825
18405,24.6607094240625,24.51510298
18407,42.1100401125,41.77266471
18408,29.9663929244444,36.29580261
18409,29.9663929244444,35.52732819
18410,26.5391469292308,NA
18411,24.480708652,22.0149909
18414,32.5374279993333,37.03381275
18415,38.9220387936842,31.46570676
18416,48.9601047144737,49.21778302
18418,48.9601047144737,40.80200033
18421,32.7518418762857,33.72746907
18422,48.9601047144737,49.21778302
18423,39.0546064846,37.31387594
18424,48.9601047144737,60.36838853
18425,26.5391469292308,NA
18426,39.0546064846,38.91408916
18427,60.1904742297183,64.6649738
18428,39.0546064846,41.61145098
18429,19.9832479025,21.17980225
18430,24.480708652,29.82992639
18431,60.0573171895238,56.84994955
18432,29.9663929244444,25.62115652
18433,32.5374279993333,25.90439853
18434,32.5374279993333,34.13824336
18435,39.0546064846,51.31677596
18436,20.17625435,24.25383323
18437,45.0038345818182,46.41841013
18438,32.5374279993333,32.87881084
18439,45.0038345818182,48.14594915
18440,26.5391469292308,NA
18441,60.1904742297183,83.98668865
18442,38.9220387936842,30.35519528
18443,38.9220387936842,38.78493455
18444,39.0546064846,38.23389085
18445,60.1904742297183,74.69492593
18446,29.9663929244444,26.75373634
18447,26.5391469292308,NA
18448,39.0546064846,51.31677596
18449,20.17625435,18.55284386
18451,26.5391469292308,NA
18452,32.7518418762857,34.61692648
18453,24.480708652,23.12919268
18454,20.17625435,18.03307263
18455,38.9220387936842,41.73651539
18456,39.0546064846,41.61145098
18457,48.9601047144737,57.03345739
18458,48.9601047144737,56.97792142
18459,24.6607094240625,24.22212669
18460,28.0229867158333,33.96871459
18461,39.0546064846,36.98135269
18462,39.0546064846,38.77051967
18463,26.3406693354545,30.48081889
18464,42.1100401125,43.60179413
18465,107.084792437778,117.9616654
18466,39.0546064846,39.96894498
18467,32.5374279993333,33.05141783
18468,24.6607094240625,16.64933723
18469,32.5374279993333,34.9397811
18470,32.7518418762857,32.69176205
18471,30.2633911684615,37.3827017
18472,20.17625435,20.4413583
18473,29.9663929244444,33.35985148
18474,38.9220387936842,43.83256407
18475,60.1904742297183,64.6649738
18476,38.9220387936842,41.73651539
18477,42.1100401125,37.37004051
18478,26.3406693354545,22.30218439
18479,60.1904742297183,63.52178162
18480,24.6607094240625,27.0758036
18481,32.5374279993333,30.77845731
18483,28.0229867158333,25.26170184
18484,32.5374279993333,35.46870816
18485,39.0546064846,34.43373726
18486,60.1904742297183,53.08734646
18487,24.6607094240625,23.02367135
18488,24.480708652,22.85653419
18489,26.3406693354545,25.61993548
18491,60.1904742297183,56.03572897
18492,45.0038345818182,46.84567195
18493,32.7518418762857,34.57551266
18494,60.1904742297183,63.12899951
18496,32.5374279993333,30.77845731
18497,24.480708652,27.96591144
18498,60.1904742297183,61.69726511
18499,32.5374279993333,34.13824336
18501,60.1904742297183,49.72593946
18502,24.480708652,22.92922768
18503,45.0038345818182,48.14594915
18504,45.0038345818182,42.62925236
18505,32.5374279993333,33.05141783
18506,32.5374279993333,30.43127329
18507,32.5374279993333,34.53769629
18508,30.2633911684615,39.37193079
18509,48.9601047144737,55.01331023
18510,32.7518418762857,33.72746907
18511,32.7518418762857,31.62423969
18512,29.9663929244444,30.83752103
18513,26.5391469292308,NA
18515,24.6607094240625,27.0758036
18516,48.9601047144737,51.81349679
18517,38.9220387936842,43.83256407
18518,32.7518418762857,30.75128854
18519,24.6607094240625,26.19950324
18521,38.9220387936842,31.46570676
18522,60.1904742297183,59.53127495
18523,24.6607094240625,23.58893815
18524,26.3406693354545,29.72408603
18525,28.0229867158333,25.26170184
18526,24.6607094240625,26.44693062
18527,26.5391469292308,30.2273019
18528,29.9663929244444,32.5207443
18529,32.7518418762857,32.13199408
18531,60.1904742297183,61.69726511
18532,26.5391469292308,NA
18533,60.1904742297183,54.70555421
18534,24.480708652,26.51089508
18536,26.5391469292308,NA
18537,60.1904742297183,56.2900986
18538,32.7518418762857,34.27988023
18539,32.7518418762857,31.78145855
18542,60.1904742297183,68.85847394
18543,29.9663929244444,36.29580261
18544,39.0546064846,38.54395438
18545,32.7518418762857,34.68199235
18546,38.9220387936842,43.66153242
18547,26.5391469292308,28.08144402
18548,24.480708652,17.7157581
18549,45.0038345818182,41.23739149
18551,39.0546064846,50.51953318
18552,20.17625435,23.29650478
18555,32.930072935,30.68746401
18557,20.17625435,18.3451447
18559,32.5374279993333,34.95895562
18562,30.2633911684615,37.3827017
18563,28.0229867158333,21.3940511
18564,60.1904742297183,58.79828983
18565,32.7518418762857,34.19872088
18566,26.3406693354545,29.72408603
18567,32.7518418762857,33.72746907
18568,30.2633911684615,39.37193079
18569,39.0546064846,32.28733252
18570,32.5374279993333,34.53769629
18571,32.5374279993333,30.32263912
18572,24.6607094240625,25.12439764
18573,32.7518418762857,32.78156964
18575,32.5374279993333,34.53769629
18576,32.5374279993333,34.95895562
18577,48.9601047144737,40.63690914
18579,24.6607094240625,27.23755099
18580,29.9663929244444,33.32012738
18581,24.480708652,28.93902397
18583,48.9601047144737,53.5136665
18585,26.5391469292308,NA
18586,60.0573171895238,71.41508136
18587,32.7518418762857,33.72746907
18588,24.480708652,26.51089508
18589,60.0573171895238,56.84994955
18590,32.5374279993333,34.13824336
18591,32.7518418762857,34.89205472
18592,60.1904742297183,54.70555421
18593,38.9220387936842,39.00116449
18595,24.6607094240625,26.44693062
18596,38.9220387936842,36.85295117
18597,26.5391469292308,30.2273019
18599,60.1904742297183,40.06877491
18601,39.0546064846,39.93363251
18602,33.1819488305556,38.14241855
18603,24.480708652,29.82992639
18604,28.0229867158333,33.26614392
18605,32.5374279993333,30.42690277
18606,26.5391469292308,NA
18607,45.0038345818182,46.41841013
18608,60.1904742297183,49.72593946
18609,32.7518418762857,33.31191127
18610,29.9663929244444,35.96090432
18611,42.1100401125,47.75994378
18612,32.5374279993333,32.87881084
18613,48.9601047144737,53.01690848
18614,24.480708652,22.84910105
18616,39.0546064846,43.15089694
18618,60.1904742297183,63.12899951
18619,32.5374279993333,24.85777418
18620,38.9220387936842,38.78493455
18621,24.6607094240625,19.15498792
18622,32.7518418762857,34.68199235
18623,28.0229867158333,21.3940511
18624,26.5391469292308,30.2273019
18625,24.480708652,28.93902397
18626,39.0546064846,41.61145098
18627,39.0546064846,41.61145098
18628,32.7518418762857,37.1184579
18630,29.9663929244444,33.99675325
18631,28.0229867158333,21.18580086
18633,38.9220387936842,37.32837199
18634,29.9663929244444,30.92044758
18637,24.6607094240625,27.0758036
18638,29.9663929244444,37.99017724
18640,33.1819488305556,38.44638989
18641,26.5391469292308,NA
18642,26.5391469292308,29.41208056
18643,20.17625435,22.09332257
18644,32.5374279993333,33.54896464
18645,24.6607094240625,26.44693062
18647,32.5374279993333,34.53769629
18649,60.1904742297183,66.68332177
18650,20.17625435,20.21984895
18651,32.5374279993333,37.853019
18652,33.1819488305556,38.44638989
18653,38.9220387936842,41.73651539
18654,45.0038345818182,52.86825432
18656,39.0546064846,42.73482444
18657,48.9601047144737,56.97792142
18658,32.5374279993333,30.42690277
18659,26.5391469292308,NA
18660,26.5391469292308,NA
18661,48.9601047144737,40.51265566
18662,24.480708652,29.6630611
18663,42.1100401125,41.8510148
18664,38.9220387936842,43.83256407
18665,24.480708652,24.01669286
18666,48.9601047144737,54.91555705
18667,48.9601047144737,60.36838853
18668,32.5374279993333,37.853019
18669,26.5391469292308,NA
18672,48.9601047144737,45.60730872
18673,20.17625435,18.55284386
18674,32.7518418762857,34.27988023
18675,45.0038345818182,46.41841013
18677,29.9663929244444,28.80123013
18678,38.9220387936842,43.83256407
18679,60.1904742297183,70.17422511
18680,38.9220387936842,36.85295117
18682,60.0573171895238,56.55987306
18683,32.5374279993333,35.46870816
18684,24.6607094240625,21.0055788
18685,32.930072935,33.41955994
18686,24.480708652,19.89493337
18687,60.1904742297183,63.52178162
18688,38.9220387936842,36.75256714
18689,24.480708652,23.12919268
18692,39.0546064846,33.97063374
18693,29.9663929244444,33.99675325
18694,32.5374279993333,34.53769629
18695,60.0573171895238,50.12106814
18696,24.6607094240625,23.02367135
18697,26.3406693354545,29.72408603
18698,24.480708652,17.37863057
18699,32.7518418762857,32.78156964
18700,32.930072935,31.10630867
18701,60.0573171895238,64.7595765
18702,60.1904742297183,54.51998988
18703,60.1904742297183,58.28947643
18704,32.5374279993333,34.13824336
18705,26.5391469292308,NA
18706,24.480708652,26.86602531
18707,26.5391469292308,NA
18708,32.7518418762857,35.91675323
18709,48.9601047144737,38.384195
18710,29.9663929244444,28.25091954
18711,32.5374279993333,34.9397811
18713,24.480708652,24.01669286
18714,32.5374279993333,33.54896464
18715,29.9663929244444,35.96090432
18717,48.9601047144737,54.75316625
18718,29.9663929244444,29.24538866
18719,32.7518418762857,32.92046148
18721,32.7518418762857,33.72746907
18722,26.5391469292308,NA
18723,38.9220387936842,47.97243253
18724,38.9220387936842,36.80402408
18725,24.6607094240625,19.15498792
18726,42.1100401125,37.67569592
18727,26.5391469292308,NA
18728,24.6607094240625,24.64648603
18730,48.9601047144737,42.69959864
18731,20.17625435,24.25383323
18732,33.1819488305556,36.25002782
18733,24.6607094240625,26.44693062
18734,20.17625435,19.30112066
18735,39.0546064846,32.28733252
18736,39.0546064846,36.28483034
18738,24.6607094240625,28.84053874
18739,39.0546064846,37.08856187
18740,26.3406693354545,25.61993548
18741,39.0546064846,43.15089694
18742,32.5374279993333,34.9397811
18743,39.0546064846,38.3244555
18744,38.9220387936842,36.75256714
18745,26.5391469292308,NA
18746,60.1904742297183,54.51998988
18747,24.6607094240625,18.39803784
18748,29.9663929244444,30.92044758
18749,26.5391469292308,NA
18750,45.0038345818182,45.12036909
18752,28.0229867158333,33.96871459
18754,39.0546064846,39.96528415
18755,60.1904742297183,58.56210822
18756,29.9663929244444,33.99675325
18757,48.9601047144737,49.53949672
18758,24.480708652,28.0378782
18759,26.5391469292308,NA
18760,33.1819488305556,42.40832028
18761,24.480708652,25.72145942
18762,24.6607094240625,27.23755099
18763,38.9220387936842,36.80402408
18764,32.5374279993333,37.03381275
18765,45.0038345818182,45.12036909
18766,42.1100401125,40.72782929
18767,39.0546064846,49.10905624
18768,60.1904742297183,70.17422511
18769,20.17625435,24.25383323
18771,24.6607094240625,24.64648603
18772,39.0546064846,38.08205271
18773,29.9663929244444,30.92044758
18774,60.1904742297183,68.85847394
18775,29.9663929244444,30.92044758
18776,38.9220387936842,36.85295117
18777,60.1904742297183,67.45109647
18778,26.5391469292308,25.50421112
18779,45.0038345818182,38.1553993
18780,32.7518418762857,32.92046148
18781,32.5374279993333,37.853019
18782,26.5391469292308,26.18521529
18783,39.0546064846,41.99949396
18784,45.0038345818182,46.84567195
18785,32.5374279993333,37.03381275
18786,60.1904742297183,40.06877491
18787,48.9601047144737,60.36838853
18788,24.6607094240625,16.64933723
18789,26.5391469292308,NA
18790,60.0573171895238,51.11247893
18792,26.5391469292308,NA
18794,32.7518418762857,31.78145855
18795,26.5391469292308,NA
18796,32.7518418762857,35.91675323
18797,29.9663929244444,26.75373634
18798,24.6607094240625,16.64933723
18799,32.5374279993333,30.43127329
18800,42.1100401125,43.55820647
18801,28.0229867158333,32.78888001
18802,60.1904742297183,60.78121287
18804,48.9601047144737,44.60462482
18805,32.5374279993333,30.32263912
18806,38.9220387936842,32.52744467
18807,24.480708652,22.0149909
18808,24.480708652,22.0149909
18809,38.9220387936842,47.97243253
18810,32.5374279993333,34.95895562
18811,45.0038345818182,45.12036909
18812,26.3406693354545,25.61993548
18814,26.3406693354545,25.27788518
18815,39.0546064846,38.91408916
18816,39.0546064846,38.77051967
18817,39.0546064846,33.97063374
18818,60.1904742297183,56.2900986
18819,42.1100401125,44.6755937
18820,32.7518418762857,32.13199408
18821,24.6607094240625,27.06329048
18822,42.1100401125,37.67569592
18824,32.5374279993333,34.95895562
18825,33.1819488305556,38.44638989
18827,38.9220387936842,30.35519528
18828,39.0546064846,36.96284414
18829,26.5391469292308,NA
18830,48.9601047144737,53.5136665
18831,39.0546064846,36.28483034
18832,32.7518418762857,33.72746907
18833,60.1904742297183,56.03572897
18834,20.17625435,18.03307263
18835,38.9220387936842,43.83256407
18836,60.1904742297183,62.0443675
18837,32.5374279993333,34.53769629
18838,24.480708652,29.82992639
18839,32.5374279993333,35.46870816
18840,26.3406693354545,22.00756815
18841,48.9601047144737,46.22716524
18842,38.9220387936842,36.75256714
18843,32.5374279993333,26.88755872
18845,60.1904742297183,63.52178162
18846,29.9663929244444,33.32012738
18847,26.5391469292308,NA
18848,24.480708652,29.6630611
18849,32.7518418762857,32.44805798
18850,20.17625435,20.81173418
18851,24.6607094240625,27.0758036
18852,32.7518418762857,32.92046148
18853,39.0546064846,38.08205271
18854,24.480708652,31.95658506
18857,26.5391469292308,NA
18858,60.1904742297183,76.32263335
18859,26.5391469292308,NA
18860,33.1819488305556,24.74363712
18861,48.9601047144737,60.36838853
18862,29.9663929244444,28.80123013
18863,32.930072935,31.10630867
18864,42.1100401125,47.75994378
18865,38.9220387936842,32.35221688
18867,48.9601047144737,57.03345739
18868,32.7518418762857,33.56482643
18869,60.1904742297183,58.56210822
18870,39.0546064846,49.10905624
18871,28.0229867158333,21.18580086
18874,60.1904742297183,65.08512563
18875,45.0038345818182,40.08393847
18876,24.480708652,24.01669286
18877,48.9601047144737,46.04481045
18879,29.9663929244444,30.92044758
18880,48.9601047144737,49.21778302
18881,26.5391469292308,24.09511804
18882,32.7518418762857,34.19872088
18883,38.9220387936842,36.85295117
18884,24.480708652,24.20755432
18885,48.9601047144737,42.69959864
18886,48.9601047144737,56.04185304
18887,24.6607094240625,26.19950324
18888,24.6607094240625,21.0055788
18889,32.5374279993333,34.95895562
18890,24.6607094240625,28.05574767
18892,38.9220387936842,43.83256407
18893,45.0038345818182,41.01064122
18894,32.5374279993333,34.53769629
18895,48.9601047144737,57.32881312
18896,32.5374279993333,30.32263912
18897,45.0038345818182,48.45817757
18898,26.5391469292308,24.99604567
18899,48.9601047144737,44.60462482
18900,39.0546064846,41.18495648
18901,24.6607094240625,19.15498792
18903,20.17625435,18.55284386
18904,48.9601047144737,56.97792142
18905,26.5391469292308,NA
18907,24.6607094240625,25.17033717
18908,33.1819488305556,42.40832028
18909,32.5374279993333,30.32263912
18910,20.17625435,23.29650478
18911,60.1904742297183,59.45508929
18912,24.480708652,22.63501526
18913,26.5391469292308,NA
18914,60.0573171895238,69.35702208
18915,26.5391469292308,NA
18916,24.480708652,17.37863057
18917,32.5374279993333,34.13824336
18918,38.9220387936842,43.83256407
18919,45.0038345818182,46.41841013
18921,24.6607094240625,26.64235923
18922,48.9601047144737,42.37199835
18923,32.5374279993333,30.42690277
18924,42.1100401125,42.97357447
18925,32.7518418762857,30.75128854
18926,29.9663929244444,29.24538866
18927,60.1904742297183,58.69031512
18928,33.1819488305556,36.25002782
18929,38.9220387936842,31.46570676
18930,26.5391469292308,23.81199984
18931,26.5391469292308,28.13892858
18932,26.5391469292308,29.41208056
18933,60.1904742297183,72.59956245
18934,38.9220387936842,43.66153242
18936,29.9663929244444,33.99675325
18937,48.9601047144737,54.75316625
18939,38.9220387936842,43.83256407
18940,60.0573171895238,57.43721562
18941,20.17625435,20.4413583
18942,32.7518418762857,33.56482643
18944,24.480708652,26.86602531
18945,48.9601047144737,56.04185304
18946,33.1819488305556,33.95506682
18947,20.17625435,18.55284386
18948,48.9601047144737,55.01331023
18949,32.7518418762857,32.68462843
18950,48.9601047144737,53.5136665
18951,45.0038345818182,37.25225256
18952,32.5374279993333,30.77845731
18953,24.480708652,28.0378782
18954,24.6607094240625,18.39803784
18955,32.5374279993333,30.32263912
18958,60.1904742297183,48.03843236
18959,24.480708652,29.82992639
18960,32.5374279993333,34.13824336
18962,38.9220387936842,41.73651539
18963,24.6607094240625,26.75390504
18964,29.9663929244444,33.35985148
18965,32.5374279993333,30.32263912
18967,48.9601047144737,41.21895556
18968,24.480708652,28.0378782
18970,48.9601047144737,49.53949672
18971,29.9663929244444,33.35985148
18972,60.1904742297183,58.72059763
18973,24.6607094240625,26.44693062
18974,60.1904742297183,64.6649738
18976,48.9601047144737,54.91555705
18977,32.7518418762857,30.75128854
18978,24.480708652,24.20755432
18979,26.5391469292308,NA
18980,48.9601047144737,46.04481045
18981,48.9601047144737,40.63690914
18982,29.9663929244444,30.83752103
18983,38.9220387936842,36.80402408
18984,48.9601047144737,53.5136665
18985,28.0229867158333,34.77847304
18986,32.5374279993333,37.03381275
18987,32.5374279993333,35.46870816
18988,38.9220387936842,31.46570676
18989,60.0573171895238,65.55824215
18990,38.9220387936842,37.32837199
18991,33.1819488305556,38.14241855
18992,48.9601047144737,43.75933583
18993,32.7518418762857,37.6806538
18994,20.17625435,20.81173418
18995,24.6607094240625,24.51510298
18996,26.5391469292308,NA
18997,33.1819488305556,38.67074983
18998,24.6607094240625,24.22212669
18999,29.9663929244444,35.96090432
19000,24.480708652,27.08195092
19001,33.1819488305556,42.40832028
19002,24.6607094240625,24.22212669
19004,20.17625435,24.25383323
19006,48.9601047144737,36.54983067
19007,32.5374279993333,34.53769629
19008,48.9601047144737,40.51265566
19009,60.0573171895238,81.98038226
19013,29.9663929244444,35.52732819
19014,26.5391469292308,30.2273019
19016,26.5391469292308,28.08144402
19017,33.1819488305556,38.67074983
19018,32.7518418762857,28.22950713
19019,20.17625435,19.86765008
19020,60.1904742297183,40.06877491
19021,26.5391469292308,NA
19022,39.0546064846,43.15089694
19023,24.480708652,28.93902397
19024,38.9220387936842,39.00116449
19025,32.7518418762857,34.1009554
19026,45.0038345818182,48.14594915
19027,20.17625435,18.55284386
19028,33.1819488305556,42.40832028
19029,33.1819488305556,42.40832028
19030,32.7518418762857,35.91675323
19031,26.5391469292308,25.50421112
19032,24.6607094240625,24.80335958
19033,32.5374279993333,34.13824336
19034,32.5374279993333,33.54896464
19035,26.5391469292308,23.81199984
19036,48.9601047144737,50.1504657
19037,32.5374279993333,34.95895562
19038,29.9663929244444,24.34829422
19039,24.480708652,27.08195092
19040,26.5391469292308,25.02562376
19042,32.5374279993333,34.95895562
19044,38.9220387936842,32.52744467
19045,26.5391469292308,26.18521529
19046,20.17625435,18.3451447
19047,32.7518418762857,31.62423969
19048,45.0038345818182,37.25225256
19049,48.9601047144737,57.94882045
19051,38.9220387936842,36.85295117
19052,29.9663929244444,35.52732819
19053,24.6607094240625,28.47754595
19054,29.9663929244444,24.34829422
19055,48.9601047144737,52.40309435
19056,42.1100401125,43.55820647
19058,45.0038345818182,46.41841013
19059,32.7518418762857,34.68199235
19060,48.9601047144737,45.60730872
19061,48.9601047144737,57.94882045
19062,26.5391469292308,26.46760764
19063,24.480708652,23.12919268
19064,60.0573171895238,64.7595765
19065,38.9220387936842,36.75256714
19066,32.5374279993333,34.13824336
19067,48.9601047144737,49.21778302
19068,45.0038345818182,48.14594915
19069,32.7518418762857,32.60101348
19071,24.480708652,22.63501526
19072,38.9220387936842,43.83256407
19074,48.9601047144737,43.72006841
19075,26.5391469292308,28.08144402
19076,32.5374279993333,33.05141783
19079,45.0038345818182,52.83973024
19082,45.0038345818182,46.84567195
19083,24.480708652,22.63501526
19086,32.7518418762857,31.73640343
19087,26.5391469292308,NA
19088,32.5374279993333,30.43127329
19089,38.9220387936842,36.85295117
19090,24.480708652,26.86602531
19092,32.5374279993333,30.77845731
19093,24.6607094240625,27.0758036
19094,24.6607094240625,18.39803784
19096,38.9220387936842,37.32837199
19097,32.5374279993333,24.85777418
19098,29.9663929244444,30.83752103
19099,20.17625435,21.04984522
19100,32.5374279993333,33.05141783
19101,26.5391469292308,29.41208056
19102,24.480708652,18.21948542
19103,26.5391469292308,NA
19104,26.5391469292308,24.99604567
19106,38.9220387936842,43.83256407
19107,32.5374279993333,36.99625911
19108,38.9220387936842,36.85295117
19109,38.9220387936842,36.80402408
19110,38.9220387936842,39.00116449
19111,32.5374279993333,37.59529054
19112,24.480708652,28.0378782
19113,24.480708652,22.92922768
19114,32.7518418762857,31.19669606
19115,26.5391469292308,NA
19116,32.5374279993333,30.43127329
19117,32.5374279993333,32.87881084
19118,24.480708652,22.63501526
19119,24.6607094240625,24.51510298
19120,29.9663929244444,36.29580261
19121,32.5374279993333,30.43127329
19123,24.6607094240625,27.06329048
19124,32.5374279993333,36.99625911
19125,32.7518418762857,35.95065458
19126,32.5374279993333,32.87881084
19127,38.9220387936842,47.97243253
19128,32.7518418762857,31.73640343
19129,26.5391469292308,NA
19130,26.5391469292308,28.13892858
19131,29.9663929244444,28.80123013
19132,38.9220387936842,31.46570676
19134,32.5374279993333,30.32263912
19135,26.5391469292308,28.08144402
19136,24.480708652,31.95658506
19137,32.5374279993333,34.9397811
19138,32.7518418762857,37.1184579
19139,32.5374279993333,34.9397811
19140,29.9663929244444,33.35985148
19141,32.5374279993333,35.46870816
19142,38.9220387936842,39.00116449
19143,24.480708652,29.82992639
19144,24.480708652,29.82992639
19145,32.5374279993333,34.9397811
19146,32.5374279993333,24.85777418
19147,38.9220387936842,43.83256407
19148,38.9220387936842,43.83256407
19150,32.7518418762857,35.91675323
19151,29.9663929244444,30.83752103
19152,24.480708652,29.82992639
19153,26.5391469292308,23.81199984
19154,32.7518418762857,34.68199235
19155,38.9220387936842,36.80402408
19156,26.5391469292308,28.13892858
19157,32.5374279993333,30.77845731
19158,32.5374279993333,30.77845731
19159,32.7518418762857,32.13199408
19160,24.480708652,18.23125983
19161,26.5391469292308,NA
19162,38.9220387936842,43.83256407
19163,32.7518418762857,32.78156964
19164,24.6607094240625,26.75390504
19165,32.7518418762857,32.13199408
19166,32.5374279993333,30.42690277
19167,32.5374279993333,32.87881084
19168,29.9663929244444,33.99675325
19169,24.6607094240625,25.50433791
19170,26.5391469292308,NA
19171,24.6607094240625,24.22212669
19172,32.7518418762857,35.91675323
19173,29.9663929244444,28.36840215
19175,24.6607094240625,26.19950324
19176,32.5374279993333,35.46870816
19177,24.480708652,22.84910105
19179,32.7518418762857,30.75128854
19180,24.6607094240625,24.37518579
19181,38.9220387936842,36.80402408
19182,24.480708652,18.23125983
19183,32.5374279993333,34.9397811
19184,32.5374279993333,33.05141783
19185,38.9220387936842,36.85295117
19186,24.6607094240625,21.0055788
19187,38.9220387936842,41.73651539
19188,24.6607094240625,24.87325907
19189,24.6607094240625,27.23755099
19190,38.9220387936842,41.73651539
19192,24.480708652,17.7157581
19193,38.9220387936842,34.98422118
19194,24.480708652,24.01669286
19195,24.6607094240625,22.67801057
19196,32.5374279993333,34.53769629
19197,32.7518418762857,33.56482643
19198,29.9663929244444,24.34829422
19199,32.7518418762857,31.78145855
19200,38.9220387936842,34.98422118
19201,26.5391469292308,28.08144402
19202,32.5374279993333,30.43127329
19203,24.480708652,29.82992639
19204,26.5391469292308,26.46760764
19205,24.480708652,24.01669286
19206,26.5391469292308,NA
19208,32.7518418762857,37.1184579
19209,26.5391469292308,NA
19210,29.9663929244444,36.29580261
19211,26.5391469292308,29.41208056
19212,32.5374279993333,33.05141783
19213,32.7518418762857,32.02658335
19214,24.480708652,22.84910105
19215,38.9220387936842,39.00116449
19216,24.480708652,26.51089508
19217,38.9220387936842,41.73651539
19219,38.9220387936842,36.75256714
19220,24.480708652,19.89493337
19222,26.5391469292308,NA
19223,38.9220387936842,31.46570676
19224,24.480708652,23.12919268
19225,32.7518418762857,32.69176205
19226,38.9220387936842,43.83256407
19227,32.5374279993333,30.42690277
19228,24.480708652,22.63501526
19229,26.5391469292308,24.99604567
19230,26.5391469292308,24.99604567
19231,38.9220387936842,43.83256407
19232,32.5374279993333,32.87881084
19233,26.5391469292308,26.46760764
19234,32.7518418762857,32.92046148
19236,32.7518418762857,32.60101348
19238,24.480708652,22.0149909
19239,32.5374279993333,30.32263912
19240,38.9220387936842,39.00116449
19241,38.9220387936842,36.85295117
19242,26.5391469292308,28.13892858
19244,32.5374279993333,33.54896464
19246,38.9220387936842,32.52744467
19247,24.6607094240625,26.19950324
19248,32.7518418762857,37.6806538
19249,38.9220387936842,36.80402408
19250,32.5374279993333,34.9397811
19251,24.480708652,24.01669286
19252,20.17625435,22.09332257
19253,32.7518418762857,37.1184579
19254,29.9663929244444,28.81701196
19255,38.9220387936842,37.32837199
19256,24.6607094240625,24.22212669
19257,38.9220387936842,34.98422118
19258,38.9220387936842,37.32837199
19260,26.5391469292308,28.13892858
19261,32.7518418762857,28.51365471
19262,24.6607094240625,25.50433791
19263,32.7518418762857,33.56482643
19265,32.7518418762857,34.89205472
19267,26.5391469292308,NA
19269,32.7518418762857,37.1184579
19270,32.5374279993333,36.99625911
19272,38.9220387936842,41.81769813
19273,24.480708652,28.0378782
19274,26.5391469292308,28.13892858
19275,32.7518418762857,37.1184579
19276,26.5391469292308,NA
19277,32.7518418762857,35.91675323
19279,24.480708652,27.08195092
19280,32.5374279993333,30.32263912
19281,38.9220387936842,36.80402408
19282,32.5374279993333,34.9397811
19283,32.7518418762857,34.57551266
19284,29.9663929244444,32.5207443
19285,32.5374279993333,33.54896464
19286,32.5374279993333,30.32263912
19287,29.9663929244444,27.06234655
19288,32.5374279993333,32.87881084
19290,38.9220387936842,37.32837199
19291,26.5391469292308,26.18521529
19292,32.7518418762857,31.19669606
19293,29.9663929244444,30.83752103
19294,32.5374279993333,35.46870816
19295,38.9220387936842,37.32837199
19296,32.5374279993333,26.88755872
19297,38.9220387936842,32.52744467
19298,38.9220387936842,36.75256714
19299,24.6607094240625,26.44693062
19300,24.480708652,31.95658506
19301,32.5374279993333,34.9397811
19302,32.5374279993333,34.13824336
19303,32.7518418762857,33.56482643
19304,24.6607094240625,23.58893815
19305,26.5391469292308,25.02562376
19306,32.5374279993333,30.43127329
19307,29.9663929244444,28.80123013
19308,32.5374279993333,35.46870816
19309,38.9220387936842,32.35221688
19312,24.6607094240625,18.39803784
19313,24.480708652,26.86602531
19314,38.9220387936842,36.85295117
19315,24.480708652,22.63501526
19316,32.7518418762857,30.75128854
19317,20.17625435,22.09332257
19318,24.480708652,24.01669286
19319,32.5374279993333,33.04300971
19321,24.6607094240625,26.79141578
19322,38.9220387936842,36.75256714
19323,26.5391469292308,NA
19324,26.5391469292308,NA
19325,32.7518418762857,31.62423969
19326,24.480708652,29.82992639
19328,32.7518418762857,33.56482643
19329,38.9220387936842,38.78493455
19330,32.7518418762857,33.56482643
19331,24.6607094240625,28.05574767
19332,38.9220387936842,30.35519528
19333,32.7518418762857,32.60101348
19334,20.17625435,22.09332257
19335,26.5391469292308,NA
19336,24.480708652,22.63501526
19337,38.9220387936842,43.83256407
19338,32.7518418762857,35.91675323
19340,38.9220387936842,43.83256407
19341,38.9220387936842,43.83256407
19342,24.480708652,22.63501526
19343,32.7518418762857,34.89205472
19344,24.6607094240625,24.22212669
19345,24.6607094240625,28.05574767
19346,24.6607094240625,24.22212669
19347,24.6607094240625,28.05574767
19348,26.5391469292308,NA
19349,29.9663929244444,35.52732819
19350,29.9663929244444,31.64007037
19354,24.480708652,19.89493337
19355,24.6607094240625,26.79141578
19356,32.5374279993333,34.95895562
19357,24.480708652,28.0378782
19358,24.480708652,22.92922768
19359,38.9220387936842,39.00116449
19360,32.7518418762857,32.92046148
19361,24.480708652,25.72145942
19362,38.9220387936842,36.80402408
19363,38.9220387936842,39.00116449
19364,24.480708652,22.92922768
19365,32.7518418762857,34.57551266
19367,26.5391469292308,28.13892858
19368,24.6607094240625,25.50433791
19369,32.5374279993333,37.853019
19370,26.5391469292308,NA
19371,32.5374279993333,25.90439853
19372,38.9220387936842,47.97243253
19373,32.5374279993333,35.46870816
19374,29.9663929244444,35.52732819
19375,24.480708652,18.23125983
19376,24.6607094240625,25.54018756
19377,24.480708652,17.7157581
19378,24.6607094240625,26.64235923
19379,24.480708652,23.12919268
19380,32.5374279993333,34.13824336
19381,24.6607094240625,26.75390504
19382,26.5391469292308,25.02562376
19384,32.7518418762857,28.22950713
19385,26.5391469292308,23.81199984
19386,24.6607094240625,26.79141578
19387,24.6607094240625,26.64235923
19388,26.5391469292308,24.99604567
19389,24.6607094240625,27.0758036
19390,26.5391469292308,25.50421112
19391,20.17625435,18.55284386
19392,24.480708652,23.12919268
19393,24.6607094240625,19.15498792
19395,32.5374279993333,34.95895562
19397,38.9220387936842,39.00116449
19398,29.9663929244444,32.5207443
19399,24.6607094240625,24.87325907
19400,24.6607094240625,26.19950324
19401,29.9663929244444,31.64007037
19402,24.480708652,19.89493337
19403,38.9220387936842,31.46570676
19404,19.9832479025,21.17980225
19405,29.9663929244444,28.81701196
19406,38.9220387936842,39.00116449
19407,38.9220387936842,31.46570676
19410,32.7518418762857,31.19669606
19411,24.6607094240625,23.58893815
19412,32.5374279993333,24.85777418
19413,24.6607094240625,23.02367135
19414,24.6607094240625,26.19950324
19416,26.5391469292308,NA
19417,38.9220387936842,41.73651539
19419,32.5374279993333,24.85777418
19420,38.9220387936842,36.80402408
19421,32.7518418762857,33.56482643
19422,38.9220387936842,36.80402408
19423,24.480708652,23.12919268
19424,32.5374279993333,35.46870816
19425,32.5374279993333,34.53769629
19426,26.5391469292308,29.41208056
19427,26.5391469292308,28.13892858
19428,26.5391469292308,26.46760764
19429,24.6607094240625,25.50433791
19431,29.9663929244444,24.34829422
19433,32.5374279993333,26.88755872
19434,26.5391469292308,28.13892858
19435,38.9220387936842,36.75256714
19436,24.480708652,26.86602531
19437,24.480708652,25.89232077
19440,32.5374279993333,30.32263912
19441,32.7518418762857,33.31191127
19442,24.480708652,23.12919268
19443,38.9220387936842,28.059677
19444,24.6607094240625,24.51510298
19446,32.5374279993333,34.53769629
19447,26.5391469292308,26.46760764
19448,38.9220387936842,39.00116449
19449,38.9220387936842,36.85295117
19450,24.6607094240625,27.4134825
19451,38.9220387936842,32.52744467
19452,24.480708652,27.08195092
19455,32.5374279993333,30.42690277
19456,24.480708652,22.92922768
19457,24.480708652,22.63501526
19458,26.5391469292308,28.08144402
19459,29.9663929244444,28.25091954
19460,38.9220387936842,39.00116449
19461,26.5391469292308,26.46760764
19462,32.7518418762857,33.56482643
19463,24.480708652,23.12919268
19464,24.6607094240625,19.15498792
19465,24.6607094240625,23.58893815
19467,32.7518418762857,34.57551266
19468,38.9220387936842,32.52744467
19469,32.5374279993333,31.29669886
19470,26.5391469292308,NA
19471,38.9220387936842,47.97243253
19472,32.5374279993333,34.95895562
19473,38.9220387936842,37.32837199
19474,24.480708652,22.84910105
19475,32.7518418762857,34.57551266
19476,24.480708652,22.0149909
19477,29.9663929244444,24.34829422
19478,24.6607094240625,25.54018756
19479,32.7518418762857,34.57551266
19480,32.7518418762857,34.61692648
19481,32.5374279993333,37.59529054
19482,24.6607094240625,28.05574767
19483,24.6607094240625,27.23755099
19485,24.480708652,29.82992639
19486,32.5374279993333,34.53769629
19487,32.5374279993333,30.43127329
19488,32.7518418762857,34.68199235
19489,26.5391469292308,NA
19490,26.5391469292308,28.13892858
19492,29.9663929244444,35.52732819
19493,32.7518418762857,34.27988023
19494,24.6607094240625,25.17033717
19495,32.5374279993333,30.77845731
19496,32.5374279993333,30.42690277
19497,24.6607094240625,24.37518579
19498,38.9220387936842,38.78493455
19499,29.9663929244444,35.52732819
19500,24.480708652,31.95658506
19501,24.480708652,24.01669286
19502,24.6607094240625,16.64933723
19503,24.6607094240625,25.54018756
19504,38.9220387936842,37.32837199
19505,32.5374279993333,34.13824336
19506,26.5391469292308,26.46760764
19507,26.5391469292308,25.02562376
19508,24.480708652,24.34902149
19509,29.9663929244444,29.24538866
19510,24.6607094240625,25.50433791
19511,32.5374279993333,33.05141783
19512,24.6607094240625,25.50433791
19513,32.7518418762857,31.29010654
19514,26.5391469292308,25.02562376
19515,60.1904742297183,59.15295191
19516,24.480708652,17.7157581
19517,38.9220387936842,41.73651539
19518,24.480708652,22.84103662
19519,26.5391469292308,NA
19520,24.480708652,24.01669286
19521,38.9220387936842,36.80402408
19522,38.9220387936842,32.52744467
19523,24.480708652,24.01669286
19524,26.5391469292308,26.46760764
19526,38.9220387936842,36.85295117
19527,20.17625435,18.03307263
19528,38.9220387936842,36.80402408
19529,26.5391469292308,24.09511804
19530,29.9663929244444,37.99017724
19531,26.5391469292308,24.09511804
19532,24.480708652,18.23125983
19533,24.6607094240625,26.79141578
19536,32.5374279993333,33.54896464
19537,29.9663929244444,33.35985148
19539,32.5374279993333,34.53769629
19540,24.480708652,23.12919268
19542,24.480708652,25.89232077
19543,32.7518418762857,33.72746907
19545,24.480708652,26.86602531
19546,24.480708652,22.84103662
19547,24.480708652,22.63501526
19548,24.480708652,24.20755432
19549,26.5391469292308,25.50421112
19550,29.9663929244444,28.25091954
19551,38.9220387936842,37.32837199
19552,24.6607094240625,26.64235923
19553,32.5374279993333,34.53769629
19554,32.5374279993333,37.853019
19555,32.7518418762857,37.6806538
19556,32.5374279993333,37.03381275
19557,24.480708652,19.89493337
19558,32.7518418762857,34.57551266
19559,32.5374279993333,30.42690277
19560,38.9220387936842,39.00116449
19561,24.480708652,22.0149909
19562,24.6607094240625,24.87325907
19563,26.5391469292308,26.46760764
19565,38.9220387936842,36.75256714
19566,32.7518418762857,31.62423969
19568,20.17625435,23.29650478
19569,24.6607094240625,26.44693062
19570,32.5374279993333,30.32263912
19571,24.480708652,26.51089508
19572,24.480708652,25.72145942
19573,26.5391469292308,26.18521529
19574,32.5374279993333,30.43127329
19575,38.9220387936842,36.85295117
19576,38.9220387936842,31.46570676
19577,20.17625435,18.55284386
19578,24.480708652,28.93902397
19579,32.5374279993333,34.13824336
19580,38.9220387936842,37.32837199
19581,38.9220387936842,36.85295117
19582,29.9663929244444,30.83752103
19583,24.480708652,19.89493337
19584,24.6607094240625,21.0055788
19585,32.7518418762857,32.13199408
19586,32.5374279993333,30.77845731
19587,26.5391469292308,NA
19588,24.6607094240625,24.22212669
19589,38.9220387936842,43.83256407
19591,38.9220387936842,36.85295117
19592,32.5374279993333,37.59529054
19594,24.480708652,19.89493337
19595,26.5391469292308,NA
19596,29.9663929244444,30.33528583
19597,24.480708652,17.7157581
19598,26.5391469292308,30.2273019
19600,26.5391469292308,26.46760764
19601,24.480708652,24.20755432
19602,38.9220387936842,41.73651539
19603,29.9663929244444,35.99291256
19604,24.6607094240625,25.50433791
19605,20.17625435,21.04984522
19607,38.9220387936842,30.35519528
19610,32.5374279993333,34.95895562
19611,42.1100401125,40.28801822
19612,38.9220387936842,34.98422118
19613,32.7518418762857,35.91675323
19614,24.480708652,19.62960501
19615,29.9663929244444,30.33528583
19616,32.5374279993333,34.13824336
19617,24.480708652,28.0378782
19618,32.5374279993333,34.13824336
19620,24.6607094240625,26.19950324
19621,24.6607094240625,23.58893815
19622,29.9663929244444,22.22478527
19623,38.9220387936842,43.83256407
19624,24.480708652,28.93902397
19625,32.7518418762857,33.72746907
19626,32.7518418762857,32.92046148
19627,38.9220387936842,39.00116449
19628,32.5374279993333,34.13824336
19632,32.5374279993333,34.95895562
19633,26.5391469292308,NA
19634,32.7518418762857,32.44805798
19635,24.480708652,23.12919268
19636,24.6607094240625,26.44693062
19637,20.17625435,21.04984522
19638,38.9220387936842,36.80402408
19639,38.9220387936842,36.80402408
19640,38.9220387936842,43.66153242
19641,38.9220387936842,36.80402408
19642,24.480708652,29.82992639
19643,38.9220387936842,32.35221688
19644,24.6607094240625,28.84053874
19645,32.7518418762857,31.19669606
19646,24.480708652,27.96591144
19647,26.5391469292308,NA
19648,32.5374279993333,25.90439853
19649,24.6607094240625,24.64648603
19650,26.5391469292308,28.08144402
19652,20.17625435,20.81173418
19653,38.9220387936842,43.66153242
19654,29.9663929244444,35.52732819
19655,38.9220387936842,39.00116449
19656,32.5374279993333,30.42690277
19657,32.5374279993333,34.13824336
19658,24.480708652,28.93902397
19659,32.7518418762857,33.56482643
19661,24.6607094240625,27.06329048
19662,26.5391469292308,29.41208056
19663,24.480708652,24.01669286
19664,24.480708652,22.85653419
19665,26.5391469292308,26.18521529
19666,26.5391469292308,26.46760764
19667,26.5391469292308,24.09511804
19669,20.17625435,21.04984522
19670,38.9220387936842,37.32837199
19671,24.6607094240625,25.12439764
19672,24.480708652,23.12919268
19673,38.9220387936842,36.75256714
19674,26.5391469292308,24.09511804
19675,38.9220387936842,32.52744467
19676,32.5374279993333,33.54896464
19677,29.9663929244444,35.52732819
19678,38.9220387936842,36.80402408
19679,24.480708652,29.6630611
19680,24.6607094240625,24.37518579
19683,24.480708652,28.93902397
19685,24.480708652,29.82992639
19686,29.9663929244444,35.52732819
19688,32.5374279993333,33.04300971
19689,24.480708652,28.93902397
19690,24.6607094240625,28.47754595
19691,38.9220387936842,31.46570676
19692,32.5374279993333,35.46870816
19693,38.9220387936842,32.52744467
19694,38.9220387936842,41.81769813
19695,24.480708652,26.51089508
19696,26.5391469292308,25.50421112
19697,26.5391469292308,25.50421112
19698,26.5391469292308,NA
19699,24.480708652,19.62960501
19700,38.9220387936842,36.80402408
19701,26.5391469292308,25.02562376
19702,29.9663929244444,24.34829422
19703,29.9663929244444,30.92238934
19704,24.480708652,19.89493337
19705,24.6607094240625,19.15498792
19707,29.9663929244444,30.33528583
19708,32.5374279993333,37.853019
19709,24.480708652,19.89493337
19710,38.9220387936842,43.83256407
19711,20.17625435,20.81173418
19712,32.5374279993333,34.53769629
19713,20.17625435,22.09332257
19714,24.6607094240625,28.84053874
19715,29.9663929244444,24.34829422
19717,24.6607094240625,28.05574767
19718,24.6607094240625,27.23755099
19719,32.5374279993333,37.853019
19720,32.5374279993333,37.853019
19721,24.480708652,24.20755432
19723,38.9220387936842,36.80402408
19724,38.9220387936842,41.81769813
19725,32.5374279993333,35.46870816
19726,26.5391469292308,26.46760764
19728,20.17625435,19.86765008
19729,24.6607094240625,24.80335958
19730,32.5374279993333,26.01532103
19732,29.9663929244444,31.64007037
19733,32.5374279993333,35.46870816
19735,32.5374279993333,34.53769629
19736,38.9220387936842,36.80402408
19737,24.6607094240625,24.51510298
19738,32.5374279993333,30.32263912
19739,24.6607094240625,28.47754595
19740,26.5391469292308,24.09511804
19741,20.17625435,18.0784178
19742,26.5391469292308,NA
19743,26.5391469292308,28.08144402
19744,24.480708652,24.01669286
19745,32.5374279993333,32.87881084
19746,32.7518418762857,35.91675323
19747,38.9220387936842,39.00116449
19748,24.480708652,31.95658506
19750,32.5374279993333,34.9397811
19751,24.480708652,24.20755432
19752,32.5374279993333,33.05141783
19753,24.480708652,26.51089508
19754,26.5391469292308,25.50421112
19755,32.5374279993333,34.9397811
19756,32.5374279993333,25.90439853
19757,32.7518418762857,28.51365471
19758,29.9663929244444,35.52732819
19760,38.9220387936842,36.85295117
19761,29.9663929244444,25.62115652
19762,38.9220387936842,38.78493455
19763,38.9220387936842,38.78493455
19764,32.7518418762857,33.72746907
19765,38.9220387936842,32.52744467
19766,32.5374279993333,33.54896464
19767,24.480708652,29.82992639
19768,24.480708652,23.12919268
19769,32.7518418762857,37.1184579
19770,32.5374279993333,32.87881084
19771,38.9220387936842,36.75256714
19772,24.480708652,26.86602531
19773,26.5391469292308,26.18521529
19774,32.5374279993333,38.69129447
19775,26.5391469292308,26.46760764
19776,29.9663929244444,24.34829422
19777,32.5374279993333,33.05141783
19778,26.5391469292308,24.78525062
19779,29.9663929244444,37.99017724
19780,24.6607094240625,26.64235923
19781,24.480708652,19.89493337
19782,38.9220387936842,41.81769813
19783,38.9220387936842,30.35519528
19784,24.6607094240625,27.0758036
19785,38.9220387936842,41.73651539
19786,32.7518418762857,32.78156964
19787,24.6607094240625,27.06329048
19788,38.9220387936842,34.98422118
19789,29.9663929244444,30.83752103
19790,32.7518418762857,33.31191127
19791,32.5374279993333,37.59529054
19792,32.5374279993333,33.05141783
19793,24.480708652,23.12919268
19794,26.5391469292308,24.99604567
19795,38.9220387936842,43.83256407
19796,20.17625435,19.86765008
19797,24.480708652,28.0378782
19798,26.5391469292308,28.08144402
19800,24.6607094240625,26.19950324
19802,32.7518418762857,34.57551266
19803,38.9220387936842,43.83256407
19804,32.5374279993333,34.95895562
19805,24.480708652,28.0378782
19807,24.6607094240625,26.75390504
19808,38.9220387936842,32.35221688
19809,32.7518418762857,39.87443785
19810,24.480708652,24.01669286
19811,38.9220387936842,32.35221688
19812,38.9220387936842,41.73651539
19813,20.17625435,19.86765008
19814,38.9220387936842,43.83256407
19815,26.5391469292308,24.09511804
19816,38.9220387936842,30.35519528
19817,26.5391469292308,26.46760764
19818,32.7518418762857,34.1009554
19819,26.5391469292308,NA
19820,32.5374279993333,33.05141783
19821,29.9663929244444,25.62115652
19822,32.5374279993333,25.90439853
19823,29.9663929244444,30.92238934
19824,32.5374279993333,37.03381275
19826,24.480708652,22.84910105
19827,24.480708652,19.89493337
19828,26.5391469292308,24.99604567
19829,38.9220387936842,41.73651539
19830,29.9663929244444,37.99017724
19831,20.17625435,24.25383323
19834,32.7518418762857,32.02658335
19835,32.5374279993333,25.19451682
19836,20.17625435,18.03307263
19837,26.5391469292308,26.46760764
19839,24.480708652,25.72145942
19841,24.480708652,28.93902397
19842,38.9220387936842,47.97243253
19844,26.5391469292308,NA
19845,38.9220387936842,43.83256407
19846,38.9220387936842,36.85295117
19847,29.9663929244444,28.80123013
19848,32.5374279993333,34.9397811
19850,26.5391469292308,NA
19851,24.6607094240625,27.06329048
19852,24.6607094240625,26.19950324
19853,38.9220387936842,36.85295117
19854,38.9220387936842,36.80402408
19855,24.480708652,22.92922768
19856,32.7518418762857,31.19669606
19857,38.9220387936842,32.52744467
19858,20.17625435,18.12286394
19859,26.5391469292308,NA
19860,26.5391469292308,30.2273019
19862,24.480708652,24.20755432
19863,24.480708652,23.12919268
19864,32.5374279993333,30.77845731
19865,24.6607094240625,18.39803784
19866,29.9663929244444,28.80123013
19867,32.7518418762857,32.99189562
19868,32.5374279993333,34.13824336
19869,32.5374279993333,30.77845731
19870,24.6607094240625,24.51510298
19871,26.5391469292308,NA
19873,32.5374279993333,30.42690277
19874,38.9220387936842,31.46570676
19875,38.9220387936842,31.46570676
19876,32.5374279993333,34.13824336
19877,26.5391469292308,25.50421112
19878,32.7518418762857,30.75128854
19879,26.5391469292308,26.46760764
19880,24.480708652,24.20755432
19883,24.6607094240625,24.37518579
19884,29.9663929244444,24.34829422
19885,32.5374279993333,34.13824336
19886,26.5391469292308,NA
19887,29.9663929244444,30.92238934
19888,26.5391469292308,NA
19889,24.6607094240625,24.51510298
19891,32.7518418762857,33.56482643
19892,32.7518418762857,34.68199235
19893,26.5391469292308,NA
19894,29.9663929244444,28.81701196
19895,24.6607094240625,16.64933723
19896,26.5391469292308,26.46760764
19899,32.5374279993333,34.13824336
19901,32.5374279993333,34.9397811
19902,24.6607094240625,26.44693062
19903,20.17625435,20.21984895
19904,24.480708652,31.95658506
19905,26.5391469292308,NA
19906,32.5374279993333,34.13824336
19907,24.6607094240625,24.22212669
19908,32.5374279993333,26.01532103
19910,32.5374279993333,30.42690277
19911,26.5391469292308,29.41208056
19913,26.5391469292308,24.09511804
19914,24.480708652,19.62960501
19915,38.9220387936842,37.32837199
19916,38.9220387936842,41.73651539
19918,32.7518418762857,32.13199408
19919,29.9663929244444,32.5207443
19920,24.480708652,19.89493337
19921,29.9663929244444,26.75373634
19922,38.9220387936842,34.98422118
19924,32.5374279993333,35.46870816
19925,32.5374279993333,35.46870816
19926,26.5391469292308,28.08144402
19927,29.9663929244444,29.24538866
19928,26.5391469292308,24.99604567
19929,38.9220387936842,37.32837199
19930,26.5391469292308,NA
19931,20.17625435,18.03307263
19932,24.480708652,26.86602531
19933,32.7518418762857,30.75128854
19934,32.5374279993333,30.77845731
19935,38.9220387936842,39.00116449
19937,32.5374279993333,42.97422623
19938,38.9220387936842,36.80402408
19939,29.9663929244444,33.99675325
19940,24.6607094240625,24.22212669
19941,26.5391469292308,26.18521529
19942,26.5391469292308,24.09511804
19943,24.480708652,26.51089508
19944,24.480708652,22.0149909
19945,26.5391469292308,NA
19946,20.17625435,22.09332257
19947,38.9220387936842,37.32837199
19948,24.480708652,22.0149909
19949,29.9663929244444,33.99675325
19950,26.5391469292308,26.46760764
19951,38.9220387936842,41.81769813
19955,32.5374279993333,30.43127329
19956,24.480708652,17.7157581
19958,28.0229867158333,24.6164193
19959,32.5374279993333,30.32263912
19960,20.17625435,18.3451447
19962,38.9220387936842,36.80402408
19965,38.9220387936842,43.66153242
19966,38.9220387936842,37.32837199
19967,24.480708652,27.96591144
19968,32.5374279993333,33.05141783
19969,32.5374279993333,30.77845731
19970,29.9663929244444,36.29580261
19971,38.9220387936842,32.52744467
19972,24.480708652,28.0378782
19973,38.9220387936842,34.98422118
19974,32.7518418762857,33.56482643
19975,24.480708652,29.82992639
19976,24.480708652,17.7157581
19977,32.5374279993333,34.9397811
19978,38.9220387936842,36.85295117
19979,20.17625435,22.09332257
19980,26.5391469292308,24.99604567
19981,32.5374279993333,33.04300971
19982,38.9220387936842,34.98422118
19983,29.9663929244444,35.99291256
19984,38.9220387936842,30.35519528
19985,24.480708652,24.75712516
19986,29.9663929244444,28.80123013
19987,20.17625435,20.4413583
19989,26.5391469292308,NA
19990,32.5374279993333,30.77845731
19991,32.5374279993333,30.32263912
19992,32.7518418762857,32.60101348
19994,24.480708652,25.89232077
19995,29.9663929244444,33.99675325
19996,26.5391469292308,NA
19997,38.9220387936842,38.78493455
19998,24.480708652,22.63501526
19999,26.5391469292308,25.02562376
20001,38.9220387936842,43.83256407
20002,38.9220387936842,47.97243253
20003,32.7518418762857,34.68199235
20004,60.1904742297183,66.68332177
20005,32.5374279993333,30.42690277
20006,32.7518418762857,33.31191127
20007,28.0229867158333,34.77847304
20008,38.9220387936842,32.52744467
20009,60.1904742297183,40.06877491
20010,24.480708652,22.92922768
20011,39.0546064846,42.99060699
20012,42.1100401125,47.75994378
20013,24.480708652,22.0149909
20014,39.0546064846,33.97063374
20016,39.0546064846,41.34918136
20018,38.9220387936842,39.00116449
20019,32.5374279993333,34.53769629
20020,24.480708652,24.20755432
20021,26.5391469292308,28.27808304
20022,20.17625435,18.0784178
20023,45.0038345818182,39.40081213
20024,29.9663929244444,35.99291256
20025,26.5391469292308,24.09511804
20026,20.17625435,24.25383323
20027,38.9220387936842,36.80402408
20028,29.9663929244444,28.81701196
20029,32.5374279993333,24.24117895
20030,38.9220387936842,41.73651539
20031,32.7518418762857,37.6806538
20032,29.9663929244444,24.34829422
20033,38.9220387936842,43.83256407
20034,26.5391469292308,NA
20035,45.0038345818182,48.14594915
20036,32.7518418762857,32.78156964
20037,60.0573171895238,54.26676081
20038,38.9220387936842,32.52744467
20039,48.9601047144737,46.34281875
20040,38.9220387936842,39.00116449
20042,24.480708652,26.86602531
20044,26.5391469292308,26.18521529
20045,24.480708652,31.95658506
20046,32.7518418762857,33.72746907
20047,38.9220387936842,36.80402408
20048,26.5391469292308,25.02562376
20049,32.5374279993333,33.05141783
20052,39.0546064846,33.97063374
20055,32.7518418762857,31.62423969
20056,29.9663929244444,33.32012738
20058,29.9663929244444,35.52732819
20059,32.5374279993333,37.853019
20060,28.0229867158333,21.3940511
20061,32.7518418762857,33.72746907
20062,42.1100401125,43.60179413
20063,39.0546064846,41.99949396
20064,24.480708652,22.85653419
20065,26.5391469292308,NA
20066,38.9220387936842,36.80402408
20067,20.17625435,18.3451447
20068,24.480708652,22.92922768
20069,29.9663929244444,30.92044758
20070,32.5374279993333,34.53769629
20071,60.0573171895238,68.5440991
20073,38.9220387936842,36.80402408
20075,32.5374279993333,35.46870816
20076,20.17625435,18.0784178
20077,24.480708652,28.93902397
20078,26.5391469292308,26.46760764
20079,32.7518418762857,34.27988023
20080,32.5374279993333,25.19451682
20081,26.5391469292308,24.99604567
20082,29.9663929244444,30.92238934
20084,38.9220387936842,36.85295117
20085,38.9220387936842,41.81769813
20086,32.5374279993333,34.53769629
20087,32.7518418762857,31.78145855
20088,60.1904742297183,59.02335959
20089,32.7518418762857,34.68199235
20090,38.9220387936842,32.35221688
20091,32.5374279993333,34.53769629
20092,24.480708652,22.84103662
20094,38.9220387936842,36.85295117
20095,32.5374279993333,36.85949959
20096,32.7518418762857,34.68199235
20098,24.480708652,25.72145942
20099,20.17625435,18.55284386
20100,38.9220387936842,36.80402408
20101,32.5374279993333,34.95895562
20102,38.9220387936842,41.81769813
20103,32.7518418762857,35.91675323
20104,32.5374279993333,34.95895562
20106,20.17625435,23.29650478
20107,32.5374279993333,37.59529054
20108,26.5391469292308,28.27808304
20109,32.5374279993333,35.46870816
20110,29.9663929244444,30.33528583
20112,32.7518418762857,33.56482643
20113,29.9663929244444,33.32012738
20115,32.5374279993333,35.46870816
20116,32.7518418762857,39.87443785
20117,38.9220387936842,43.83256407
20118,26.5391469292308,NA
20119,24.480708652,25.72145942
20120,24.480708652,29.82992639
20121,38.9220387936842,43.83256407
20122,38.9220387936842,43.66153242
20123,20.17625435,22.09332257
20124,20.17625435,21.04984522
20125,26.5391469292308,NA
20126,24.480708652,22.84103662
20127,29.9663929244444,33.32012738
20128,29.9663929244444,28.81701196
20129,32.5374279993333,30.32263912
20130,24.480708652,24.75712516
20131,26.5391469292308,NA
20132,38.9220387936842,32.35221688
20133,24.480708652,27.08195092
20134,38.9220387936842,41.81769813
20135,38.9220387936842,47.97243253
20136,26.5391469292308,24.99604567
20137,32.7518418762857,32.60101348
20138,26.5391469292308,NA
20139,29.9663929244444,24.34829422
20140,24.480708652,19.89493337
20141,38.9220387936842,41.81769813
20142,26.5391469292308,25.02562376
20143,24.480708652,22.85653419
20145,24.480708652,22.84103662
20146,38.9220387936842,41.73651539
20147,29.9663929244444,33.35985148
20148,26.5391469292308,25.50421112
20149,38.9220387936842,37.32837199
20150,32.7518418762857,35.91675323
20151,38.9220387936842,36.75256714
20152,32.7518418762857,31.62423969
20153,32.5374279993333,33.04300971
20154,32.7518418762857,31.19669606
20155,20.17625435,18.03307263
20156,26.5391469292308,26.46760764
20157,38.9220387936842,39.00116449
20158,26.5391469292308,24.99604567
20159,26.5391469292308,26.18521529
20160,32.5374279993333,30.32263912
20161,32.7518418762857,34.61692648
20164,32.5374279993333,30.32263912
20165,26.5391469292308,NA
20168,38.9220387936842,41.81769813
20170,38.9220387936842,37.32837199
20171,29.9663929244444,30.92044758
20172,29.9663929244444,35.52732819
20173,26.5391469292308,25.02562376
20174,24.480708652,24.75712516
20175,38.9220387936842,47.97243253
20176,29.9663929244444,32.5207443
20177,20.17625435,18.3451447
20178,32.7518418762857,34.27988023
20179,32.5374279993333,36.85949959
20180,26.5391469292308,NA
20181,24.480708652,26.86602531
20182,38.9220387936842,36.85295117
20184,32.7518418762857,30.75128854
20185,20.17625435,24.25383323
20186,32.7518418762857,32.68462843
20187,24.480708652,28.93902397
20188,38.9220387936842,39.00116449
20189,32.5374279993333,35.46870816
20190,38.9220387936842,43.83256407
20191,32.7518418762857,32.78156964
20192,24.480708652,22.0149909
20194,33.1819488305556,38.44638989
20195,60.1904742297183,48.03843236
20196,60.1904742297183,68.85847394
20198,39.0546064846,34.01396306
20201,39.0546064846,43.15089694
20202,39.0546064846,37.08856187
20203,39.0546064846,38.01754766
20204,39.0546064846,33.91282299
20205,33.1819488305556,38.14241855
20206,60.1904742297183,56.14882455
20207,39.0546064846,42.99060699
20208,39.0546064846,38.83299512
20209,39.0546064846,37.31387594
20210,39.0546064846,31.33979869
20211,60.1904742297183,83.98668865
20212,39.0546064846,38.01754766
20213,60.1904742297183,55.28490707
20214,39.0546064846,33.4173923
20215,39.0546064846,37.08856187
20216,39.0546064846,36.96284414
20217,39.0546064846,50.50417442
20218,60.1904742297183,55.06988555
20221,39.0546064846,38.08205271
20223,39.0546064846,38.77051967
20224,60.1904742297183,59.28905471
20225,48.9601047144737,42.69959864
20227,48.9601047144737,49.21778302
20228,48.9601047144737,38.384195
20229,39.0546064846,37.08856187
20231,39.0546064846,41.34918136
20233,48.9601047144737,46.22716524
20234,48.9601047144737,49.21778302
20235,48.9601047144737,40.80200033
20236,48.9601047144737,57.32881312
20237,48.9601047144737,56.04185304
20238,48.9601047144737,60.36838853
20239,107.084792437778,101.4855664
20240,60.1904742297183,58.56210822
20241,48.9601047144737,38.384195
20242,48.9601047144737,57.03345739
20243,48.9601047144737,49.21778302
20244,60.1904742297183,66.25872598
20245,39.0546064846,50.51953318
20246,48.9601047144737,44.60462482
20249,48.9601047144737,60.36838853
20251,48.9601047144737,52.40309435
20252,39.0546064846,32.98159887
20253,48.9601047144737,46.04481045
20254,60.1904742297183,67.45109647
20255,60.1904742297183,64.6649738
20256,48.9601047144737,42.69959864
20257,60.1904742297183,60.12262747
20259,48.9601047144737,40.63690914
20260,39.0546064846,37.36593459
20261,60.1904742297183,40.06877491
20262,48.9601047144737,53.01690848
20263,48.9601047144737,49.53949672
20264,60.1904742297183,72.59956245
20265,48.9601047144737,46.22716524
20266,48.9601047144737,42.69959864
20267,48.9601047144737,45.60730872
20268,48.9601047144737,60.36838853
20269,107.084792437778,110.8782025
20270,48.9601047144737,49.21778302
20272,48.9601047144737,43.72006841
20273,60.0573171895238,54.26676081
20274,39.0546064846,42.99060699
20275,30.2633911684615,39.37193079
20276,33.1819488305556,38.67074983
20277,60.1904742297183,61.51797294
20278,42.1100401125,41.8510148
20279,48.9601047144737,46.34281875
20281,48.9601047144737,43.72006841
20282,48.9601047144737,43.72006841
20283,48.9601047144737,57.32881312
20284,39.0546064846,33.4173923
20286,60.1904742297183,70.17422511
20287,39.0546064846,42.99060699
20288,39.0546064846,49.10905624
20289,39.0546064846,38.54395438
20290,48.9601047144737,40.51265566
20291,48.9601047144737,49.21778302
20292,60.1904742297183,63.12899951
20293,39.0546064846,37.31387594
20294,38.9220387936842,36.80402408
20295,48.9601047144737,60.36838853
20296,48.9601047144737,56.51615219
20297,48.9601047144737,49.53949672
20299,48.9601047144737,56.97792142
20300,48.9601047144737,49.21778302
20301,48.9601047144737,52.91654986
20302,48.9601047144737,42.69959864
20305,39.0546064846,37.75028937
20306,45.0038345818182,41.01064122
20308,60.1904742297183,55.06988555
20310,60.0573171895238,51.11247893
20311,48.9601047144737,55.01331023
20312,60.1904742297183,58.79828983
20313,39.0546064846,38.83299512
20314,48.9601047144737,42.69959864
20315,48.9601047144737,60.36838853
20316,60.1904742297183,53.08734646
20317,48.9601047144737,41.21895556
20318,48.9601047144737,53.01690848
20319,48.9601047144737,46.34281875
20320,39.0546064846,34.01396306
20321,39.0546064846,36.96284414
20324,60.0573171895238,65.55824215
20326,48.9601047144737,43.75933583
20328,60.1904742297183,60.81922469
20330,39.0546064846,39.96528415
20332,48.9601047144737,46.34281875
20334,39.0546064846,38.23389085
20335,60.1904742297183,48.6496551
20336,42.1100401125,40.28801822
20337,45.0038345818182,52.86825432
20338,60.0573171895238,71.41508136
20339,48.9601047144737,40.80200033
20340,45.0038345818182,45.12036909
20341,45.0038345818182,46.41841013
20343,45.0038345818182,48.45817757
20344,48.9601047144737,40.63690914
20345,30.2633911684615,39.37193079
20346,48.9601047144737,42.69959864
20347,45.0038345818182,48.14594915
20348,48.9601047144737,42.69959864
20351,48.9601047144737,53.01690848
20352,45.0038345818182,56.07669645
20353,45.0038345818182,48.14594915
20354,42.1100401125,43.55820647
20356,45.0038345818182,45.12036909
20357,45.0038345818182,46.84567195
20358,48.9601047144737,60.36838853
20360,45.0038345818182,46.84567195
20361,60.1904742297183,62.11168197
20362,42.1100401125,43.55820647
20363,60.0573171895238,56.84994955
20364,45.0038345818182,39.86602972
20365,60.0573171895238,56.84994955
20366,60.0573171895238,56.84994955
20369,33.1819488305556,35.51387818
20370,45.0038345818182,41.01064122
20373,45.0038345818182,44.54173854
20374,28.0229867158333,21.3940511
20375,45.0038345818182,48.14594915
20377,60.1904742297183,68.08061113
20378,60.1904742297183,61.05327615
20379,45.0038345818182,39.40081213
20380,32.930072935,28.04659686
20381,45.0038345818182,39.37965119
20382,60.1904742297183,60.02551835
20383,48.9601047144737,56.04185304
20384,26.5391469292308,23.81199984
20385,26.5391469292308,28.27808304
20386,60.1904742297183,54.70555421
20387,42.1100401125,41.8510148
20389,45.0038345818182,39.40081213
20390,26.5391469292308,26.18521529
20391,45.0038345818182,44.54173854
20392,33.1819488305556,42.40832028
20394,39.0546064846,39.59774957
20395,26.5391469292308,28.27808304
20396,26.5391469292308,24.99604567
20397,26.5391469292308,28.13892858
20398,26.5391469292308,25.02562376
20399,26.5391469292308,23.81199984
20400,45.0038345818182,38.1553993
20403,60.1904742297183,59.02335959
20404,26.5391469292308,28.13892858
20405,107.084792437778,117.9616654
20406,60.0573171895238,56.84994955
20407,32.930072935,33.19101317
20408,26.5391469292308,28.13892858
20409,60.1904742297183,55.06988555
20410,26.5391469292308,24.99604567
20411,39.0546064846,38.77051967
20412,26.5391469292308,28.27808304
20413,60.1904742297183,60.81922469
20414,45.0038345818182,43.25786699
20415,26.5391469292308,25.02562376
20416,48.9601047144737,49.21778302
20417,26.5391469292308,24.99604567
20418,45.0038345818182,38.1553993
20419,45.0038345818182,45.49283981
20420,39.0546064846,42.99060699
20422,42.1100401125,44.6755937
20424,48.9601047144737,55.01331023
20425,26.5391469292308,25.02562376
20428,26.5391469292308,28.13892858
20429,45.0038345818182,51.24155301
20430,26.5391469292308,25.02562376
20431,26.5391469292308,NA
20432,60.0573171895238,66.28590409
20433,26.5391469292308,26.46760764
20434,45.0038345818182,41.23739149
20436,60.1904742297183,77.24375062
20437,26.5391469292308,28.08144402
20438,45.0038345818182,52.31340145
20439,45.0038345818182,51.24155301
20440,45.0038345818182,52.86825432
20441,26.5391469292308,NA
20443,26.5391469292308,NA
20444,60.1904742297183,65.64990636
20445,45.0038345818182,52.86825432
20446,42.1100401125,46.24872601
20448,26.5391469292308,24.99604567
20450,26.5391469292308,NA
20451,60.1904742297183,58.28947643
20452,33.1819488305556,38.67074983
20453,26.5391469292308,23.81199984
20454,45.0038345818182,44.54173854
20455,42.1100401125,44.6755937
20456,26.5391469292308,26.46760764
20458,26.5391469292308,NA
20459,48.9601047144737,38.384195
20460,30.2633911684615,37.3827017
20462,26.3406693354545,42.2837761
20463,60.1904742297183,48.6496551
20464,26.5391469292308,NA
20465,33.1819488305556,38.67074983
20466,26.5391469292308,NA
20467,26.3406693354545,30.08005226
20469,26.5391469292308,NA
20470,60.1904742297183,48.6496551
20471,60.1904742297183,70.17422511
20473,33.1819488305556,38.67074983
20474,26.5391469292308,NA
20475,42.1100401125,48.32029032
20476,26.5391469292308,26.46760764
20477,33.1819488305556,32.63581663
20478,30.2633911684615,22.16496979
20479,42.1100401125,41.8510148
20480,60.1904742297183,48.59574683
20481,33.1819488305556,38.8124442
20482,26.5391469292308,24.78525062
20483,60.1904742297183,58.72059763
20487,30.2633911684615,37.3827017
20490,48.9601047144737,50.1504657
20491,45.0038345818182,41.23739149
20493,33.1819488305556,38.44638989
20494,45.0038345818182,38.69994334
20495,26.5391469292308,NA
20497,45.0038345818182,50.59402673
20498,30.2633911684615,37.3827017
20499,33.1819488305556,24.74363712
20500,42.1100401125,40.72782929
20503,45.0038345818182,39.86602972
20504,33.1819488305556,42.40832028
20505,26.5391469292308,NA
20506,26.5391469292308,NA
20507,26.5391469292308,25.02562376
20508,45.0038345818182,52.71768594
20509,45.0038345818182,56.07669645
20510,42.1100401125,45.57381723
20512,45.0038345818182,56.07669645
20513,39.0546064846,32.28733252
20514,33.1819488305556,24.74363712
20515,26.5391469292308,29.41208056
20516,45.0038345818182,52.31340145
20517,42.1100401125,47.75994378
20518,45.0038345818182,43.25786699
20519,26.5391469292308,NA
20520,26.5391469292308,NA
20521,42.1100401125,48.32029032
20522,39.0546064846,42.99060699
20523,26.5391469292308,26.46760764
20524,60.1904742297183,62.12097947
20525,48.9601047144737,53.5136665
20526,26.5391469292308,NA
20527,48.9601047144737,46.22716524
20529,26.5391469292308,26.46760764
20530,26.5391469292308,NA
20532,26.5391469292308,28.08144402
20533,45.0038345818182,39.86602972
20534,26.3406693354545,30.08005226
20535,33.1819488305556,38.8124442
20536,48.9601047144737,53.01690848
20537,45.0038345818182,46.41841013
20538,28.0229867158333,24.6164193
20539,30.2633911684615,37.3827017
20540,60.0573171895238,49.6570259
20542,30.2633911684615,39.37193079
20543,48.9601047144737,53.01690848
20544,33.1819488305556,38.8124442
20545,26.5391469292308,NA
20546,33.1819488305556,33.95506682
20547,60.1904742297183,74.69492593
20548,26.5391469292308,29.41208056
20549,28.0229867158333,34.77847304
20550,33.1819488305556,38.14241855
20551,33.1819488305556,32.63581663
20552,48.9601047144737,38.384195
20553,42.1100401125,47.75994378
20554,60.0573171895238,48.34007868
20555,45.0038345818182,40.08393847
20556,48.9601047144737,40.51265566
20557,60.1904742297183,61.69726511
20558,60.1904742297183,55.06988555
20559,48.9601047144737,53.01690848
20560,60.1904742297183,58.72059763
20561,48.9601047144737,40.80200033
20562,42.1100401125,41.77266471
20563,42.1100401125,43.55820647
20564,45.0038345818182,38.69994334
20565,42.1100401125,36.64447328
20566,45.0038345818182,44.63584613
20567,26.3406693354545,25.27788518
20568,45.0038345818182,38.1553993
20569,30.2633911684615,50.90442398
20571,42.1100401125,41.8510148
20572,60.1904742297183,68.08061113
20573,60.1904742297183,64.6649738
20574,60.0573171895238,49.99352626
20575,48.9601047144737,45.60730872
20576,39.0546064846,38.01754766
20577,28.0229867158333,25.26170184
20578,60.1904742297183,70.17422511
20579,33.1819488305556,38.44638989
20580,48.9601047144737,45.60730872
20581,28.0229867158333,38.32314157
20582,60.1904742297183,49.00311855
20583,60.1904742297183,61.69726511
20584,26.3406693354545,42.2837761
20585,33.1819488305556,32.63581663
20586,42.1100401125,43.55820647
20588,60.1904742297183,67.45109647
20589,26.3406693354545,25.61993548
20590,33.1819488305556,42.40832028
20591,26.3406693354545,22.30218439
20592,28.0229867158333,30.7945286
20593,33.1819488305556,38.14241855
20594,26.3406693354545,22.30218439
20595,48.9601047144737,44.60462482
20596,60.0573171895238,71.41508136
20597,48.9601047144737,56.97792142
20598,32.5374279993333,24.24117895
20599,60.1904742297183,58.8665309
20600,45.0038345818182,39.86602972
20601,39.0546064846,43.15089694
20602,45.0038345818182,38.1553993
20603,107.084792437778,95.23094649
20606,30.061445015,36.87695988
20606,30.061445015,23.24593015
20607,23.2252263157143,26.10851062
20608,18.66680698,20.87085892
20609,23.2252263157143,23.10051394
20611,18.52799088,25.22631828
20612,41.55043933,41.55043933
20613,32.930072935,31.05055728
20614,32.930072935,36.80500902
20616,32.930072935,34.04316412
20617,32.930072935,33.34488017
20618,60.1904742297183,58.72059763
20619,32.930072935,33.34488017
20620,32.930072935,34.04316412
20621,32.930072935,34.52320416
20622,32.930072935,30.68746401
20623,32.930072935,33.19101317
20624,32.930072935,38.63757704
20625,30.2633911684615,37.3827017
20626,60.1904742297183,63.12899951
20627,60.1904742297183,48.03843236
20628,60.1904742297183,59.02335959
20629,60.1904742297183,58.72059763
20630,60.1904742297183,56.2900986
20631,60.1904742297183,56.03572897
20633,60.1904742297183,76.32263335
20634,32.930072935,30.68746401
20635,60.1904742297183,50.52646444
20636,60.1904742297183,58.79828983
20638,60.1904742297183,66.68332177
20639,60.1904742297183,61.05327615
20641,32.930072935,34.52320416
20642,60.1904742297183,54.70555421
20643,60.1904742297183,55.28490707
20645,60.1904742297183,64.6649738
20647,60.1904742297183,61.69726511
20648,60.1904742297183,58.72059763
20649,60.1904742297183,49.72593946
20650,60.1904742297183,60.81890832
20651,60.1904742297183,76.32263335
20652,60.1904742297183,56.14882455
20653,60.1904742297183,60.78121287
20654,32.930072935,29.46721738
20655,60.1904742297183,74.69492593
20656,60.1904742297183,58.79828983
20657,60.1904742297183,66.25872598
20658,60.1904742297183,68.85847394
20659,60.1904742297183,63.12899951
20660,32.930072935,33.34488017
20661,60.1904742297183,55.63335693
20662,60.1904742297183,59.16488435
20664,48.9601047144737,43.72006841
20665,48.9601047144737,36.54983067
20666,48.9601047144737,56.97792142
20667,48.9601047144737,44.60462482
20668,48.9601047144737,56.97792142
20669,39.0546064846,37.08856187
20670,48.9601047144737,40.80200033
20671,48.9601047144737,46.34281875
20672,48.9601047144737,60.36838853
20674,60.1904742297183,72.59956245
20675,60.1904742297183,59.52877043
20676,48.9601047144737,52.91654986
20677,60.1904742297183,63.80109737
20678,32.930072935,33.34488017
20679,48.9601047144737,57.32881312
20680,48.9601047144737,57.03345739
20681,48.9601047144737,42.37199835
20683,60.1904742297183,66.68332177
20684,45.0038345818182,52.86825432
20685,48.9601047144737,57.94882045
20686,60.1904742297183,59.15295191
20687,48.9601047144737,54.91555705
20688,48.9601047144737,56.51615219
20692,39.0546064846,42.73482444
20694,45.0038345818182,52.31340145
20695,45.0038345818182,38.1553993
20696,45.0038345818182,40.08393847
20697,45.0038345818182,48.14594915
20698,48.9601047144737,56.04185304
20699,45.0038345818182,43.25786699
20700,48.9601047144737,40.80200033
20701,48.9601047144737,56.97792142
20702,48.9601047144737,49.53949672
20703,48.9601047144737,52.40309435
20704,48.9601047144737,40.51265566
20705,39.0546064846,38.54395438
20706,48.9601047144737,44.60462482
20707,48.9601047144737,56.51615219
20708,60.1904742297183,62.12097947
20709,39.0546064846,36.8105042
20710,107.084792437778,95.23094649
20711,39.0546064846,41.34918136
20712,60.0573171895238,49.99352626
20713,39.0546064846,38.54395438
20714,39.0546064846,38.54395438
20715,45.667876549,49.45786036
20716,39.0546064846,39.59774957
20717,60.1904742297183,68.85847394
20719,107.084792437778,95.23094649
20720,107.084792437778,93.87774835
20721,30.061445015,36.87695988
20721,30.061445015,23.24593015
20722,45.667876549,47.17504511
20724,107.084792437778,108.5597717
20725,48.9601047144737,46.04481045
20727,45.0038345818182,39.40081213
20728,60.0573171895238,69.35702208
20729,60.0573171895238,49.99352626
20730,107.084792437778,117.9616654
20731,39.0546064846,33.4173923
20732,39.0546064846,32.28733252
20733,60.0573171895238,89.78763124
20734,60.0573171895238,68.5440991
20735,39.0546064846,41.18495648
20736,107.084792437778,110.8782025
20737,45.0038345818182,50.59402673
20738,45.0038345818182,48.45817757
20739,60.1904742297183,68.08061113
20740,45.667876549,42.45209823
20741,39.0546064846,41.99949396
20742,45.0038345818182,38.69994334
20743,60.0573171895238,66.28590409
20744,60.1904742297183,74.69492593
20745,39.0546064846,41.99949396
20746,48.9601047144737,57.32881312
20747,32.930072935,27.01171222
20748,48.9601047144737,56.04185304
20749,48.9601047144737,56.51615219
20750,60.0573171895238,46.28075515
20751,33.1819488305556,33.61147743
20752,60.0573171895238,89.78763124
20755,45.667876549,49.45786036
20756,48.9601047144737,44.60462482
20757,45.0038345818182,38.1553993
20758,33.1819488305556,38.44638989
20759,60.1904742297183,48.03843236
20760,60.1904742297183,59.16488435
20761,60.1904742297183,64.6649738
20762,42.1100401125,36.64447328
20764,28.0229867158333,25.26170184
20765,45.667876549,43.9357089
20766,42.1100401125,41.8510148
20767,48.9601047144737,42.69959864
20768,39.0546064846,38.3244555
20769,39.0546064846,34.01396306
20770,60.1904742297183,76.32263335
20771,60.0573171895238,51.11247893
20772,33.1819488305556,34.62951363
20773,60.0573171895238,51.11247893
20774,60.1904742297183,63.52178162
20775,30.2633911684615,50.90442398
20776,39.0546064846,33.97063374
20777,42.1100401125,50.37902583
20778,39.0546064846,38.08205271
20779,42.1100401125,44.6755937
20780,45.0038345818182,48.14594915
20781,39.0546064846,39.93363251
20782,60.0573171895238,54.26676081
20783,39.0546064846,39.96528415
20784,39.0546064846,38.54395438
20785,28.0229867158333,24.6164193
20786,28.0229867158333,21.3940511
20788,28.0229867158333,19.65258076
20789,42.1100401125,41.8510148
20790,28.0229867158333,25.26170184
20793,48.9601047144737,56.04185304
20794,60.0573171895238,49.6570259
20795,23.2252263157143,26.65123711
20796,28.0229867158333,33.26614392
20797,30.2633911684615,27.62766342
20798,42.1100401125,43.55820647
20799,42.1100401125,48.3234486
20800,42.1100401125,47.75994378
20801,18.66680698,20.87085892
20802,28.0229867158333,21.3940511
20803,39.0546064846,38.54395438
20804,26.3406693354545,41.11839539
20805,60.1904742297183,61.05327615
20806,18.52799088,25.22631828
20807,39.0546064846,41.18495648
20808,45.667876549,43.9357089
20809,39.0546064846,36.96284414
20811,60.1904742297183,58.69031512
20812,39.0546064846,51.31677596
20813,32.930072935,33.34488017
20814,45.0038345818182,37.25225256
20815,29.9663929244444,33.32012738
20816,32.930072935,31.10630867
20817,32.930072935,28.04659686
20818,24.6607094240625,24.87325907
20819,24.6607094240625,26.19950324
20821,32.930072935,40.41610504
20823,32.930072935,28.04659686
20824,32.930072935,33.34488017
20825,25.478484475,29.62923167
20826,60.1904742297183,63.52178162
20827,32.930072935,33.19101317
20828,14.51246414125,15.33617683
20829,45.667876549,47.14563255
20830,39.0546064846,36.28483034
20832,45.667876549,41.6696278
20833,26.5391469292308,NA
20835,32.930072935,31.05055728
20836,25.478484475,29.62923167
20837,45.667876549,42.45209823
20838,24.6607094240625,21.0055788
20839,24.6607094240625,28.84053874
20840,32.930072935,34.52320416
20841,32.930072935,33.96664954
20842,23.2252263157143,26.65123711
20843,45.667876549,47.17504511
20844,45.0038345818182,39.40081213
20847,45.0038345818182,56.07669645
20848,18.320305805,18.92856774
20849,45.0038345818182,48.14594915
20850,45.0038345818182,43.25786699
20851,45.0038345818182,37.25225256
20852,60.1904742297183,49.00311855
20853,32.7518418762857,32.13199408
20854,60.1904742297183,64.6649738
20855,60.1904742297183,50.45173192
20856,32.7518418762857,32.13199408
20857,32.7518418762857,32.02658335
20858,30.2633911684615,50.90442398
20859,32.7518418762857,30.75128854
20860,60.1904742297183,60.81922469
20861,32.7518418762857,33.56482643
20863,60.1904742297183,55.06988555
20864,60.1904742297183,59.15295191
20865,32.7518418762857,35.91675323
20866,32.7518418762857,37.1184579
20867,60.1904742297183,82.45842063
20868,60.1904742297183,59.15295191
20869,60.1904742297183,68.08061113
20870,60.1904742297183,61.69726511
20871,32.7518418762857,34.19872088
20872,60.1904742297183,59.28905471
20873,60.0573171895238,51.11247893
20874,60.1904742297183,58.72059763
20876,60.1904742297183,58.72059763
20877,60.1904742297183,56.32523297
20878,42.1100401125,43.60179413
20879,32.7518418762857,30.75128854
20880,24.6607094240625,21.0055788
20881,32.7518418762857,35.91675323
20882,60.1904742297183,68.08061113
20883,60.1904742297183,66.25872598
20884,60.1904742297183,63.12899951
20885,45.0038345818182,52.86825432
20886,24.6607094240625,24.80335958
20887,60.1904742297183,82.45842063
20888,32.7518418762857,33.31191127
20889,45.667876549,49.45786036
20890,60.1904742297183,48.03843236
20892,42.1100401125,50.37902583
20893,60.1904742297183,61.51797294
20894,60.1904742297183,55.63335693
20895,32.7518418762857,28.22950713
20896,32.7518418762857,31.19669606
20897,45.0038345818182,38.99416077
20900,45.667876549,49.45786036
20901,24.6607094240625,25.54018756
20902,32.7518418762857,32.13199408
20903,48.9601047144737,40.51265566
20904,45.667876549,47.14563255
20905,32.7518418762857,30.75128854
20906,60.1904742297183,60.12053456
20907,48.9601047144737,60.36838853
20908,45.0038345818182,41.01064122
20909,45.667876549,46.63079039
20910,60.1904742297183,50.52646444
20911,48.9601047144737,38.384195
20912,48.9601047144737,56.97792142
20913,24.6607094240625,28.84053874
20915,48.9601047144737,40.63690914
20916,60.1904742297183,56.14882455
20917,60.1904742297183,76.32263335
20918,18.320305805,17.71204387
20919,60.1904742297183,63.12899951
20920,48.9601047144737,44.60462482
20921,24.6607094240625,25.50433791
20922,32.930072935,33.88550411
20923,32.930072935,33.88550411
20924,32.7518418762857,32.68462843
20925,24.6607094240625,22.67801057
20926,24.6607094240625,26.79141578
20927,48.9601047144737,40.51265566
20928,60.1904742297183,60.78121287
20930,24.6607094240625,23.02367135
20931,32.7518418762857,35.95065458
20932,32.7518418762857,31.19669606
20933,24.6607094240625,25.17033717
20934,24.6607094240625,24.22212669
20935,24.6607094240625,27.23755099
20936,24.6607094240625,27.23755099
20937,32.7518418762857,31.29010654
20939,32.7518418762857,34.27988023
20940,24.6607094240625,24.87325907
20941,32.7518418762857,35.91675323
20942,32.7518418762857,33.72746907
20943,32.7518418762857,33.56482643
20944,32.7518418762857,31.29010654
20945,24.6607094240625,27.06329048
20946,32.7518418762857,34.68199235
20948,32.7518418762857,33.72746907
20950,32.7518418762857,31.19669606
20951,32.7518418762857,32.99189562
20952,32.7518418762857,30.75128854
20953,32.7518418762857,34.19872088
20954,32.7518418762857,37.1184579
20955,24.6607094240625,25.17033717
20956,32.7518418762857,33.72746907
20957,32.7518418762857,34.61692648
20958,24.6607094240625,21.0055788
20959,32.7518418762857,32.13199408
20960,24.6607094240625,25.17033717
20961,32.7518418762857,33.72746907
20962,42.1100401125,45.57381723
20964,32.930072935,34.8193469
20966,48.9601047144737,53.01690848
20967,32.7518418762857,32.92046148
20969,60.1904742297183,60.12053456
20970,32.7518418762857,22.73489496
20971,32.7518418762857,32.68462843
20973,24.6607094240625,26.44693062
20974,48.9601047144737,52.40309435
20975,42.1100401125,37.25452681
20976,48.9601047144737,57.94882045
20977,48.9601047144737,56.04185304
20978,48.9601047144737,47.30082225
20979,60.1904742297183,82.45842063
20980,32.7518418762857,34.27988023
20981,48.9601047144737,40.51265566
20982,32.7518418762857,34.89205472
20983,42.1100401125,44.6755937
20984,39.0546064846,37.75028937
20985,32.7518418762857,35.91675323
20986,60.0573171895238,67.87785273
20987,32.7518418762857,28.22950713
20989,32.7518418762857,34.57551266
20990,45.667876549,45.11333684
20991,39.0546064846,38.77051967
20992,45.0038345818182,48.14594915
20993,32.7518418762857,31.62423969
20994,45.0038345818182,52.81633785
20995,45.0038345818182,48.14594915
20996,32.7518418762857,33.72746907
20997,42.1100401125,36.64447328
20998,42.1100401125,48.32029032
20999,45.667876549,45.82742563
21000,24.6607094240625,24.51510298
21001,42.1100401125,47.75994378
21003,45.667876549,49.45786036
21004,32.7518418762857,31.19669606
21005,60.1904742297183,66.25872598
21006,32.7518418762857,34.57551266
21007,32.7518418762857,32.44805798
21008,60.1904742297183,66.25872598
21009,28.0229867158333,25.26170184
21011,48.9601047144737,53.01690848
21012,45.0038345818182,50.59402673
21013,48.9601047144737,46.34281875
21014,60.1904742297183,62.11168197
21015,24.6607094240625,25.54018756
21017,32.930072935,28.04659686
21018,48.9601047144737,56.97792142
21019,24.6607094240625,18.39803784
21020,32.7518418762857,34.89205472
21021,60.1904742297183,58.56210822
21023,32.7518418762857,28.22950713
21024,45.0038345818182,56.07669645
21025,45.0038345818182,51.24155301
21026,24.6607094240625,28.47754595
21028,45.667876549,45.11333684
21029,32.7518418762857,28.22950713
21030,60.1904742297183,58.97773437
21031,32.930072935,27.01171222
21032,60.1904742297183,48.59574683
21034,32.7518418762857,34.19872088
21035,45.0038345818182,38.30409232
21037,32.7518418762857,35.91675323
21038,32.7518418762857,32.13199408
21040,24.6607094240625,26.19950324
21041,39.0546064846,42.73482444
21043,60.0573171895238,81.98038226
21044,24.6607094240625,24.37518579
21045,32.7518418762857,33.56482643
21046,32.930072935,34.04316412
21047,32.930072935,33.19101317
21048,32.5374279993333,30.42690277
21049,60.1904742297183,59.02335959
21050,32.930072935,34.04316412
21051,39.0546064846,37.36593459
21052,32.7518418762857,33.31191127
21053,45.0038345818182,56.07669645
21054,32.930072935,29.46721738
21055,32.7518418762857,31.62423969
21056,24.6607094240625,24.51510298
21057,39.0546064846,38.54395438
21058,45.0038345818182,38.69994334
21060,45.0038345818182,39.86602972
21061,42.1100401125,40.28801822
21062,45.0038345818182,46.84567195
21063,48.9601047144737,53.5136665
21064,48.9601047144737,53.01690848
21065,24.6607094240625,26.44693062
21066,32.7518418762857,34.68199235
21067,42.1100401125,33.86428147
21068,32.7518418762857,28.22950713
21070,32.930072935,30.68746401
21072,32.930072935,34.8193469
21074,107.084792437778,108.5597717
21075,45.0038345818182,46.41841013
21076,45.667876549,47.17504511
21077,26.3406693354545,25.61993548
21078,39.0546064846,39.59774957
21079,45.0038345818182,39.86602972
21080,60.0573171895238,65.55824215
21081,26.3406693354545,22.40186499
21082,33.1819488305556,38.44638989
21083,26.3406693354545,22.30218439
21086,48.9601047144737,52.40309435
21087,24.6607094240625,27.06329048
21088,32.930072935,34.8193469
21089,32.930072935,34.04316412
21090,32.930072935,40.41610504
21091,32.930072935,36.80500902
21092,32.930072935,36.80500902
21093,20.17625435,21.04984522
21094,32.930072935,40.41610504
21095,32.930072935,34.04316412
21096,45.0038345818182,42.77676183
21097,32.7518418762857,34.1009554
21098,32.930072935,31.10630867
21100,20.17625435,20.21984895
21101,32.930072935,31.10630867
21102,32.930072935,33.0396606
21103,32.930072935,27.01171222
21104,32.930072935,36.80500902
21105,32.930072935,28.77052671
21106,24.6607094240625,27.0758036
21109,32.7518418762857,32.78156964
21110,60.1904742297183,59.52877043
21112,32.930072935,33.19101317
21113,24.6607094240625,24.64648603
21114,24.6607094240625,22.67801057
21115,45.667876549,46.63079039
21116,32.930072935,34.04316412
21117,60.1904742297183,67.45109647
21118,32.930072935,34.04316412
21119,20.17625435,24.25383323
21120,32.930072935,40.41610504
21121,48.9601047144737,52.40309435
21122,107.084792437778,101.4855664
21123,60.1904742297183,60.12262747
21124,39.0546064846,41.18495648
21125,32.7518418762857,31.62423969
21128,32.7518418762857,35.91675323
21129,45.667876549,46.42191097
21130,32.7518418762857,33.72746907
21131,107.084792437778,93.87774835
21132,32.7518418762857,35.91675323
21134,32.7518418762857,31.62423969
21135,32.930072935,34.04316412
21136,48.9601047144737,42.37199835
21137,32.7518418762857,28.51365471
21138,32.7518418762857,35.95065458
21139,32.7518418762857,34.57551266
21140,48.9601047144737,45.60730872
21141,38.9220387936842,39.00116449
21142,32.7518418762857,32.60101348
21143,45.667876549,49.45786036
21144,32.7518418762857,33.72746907
21145,39.0546064846,41.61145098
21146,38.9220387936842,47.97243253
21147,45.667876549,45.11333684
21148,20.17625435,18.3451447
21150,45.667876549,47.17504511
21151,24.6607094240625,24.37518579
21152,60.1904742297183,82.45842063
21153,32.7518418762857,30.75128854
21154,48.9601047144737,56.04185304
21155,20.17625435,19.30112066
21156,32.7518418762857,35.91675323
21157,32.930072935,30.68746401
21158,20.17625435,18.03307263
21159,32.930072935,33.41955994
21161,38.9220387936842,39.00116449
21162,38.9220387936842,36.80402408
21163,20.17625435,18.0784178
21164,20.17625435,18.12286394
21165,45.0038345818182,45.12036909
21166,32.930072935,40.41610504
21167,45.667876549,46.42191097
21168,38.9220387936842,41.73651539
21169,60.1904742297183,59.53127495
21170,60.1904742297183,58.79828983
21171,41.55043933,41.55043933
21173,60.1904742297183,58.8665309
21174,45.667876549,43.9357089
21175,26.3406693354545,22.77454441
21176,60.1904742297183,51.15848162
21177,42.1100401125,41.8510148
21178,20.17625435,18.0784178
21179,38.9220387936842,38.78493455
21181,32.930072935,33.34488017
21182,38.9220387936842,41.81769813
21183,20.17625435,24.25383323
21184,32.7518418762857,32.13199408
21186,32.930072935,31.05055728
21187,32.930072935,32.37877251
21188,60.1904742297183,55.63335693
21189,20.17625435,20.21984895
21190,32.930072935,29.46721738
21191,20.17625435,23.29650478
21192,60.1904742297183,82.45842063
21193,60.1904742297183,60.81922469
21194,60.1904742297183,50.45173192
21195,38.9220387936842,36.80402408
21197,24.6607094240625,27.06329048
21198,20.17625435,20.21984895
21199,38.9220387936842,32.35221688
21200,60.1904742297183,70.17422511
21201,60.1904742297183,50.52646444
21202,32.7518418762857,33.72746907
21203,60.1904742297183,60.89199011
21204,26.5391469292308,24.99604567
21205,18.320305805,18.92856774
21206,26.5391469292308,28.13892858
21207,32.930072935,33.34488017
21208,60.1904742297183,60.81922469
21209,45.667876549,45.11333684
21211,48.9601047144737,43.72006841
21213,60.1904742297183,59.15295191
21214,26.5391469292308,28.27808304
21215,60.1904742297183,50.45173192
21217,38.9220387936842,31.46570676
21218,38.9220387936842,37.32837199
21219,26.5391469292308,28.08144402
21220,48.9601047144737,50.1504657
21221,38.9220387936842,38.78493455
21222,32.7518418762857,32.44805798
21223,20.17625435,18.03307263
21224,60.1904742297183,82.45842063
21225,24.6607094240625,26.64235923
21226,26.5391469292308,26.18521529
21227,60.1904742297183,60.12262747
21228,60.1904742297183,63.12899951
21229,26.5391469292308,NA
21230,20.17625435,18.12286394
21231,26.5391469292308,25.02562376
21232,20.17625435,20.21984895
21233,32.930072935,34.04316412
21234,39.0546064846,34.43373726
21235,60.1904742297183,64.18057419
21236,32.930072935,33.0396606
21237,45.667876549,45.82742563
21238,38.9220387936842,39.00116449
21240,60.1904742297183,62.0443675
21241,18.320305805,18.92856774
21242,26.5391469292308,25.02562376
21245,32.7518418762857,35.95065458
21246,24.6607094240625,21.23814522
21247,48.9601047144737,46.04481045
21248,60.1904742297183,61.6912308
21249,60.1904742297183,58.72059763
21251,60.1904742297183,66.25872598
21252,20.17625435,21.04984522
21253,45.0038345818182,48.45817757
21254,32.7518418762857,35.91675323
21255,26.5391469292308,26.46760764
21256,26.5391469292308,28.27808304
21257,60.1904742297183,61.05327615
21258,24.6607094240625,21.0055788
21259,45.667876549,45.80500637
21260,60.1904742297183,48.59574683
21261,20.17625435,23.29650478
21262,60.1904742297183,76.32263335
21263,32.930072935,31.05055728
21265,45.0038345818182,46.84567195
21266,45.0038345818182,45.12036909
21267,26.5391469292308,24.99604567
21270,32.7518418762857,31.19669606
21271,45.0038345818182,38.69994334
21272,38.9220387936842,32.52744467
21274,24.6607094240625,24.51510298
21276,60.1904742297183,76.32263335
21277,32.7518418762857,32.44805798
21278,60.1904742297183,60.81922469
21279,60.1904742297183,72.59956245
21280,32.7518418762857,37.6806538
21282,20.17625435,18.03307263
21284,48.9601047144737,57.03345739
21285,38.9220387936842,36.75256714
21286,32.930072935,34.04316412
21287,60.1904742297183,63.52178162
21289,60.1904742297183,51.15848162
21290,26.5391469292308,NA
21291,24.6607094240625,27.23755099
21292,32.7518418762857,31.19669606
21294,45.0038345818182,48.45817757
21295,32.930072935,34.52320416
21296,60.1904742297183,64.18057419
21297,24.480708652,29.82992639
21298,32.7518418762857,31.78145855
21300,32.7518418762857,34.57551266
21301,32.7518418762857,33.31191127
21302,20.17625435,18.55284386
21303,38.9220387936842,38.78493455
21304,60.1904742297183,59.28905471
21305,24.480708652,26.86602531
21306,38.9220387936842,43.83256407
21308,32.7518418762857,34.89205472
21309,29.9663929244444,25.62115652
21310,48.9601047144737,56.04185304
21313,24.480708652,17.7157581
21314,38.9220387936842,43.83256407
21315,45.0038345818182,46.84567195
21317,38.9220387936842,37.32837199
21318,38.9220387936842,41.73651539
21320,38.9220387936842,32.52744467
21321,60.1904742297183,58.72059763
21322,45.0038345818182,44.63584613
21323,24.480708652,25.72145942
21324,60.1904742297183,59.53127495
21325,60.1904742297183,58.72059763
21327,32.7518418762857,34.19872088
21328,60.1904742297183,56.03572897
21329,48.9601047144737,40.80200033
21330,107.084792437778,95.23094649
21331,26.5391469292308,NA
21332,32.930072935,34.04316412
21333,39.0546064846,38.44383017
21334,32.7518418762857,31.73640343
21335,24.480708652,22.84103662
21336,38.9220387936842,43.83256407
21337,38.9220387936842,36.75256714
21338,20.17625435,18.55284386
21339,48.9601047144737,40.63690914
21340,24.6607094240625,24.64648603
21341,32.7518418762857,34.61692648
21342,24.480708652,19.62960501
21343,32.7518418762857,34.68199235
21344,24.480708652,22.92922768
21345,26.5391469292308,NA
21346,20.17625435,22.09332257
21347,33.1819488305556,38.67074983
21348,32.7518418762857,34.61692648
21349,26.5391469292308,24.99604567
21350,45.667876549,38.81967564
21351,38.9220387936842,36.85295117
21352,24.480708652,24.01669286
21353,45.0038345818182,48.14594915
21356,42.1100401125,45.57381723
21359,60.1904742297183,62.11168197
21360,38.9220387936842,36.80402408
21361,39.0546064846,38.3244555
21362,20.17625435,18.55284386
21363,48.9601047144737,43.72006841
21364,42.1100401125,43.55820647
21365,20.17625435,18.3451447
21366,42.1100401125,46.24872601
21367,32.7518418762857,31.73640343
21368,45.0038345818182,41.70994534
21369,24.480708652,22.84910105
21370,48.9601047144737,57.32881312
21371,32.7518418762857,32.92046148
21372,32.7518418762857,32.78156964
21373,45.0038345818182,46.84567195
21374,60.1904742297183,61.51797294
21375,32.7518418762857,32.69176205
21376,48.9601047144737,46.34281875
21377,38.9220387936842,36.80402408
21380,45.0038345818182,41.70994534
21381,24.6607094240625,24.51510298
21382,38.9220387936842,37.32837199
21384,60.1904742297183,58.79828983
21385,33.1819488305556,35.51387818
21386,24.6607094240625,23.02367135
21387,26.5391469292308,25.50421112
21388,45.667876549,45.47145239
21389,26.5391469292308,NA
21390,24.480708652,24.01669286
21391,39.0546064846,50.50417442
21392,20.17625435,22.09332257
21393,48.9601047144737,40.63690914
21394,24.480708652,23.12919268
21395,24.480708652,22.84910105
21396,32.7518418762857,33.72746907
21397,107.084792437778,95.23094649
21398,60.0573171895238,54.26676081
21399,26.5391469292308,26.46760764
21400,24.480708652,26.86602531
21401,26.3406693354545,41.11839539
21402,20.17625435,20.81173418
21403,48.9601047144737,46.04481045
21405,38.9220387936842,36.85295117
21406,60.1904742297183,49.00311855
21407,24.480708652,19.89493337
21408,26.5391469292308,28.13892858
21409,33.1819488305556,42.40832028
21410,38.9220387936842,32.52744467
21411,33.1819488305556,38.14241855
21412,60.1904742297183,58.28947643
21413,45.667876549,47.17504511
21414,38.9220387936842,31.46570676
21415,48.9601047144737,54.91555705
21416,48.9601047144737,48.37717005
21417,32.7518418762857,31.19669606
21419,32.7518418762857,28.22950713
21420,26.5391469292308,NA
21422,38.9220387936842,32.35221688
21423,39.0546064846,38.77051967
21424,20.17625435,18.12286394
21425,24.480708652,26.51089508
21427,48.9601047144737,42.37199835
21428,39.0546064846,43.15089694
21430,60.1904742297183,82.45842063
21431,32.7518418762857,32.44805798
21432,26.5391469292308,23.81199984
21433,38.9220387936842,43.66153242
21434,32.7518418762857,32.78156964
21435,48.9601047144737,56.97792142
21436,32.7518418762857,35.91675323
21437,32.7518418762857,33.72746907
21438,32.930072935,33.34488017
21440,32.7518418762857,32.99189562
21441,60.1904742297183,82.45842063
21442,38.9220387936842,47.97243253
21443,107.084792437778,95.23094649
21444,45.0038345818182,52.86825432
21445,20.17625435,22.09332257
21446,32.7518418762857,34.57551266
21447,48.9601047144737,54.92415191
21448,60.0573171895238,50.12106814
21449,45.667876549,47.80592608
21451,32.7518418762857,32.44805798
21452,32.7518418762857,31.78145855
21453,32.7518418762857,37.1184579
21454,32.7518418762857,31.78145855
21455,39.0546064846,41.18495648
21457,45.0038345818182,50.59402673
21458,48.9601047144737,56.97792142
21460,32.7518418762857,31.78145855
21463,38.9220387936842,43.83256407
21464,20.17625435,19.30112066
21465,24.6607094240625,27.0758036
21467,24.6607094240625,24.37518579
21468,48.9601047144737,48.37717005
21470,60.1904742297183,48.03843236
21473,32.7518418762857,34.89205472
21474,20.17625435,21.04984522
21475,20.17625435,20.21984895
21476,38.9220387936842,43.83256407
21477,26.5391469292308,NA
21478,26.5391469292308,24.99604567
21479,29.9663929244444,26.75373634
21480,45.0038345818182,42.77676183
21482,29.9663929244444,26.75373634
21483,24.6607094240625,24.64648603
21484,29.9663929244444,30.92044758
21485,20.17625435,23.29650478
21486,26.5391469292308,NA
21487,20.17625435,18.0784178
21489,60.0573171895238,46.28075515
21490,45.0038345818182,41.01064122
21491,48.9601047144737,53.5136665
21493,24.480708652,26.86602531
21494,42.1100401125,42.97357447
21495,39.0546064846,37.36593459
21496,45.0038345818182,45.12036909
21497,48.9601047144737,52.40309435
21498,45.0038345818182,52.71768594
21499,38.9220387936842,37.32837199
21500,32.7518418762857,35.91675323
21501,32.7518418762857,33.72746907
21502,24.480708652,19.62960501
21503,26.5391469292308,NA
21506,33.1819488305556,38.8124442
21507,20.17625435,18.3451447
21508,29.9663929244444,29.24538866
21509,24.480708652,17.7157581
21510,20.17625435,20.21984895
21511,48.9601047144737,40.80200033
21512,32.7518418762857,37.1184579
21513,26.5391469292308,24.09511804
21514,39.0546064846,38.77051967
21515,60.0573171895238,57.20456212
21516,29.9663929244444,29.24538866
21517,32.5374279993333,34.9397811
21518,32.7518418762857,32.13199408
21519,38.9220387936842,31.46570676
21520,32.5374279993333,30.32263912
21521,32.5374279993333,34.53769629
21522,45.0038345818182,45.49283981
21523,38.9220387936842,43.83256407
21524,48.9601047144737,42.37199835
21525,29.9663929244444,28.81701196
21526,24.6607094240625,28.05574767
21527,26.5391469292308,26.46760764
21528,32.5374279993333,38.69129447
21529,38.9220387936842,36.80402408
21530,60.0573171895238,89.78763124
21531,32.7518418762857,33.31191127
21532,26.5391469292308,NA
21533,107.084792437778,101.4855664
21534,24.480708652,22.92922768
21536,32.7518418762857,33.72746907
21537,24.480708652,22.92922768
21538,24.480708652,22.85653419
21539,60.0573171895238,66.28590409
21540,32.5374279993333,32.87881084
21541,32.7518418762857,34.89205472
21542,60.1904742297183,68.08061113
21543,45.0038345818182,46.84567195
21544,20.17625435,20.4413583
21545,60.1904742297183,64.6649738
21546,32.5374279993333,32.87881084
21548,20.17625435,20.81173418
21549,26.5391469292308,NA
21550,20.17625435,22.09332257
21551,24.480708652,26.51089508
21552,38.9220387936842,41.81769813
21553,32.5374279993333,34.9397811
21555,20.17625435,18.55284386
21556,32.7518418762857,33.56482643
21557,29.9663929244444,32.5207443
21558,32.5374279993333,33.05141783
21559,32.7518418762857,32.60101348
21560,24.6607094240625,19.15498792
21561,45.667876549,43.9357089
21562,32.7518418762857,31.29010654
21563,32.7518418762857,28.22950713
21565,30.2633911684615,19.26785308
21566,39.0546064846,55.51792545
21567,60.1904742297183,48.59574683
21568,26.3406693354545,41.11839539
21569,32.5374279993333,30.32263912
21570,32.930072935,33.19101317
21571,60.0573171895238,46.28075515
21572,60.0573171895238,56.55987306
21573,32.5374279993333,33.05141783
21574,24.480708652,19.89493337
21576,39.0546064846,39.96528415
21577,45.0038345818182,51.24155301
21578,48.9601047144737,42.69959864
21579,24.480708652,22.84103662
21580,38.9220387936842,36.85295117
21581,26.5391469292308,NA
21582,32.7518418762857,33.31191127
21583,39.0546064846,34.01396306
21584,39.0546064846,41.34918136
21585,26.3406693354545,22.30218439
21586,45.0038345818182,45.12036909
21587,38.9220387936842,28.059677
21588,29.9663929244444,29.24538866
21589,32.5374279993333,35.46870816
21590,26.5391469292308,NA
21591,24.480708652,26.6085052
21592,32.5374279993333,30.77845731
21593,32.5374279993333,26.88755872
21594,39.0546064846,38.91408916
21595,60.0573171895238,56.55987306
21596,32.7518418762857,32.13199408
21597,24.6607094240625,28.05574767
21598,39.0546064846,38.01754766
21599,32.7518418762857,34.61692648
21600,38.9220387936842,32.52744467
21602,38.9220387936842,37.32837199
21603,32.7518418762857,32.13199408
21604,45.0038345818182,56.07669645
21605,39.0546064846,38.3244555
21606,32.5374279993333,31.29669886
21607,32.5374279993333,32.87881084
21608,60.1904742297183,67.45109647
21609,24.480708652,29.82992639
21610,39.0546064846,39.59774957
21611,20.17625435,24.25383323
21612,45.0038345818182,42.62925236
21613,20.17625435,22.09332257
21614,45.0038345818182,52.86825432
21615,24.480708652,24.01669286
21616,32.5374279993333,30.42690277
21617,20.17625435,20.81173418
21618,32.7518418762857,33.56482643
21619,24.480708652,26.86602531
21620,60.1904742297183,43.7561074
21621,24.6607094240625,24.87325907
21622,60.0573171895238,46.28075515
21623,45.0038345818182,48.14594915
21624,45.0038345818182,52.31340145
21625,38.9220387936842,41.81769813
21626,60.1904742297183,60.12053456
21627,24.480708652,19.62960501
21628,42.1100401125,37.25452681
21629,39.0546064846,36.28483034
21630,38.9220387936842,32.35221688
21631,60.1904742297183,60.81890832
21632,24.480708652,28.93902397
21633,60.0573171895238,68.5440991
21634,42.1100401125,43.83526691
21635,39.0546064846,55.51792545
21636,32.7518418762857,33.72746907
21637,42.1100401125,44.6755937
21638,38.9220387936842,47.97243253
21639,32.7518418762857,34.19872088
21641,24.480708652,24.20755432
21642,32.7518418762857,32.69176205
21643,26.5391469292308,NA
21644,24.6607094240625,19.15498792
21645,38.9220387936842,32.52744467
21646,32.5374279993333,37.853019
21647,28.0229867158333,30.7945286
21648,38.9220387936842,39.00116449
21649,32.5374279993333,34.13824336
21651,32.5374279993333,37.853019
21652,29.9663929244444,30.92238934
21653,26.5391469292308,NA
21654,39.0546064846,37.08856187
21655,29.9663929244444,29.24538866
21658,32.930072935,33.88550411
21659,38.9220387936842,38.78493455
21660,42.1100401125,43.55820647
21661,32.7518418762857,37.6806538
21662,29.9663929244444,28.36840215
21663,24.480708652,24.75712516
21665,39.0546064846,36.8105042
21666,38.9220387936842,32.52744467
21667,20.17625435,19.30112066
21668,48.9601047144737,40.80200033
21669,32.5374279993333,36.99625911
21670,24.480708652,23.12919268
21671,24.480708652,22.0149909
21674,48.9601047144737,42.37199835
21675,26.5391469292308,NA
21676,32.5374279993333,34.13824336
21678,45.0038345818182,52.81633785
21679,48.9601047144737,42.37199835
21680,32.5374279993333,33.05141783
21681,39.0546064846,38.44383017
21682,32.7518418762857,35.95065458
21683,26.5391469292308,NA
21684,32.7518418762857,31.62423969
21685,24.6607094240625,27.23755099
21686,24.6607094240625,23.02367135
21687,24.6607094240625,26.44693062
21688,20.17625435,23.29650478
21689,32.7518418762857,31.78145855
21690,24.480708652,29.82992639
21691,24.6607094240625,26.44693062
21692,32.7518418762857,32.92046148
21693,32.7518418762857,32.92046148
21695,24.480708652,18.23125983
21696,20.17625435,18.12286394
21697,32.7518418762857,31.62423969
21698,20.17625435,21.04984522
21699,24.6607094240625,25.12439764
21700,20.17625435,18.3451447
21702,24.6607094240625,24.37518579
21703,24.6607094240625,26.79141578
21705,20.17625435,18.03307263
21706,45.667876549,46.63079039
21707,38.9220387936842,36.85295117
21708,24.6607094240625,19.57103493
21709,48.9601047144737,60.36838853
21710,45.0038345818182,46.41841013
21711,26.5391469292308,NA
21712,26.5391469292308,NA
21713,24.480708652,23.12919268
21714,33.1819488305556,33.95506682
21715,26.5391469292308,25.50421112
21716,24.6607094240625,16.64933723
21717,48.9601047144737,53.01690848
21718,26.5391469292308,26.46760764
21719,32.7518418762857,34.19872088
21720,24.480708652,28.0378782
21721,24.6607094240625,21.0055788
21722,39.0546064846,33.97063374
21723,60.1904742297183,49.00311855
21724,45.0038345818182,44.13189315
21725,24.480708652,29.82992639
21727,60.1904742297183,58.72059763
21728,24.6607094240625,22.67801057
21729,24.480708652,28.93902397
21730,32.5374279993333,34.13824336
21731,20.17625435,24.25383323
21732,24.480708652,25.72145942
21734,24.6607094240625,26.64235923
21735,20.17625435,18.55284386
21736,32.5374279993333,33.05141783
21737,32.7518418762857,34.61692648
21738,24.480708652,27.96591144
21739,24.480708652,22.85653419
21740,29.9663929244444,30.83752103
21741,24.480708652,23.12919268
21743,26.5391469292308,26.46760764
21744,38.9220387936842,32.52744467
21747,38.9220387936842,36.85295117
21748,32.5374279993333,35.46870816
21749,32.5374279993333,30.43127329
21750,24.480708652,17.7157581
21751,26.5391469292308,25.50421112
21752,32.5374279993333,35.46870816
21753,38.9220387936842,34.98422118
21754,24.480708652,23.12919268
21755,32.5374279993333,30.42690277
21757,32.7518418762857,28.22950713
21758,26.5391469292308,25.02562376
21759,24.480708652,22.84103662
21760,24.480708652,31.95658506
21761,24.6607094240625,24.22212669
21762,38.9220387936842,41.73651539
21763,24.480708652,27.96591144
21764,38.9220387936842,30.35519528
21765,26.5391469292308,24.99604567
21766,29.9663929244444,33.35985148
21767,38.9220387936842,37.32837199
21768,32.7518418762857,32.99189562
21769,32.5374279993333,34.13824336
21770,24.480708652,29.82992639
21771,32.5374279993333,37.59529054
21772,24.6607094240625,21.0055788
21774,38.9220387936842,43.83256407
21775,26.5391469292308,NA
21776,24.6607094240625,26.44693062
21777,38.9220387936842,37.32837199
21778,32.5374279993333,33.05141783
21779,32.5374279993333,32.87881084
21780,32.7518418762857,33.56482643
21781,38.9220387936842,43.83256407
21782,32.5374279993333,33.04300971
21784,24.6607094240625,24.80335958
21785,38.9220387936842,36.85295117
21786,20.17625435,19.86765008
21787,32.7518418762857,28.22950713
21788,24.480708652,31.95658506
21789,26.5391469292308,25.02562376
21790,24.480708652,26.6085052
21792,32.5374279993333,35.46870816
21794,32.5374279993333,34.9397811
21795,38.9220387936842,37.32837199
21796,38.9220387936842,30.35519528
21797,29.9663929244444,24.34829422
21798,26.5391469292308,NA
21799,24.6607094240625,26.64235923
21800,32.5374279993333,37.853019
21801,38.9220387936842,39.00116449
21802,24.480708652,22.85653419
21803,32.7518418762857,33.56482643
21804,20.17625435,18.12286394
21805,26.5391469292308,26.18521529
21806,24.480708652,17.7157581
21807,20.17625435,18.03307263
21808,20.17625435,21.04984522
21810,24.480708652,26.51089508
21812,38.9220387936842,38.78493455
21813,20.17625435,18.0784178
21814,38.9220387936842,39.00116449
21815,38.9220387936842,43.83256407
21816,32.7518418762857,32.68462843
21817,38.9220387936842,37.32837199
21818,29.9663929244444,32.5207443
21819,32.7518418762857,32.69176205
21820,29.9663929244444,28.81701196
21821,24.6607094240625,27.0758036
21822,32.5374279993333,31.29669886
21823,26.5391469292308,23.81199984
21824,24.480708652,27.96591144
21825,38.9220387936842,30.35519528
21826,24.6607094240625,26.19950324
21827,38.9220387936842,37.32837199
21828,24.6607094240625,21.23814522
21829,32.5374279993333,34.53769629
21830,26.5391469292308,24.99604567
21831,24.480708652,27.08195092
21833,38.9220387936842,62.49316256
21834,29.9663929244444,27.06234655
21835,24.480708652,23.12919268
21836,20.17625435,21.04984522
21837,24.480708652,29.82992639
21838,32.5374279993333,34.13824336
21839,38.9220387936842,36.80402408
21840,26.5391469292308,NA
21841,38.9220387936842,38.78493455
21842,32.5374279993333,25.90439853
21844,26.5391469292308,24.99604567
21846,24.6607094240625,26.44693062
21847,32.7518418762857,37.6806538
21848,32.5374279993333,30.42690277
21849,24.6607094240625,25.12439764
21850,24.6607094240625,19.57103493
21851,26.5391469292308,24.99604567
21852,29.9663929244444,28.81701196
21853,32.5374279993333,36.99625911
21854,24.480708652,28.0378782
21855,32.5374279993333,30.32263912
21856,24.480708652,22.84103662
21857,20.17625435,19.30112066
21858,32.7518418762857,34.57551266
21860,32.7518418762857,32.60101348
21861,26.5391469292308,28.27808304
21863,29.9663929244444,28.25091954
21864,60.1904742297183,60.89199011
21865,24.480708652,24.01669286
21866,24.480708652,29.82992639
21868,60.1904742297183,55.63335693
21869,32.7518418762857,32.60101348
21870,32.5374279993333,37.03381275
21871,24.480708652,22.85653419
21872,29.9663929244444,30.92238934
21873,26.3406693354545,41.11839539
21874,24.480708652,23.12919268
21876,38.9220387936842,43.83256407
21877,24.480708652,23.12919268
21878,26.5391469292308,29.41208056
21880,32.7518418762857,32.13199408
21881,32.5374279993333,35.46870816
21882,32.7518418762857,33.72746907
21883,32.7518418762857,32.68462843
21884,32.5374279993333,35.46870816
21885,38.9220387936842,43.66153242
21886,38.9220387936842,43.83256407
21887,26.5391469292308,NA
21888,48.9601047144737,43.72006841
21889,42.1100401125,37.25452681
21890,33.1819488305556,38.67074983
21891,60.1904742297183,76.32263335
21892,39.0546064846,38.23389085
21893,45.0038345818182,42.77676183
21894,39.0546064846,49.10905624
21896,39.0546064846,50.50417442
21897,39.0546064846,38.3244555
21898,33.1819488305556,24.74363712
21899,60.1904742297183,83.98668865
21900,30.2633911684615,37.3827017
21901,45.0038345818182,41.01064122
21902,42.1100401125,40.72782929
21903,48.9601047144737,42.69959864
21905,48.9601047144737,57.32881312
21906,45.0038345818182,50.59402673
21907,39.0546064846,38.44383017
21908,48.9601047144737,56.97792142
21909,26.5391469292308,29.41208056
21910,45.0038345818182,52.81633785
21911,39.0546064846,34.01595577
21912,45.0038345818182,37.25225256
21913,42.1100401125,41.8510148
21914,60.0573171895238,57.20456212
21915,26.5391469292308,25.02562376
21916,48.9601047144737,38.384195
21917,32.7518418762857,31.19669606
21918,48.9601047144737,43.72006841
21919,33.1819488305556,42.40832028
21921,26.5391469292308,24.99604567
21922,33.1819488305556,24.74363712
21923,33.1819488305556,33.95506682
21924,39.0546064846,32.28733252
21925,60.1904742297183,62.0443675
21926,26.5391469292308,29.41208056
21927,45.0038345818182,39.86602972
21928,45.0038345818182,52.71768594
21929,48.9601047144737,36.54983067
21930,48.9601047144737,41.21895556
21931,48.9601047144737,46.34281875
21932,48.9601047144737,45.60730872
21933,60.1904742297183,83.98668865
21934,60.1904742297183,66.68332177
21935,48.9601047144737,60.36838853
21936,48.9601047144737,49.21778302
21937,48.9601047144737,48.37717005
21938,48.9601047144737,49.21778302
21939,48.9601047144737,50.1504657
21940,39.0546064846,38.3244555
21941,48.9601047144737,49.53949672
21943,60.1904742297183,55.28490707
21944,39.0546064846,38.01754766
21945,48.9601047144737,51.81349679
21946,48.9601047144737,56.04185304
21947,48.9601047144737,41.21895556
21948,48.9601047144737,49.21778302
21949,42.1100401125,47.75994378
21950,60.1904742297183,63.12899951
21951,60.1904742297183,63.74524786
21952,48.9601047144737,56.51615219
21953,39.0546064846,32.98159887
21954,60.0573171895238,81.98038226
21956,48.9601047144737,57.32881312
21957,45.0038345818182,45.49283981
21959,45.0038345818182,41.23739149
21960,48.9601047144737,56.04185304
21961,33.1819488305556,24.74363712
21962,45.0038345818182,43.25786699
21963,48.9601047144737,53.5136665
21964,60.1904742297183,58.72059763
21965,48.9601047144737,48.37717005
21966,60.1904742297183,53.08734646
21967,30.2633911684615,26.5322338
21968,26.5391469292308,28.08144402
21969,42.1100401125,43.60179413
21971,26.5391469292308,25.02562376
21972,45.0038345818182,44.54173854
21973,26.5391469292308,25.02562376
21974,107.084792437778,108.5597717
21975,42.1100401125,50.37902583
21977,26.5391469292308,NA
21978,26.5391469292308,NA
21982,26.5391469292308,26.18521529
21983,30.2633911684615,48.51869847
21984,42.1100401125,45.57381723
21985,60.0573171895238,71.41508136
21986,26.5391469292308,26.18521529
21987,26.5391469292308,NA
21988,48.9601047144737,43.72006841
21989,33.1819488305556,38.14241855
21990,48.9601047144737,48.37717005
21992,42.1100401125,33.86428147
21993,42.1100401125,40.28801822
21994,45.0038345818182,46.84567195
21995,48.9601047144737,45.60730872
21996,60.0573171895238,89.78763124
21997,33.1819488305556,36.25002782
21998,48.9601047144737,56.51615219
21999,32.7518418762857,28.22950713
22000,33.1819488305556,33.95506682
22001,48.9601047144737,56.04185304
22002,45.0038345818182,46.41841013
22003,60.0573171895238,50.12106814
22004,42.1100401125,43.55820647
