di_code,st_code,state23,dist23,A32_p2,A32_p90,A32_p95,A32_p98,A32_sum,A32_mean,A32_min,A32_max,A32_count
603,35,ANDAMAN & NICOBAR,NICOBAR,-0.26795847750865565,0.0057093285589717045,0.02977316416762835,0.05536332179930783,-224955.23364603036,-0.11213932699479413,-0.40359861591695495,0.2599000384467512,2020602
632,35,ANDAMAN & NICOBAR,NORTH & MIDDLE ANDAMAN,-0.16633602460592428,0.05536332179930624,0.07972318339100845,0.10340638216070583,-120545.41974423618,-0.030341284792457263,-0.3188927335640138,0.2599000384467512,4003957
602,35,ANDAMAN & NICOBAR,SOUTH ANDAMAN,-0.21413302575932464,0.021071633915664786,0.051733948481353036,0.07972318339100376,-230068.4498274318,-0.07950671054636632,-0.34602076124567477,0.2288965782391388,2916597
502,28,ANDHRA PRADESH,ANANTAPUR,-0.15378700499808606,0.025858575422384282,0.05173394848134803,0.08421376393694725,-1001774.5069894406,-0.044718868542053106,-0.2761399461745483,0.2599000384467512,22430270
503,28,ANDHRA PRADESH,CHITTOOR,-0.15378700499808595,0.10851211072665477,0.14769703960016692,0.18608227604769625,-211540.26776127133,-0.012266365403136002,-0.33685505574778934,0.34602076124567477,17269415
504,28,ANDHRA PRADESH,Y S R KADAPA,-0.15999999999999004,0.08882737408688332,0.12456747404845998,0.16000000000000217,-289639.40310410387,-0.016355296797221083,-0.3278123798539023,0.3188927335640138,17724326
505,28,ANDHRA PRADESH,EAST GODAVARI,-0.19986159169548734,0.10851211072666013,0.1417301038062222,0.17279507881585027,-502417.7931434307,-0.03323998353040777,-0.34602076124567477,0.31009611687812383,15133939
506,28,ANDHRA PRADESH,GUNTUR,-0.19291041906957676,0.021067117709028742,0.06299115724721127,0.11374086889657431,-952531.6298871933,-0.0717449784396952,-0.3278123798539023,0.29287197231833906,13291974
510,28,ANDHRA PRADESH,KRISHNA,-0.21413302575932644,0.0057429185058059514,0.04484429065743807,0.09356401384082642,-929791.8111121851,-0.09106960411697129,-0.3278123798539023,0.29287197231833906,10225813
511,28,ANDHRA PRADESH,KURNOOL,-0.16633602460589486,0.005737360368142475,0.03254133025759292,0.06299115724721129,-1256441.5263655088,-0.06229571307577131,-0.31009611687812383,0.24415224913494812,20185908
515,28,ANDHRA PRADESH,POTTI SRIRAMULU NELLORE,-0.1793771626297751,0.05173394848134977,0.08882737408688354,0.1417301038062386,-651101.0189265038,-0.04269347938056466,-0.3188927335640138,0.31009611687812383,15263341
517,28,ANDHRA PRADESH,PRAKASAM,-0.1793771626297802,0.05536332179930542,0.09356401384082777,0.13588619761630077,-840687.2677979588,-0.04112711755481535,-0.31009611687812383,0.31009611687812383,20457221
519,28,ANDHRA PRADESH,SRIKAKULAM,-0.21413302575930013,0.06299115724721124,0.11909265667051655,0.16633602460592464,-545879.0951472662,-0.07932160235919504,-0.3188927335640138,0.29287197231833906,6895077
520,28,ANDHRA PRADESH,VISAKHAPATNAM,-0.18608227604770528,0.13016532103035497,0.16000000000000822,0.19291041906958742,-84095.4127928373,-0.0061860443745988215,-0.3278123798539023,0.3278123798539023,13613577
521,28,ANDHRA PRADESH,VIZIANAGARAM,-0.19291041906958828,0.08421376393694888,0.13016532103037615,0.1727950788158471,-371053.22615379654,-0.05124654617831821,-0.31009611687812383,0.31009611687812383,7256513
523,28,ANDHRA PRADESH,WEST GODAVARI,-0.19291041906958642,0.07535563244904223,0.10851211072665494,0.14769703960017028,-523236.5495045423,-0.053832600540015284,-0.34602076124567477,0.29287197231833906,9731922
628,12,ARUNACHAL PRADESH,ANJAW,-0.17279507881584885,0.07535563244904797,0.10340638216071908,0.13016532103036788,-166722.03423563816,-0.02192890609392299,-0.3188927335640138,0.29287197231833906,7611073
229,12,ARUNACHAL PRADESH,CHANGLANG,-0.10851211072664574,0.1301653210303592,0.15378700499808698,0.18608227604769237,219363.25715573144,0.03529378806792047,-0.2761399461745483,0.3188927335640138,6227191
230,12,ARUNACHAL PRADESH,DIBANG VALLEY,-0.1727950788158494,0.08421376393695697,0.1085121107266534,0.130165321030365,-233590.33068915206,-0.019154920924804194,-0.3278123798539023,0.2599000384467512,12207130
231,12,ARUNACHAL PRADESH,EAST KAMENG,-0.14769703960016106,0.1301653210303506,0.16000000000001735,0.19291041906958586,132947.5523749318,0.023953662340284,-0.31009611687812383,0.3188927335640138,5558425
233,12,ARUNACHAL PRADESH,KURUNG KUMEY,-0.15378700499808337,0.10851211072665758,0.13588619761632167,0.16633602460592478,60504.72913403867,0.010777361042461969,-0.3188927335640138,0.3188927335640138,5621269
234,12,ARUNACHAL PRADESH,LOHIT,-0.13016532103036887,0.1245674740484637,0.14173010380622572,0.1663360246059247,111472.44241607326,0.028911930502773096,-0.3188927335640138,0.2761399461745483,3863405
235,12,ARUNACHAL PRADESH,LOWER DIBANG VALLEY,-0.13016532103037126,0.12456747404846767,0.14173010380622308,0.16633602460592475,138024.38051390104,0.030786734168883837,-0.3188927335640138,0.29287197231833906,4491587
237,12,ARUNACHAL PRADESH,PAPUMPARE,-0.10851211072664262,0.14173010380621606,0.16633602460592506,0.19291041906957737,191503.2475882353,0.04427885902576936,-0.28444444444444444,0.3014225297962323,4333778
238,12,ARUNACHAL PRADESH,TAWANG,-0.17279507881584852,0.05173394848134818,0.07535563244904867,0.09842368319876883,-131259.13557951112,-0.042426195166279435,-0.3278123798539023,0.2288965782391388,3100277
239,12,ARUNACHAL PRADESH,TIRAP,-0.0797231833910041,0.16633602460591834,0.19291041906959755,0.21413302575933177,101860.22959263693,0.06924289995126197,-0.24415224913494812,0.3014225297962323,1474824
240,12,ARUNACHAL PRADESH,UPPER SIANG,-0.14173010380623827,0.11374086889659918,0.13588619761631648,0.1663360246059248,99702.91807590745,0.01168811990317576,-0.3188927335640138,0.3188927335640138,8540336
241,12,ARUNACHAL PRADESH,UPPER SUBANSIRI,-0.14769703960015254,0.11909265667052649,0.1537870049980755,0.18608227604770008,139261.94736798498,0.01696218057884988,-0.31009611687812383,0.3553094963475586,8220067
242,12,ARUNACHAL PRADESH,WEST KAMENG,-0.14173010380622617,0.1190926566705268,0.1476970396001676,0.179377162629769,98529.133148107,0.015965741541268084,-0.31009611687812383,0.31009611687812383,6178998
719,12,ARUNACHAL PRADESH,LOWER SIANG,-0.09356401384083081,0.166336024605925,0.18608227604769464,0.21413302575932738,155271.06666354623,0.06792697668901072,-0.2519646289888504,0.3188927335640138,2292082
236,12,ARUNACHAL PRADESH,LOWER SUBANSIRI,-0.10851211072664428,0.1358861976163101,0.1600000000000061,0.19291041906957734,95020.89403559628,0.03887179481075085,-0.2679584775086506,0.31009611687812383,2449933
679,12,ARUNACHAL PRADESH,SIANG,-0.1137408688965764,0.14173010380622275,0.17279507881585013,0.19986159169548937,192280.45652893244,0.04394523797068429,-0.28444444444444444,0.3278123798539023,4383418
243,12,ARUNACHAL PRADESH,WEST SIANG,-0.09356401384082928,0.1860822760477136,0.21413302575933502,0.24415224913493278,130333.80229255199,0.0772713477776008,-0.2761399461745483,0.3553094963475586,1691102
725,12,ARUNACHAL PRADESH,SHI YOMI,-0.14769703960015396,0.08882737408688002,0.11374086889657682,0.13588619761629983,-10566.793896175615,-0.0031760614423356165,-0.31009611687812383,0.28444444444444444,3331997
724,12,ARUNACHAL PRADESH,LEPA RADA,-0.08882737408688968,0.18608227604768646,0.22145328719723203,0.2519646289888457,75235.54790262981,0.07774018389100125,-0.2519646289888504,0.36472126105344094,970650
723,12,ARUNACHAL PRADESH,PAKKE KESSANG,-0.11374086889657647,0.13016532103036166,0.15378700499808456,0.17937716262975886,87440.07514115788,0.03653486356742611,-0.28444444444444444,0.29287197231833906,2399368
677,12,ARUNACHAL PRADESH,KRA DAADI,-0.1190926566705091,0.13588619761632995,0.16000000000001433,0.1860822760476944,85453.39946269993,0.038420083625527485,-0.3014225297962323,0.31009611687812383,2229870
678,12,ARUNACHAL PRADESH,NAMSAI,-0.09356401384082341,0.1417301038062224,0.16633602460592484,0.18608227604770317,100474.0862812786,0.05944450138382207,-0.22145328719723184,0.31009611687812383,1693784
718,12,ARUNACHAL PRADESH,KAMLE,-0.10340638216070673,0.1417301038062255,0.16633602460592506,0.1929104190695809,82006.36416025233,0.04719292326117922,-0.2679584775086506,0.3188927335640138,1742339
232,12,ARUNACHAL PRADESH,EAST SIANG,-0.09356401384082413,0.14173010380622872,0.1600000000000137,0.186082276047684,105326.75135326109,0.049613838430768914,-0.2599000384467512,0.31009611687812383,2127307
666,12,ARUNACHAL PRADESH,LONGDING,-0.048227604767396834,0.19291041906958106,0.21413302575931323,0.23646289888505886,121830.10705558074,0.10406729404475333,-0.19986159169550174,0.3188927335640138,1174145
616,18,ASSAM,BAKSA,-0.16633602460592492,0.025874044757726648,0.048227604767394974,0.07111111111111337,-183986.03119659337,-0.06040682470121561,-0.2761399461745483,0.2364628988850442,3055457
280,18,ASSAM,BARPETA,-0.1600000000000145,0.03254133025759314,0.05173394848134631,0.06299115724721117,-161321.7348009973,-0.05659807411586233,-0.28444444444444444,0.17937716262975778,2859045
705,18,ASSAM,BISWANATH,-0.13588619761630016,0.06299115724721119,0.0797231833910112,0.10340638216070472,-87338.8860976774,-0.0314746658917764,-0.2288965782391388,0.2761399461745483,2780367
281,18,ASSAM,BONGAIGAON,-0.17279507881584819,0.05911572472126492,0.08882737408688968,0.14173010380623327,-65132.690971377495,-0.0468065943093138,-0.28444444444444444,0.28444444444444444,1397646
282,18,ASSAM,CACHAR,-0.13016532103036585,0.15378700499808035,0.1793771626297781,0.20693579392539932,159220.91533745395,0.034229355659519685,-0.2679584775086506,0.3188927335640138,4659875
708,18,ASSAM,CHARAIDEO,-0.11909265667050806,0.07535563244905265,0.10851211072664153,0.14173010380623005,-16432.692455955148,-0.01295167846844381,-0.2069357939254133,0.2679584775086506,1273387
612,18,ASSAM,CHIRANG,-0.14769703960015937,0.04484429065744478,0.06299115724721119,0.08421376393694607,-89923.46817917669,-0.037654063441897805,-0.29287197231833906,0.2679584775086506,2393821
283,18,ASSAM,DARRANG,-0.1600000000000102,0.05536332179930704,0.06698961937716931,0.07972318339100296,-83277.34936720907,-0.04220208635556591,-0.28444444444444444,0.2519646289888504,1980527
284,18,ASSAM,DHEMAJI,-0.12456747404845288,0.07972318339101143,0.10340638216071905,0.12456747404843999,-82373.71235472652,-0.026403357638164187,-0.2679584775086506,0.29287197231833906,3127982
285,18,ASSAM,DHUBRI,-0.1600000000000007,0.02588447143012307,0.05173394848135237,0.07111111111111497,-121603.20080789704,-0.0589532755762851,-0.28444444444444444,0.22145328719723184,2073149
286,18,ASSAM,DIBRUGARH,-0.11909265667051507,0.0888273740868843,0.10340638216073147,0.11909265667052218,-15206.217523445723,-0.003581658740933385,-0.2599000384467512,0.2069357939254133,4254504
299,18,ASSAM,DIMA HASAO,-0.02977316416762832,0.2141330257592438,0.23646289888501046,0.2519646289888445,743697.5160644748,0.12330251023266055,-0.2364628988850442,0.34602076124567477,6041285
287,18,ASSAM,GOALPARA,-0.19291041906958592,0.048227604767396216,0.07111111111111515,0.10851211072664663,-145008.5754945384,-0.059717404288852256,-0.3014225297962323,0.2679584775086506,2434900
288,18,ASSAM,GOLAGHAT,-0.135886197616302,0.06299115724721115,0.08421376393694462,0.10851211072664277,-89677.29859270311,-0.02231440171874207,-0.24415224913494812,0.28444444444444444,4029611
289,18,ASSAM,HAILAKANDI,-0.13588619761629486,0.16633602460592162,0.19291041906960196,0.22145328719722548,58250.16545329012,0.03573102675621638,-0.24415224913494812,0.3188927335640138,1635070
709,18,ASSAM,HOJAI,-0.16633602460592511,0.10851211072665219,0.14173010380624063,0.17279507881584935,-48894.88779212721,-0.02706061923599484,-0.24415224913494812,0.29287197231833906,1811736
290,18,ASSAM,JORHAT,-0.14173010380624057,0.08882737408687995,0.14173010380623993,0.1929104190695745,-43851.65649072385,-0.018823303679705014,-0.24415224913494812,0.31009611687812383,2335717
618,18,ASSAM,KAMRUP METRO,-0.16633602460592486,0.1358861976162954,0.16633602460592473,0.19291041906958037,-3630.6066795996994,-0.0030052960796388543,-0.2761399461745483,0.3014225297962323,1212134
291,18,ASSAM,KAMRUP RURAL,-0.17937716262978967,0.09842368319876799,0.1358861976163112,0.17279507881584852,-134305.2120786664,-0.03460264152118574,-0.2679584775086506,0.29287197231833906,3891403
292,18,ASSAM,KARBI ANGLONG,-0.13588619761627835,0.19291041906955214,0.21413302575925988,0.23646289888501548,825867.1236616812,0.09070157732612562,-0.2364628988850442,0.36472126105344094,9120022
293,18,ASSAM,KARIMGANJ,-0.1417301038062381,0.10851211072664978,0.14173010380623857,0.172795078815847,-9702.845457388794,-0.004361416199124544,-0.2519646289888504,0.3014225297962323,2229526
294,18,ASSAM,KOKRAJHAR,-0.16000000000000628,0.04158400615148126,0.06299115724721122,0.0842137639369487,-173757.51453109828,-0.044883486414740104,-0.29287197231833906,0.2599000384467512,3879174
295,18,ASSAM,LAKHIMPUR,-0.1301653210303616,0.06299115724721119,0.08882737408688084,0.11909265667050928,-97974.45890170596,-0.026082058253659883,-0.24415224913494812,0.28444444444444444,3763908
706,18,ASSAM,MAJULI,-0.12456747404846004,0.08421376393695688,0.093564013840832,0.10851211072664464,3205.455331412452,0.002016664937885678,-0.21413302575932336,0.21413302575932336,1595085
296,18,ASSAM,MARIGAON,-0.14769703960016595,0.05911572472126505,0.07972318339100913,0.11909265667050721,-72120.26629224335,-0.038354459538944514,-0.2519646289888504,0.2679584775086506,1884753
297,18,ASSAM,NAGAON,-0.15378700499808526,0.03693555806108943,0.07111111111111215,0.1137408688965779,-157319.03946894978,-0.04900656567163143,-0.24415224913494812,0.29287197231833906,3221993
298,18,ASSAM,NALBARI,-0.17279507881585002,0.019930795847751127,0.04158400615148116,0.05536332179930973,-92059.72246463918,-0.07071391030030036,-0.2519646289888504,0.15378700499807765,1306375
300,18,ASSAM,SIBSAGAR,-0.13588619761629644,0.06299115724721123,0.09356401384082684,0.14173010380622592,-65955.12763588266,-0.03232115363550742,-0.2364628988850442,0.31009611687812383,2046198
301,18,ASSAM,SONITPUR,-0.14769703960017394,0.07111111111111845,0.08882737408688432,0.11374086889657573,-113601.06248267989,-0.03025213076436348,-0.24415224913494812,0.28444444444444444,3761187
707,18,ASSAM,SOUTH SALMARA MANCACHAR,-0.1663360246059239,0.06698961937716896,0.0753556324490469,0.08421376393694241,-28275.34276379483,-0.040663739716191825,-0.28444444444444444,0.17279507881584008,699403
302,18,ASSAM,TINSUKIA,-0.10851211072664829,0.08882737408688667,0.1085121107266486,0.1245674740484471,18211.450629885076,0.0037965354496126706,-0.2364628988850442,0.2599000384467512,4805197
617,18,ASSAM,UDALGURI,-0.16633602460592514,0.025871308128161453,0.04822760476739348,0.07111111111111261,-153227.5550491625,-0.060896029642870386,-0.2519646289888504,0.2519646289888504,2524545
710,18,ASSAM,WEST KARBI ANGLONG,-0.13016532103037398,0.18608227604770627,0.20693579392538547,0.2288965782391293,316839.3458566984,0.0831538978231129,-0.24415224913494812,0.3188927335640138,3818912
188,10,BIHAR,ARARIA,-0.10851211072664646,0.0384467512495214,0.055363321799307676,0.07535563244905691,-68151.2574463895,-0.019644755545231613,-0.2364628988850442,0.19986159169550174,3476505
611,10,BIHAR,ARWAL,-0.119092656670513,0.004484984617149778,0.03844675124951915,0.09842368319876987,-32095.36960140676,-0.04080890266113942,-0.2288965782391388,0.22145328719723184,790200
189,10,BIHAR,AURANGABAD,-0.11909265667051336,0.012947651035461348,0.06299115724721145,0.13016532103036835,-153347.53634498463,-0.03773263598414126,-0.2599000384467512,0.31009611687812383,4071463
190,10,BIHAR,BANKA,-0.11909265667051237,0.0415840061514812,0.07111111111111616,0.10851211072664305,-110358.1260733436,-0.02965561295270204,-0.2364628988850442,0.3188927335640138,3727975
191,10,BIHAR,BEGUSARAI,-0.1034063821607044,0.09842368319875892,0.11909265667052436,0.14173010380623965,69398.5743497699,0.02918288754262304,-0.2599000384467512,0.2599000384467512,2385201
200,10,BIHAR,KAIMUR,-0.09842368319876595,0.09356401384082931,0.13016532103037112,0.1727950788158487,14782.227280167774,0.0035631682099659195,-0.2679584775086506,0.31009611687812383,4155971
192,10,BIHAR,BHAGALPUR,-0.11909265667050901,0.10340638216073728,0.11909265667053051,0.13588619761631746,55734.601559078976,0.01766850767726324,-0.2761399461745483,0.2364628988850442,3161985
193,10,BIHAR,BHOJPUR,-0.1137408688965746,0.055363321799306246,0.08421376393694677,0.10851211072664264,-36229.16977702154,-0.0122671446992373,-0.2599000384467512,0.24415224913494812,2959033
194,10,BIHAR,BUXAR,-0.09842368319876951,0.04484429065744351,0.06698961937716849,0.09356401384082344,-25644.973565114033,-0.012198907661105438,-0.2364628988850442,0.21413302575932336,2107650
195,10,BIHAR,DARBHANGA,-0.09842368319876597,0.05536332179930278,0.07111111111111713,0.08882737408688526,6913.176223559635,0.0022107968927803337,-0.2364628988850442,0.17937716262975778,3135810
196,10,BIHAR,GAYA,-0.11374086889657879,0.0669896193771668,0.10851211072664671,0.16000000000000106,-63880.862838915426,-0.01046734336944171,-0.28444444444444444,0.31009611687812383,6114662
197,10,BIHAR,GOPALGANJ,-0.11374086889657489,0.04158400615148128,0.055363321799308154,0.07972318339100522,-38115.51055111757,-0.015025436089008682,-0.2519646289888504,0.2364628988850442,2543564
199,10,BIHAR,JAHANABAD,-0.11909265667050938,0.0016799298247067232,0.01673266677524314,0.041584006151480744,-47958.95526808585,-0.04150797804722536,-0.2288965782391388,0.28444444444444444,1159636
198,10,BIHAR,JAMUI,-0.10851211072664865,0.10340638216070368,0.15378700499807954,0.20693579392541564,3620.9996048554135,9.500375288175845E-4,-0.24415224913494812,0.31009611687812383,3819342
201,10,BIHAR,KATIHAR,-0.09842368319877033,0.07972318339101658,0.098423683198767,0.11374086889659271,14975.728192334558,0.00397789635913306,-0.2519646289888504,0.21413302575932336,3773694
202,10,BIHAR,KHAGARIA,-0.09356401384083056,0.09356401384082211,0.11374086889657367,0.1358861976163009,50484.60595339798,0.027358396403845603,-0.24415224913494812,0.2519646289888504,1851170
203,10,BIHAR,KISHANGANJ,-0.13016532103037415,0.024605920799691122,0.0482276047673942,0.07111111111111178,-101044.6448186244,-0.042084376666409296,-0.2599000384467512,0.1929104190695886,2408235
204,10,BIHAR,LAKHISARAI,-0.09842368319876679,0.1085121107266454,0.1476970396001546,0.20693579392539563,31072.210714462606,0.020646368076278926,-0.2519646289888504,0.3014225297962323,1509373
205,10,BIHAR,MADHEPURA,-0.10851211072664206,0.048227604767398825,0.06299115724721122,0.07972318339100465,-10106.690554918334,-0.004510639299164552,-0.28444444444444444,0.17937716262975778,2247230
206,10,BIHAR,MADHUBANI,-0.10851211072664199,0.04158400615147851,0.059115724721261,0.07972318339100647,-81262.46985784707,-0.018630890948398305,-0.2599000384467512,0.2519646289888504,4370352
207,10,BIHAR,MUNGER,-0.11909265667050851,0.14173010380621032,0.17279507881585007,0.20693579392540404,54041.812078922136,0.031036864598391015,-0.28444444444444444,0.3188927335640138,1746408
208,10,BIHAR,MUZAFFARPUR,-0.1034063821607102,0.05911572472125059,0.07535563244904571,0.08882737408688308,14365.557180140293,0.003636159566738334,-0.2599000384467512,0.21413302575932336,3958875
209,10,BIHAR,NALANDA,-0.09842368319876924,0.03688740280173795,0.055363321799306316,0.08421376393694868,-25139.71916416641,-0.008604118849209773,-0.24415224913494812,0.3014225297962323,2929383
210,10,BIHAR,NAWADA,-0.10340638216070328,0.11374086889657335,0.1600000000000034,0.21413302575932835,23757.23144932012,0.007754397933416463,-0.2761399461745483,0.3278123798539023,3071041
211,10,BIHAR,PASHCHIMI CHAMPARAN,-0.09842368319877245,0.0517339484813474,0.08421376393694821,0.11909265667050854,-97647.2041783642,-0.014906086523977437,-0.2519646289888504,0.2679584775086506,6560379
212,10,BIHAR,PATNA,-0.14173010380620615,0.07535563244904928,0.10340638216072515,0.12456747404844593,-39631.57666087841,-0.010038088278444943,-0.29287197231833906,0.2519646289888504,3959090
213,10,BIHAR,PURBI CHAMPARAN,-0.10340638216071021,0.05173394848134527,0.06698961937717139,0.08421376393694738,-30711.70048802376,-0.006194820469081046,-0.2519646289888504,0.21413302575932336,4966698
214,10,BIHAR,PURNIA,-0.10340638216070924,0.07111111111111879,0.08421376393695418,0.10340638216070647,12695.453737939732,0.0031721037845481863,-0.2519646289888504,0.19986159169550174,4010639
215,10,BIHAR,ROHTAS,-0.10851211072664595,0.07972318339101307,0.1245674740484542,0.16633602460592484,-48053.74436035734,-0.010146686348133373,-0.2519646289888504,0.3188927335640138,4743839
216,10,BIHAR,SAHARSA,-0.11909265667051927,0.04158400615148126,0.0669896193771611,0.09842368319876711,-34310.056604556004,-0.01659455388271099,-0.2519646289888504,0.21413302575932336,2073256
217,10,BIHAR,SAMASTIPUR,-0.0935640138408261,0.07972318339101692,0.09356401384083707,0.11374086889657495,71523.78104418071,0.021593742706118326,-0.2679584775086506,0.2761399461745483,3321029
218,10,BIHAR,SARAN,-0.11909265667051028,0.07111111111111725,0.09842368319876652,0.12456747404843774,9854.363526546253,0.003007975744433058,-0.2761399461745483,0.2761399461745483,3282541
219,10,BIHAR,SHEIKHPURA,-0.10340638216070624,0.027128027681659932,0.04484429065743799,0.06299115724721142,-17414.721298802386,-0.02082041964614983,-0.2364628988850442,0.2288965782391388,840498
220,10,BIHAR,SHEOHAR,-0.09356401384082891,0.05911572472126505,0.07111111111111457,0.08882737408688969,5177.386767741719,0.009350864105099025,-0.2364628988850442,0.19986159169550174,556991
221,10,BIHAR,SITAMARHI,-0.09842368319876821,0.038446751249522404,0.05173394848134738,0.07111111111111397,-19972.51915452603,-0.007310703850059889,-0.2519646289888504,0.21413302575932336,2739355
222,10,BIHAR,SIWAN,-0.12456747404845084,0.038446751249521516,0.051733948481348005,0.0669896193771619,-48028.22275354324,-0.0173985580879473,-0.2519646289888504,0.2364628988850442,2766570
223,10,BIHAR,SUPAUL,-0.10851211072663969,0.055363321799309854,0.08882737408687834,0.11374086889657377,-33632.484922390795,-0.011165890793174175,-0.2364628988850442,0.2069357939254133,3018897
224,10,BIHAR,VAISHALI,-0.09842368319877098,0.0935640138408584,0.1137408688966094,0.13588619761631468,61174.898320780885,0.024231859396538328,-0.2599000384467512,0.2519646289888504,2529599
044,04,CHANDIGARH,CHANDIGARH,-0.02712802768166086,0.13588619761630638,0.15378700499807638,0.1663360246059217,10949.323131039875,0.07361202918022189,-0.13016532103037293,0.2761399461745483,150026
646,22,CHHATTISGARH,BALOD,-0.17937716262980313,-0.001747327990716438,0.025876855986432475,0.05536332179930841,-345929.0196025321,-0.08598926965019515,-0.3014225297962323,0.2069357939254133,4030747
644,22,CHHATTISGARH,BALODA BAZAR,-0.17279507881585082,0.021078204527954742,0.05173394848134798,0.09356401384082427,-424024.8951064722,-0.07565743645380098,-0.2519646289888504,0.2599000384467512,5614038
649,22,CHHATTISGARH,BALRAMPUR,-0.10340638216071389,0.11909265667052044,0.1537870049980851,0.18608227604768535,165383.51425882152,0.021653619758658888,-0.22145328719723184,0.3188927335640138,7650578
374,22,CHHATTISGARH,BASTAR,-0.1793771626297893,-0.005819566808475793,0.029773164167627646,0.07111111111111133,-532402.6770238209,-0.08342092837488409,-0.31009611687812383,0.2364628988850442,6393305
650,22,CHHATTISGARH,BEMETARA,-0.15378700499808587,-0.01574778931180279,-0.004506441821083141,0.010396001537870235,-170945.00638279025,-0.06354818378353885,-0.2519646289888504,0.14769703960015382,2697016
636,22,CHHATTISGARH,BIJAPUR,-0.19291041906960124,0.07111111111111774,0.09842368319876953,0.13016532103036946,-330124.86963316245,-0.030239276129659178,-0.28444444444444444,0.2599000384467512,10931393
375,22,CHHATTISGARH,BILASPUR,-0.1793771626297942,0.02977316416762711,0.07111111111111444,0.12456747404843903,-333784.6305218574,-0.078108769393458,-0.2761399461745483,0.2679584775086506,4282196
734,22,CHHATTISGARH,GAURELA-PENDRA-MARWAHI,-0.12456747404844801,0.06698961937716545,0.09842368319876553,0.13016532103037057,-58878.03296746186,-0.024380458711387453,-0.22145328719723184,0.2599000384467512,2420209
376,22,CHHATTISGARH,DAKSHIN BASTAR DANTEWADA,-0.1860822760476977,0.06698961937716603,0.09842368319877448,0.13016532103037737,-181757.16397535874,-0.05462000442104117,-0.2519646289888504,0.2519646289888504,3336766
377,22,CHHATTISGARH,DHAMTARI,-0.16633602460592503,0.019930795847752772,0.03844675124952123,0.06299115724721134,-282916.93677198444,-0.05804007459743214,-0.2761399461745483,0.21413302575932336,4882863
378,22,CHHATTISGARH,DURG,-0.1860822760477026,-0.04158400615147807,-0.024605920799692357,-0.0045080090694416845,-282307.55607471033,-0.10259163388719571,-0.31009611687812383,0.13016532103037293,2758101
645,22,CHHATTISGARH,GARIYABAND,-0.17279507881584968,0.02977316416762821,0.059115724721264314,0.09356401384082652,-324627.6241332764,-0.056221466244248945,-0.2761399461745483,0.2364628988850442,5784384
379,22,CHHATTISGARH,JANJGIR - CHAMPA,-0.18608227604770627,-0.04484429065743926,-0.01681967895844403,0.02106932770349321,-575092.1702067882,-0.1064398067824021,-0.2679584775086506,0.2679584775086506,5413703
380,22,CHHATTISGARH,JASHPUR,-0.11909265667051756,0.09842368319876942,0.1358861976162998,0.16633602460592464,-32511.20764084934,-0.004588874696553813,-0.22145328719723184,0.3278123798539023,7094864
382,22,CHHATTISGARH,KABIRDHAM,-0.1358861976163267,0.04484429065744331,0.07972318339101062,0.11374086889657535,-206740.994617685,-0.04089692496450414,-0.2288965782391388,0.2599000384467512,5063228
381,22,CHHATTISGARH,UTTAR BASTAR KANKER,-0.16633602460592511,0.02977316416762775,0.0629911572472112,0.09842368319876846,-501848.88106136833,-0.058672221313223555,-0.2599000384467512,0.2364628988850442,8566278
643,22,CHHATTISGARH,KONDAGAON,-0.17279507881585035,-0.005821544452488987,0.021060933194548586,0.06299115724721145,-473639.27486544877,-0.07860247319886378,-0.2679584775086506,0.24415224913494812,6035251
383,22,CHHATTISGARH,KORBA,-0.15378700499805445,0.08882737408688472,0.12456747404845772,0.16000000000000333,-150036.18798319774,-0.018813723414788056,-0.2761399461745483,0.29287197231833906,7984432
384,22,CHHATTISGARH,KOREA,-0.11374086889658054,0.11374086889659392,0.1476970396001666,0.17937716262977652,131485.5837250315,0.016365702929202787,-0.2288965782391388,0.31009611687812383,8044955
385,22,CHHATTISGARH,MAHASAMUND,-0.16633602460590546,0.012970471620999484,0.05536332179930845,0.10340638216070538,-419556.30700212985,-0.07372041967811083,-0.2599000384467512,0.2679584775086506,5701522
647,22,CHHATTISGARH,MUNGELI,-0.15378700499808604,0.048227604767396716,0.08421376393694391,0.11909265667050692,-167677.84634753008,-0.05006461413610231,-0.2519646289888504,0.2599000384467512,3357558
637,22,CHHATTISGARH,NARAINPUR,-0.14769703960016453,0.08882737408688497,0.11374086889657313,0.14173010380623555,-21723.22101416993,-0.00469820520738879,-0.28444444444444444,0.2519646289888504,4632332
386,22,CHHATTISGARH,RAIGARH,-0.1600000000000107,0.06698961937716967,0.10340638216071638,0.14173010380623857,-324631.99817575276,-0.038240925163286546,-0.33685505574778934,0.28444444444444444,8502955
387,22,CHHATTISGARH,RAIPUR,-0.17279507881585066,-0.055363321799302534,-0.03254133025759301,-0.008858131487889134,-374737.7322423893,-0.10767073363239917,-0.28444444444444444,0.15378700499807765,3486230
388,22,CHHATTISGARH,RAJ NANDGAON,-0.16633602460591787,0.016769421854815822,0.04822760476739619,0.08882737408688433,-603562.3231755598,-0.06250458488052303,-0.2761399461745483,0.2364628988850442,9670842
642,22,CHHATTISGARH,SUKMA,-0.19291041906959086,0.05173394848134874,0.08421376393694525,0.12456747404844049,-379023.61844565894,-0.05880214155440271,-0.28444444444444444,0.2519646289888504,6458280
648,22,CHHATTISGARH,SURAJPUR,-0.12456747404846175,0.12456747404846484,0.16000000000000386,0.1929104190695968,46916.804019009985,0.007071121866850583,-0.2288965782391388,0.3188927335640138,6646511
389,22,CHHATTISGARH,SURGUJA,-0.13016532103037454,0.07535563244904914,0.1137408688965739,0.16000000000000283,-99074.44519601265,-0.02040537461649737,-0.2364628988850442,0.31009611687812383,4864080
463,38,DADRA & NAGAR HAVELI & DAMAN & DIU,DAMAN,-0.2214532871972339,0.04484429065743943,0.059115724721261975,0.0669896193771623,-8630.47316666981,-0.10133480070767703,-0.33685505574778934,0.09356401384083046,86148
464,38,DADRA & NAGAR HAVELI & DAMAN & DIU,DIU,-0.17279507881584044,0.03844675124951936,0.05911572472126104,0.07535563244905834,-2849.0221347749684,-0.06170064879194794,-0.2519646289888504,0.15378700499807765,47012
465,38,DADRA & NAGAR HAVELI & DAMAN & DIU,DADRA & NAGAR HAVELI,-0.1998615916954936,-0.001741616600976817,0.029773164167627982,0.06299115724721195,-52204.41834767083,-0.08951054201624711,-0.34602076124567477,0.17937716262975778,587628
077,07,DELHI,CENTRAL,-0.06698961937716325,0.1358861976163055,0.1537870049980734,0.16633602460592323,6503.235964928339,0.04805143204471388,-0.19986159169550174,0.24415224913494812,137139
078,07,DELHI,EAST,-0.03844675124951941,0.10340638216070797,0.11909265667051057,0.13588619761630133,2089.286793646772,0.052212467313062665,-0.1085121107266436,0.2288965782391388,40526
079,07,DELHI,NEW DELHI,-0.055363321799307946,0.13016532103037023,0.15378700499807502,0.17279507881584158,10569.186981412939,0.053145328594670194,-0.186082276047674,0.2599000384467512,200534
080,07,DELHI,NORTH,-0.03844675124951964,0.14769703960015856,0.1600000000000082,0.17937716262975548,28695.355975237533,0.07730719721540406,-0.17937716262975778,0.2679584775086506,373407
081,07,DELHI,NORTH EAST,-0.08421376393694745,0.13588619761630133,0.1476970396001566,0.1599999999999982,1329.6295688386485,0.02964660824069165,-0.1929104190695886,0.2288965782391388,45774
082,07,DELHI,NORTH WEST,-0.051733948481352994,0.16633602460592456,0.18608227604767147,0.1998615916954987,14321.953830963183,0.07332260092715287,-0.19986159169550174,0.2679584775086506,197251
671,07,DELHI,SHAHADRA,-0.08882737408688966,0.07535563244905864,0.08882737408688966,0.10851211072664337,803.5717083775714,0.01835647396127271,-0.14769703960015382,0.21413302575932336,44424
083,07,DELHI,SOUTH,-0.048227604767397375,0.17937716262975154,0.1998615916954929,0.22145328719722626,17448.232270247358,0.08630288819626147,-0.16633602460592078,0.31009611687812383,203572
084,07,DELHI,SOUTH WEST,-0.03543252595155679,0.17279507881585005,0.18608227604769917,0.19986159169549025,33471.58158522309,0.0930303197494192,-0.16000000000000003,0.2761399461745483,362148
085,07,DELHI,WEST,-0.07535563244905863,0.10340638216070755,0.12456747404844418,0.14769703960015523,6275.912153484573,0.03754811358756775,-0.1929104190695886,0.2519646289888504,168657
670,07,DELHI,SOUTH EAST,-0.0482276047673971,0.13016532103037423,0.153787004998078,0.17937716262975745,7949.993922699932,0.06168850194180802,-0.16633602460592078,0.2761399461745483,130060
551,30,GOA,NORTH GOA,-0.2441522491349381,0.07111111111111625,0.10340638216070694,0.1301653210303668,-102003.95183397757,-0.050452721082870376,-0.37425605536332185,0.2364628988850442,2026943
552,30,GOA,SOUTH GOA,-0.22889657823914597,0.08421376393695654,0.11374086889657892,0.14173010380623854,-62219.67777243072,-0.027497460988536386,-0.3553094963475586,0.2519646289888504,2268792
673,24,GUJARAT,MORBI,-0.1537870049980846,0.016761428617331698,0.032541330257592004,0.05173394848135182,-233215.77572478258,-0.0386492321772566,-0.33685505574778934,0.186082276047674,6044416
438,24,GUJARAT,AHMADABAD,-0.18608227604770078,0.01675996563957828,0.036880000497986044,0.07111111111111201,-497718.3275850348,-0.056765118215482066,-0.34602076124567477,0.17279507881584008,8784863
440,24,GUJARAT,ANAND,-0.16000000000000092,0.07111111111111831,0.09356401384086543,0.103406382160742,-139598.92380539057,-0.036405617853714635,-0.3188927335640138,0.16633602460592078,3842291
674,24,GUJARAT,DEVBHUMI DWARKA,-0.1600000000000021,0.0026356035121945388,0.03254133025759334,0.07111111111111125,-268055.0695157243,-0.05348172935182543,-0.28444444444444444,0.21413302575932336,5023982
447,24,GUJARAT,JAMNAGAR,-0.1537870049980835,0.009633706300143168,0.025847726870678118,0.044844290657438196,-318042.1316904415,-0.044544501708885846,-0.3278123798539023,0.21413302575932336,7153837
449,24,GUJARAT,KACHCHH,-0.15378700499806294,0.19291041906951362,0.2214532871972184,0.2441522491351365,2741392.441787647,0.05527816171035728,-0.3278123798539023,0.33685505574778934,49630741
443,24,GUJARAT,BHAVNAGAR,-0.1600000000000102,0.0016733878398697173,0.029773164167627767,0.05536332179930793,-469540.51387657603,-0.05782236432348633,-0.3014225297962323,0.21413302575932336,8129986
442,24,GUJARAT,BHARUCH,-0.1929104190695744,-0.009676506964759366,0.012947921562056687,0.051733948481354174,-495129.0477882626,-0.08353457427864332,-0.33685505574778934,0.186082276047674,5942322
459,24,GUJARAT,SURAT,-0.20693579392538783,-0.03702037558830116,-0.005808479323800684,0.0369332817203736,-600129.1148857675,-0.11557218239523413,-0.3553094963475586,0.17279507881584008,5202601
453,24,GUJARAT,NAVSARI,-0.19986159169548734,-0.01681353418682984,0.012971394302932123,0.04484429065743884,-254011.8930963348,-0.09643992356152471,-0.34602076124567477,0.17937716262975778,2640202
462,24,GUJARAT,VALSAD,-0.1998615916954875,-0.005807479871191605,0.025855145100087552,0.055363321799310326,-303837.48069181177,-0.08645355658260483,-0.34602076124567477,0.19986159169550174,3524114
672,24,GUJARAT,ARAVALLI,-0.12456747404844724,0.036887848760412775,0.059115724721264466,0.09356401384082737,-74882.14844597047,-0.019527285468915655,-0.2679584775086506,0.24415224913494812,3843076
441,24,GUJARAT,BANAS KANTHA,-0.09842368319876899,0.07972318339099224,0.0984236831987489,0.12456747404845313,214754.14616322826,0.01629395887592788,-0.2364628988850442,0.3188927335640138,13197838
668,24,GUJARAT,CHHOTA UDEPUR,-0.1600000000000118,0.0016844816089163087,0.029773164167628395,0.06698961937716376,-273541.15772989026,-0.06560389067009346,-0.28444444444444444,0.2288965782391388,4179280
445,24,GUJARAT,DAHOD,-0.12456747404844476,0.044844290657446,0.06299115724721119,0.08882737408688617,-91769.14431741483,-0.020796401851310653,-0.2761399461745483,0.22145328719723184,4420485
444,24,GUJARAT,DANGS,-0.15999999999999687,0.03543252595156011,0.059115724721264445,0.08421376393694907,-109217.04881360028,-0.05176475415181897,-0.24415224913494812,0.186082276047674,2115144
675,24,GUJARAT,GIR SOMNATH,-0.14769703960015262,0.004477102118583814,0.024605920799692083,0.05173394848135401,-166298.83154961714,-0.05260380341295435,-0.3188927335640138,0.17937716262975778,3168667
448,24,GUJARAT,JUNAGADH,-0.14173010380623802,0.021053506028330275,0.04484429065744038,0.07535563244905553,-247430.69343451026,-0.03358453788106615,-0.28444444444444444,0.2519646289888504,7380122
669,24,GUJARAT,MAHISAGAR,-0.12456747404844823,0.029773164167629065,0.055363321799310396,0.08882737408688832,-96858.11879262979,-0.03175940832688109,-0.2364628988850442,0.2288965782391388,3057162
452,24,GUJARAT,NARMADA,-0.16000000000000295,0.025872665015767855,0.04822760476739544,0.07972318339100694,-195029.02108365647,-0.05757187856501242,-0.3014225297962323,0.22145328719723184,3395262
454,24,GUJARAT,PANCH MAHALS,-0.16000000000001474,0.0057469755187098395,0.02583506168695533,0.05536332179930699,-237205.07901510264,-0.05968945850865252,-0.31009611687812383,0.21413302575932336,3982812
458,24,GUJARAT,SABAR KANTHA,-0.12456747404845371,0.059115724721258325,0.08882737408688633,0.12456747404845889,-35128.98976159143,-0.006786514561441033,-0.2679584775086506,0.24415224913494812,5187838
641,24,GUJARAT,TAPI,-0.17937716262978615,0.022206843521722492,0.03844675124952107,0.06299115724721138,-262586.4200838692,-0.06981708877690172,-0.29287197231833906,0.17937716262975778,3771978
461,24,GUJARAT,VADODARA,-0.1793771626297994,-0.005825735963468805,0.012949152726931866,0.03254133025759235,-344336.27119647857,-0.0697428792056395,-0.34602076124567477,0.16633602460592078,4946678
439,24,GUJARAT,AMRELI,-0.12456747404845107,0.012056901191849401,0.027128027681663315,0.04484429065743997,-306965.0852465932,-0.034982791549146075,-0.2761399461745483,0.22145328719723184,8788427
456,24,GUJARAT,PORBANDAR,-0.16633602460592467,0.017777777777778593,0.04158400615148113,0.06698961937716232,-139631.84493896825,-0.050226399192228724,-0.2761399461745483,0.19986159169550174,2788240
457,24,GUJARAT,RAJKOT,-0.1358861976163159,0.00963241619738786,0.021043479217541145,0.036844139293826135,-346393.1904802711,-0.03740362152210628,-0.3278123798539023,0.2069357939254133,9279397
460,24,GUJARAT,SURENDRANAGAR,-0.1417301038062343,0.029773164167631105,0.04822760476739538,0.06299115724721122,-297493.53684667725,-0.026782153008291433,-0.31009611687812383,0.2069357939254133,11127032
676,24,GUJARAT,BOTAD,-0.1417301038062341,0.004477144990869839,0.01777777777777871,0.03254133025759273,-119907.88214100954,-0.040129268984385257,-0.2761399461745483,0.17937716262975778,2995174
450,24,GUJARAT,KHEDA,-0.15999999999999318,0.004483153300168933,0.022206843521720677,0.03844675124952081,-237955.85546913906,-0.05707914176360491,-0.29287197231833906,0.19986159169550174,4177913
451,24,GUJARAT,MAHESANA,-0.1537870049980854,0.016767829259907684,0.03254133025759393,0.0482276047673947,-238123.1738734838,-0.04424720040206653,-0.33685505574778934,0.22145328719723184,5393193
446,24,GUJARAT,GANDHINAGAR,-0.17937716262977382,-0.004505763233107862,0.00885813148788984,0.024605920799692458,-175465.79631843467,-0.06867443832544685,-0.31009611687812383,0.16000000000000003,2563098
455,24,GUJARAT,PATAN,-0.13588619761629953,0.051733948481345986,0.06698961937716774,0.09356401384082674,-90376.13513763147,-0.01280869805536832,-0.2761399461745483,0.2679584775086506,7069966
058,06,HARYANA,AMBALA,0.006852576979008252,0.15378700499801132,0.15999999999999315,0.17937716262975115,214564.8486791387,0.10972093379848338,-0.15378700499807765,0.33685505574778934,1963507
059,06,HARYANA,BHIWANI,0.016825039569968808,0.23646289888503547,0.251964628988969,0.2599000384467869,735718.1341493658,0.17571065441275335,-0.16633602460592078,0.36472126105344094,4194676
060,06,HARYANA,FARIDABAD,-0.004481529943093177,0.17279507881585104,0.18608227604770217,0.21413302575932722,105384.65912520539,0.11186109963495121,-0.13016532103037293,0.34602076124567477,945230
061,06,HARYANA,FATEHABAD,0.03254133025759363,0.19291041906955841,0.20693579392537917,0.22145328719721913,396115.3150915989,0.12225581388017495,-0.15378700499807765,0.34602076124567477,3246738
062,06,HARYANA,GURUGRAM,-0.016757490704905554,0.1998615916954836,0.20693579392538364,0.22889657823913442,191455.44848813486,0.12087085892961037,-0.17279507881584008,0.34602076124567477,1589083
063,06,HARYANA,HISAR,0.01298456103569292,0.22145328719722177,0.23646289888505312,0.25196462898884453,816080.4760121151,0.1567729163451768,-0.19986159169550174,0.34602076124567477,5213950
064,06,HARYANA,JHAJJAR,-0.013840830449826855,0.19291041906957493,0.21413302575933318,0.2288965782391435,295910.8730158956,0.12531749476917692,-0.16633602460592078,0.3278123798539023,2367667
065,06,HARYANA,JIND,-0.0026572253972336844,0.1663360246058071,0.18608227604770655,0.19986159169548434,417861.9322817762,0.11953865062342736,-0.1929104190695886,0.29287197231833906,3503951
066,06,HARYANA,KAITHAL,0.013840830449826896,0.14769703960010644,0.15999999999999528,0.17279507881584996,329499.4373404582,0.11275214932697092,-0.17937716262975778,0.28444444444444444,2929802
067,06,HARYANA,KARNAL,0.006825420409022262,0.14173010380626042,0.15378700499806539,0.16633602460592492,341931.7384392995,0.10754121668913538,-0.17937716262975778,0.31009611687812383,3186602
068,06,HARYANA,KURUKSHETRA,0.019930795847751172,0.14173010380627724,0.1537870049980529,0.16633602460592473,232578.95025761478,0.10773937957848184,-0.16000000000000003,0.29287197231833906,2164099
069,06,HARYANA,MAHENDRAGARH,-0.009654500281414872,0.20693579392537637,0.2141330257592929,0.22889657823914744,367674.21705094445,0.1502320047722386,-0.16633602460592078,0.3553094963475586,2455293
604,06,HARYANA,MEWAT,-0.01039600153787011,0.18608227604769081,0.19986159169548548,0.22145328719723933,245241.25448285413,0.1281663108858832,-0.14173010380622836,0.3553094963475586,1920287
619,06,HARYANA,PALWAL,0.019930795847751266,0.1793771626298202,0.1860822760477133,0.1998615916954871,226018.41647223328,0.1315272710937595,-0.11909265667051133,0.3014225297962323,1723336
070,06,HARYANA,PANCHKULA,0.013017330382310677,0.22889657823913603,0.25990003844677084,0.2844444444444574,159244.66334448566,0.13950401718848052,-0.17279507881584008,0.37425605536332185,1145979
071,06,HARYANA,PANIPAT,-0.012056901191849373,0.14173010380623519,0.15378700499808895,0.1663360246059248,168543.14696874295,0.10113624524666201,-0.17937716262975778,0.31009611687812383,1670732
072,06,HARYANA,REWARI,-0.0057801518094701045,0.21413302575922316,0.22145328719719481,0.2364628988850599,309764.1052835458,0.15753568755110126,-0.17937716262975778,0.34602076124567477,1972079
073,06,HARYANA,ROHTAK,-0.025858021185733646,0.18608227604770602,0.20693579392539307,0.22889657823913626,253887.4852110222,0.11943121498464693,-0.17937716262975778,0.33685505574778934,2130843
074,06,HARYANA,SIRSA,0.04822760476739499,0.2214532871972841,0.23646289888500288,0.25196462898884453,855426.7245939896,0.15612382132385202,-0.19986159169550174,0.3553094963475586,5487960
075,06,HARYANA,SONIPAT,-0.013840830449826917,0.15378700499800368,0.16633602460586586,0.1860822760476945,306731.51448688254,0.11030739044980249,-0.16000000000000003,0.3188927335640138,2786505
076,06,HARYANA,YAMUNANAGAR,0.009680321418452952,0.15378700499803796,0.17279507881584988,0.21413302575932927,237943.3253013548,0.10718241249324081,-0.14173010380622836,0.36472126105344094,2225647
701,06,HARYANA,CHARKHI DADRI,-0.005794649188011509,0.22145328719724244,0.23646289888501298,0.25196462898884486,288000.1169004557,0.16395189388530582,-0.2069357939254133,0.3553094963475586,1761774
015,02,HIMACHAL PRADESH,BILASPUR,0.005846973260325167,0.236462898885028,0.2599000384467559,0.2844444444444613,210995.95062118318,0.1386366551822785,-0.13588619761630144,0.37425605536332185,1527049
016,02,HIMACHAL PRADESH,CHAMBA,-0.12456747404844966,0.1537870049980508,0.17937716262979825,0.21413302575929005,367501.8122330821,0.04261982184705154,-0.3014225297962323,0.3553094963475586,8634536
017,02,HIMACHAL PRADESH,HAMIRPUR,-0.012968724122024886,0.21413302575927212,0.22889657823912232,0.2519646289888449,177383.20153017924,0.12144618080805798,-0.17279507881584008,0.36472126105344094,1464411
018,02,HIMACHAL PRADESH,KANGRA,-0.0888273740868884,0.21413302575925094,0.23646289888499505,0.26795847750867646,765162.4332297385,0.10129581922129022,-0.24415224913494812,0.37425605536332185,7565612
020,02,HIMACHAL PRADESH,KULLU,-0.13016532103037184,0.11909265667052886,0.14769703960017116,0.17279507881584982,131872.01574856875,0.018308942929198026,-0.3188927335640138,0.29287197231833906,7211360
022,02,HIMACHAL PRADESH,MANDI,-0.07111111111111343,0.19291041906956383,0.21413302575929252,0.23646289888503866,467785.4846718836,0.09047187143938241,-0.2679584775086506,0.36472126105344094,5177402
023,02,HIMACHAL PRADESH,SHIMLA,-0.12456747404843783,0.1663360246058673,0.19291041906955292,0.2141330257592784,329532.91237503226,0.0493435778451815,-0.31009611687812383,0.33685505574778934,6689722
024,02,HIMACHAL PRADESH,SIRMAUR,-0.021066730294592887,0.22145328719725113,0.24415224913495515,0.2679584775086745,460630.6319987142,0.12574063856884732,-0.2069357939254133,0.37425605536332185,3670428
025,02,HIMACHAL PRADESH,SOLAN,-0.0016991652510411912,0.2288965782391071,0.2519646289888446,0.27613994617452803,356404.6420669083,0.14151918542482936,-0.186082276047674,0.42377547097270285,2524974
026,02,HIMACHAL PRADESH,UNA,0.021150757576057392,0.2288965782391152,0.25196462898884464,0.28444444444445954,290062.44739191583,0.14376809692921388,-0.12456747404844293,0.3839138792772011,2022495
019,02,HIMACHAL PRADESH,KINNAUR,-0.15378700499808312,0.06299115724721238,0.08421376393695308,0.10340638216071209,-194918.1471374243,-0.022908444641600124,-0.3278123798539023,0.22145328719723184,8518904
021,02,HIMACHAL PRADESH,LAHUL & SPITI,-0.14769703960016542,0.055363321799302756,0.0753556324490469,0.09842368319877015,-531326.2161163746,-0.028820279598076527,-0.2679584775086506,0.2288965782391388,18455211
,01,JAMMU & KASHMIR,MIRPUR,0.0017296474894091982,0.23646289888502053,0.2599000384467587,0.28444444444446243,676499.6240282254,0.14011778346630824,-0.16633602460592078,0.41362552864282975,4837249
,01,JAMMU & KASHMIR,MUZAFFARABAD,-0.0797231833910055,0.18608227604770744,0.20693579392538497,0.22889657823913345,508560.7217562435,0.07828960097818925,-0.2519646289888504,0.34602076124567477,6508506
010,01,JAMMU & KASHMIR,PUNCH,-0.051733948481354375,0.21413302575925255,0.23646289888502364,0.25990003844675275,624168.3448805816,0.10966096881589708,-0.2519646289888504,0.39369473279507883,5700333
001,01,JAMMU & KASHMIR,ANANTNAG,-0.0888273740868871,0.16000000000001013,0.18608227604769434,0.21413302575932774,213407.89416058376,0.05832057359488281,-0.2364628988850442,0.34602076124567477,3666744
003,01,JAMMU & KASHMIR,BARAMULA,-0.06299115724721147,0.19291041906956435,0.21413302575930157,0.2364628988850571,261265.31317978812,0.09406630513791166,-0.2519646289888504,0.39369473279507883,2783290
007,01,JAMMU & KASHMIR,KATHUA,-0.03254133025759222,0.2214532871972137,0.25196462898884453,0.2761399461745384,394877.89876238414,0.11936150485068836,-0.2679584775086506,0.3839138792772011,3314635
014,01,JAMMU & KASHMIR,UDHAMPUR,-0.06299115724721145,0.22145328719719723,0.25196462898884464,0.2761399461745259,330897.3174963632,0.10930155950561782,-0.2519646289888504,0.42377547097270285,3033474
002,01,JAMMU & KASHMIR,BADGAM,-0.041584006151480814,0.1998615916954849,0.2214532871972,0.25196462898884503,175352.8164401004,0.10445927194035257,-0.1929104190695886,0.41362552864282975,1682823
623,01,JAMMU & KASHMIR,BANDIPURA,-0.08421376393694602,0.17279507881585107,0.1929104190695985,0.21413302575933296,381646.72822300653,0.06972838647484529,-0.2519646289888504,0.3553094963475586,5482179
626,01,JAMMU & KASHMIR,GANDERBAL,-0.08882737408688864,0.1727950788158502,0.19986159169548745,0.22889657823913023,146316.14527108718,0.06695759853250617,-0.2519646289888504,0.3553094963475586,2192068
622,01,JAMMU & KASHMIR,KULGAM,-0.055363321799307405,0.17937716262979053,0.20693579392539502,0.2288965782391395,143358.29804772983,0.08467028559608951,-0.19986159169550174,0.36472126105344094,1698369
008,01,JAMMU & KASHMIR,KUPWARA,-0.07535563244905752,0.19291041906957795,0.221453287197219,0.2441522491349366,337092.26433820714,0.0908233543174407,-0.2519646289888504,0.3553094963475586,3717596
011,01,JAMMU & KASHMIR,PULWAMA,-0.06299115724721144,0.1860822760477016,0.22145328719723034,0.2599000384467454,97366.49824527171,0.08083523837022322,-0.21413302575932336,0.41362552864282975,1208381
012,01,JAMMU & KASHMIR,RAJAURI,-0.025884138440970064,0.24415224913495004,0.2679584775086821,0.29287197231835904,468417.9001209994,0.13327764766951233,-0.1929104190695886,0.39369473279507883,3521026
621,01,JAMMU & KASHMIR,RAMBAN,-0.07535563244905924,0.19291041906958226,0.21413302575932192,0.23646289888505848,149667.0365427366,0.08708146403573358,-0.24415224913494812,0.36472126105344094,1722238
627,01,JAMMU & KASHMIR,RIASI,-0.044844290657438425,0.2364628988850157,0.2599000384467884,0.2844444444444667,312456.59413091064,0.12130263240873845,-0.2599000384467512,0.40359861591695495,2582725
625,01,JAMMU & KASHMIR,SHUPIYAN,-0.038446751249518865,0.1599999999999968,0.18608227604768188,0.2069357939254186,52636.98953215493,0.07768208033931676,-0.16000000000000003,0.3278123798539023,681043
013,01,JAMMU & KASHMIR,SRINAGAR,-0.07972318339100472,0.11374086889657513,0.13588619761630505,0.15999999999999795,14764.89943831061,0.03899724671414913,-0.2069357939254133,0.3014225297962323,381957
620,01,JAMMU & KASHMIR,KISHTWAR,-0.12456747404844244,0.1301653210303486,0.16000000000001263,0.1860822760476949,325574.12680346053,0.029786774283697404,-0.29287197231833906,0.3278123798539023,10942149
004,01,JAMMU & KASHMIR,DODA,-0.11374086889657552,0.1663360246059066,0.19291041906958728,0.22145328719722537,176540.47942722694,0.05509299254734169,-0.2679584775086506,0.34602076124567477,3210495
624,01,JAMMU & KASHMIR,SAMBA,0.021139621235953948,0.22889657823911952,0.25990003844677234,0.28444444444445827,169141.26964755193,0.13777510283886518,-0.11909265667051133,0.40359861591695495,1231705
005,01,JAMMU & KASHMIR,JAMMU,-0.009639396248680245,0.2214532871972097,0.25990003844675713,0.29287197231835554,380750.79973716335,0.1190905552370254,-0.17279507881584008,0.40359861591695495,3204791
322,20,JHARKHAND,BOKARO,-0.1358861976163142,0.0842137639369527,0.12456747404844319,0.1663360246059244,-60740.77581741625,-0.017306574196518466,-0.2599000384467512,0.31009611687812383,3518062
323,20,JHARKHAND,CHATRA,-0.09356401384082541,0.1301653210303587,0.16000000000000897,0.18608227604768895,155107.15171016328,0.03331422530356039,-0.21413302575932336,0.33685505574778934,4666877
325,20,JHARKHAND,DHANBAD,-0.15378700499808445,0.04484429065743785,0.07972318339100275,0.1476970396001553,-111831.61440325371,-0.04497662933599738,-0.28444444444444444,0.3278123798539023,2490976
324,20,JHARKHAND,DEOGHAR,-0.12456747404845042,0.03254133025759327,0.05911572472126436,0.08882737408688968,-110491.98044499899,-0.03629028794116408,-0.2288965782391388,0.3014225297962323,3050828
326,20,JHARKHAND,DUMKA,-0.14173010380621923,0.06698961937716456,0.10851211072664133,0.160000000000003,-141129.551645667,-0.030642352969940095,-0.2364628988850442,0.3014225297962323,4613615
328,20,JHARKHAND,GARHWA,-0.09842368319877091,0.11909265667051804,0.14769703960015892,0.17937716262975156,108653.95148514854,0.021662875415590834,-0.2364628988850442,0.3188927335640138,5023969
329,20,JHARKHAND,GIRIDIH,-0.11909265667051665,0.08882737408688285,0.1245674740484501,0.172795078815847,-44396.84824376447,-0.00730387460762399,-0.2288965782391388,0.33685505574778934,6087886
330,20,JHARKHAND,GODDA,-0.12456747404845256,0.07535563244904794,0.11374086889657344,0.1537870049980818,-66810.91816037518,-0.02379346592435337,-0.2364628988850442,0.28444444444444444,2814180
331,20,JHARKHAND,GUMLA,-0.11909265667052409,0.1034063821607191,0.14173010380622666,0.17937716262976103,-38395.30993559179,-0.005902381452094224,-0.2364628988850442,0.31009611687812383,6516036
332,20,JHARKHAND,HAZARIBAGH,-0.10340638216070905,0.13588619761630175,0.17279507881584955,0.2069357939254131,156819.7741627069,0.029577849046889836,-0.24415224913494812,0.33685505574778934,5315097
333,20,JHARKHAND,JAMTARA,-0.15378700499808717,0.012962289913516282,0.04158400615148102,0.07111111111111025,-141942.87527948385,-0.06428531181088698,-0.2364628988850442,0.2761399461745483,2214404
606,20,JHARKHAND,KHUNTI,-0.1137408688965791,0.09842368319877101,0.13016532103036868,0.1663360246059243,2407.7180602632034,7.531748405625657E-4,-0.22145328719723184,0.28444444444444444,3204257
334,20,JHARKHAND,KODARMA,-0.11374086889657567,0.1537870049980709,0.18608227604769934,0.20693579392540215,73649.13788058495,0.03664603806543491,-0.22145328719723184,0.3278123798539023,2016064
335,20,JHARKHAND,LATEHAR,-0.1034063821607117,0.1358861976163152,0.16633602460592498,0.1998615916954895,171886.5547510252,0.03323179885418939,-0.2288965782391388,0.3188927335640138,5182155
336,20,JHARKHAND,LOHARDAGA,-0.11909265667051915,0.12456747404845396,0.15999999999999462,0.1929104190695739,6978.762312757617,0.0038066579454016087,-0.21413302575932336,0.3188927335640138,1838361
337,20,JHARKHAND,PAKUR,-0.15999999999999834,0.05173394848135026,0.09356401384082577,0.13588619761630352,-110339.80981257545,-0.049933032264742376,-0.2599000384467512,0.28444444444444444,2216228
338,20,JHARKHAND,PALAMU,-0.10851211072664525,0.10340638216071685,0.14173010380623663,0.17279507881584796,33347.201178382944,0.0061664903119032395,-0.21413302575932336,0.31009611687812383,5416996
343,20,JHARKHAND,WEST SINGHBHUM,-0.130165321030356,0.1301653210303572,0.16000000000001052,0.18608227604769437,93136.10729463494,0.010676063098953527,-0.2599000384467512,0.31009611687812383,8734513
327,20,JHARKHAND,EAST SINGHBHUM,-0.1727950788158506,0.09356401384082406,0.14173010380624115,0.17937716262975126,-170357.01919679687,-0.039632225234615744,-0.28444444444444444,0.29287197231833906,4306723
607,20,JHARKHAND,RAMGARH,-0.12456747404844079,0.09842368319876943,0.1417301038062276,0.18608227604767147,-10856.190626401465,-0.006391222092978068,-0.24415224913494812,0.29287197231833906,1705200
339,20,JHARKHAND,RANCHI,-0.13588619761632167,0.08882737408688357,0.13016532103037062,0.17279507881584702,-96086.4548196633,-0.015854493584971624,-0.2761399461745483,0.3188927335640138,6072574
340,20,JHARKHAND,SAHIBGANJ,-0.15378700499808684,0.10851211072665388,0.14173010380621448,0.17937716262977646,-33032.86723422236,-0.012241144418464092,-0.2599000384467512,0.29287197231833906,2704649
341,20,JHARKHAND,SARAIKELA-KHARSAWAN,-0.14173010380622073,0.0842137639369458,0.1358861976162971,0.17937716262975184,-103699.6487767542,-0.032190213301903005,-0.2599000384467512,0.29287197231833906,3228630
342,20,JHARKHAND,SIMDEGA,-0.12456747404845336,0.08421376393695222,0.11374086889657438,0.14769703960015088,-43404.685883310674,-0.009501835446833853,-0.22145328719723184,0.3014225297962323,4575865
524,29,KARNATAKA,BAGALKOT,-0.1929104190695866,-0.027128027681661677,-0.0044951251791288515,0.01574778931180284,-719082.4519842695,-0.09429879592503877,-0.3278123798539023,0.16000000000000003,7637876
528,29,KARNATAKA,BALLARI,-0.17279507881585046,-0.0017432652499355789,0.021063749959679964,0.055363321799306836,-737240.1303877934,-0.07525361217566269,-0.31009611687812383,0.19986159169550174,9811668
527,29,KARNATAKA,BELAGAVI,-0.17279507881585032,-0.0017417439129785344,0.025845723754885263,0.059115724721264175,-1110303.262730498,-0.07104928116156,-0.3188927335640138,0.2364628988850442,15647841
526,29,KARNATAKA,BENGALURU RURAL,-0.19291041906960332,-0.03543252595155934,-0.012056901191849176,0.01777777777777755,-275686.092521717,-0.10447710022894313,-0.3014225297962323,0.186082276047674,2647699
525,29,KARNATAKA,BENGALURU URBAN,-0.19291041906959594,-0.05173394848134833,-0.029773164167627535,-0.0017573140670237302,-283381.1304549589,-0.11249122325876455,-0.3553094963475586,0.17279507881584008,2525378
529,29,KARNATAKA,BIDAR,-0.16000000000000936,-0.024605920799692586,-0.00885813148788967,0.006809535369823853,-472649.1029938086,-0.07386912336725832,-0.28444444444444444,0.14769703960015382,6408943
531,29,KARNATAKA,CHAMARAJANAGAR,-0.1727950788158496,0.05911572472126337,0.09356401384082286,0.1301653210303744,-298320.25588382746,-0.04622167943452365,-0.29287197231833906,0.28444444444444444,6464990
630,29,KARNATAKA,CHIK BALLAPUR,-0.17279507881584968,0.009649054469420437,0.041584006151481126,0.07535563244905666,-336929.3250827921,-0.06904525225414757,-0.28444444444444444,0.22145328719723184,4888990
532,29,KARNATAKA,CHIKKAMAGALURU,-0.17937716262975523,0.03693610995098628,0.06299115724721117,0.0935640138408256,-438919.3546469839,-0.05301627086487993,-0.3278123798539023,0.2519646289888504,8290158
533,29,KARNATAKA,CHITRADURGA,-0.1600000000000093,0.005736380106035454,0.025837727212073284,0.05173394848135288,-602201.7494959632,-0.0619247056801201,-0.3014225297962323,0.22145328719723184,9737571
534,29,KARNATAKA,DAKSHINA KANNADA,-0.19291041906958548,0.04484429065744509,0.07111111111111666,0.0984236831987676,-233167.6564929621,-0.04186160827530978,-0.3553094963475586,0.2364628988850442,5579048
535,29,KARNATAKA,DAVANGERE,-0.19291041906956516,-0.015747789311802814,0.006821891498976177,0.03543252595155726,-625955.177094736,-0.09156877608959134,-0.3014225297962323,0.1929104190695886,6847089
536,29,KARNATAKA,DHARWAD,-0.17937716262978462,-0.032541330257589596,-0.01683628198727044,0.00963505412335724,-420266.6851108134,-0.08513993027388737,-0.3278123798539023,0.1929104190695886,4944779
537,29,KARNATAKA,GADAG,-0.1727950788158497,-0.024605920799687857,-0.008858131487890011,0.008858131487889396,-432345.74956627964,-0.08006879106368663,-0.3014225297962323,0.16000000000000003,5409858
539,29,KARNATAKA,HASSAN,-0.19291041906958367,0.0016903542912376777,0.036911725144143544,0.07535563244904982,-656761.97560723,-0.08402074049970239,-0.31009611687812383,0.24415224913494812,7828705
540,29,KARNATAKA,HAVERI,-0.19291041906958778,-0.038446751249522,-0.017777777777778336,0.008858131487889132,-570013.9806845059,-0.10226278578546394,-0.28444444444444444,0.16633602460592078,5582700
538,29,KARNATAKA,KALABURAGI,-0.16000000000000977,-0.04158400615147418,-0.02712802768166135,-0.008858131487889153,-1104617.0429603015,-0.08617304551847337,-0.29287197231833906,0.17279507881584008,12835141
541,29,KARNATAKA,KODAGU,-0.20693579392539888,0.036939461123353355,0.06299115724721122,0.08882737408688407,-295807.99252092757,-0.06300371223057034,-0.3553094963475586,0.21413302575932336,4703960
542,29,KARNATAKA,KOLAR,-0.1793771626297756,-0.005821779738427214,0.016784220120178817,0.04822760476739667,-352667.7410106648,-0.07721341870625477,-0.2761399461745483,0.2364628988850442,4576751
543,29,KARNATAKA,KOPPAL,-0.17937716262979447,-0.013840830449826515,0.006802733379792684,0.035432525951558165,-508007.8707983857,-0.07862655657379457,-0.29287197231833906,0.17279507881584008,6471180
544,29,KARNATAKA,MANDYA,-0.18608227604769997,-0.02593054281347477,-0.005824195674551858,0.016744277031581566,-524948.6713766566,-0.09233471312050265,-0.29287197231833906,0.22145328719723184,5695228
545,29,KARNATAKA,MYSURU,-0.1929104190695842,-0.02112364655683271,-0.0017497002866430794,0.025824069772952252,-670246.5058752357,-0.09289453727263212,-0.3188927335640138,0.2069357939254133,7227650
546,29,KARNATAKA,RAICHUR,-0.172795078815851,-0.02712802768166358,-0.008858131487889736,0.013840830449827004,-857372.5210512339,-0.08731873436845221,-0.3014225297962323,0.17937716262975778,9829398
631,29,KARNATAKA,RAMANAGARAM,-0.17937716262975456,0.004477005502473867,0.03543252595155838,0.07111111111111278,-299504.1310233335,-0.07440388343717218,-0.2761399461745483,0.22145328719723184,4034113
547,29,KARNATAKA,SHIVAMOGGA,-0.20693579392539074,0.025871816777655,0.048227604767396064,0.07535563244905684,-674070.2469917762,-0.06900640174083743,-0.3188927335640138,0.22145328719723184,9782492
548,29,KARNATAKA,TUMAKURU,-0.18608227604770505,-0.021132791923486015,0.0016810476514654974,0.03254133025759319,-1091314.319007795,-0.08956755099141547,-0.31009611687812383,0.2069357939254133,12204538
549,29,KARNATAKA,UDUPI,-0.24415224913493613,0.016768592241474745,0.04484429065743787,0.07535563244905963,-321387.36379226553,-0.07804202594874561,-0.3839138792772011,0.2288965782391388,4125180
550,29,KARNATAKA,UTTARA KANNADA,-0.19986159169548962,0.06698961937717145,0.09356401384082795,0.11909265667051346,-407106.6857572304,-0.034272606883835786,-0.3553094963475586,0.2519646289888504,11893283
530,29,KARNATAKA,VIJAYAPURA,-0.16633602460592073,-0.035432525951555154,-0.019930795847752054,8.932147396147038E-4,-1017587.5148840419,-0.08307485484982931,-0.31009611687812383,0.12456747404844293,12262243
635,29,KARNATAKA,YADGIR,-0.1860822760477013,-0.038446751249522015,-0.017777777777778322,0.00681982026043615,-590830.8960369887,-0.09607011475151692,-0.28444444444444444,0.186082276047674,6160245
554,32,KERALA,ALAPPUZHA,-0.21413302575932866,-0.029773164167627392,-0.009680740659388214,0.016772793706360107,-155580.37027256418,-0.09661448958167812,-0.34602076124567477,0.21413302575932336,1615612
555,32,KERALA,ERNAKULAM,-0.22145328719722945,0.032541330257593745,0.06299115724721123,0.09356401384082497,-241744.85552089757,-0.06955716994930242,-0.36472126105344094,0.24415224913494812,3482949
556,32,KERALA,IDUKKI,-0.17279507881584805,0.08882737408689029,0.11374086889657356,0.13588619761629697,-71008.88602517752,-0.014360200844179024,-0.33685505574778934,0.2679584775086506,4955513
557,32,KERALA,KANNUR,-0.19986159169548812,0.048227604767398256,0.07535563244905111,0.1034063821607082,-189433.21805879896,-0.0558620716925002,-0.36472126105344094,0.2364628988850442,3397343
558,32,KERALA,KASARAGOD,-0.2141330257593288,0.06698961937716849,0.09356401384082398,0.1190926566705148,-98643.47609020327,-0.043231530811959254,-0.36472126105344094,0.2599000384467512,2288384
559,32,KERALA,KOLLAM,-0.17937716262975167,0.06698961937716665,0.09842368319876296,0.1301653210303685,-92112.12148592112,-0.03275496661133652,-0.36472126105344094,0.2599000384467512,2818601
560,32,KERALA,KOTTAYAM,-0.1998615916954902,0.059115724721264834,0.08421376393694889,0.11374086889657507,-99153.99052234634,-0.039636175338046926,-0.34602076124567477,0.24415224913494812,2507427
561,32,KERALA,KOZHIKODE,-0.1998615916954913,0.03254133025759342,0.06299115724721123,0.0935640138408282,-161864.12069734553,-0.060421467440690255,-0.3839138792772011,0.2364628988850442,2684454
562,32,KERALA,MALAPPURAM,-0.20693579392540506,0.025869828188206396,0.055363321799309737,0.0888273740868891,-264671.629521446,-0.06533992377388256,-0.36472126105344094,0.2679584775086506,4058183
563,32,KERALA,PALAKKAD,-0.19291041906958364,0.05536332179930562,0.08421376393694728,0.12456747404843994,-228192.75783512252,-0.04472214737928484,-0.34602076124567477,0.3014225297962323,5112539
564,32,KERALA,PATTANAMTHITTA,-0.19291041906957768,0.06299115724721116,0.09356401384082363,0.11909265667051351,-114223.54736779779,-0.03802751139913667,-0.3553094963475586,0.28444444444444444,3011006
565,32,KERALA,THIRUVANANTHAPURAM,-0.18608227604769842,0.05911572472126256,0.08882737408688537,0.11909265667050843,-86560.51244991632,-0.03489865081662352,-0.36472126105344094,0.2519646289888504,2485730
566,32,KERALA,TRISSUR,-0.21413302575933027,0.02977316416762735,0.059115724721264445,0.09356401384082635,-238109.5847702871,-0.06909970416555035,-0.40359861591695495,0.2364628988850442,3453173
567,32,KERALA,WAYANAD,-0.1998615916954887,0.044844290657440916,0.07111111111111583,0.09842368319876987,-128608.50657729582,-0.05285211962837625,-0.3553094963475586,0.2599000384467512,2438701
009,37,LADAKH,LEH,-0.13588619761633597,0.11909265667053283,0.15378700499803286,0.18608227604770136,1049713.7022494676,0.005009537287386133,-0.2761399461745483,0.36472126105344094,209611635
006,37,LADAKH,KARGIL,-0.11909265667052199,0.1085121107266608,0.13016532103034714,0.15378700499807754,206339.64659681197,0.010822408501523165,-0.2519646289888504,0.2761399461745483,19084969
553,31,LAKSHADWEEP,LAKSHADWEEP,-0.12456747404844298,0.07111111111111106,0.08882737408688965,0.10340638216070742,99.59263209474474,0.0031619483794294947,-0.22145328719723184,0.22145328719723184,33702
667,23,MADHYA PRADESH,AGAR MALWA,-0.04158400615148101,0.09842368319874714,0.1085121107266589,0.12456747404845228,175180.73599307195,0.05255094464838293,-0.21413302575932336,0.2288965782391388,3340865
639,23,MADHYA PRADESH,ALIRAJPUR,-0.11909265667051366,0.038446751249521516,0.059115724721264404,0.08882737408688753,-99000.00805069855,-0.024615009703737357,-0.2519646289888504,0.2288965782391388,4031207
390,23,MADHYA PRADESH,ANUPPUR,-0.12456747404845274,0.05173394848135083,0.08421376393694598,0.12456747404843937,-135734.44365089084,-0.02964872065692783,-0.2519646289888504,0.28444444444444444,4589056
391,23,MADHYA PRADESH,ASHOKNAGAR,-0.06698961937716788,0.09356401384087283,0.10851211072665691,0.12456747404844706,267974.51432798145,0.04608925291787506,-0.1929104190695886,0.2761399461745483,5822740
392,23,MADHYA PRADESH,BALAGHAT,-0.14173010380622234,0.05536332179930455,0.08421376393695074,0.11909265667051203,-353379.3389649632,-0.03175535829529,-0.28444444444444444,0.2599000384467512,11141974
393,23,MADHYA PRADESH,BARWANI,-0.1137408688965809,0.04158400615148129,0.06299115724721117,0.08882737408688375,-128041.04485977096,-0.019615709280665364,-0.28444444444444444,0.21413302575932336,6536978
394,23,MADHYA PRADESH,BETUL,-0.11374086889657359,0.05536332179930386,0.07535563244904893,0.10340638216070762,-157342.994554379,-0.013007531423567361,-0.2679584775086506,0.2599000384467512,12110448
395,23,MADHYA PRADESH,BHIND,-0.005719769535103738,0.1599999999999914,0.17937716262979014,0.19986159169548767,548166.5341999404,0.09859308855626318,-0.186082276047674,0.3553094963475586,5571431
396,23,MADHYA PRADESH,BHOPAL,-0.11909265667052267,0.08421376393696771,0.09842368319875194,0.11374086889658323,71580.25316689178,0.02125850044978641,-0.2679584775086506,0.2288965782391388,3374356
397,23,MADHYA PRADESH,BURHANPUR,-0.1417301038062415,0.015747789311802804,0.04158400615148119,0.07535563244905961,-187242.83511220774,-0.04841714439218202,-0.2761399461745483,0.1929104190695886,3873783
398,23,MADHYA PRADESH,CHHATARPUR,-0.07972318339101116,0.09356401384085676,0.10851211072665569,0.13016532103036982,386130.0694427119,0.03619736002577235,-0.2069357939254133,0.29287197231833906,10687142
399,23,MADHYA PRADESH,CHHINDWARA,-0.11374086889657584,0.05536332179930323,0.07972318339101143,0.10851211072664253,-216265.7484882056,-0.015192146350207996,-0.2679584775086506,0.28444444444444444,14251129
400,23,MADHYA PRADESH,DAMOH,-0.10851211072665286,0.07535563244904173,0.08882737408687832,0.10340638216071729,42833.67740314098,0.004807201689761744,-0.21413302575932336,0.2599000384467512,8922849
401,23,MADHYA PRADESH,DATIA,-0.03254133025759303,0.1137408688965847,0.13588619761630677,0.1600000000000021,182095.0425955329,0.05469209942203912,-0.2069357939254133,0.3014225297962323,3340498
402,23,MADHYA PRADESH,DEWAS,-0.09356401384082785,0.0711111111111078,0.08421376393696736,0.0984236831987594,90250.37149730013,0.010629451660490823,-0.2679584775086506,0.22145328719723184,8505726
403,23,MADHYA PRADESH,DHAR,-0.09356401384082424,0.05536332179932028,0.06698961937717286,0.08421376393695426,-5862.463503633495,-5.948220559979883E-4,-0.2519646289888504,0.21413302575932336,9867234
404,23,MADHYA PRADESH,DINDORI,-0.11374086889657865,0.0711111111111174,0.10340638216070733,0.1358861976163013,-93521.85131692454,-0.013432078354609304,-0.2519646289888504,0.2761399461745483,6974940
405,23,MADHYA PRADESH,EAST NIMAR,-0.1301653210303558,0.0384467512495125,0.055363321799319826,0.07111111111111869,-252875.4061484675,-0.02812659507920257,-0.2679584775086506,0.2069357939254133,9002549
406,23,MADHYA PRADESH,GUNA,-0.07972318339100766,0.0797231833910174,0.09356401384082189,0.10851211072664273,186730.85861579966,0.023850956943172654,-0.2679584775086506,0.2519646289888504,7842335
407,23,MADHYA PRADESH,GWALIOR,-0.05536332179931004,0.13016532103034292,0.15378700499808706,0.17937716262975958,303232.4511740054,0.053513624513050716,-0.19986159169550174,0.3278123798539023,5674029
408,23,MADHYA PRADESH,HARDA,-0.10340638216071567,0.03844675124952188,0.0553633217993069,0.07535563244905706,-19992.996658014024,-0.004961435343440096,-0.24415224913494812,0.21413302575932336,4035848
409,23,MADHYA PRADESH,HOSHANGABAD,-0.09356401384082563,0.07111111111111736,0.10851211072665329,0.1417301038062312,71505.25507441477,0.008845151263433479,-0.2599000384467512,0.28444444444444444,8095645
410,23,MADHYA PRADESH,INDORE,-0.135886197616304,0.07972318339098082,0.08882737408688647,0.10851211072664431,68933.08612506081,0.014575301441324958,-0.3278123798539023,0.2288965782391388,4738802
411,23,MADHYA PRADESH,JABALPUR,-0.10851211072664986,0.055363321799302694,0.07972318339100713,0.10851211072664595,-41524.9774120043,-0.006711437623379193,-0.3014225297962323,0.28444444444444444,6198352
412,23,MADHYA PRADESH,JHABUA,-0.0888273740868886,0.04484429065744728,0.059115724721265174,0.07535563244905771,-28465.071563746627,-0.006822060640131607,-0.2599000384467512,0.1929104190695886,4179358
413,23,MADHYA PRADESH,KATNI,-0.1085121107266491,0.05173394848134711,0.07111111111111675,0.10340638216070529,-62520.664712782724,-0.01014378908454423,-0.2288965782391388,0.2761399461745483,6175594
415,23,MADHYA PRADESH,MANDLA,-0.1137408688965736,0.05536332179930513,0.08421376393694462,0.11374086889657538,-149493.2341231864,-0.016451437010319453,-0.2599000384467512,0.2519646289888504,9100880
416,23,MADHYA PRADESH,MANDSAUR,-0.051733948481353126,0.09356401384086296,0.10340638216072942,0.11909265667051187,332638.6541930505,0.048997858163423884,-0.2069357939254133,0.28444444444444444,6799773
417,23,MADHYA PRADESH,MORENA,-0.02977316416762823,0.17937716262981454,0.19986159169548456,0.22889657823914852,690097.8764744988,0.11111190026582199,-0.17279507881584008,0.36472126105344094,6223463
418,23,MADHYA PRADESH,NARSHIMAPURA,-0.10340638216071979,0.05173394848134839,0.0797231833910064,0.12456747404844201,-68333.60003906122,-0.010976373237458576,-0.2519646289888504,0.28444444444444444,6236392
419,23,MADHYA PRADESH,NIMACH,-0.08421376393694373,0.0888273740868692,0.10340638216072438,0.12456747404844036,182848.18584195798,0.0347489980293702,-0.2288965782391388,0.2761399461745483,5274602
420,23,MADHYA PRADESH,PANNA,-0.11374086889657922,0.07972318339101765,0.09842368319877368,0.13016532103036899,54388.38843194381,0.006250869165448962,-0.2069357939254133,0.3014225297962323,8717597
421,23,MADHYA PRADESH,RAISEN,-0.0984236831987696,0.055363321799310056,0.07535563244905483,0.10340638216070451,-37489.1245490145,-0.0036408470223748828,-0.28444444444444444,0.2519646289888504,10312010
422,23,MADHYA PRADESH,RAJGARH,-0.0448442906574382,0.08882737408688349,0.10340638216073043,0.119092656670515,359565.03873282095,0.047776155654652,-0.2069357939254133,0.24415224913494812,7535187
423,23,MADHYA PRADESH,RATLAM,-0.07972318339101112,0.08421376393697098,0.09842368319874946,0.11374086889658624,178063.78677048403,0.030131301015583697,-0.29287197231833906,0.22145328719723184,5920371
424,23,MADHYA PRADESH,REWA,-0.09356401384082447,0.07535563244904599,0.10851211072664105,0.1537870049980793,67328.42430980646,0.00869943736879833,-0.2364628988850442,0.31009611687812383,7751995
425,23,MADHYA PRADESH,SAGAR,-0.08882737408688401,0.08421376393697262,0.09842368319875279,0.11374086889657442,342280.0778839119,0.027317877239500427,-0.2288965782391388,0.2599000384467512,12549508
426,23,MADHYA PRADESH,SATNA,-0.10340638216071342,0.07111111111111851,0.10340638216070908,0.14173010380623152,44701.10028628877,0.00484243670950439,-0.2519646289888504,0.29287197231833906,9250027
427,23,MADHYA PRADESH,SEHORE,-0.0935640138408232,0.07111111111109929,0.07972318339099882,0.09842368319876695,115470.40492141103,0.014500014576346757,-0.2069357939254133,0.2364628988850442,7979648
428,23,MADHYA PRADESH,SEONI,-0.11374086889658472,0.04822760476739761,0.06698961937716748,0.0935640138408263,-140068.59470870154,-0.013247303736230846,-0.2599000384467512,0.2599000384467512,10587279
429,23,MADHYA PRADESH,SHAHDOL,-0.12456747404845163,0.051733948481347956,0.07535563244905318,0.11374086889657699,-149587.91168377988,-0.02161242150040836,-0.2364628988850442,0.2761399461745483,6933487
430,23,MADHYA PRADESH,SHAJAPUR,-0.044844290657438404,0.08421376393697119,0.09356401384085122,0.1085121107266487,193912.7864542571,0.04604782350360737,-0.19986159169550174,0.2288965782391388,4219787
431,23,MADHYA PRADESH,SHEOPUR,-0.05911572472125667,0.1476970396001735,0.17937716262978837,0.21413302575933155,467172.74561612087,0.057072889943237656,-0.17279507881584008,0.40359861591695495,8196536
432,23,MADHYA PRADESH,SHIVPURI,-0.06698961937716395,0.10851211072664142,0.13016532103034875,0.15378700499807496,566044.0268769206,0.04456543092395439,-0.186082276047674,0.34602076124567477,12718231
433,23,MADHYA PRADESH,SIDHI,-0.08421376393694689,0.11374086889658243,0.14173010380623546,0.17937716262975162,158876.3506781946,0.027181037229941536,-0.19986159169550174,0.3014225297962323,5855562
638,23,MADHYA PRADESH,SINGRAULI,-0.0842137639369502,0.11909265667052389,0.14769703960016528,0.18608227604768635,233007.40653497356,0.0330204886669234,-0.2364628988850442,0.3188927335640138,7066555
434,23,MADHYA PRADESH,TIKAMGARH,-0.04822760476739485,0.10340638216073811,0.11909265667052524,0.13588619761629736,254144.91526888925,0.05548207452567044,-0.17937716262975778,0.31009611687812383,4588875
435,23,MADHYA PRADESH,UJJAIN,-0.048227604767395495,0.0935640138408697,0.10340638216073228,0.11374086889657867,371962.7892188975,0.05014529922651573,-0.24415224913494812,0.2288965782391388,7431237
436,23,MADHYA PRADESH,UMARIA,-0.10851211072664281,0.0669896193771714,0.09356401384082348,0.12456747404843932,-22392.216987558346,-0.004016122348479362,-0.2364628988850442,0.2761399461745483,5584765
437,23,MADHYA PRADESH,VIDISHA,-0.05911572472125835,0.08421376393697261,0.09356401384085045,0.10851211072664749,349077.6163526822,0.03914891312744239,-0.2364628988850442,0.2679584775086506,8929692
414,23,MADHYA PRADESH,WEST NIMAR,-0.10851211072664119,0.02977316416763094,0.04822760476739697,0.07111111111111336,-190840.61127862893,-0.019755216910876235,-0.31009611687812383,0.24415224913494812,9673296
722,23,MADHYA PRADESH,NIVARI,-0.048227604767396307,0.10851211072665544,0.12456747404845003,0.14173010380623366,87435.08627209273,0.053591606679186846,-0.17937716262975778,0.29287197231833906,1640914
466,27,MAHARASHTRA,AHAMADNAGAR,-0.14173010380622506,0.0016774689891692568,0.0210606990157802,0.04158400615148109,-1110017.684249482,-0.054892710564778166,-0.31009611687812383,0.21413302575932336,20247712
467,27,MAHARASHTRA,AKOLA,-0.14173010380623305,-0.01777777777777966,-0.0068504774641452845,0.012056901191849,-384598.93867815554,-0.0591991914305625,-0.3014225297962323,0.186082276047674,6508098
468,27,MAHARASHTRA,AMARAVATI,-0.14173010380623,0.005742487725257951,0.04158400615148119,0.07972318339101139,-786419.5256322627,-0.05380247309640359,-0.34602076124567477,0.2519646289888504,14634927
469,27,MAHARASHTRA,AURANGABAD,-0.13588619761630888,0.0016743478345740586,0.021058553952996814,0.05173394848135304,-585592.6767900928,-0.04866372717263137,-0.3188927335640138,0.19986159169550174,12049449
471,27,MAHARASHTRA,BHANDARA,-0.16000000000000883,0.012967317123286099,0.04158400615148109,0.08421376393694585,-337496.1162616381,-0.06815019746630065,-0.2679584775086506,0.2599000384467512,4961610
470,27,MAHARASHTRA,BID,-0.14173010380622217,-0.00885813148789002,0.006806151554662206,0.02977316416762805,-743769.3022842905,-0.059372855218750145,-0.29287197231833906,0.1929104190695886,12544794
472,27,MAHARASHTRA,BULDHANA,-0.13588619761631512,-0.0026511259380296113,0.013840830449826999,0.038446751249520225,-611557.5207701504,-0.05264810537648875,-0.28444444444444444,0.186082276047674,11630150
473,27,MAHARASHTRA,CHANDRAPUR,-0.1793771626297979,0.0016821524781038667,0.025850479973904127,0.04822760476739471,-903752.2675733817,-0.06685876030714709,-0.31009611687812383,0.19986159169550174,13530633
474,27,MAHARASHTRA,DHULE,-0.14769703960016164,-0.00967937123926925,0.012961258657483798,0.036893424107893695,-529207.9622023716,-0.061494886239881356,-0.33685505574778934,0.186082276047674,8617611
475,27,MAHARASHTRA,GADCHIROLI,-0.18608227604770203,0.029773164167628752,0.06299115724721124,0.09842368319876987,-956621.4441432431,-0.05555458062048615,-0.2761399461745483,0.24415224913494812,17237884
476,27,MAHARASHTRA,GONDIA,-0.166336024605925,0.03254133025759166,0.06299115724721123,0.10340638216070897,-363344.5865248703,-0.058551040760602045,-0.2761399461745483,0.2599000384467512,6215661
477,27,MAHARASHTRA,HINGOLI,-0.13016532103036504,-0.002653540004873605,0.010396001537870292,0.029773164167627795,-268580.9476068346,-0.04807242465544465,-0.2761399461745483,0.17937716262975778,5596711
478,27,MAHARASHTRA,JALGAON,-0.14769703960016112,-0.0058469291238204095,0.012948832817779346,0.036879153863739265,-819749.2066885222,-0.05814675733150729,-0.31009611687812383,0.1929104190695886,14113319
479,27,MAHARASHTRA,JALNA,-0.1417301038062251,-0.015747789311802787,-0.002655068973583849,0.012056901191848783,-556061.2729666106,-0.06101180711945941,-0.2761399461745483,0.17937716262975778,9127228
480,27,MAHARASHTRA,KOLHAPUR,-0.17937716262979425,0.03694019733919597,0.07535563244905065,0.10851211072664133,-597649.6278436459,-0.06682533600694761,-0.3278123798539023,0.2364628988850442,8961350
481,27,MAHARASHTRA,LATUR,-0.14173010380623546,-0.01993079584775396,-0.006849465912823073,0.006801375798601566,-539661.0285385699,-0.06363818252067747,-0.3014225297962323,0.16000000000000003,8490449
482,27,MAHARASHTRA,MUMBAI CITY,-0.24415224913494618,-0.11374086889658025,-0.09356401384083125,-0.06698961937716254,-12489.858426814726,-0.16553108400936148,-0.36472126105344094,0.044844290657439445,76546
484,27,MAHARASHTRA,NAGPUR,-0.1727950788158149,-0.0017500281024438239,0.021052521588083666,0.05911572472126353,-758919.3377650502,-0.0640272817501439,-0.3188927335640138,0.24415224913494812,11865192
485,27,MAHARASHTRA,NANDED,-0.14769703960016115,-0.012056901191848863,0.004475491333041945,0.03543252595155682,-764283.4371295624,-0.06138112513012415,-0.29287197231833906,0.186082276047674,12472028
486,27,MAHARASHTRA,NANDURBAR,-0.1476970396001659,0.02108565349189294,0.04822760476740045,0.07972318339100937,-389732.6850221568,-0.05451218047394648,-0.29287197231833906,0.2364628988850442,7163183
487,27,MAHARASHTRA,NASHIK,-0.14769703960016858,-0.0017476633238935589,0.021055569778493332,0.05536332179930905,-1098026.6906738756,-0.0594510246751397,-0.31009611687812383,0.21413302575932336,18486361
488,27,MAHARASHTRA,USMANABAD,-0.14769703960016406,-0.02220684352172125,-0.008858131487889845,0.006802828323508688,-603774.2707097215,-0.0677644317934988,-0.28444444444444444,0.14173010380622836,8925215
665,27,MAHARASHTRA,PALGHAR,-0.19986159169548706,0.02108770809827489,0.05173394848135136,0.07972318339100487,-508347.4009309116,-0.08124259770753481,-0.34602076124567477,0.21413302575932336,6266083
489,27,MAHARASHTRA,PARBHANI,-0.14173010380623582,-0.01777777777777964,-0.004500378883062226,0.010396001537870255,-460916.29521813354,-0.061760806731438,-0.29287197231833906,0.17279507881584008,7474260
490,27,MAHARASHTRA,PUNE,-0.17279507881583125,0.012958387105331067,0.0448442906574402,0.08421376393694828,-1141797.9222665478,-0.061908338946035736,-0.33685505574778934,0.22145328719723184,18462996
491,27,MAHARASHTRA,RAYGAD,-0.19986159169548534,0.055363321799307634,0.08421376393694628,0.11374086889657468,-515707.48794238834,-0.06270150328042205,-0.36472126105344094,0.2364628988850442,8238352
492,27,MAHARASHTRA,RATNAGIRI,-0.19986159169548676,0.07111111111111791,0.09842368319877137,0.13016532103036849,-441796.23307176126,-0.04553122305591625,-0.33685505574778934,0.24415224913494812,9717129
493,27,MAHARASHTRA,SANGLI,-0.16633602460589217,-0.009676350401279073,0.009642553164614499,0.03254133025759225,-695974.585052786,-0.0691804372559837,-0.3014225297962323,0.21413302575932336,10078127
494,27,MAHARASHTRA,SATARA,-0.1537870049980649,0.021066703479469463,0.048227604767397486,0.08421376393694502,-641426.5288216267,-0.052210480866493124,-0.29287197231833906,0.2519646289888504,12298534
495,27,MAHARASHTRA,SINDHUDURG,-0.22889657823914691,0.06698961937716635,0.09842368319876549,0.13016532103036788,-314494.48982314806,-0.05294014329471819,-0.34602076124567477,0.2519646289888504,5951789
496,27,MAHARASHTRA,SOLAPUR,-0.1663360246058972,-0.022206843521721756,-0.006843317743688292,0.01384083044982703,-1381633.5135899829,-0.07925271368201171,-0.31009611687812383,0.17279507881584008,17457025
483,27,MAHARASHTRA,SUB URBAN MUMBAI,-0.23646289888504815,0.005734465156627148,0.02591645826264681,0.048227604767397486,-56834.460180511414,-0.11138220096941218,-0.37425605536332185,0.19986159169550174,512479
497,27,MAHARASHTRA,THANE,-0.20693579392539133,0.016774211387965827,0.04822760476739427,0.07972318339100319,-445156.0347287997,-0.08796071306372415,-0.36472126105344094,0.21413302575932336,5069267
498,27,MAHARASHTRA,WARDHA,-0.16000000000001283,-0.024605920799690022,-0.010396001537870292,0.00680657173812213,-532186.221646299,-0.07063857605452896,-0.3014225297962323,0.17279507881584008,7543509
499,27,MAHARASHTRA,WASHIM,-0.11374086889657474,8.963399536753443E-4,0.01384083044982743,0.03254133025759256,-252405.44324877267,-0.04131527597705683,-0.2599000384467512,0.17937716262975778,6120783
500,27,MAHARASHTRA,YAVATMAL,-0.14769703960016692,-0.015747789311802787,0.004476194207304229,0.03543252595155732,-1068769.744519044,-0.06615868156450895,-0.3014225297962323,0.186082276047674,16172960
252,14,MANIPUR,BISHNUPUR,-0.15378700499807563,0.041584006151480876,0.10851211072664561,0.18608227604767233,-20157.740321780766,-0.034213204385790764,-0.2599000384467512,0.33685505574778934,592328
253,14,MANIPUR,CHANDEL,-0.02107901337459553,0.24415224913495504,0.26795847750868473,0.2844444444444699,349265.64347822603,0.14478013596304096,-0.17937716262975778,0.36472126105344094,2417211
254,14,MANIPUR,CHURACHANDPUR,-0.0415840061514807,0.23646289888503433,0.25990003844675474,0.2761399461745431,415370.18361887336,0.13929417208304418,-0.21413302575932336,0.36472126105344094,2987741
256,14,MANIPUR,IMPHAL WEST,-0.15378700499807663,0.051733948481353396,0.12456747404844307,0.18608227604767175,-25860.01760048535,-0.04315648280882093,-0.2364628988850442,0.3278123798539023,603204
255,14,MANIPUR,IMPHAL EAST,-0.1301653210303645,0.16633602460592478,0.20693579392540412,0.24415224913495057,-2443.980178243226,-0.0045914722818870555,-0.2599000384467512,0.34602076124567477,535890
713,14,MANIPUR,JIRIBAM,-0.10851211072664517,0.19291041906957312,0.21413302575932808,0.23646289888504787,32870.30435581434,0.09069825731708075,-0.2288965782391388,0.31009611687812383,365087
260,14,MANIPUR,UKHRUL,-0.05173394848135427,0.18608227604771058,0.20693579392538752,0.22889657823913226,230206.73284166853,0.0892389021342106,-0.24415224913494812,0.3278123798539023,2585246
257,14,MANIPUR,SENAPATI,-0.05911572472126292,0.17279507881584996,0.19986159169548817,0.22145328719723414,173347.45710068336,0.0801976906508581,-0.2599000384467512,0.3278123798539023,2166467
258,14,MANIPUR,TAMENGLONG,-0.059115724721262364,0.19986159169548381,0.22889657823912415,0.2441522491349318,394165.7128242229,0.10605596865351065,-0.2761399461745483,0.33685505574778934,3724282
259,14,MANIPUR,THOUBAL,-0.13016532103036765,0.09356401384083142,0.15378700499807713,0.20693579392541228,-10082.058406141809,-0.020887026633249362,-0.2288965782391388,0.34602076124567477,485328
717,14,MANIPUR,KAMJONG,-0.016765803709943967,0.2288965782391061,0.25196462898885186,0.27613994617454724,395165.207349244,0.134891541537953,-0.19986159169550174,0.36472126105344094,2934321
714,14,MANIPUR,NONEI,-0.05173394848135369,0.2069357939253898,0.22889657823913223,0.251964628988845,168076.5141392108,0.11608436163329945,-0.2288965782391388,0.33685505574778934,1452211
715,14,MANIPUR,PHERZAWL,-0.016753829734485266,0.23646289888504,0.2519646289888791,0.2761399461745463,377745.1945877179,0.14377459744831012,-0.19986159169550174,0.3553094963475586,2632958
716,14,MANIPUR,TENGNOUPAL,-0.012966758110303036,0.2441522491349216,0.2679584775086931,0.2844444444444742,226183.08473702057,0.1500229565683619,-0.186082276047674,0.3553094963475586,1511379
712,14,MANIPUR,KANGPOKPI,-0.07111111111111208,0.20693579392539424,0.2364628988850487,0.2599000384467572,221480.94949096133,0.10384858002227562,-0.2599000384467512,0.36472126105344094,2143163
711,14,MANIPUR,KAKCHING,-0.18608227604767127,0.14769703960015795,0.19986159169550224,0.24415224913494407,-1119.8288597862247,-0.0028540016259050323,-0.2679584775086506,0.3553094963475586,394750
273,17,MEGHALAYA,EAST GARO HILLS,-0.07972318339100369,0.17937716262978345,0.19986159169548723,0.2288965782391428,161605.68493403346,0.08257364960219278,-0.2364628988850442,0.33685505574778934,1961933
274,17,MEGHALAYA,EAST KHASI HILLS,-0.10340638216070694,0.15378700499807565,0.17937716262978284,0.2069357939253986,189645.79667819742,0.053985682043309016,-0.24415224913494812,0.3188927335640138,3519450
657,17,MEGHALAYA,EAST JAINTIA HILLS,-0.06299115724721129,0.17279507881585082,0.1998615916954866,0.22889657823913248,190960.9738037961,0.07685548204032956,-0.2519646289888504,0.36472126105344094,2489782
277,17,MEGHALAYA,SOUTH GARO HILLS,-0.09842368319877141,0.16000000000001227,0.18608227604770075,0.2069357939253995,156517.45179464167,0.0690731653564693,-0.2761399461745483,0.3014225297962323,2271292
278,17,MEGHALAYA,WEST GARO HILLS,-0.13588619761630102,0.14769703960017083,0.1727950788158505,0.19291041906959305,155738.59111716863,0.0473117974069128,-0.2679584775086506,0.3278123798539023,3298747
279,17,MEGHALAYA,WEST KHASI HILLS,-0.07535563244905381,0.17937716262979925,0.19986159169548592,0.221453287197237,374603.3244155994,0.07721728549213248,-0.2364628988850442,0.3188927335640138,4859806
276,17,MEGHALAYA,RI-BHOI,-0.07111111111111176,0.17937716262980574,0.1998615916954856,0.22145328719722446,251334.6646851773,0.08547860727093962,-0.2288965782391388,0.3188927335640138,2948155
658,17,MEGHALAYA,SOUTH WEST KHASI HILLS,-0.08882737408688968,0.16000000000001388,0.1860822760476953,0.2141330257593286,103452.6557994922,0.06417024105022129,-0.24415224913494812,0.33685505574778934,1617098
663,17,MEGHALAYA,SOUTH WEST GARO HILLS,-0.16000000000000492,0.1301653210303746,0.14769703960015756,0.1727950788158473,21857.70703020235,0.021130078683999687,-0.2599000384467512,0.2679584775086506,1037207
656,17,MEGHALAYA,NORTH GARO HILLS,-0.13016532103037187,0.16633602460592503,0.18608227604769173,0.20693579392541023,96706.08943126563,0.062499493725969704,-0.2519646289888504,0.29287197231833906,1552862
275,17,MEGHALAYA,WEST JAINTIA HILLS,-0.06698961937716377,0.16633602460590577,0.19291041906959716,0.22145328719722995,154899.7625018538,0.06967276856963797,-0.2679584775086506,0.34602076124567477,2229213
262,15,MIZORAM,CHAMPHAI,-0.016765716036974347,0.2441522491349476,0.2679584775086866,0.28444444444447065,614930.897190106,0.14850439809124016,-0.2364628988850442,0.36472126105344094,4148573
267,15,MIZORAM,SAIHA,-0.04158400615148072,0.22145328719721089,0.24415224913493147,0.267958477508657,233354.61500635993,0.12638218616183544,-0.2599000384467512,0.33685505574778934,1851831
264,15,MIZORAM,LAWNGTLAI,-0.029773164167628194,0.2288965782391177,0.24415224913492758,0.26795847750864316,394654.03097794694,0.13467119590949758,-0.28444444444444444,0.34602076124567477,2939881
268,15,MIZORAM,SERCHHIP,-0.005724654968932515,0.24415224913492495,0.2599000384467697,0.27613994617452486,265060.11831907585,0.15088369703336604,-0.2069357939254133,0.3553094963475586,1762727
263,15,MIZORAM,KOLASIB,-0.036932104872184034,0.22145328719720322,0.23646289888506178,0.2519646289888447,244448.30696747184,0.13404487704844148,-0.21413302575932336,0.33685505574778934,1828823
266,15,MIZORAM,MAMIT,-0.01296043472690225,0.22145328719720225,0.24415224913492392,0.2599000384467732,511274.6657024877,0.13668028499946258,-0.24415224913494812,0.3553094963475586,3748513
265,15,MIZORAM,LUNGLEI,-0.012954343369933244,0.23646289888503244,0.2599000384467402,0.27613994617454796,801930.3372434782,0.14579108633910956,-0.24415224913494812,0.3553094963475586,5509505
261,15,MIZORAM,AIZAWL,-0.016755585333026214,0.23646289888501149,0.2599000384467565,0.27613994617452775,572886.0341173052,0.14733938772799837,-0.22145328719723184,0.3553094963475586,3898664
613,13,NAGALAND,PAREN,-0.059115724721262176,0.21413302575928447,0.23646289888502647,0.25990003844677123,258951.0497575205,0.11463158413131645,-0.2288965782391388,0.34602076124567477,2264628
248,13,NAGALAND,PHEK,-0.04822760476739631,0.19291041906959686,0.22145328719721827,0.24415224913493305,224878.12861852717,0.0970394776393024,-0.21413302575932336,0.33685505574778934,2323275
250,13,NAGALAND,WOKHA,-0.025849416924911023,0.22889657823911605,0.24415224913492722,0.2599000384467604,267359.83658658294,0.13375525607240685,-0.22145328719723184,0.33685505574778934,2003896
244,13,NAGALAND,DIMAPUR,-0.11909265667050843,0.19986159169548806,0.2288965782391419,0.25196462898884525,62665.11248817441,0.06631341689306836,-0.2679584775086506,0.34602076124567477,949846
245,13,NAGALAND,KOHIMA,-0.04822760476739605,0.20693579392538433,0.22889657823911855,0.25196462898884475,179391.70553679176,0.11015863027608257,-0.2599000384467512,0.34602076124567477,1632851
614,13,NAGALAND,KIPHIRE,-0.06299115724721159,0.2069357939253853,0.23646289888499167,0.2599000384467694,134782.39342587575,0.0962327767330679,-0.2288965782391388,0.33685505574778934,1404480
251,13,NAGALAND,ZUNHEBOTO,-0.025836652056987982,0.206935793925381,0.2288965782391189,0.2441522491349307,223592.71350563574,0.11436975747613332,-0.2288965782391388,0.3278123798539023,1960862
246,13,NAGALAND,MOKOKCHUNG,-0.021062763063711118,0.2141330257592594,0.23646289888500066,0.2519646289888448,259527.7220704865,0.1298063909538889,-0.19986159169550174,0.3278123798539023,2005010
247,13,NAGALAND,MON,-0.04158400615148086,0.19986159169548415,0.21413302575927698,0.23646289888503427,283971.91061101423,0.1044748163710754,-0.24415224913494812,0.3188927335640138,2724066
249,13,NAGALAND,TUENSANG,-0.05536332179930723,0.19986159169548445,0.22145328719721985,0.24415224913493824,257796.00225026804,0.09723156498577636,-0.2364628988850442,0.33685505574778934,2656787
615,13,NAGALAND,LONGLENG,-0.02587883582385074,0.20693579392538494,0.22145328719721985,0.24415224913493955,84704.58672037242,0.11592030956656761,-0.2288965782391388,0.31009611687812383,734358
344,21,ODISHA,ANUGUL,-0.18608227604770164,0.09356401384082746,0.13016532103036477,0.16633602460592473,-216532.6333202951,-0.028406635062482814,-0.29287197231833906,0.28444444444444444,7634552
345,21,ODISHA,BOLANGIR (BALANGIR),-0.18608227604770394,0.025880940832674074,0.06698961937716427,0.11374086889657785,-566284.105327636,-0.07248712184368956,-0.3014225297962323,0.2599000384467512,7823364
346,21,ODISHA,BALASORE (BALESHWAR),-0.1998615916954846,0.005738633785557533,0.08882737408688222,0.1537870049980861,-439718.115955195,-0.0985762428402746,-0.3014225297962323,0.3014225297962323,4471001
347,21,ODISHA,BARAGARH,-0.1663360246059143,0.04158400615147884,0.08882737408688095,0.13016532103036832,-471554.0325464535,-0.06743873826657476,-0.2599000384467512,0.2761399461745483,7004326
348,21,ODISHA,BHADRAK,-0.20693579392538644,-0.055363321799307724,-0.01574778931180294,0.04484429065743884,-400306.8771807798,-0.13364326088492037,-0.3188927335640138,0.16000000000000003,3001803
350,21,ODISHA,CUTTACK,-0.21413302575928628,0.07972318339100994,0.1245674740484375,0.17279507881584757,-338309.9424331826,-0.07362602358532176,-0.31009611687812383,0.29287197231833906,4607070
351,21,ODISHA,DEOGARH,-0.17279507881585005,0.10340638216071676,0.1417301038062353,0.17279507881584838,-47871.239087693466,-0.013499390193340727,-0.2761399461745483,0.2679584775086506,3554240
352,21,ODISHA,DHENKANAL,-0.20693579392538478,0.09356401384082418,0.1417301038062369,0.1860822760476731,-281223.6771039157,-0.052786746262464296,-0.3553094963475586,0.3014225297962323,5335603
353,21,ODISHA,GAJAPATI,-0.1998615916954878,0.14173010380621182,0.16633602460592514,0.1929104190695802,85532.96652993544,0.01749907363275633,-0.3014225297962323,0.29287197231833906,4897594
354,21,ODISHA,GANJAM,-0.22145328719721494,0.11909265667051765,0.1537870049980858,0.1929104190695778,-508116.8117786242,-0.05105656125986047,-0.3188927335640138,0.3188927335640138,9965454
355,21,ODISHA,JAGATSINGHPUR,-0.20693579392539882,-0.02977316416762744,-9.405473229592713E-4,0.02712802768166132,-248621.67579423846,-0.1205153831338241,-0.29287197231833906,0.17279507881584008,2068255
356,21,ODISHA,JAJAPUR,-0.21413302575931611,0.016777966845820648,0.07535563244905849,0.14173010380623097,-348313.55972717,-0.10058999005228662,-0.3014225297962323,0.3014225297962323,3471072
357,21,ODISHA,JHARSUGUDA,-0.1793771626297512,0.03697384280523236,0.05173394848135027,0.08421376393694774,-148290.0478268449,-0.05950842147902433,-0.2679584775086506,0.2599000384467512,2499034
358,21,ODISHA,KALAHANDI,-0.17279507881585085,0.10851211072664883,0.14173010380623016,0.17937716262976136,-354346.6046689615,-0.03777576146418254,-0.28444444444444444,0.3014225297962323,9392589
359,21,ODISHA,KANDHAMAL,-0.15378700499808545,0.13016532103035786,0.1537870049980876,0.17937716262975528,137838.45926597808,0.014448941765242694,-0.2679584775086506,0.28444444444444444,9552404
360,21,ODISHA,KENDRAPARHA,-0.21413302575929385,0.008858131487889135,0.05536332179930776,0.08882737408688658,-348410.5893941927,-0.11536493239096017,-0.29287197231833906,0.19986159169550174,3027614
361,21,ODISHA,KEONJHAR (KENDUJHAR),-0.1727950788158163,0.09842368319877187,0.13588619761630538,0.16633602460592495,-224390.79945100762,-0.02251310648239587,-0.2761399461745483,0.29287197231833906,9980176
362,21,ODISHA,KHORDHA,-0.22145328719722035,0.07111111111111573,0.11909265667051516,0.16633602460592423,-323120.7378725797,-0.0943450967677481,-0.3188927335640138,0.29287197231833906,3436743
363,21,ODISHA,KORAPUT,-0.15999999999999298,0.10340638216072588,0.14173010380623163,0.17279507881584913,-180851.23088772624,-0.018266520243700998,-0.31009611687812383,0.3014225297962323,9916232
364,21,ODISHA,MALKANGIRI,-0.2141330257592939,0.06698961937716777,0.10340638216071102,0.13588619761629783,-459983.1538960737,-0.06763043230301041,-0.29287197231833906,0.2761399461745483,6811277
365,21,ODISHA,MAYURBHANJ,-0.16633602460587857,0.12456747404846862,0.16000000000000317,0.19291041906959727,-234354.3904314186,-0.018706264955307476,-0.28444444444444444,0.31009611687812383,12543165
366,21,ODISHA,NABARANGAPUR,-0.17937716262978531,-0.0017358809926098734,0.0369143375504322,0.08421376393694777,-560535.7573637089,-0.08668716611392138,-0.2599000384467512,0.2761399461745483,6477055
367,21,ODISHA,NAYAGARH,-0.1929104190695974,0.1358861976163014,0.16633602460592486,0.19986159169548948,-72033.26913752483,-0.015530061969021718,-0.3014225297962323,0.31009611687812383,4646759
368,21,ODISHA,NUAPARHA,-0.16633602460590077,0.051733948481349795,0.08882737408688211,0.12456747404843828,-251223.9656042715,-0.05480069361353166,-0.2599000384467512,0.2761399461745483,4592599
369,21,ODISHA,PURI,-0.2214532871972293,0.051733948481347075,0.06698961937717551,0.0797231833909636,-367467.6900990441,-0.08912129770038246,-0.33685505574778934,0.2288965782391388,4132506
370,21,ODISHA,RAYAGARHA,-0.17279507881584982,0.12456747404845978,0.153787004998087,0.17937716262975703,-10452.710607877558,-0.001202500535269484,-0.3188927335640138,0.29287197231833906,8707900
371,21,ODISHA,SAMBALPUR,-0.1727950788158502,0.08882737408689027,0.12456747404845432,0.1537870049980827,-185221.01549479077,-0.023213176448013028,-0.29287197231833906,0.2679584775086506,7991881
372,21,ODISHA,SUBARNAPUR,-0.1929104190695799,0.025877979387866883,0.05911572472126387,0.10340638216070754,-248605.4723696023,-0.0880288561415084,-0.2761399461745483,0.2679584775086506,2830803
373,21,ODISHA,SUNDARGARH,-0.159999999999998,0.09356401384083277,0.12456747404845546,0.15378700499808362,-240757.03346500394,-0.020549170422506972,-0.28444444444444444,0.29287197231833906,11732129
349,21,ODISHA,BAUDH (BAUDA),-0.19291041906960174,0.10851211072664624,0.14173010380624015,0.17279507881584835,-125075.61208684149,-0.03378746086652956,-0.29287197231833906,0.2761399461745483,3710015
598,34,PUDUCHERRY,KARAIKAL,-0.1860822760476719,0.004515213587689105,0.027128027681660834,0.0517339484813531,-12146.038940194077,-0.06710581997142624,-0.3188927335640138,0.16633602460592078,183071
599,34,PUDUCHERRY,MAHE,-0.23646289888504418,-0.07535563244905828,-0.05536332179930792,-0.029773164167627836,-1386.9102006318076,-0.13665898139743698,-0.33685505574778934,0.10340638216070744,10600
600,34,PUDUCHERRY,PUDUCHERRY,-0.19986159169550125,-0.005823062438549323,0.021084163254154468,0.04822760476739727,-27994.82358223904,-0.08214947000768906,-0.3278123798539023,0.17937716262975778,347013
601,34,PUDUCHERRY,YANAM,-0.2441522491349486,-0.009677747107371805,0.029773164167627823,0.07972318339100332,-4406.400457380962,-0.09988400387151856,-0.3278123798539023,0.186082276047674,44886
027,03,PUNJAB,AMRITSAR,-0.009646148976651848,0.11374086889656645,0.1301653210303568,0.14769703960015632,286069.6656289126,0.0815405179736181,-0.17937716262975778,0.33685505574778934,3515937
605,03,PUNJAB,BARNALA,0.024605920799692853,0.10851211072666245,0.11909265667052465,0.13588619761629692,143549.7831995036,0.07796456557111792,-0.14769703960015382,0.2519646289888504,1846179
028,03,PUNJAB,BATHINDA,0.008858131487889135,0.14173010380625187,0.15999999999998596,0.18608227604769295,410082.6472553624,0.09413363053555977,-0.1929104190695886,0.3014225297962323,4365070
029,03,PUNJAB,FARIDKOT,0.01777777777777752,0.11374086889658583,0.1301653210303635,0.14769703960015468,158544.11618053014,0.08378925738226387,-0.14769703960015382,0.3278123798539023,1896994
030,03,PUNJAB,FATEHGARH SAHIB,0.024605920799692954,0.1301653210303419,0.1417301038062185,0.1599999999999972,142642.76131464832,0.09563375526684191,-0.16000000000000003,0.29287197231833906,1496589
651,03,PUNJAB,FAZILKA,0.02603010154325666,0.20693579392537478,0.22889657823910137,0.2441522491349738,456078.7483936696,0.12284302476795547,-0.17279507881584008,0.33685505574778934,3719961
031,03,PUNJAB,FIROZPUR,0.017777777777777365,0.10851211072666236,0.12456747404845632,0.14769703960015257,228327.8637133704,0.07410351196914292,-0.16633602460592078,0.3188927335640138,3088898
032,03,PUNJAB,GURDASPUR,0.015747789311802898,0.11909265667053123,0.1301653210303677,0.15378700499808276,286824.32346359565,0.08391627964573811,-0.16633602460592078,0.31009611687812383,3424574
033,03,PUNJAB,HOSHIARPUR,0.01682545729005675,0.17279507881585096,0.20693579392539208,0.23646289888505767,496650.15822974127,0.11217579782347976,-0.1929104190695886,0.37425605536332185,4436125
034,03,PUNJAB,JALANDHAR,-0.004480835911856352,0.12456747404847233,0.13588619761631973,0.15378700499808387,292305.52445518336,0.08498071261766606,-0.186082276047674,0.2761399461745483,3448570
035,03,PUNJAB,KAPURTHALA,0.012056901191849365,0.11909265667052485,0.13588619761629733,0.15378700499807757,179536.63842629857,0.08430466791202644,-0.16000000000000003,0.31009611687812383,2138434
036,03,PUNJAB,LUDHIANA,-0.00681729630155333,0.11909265667053615,0.1301653210303413,0.14769703960016503,399361.7335194051,0.08339364424794551,-0.17937716262975778,0.3014225297962323,4796983
037,03,PUNJAB,MANSA,0.027128027681661487,0.13588619761634604,0.15378700499807482,0.17279507881584916,273622.9424432266,0.09795813571217636,-0.13016532103037293,0.3278123798539023,2800307
038,03,PUNJAB,MOGA,0.012056901191849309,0.09842368319873572,0.11374086889660011,0.13016532103037465,203122.2142732422,0.06958438589873756,-0.17937716262975778,0.29287197231833906,2925171
039,03,PUNJAB,SRI MUKTSAR SAHIB,0.027128027681661733,0.13016532103034006,0.14769703960016842,0.1663360246059249,310519.37371898623,0.09106481535870829,-0.16000000000000003,0.3188927335640138,3417177
040,03,PUNJAB,SHAHID BHAGAT SINGH NAGAR,0.027128027681661775,0.14173010380623072,0.16000000000001827,0.19291041906957795,162414.41929581316,0.09869822357214321,-0.13588619761630144,0.33685505574778934,1650822
662,03,PUNJAB,PATHANKOT,0.005854888260842155,0.1929104190696002,0.22889657823914916,0.25990003844674525,144769.13915342122,0.11561624246035435,-0.13588619761630144,0.36472126105344094,1257220
041,03,PUNJAB,PATIALA,0.008858131487889146,0.13588619761628737,0.1476970396001712,0.16633602460592464,431258.80849286757,0.10074155497953516,-0.17279507881584008,0.3188927335640138,4293984
042,03,PUNJAB,RUPNAGAR,0.025933256503207075,0.17937716262978864,0.2069357939253975,0.23646289888505564,221266.2057614552,0.12367578261974053,-0.16000000000000003,0.40359861591695495,1795740
043,03,PUNJAB,SANGRUR,0.027128027681661452,0.11909265667053308,0.130165321030366,0.1476970396001524,394343.4909702582,0.08473902306044905,-0.14769703960015382,0.2761399461745483,4664151
608,03,PUNJAB,SAS NAGAR (SAHIBZADA AJIT SINGH NAGAR),-0.0016611596697071109,0.17279507881585068,0.19291041906957473,0.22145328719723587,162561.1442029003,0.11474530854296744,-0.15378700499807765,0.37425605536332185,1423227
609,03,PUNJAB,TARN TARAN,0.0157477893118029,0.10851211072666603,0.12456747404845943,0.14769703960014943,244131.13851561298,0.07745963075241791,-0.16000000000000003,0.3014225297962323,3158113
086,08,RAJASTHAN,AJMER,-0.06299115724721122,0.11374086889659411,0.13588619761631013,0.1663360246059246,502663.09552788245,0.04768655495357038,-0.2364628988850442,0.37425605536332185,10557272
087,08,RAJASTHAN,ALWAR,-0.009641064004060524,0.19986159169562365,0.21413302575924925,0.244152249134932,1414745.8735288018,0.1341166245072096,-0.19986159169550174,0.37425605536332185,10566667
088,08,RAJASTHAN,BANSWARA,-0.09842368319876486,0.05173394848134623,0.0669896193771688,0.08882737408688354,-23296.684953807962,-0.004244499033450831,-0.2519646289888504,0.22145328719723184,5496965
089,08,RAJASTHAN,BARAN,-0.07111111111111627,0.10851211072666507,0.11909265667052812,0.14173010380622741,414976.56935791805,0.048187648260758636,-0.2519646289888504,0.3188927335640138,8624299
090,08,RAJASTHAN,BARMER,-0.03686586645974334,0.13588619761632603,0.15378700499805353,0.17937716262978506,2212667.852706212,0.0629269487620973,-0.19986159169550174,0.3278123798539023,35184293
091,08,RAJASTHAN,BHARATPUR,0.0017379803874696578,0.18608227604761926,0.19986159169548331,0.22145328719722052,879559.3641671155,0.13852331498037335,-0.17279507881584008,0.37425605536332185,6364210
092,08,RAJASTHAN,BHILWARA,-0.07972318339101027,0.09356401384084868,0.1137408688965793,0.13588619761630724,311494.06256995985,0.024029908439113824,-0.22145328719723184,0.3014225297962323,12977374
093,08,RAJASTHAN,BIKANER,0.07535563244905487,0.24415224913510494,0.25990003844683024,0.28444444444447586,7019218.9836625485,0.18338962978228146,-0.16633602460592078,0.41362552864282975,38299184
094,08,RAJASTHAN,BUNDI,-0.041584006151481105,0.13016532103033843,0.14769703960017017,0.17937716262976758,476377.6407981142,0.06671072494976135,-0.186082276047674,0.33685505574778934,7150747
095,08,RAJASTHAN,CHITTAURGARH,-0.06698961937716374,0.08882737408687362,0.10851211072665312,0.13588619761629817,322325.473939313,0.03354421555498121,-0.2288965782391388,0.28444444444444444,9628634
096,08,RAJASTHAN,CHURU,0.05911572472126149,0.24415224913513905,0.25990003844686976,0.2761399461745134,3139737.845505869,0.1789018544941115,-0.13588619761630144,0.39369473279507883,17570047
097,08,RAJASTHAN,DAUSA,-0.032541330257592115,0.16633602460584462,0.17937716262980305,0.19986159169548895,405273.42985625495,0.09486038058528996,-0.19986159169550174,0.36472126105344094,4282491
098,08,RAJASTHAN,DHAULPUR,-0.01676257554622624,0.1860822760476569,0.19986159169548473,0.22145328719723165,450748.0653930742,0.11898191002443469,-0.16633602460592078,0.37425605536332185,3796325
099,08,RAJASTHAN,DUNGARPUR,-0.1137408688965741,0.06299115724721115,0.08882737408688741,0.1137408688965746,-35760.257881674166,-0.007779434094158135,-0.22145328719723184,0.24415224913494812,4604348
101,08,RAJASTHAN,HANUMANGARH,0.06299115724721127,0.2519646289890579,0.2679584775087053,0.2844444444444765,2428357.283595685,0.19566724716026399,-0.16633602460592078,0.40359861591695495,12428490
102,08,RAJASTHAN,JAIPUR,-0.07535563244904792,0.1537870049980503,0.17937716262979134,0.206935793925396,951698.7416063902,0.06826024250117085,-0.2599000384467512,0.36472126105344094,13958482
103,08,RAJASTHAN,JAISALMER,0.005843565313250906,0.21413302575924234,0.2441522491350451,0.2679584775086981,6277617.243244866,0.13031933380910374,-0.17279507881584008,0.39369473279507883,48195167
104,08,RAJASTHAN,JALOR,-0.07111111111111677,0.11374086889659088,0.13588619761631981,0.16000000000000203,554604.4724398158,0.042287840335183936,-0.22145328719723184,0.3188927335640138,13130168
105,08,RAJASTHAN,JHALAWAR,-0.05173394848135415,0.09842368319875394,0.11374086889658766,0.13588619761630652,378760.61872480175,0.04874488823875379,-0.19986159169550174,0.29287197231833906,7785147
106,08,RAJASTHAN,JHUNJHUNUN,0.00172893520178986,0.19986159169552978,0.22145328719722673,0.23646289888504657,987020.1176025014,0.13178414411771147,-0.17279507881584008,0.3553094963475586,7500078
107,08,RAJASTHAN,JODHPUR,-0.0517339484813462,0.2069357939253728,0.22889657823909257,0.251964628988952,3099533.4775697575,0.10939300194016277,-0.2364628988850442,0.40359861591695495,28354930
108,08,RAJASTHAN,KARAULI,-0.0096423150087808,0.1860822760476791,0.19986159169548412,0.2288965782391487,719498.5048836246,0.11502620447508753,-0.16633602460592078,0.36472126105344094,6265890
100,08,RAJASTHAN,GANGANAGAR,0.09842368319876707,0.2761399461744036,0.29287197231837575,0.3100961168781186,3144651.6020384417,0.22479372349296697,-0.17937716262975778,0.40359861591695495,14004924
109,08,RAJASTHAN,KOTA,-0.05911572472126426,0.10340638216072719,0.12456747404845377,0.14769703960015662,305240.2860839995,0.04866347996020146,-0.2364628988850442,0.29287197231833906,6284796
110,08,RAJASTHAN,NAGAUR,-0.012941731774949936,0.17937716262981232,0.19291041906955325,0.2141330257592846,2305878.315115655,0.10335778962760286,-0.19986159169550174,0.36472126105344094,22328531
111,08,RAJASTHAN,PALI,-0.08421376393695403,0.10340638216073117,0.12456747404845842,0.15378700499808287,440604.67956547585,0.028726085997484076,-0.22145328719723184,0.3014225297962323,15355856
629,08,RAJASTHAN,PRATAPGARH,-0.07111111111111636,0.08421376393696439,0.09842368319877445,0.1190926566705113,146667.31107468068,0.027035919671835343,-0.22145328719723184,0.2364628988850442,5433909
112,08,RAJASTHAN,RAJ SAMAND,-0.07111111111111482,0.13016532103035483,0.1537870049980869,0.17937716262975748,272735.51698515174,0.04776511686055266,-0.19986159169550174,0.3014225297962323,5723908
113,08,RAJASTHAN,SAWAI MADHOPUR,-0.02107715444733383,0.17279507881584563,0.18608227604770766,0.21413302575933002,689397.5416306442,0.11030153724834449,-0.19986159169550174,0.36472126105344094,6261504
114,08,RAJASTHAN,SIKAR,-0.02105450473130028,0.179377162629817,0.19986159169548406,0.21413302575930387,1004933.7808990194,0.10325070650891642,-0.17279507881584008,0.3553094963475586,9747199
115,08,RAJASTHAN,SIROHI,-0.07972318339100606,0.11374086889659044,0.14769703960016375,0.17937716262976333,251428.7932765654,0.03983136548601283,-0.22145328719723184,0.31009611687812383,6321547
116,08,RAJASTHAN,TONK,-0.04158400615148107,0.14173010380625273,0.15378700499804218,0.17279507881585032,746185.5439173939,0.0834165726345844,-0.2069357939254133,0.3188927335640138,8958642
117,08,RAJASTHAN,UDAIPUR,-0.07535563244905043,0.11909265667052947,0.14173010380621917,0.1727950788158498,539593.9277282804,0.03758742770446829,-0.2519646289888504,0.3014225297962323,14373207
225,11,SIKKIM,EAST,-0.13016532103036685,0.1085121107266518,0.13016532103037465,0.15378700499808365,13376.845570163161,0.01135925977582714,-0.2679584775086506,0.2599000384467512,1180616
226,11,SIKKIM,NORTH,-0.1860822760476947,0.048227604767397694,0.07535563244904718,0.09842368319877337,-252304.94669809306,-0.04735105919476037,-0.3188927335640138,0.22145328719723184,5335204
227,11,SIKKIM,SOUTH,-0.11374086889657999,0.13588619761632015,0.16000000000000456,0.18608227604768793,34907.15262030162,0.0379727586499057,-0.28444444444444444,0.29287197231833906,922577
228,11,SIKKIM,WEST,-0.14769703960015837,0.11374086889661844,0.1417301038062033,0.16633602460592492,10159.560522329108,0.006732625444970545,-0.29287197231833906,0.2679584775086506,1512801
610,33,TAMIL NADU,ARIYALUR,-0.14173010380623724,0.03844675124952189,0.05911572472126485,0.07972318339100763,-73121.21340068606,-0.033161057283388556,-0.2679584775086506,0.22145328719723184,2209715
730,33,TAMIL NADU,CHENGALPATTU,-0.19986159169548917,0.009650281648108775,0.051733948481354944,0.10340638216070835,-234715.20175603338,-0.07525785845278943,-0.31009611687812383,0.3188927335640138,3125557
568,33,TAMIL NADU,CHENNAI,-0.20693579392541656,-0.055363321799307384,-0.032541330257593606,0.0016426745320018326,-43967.60574292571,-0.11470416981798645,-0.36472126105344094,0.14769703960015382,385506
569,33,TAMIL NADU,COIMBATORE,-0.16633602460592475,0.08882737408688392,0.13016532103037665,0.17279507881584916,-138566.3366071391,-0.025786414056735377,-0.33685505574778934,0.33685505574778934,5383851
570,33,TAMIL NADU,CUDDALORE,-0.16633602460592464,0.04484429065744532,0.07111111111111719,0.09842368319876638,-207094.2188712818,-0.04903051883574703,-0.3014225297962323,0.2364628988850442,4233341
571,33,TAMIL NADU,DHARMAPURI,-0.14173010380622794,0.11374086889658226,0.15378700499808506,0.1860822760476922,-89149.15400334913,-0.017341577687974577,-0.2679584775086506,0.3278123798539023,5150772
572,33,TAMIL NADU,DINDIGUL,-0.15378700499808245,0.13016532103037437,0.17279507881584957,0.22145328719723886,-11510.91151192622,-0.0016731941678772679,-0.37425605536332185,0.37425605536332185,6891183
573,33,TAMIL NADU,ERODE,-0.15378700499808431,0.0842137639369552,0.1245674740484571,0.1600000000000047,-142983.442863507,-0.02452839387107061,-0.29287197231833906,0.3188927335640138,5843263
574,33,TAMIL NADU,KANCHIPURAM,-0.20693579392540104,-0.012991955060343561,0.009641227890320072,0.04484429065743914,-181075.8796190223,-0.09042843629248079,-0.33685505574778934,0.2761399461745483,2010389
729,33,TAMIL NADU,KALLAKKURICHI,-0.16633602460592498,0.09356401384083805,0.15378700499807804,0.19986159169548606,-167171.6464617817,-0.04144294528257519,-0.29287197231833906,0.33685505574778934,4041352
575,33,TAMIL NADU,KANYAKUMARI,-0.1599999999999938,0.0935640138408234,0.13016532103037784,0.1663360246059245,-16730.542442220736,-0.008817131653229034,-0.3188927335640138,0.3188927335640138,1902020
576,33,TAMIL NADU,KARUR,-0.14173010380623258,0.02106105363029635,0.05536332179930681,0.11909265667051337,-154130.10519374197,-0.04663028787096942,-0.29287197231833906,0.36472126105344094,3313874
578,33,TAMIL NADU,MADURAI,-0.15378700499808468,0.13016532103037173,0.1860822760476956,0.23646289888505753,-73249.18852480376,-0.017409155331088923,-0.29287197231833906,0.37425605536332185,4217505
587,33,TAMIL NADU,NILGIRIS,-0.1929104190695863,0.06698961937716545,0.0935640138408236,0.12456747404843886,-103145.10690874605,-0.03719760800553417,-0.36472126105344094,0.2679584775086506,2779224
579,33,TAMIL NADU,NAGAPATTINAM,-0.14173010380623502,0.036926068868840756,0.059115724721263536,0.07972318339100433,-96941.81410383819,-0.03318953760424023,-0.3014225297962323,0.2288965782391388,2930267
580,33,TAMIL NADU,NAMAKKAL,-0.16000000000000345,0.08882737408688571,0.13588619761629586,0.1793771626297513,-149971.4792875153,-0.03847599381766306,-0.29287197231833906,0.31009611687812383,3905479
581,33,TAMIL NADU,PERAMBALUR,-0.14769703960016037,0.012955640936088787,0.10340638216070361,0.1860822760476894,-114448.99152693451,-0.05717095158011559,-0.2599000384467512,0.33685505574778934,2007167
582,33,TAMIL NADU,PUDUKKOTTAI,-0.16633602460592484,0.025865744274656568,0.0553633217993086,0.09842368319876697,-281226.39857777505,-0.053182443402514525,-0.28444444444444444,0.3278123798539023,5299699
583,33,TAMIL NADU,RAMANATHAPURAM,-0.13016532103036854,0.04484429065744784,0.06299115724721123,0.08421376393694563,-111758.83482499726,-0.024002721253447924,-0.2679584775086506,0.2519646289888504,4668989
731,33,TAMIL NADU,RANIPPETTAI,-0.18608227604768876,0.009652717126400505,0.0482276047673955,0.10340638216070604,-149035.1409890517,-0.07024077471885204,-0.29287197231833906,0.28444444444444444,2128423
584,33,TAMIL NADU,SALEM,-0.16000000000001194,0.1190926566705197,0.15378700499808642,0.1860822760476848,-107349.98239543231,-0.015660244214161012,-0.3014225297962323,0.3188927335640138,6871944
585,33,TAMIL NADU,SIVAGANGA,-0.1793771626297673,0.02107243712812626,0.04822760476739457,0.08882737408688814,-291027.6007895425,-0.06044778833956783,-0.28444444444444444,0.3014225297962323,4827074
588,33,TAMIL NADU,TENI,-0.13016532103037873,0.1600000000000101,0.19986159169548817,0.236462898885057,86637.64626859593,0.026625270707298074,-0.31009611687812383,0.37425605536332185,3260399
733,33,TAMIL NADU,TENKASI,-0.1034063821607044,0.10851211072664473,0.15999999999999623,0.21413302575932958,33629.86803228468,0.010570063372660612,-0.2519646289888504,0.36472126105344094,3188221
586,33,TAMIL NADU,THANJAVUR,-0.14173010380623458,0.0669896193771675,0.09842368319877343,0.1245674740484458,-87938.81166454643,-0.022562750451588943,-0.29287197231833906,0.2679584775086506,3908681
590,33,TAMIL NADU,THIRUVARUR,-0.13016532103036857,0.03692593257876907,0.059115724721264085,0.08421376393694698,-79551.35357347896,-0.030878797443105288,-0.3014225297962323,0.24415224913494812,2584269
591,33,TAMIL NADU,TIRUCHIRAPALLI,-0.1537870049980856,0.06698961937716243,0.13016532103036987,0.19291041906957568,-204223.83568254422,-0.03991166866618932,-0.29287197231833906,0.37425605536332185,5131417
592,33,TAMIL NADU,TIRUNELVELI,-0.11374086889657525,0.11909265667051924,0.17279507881584932,0.22145328719721882,61640.58156220761,0.014039825597577169,-0.3014225297962323,0.37425605536332185,4398780
634,33,TAMIL NADU,TIRUPPUR,-0.14769703960016584,0.05536332179930723,0.08882737408688883,0.13016532103037734,-235669.46601273358,-0.03983849388210484,-0.28444444444444444,0.3014225297962323,5928070
732,33,TAMIL NADU,TIRUPPATTUR,-0.1727950788158492,0.11909265667052282,0.1476970396001665,0.1793771626297515,-30919.136720765116,-0.012757417651426685,-0.3014225297962323,0.31009611687812383,2429659
589,33,TAMIL NADU,TIRUVALLUR,-0.20693579392539793,0.012975368314036178,0.0517339484813539,0.1085121107266458,-304440.2498368633,-0.08208714470808233,-0.3188927335640138,0.28444444444444444,3721243
593,33,TAMIL NADU,TIRUVANNAMALAI,-0.17279507881584974,0.08421376393695551,0.130165321030367,0.1727950788158498,-293981.9516680081,-0.04156423835968856,-0.3014225297962323,0.3188927335640138,7086228
594,33,TAMIL NADU,TUTICORIN,-0.10340638216070712,0.06299115724721119,0.08882737408688991,0.13016532103037506,-19208.616469023567,-0.003580964958212773,-0.29287197231833906,0.31009611687812383,5373009
595,33,TAMIL NADU,VELLORE,-0.1727950788158489,0.1301653210303745,0.15999999999999592,0.19291041906957523,-17384.800910879778,-0.007191600411516636,-0.31009611687812383,0.31009611687812383,2425418
596,33,TAMIL NADU,VILLUPURAM,-0.18608227604769334,0.01677122817733333,0.05911572472126333,0.12456747404844792,-263977.31126319675,-0.06306096770580706,-0.3188927335640138,0.31009611687812383,4197052
597,33,TAMIL NADU,VIRUDHUNAGAR,-0.1301653210303657,0.051733948481351745,0.10340638216070337,0.17279507881584905,-126460.03463514808,-0.02631222524095053,-0.2599000384467512,0.37425605536332185,4816093
577,33,TAMIL NADU,KRISHNAGIRI,-0.16633602460592486,0.04484429065743845,0.07972318339100769,0.11909265667050935,-281152.47180820466,-0.04782301165656019,-0.3014225297962323,0.2679584775086506,5891097
501,36,TELANGANA,ADILABAD,-0.14769703960016534,-0.006835316393952731,0.024605920799692448,0.059115724721262954,-306527.46067011094,-0.06472458847037219,-0.28444444444444444,0.186082276047674,4743469
507,36,TELANGANA,HYDERABAD,-0.21413302575932808,-0.0984236831987671,-0.07535563244905957,-0.05173394848135356,-33344.25765870219,-0.1487765753972782,-0.3188927335640138,0.07972318339100345,225991
508,36,TELANGANA,KARIMNAGAR,-0.17937716262978476,-0.016820172891714565,-0.0017839139757561723,0.016729579422020996,-173809.16955170227,-0.07368566365651541,-0.31009611687812383,0.21413302575932336,2364683
690,36,TELANGANA,BHADRADRI KOTHAGUDEM,-0.18608227604769095,0.08882737408688449,0.12456747404845392,0.1599999999999991,-219253.85672635923,-0.027068286267971663,-0.3014225297962323,0.3014225297962323,8112200
512,36,TELANGANA,MAHABUBNAGAR,-0.18608227604769867,-0.03254133025759243,-0.006840260781510419,0.02712802768166149,-315406.48582344525,-0.09646912867845205,-0.2761399461745483,0.186082276047674,3277821
692,36,TELANGANA,SIDDIPET,-0.16000000000000678,-0.012996237979745837,0.005732584926174738,0.029773164167627687,-317153.40600493853,-0.07283691009382712,-0.2761399461745483,0.2288965782391388,4362172
514,36,TELANGANA,NALGONDA,-0.18608227604770108,-0.01297969393679131,0.005680547106384416,0.0369075700398853,-688606.8465569803,-0.08187119008705768,-0.3014225297962323,0.2069357939254133,8420108
516,36,TELANGANA,NIZAMABAD,-0.16633602460592484,0.005731655029552191,0.02108209017997562,0.03675917138195171,-288027.8827281606,-0.057990986232039715,-0.3278123798539023,0.1929104190695886,4973584
518,36,TELANGANA,RANGAREDDY,-0.17279507881585016,-0.02977316416762874,-0.005810409392963569,0.021051561996508452,-527591.0665137667,-0.09030937403648102,-0.3014225297962323,0.19986159169550174,5852435
720,36,TELANGANA,MULUGU,-0.17937716262975542,0.07972318339101334,0.10851211072664713,0.1417301038062349,-76817.64749061519,-0.015219516228394715,-0.2761399461745483,0.28444444444444444,5054976
695,36,TELANGANA,JOGULAMBA GADWAL,-0.1727950788158496,-0.017777777777779176,-9.217263532087966E-4,0.01777777777777733,-230154.5468124173,-0.07694296031712619,-0.28444444444444444,0.16000000000000003,2996596
699,36,TELANGANA,KUMURAM BHEEM,-0.17279507881584966,0.009655796995081295,0.03692458049422752,0.07111111111111168,-364915.665522999,-0.06794327252556659,-0.29287197231833906,0.2288965782391388,5379788
684,36,TELANGANA,MANCHERIAL,-0.1998615916954882,0.012967466906791366,0.036912481689175894,0.06299115724721138,-353204.5861130293,-0.07753934044562297,-0.31009611687812383,0.22145328719723184,4563416
680,36,TELANGANA,NIRMAL,-0.17937716262976505,-0.004498931111881616,0.013840830449826837,0.03254133025759237,-316416.0998076404,-0.07206012608018171,-0.28444444444444444,0.17937716262975778,4400168
685,36,TELANGANA,KAMAREDDY,-0.17279507881584996,-0.017777777777779155,-0.002652117436389174,0.015747789311802887,-347443.62828541413,-0.07881549547278183,-0.29287197231833906,0.186082276047674,4417377
691,36,TELANGANA,SANGAREDDY,-0.17937716262977438,-0.04158400615148125,-0.024605920799691837,-0.006848498578801406,-504123.5632235133,-0.09652892800719973,-0.28444444444444444,0.16633602460592078,5234286
694,36,TELANGANA,NAGARKURNOOL,-0.16000000000001302,0.019930795847752033,0.048227604767397965,0.08421376393694713,-412347.7573319648,-0.057105871224041434,-0.2761399461745483,0.21413302575932336,7230954
693,36,TELANGANA,WANAPARTHY,-0.17937716262978265,-0.017777777777778243,0.010396001537870196,0.03844675124952047,-222880.89154541006,-0.08782653251841617,-0.2761399461745483,0.17279507881584008,2543857
721,36,TELANGANA,NARAYANPET,-0.18608227604769453,-0.03844675124952148,-0.017777777777777604,0.006809411959668759,-281614.30856801575,-0.10031698109021808,-0.28444444444444444,0.16000000000000003,2813898
698,36,TELANGANA,VIKARABAD,-0.17937716262977843,-0.048227604767400685,-0.02977316416762708,-0.00448586076698045,-440690.4154104532,-0.10168714626669421,-0.29287197231833906,0.17279507881584008,4341820
700,36,TELANGANA,MEDCHAL-MALKAJGIRI,-0.19291041906957254,-0.03703622493057942,-0.016819225945541628,0.009635482282338563,-128423.07311772997,-0.10193123316030735,-0.33685505574778934,0.16633602460592078,1263977
697,36,TELANGANA,YADADRI BHUVANAGIRI,-0.16633602460592506,-0.005824276651729182,0.012951423249081218,0.036889571552501166,-282357.8756084156,-0.07467728162732964,-0.28444444444444444,0.22145328719723184,3788544
696,36,TELANGANA,SURYAPET,-0.19291041906959816,-0.02977316416763052,-0.013011454843563355,0.005699393320028221,-366343.32024467527,-0.08721010990713761,-0.3014225297962323,0.2364628988850442,4207558
509,36,TELANGANA,KHAMMAM,-0.22145328719728788,0.02105835456236143,0.07111111111111552,0.12456747404844254,-422148.84693862445,-0.07715584221189846,-0.31009611687812383,0.2679584775086506,5483474
688,36,TELANGANA,MAHABUBABAD,-0.1860822760476899,0.051733948481347464,0.08882737408688747,0.12456747404844513,-209539.74357906074,-0.05045830007841765,-0.29287197231833906,0.2761399461745483,4159758
689,36,TELANGANA,JANGAON,-0.17279507881584932,-0.009681591855979287,0.005722165707219591,0.029773164167628596,-211988.56176095916,-0.07457043724058181,-0.2679584775086506,0.2364628988850442,2848930
686,36,TELANGANA,WARANGAL (URBAN),-0.17937716262975165,-0.01300666039490117,0.005723418977573972,0.041584006151480564,-105103.40286465557,-0.07685236102832128,-0.2761399461745483,0.2364628988850442,1371299
522,36,TELANGANA,WARANGAL (RURAL),-0.1929104190695805,-0.012998568806183873,0.005714438708740264,0.02977316416762836,-210794.9811001476,-0.0802907105272511,-0.31009611687812383,0.2288965782391388,2631366
687,36,TELANGANA,JAYASHANKAR BHUPALAPALLY,-0.1860822760476896,0.0482276047674006,0.07111111111111691,0.09842368319876692,-150281.2142141345,-0.044386376586426024,-0.28444444444444444,0.2599000384467512,3392864
682,36,TELANGANA,PEDDAPALLI,-0.1793771626297511,0.0016761104385008662,0.036940466823847655,0.08421376393694546,-191243.64772527842,-0.07395355325864575,-0.3014225297962323,0.24415224913494812,2590845
681,36,TELANGANA,JAGTIAL,-0.17279507881584955,-0.006845974485925528,0.02220684352172215,0.0591157247212625,-242329.0176573441,-0.07117089099998812,-0.28444444444444444,0.186082276047674,3410637
683,36,TELANGANA,RANJANNA SIRCILLA,-0.1663360246059247,-0.006850328863452901,0.008858131487889371,0.0354325259515565,-145412.5015774505,-0.06829645036219689,-0.2761399461745483,0.19986159169550174,2133794
513,36,TELANGANA,MEDAK,-0.17279507881584957,-0.02220684352172173,-0.004505036299792757,0.019930795847751023,-265428.58806128637,-0.08225493877623938,-0.2761399461745483,0.17937716262975778,3235035
269,16,TRIPURA,DHALAI,-0.11909265667051218,0.16633602460589206,0.1860822760477064,0.20693579392539432,191224.5108468821,0.06875945435488263,-0.2599000384467512,0.3188927335640138,2787504
654,16,TRIPURA,GOMATI,-0.1301653210303684,0.14173010380623544,0.166336024605925,0.18608227604768202,81714.37370757309,0.0414727858739696,-0.2761399461745483,0.31009611687812383,1976295
652,16,TRIPURA,KHOWAI,-0.15378700499807882,0.14173010380624057,0.1663360246059247,0.19291041906957823,37761.09621861315,0.029406130840713137,-0.28444444444444444,0.28444444444444444,1288086
270,16,TRIPURA,NORTH TRIPURA,-0.10851211072664724,0.17279507881585016,0.1998615916954887,0.22145328719723947,108516.8322960276,0.06596340760589507,-0.22145328719723184,0.3188927335640138,1650811
653,16,TRIPURA,SEPAHIJALA,-0.1537870049980763,0.08421376393694667,0.10851211072664309,0.13588619761630175,-10868.234244742933,-0.00842826313855532,-0.2679584775086506,0.2519646289888504,1294414
271,16,TRIPURA,SOUTH TRIPURA,-0.13588619761630152,0.12456747404845374,0.1476970396001574,0.17279507881584685,43816.44887084744,0.02468388816540216,-0.2761399461745483,0.2679584775086506,1781389
655,16,TRIPURA,UNOKOTI,-0.1301653210303637,0.13016532103037304,0.15999999999999628,0.18608227604767386,23809.583824260342,0.028231863302236867,-0.2519646289888504,0.28444444444444444,846595
272,16,TRIPURA,WEST TRIPURA,-0.16000000000000206,0.10340638216071807,0.13588619761629667,0.1599999999999998,-5593.290821772758,-0.004858170056359883,-0.28444444444444444,0.28444444444444444,1154860
118,09,UTTAR PRADESH,AGRA,-0.025866922078427737,0.172795078815744,0.1860822760476573,0.19986159169548673,578528.5448847521,0.1141321087235213,-0.1929104190695886,0.33685505574778934,5084762
119,09,UTTAR PRADESH,ALIGARH,0.006839168087359897,0.15378700499798853,0.16633602460585767,0.17937716262977607,534328.2837150398,0.11403059056634418,-0.17279507881584008,0.31009611687812383,4695914
121,09,UTTAR PRADESH,AMBEDKARNAGAR,-0.09356401384082536,0.04484429065744727,0.06299115724721123,0.08882737408688965,-5994.493240035321,-0.002066883742534725,-0.21413302575932336,0.2519646289888504,2907631
640,09,UTTAR PRADESH,AMETHI,-0.09356401384082653,0.05173394848134631,0.07111111111111713,0.08882737408688346,12629.013889615298,0.00418265640999282,-0.2288965782391388,0.2288965782391388,3027141
154,09,UTTAR PRADESH,AMROHA,-0.006814752979384796,0.13588619761633983,0.14769703960017092,0.17279507881584866,257763.653092127,0.0824054372225849,-0.12456747404844293,0.3014225297962323,3135410
122,09,UTTAR PRADESH,AURAIYA,-0.027128027681661688,0.13016532103033696,0.1417301038062436,0.16000000000001569,196586.17607390787,0.0780312318456937,-0.16633602460592078,0.2761399461745483,2525028
123,09,UTTAR PRADESH,AZAMGARH,-0.10340638216071046,0.044844290657449104,0.059115724721260136,0.07972318339100729,-26099.970898432628,-0.004986645458686001,-0.24415224913494812,0.2599000384467512,5243512
133,09,UTTAR PRADESH,BUDAUN,-0.015747789311802905,0.14173010380625378,0.14769703960017772,0.1663360246059249,517462.28827964823,0.0961925438681488,-0.186082276047674,0.31009611687812383,5388312
124,09,UTTAR PRADESH,BAGHPAT,-0.010396001537870056,0.1417301038062263,0.1537870049980878,0.1663360246059247,160868.33445879453,0.09534993564961267,-0.16000000000000003,0.31009611687812383,1691561
125,09,UTTAR PRADESH,BAHRAICH,-0.084213763936946,0.08882737408687526,0.1137408688965735,0.1476970396001557,179656.8746752563,0.02882482938089315,-0.22145328719723184,0.31009611687812383,6244557
126,09,UTTAR PRADESH,BALLIA,-0.11374086889657531,0.08421376393695489,0.10851211072664482,0.13016532103036768,42464.25425154188,0.01144933861477923,-0.2599000384467512,0.2761399461745483,3717530
127,09,UTTAR PRADESH,BALRAMPUR,-0.10851211072665368,0.07111111111111824,0.0935640138408229,0.11909265667050946,-12845.573923981097,-0.0030558733826047575,-0.22145328719723184,0.31009611687812383,4212204
128,09,UTTAR PRADESH,BANDA,-0.06698961937716481,0.08882737408689713,0.10340638216071968,0.12456747404844071,163456.54429427235,0.029700921519773892,-0.24415224913494812,0.3188927335640138,5516307
129,09,UTTAR PRADESH,BARABANKI,-0.0669896193771619,0.09842368319875178,0.11374086889657468,0.13588619761629983,223927.91514407768,0.04654122426821568,-0.1929104190695886,0.3014225297962323,4821092
130,09,UTTAR PRADESH,BAREILLY,-0.03685986319225373,0.11374086889657492,0.13016532103034917,0.14769703960016073,319606.86316542316,0.061146278470614525,-0.19986159169550174,0.3188927335640138,5236856
131,09,UTTAR PRADESH,BASTI,-0.10851211072664213,0.03844675124952138,0.06299115724721129,0.11374086889657585,-58257.95187362196,-0.016727410818867708,-0.2288965782391388,0.2679584775086506,3489747
179,09,UTTAR PRADESH,BHADOHI,-0.1085121107266425,0.044844290657447834,0.059115724721264515,0.07972318339100397,-8206.240291650469,-0.0065488150473472315,-0.2364628988850442,0.2364628988850442,1258326
132,09,UTTAR PRADESH,BIJNOR,0.004510638313231769,0.12456747404846986,0.14173010380623008,0.17279507881584794,450933.9423997704,0.0765643846970818,-0.13588619761630144,0.3188927335640138,5897437
134,09,UTTAR PRADESH,BULANDSHAHR,0.01574778931180291,0.15378700499800954,0.1663360246058989,0.1860822760476838,503201.8649910677,0.11288150978887516,-0.16633602460592078,0.3188927335640138,4465675
135,09,UTTAR PRADESH,CHANDAULI,-0.11374086889657485,0.0629911572472112,0.09842368319876806,0.13588619761629794,-28241.805727948617,-0.008987474547103087,-0.2519646289888504,0.29287197231833906,3149762
136,09,UTTAR PRADESH,CHITRAKOOT,-0.07972318339100856,0.10340638216072577,0.13016532103036776,0.16633602460592425,146116.45791324394,0.037115379146258475,-0.22145328719723184,0.29287197231833906,3947058
137,09,UTTAR PRADESH,DEORIA,-0.10340638216070401,0.05536332179930272,0.07535563244905163,0.09842368319876858,6076.521774825343,0.0019231200788078454,-0.24415224913494812,0.2599000384467512,3167421
140,09,UTTAR PRADESH,AYODHYA,-0.10340638216071012,0.059115724721261115,0.08421376393694553,0.11909265667050996,-6973.659814113928,-0.002077974358336732,-0.24415224913494812,0.29287197231833906,3363207
138,09,UTTAR PRADESH,ETAH,-0.01574778931180291,0.13016532103034298,0.1417301038062224,0.15378700499808387,264537.4881644328,0.08680843026017701,-0.17279507881584008,0.2519646289888504,3057112
139,09,UTTAR PRADESH,ETAWAH,-0.0297731641676284,0.14173010380623072,0.16000000000001233,0.17279507881584955,243877.0036984886,0.08392774474187636,-0.17279507881584008,0.2761399461745483,2912455
141,09,UTTAR PRADESH,FARRUKHABAD,-0.025844467091514854,0.14769703960017966,0.1600000000000082,0.1793771626297568,256846.33114182038,0.09376028253299368,-0.2069357939254133,0.3278123798539023,2746061
142,09,UTTAR PRADESH,FATEHPUR,-0.0669896193771629,0.08421376393696556,0.09842368319877089,0.11374086889657432,196089.16181470285,0.03792508470049095,-0.22145328719723184,0.2679584775086506,5179341
143,09,UTTAR PRADESH,FIROZABAD,-0.01574778931180293,0.14769703960017216,0.15999999999999387,0.17279507881585063,298654.6207176631,0.09839694851598267,-0.15378700499807765,0.29287197231833906,3043033
144,09,UTTAR PRADESH,GAUTAMBUDHNAGAR,-0.010396001537870157,0.15378700499804915,0.16633602460592017,0.17937716262975176,180718.93142553588,0.10080832201841618,-0.16000000000000003,0.31009611687812383,1799130
146,09,UTTAR PRADESH,GAZIPUR,-0.10851211072664205,0.04484429065745035,0.06299115724721505,0.08882737408688672,-22770.17126140096,-0.005443574009465228,-0.2519646289888504,0.2364628988850442,4191005
145,09,UTTAR PRADESH,GHAZIABAD,-0.027128027681661664,0.14769703960017122,0.16000000000001696,0.1727950788158483,102797.73021916559,0.08862067133749421,-0.17279507881584008,0.28444444444444444,1164347
147,09,UTTAR PRADESH,GONDA,-0.12456747404845997,0.05173394848134628,0.06698961937717049,0.08882737408688691,-99292.41233413869,-0.019906087445606926,-0.2364628988850442,0.28444444444444444,4997607
148,09,UTTAR PRADESH,GORAKHPUR,-0.09842368319877666,0.07972318339101604,0.09842368319877108,0.12456747404844618,56308.240027364416,0.013546469639535687,-0.2599000384467512,0.2599000384467512,4167218
149,09,UTTAR PRADESH,HAMIRPUR,-0.03844675124951926,0.10340638216074108,0.1137408688965992,0.13016532103037132,290182.3542434477,0.06012736468074176,-0.2069357939254133,0.28444444444444444,4836349
661,09,UTTAR PRADESH,HAPUR,0.012056901191849377,0.15999999999998818,0.1727950788158506,0.1929104190695755,153455.38096582258,0.10801924387362882,-0.14769703960015382,0.3014225297962323,1425629
150,09,UTTAR PRADESH,HARDOI,-0.06299115724721129,0.11909265667053114,0.13016532103033912,0.15378700499808573,413471.024525693,0.05499846637930827,-0.22145328719723184,0.31009611687812383,7529334
163,09,UTTAR PRADESH,HATHRAS,0.006842788246465148,0.16633602460583558,0.17279507881584302,0.18608227604770736,258164.12200796348,0.11508874661367169,-0.17937716262975778,0.2599000384467512,2250134
151,09,UTTAR PRADESH,JALAUN,-0.02105687416453818,0.11909265667053057,0.1358861976163184,0.1537870049980838,396480.0854582229,0.06992261400948652,-0.21413302575932336,0.29287197231833906,5680240
152,09,UTTAR PRADESH,JAUNPUR,-0.10340638216070491,0.05536332179930026,0.06698961937717178,0.08421376393694843,-1178.43212566425,-2.3579158096551225E-4,-0.24415224913494812,0.21413302575932336,5008032
153,09,UTTAR PRADESH,JHANSI,-0.05173394848135075,0.09842368319874568,0.11374086889658842,0.13016532103036782,308688.80405689066,0.049709947397440606,-0.2288965782391388,0.28444444444444444,6229627
155,09,UTTAR PRADESH,KANNAUJ,-0.017777777777777486,0.1476970396000813,0.15999999999995398,0.17279507881585088,254144.6296208562,0.09709238106412837,-0.16633602460592078,0.3014225297962323,2623727
157,09,UTTAR PRADESH,KANPUR,-0.08421376393694338,0.10851211072665809,0.12456747404845706,0.1417301038062386,179408.9345747165,0.04804449455028972,-0.24415224913494812,0.3014225297962323,3743531
156,09,UTTAR PRADESH,KANPUR DEHAT,-0.035432525951557506,0.12456747404847734,0.13588619761634657,0.1476970396001712,277684.58102605416,0.0705789823914321,-0.186082276047674,0.2761399461745483,3941798
633,09,UTTAR PRADESH,KASGANJ,-0.022206843521722416,0.13588619761634496,0.14769703960016892,0.16633602460592448,220304.34775169735,0.08922362738584415,-0.14769703960015382,0.3014225297962323,2475748
158,09,UTTAR PRADESH,KAUSHAMBI,-0.07972318339100361,0.07972318339101762,0.0935640138408221,0.11374086889657554,65475.75610543816,0.02959016364781716,-0.19986159169550174,0.2599000384467512,2218096
159,09,UTTAR PRADESH,KHERI,-0.08421376393694656,0.07972318339101499,0.11374086889657442,0.16000000000000106,157292.86195622472,0.016175647172146534,-0.22145328719723184,0.31009611687812383,9738027
160,09,UTTAR PRADESH,KUSHINAGAR,-0.10340638216070835,0.02977316416762857,0.05536332179930835,0.09842368319877148,-66727.0593188242,-0.01855922356384886,-0.2519646289888504,0.24415224913494812,3604253
161,09,UTTAR PRADESH,LALITPUR,-0.05536332179930883,0.10340638216074029,0.11909265667052592,0.1358861976162974,349546.4722854591,0.05642873417132692,-0.17937716262975778,0.28444444444444444,6203252
162,09,UTTAR PRADESH,LUCKNOW,-0.10851211072665586,0.09842368319874235,0.11909265667052787,0.13588619761632068,70998.14567678385,0.022447599044859018,-0.2679584775086506,0.2599000384467512,3170059
165,09,UTTAR PRADESH,MAHOBA,-0.04484429065743851,0.098423683198743,0.1085121107266578,0.12456747404845102,213719.6250075165,0.052972728391342636,-0.22145328719723184,0.29287197231833906,4045255
166,09,UTTAR PRADESH,MAINPURI,-0.03543252595155733,0.1190926566705351,0.1301653210303433,0.14769703960016456,247869.55579008374,0.0721714604905365,-0.16633602460592078,0.2519646289888504,3441554
167,09,UTTAR PRADESH,MATHURA,-0.005722912379815956,0.15999999999993642,0.17279507881582276,0.18608227604770652,488877.54537898646,0.11624401284216462,-0.186082276047674,0.3278123798539023,4213749
168,09,UTTAR PRADESH,MAU,-0.11374086889657545,0.0415840061514813,0.05911572472126454,0.09356401384082978,-17705.44505675445,-0.008213120099738475,-0.2679584775086506,0.2599000384467512,2161729
169,09,UTTAR PRADESH,MEERUT,-0.002640916770820868,0.14769703960016878,0.15999999999999912,0.18608227604768635,315586.4384795935,0.09540893979552237,-0.186082276047674,0.31009611687812383,3314219
170,09,UTTAR PRADESH,MIRZAPUR,-0.09356401384082455,0.07535563244904486,0.09842368319877223,0.1301653210303678,40192.815579883434,0.007393098770364944,-0.2599000384467512,0.29287197231833906,5447558
171,09,UTTAR PRADESH,MORADABAD,-0.01205690119184896,0.12456747404847761,0.13588619761634424,0.1537870049980856,200081.25951023135,0.08062609843523504,-0.15378700499807765,0.3188927335640138,2489342
172,09,UTTAR PRADESH,MUZAFFARNAGAR,0.0068620168518683375,0.13588619761634715,0.14769703960017208,0.1663360246059249,314704.08634173014,0.08979247246412933,-0.15378700499807765,0.28444444444444444,3511799
173,09,UTTAR PRADESH,PILIBHIT,-0.06299115724721137,0.10340638216072508,0.12456747404845074,0.16633602460592398,203304.0764758681,0.0425530340078741,-0.2069357939254133,0.31009611687812383,4788939
174,09,UTTAR PRADESH,PRATAPGARH,-0.09356401384082494,0.06698961937717289,0.08421376393695745,0.10340638216071216,44415.14172353417,0.00964819508896915,-0.24415224913494812,0.2599000384467512,4613609
175,09,UTTAR PRADESH,RAIBEARELI,-0.08421376393694563,0.07535563244906153,0.08882737408687762,0.10851211072664904,81072.42826602024,0.016591121482742444,-0.21413302575932336,0.2761399461745483,4896223
176,09,UTTAR PRADESH,RAMPUR,-0.002634780968962928,0.1301653210303291,0.1417301038062374,0.15378700499808617,263121.9699135571,0.08737718283936861,-0.17279507881584008,0.28444444444444444,3018922
177,09,UTTAR PRADESH,SAHARANPUR,0.009685440290203217,0.16633602460586336,0.186082276047708,0.21413302575932094,498180.1673007203,0.10415479922743077,-0.16000000000000003,0.34602076124567477,4790695
659,09,UTTAR PRADESH,SAMBHAL,0.00451367926061451,0.1417301038062851,0.1476970396001316,0.1600000000000124,311079.74316044076,0.10098982007162027,-0.14173010380622836,0.3014225297962323,3088314
178,09,UTTAR PRADESH,SANTKABIRNAGAR,-0.08421376393694734,0.06698961937716845,0.08421376393694405,0.11374086889657689,28118.538292040168,0.01370858397278504,-0.2069357939254133,0.2519646289888504,2058853
180,09,UTTAR PRADESH,SHAHJAHANPUR,-0.036866710832101586,0.11374086889657772,0.13016532103035,0.15378700499808362,346726.8950492366,0.0636251490554611,-0.186082276047674,0.3278123798539023,5462736
660,09,UTTAR PRADESH,SHAMLI,0.010396001537870136,0.1417301038062364,0.15378700499808742,0.17279507881584732,165031.99998551217,0.10192818629938286,-0.16633602460592078,0.3014225297962323,1623202
181,09,UTTAR PRADESH,SHRAWASTI,-0.08421376393694906,0.0797231833910165,0.09842368319877559,0.12456747404843847,61765.1052115717,0.02538491564207193,-0.22145328719723184,0.29287197231833906,2439319
182,09,UTTAR PRADESH,SIDDHARTHNAGAR,-0.08421376393694671,0.05173394848134746,0.07111111111111704,0.09842368319876799,6421.767322426362,0.0017677572053475523,-0.21413302575932336,0.2599000384467512,3640380
183,09,UTTAR PRADESH,SITAPUR,-0.07535563244905386,0.07972318339101837,0.09842368319876996,0.11909265667051143,136247.6683227797,0.018872829708336963,-0.19986159169550174,0.28444444444444444,7230057
184,09,UTTAR PRADESH,SONBHADRA,-0.08421376393694643,0.11374086889657796,0.13588619761632353,0.17279507881584932,236301.2007000212,0.028001095932741426,-0.2519646289888504,0.3014225297962323,8450002
185,09,UTTAR PRADESH,SULTANPUR,-0.09356401384082608,0.05911572472125326,0.07535563244904726,0.09842368319876636,15895.507046669485,0.004777732622034527,-0.2364628988850442,0.21413302575932336,3335749
186,09,UTTAR PRADESH,UNNAO,-0.07111111111111416,0.10340638216073599,0.11909265667052528,0.13588619761630027,255433.90901384165,0.044797784529102595,-0.21413302575932336,0.3278123798539023,5712341
187,09,UTTAR PRADESH,VARANASI,-0.14173010380622186,0.0368752757425226,0.05173394848135198,0.07535563244905917,-48965.896295286475,-0.02585837413193389,-0.2679584775086506,0.2364628988850442,1899363
120,09,UTTAR PRADESH,PRAYAGRAJ,-0.09842368319877408,0.07111111111111904,0.09356401384082293,0.12456747404844724,66614.06862095631,0.009860753238700955,-0.2519646289888504,0.31009611687812383,6766620
164,09,UTTAR PRADESH,MAHARAJGANJ,-0.08421376393694613,0.04158400615147877,0.0629911572472112,0.08421376393694578,-13909.663408003918,-0.003766435655261192,-0.2288965782391388,0.2288965782391388,3700747
045,05,UTTARAKHAND,ALMORA,-0.05911572472126343,0.17937716262980224,0.19986159169548529,0.22145328719723675,358886.54713702854,0.08888871596453646,-0.22145328719723184,0.3278123798539023,4045433
046,05,UTTARAKHAND,BAGESHWAR,-0.10851211072664148,0.16000000000001488,0.179377162629784,0.19986159169548784,151103.00430534023,0.052529700555142944,-0.2761399461745483,0.34602076124567477,2883079
048,05,UTTARAKHAND,CHAMPAWAT,-0.04484429065743885,0.18608227604771255,0.20693579392538666,0.22145328719723154,222784.99919916733,0.09854847783989597,-0.21413302575932336,0.3188927335640138,2266165
049,05,UTTARAKHAND,DEHRADUN,-0.051733948481353015,0.18608227604770788,0.2069357939253886,0.23646289888505873,384585.9757029307,0.09595083530956393,-0.2761399461745483,0.33685505574778934,4018513
050,05,UTTARAKHAND,HARIDWAR,-0.0016810511641353557,0.15999999999998982,0.18608227604770156,0.22145328719723892,275168.8473388981,0.09343707335385647,-0.16633602460592078,0.34602076124567477,2950783
051,05,UTTARAKHAND,NAINITAL,-0.029773164167628034,0.17937716262981418,0.19986159169548412,0.2214532871972221,491939.7515035964,0.0964035030181282,-0.19986159169550174,0.3188927335640138,5111706
052,05,UTTARAKHAND,PAURI GARHWAL,-0.016766747308116444,0.21413302575924137,0.2364628988850106,0.25196462898884464,833084.4690559342,0.12270621303107941,-0.19986159169550174,0.34602076124567477,6797764
054,05,UTTARAKHAND,RUDRAPRAYAG,-0.11909265667051064,0.17937716262981088,0.20693579392538267,0.22889657823911808,157695.72064332356,0.06132523218360908,-0.2761399461745483,0.34602076124567477,2576527
055,05,UTTARAKHAND,TEHRI GARHWAL,-0.08882737408688321,0.19291041906957215,0.21413302575930085,0.23646289888505886,443610.73944626545,0.08777121240749666,-0.28444444444444444,0.33685505574778934,5065420
056,05,UTTARAKHAND,UDHAM SINGH NAGAR,-0.036901529138415635,0.11909265667053204,0.13588619761631895,0.16000000000000184,236948.5529009838,0.06956398593415654,-0.186082276047674,0.3278123798539023,3417188
047,05,UTTARAKHAND,CHAMOLI,-0.13016532103037085,0.14173010380624443,0.17279507881583567,0.19986159169548462,236294.45415653934,0.023350925249310383,-0.31009611687812383,0.33685505574778934,10130102
053,05,UTTARAKHAND,PITHORAGARH,-0.1476970396001626,0.13016532103034414,0.16633602460587862,0.19291041906958178,143422.27887958693,0.015386522961485394,-0.3014225297962323,0.33685505574778934,9333695
057,05,UTTARAKHAND,UTTARKASHI,-0.14769703960016028,0.10340638216073018,0.13016532103035183,0.16000000000001646,-5656.760638192251,-5.451013489309844E-4,-0.3188927335640138,0.3188927335640138,10391325
664,19,WEST BENGAL,ALIPUR DUAR,-0.14173010380622925,0.04822760476739943,0.06698961937716727,0.09356401384082562,-101305.88099502135,-0.029005618221733667,-0.28444444444444444,0.2364628988850442,3499191
305,19,WEST BENGAL,BANKURA,-0.15999999999999448,0.021078544640451027,0.04822760476739744,0.0753556324490551,-548567.6308429578,-0.06563207189936386,-0.2761399461745483,0.24415224913494812,8367774
306,19,WEST BENGAL,PURBA BARDDHAMAN,-0.16633602460590527,-0.032541330257592295,-0.0068373676579641,0.022206843521722416,-550261.2843632629,-0.08686648293470674,-0.28444444444444444,0.19986159169550174,6345416
307,19,WEST BENGAL,BIRBHUM,-0.16633602460591568,-0.03254133025759235,-0.005830111319507051,0.02585019610960851,-502872.3536066322,-0.09051084885000858,-0.3014225297962323,0.24415224913494812,5568338
310,19,WEST BENGAL,DAKSHIN DINAJPUR,-0.16633602460592453,-0.017777777777779332,-0.0026568001745518976,0.01574778931180288,-192428.2796652009,-0.06972653322077263,-0.29287197231833906,0.14173010380622836,2766684
309,19,WEST BENGAL,DARJILING,-0.12456747404844333,0.14173010380622328,0.1663360246059132,0.19291041906959222,69808.60654352735,0.02722695077963261,-0.2761399461745483,0.29287197231833906,2570580
317,19,WEST BENGAL,PURBA MEDINIPUR,-0.1998615916954847,-0.051733948481346416,-0.02977316416762706,-0.0026487217633065475,-532600.9664194282,-0.11173149102610312,-0.3014225297962323,0.11374086889657825,4774369
313,19,WEST BENGAL,HAORA,-0.20693579392540137,-0.03844675124952075,-0.012056901191849254,0.01777777777777746,-196259.28212002834,-0.1105981330240924,-0.3278123798539023,0.1085121107266436,1779421
312,19,WEST BENGAL,HUGLI,-0.1793771626297587,-0.024605920799692687,-0.008858131487889422,0.008858131487889115,-328952.6860133372,-0.08608146669736076,-0.31009611687812383,0.14173010380622836,3830421
314,19,WEST BENGAL,JALPAIGURI,-0.13016532103037645,0.041584006151481265,0.06698961937716565,0.09842368319876652,-133196.7370686602,-0.031094512542181162,-0.2679584775086506,0.21413302575932336,4291724
308,19,WEST BENGAL,KOCH BIHAR,-0.14769703960016084,0.00682380794842068,0.0297731641676274,0.059115724721262294,-233988.91745936303,-0.0557684671152006,-0.2599000384467512,0.1929104190695886,4209471
315,19,WEST BENGAL,KOLKATA,-0.2288965782391349,-0.10340638216070602,-0.0669896193771624,-0.035432525951556784,-35267.85784674722,-0.15744451499764694,-0.3553094963475586,0.07535563244905807,225875
316,19,WEST BENGAL,MALDAH,-0.13588619761629817,0.038446751249518546,0.055363321799304956,0.07111111111111713,-130426.29141470396,-0.029483387655872426,-0.28444444444444444,0.186082276047674,4432769
319,19,WEST BENGAL,MURSHIDABAD,-0.14769703960016548,0.016756872242830664,0.036902377464872016,0.05911572472126391,-315044.43461351935,-0.04815724851421145,-0.3014225297962323,0.21413302575932336,6553296
320,19,WEST BENGAL,NADIA,-0.1417301038062364,0.013840830449827032,0.029773164167627476,0.04822760476739443,-202865.88977921687,-0.04279695822079212,-0.31009611687812383,0.14769703960015382,4752532
303,19,WEST BENGAL,NORTH TWENTY-FOUR PARGANAS,-0.1998615916954856,-0.013012156288697582,0.005721020060638062,0.029773164167628034,-389368.3389167173,-0.08032003720774575,-0.33685505574778934,0.17279507881584008,4858451
318,19,WEST BENGAL,PASCHIM MEDINIPUR,-0.16633602460590147,0.0026362186898634438,0.03254133025759387,0.05911572472126477,-545142.2852531936,-0.07192909484722314,-0.29287197231833906,0.17279507881584008,7589470
321,19,WEST BENGAL,PURULIYA,-0.14769703960017055,0.04158400615148121,0.08421376393694338,0.14173010380623757,-376564.82628804137,-0.04952542206421409,-0.2519646289888504,0.3014225297962323,7614827
304,19,WEST BENGAL,SOUTH TWENTY-FOUR PARGANAS,-0.22145328719722612,0.04484429065745157,0.06698961937717117,0.08421376393694834,-757330.046768345,-0.08199508821557373,-0.33685505574778934,0.19986159169550174,9269362
311,19,WEST BENGAL,UTTAR DINAJPUR,-0.12456747404844065,0.010396001537870287,0.02712802768166084,0.04484429065743834,-162162.5171224641,-0.04169786262175063,-0.2761399461745483,0.16633602460592078,3902218
703,19,WEST BENGAL,JHARGRAM,-0.16633602460591382,0.05173394848134853,0.07535563244905431,0.10340638216070577,-194990.27427325354,-0.052108750926047644,-0.3188927335640138,0.2679584775086506,3751531
704,19,WEST BENGAL,PASCHIM BARDDHAMAN,-0.17279507881584982,0.009650331460001436,0.041584006151481064,0.06698961937716269,-178020.36787546263,-0.08073600008608539,-0.28444444444444444,0.2288965782391388,2210746
702,19,WEST BENGAL,KALIMPONG,-0.09842368319876585,0.1417301038062169,0.16633602460592498,0.18608227604769156,63318.92723391893,0.0462503974383049,-0.24415224913494812,0.28444444444444444,1372509
