di_code,st_code,state23,dist23,A22_p2,A22_p90,A22_p95,A22_p98,A22_sum,A22_mean,A22_min,A22_max,A22_count
603,35,ANDAMAN & NICOBAR,NICOBAR,-0.07111111111110995,0.29287197231834977,0.3188927335640419,0.34602076124566244,273175.32160469476,0.1361768571454505,-0.1929104190695886,0.454963475586313,2020602
632,35,ANDAMAN & NICOBAR,NORTH & MIDDLE ANDAMAN,-0.021058632115664354,0.3188927335639949,0.33685505574786706,0.34602076124569553,929183.8924398724,0.2338756060985068,-0.17937716262975778,0.4340484429065744,4003957
602,35,ANDAMAN & NICOBAR,SOUTH ANDAMAN,-0.03690955361670564,0.3460207612457874,0.3647212610534148,0.3839138792772184,704537.0848181131,0.2434728712860461,-0.1929104190695886,0.47637062668204533,2916597
502,28,ANDHRA PRADESH,ANANTAPUR,0.05911572472126314,0.23646289888509228,0.25196462898895455,0.27613994617454213,3980041.7451084126,0.1776676910318529,-0.14769703960015382,0.42377547097270285,22430270
503,28,ANDHRA PRADESH,CHITTOOR,-0.0016978329695550374,0.23646289888507174,0.25196462898892164,0.27613994617455684,2680465.593769372,0.1554293694135552,-0.21413302575932336,0.42377547097270285,17269415
504,28,ANDHRA PRADESH,Y S R KADAPA,0.025955873468138147,0.2599000384468633,0.2844444444443958,0.31009611687812627,3077287.3808927336,0.1737676155435036,-0.17937716262975778,0.42377547097270285,17724326
505,28,ANDHRA PRADESH,EAST GODAVARI,-0.11374086889658128,0.2679584775087037,0.3014225297962108,0.32781237985386946,1894746.0896852338,0.12535648552849266,-0.21413302575932336,0.4340484429065744,15133939
506,28,ANDHRA PRADESH,GUNTUR,-0.08421376393696976,0.179377162629811,0.20693579392538108,0.23646289888503705,935734.1692267595,0.07047978848157571,-0.1929104190695886,0.36472126105344094,13291974
510,28,ANDHRA PRADESH,KRISHNA,-0.07972318339101019,0.17937716262979597,0.22145328719725282,0.2599000384467878,544773.6394594597,0.053358525087019326,-0.22145328719723184,0.39369473279507883,10225813
511,28,ANDHRA PRADESH,KURNOOL,0.04484429065744248,0.2441522491349779,0.2844444444444779,0.3278123798538582,3260077.9400957585,0.16163814686094422,-0.11909265667051133,0.4444444444444444,20185908
515,28,ANDHRA PRADESH,POTTI SRIRAMULU NELLORE,-0.04822760476739707,0.20693579392537725,0.22889657823910287,0.2599000384467565,1656816.66623726,0.10863946779564312,-0.2364628988850442,0.41362552864282975,15263341
517,28,ANDHRA PRADESH,PRAKASAM,-0.0016930028004122559,0.24415224913506886,0.2679584775087048,0.2928719723183564,2885652.3685499593,0.14116850430546474,-0.22145328719723184,0.42377547097270285,20457221
519,28,ANDHRA PRADESH,SRIKAKULAM,-0.044844290657438106,0.22145328719721685,0.25196462898884453,0.2844444444444647,643309.7323927181,0.09347923237999986,-0.17937716262975778,0.42377547097270285,6895077
520,28,ANDHRA PRADESH,VISAKHAPATNAM,-0.025857834434344088,0.2364628988850351,0.25990003844678944,0.28444444444447115,1894312.979243967,0.13934534310270685,-0.2069357939254133,0.41362552864282975,13613577
521,28,ANDHRA PRADESH,VIZIANAGARAM,-0.029773164167627892,0.22889657823910844,0.2599000384467757,0.2761399461745496,860987.4666315716,0.11891187263090877,-0.21413302575932336,0.40359861591695495,7256513
523,28,ANDHRA PRADESH,WEST GODAVARI,-0.11909265667052704,0.25196462898892497,0.2844444444444796,0.3100961168781244,746108.0344620132,0.07676248117017449,-0.2519646289888504,0.4340484429065744,9731922
628,12,ARUNACHAL PRADESH,ANJAW,-0.06299115724721126,0.16633602460586647,0.17937716262980125,0.1998615916954869,586008.4190624694,0.077077535976479,-0.2364628988850442,0.3188927335640138,7611073
229,12,ARUNACHAL PRADESH,CHANGLANG,-0.07972318339100469,0.18608227604770503,0.20693579392538292,0.2214532871972141,574803.2426508098,0.09248122994667658,-0.2364628988850442,0.3014225297962323,6227191
230,12,ARUNACHAL PRADESH,DIBANG VALLEY,-0.06299115724721129,0.17279507881582562,0.19291041906957956,0.21413302575932738,1023929.6813635012,0.08396448612069482,-0.2599000384467512,0.3188927335640138,12207130
231,12,ARUNACHAL PRADESH,EAST KAMENG,-0.07972318339100395,0.15378700499806036,0.17279507881585068,0.19291041906959322,364659.1236188298,0.06570201075861523,-0.24415224913494812,0.29287197231833906,5558425
233,12,ARUNACHAL PRADESH,KURUNG KUMEY,-0.0711111111111156,0.14769703960017472,0.16633602460589605,0.18608227604769717,366356.06352674315,0.06525690839762119,-0.2519646289888504,0.28444444444444444,5621269
234,12,ARUNACHAL PRADESH,LOHIT,-0.1137408688965754,0.16633602460589658,0.17937716262978654,0.19986159169548862,254587.29835518764,0.06603076166089832,-0.2599000384467512,0.31009611687812383,3863405
235,12,ARUNACHAL PRADESH,LOWER DIBANG VALLEY,-0.1358861976162974,0.14173010380622844,0.1600000000000093,0.17937716262976897,200561.9475379892,0.04473591796069552,-0.2679584775086506,0.3014225297962323,4491587
237,12,ARUNACHAL PRADESH,PAPUMPARE,-0.07111111111111408,0.1663360246058657,0.18608227604767813,0.2069357939253931,348732.2132777978,0.08063291199465156,-0.2364628988850442,0.29287197231833906,4333778
238,12,ARUNACHAL PRADESH,TAWANG,-0.06299115724721134,0.17937716262980274,0.19986159169548537,0.22145328719721383,268881.56322885316,0.08690916352448004,-0.19986159169550174,0.3188927335640138,3100277
239,12,ARUNACHAL PRADESH,TIRAP,-0.0753556324490596,0.16000000000000983,0.17937716262977443,0.19986159169549017,99548.8540913226,0.06767166510104253,-0.19986159169550174,0.2679584775086506,1474824
240,12,ARUNACHAL PRADESH,UPPER SIANG,-0.07972318339100667,0.1663360246058997,0.18608227604770655,0.2069357939253976,590328.4104152898,0.06920388466395705,-0.2288965782391388,0.3278123798539023,8540336
241,12,ARUNACHAL PRADESH,UPPER SUBANSIRI,-0.09356401384082517,0.15378700499806108,0.17279507881585093,0.19291041906958825,500406.1589439642,0.060949741054155945,-0.28444444444444444,0.3014225297962323,8220067
242,12,ARUNACHAL PRADESH,WEST KAMENG,-0.06299115724721129,0.15999999999998846,0.17937716262979814,0.19986159169548692,484230.96499144874,0.07846518269587395,-0.21413302575932336,0.31009611687812383,6178998
719,12,ARUNACHAL PRADESH,LOWER SIANG,-0.07535563244905924,0.16000000000001474,0.17937716262976003,0.19986159169549125,166221.5202987273,0.07271750994671565,-0.2364628988850442,0.3014225297962323,2292082
236,12,ARUNACHAL PRADESH,LOWER SUBANSIRI,-0.0669896193771628,0.18608227604769392,0.1998615916954837,0.21413302575930926,238185.19792423304,0.09743842377656879,-0.2069357939254133,0.29287197231833906,2449933
679,12,ARUNACHAL PRADESH,SIANG,-0.09842368319877091,0.16633602460589617,0.1860822760477047,0.20693579392539777,295635.91145604075,0.0675668797346598,-0.2519646289888504,0.3014225297962323,4383418
243,12,ARUNACHAL PRADESH,WEST SIANG,-0.10851211072664112,0.1537870049980551,0.172795078815851,0.19291041906958145,103891.30080547006,0.061594311639794536,-0.2519646289888504,0.28444444444444444,1691102
725,12,ARUNACHAL PRADESH,SHI YOMI,-0.07972318339100609,0.16000000000000045,0.17937716262979064,0.1998615916954885,248732.08357381876,0.07476140709023599,-0.2364628988850442,0.3014225297962323,3331997
724,12,ARUNACHAL PRADESH,LEPA RADA,-0.09842368319877086,0.17279507881585018,0.19291041906959575,0.21413302575932855,71730.89255224052,0.07411885648648159,-0.24415224913494812,0.29287197231833906,970650
723,12,ARUNACHAL PRADESH,PAKKE KESSANG,-0.055363321799306885,0.18608227604771344,0.2069357939253851,0.22145328719722368,245936.36905430479,0.10275896578498983,-0.22145328719723184,0.31009611687812383,2399368
677,12,ARUNACHAL PRADESH,KRA DAADI,-0.08421376393694335,0.14173010380621273,0.16000000000000397,0.17937716262975192,120305.01764343132,0.054089467095439915,-0.2679584775086506,0.2761399461745483,2229870
678,12,ARUNACHAL PRADESH,NAMSAI,-0.13016532103037512,0.1727950788158512,0.19291041906955372,0.20693579392538478,97868.01021163628,0.05790264220140058,-0.24415224913494812,0.2761399461745483,1693784
718,12,ARUNACHAL PRADESH,KAMLE,-0.1034063821607049,0.16000000000001957,0.1793771626297734,0.19291041906957615,113478.92043449054,0.06530471188017972,-0.2599000384467512,0.2761399461745483,1742339
232,12,ARUNACHAL PRADESH,EAST SIANG,-0.16633602460592486,0.15378700499807005,0.1727950788158503,0.1929104190695876,84930.56143725109,0.04000627664713219,-0.24415224913494812,0.2761399461745483,2127307
666,12,ARUNACHAL PRADESH,LONGDING,-0.08882737408688542,0.14769703960016858,0.1727950788158495,0.1998615916954877,62206.436349212636,0.053136746404370834,-0.19986159169550174,0.29287197231833906,1174145
616,18,ASSAM,BAKSA,-0.13016532103037226,0.13588619761632,0.16000000000002082,0.18608227604770086,29982.170660251024,0.009843832792395426,-0.2364628988850442,0.28444444444444444,3055457
280,18,ASSAM,BARPETA,-0.17279507881584988,0.05911572472126475,0.09356401384082397,0.12456747404843888,-127078.58461340237,-0.04458421649978293,-0.2364628988850442,0.2364628988850442,2859045
705,18,ASSAM,BISWANATH,-0.16000000000000472,0.10851211072665114,0.13588619761629878,0.16000000000000106,-24791.418847462104,-0.008934183386931341,-0.2288965782391388,0.2679584775086506,2780367
281,18,ASSAM,BONGAIGAON,-0.16000000000000247,0.08882737408689073,0.1137408688965746,0.13588619761629897,-26838.94262857174,-0.019287388261887705,-0.2364628988850442,0.2364628988850442,1397646
282,18,ASSAM,CACHAR,-0.18608227604770441,0.16000000000000678,0.17937716262979458,0.19986159169548653,129245.44542234094,0.027785220989077455,-0.2519646289888504,0.3188927335640138,4659875
708,18,ASSAM,CHARAIDEO,-0.14769703960015584,0.11374086889657599,0.14173010380623846,0.172795078815847,6495.908857026406,0.005119850146409383,-0.19986159169550174,0.28444444444444444,1273387
612,18,ASSAM,CHIRANG,-0.11909265667051777,0.16633602460588154,0.1860822760477084,0.2069357939253912,83964.72240538274,0.03515893068129845,-0.21413302575932336,0.3014225297962323,2393821
283,18,ASSAM,DARRANG,-0.16633602460592467,0.075355632449051,0.10340638216070873,0.13016532103036968,-63730.77082206976,-0.032296554995766974,-0.2288965782391388,0.2679584775086506,1980527
284,18,ASSAM,DHEMAJI,-0.15999999999999912,0.09842368319876614,0.1358861976162998,0.16633602460592428,-71878.45739817683,-0.023039299345778672,-0.2364628988850442,0.28444444444444444,3127982
285,18,ASSAM,DHUBRI,-0.166336024605925,0.06698961937716366,0.09842368319876767,0.12456747404843951,-83047.40482855646,-0.04026141179036509,-0.2519646289888504,0.2761399461745483,2073149
286,18,ASSAM,DIBRUGARH,-0.1860822760477055,0.10851211072665776,0.14173010380622875,0.1727950788158488,-88491.90295611875,-0.0208433028947485,-0.2679584775086506,0.29287197231833906,4254504
299,18,ASSAM,DIMA HASAO,-0.03690676017616345,0.19291041906954892,0.22145328719721474,0.2441522491349282,706597.2745039192,0.11715141678964036,-0.19986159169550174,0.3553094963475586,6041285
287,18,ASSAM,GOALPARA,-0.15378700499808332,0.1245674740484533,0.1476970396001575,0.1793771626297528,1595.0445701821168,6.568709549173634E-4,-0.2288965782391388,0.29287197231833906,2434900
288,18,ASSAM,GOLAGHAT,-0.15378700499808656,0.11374086889658276,0.1417301038062389,0.16633602460592448,-6192.442023166845,-0.0015408653147833376,-0.2364628988850442,0.28444444444444444,4029611
289,18,ASSAM,HAILAKANDI,-0.18608227604770516,0.13016532103035588,0.15378700499808795,0.17937716262975104,19302.29792983616,0.01184015390206038,-0.2679584775086506,0.29287197231833906,1635070
709,18,ASSAM,HOJAI,-0.1301653210303704,0.16633602460588381,0.1929104190695556,0.2069357939253843,56150.51769024047,0.03107620955342997,-0.2069357939254133,0.29287197231833906,1811736
290,18,ASSAM,JORHAT,-0.1417301038062283,0.11909265667052618,0.1417301038062424,0.1599999999999979,5836.20375462113,0.002505187817320119,-0.21413302575932336,0.28444444444444444,2335717
618,18,ASSAM,KAMRUP METRO,-0.13588619761629978,0.13588619761630158,0.15378700499808662,0.17937716262975154,33675.5258535409,0.02787548604372146,-0.2364628988850442,0.2599000384467512,1212134
291,18,ASSAM,KAMRUP RURAL,-0.16000000000000794,0.1301653210303506,0.15378700499807949,0.1793771626297661,34808.7970833076,0.00896820241460095,-0.24415224913494812,0.3014225297962323,3891403
292,18,ASSAM,KARBI ANGLONG,-0.09842368319876249,0.1793771626298246,0.1998615916954835,0.22145328719720164,827604.4680286519,0.09089238268685271,-0.2364628988850442,0.3278123798539023,9120022
293,18,ASSAM,KARIMGANJ,-0.18608227604770752,0.12456747404845928,0.1476970396001666,0.17937716262975284,-13848.626182778538,-0.0062249391515553625,-0.2519646289888504,0.31009611687812383,2229526
294,18,ASSAM,KOKRAJHAR,-0.11909265667052185,0.17279507881578463,0.19291041906954026,0.21413302575925963,139082.5402442936,0.03592655732000035,-0.19986159169550174,0.3014225297962323,3879174
295,18,ASSAM,LAKHIMPUR,-0.14769703960015954,0.10851211072664749,0.14173010380623652,0.17279507881584796,-77040.28013574709,-0.020509111220453437,-0.24415224913494812,0.28444444444444444,3763908
706,18,ASSAM,MAJULI,-0.1860822760476879,0.03543252595155796,0.0669896193771609,0.10851211072664481,-98002.6091927385,-0.061656895930981816,-0.2288965782391388,0.2519646289888504,1595085
296,18,ASSAM,MARIGAON,-0.17937716262975528,0.09842368319877509,0.13016532103036568,0.15378700499808645,-66681.40699668996,-0.035462006148048605,-0.24415224913494812,0.2761399461745483,1884753
297,18,ASSAM,NAGAON,-0.15378700499808723,0.11374086889658024,0.14173010380623727,0.1663360246059244,-23463.96137304825,-0.007309275265260355,-0.22145328719723184,0.31009611687812383,3221993
298,18,ASSAM,NALBARI,-0.160000000000008,0.09356401384082366,0.11909265667051516,0.14173010380623524,-25925.006043946087,-0.019913796205832758,-0.2288965782391388,0.2288965782391388,1306375
300,18,ASSAM,SIBSAGAR,-0.16000000000001058,0.1034063821607109,0.13016532103036837,0.15378700499807973,-55510.102329417874,-0.027202593794022952,-0.22145328719723184,0.2519646289888504,2046198
301,18,ASSAM,SONITPUR,-0.15378700499808398,0.13588619761630438,0.16633602460592498,0.1929104190696036,32958.01964481301,0.008776769320985516,-0.2288965782391388,0.31009611687812383,3761187
707,18,ASSAM,SOUTH SALMARA MANCACHAR,-0.17279507881584666,0.027128027681661886,0.055363321799306905,0.08421376393694595,-35922.05261215422,-0.05166073528071864,-0.2364628988850442,0.2069357939254133,699403
302,18,ASSAM,TINSUKIA,-0.16633602460592484,0.1358861976163177,0.16633602460588992,0.1860822760477019,50297.97582636691,0.010485603379403508,-0.2599000384467512,0.28444444444444444,4805197
617,18,ASSAM,UDALGURI,-0.13016532103037107,0.13016532103035666,0.15378700499808776,0.1727950788158489,27711.34733928217,0.011013104193141846,-0.2069357939254133,0.2761399461745483,2524545
710,18,ASSAM,WEST KARBI ANGLONG,-0.0842137639369459,0.15999999999998007,0.18608227604770375,0.20693579392540262,310415.207365081,0.08146789460817415,-0.19986159169550174,0.3278123798539023,3818912
188,10,BIHAR,ARARIA,-0.10851211072664502,0.07972318339101007,0.11374086889657475,0.14173010380623424,-41235.78654725942,-0.011886309611726426,-0.2069357939254133,0.2761399461745483,3476505
611,10,BIHAR,ARWAL,-0.05536332179930765,0.09842368319876489,0.12456747404843847,0.16000000000000403,25720.64310832361,0.032703509385462216,-0.16000000000000003,0.2679584775086506,790200
189,10,BIHAR,AURANGABAD,-0.025828988388473983,0.11909265667051698,0.16000000000000086,0.22145328719722931,235145.14574011895,0.057859724382457886,-0.186082276047674,0.33685505574778934,4071463
190,10,BIHAR,BANKA,-0.03683534456561831,0.19291041906957176,0.22145328719720433,0.2519646289888448,316299.30883226416,0.08499645847287086,-0.16633602460592078,0.37425605536332185,3727975
191,10,BIHAR,BEGUSARAI,-0.0888273740868866,0.10340638216071342,0.13588619761629753,0.17279507881584777,57794.63439748056,0.02430329919586138,-0.19986159169550174,0.28444444444444444,2385201
200,10,BIHAR,KAIMUR,-0.025786838758045875,0.22889657823909587,0.2599000384467549,0.284444444444475,398974.95842327777,0.0961705473392074,-0.17937716262975778,0.40359861591695495,4155971
192,10,BIHAR,BHAGALPUR,-0.10851211072665311,0.09842368319877134,0.14173010380623777,0.18608227604768274,9409.291220319645,0.002982853191972662,-0.19986159169550174,0.29287197231833906,3161985
193,10,BIHAR,BHOJPUR,-0.04822760476739673,0.09356401384082311,0.1245674740484462,0.16633602460592406,101535.24117739437,0.034379686403552275,-0.186082276047674,0.3188927335640138,2959033
194,10,BIHAR,BUXAR,-0.03543252595155693,0.08421376393694559,0.11374086889657492,0.1537870049980784,61992.05402184398,0.02948863802938266,-0.16633602460592078,0.28444444444444444,2107650
195,10,BIHAR,DARBHANGA,-0.08882737408688506,0.11374086889657371,0.1537870049980828,0.18608227604767844,62821.09879402061,0.020089852409889038,-0.21413302575932336,0.28444444444444444,3135810
196,10,BIHAR,GAYA,-0.05536332179930558,0.17937716262979353,0.21413302575929669,0.2519646289888448,386010.1777672863,0.0632505713796965,-0.2069357939254133,0.3553094963475586,6114662
197,10,BIHAR,GOPALGANJ,-0.06698961937716276,0.0935640138408293,0.11909265667051394,0.14173010380623732,63478.23278562727,0.025023622036611876,-0.1929104190695886,0.28444444444444444,2543564
199,10,BIHAR,JAHANABAD,-0.06299115724721137,0.0842137639369443,0.10851211072664205,0.1358861976163049,20799.981959751276,0.018002168515596575,-0.186082276047674,0.2761399461745483,1159636
198,10,BIHAR,JAMUI,-0.025819124565070937,0.23646289888504224,0.25990003844678766,0.28444444444446704,458781.04777039133,0.12036985928075751,-0.15378700499807765,0.37425605536332185,3819342
201,10,BIHAR,KATIHAR,-0.15378700499808604,0.07111111111111733,0.098423683198765,0.1358861976163013,-101009.068928247,-0.026830321862729874,-0.2364628988850442,0.2599000384467512,3773694
202,10,BIHAR,KHAGARIA,-0.11374086889657344,0.06698961937716309,0.10340638216070594,0.14173010380622664,-24046.65731666753,-0.013031259145889096,-0.19986159169550174,0.2679584775086506,1851170
203,10,BIHAR,KISHANGANJ,-0.11374086889657484,0.059115724721264605,0.0842137639369446,0.1137408688965764,-56336.87084862079,-0.023463906447056062,-0.2069357939254133,0.29287197231833906,2408235
204,10,BIHAR,LAKHISARAI,-0.05911572472126334,0.16000000000001427,0.20693579392538788,0.23646289888506072,66453.22310464567,0.04415578011753731,-0.17937716262975778,0.33685505574778934,1509373
205,10,BIHAR,MADHEPURA,-0.11374086889657413,0.07972318339100813,0.11374086889657509,0.14173010380623197,-16806.602740484046,-0.007500825556569795,-0.186082276047674,0.2519646289888504,2247230
206,10,BIHAR,MADHUBANI,-0.07111111111111351,0.11374086889658244,0.14769703960016303,0.17937716262975548,109798.6813445195,0.025173333544822617,-0.22145328719723184,0.2599000384467512,4370352
207,10,BIHAR,MUNGER,-0.09356401384082295,0.19986159169548612,0.2519646289888447,0.2844444444444812,73504.10214622378,0.04221429256308074,-0.17279507881584008,0.3553094963475586,1746408
208,10,BIHAR,MUZAFFARPUR,-0.08421376393694432,0.0984236831987692,0.1301653210303713,0.16000000000000186,62166.80974622346,0.01573544535431133,-0.2069357939254133,0.2599000384467512,3958875
209,10,BIHAR,NALANDA,-0.05911572472126323,0.09356401384082262,0.11909265667051415,0.15999999999999878,65239.82774841701,0.022328460711266117,-0.1929104190695886,0.34602076124567477,2929383
210,10,BIHAR,NAWADA,-0.04484429065743816,0.2141330257593249,0.25196462898884464,0.2844444444444696,232400.93260439322,0.07585603210356981,-0.16633602460592078,0.36472126105344094,3071041
211,10,BIHAR,PASHCHIMI CHAMPARAN,-0.07111111111111403,0.2288965782391126,0.27613994617446036,0.30142252979626766,369603.49096771557,0.056420884369258704,-0.19986159169550174,0.3839138792772011,6560379
212,10,BIHAR,PATNA,-0.08882737408688973,0.07535563244904636,0.10340638216070891,0.1358861976163028,56883.86329532209,0.014407835607032377,-0.2069357939254133,0.28444444444444444,3959090
213,10,BIHAR,PURBI CHAMPARAN,-0.08421376393694532,0.08882737408688997,0.11909265667051817,0.15378700499808406,68467.88775065154,0.013810575962014167,-0.2288965782391388,0.2599000384467512,4966698
214,10,BIHAR,PURNIA,-0.1245674740484451,0.07535563244904912,0.10851211072664008,0.14173010380623496,-51125.02163634836,-0.012774169239270277,-0.2288965782391388,0.29287197231833906,4010639
215,10,BIHAR,ROHTAS,-0.036852114738875986,0.19986159169548465,0.24415224913492553,0.2761399461745406,323589.5460388003,0.06832686345040012,-0.1929104190695886,0.40359861591695495,4743839
216,10,BIHAR,SAHARSA,-0.11909265667051094,0.0711111111111158,0.10851211072664266,0.14769703960015287,-27635.38096595122,-0.01336625071168861,-0.2069357939254133,0.2599000384467512,2073256
217,10,BIHAR,SAMASTIPUR,-0.07972318339100667,0.10851211072665184,0.14173010380624165,0.172795078815848,96632.40467255216,0.0291742865534983,-0.2288965782391388,0.2761399461745483,3321029
218,10,BIHAR,SARAN,-0.07972318339100436,0.08882737408689076,0.11909265667051619,0.14769703960015312,50496.63483035523,0.015413745630149007,-0.19986159169550174,0.29287197231833906,3282541
219,10,BIHAR,SHEIKHPURA,-0.038446751249518504,0.09356401384082348,0.11909265667050904,0.1537870049980729,27481.609544465937,0.032856032172433686,-0.14769703960015382,0.28444444444444444,840498
220,10,BIHAR,SHEOHAR,-0.07111111111110961,0.11374086889657595,0.1417301038062291,0.1663360246059234,15113.430451209057,0.027296325472853187,-0.1929104190695886,0.2599000384467512,556991
221,10,BIHAR,SITAMARHI,-0.06299115724721124,0.11909265667051898,0.14769703960016167,0.17937716262975095,87664.45256460886,0.03208853354546638,-0.186082276047674,0.2679584775086506,2739355
222,10,BIHAR,SIWAN,-0.06698961937716126,0.08421376393695686,0.11374086889657375,0.14173010380623585,51472.78399577875,0.018646374380631277,-0.16633602460592078,0.29287197231833906,2766570
223,10,BIHAR,SUPAUL,-0.1137408688965748,0.07535563244905043,0.10851211072664255,0.14173010380623288,-23324.90446033411,-0.007743802950222153,-0.22145328719723184,0.2519646289888504,3018897
224,10,BIHAR,VAISHALI,-0.098423683198766,0.11374086889657889,0.14173010380623977,0.17279507881584805,58712.016060426635,0.0232562923211312,-0.2288965782391388,0.28444444444444444,2529599
044,04,CHANDIGARH,CHANDIGARH,-0.09356401384083013,0.13588619761630466,0.15378700499807738,0.17279507881583897,8293.332579715476,0.05575587025362739,-0.2288965782391388,0.24415224913494812,150026
646,22,CHHATTISGARH,BALOD,-0.0167590554254755,0.29287197231839923,0.3188927335640758,0.33685505574783736,655997.6323694928,0.16306454244435126,-0.12456747404844293,0.41362552864282975,4030747
644,22,CHHATTISGARH,BALODA BAZAR,-0.0017141060616989447,0.28444444444425515,0.3100961168782692,0.32781237985386036,838590.0045526532,0.14962699292527132,-0.16000000000000003,0.41362552864282975,5614038
649,22,CHHATTISGARH,BALRAMPUR,0.119092656670509,0.346020761245873,0.3647212610534955,0.3742560553634715,1939689.187533474,0.25396299204950235,-0.029773164167627833,0.4444444444444444,7650578
374,22,CHHATTISGARH,BASTAR,0.04158400615148109,0.33685505574787117,0.3553094963475764,0.3742560553634139,1351920.2115858062,0.21182921124608042,-0.09356401384083046,0.454963475586313,6393305
650,22,CHHATTISGARH,BEMETARA,-0.029773164167627566,0.13016532103034573,0.15378700499808765,0.17279507881584896,206404.66724036037,0.07673018361354783,-0.14173010380622836,0.3278123798539023,2697016
636,22,CHHATTISGARH,BIJAPUR,0.08421376393694761,0.34602076124573433,0.35530949634757547,0.36472126105348435,2844150.645907616,0.2605228040877939,-0.13588619761630144,0.4444444444444444,10931393
375,22,CHHATTISGARH,BILASPUR,-0.03689932306441588,0.2844444444444791,0.318892733564071,0.33685505574782454,578785.5431884677,0.13544130672072677,-0.1929104190695886,0.42377547097270285,4282196
734,22,CHHATTISGARH,GAURELA-PENDRA-MARWAHI,0.07535563244905932,0.3188927335640792,0.33685505574786834,0.3553094963475473,535860.003905012,0.2218911203692893,-0.08421376393694734,0.42377547097270285,2420209
376,22,CHHATTISGARH,DAKSHIN BASTAR DANTEWADA,0.07972318339100304,0.30142252979623496,0.31889273356406544,0.3368550557478207,715003.9689614563,0.21486646848776372,-0.11909265667051133,0.4444444444444444,3336766
377,22,CHHATTISGARH,DHAMTARI,-0.059115724721264536,0.35530949634761133,0.36472126105350167,0.38391387927726484,934884.556116179,0.1917904597585173,-0.15378700499807765,0.4444444444444444,4882863
378,22,CHHATTISGARH,DURG,-0.024605920799692867,0.1476970396001759,0.16633602460592523,0.186082276047693,249341.94770720525,0.09061180709285818,-0.13588619761630144,0.3278123798539023,2758101
645,22,CHHATTISGARH,GARIYABAND,-0.051733948481347644,0.34602076124594017,0.36472126105349534,0.3742560553634952,1279842.6186003303,0.2216528207409994,-0.16000000000000003,0.4444444444444444,5784384
379,22,CHHATTISGARH,JANJGIR - CHAMPA,-0.05173394848135228,0.1793771626298032,0.1998615916954855,0.23646289888505617,481604.4885625993,0.08913682251961143,-0.16000000000000003,0.40359861591695495,5413703
380,22,CHHATTISGARH,JASHPUR,0.08421376393694577,0.3188927335640129,0.3368550557478728,0.36472126105344244,1573305.8414744672,0.22206813864432245,-0.11909265667051133,0.4444444444444444,7094864
382,22,CHHATTISGARH,KABIRDHAM,0.03543252595155929,0.28444444444440753,0.3100961168781979,0.3368550557478629,820890.1335881074,0.16238618886175568,-0.08421376393694734,0.41362552864282975,5063228
381,22,CHHATTISGARH,UTTAR BASTAR KANKER,0.055363321799310555,0.32781237985381523,0.34602076124585174,0.36472126105343144,2030936.6920860386,0.2374411333132909,-0.13016532103037293,0.454963475586313,8566278
643,22,CHHATTISGARH,KONDAGAON,0.05536332179930897,0.35530949634759457,0.3647212610534899,0.3839138792772342,1419379.4035119102,0.23555211200603668,-0.09842368319876971,0.4444444444444444,6035251
383,22,CHHATTISGARH,KORBA,0.036938091150541155,0.3278123798538026,0.34602076124584863,0.3553094963475577,1790407.3531996151,0.22450736182841793,-0.15378700499807765,0.4444444444444444,7984432
384,22,CHHATTISGARH,KOREA,0.11374086889657468,0.3553094963475083,0.37425605536352946,0.38391387927726434,2124568.234958806,0.264440036702953,-0.05911572472126105,0.4444444444444444,8044955
385,22,CHHATTISGARH,MAHASAMUND,-0.029773164167627236,0.26795847750869095,0.3014225297961951,0.31889273356405545,813128.6911756395,0.1428751930678921,-0.14173010380622836,0.4340484429065744,5701522
647,22,CHHATTISGARH,MUNGELI,-0.025864080511649314,0.3278123798538593,0.3460207612458842,0.3647212610534363,564160.0895635631,0.16844477556354748,-0.11374086889657825,0.4340484429065744,3357558
637,22,CHHATTISGARH,NARAINPUR,0.11374086889657602,0.35530949634758147,0.3647212610534659,0.3839138792772138,1252394.7354684675,0.2708625697840185,-0.07111111111111111,0.4444444444444444,4632332
386,22,CHHATTISGARH,RAIGARH,-0.005767318399887059,0.3014225297961774,0.327812379853822,0.3460207612458276,1607738.3165807808,0.18938798698835738,-0.17937716262975778,0.4340484429065744,8502955
387,22,CHHATTISGARH,RAIPUR,-0.022206843521722423,0.15378700499803202,0.17279507881585054,0.19986159169549106,334063.39493008057,0.09598406489951794,-0.14173010380622836,0.33685505574778934,3486230
388,22,CHHATTISGARH,RAJ NANDGAON,0.029773164167627077,0.29287197231839623,0.31009611687817656,0.32781237985388517,1727241.9656972552,0.17887223557313192,-0.11909265667051133,0.41362552864282975,9670842
642,22,CHHATTISGARH,SUKMA,0.07535563244905943,0.31889273356395653,0.3278123798538386,0.3460207612457654,1477256.0376237694,0.2291831284622254,-0.14173010380622836,0.42377547097270285,6458280
648,22,CHHATTISGARH,SURAJPUR,0.10340638216071145,0.3278123798538218,0.3460207612458457,0.3647212610533986,1553190.895900834,0.2340910114624937,-0.10340638216070744,0.4444444444444444,6646511
389,22,CHHATTISGARH,SURGUJA,0.09356401384082656,0.3188927335639682,0.33685505574786423,0.3553094963475225,1093057.6950218403,0.2251261836514775,-0.12456747404844293,0.4340484429065744,4864080
463,38,DADRA & NAGAR HAVELI & DAMAN & DIU,DAMAN,0.00460821626186662,0.2141330257593207,0.22889657823913664,0.24415224913494543,11301.25879282905,0.13269386108978662,-0.1085121107266436,0.31009611687812383,86148
464,38,DADRA & NAGAR HAVELI & DAMAN & DIU,DIU,0.01039600153787005,0.2519646289888479,0.26795847750865226,0.2928719723183382,6825.8129526650255,0.14782513711329212,-0.1085121107266436,0.34602076124567477,47012
465,38,DADRA & NAGAR HAVELI & DAMAN & DIU,DADRA & NAGAR HAVELI,0.055363321799308494,0.29287197231833934,0.3100961168781212,0.31889273356401093,129393.73180504107,0.22186059023279767,-0.11909265667051133,0.3839138792772011,587628
077,07,DELHI,CENTRAL,-0.13588619761630127,0.0888273740868897,0.11374086889658121,0.13588619761630127,28.413795598959883,2.0994526043940898E-4,-0.2069357939254133,0.2069357939254133,137139
078,07,DELHI,EAST,-0.130165321030373,0.06299115724721178,0.07972318339100329,0.10340638216070769,-7.477175807191468,-1.8685888343053934E-4,-0.186082276047674,0.17937716262975778,40526
079,07,DELHI,NEW DELHI,-0.13588619761630127,0.12456747404843807,0.14173010380623052,0.1537870049980747,7792.440273256478,0.039182938063717934,-0.24415224913494812,0.22145328719723184,200534
080,07,DELHI,NORTH,-0.10851211072664557,0.08421376393694874,0.10851211072664718,0.13016532103037462,6476.368537831697,0.017447767514222258,-0.21413302575932336,0.24415224913494812,373407
081,07,DELHI,NORTH EAST,-0.16633602460592012,0.04484429065743926,0.08421376393694749,0.12456747404844291,-1849.9653682521296,-0.04124847989002059,-0.2069357939254133,0.186082276047674,45774
082,07,DELHI,NORTH WEST,-0.11909265667051279,0.06698961937716265,0.08882737408688968,0.1190926566705107,500.8959966227135,0.002564384559526663,-0.22145328719723184,0.2069357939254133,197251
671,07,DELHI,SHAHADRA,-0.16633602460592006,0.05173394848135291,0.06698961937716316,0.08421376393694743,-1268.9628352293093,-0.028987684608434084,-0.21413302575932336,0.14173010380622836,44424
083,07,DELHI,SOUTH,-0.12456747404844314,0.14769703960016328,0.16000000000000253,0.17937716262975414,13558.757422708057,0.06706466923457656,-0.2288965782391388,0.2599000384467512,203572
084,07,DELHI,SOUTH WEST,-0.10340638216070756,0.08421376393694635,0.11374086889657992,0.14173010380622653,5295.604577303691,0.01471850936707886,-0.19986159169550174,0.2519646289888504,362148
085,07,DELHI,WEST,-0.14173010380622547,0.06698961937716366,0.08882737408688966,0.11909265667051078,-2332.3694895024723,-0.01395431809404652,-0.21413302575932336,0.2069357939254133,168657
670,07,DELHI,SOUTH EAST,-0.13588619761630133,0.09842368319876925,0.11909265667051114,0.1358861976163013,1353.503817144225,0.010502602098064216,-0.21413302575932336,0.21413302575932336,130060
551,30,GOA,NORTH GOA,0.012976359208721071,0.29287197231837986,0.310096116878147,0.33685505574780744,396806.557561688,0.19626661724928515,-0.14173010380622836,0.4444444444444444,2026943
552,30,GOA,SOUTH GOA,0.016806208178228327,0.3278123798539245,0.3460207612456568,0.3647212610534813,508588.9836777251,0.2247666050124462,-0.16633602460592078,0.47637062668204533,2268792
673,24,GUJARAT,MORBI,0.0370077268275488,0.21413302575923118,0.22889657823911017,0.24415224913492892,959269.2039695224,0.15897302860190016,-0.186082276047674,0.39369473279507883,6044416
438,24,GUJARAT,AHMADABAD,-0.05173394848134858,0.17279507881585127,0.1929104190695918,0.2214532871972283,897194.7370109026,0.10232567797100253,-0.17937716262975778,0.37425605536332185,8784863
440,24,GUJARAT,ANAND,-0.0167835427521564,0.19986159169548323,0.228896578239116,0.2519646289888447,456668.3027355765,0.11909326563629198,-0.15378700499807765,0.36472126105344094,3842291
674,24,GUJARAT,DEVBHUMI DWARKA,0.013000382198851933,0.21413302575929757,0.22889657823910714,0.2441522491349275,771369.493751451,0.15390186266426756,-0.19986159169550174,0.3839138792772011,5023982
447,24,GUJARAT,JAMNAGAR,0.05536332179930803,0.22145328719726193,0.23646289888503602,0.25196462898884453,1207433.9731019444,0.16911138279803842,-0.16633602460592078,0.3839138792772011,7153837
449,24,GUJARAT,KACHCHH,-0.08882737408688038,0.19986159169557005,0.22889657823909304,0.2519646289889519,4164167.3251615977,0.08396737047949426,-0.24415224913494812,0.41362552864282975,49630741
443,24,GUJARAT,BHAVNAGAR,0.032541330257591705,0.21413302575924992,0.23646289888502262,0.25196462898884453,1267641.9674605345,0.15610592378725224,-0.16000000000000003,0.39369473279507883,8129986
442,24,GUJARAT,BHARUCH,-0.009629351132488972,0.20693579392537925,0.23646289888504857,0.25990003844674336,793464.836372755,0.13386762018417522,-0.17279507881584008,0.37425605536332185,5942322
459,24,GUJARAT,SURAT,-0.0629911572472113,0.24415224913493483,0.2928719723183556,0.31889273356406517,668263.1874812071,0.12869336460421452,-0.17279507881584008,0.40359861591695495,5202601
453,24,GUJARAT,NAVSARI,-0.021073619480740362,0.26795847750870233,0.2844444444444773,0.3014225297961893,454606.6568798249,0.17259912796060814,-0.17279507881584008,0.39369473279507883,2640202
462,24,GUJARAT,VALSAD,0.044844290657438356,0.2844444444442861,0.30142252979618145,0.3188927335640569,765366.42326218,0.21777645479834293,-0.16000000000000003,0.39369473279507883,3524114
672,24,GUJARAT,ARAVALLI,0.09356401384082591,0.26795847750870677,0.28444444444447897,0.29287197231830847,771925.5918023977,0.20129779533186212,-0.16000000000000003,0.42377547097270285,3843076
441,24,GUJARAT,BANAS KANTHA,0.037033036858133285,0.2364628988850753,0.2599000384468154,0.28444444444447403,2158822.129622251,0.16379548255041348,-0.16000000000000003,0.39369473279507883,13197838
668,24,GUJARAT,CHHOTA UDEPUR,0.08421376393694932,0.2844444444444655,0.31009611687812977,0.3278123798539145,880779.927021261,0.2112391075487567,-0.11374086889657825,0.41362552864282975,4179280
445,24,GUJARAT,DAHOD,0.11374086889657686,0.28444444444443384,0.3014225297962496,0.3278123798539043,997971.9286676327,0.22615690076736542,-0.16633602460592078,0.42377547097270285,4420485
444,24,GUJARAT,DANGS,0.16000000000000159,0.3368550557478991,0.35530949634753106,0.3647212610534952,588431.0659536794,0.27889409021086775,-0.08882737408688965,0.4340484429065744,2115144
675,24,GUJARAT,GIR SOMNATH,0.07535563244905932,0.2844444444444773,0.3100961168781201,0.33685505574781116,639812.7913189176,0.20238618625286073,-0.14769703960015382,0.4340484429065744,3168667
448,24,GUJARAT,JUNAGADH,0.09842368319877409,0.3014225297961679,0.3188927335639487,0.3368550557478425,1564106.928447739,0.21230109999426827,-0.15378700499807765,0.4340484429065744,7380122
669,24,GUJARAT,MAHISAGAR,0.06299115724721144,0.2679584775087036,0.28444444444447725,0.301422529796192,608068.9751153337,0.19938350147954223,-0.13588619761630144,0.37425605536332185,3057162
452,24,GUJARAT,NARMADA,0.07535563244905617,0.2844444444444379,0.30142252979624123,0.3188927335640596,705987.7110242813,0.20840508013444095,-0.13016532103037293,0.40359861591695495,3395262
454,24,GUJARAT,PANCH MAHALS,0.041584006151480835,0.2761399461744793,0.30142252979619555,0.3278123798539268,806327.8603504612,0.20290152961562452,-0.15378700499807765,0.41362552864282975,3982812
458,24,GUJARAT,SABAR KANTHA,0.07111111111111144,0.2599000384468386,0.27613994617450766,0.29287197231835044,988733.2646300475,0.19101183220274207,-0.2069357939254133,0.39369473279507883,5187838
641,24,GUJARAT,TAPI,0.071111111111117,0.2928719723183717,0.318892733564071,0.3368550557478569,708280.1184048246,0.18831916703761725,-0.1085121107266436,0.41362552864282975,3771978
461,24,GUJARAT,VADODARA,0.021139799563247286,0.22145328719722263,0.24415224913494987,0.26795847750866914,729779.7799401921,0.14781173897897373,-0.15378700499807765,0.3839138792772011,4946678
439,24,GUJARAT,AMRELI,0.08882737408688308,0.23646289888508734,0.25990003844683734,0.2761399461744868,1628424.8001603105,0.18558086269552457,-0.186082276047674,0.40359861591695495,8788427
456,24,GUJARAT,PORBANDAR,0.04822760476739597,0.22145328719727012,0.23646289888502336,0.259900038446754,427904.2420193424,0.15391968275650536,-0.14173010380622836,0.42377547097270285,2788240
457,24,GUJARAT,RAJKOT,0.08882737408688719,0.2288965782390885,0.24415224913502956,0.25990003844677695,1692709.1459515663,0.18277914803809106,-0.15378700499807765,0.3839138792772011,9279397
460,24,GUJARAT,SURENDRANAGAR,0.059115724721263765,0.21413302575928592,0.2288965782391023,0.24415224913498645,1760773.2783455227,0.15851537432850088,-0.13016532103037293,0.39369473279507883,11127032
676,24,GUJARAT,BOTAD,0.0797231833910046,0.2141330257592405,0.22889657823911194,0.2441522491349302,493183.52440532995,0.16505248826140254,-0.11374086889657825,0.34602076124567477,2995174
450,24,GUJARAT,KHEDA,-0.012986216775640646,0.2364628988850548,0.25990003844678616,0.2761399461745545,641402.5307522168,0.1538550329352532,-0.15378700499807765,0.36472126105344094,4177913
451,24,GUJARAT,MAHESANA,0.04822760476739517,0.22889657823910203,0.24415224913495961,0.2679584775086825,850421.3276061534,0.15802226342226278,-0.17279507881584008,0.37425605536332185,5393193
446,24,GUJARAT,GANDHINAGAR,0.0448442906574388,0.24415224913492473,0.25990003844675325,0.2761399461745246,440418.8183355374,0.17237271087443498,-0.13588619761630144,0.40359861591695495,2563098
455,24,GUJARAT,PATAN,0.016817359833938828,0.1998615916954834,0.22145328719721366,0.24415224913493372,962906.7649677495,0.13646945611428193,-0.16000000000000003,0.36472126105344094,7069966
058,06,HARYANA,AMBALA,-0.04158400615148082,0.09842368319876985,0.11909265667051189,0.14769703960015249,92417.04080794539,0.04725883143843306,-0.21413302575932336,0.2679584775086506,1963507
059,06,HARYANA,BHIWANI,-0.051733948481350635,0.08421376393696252,0.10340638216071864,0.1301653210303729,144190.80921412932,0.03443691309391516,-0.2519646289888504,0.2679584775086506,4194676
060,06,HARYANA,FARIDABAD,-0.06698961937716359,0.10851211072664965,0.13016532103037243,0.14769703960014857,41797.6361460997,0.044366320299896726,-0.21413302575932336,0.2599000384467512,945230
061,06,HARYANA,FATEHABAD,-0.05173394848135191,0.04822760476739386,0.06698961937716567,0.09356401384082781,31173.65209651368,0.009621340209467536,-0.2364628988850442,0.2364628988850442,3246738
062,06,HARYANA,GURUGRAM,-0.07972318339100515,0.10851211072665892,0.13016532103036574,0.14769703960016006,73707.27951709888,0.04653334368360242,-0.2069357939254133,0.2599000384467512,1589083
063,06,HARYANA,HISAR,-0.05536332179930827,0.06299115724722695,0.07972318339101343,0.10340638216070576,108038.60634422027,0.020754726883333113,-0.2288965782391388,0.2519646289888504,5213950
064,06,HARYANA,JHAJJAR,-0.05911572472126265,0.07535563244904613,0.093564013840824,0.11909265667051104,62065.39708807538,0.02628453627154811,-0.22145328719723184,0.24415224913494812,2367667
065,06,HARYANA,JIND,-0.06299115724721166,0.055363321799302034,0.07535563244905182,0.10340638216070533,58194.98508302535,0.01664796300512087,-0.2288965782391388,0.2599000384467512,3503951
066,06,HARYANA,KAITHAL,-0.05911572472126187,0.05536332179930046,0.07535563244905,0.10340638216070412,64947.44826129435,0.022224512563269298,-0.2519646289888504,0.24415224913494812,2929802
067,06,HARYANA,KARNAL,-0.0711111111111108,0.05911572472125735,0.07535563244905095,0.09842368319877062,59647.7828919241,0.018759870535228613,-0.2364628988850442,0.2679584775086506,3186602
068,06,HARYANA,KURUKSHETRA,-0.04822760476739569,0.06698961937717164,0.08421376393694952,0.11374086889657484,52957.845729932036,0.024532080123484977,-0.2599000384467512,0.2364628988850442,2164099
069,06,HARYANA,MAHENDRAGARH,-0.03693029933317797,0.11909265667052431,0.13588619761629428,0.1600000000000043,170077.54875251884,0.06949383429923432,-0.2599000384467512,0.2599000384467512,2455293
604,06,HARYANA,MEWAT,-0.04822760476739604,0.09842368319876756,0.11374086889657394,0.13016532103036932,88172.44544701338,0.046080081748727866,-0.21413302575932336,0.2519646289888504,1920287
619,06,HARYANA,PALWAL,-0.0448442906574387,0.08421376393695816,0.09842368319876756,0.11909265667051114,67479.88373895948,0.03926868040419114,-0.19986159169550174,0.24415224913494812,1723336
070,06,HARYANA,PANCHKULA,-0.02584299286208442,0.1727950788158506,0.19291041906958442,0.22145328719723678,108888.12848948395,0.09538989269334566,-0.2288965782391388,0.3188927335640138,1145979
071,06,HARYANA,PANIPAT,-0.07972318339100476,0.07111111111111813,0.08882737408688283,0.10851211072664665,39633.75464630808,0.023782688302944888,-0.24415224913494812,0.2599000384467512,1670732
072,06,HARYANA,REWARI,-0.044844290657439126,0.10340638216072039,0.12456747404845084,0.15378700499807985,107943.38007863631,0.05489640118796906,-0.21413302575932336,0.28444444444444444,1972079
073,06,HARYANA,ROHTAK,-0.07972318339100465,0.06698961937716973,0.08421376393694713,0.10851211072664109,36323.905947995656,0.017087129035727778,-0.21413302575932336,0.2599000384467512,2130843
074,06,HARYANA,SIRSA,-0.0629911572472112,0.03844675124952085,0.05536332179930697,0.07972318339100357,-10632.252791603827,-0.00194049108752622,-0.2364628988850442,0.2288965782391388,5487960
075,06,HARYANA,SONIPAT,-0.05911572472126212,0.07535563244904382,0.09356401384082291,0.11374086889657492,76558.35740569365,0.027532067047862884,-0.22145328719723184,0.2599000384467512,2786505
076,06,HARYANA,YAMUNANAGAR,-0.06698961937716387,0.11909265667052107,0.1600000000000048,0.20693579392539654,101138.62716824765,0.045558252337685935,-0.2069357939254133,0.3188927335640138,2225647
701,06,HARYANA,CHARKHI DADRI,-0.048227604767394745,0.09356401384082307,0.11374086889657459,0.14173010380623108,73457.57598269997,0.04181772157665523,-0.22145328719723184,0.2679584775086506,1761774
015,02,HIMACHAL PRADESH,BILASPUR,-0.0753556324490592,0.17937716262979114,0.1929104190695832,0.21413302575932935,130035.14375635497,0.08544067947016748,-0.24415224913494812,0.3014225297962323,1527049
016,02,HIMACHAL PRADESH,CHAMBA,-0.1301653210303717,0.1476970396001728,0.17279507881585038,0.1998615916954885,336011.8057029353,0.03896787123455731,-0.28444444444444444,0.33685505574778934,8634536
017,02,HIMACHAL PRADESH,HAMIRPUR,-0.05911572472126232,0.199861591695483,0.21413302575930923,0.22889657823913603,174215.5348047027,0.11927742400040477,-0.2288965782391388,0.3188927335640138,1464411
018,02,HIMACHAL PRADESH,KANGRA,-0.07972318339100702,0.17937716262981487,0.19986159169548406,0.22145328719721977,634395.2912885607,0.08398424693951145,-0.2679584775086506,0.3278123798539023,7565612
020,02,HIMACHAL PRADESH,KULLU,-0.10851211072664502,0.17937716262980724,0.20693579392538655,0.2364628988850591,490728.4815550239,0.06813211818687509,-0.2761399461745483,0.36472126105344094,7211360
022,02,HIMACHAL PRADESH,MANDI,-0.10340638216070454,0.17937716262981235,0.19986159169548431,0.22145328719722387,381455.68989550153,0.07377529074091221,-0.2519646289888504,0.33685505574778934,5177402
023,02,HIMACHAL PRADESH,SHIMLA,-0.1034063821607043,0.19291041906956527,0.21413302575929302,0.2364628988850585,557941.6002658108,0.08354502312791476,-0.24415224913494812,0.36472126105344094,6689722
024,02,HIMACHAL PRADESH,SIRMAUR,-0.08421376393694936,0.21413302575927196,0.2364628988850135,0.25990003844676435,385360.83902827767,0.10519386817283502,-0.2288965782391388,0.34602076124567477,3670428
025,02,HIMACHAL PRADESH,SOLAN,-0.0629911572472115,0.1929104190695663,0.20693579392538172,0.2288965782391296,247238.21968745792,0.09817198578879768,-0.21413302575932336,0.3278123798539023,2524974
026,02,HIMACHAL PRADESH,UNA,-0.02584650448306662,0.1929104190695894,0.20693579392538428,0.2288965782391336,220945.6455881457,0.10951067701668152,-0.2599000384467512,0.33685505574778934,2022495
019,02,HIMACHAL PRADESH,KINNAUR,-0.10851211072664799,0.18608227604771227,0.2069357939253831,0.236462898885048,623806.991669751,0.07331512301742907,-0.2364628988850442,0.3839138792772011,8518904
021,02,HIMACHAL PRADESH,LAHUL & SPITI,-0.10340638216071178,0.14769703960017652,0.1663360246058876,0.18608227604770158,905146.6860139754,0.049097107910221205,-0.22145328719723184,0.31009611687812383,18455211
,01,JAMMU & KASHMIR,MIRPUR,-0.1245674740484465,0.1476970396001693,0.17279507881585018,0.19291041906959577,236615.36834909563,0.049008188282091435,-0.28444444444444444,0.3278123798539023,4837249
,01,JAMMU & KASHMIR,MUZAFFARABAD,-0.14769703960016087,0.16000000000002043,0.179377162629784,0.19986159169548776,300637.32014996244,0.04628115154550615,-0.28444444444444444,0.34602076124567477,6508506
010,01,JAMMU & KASHMIR,PUNCH,-0.13016532103036854,0.16633602460590002,0.19291041906960393,0.2141330257593322,310159.4626691202,0.054492329581727145,-0.2679584775086506,0.34602076124567477,5700333
001,01,JAMMU & KASHMIR,ANANTNAG,-0.11909265667050976,0.14769703960016808,0.1727950788158503,0.19986159169549145,161971.99728275632,0.04426405979495332,-0.29287197231833906,0.3553094963475586,3666744
003,01,JAMMU & KASHMIR,BARAMULA,-0.15999999999999792,0.166336024605922,0.18608227604770602,0.2141330257593319,127714.16836474718,0.04598237625048162,-0.3014225297962323,0.3278123798539023,2783290
007,01,JAMMU & KASHMIR,KATHUA,-0.09842368319876954,0.15999999999998465,0.1793771626298029,0.19986159169548576,207331.30102469248,0.06267095770748611,-0.2599000384467512,0.31009611687812383,3314635
014,01,JAMMU & KASHMIR,UDHAMPUR,-0.09356401384082855,0.17279507881585085,0.1929104190696058,0.21413302575933144,234455.3998484444,0.07744499421102082,-0.2679584775086506,0.34602076124567477,3033474
002,01,JAMMU & KASHMIR,BADGAM,-0.10851211072664797,0.17279507881585113,0.19291041906957115,0.214133025759332,107718.07612802189,0.0641686403194574,-0.2519646289888504,0.31009611687812383,1682823
623,01,JAMMU & KASHMIR,BANDIPURA,-0.12456747404845199,0.17937716262982403,0.19986159169548356,0.22145328719722465,347752.2739402193,0.06353573386496057,-0.2761399461745483,0.34602076124567477,5482179
626,01,JAMMU & KASHMIR,GANDERBAL,-0.16633602460592442,0.16000000000002068,0.17937716262977813,0.19986159169548862,75366.71652691053,0.03448952498422102,-0.3014225297962323,0.31009611687812383,2192068
622,01,JAMMU & KASHMIR,KULGAM,-0.08882737408688968,0.14769703960017533,0.17279507881585046,0.1929104190695781,95801.7424941291,0.05658243023281614,-0.2364628988850442,0.3014225297962323,1698369
008,01,JAMMU & KASHMIR,KUPWARA,-0.1034063821607058,0.18608227604771105,0.206935793925387,0.22889657823912593,287786.3516216277,0.07753877660874026,-0.2599000384467512,0.34602076124567477,3717596
011,01,JAMMU & KASHMIR,PULWAMA,-0.15999999999999814,0.08882737408688632,0.11909265667050938,0.15378700499807868,6255.871368446756,0.005193725381886223,-0.28444444444444444,0.3014225297962323,1208381
012,01,JAMMU & KASHMIR,RAJAURI,-0.07972318339100419,0.18608227604771235,0.20693579392538516,0.2288965782391427,321246.7123135456,0.09140343724621576,-0.2519646289888504,0.34602076124567477,3521026
621,01,JAMMU & KASHMIR,RAMBAN,-0.17937716262975653,0.14769703960016745,0.1727950788158496,0.19986159169549195,42086.4206105896,0.024487336740627644,-0.29287197231833906,0.33685505574778934,1722238
627,01,JAMMU & KASHMIR,RIASI,-0.15378700499808232,0.15378700499808956,0.17937716262976647,0.2069357939254067,95278.09212512102,0.036989084572870985,-0.2761399461745483,0.33685505574778934,2582725
625,01,JAMMU & KASHMIR,SHUPIYAN,-0.05173394848135347,0.1663360246059249,0.18608227604770494,0.20693579392539516,58611.54277395608,0.0864993726853694,-0.186082276047674,0.3014225297962323,681043
013,01,JAMMU & KASHMIR,SRINAGAR,-0.17279507881584147,0.012056901191849262,0.02460592079969265,0.04158400615148041,-18120.048978320665,-0.047858911835629084,-0.29287197231833906,0.16000000000000003,381957
620,01,JAMMU & KASHMIR,KISHTWAR,-0.11374086889657532,0.14769703960017502,0.1663360246059144,0.19291041906959244,474208.02240416623,0.04338528821548016,-0.28444444444444444,0.3278123798539023,10942149
004,01,JAMMU & KASHMIR,DODA,-0.1476970396001547,0.153787004998089,0.17937716262976525,0.19986159169549006,142812.51751093572,0.044567506491565864,-0.28444444444444444,0.33685505574778934,3210495
624,01,JAMMU & KASHMIR,SAMBA,-0.08882737408688966,0.1245674740484618,0.14769703960016264,0.16633602460592448,55744.15223728605,0.04540675568512029,-0.2364628988850442,0.2679584775086506,1231705
005,01,JAMMU & KASHMIR,JAMMU,-0.10851211072664323,0.13588619761632653,0.16000000000001158,0.18608227604769093,128166.40165750156,0.04008765824434245,-0.2761399461745483,0.3278123798539023,3204791
322,20,JHARKHAND,BOKARO,-0.01676208807851384,0.22889657823911755,0.2599000384467534,0.2844444444444697,420765.6122114123,0.11988670195734226,-0.17937716262975778,0.37425605536332185,3518062
323,20,JHARKHAND,CHATRA,0.05536332179930729,0.31889273356405057,0.33685505574787367,0.35530949634746845,1003880.6040803869,0.21561549066868044,-0.15378700499807765,0.42377547097270285,4666877
325,20,JHARKHAND,DHANBAD,-0.029773164167627618,0.17937716262979747,0.20693579392538838,0.2288965782391299,245946.8324448021,0.0989153163732802,-0.17279507881584008,0.34602076124567477,2490976
324,20,JHARKHAND,DEOGHAR,0.013025533613798742,0.2069357939253814,0.22889657823911755,0.25196462898884475,382024.37789548456,0.12547313043476818,-0.16000000000000003,0.37425605536332185,3050828
326,20,JHARKHAND,DUMKA,-0.01296408870456161,0.2069357939253792,0.22889657823911236,0.2519646289888447,571208.3192061419,0.12402198357737218,-0.16633602460592078,0.3553094963475586,4613615
328,20,JHARKHAND,GARHWA,0.0211388263511604,0.31889273356404224,0.3460207612458722,0.3647212610534214,939720.8519623984,0.18735679156847632,-0.21413302575932336,0.4340484429065744,5023969
329,20,JHARKHAND,GIRIDIH,0.03844675124952011,0.24415224913493971,0.26795847750868884,0.29287197231833556,944852.9983898628,0.1554409399736245,-0.1085121107266436,0.3839138792772011,6087886
330,20,JHARKHAND,GODDA,-0.005676172109068109,0.1998615916954838,0.22889657823911616,0.25196462898884475,293959.96833809215,0.10468837552848735,-0.16633602460592078,0.37425605536332185,2814180
331,20,JHARKHAND,GUMLA,0.059115724721264584,0.31009611687817856,0.33685505574785796,0.3553094963474789,1323993.990318613,0.20353312902669637,-0.13016532103037293,0.4444444444444444,6516036
332,20,JHARKHAND,HAZARIBAGH,0.037032290560162724,0.2928719723183631,0.3100961168781481,0.3278123798539444,992955.2631682617,0.187281744544751,-0.14173010380622836,0.40359861591695495,5315097
333,20,JHARKHAND,JAMTARA,-9.034141833323644E-4,0.19986159169548506,0.22145328719721435,0.2441522491349335,239478.83650015914,0.10845892508664938,-0.12456747404844293,0.34602076124567477,2214404
606,20,JHARKHAND,KHUNTI,0.03705167469975997,0.25990003844677134,0.2844444444444744,0.3188927335640446,552154.010274327,0.17272309225810523,-0.14173010380622836,0.41362552864282975,3204257
334,20,JHARKHAND,KODARMA,0.032541330257593634,0.29287197231842543,0.3100961168782356,0.3188927335640734,371313.80160388246,0.18475680910019568,-0.12456747404844293,0.39369473279507883,2016064
335,20,JHARKHAND,LATEHAR,0.11374086889657466,0.34602076124584524,0.3647212610535104,0.37425605536345924,1340467.0287100452,0.25916006480721815,-0.09356401384083046,0.47637062668204533,5182155
336,20,JHARKHAND,LOHARDAGA,0.0797231833910086,0.3278123798538925,0.35530949634750764,0.3742560553633022,389648.17433738825,0.2125387357069265,-0.07972318339100345,0.4444444444444444,1838361
337,20,JHARKHAND,PAKUR,-0.036874341649037426,0.1860822760477066,0.20693579392539102,0.22889657823913176,207918.53334388116,0.09409117934436294,-0.17279507881584008,0.33685505574778934,2216228
338,20,JHARKHAND,PALAMU,0.01683839255549335,0.2679584775087001,0.30142252979620016,0.3188927335640612,857782.2638103884,0.1586191893950629,-0.15378700499807765,0.40359861591695495,5416996
343,20,JHARKHAND,WEST SINGHBHUM,0.0017435314031764007,0.25990003844681464,0.284444444444449,0.3100961168781772,1351388.6930475903,0.1549078158543513,-0.15378700499807765,0.39369473279507883,8734513
327,20,JHARKHAND,EAST SINGHBHUM,-0.09356401384082609,0.19986159169548393,0.22889657823912388,0.2599000384467685,403235.98200496496,0.09380969059490751,-0.186082276047674,0.34602076124567477,4306723
607,20,JHARKHAND,RAMGARH,-0.009636491304021475,0.21413302575933113,0.24415224913494027,0.2761399461745533,208213.4380131664,0.12257875445263552,-0.14173010380622836,0.36472126105344094,1705200
339,20,JHARKHAND,RANCHI,0.005821016620778949,0.2519646289888445,0.2761399461745328,0.31009611687812855,921377.2548131322,0.1520294385216944,-0.17279507881584008,0.42377547097270285,6072574
340,20,JHARKHAND,SAHIBGANJ,-0.088827374086883,0.17279507881578812,0.19986159169548445,0.22145328719720916,187223.35543158994,0.06938023623856579,-0.2069357939254133,0.34602076124567477,2704649
341,20,JHARKHAND,SARAIKELA-KHARSAWAN,-0.025828195545189198,0.19291041906957004,0.22145328719720092,0.251964628988845,303718.85879801627,0.09427972962151741,-0.15378700499807765,0.34602076124567477,3228630
342,20,JHARKHAND,SIMDEGA,0.05536332179930894,0.2928719723184149,0.3188927335640616,0.32781237985390493,944778.2858783231,0.2068239321047438,-0.1085121107266436,0.41362552864282975,4575865
524,29,KARNATAKA,BAGALKOT,0.06299115724721123,0.24415224913508482,0.2599000384468336,0.2761399461745598,1308260.357845449,0.17156221259587204,-0.09842368319876971,0.3839138792772011,7637876
528,29,KARNATAKA,BALLARI,0.04484429065744056,0.2519646289890457,0.2679584775087057,0.28444444444447753,1653405.9994029764,0.1687710268600507,-0.1085121107266436,0.39369473279507883,9811668
527,29,KARNATAKA,BELAGAVI,0.07111111111111708,0.2599000384468264,0.30142252979626255,0.34602076124587766,2912402.713143493,0.18636720810217824,-0.12456747404844293,0.46560553633217994,15647841
526,29,KARNATAKA,BENGALURU RURAL,0.06698961937716374,0.23646289888503186,0.25196462898886074,0.2679584775086719,477876.7220840903,0.18110153375373955,-0.13016532103037293,0.39369473279507883,2647699
525,29,KARNATAKA,BENGALURU URBAN,-0.025885247726883463,0.22145328719719992,0.2441522491349271,0.259900038446764,364414.01858032163,0.14465810993459247,-0.16633602460592078,0.39369473279507883,2525378
529,29,KARNATAKA,BIDAR,0.09356401384083911,0.22889657823909956,0.24415224913492417,0.26795847750866203,1116483.1860007553,0.17449231085336417,-0.04822760476739715,0.39369473279507883,6408943
531,29,KARNATAKA,CHAMARAJANAGAR,0.05536332179930889,0.26795847750870205,0.28444444444447664,0.30142252979620726,1243519.9046650063,0.19267071970553143,-0.16633602460592078,0.41362552864282975,6464990
630,29,KARNATAKA,CHIK BALLAPUR,0.08882737408688883,0.24415224913504857,0.251964628988931,0.2679584775086821,935192.0162585122,0.19164425255286763,-0.13588619761630144,0.37425605536332185,4888990
532,29,KARNATAKA,CHIKKAMAGALURU,0.0842137639369464,0.3368550557478957,0.3553094963475636,0.37425605536340045,2029240.6963549212,0.2451082944257887,-0.14769703960015382,0.47637062668204533,8290158
533,29,KARNATAKA,CHITRADURGA,0.10851211072664911,0.26795847750870844,0.28444444444447514,0.3100961168781222,2040388.1208542509,0.20981412618423453,-0.1085121107266436,0.42377547097270285,9737571
534,29,KARNATAKA,DAKSHINA KANNADA,0.03699681531881809,0.32781237985383216,0.3460207612457842,0.3647212610534154,1326561.0444284917,0.23816330116448853,-0.16633602460592078,0.47637062668204533,5579048
535,29,KARNATAKA,DAVANGERE,0.009649384850273652,0.27613994617452403,0.30142252979621936,0.32781237985392053,1319873.0751038734,0.19307957902323628,-0.13588619761630144,0.4444444444444444,6847089
536,29,KARNATAKA,DHARWAD,0.11374086889657371,0.25990003844681187,0.3014225297962922,0.3278123798538645,928568.5455385933,0.1881145092450886,-0.07972318339100345,0.41362552864282975,4944779
537,29,KARNATAKA,GADAG,0.10340638216070407,0.23646289888505714,0.2519646289889298,0.2679584775086837,964095.5596793452,0.1785468366714208,-0.09842368319876971,0.36472126105344094,5409858
539,29,KARNATAKA,HASSAN,0.08882737408688474,0.29287197231836787,0.3100961168781502,0.3460207612457332,1711706.8290349767,0.21898173255378242,-0.17937716262975778,0.46560553633217994,7828705
540,29,KARNATAKA,HAVERI,0.05911572472126207,0.2519646289888539,0.27613994617454923,0.31009611687809646,1019142.0985435885,0.18283816474669162,-0.10340638216070744,0.4340484429065744,5582700
538,29,KARNATAKA,KALABURAGI,0.0711111111111165,0.20693579392537656,0.22889657823911586,0.25990003844675336,1991314.988878424,0.1553458533632327,-0.13588619761630144,0.39369473279507883,12835141
541,29,KARNATAKA,KODAGU,0.05173394848135475,0.32781237985383055,0.34602076124580256,0.3647212610534547,1114665.0703877255,0.2374108851139586,-0.15378700499807765,0.46560553633217994,4703960
542,29,KARNATAKA,KOLAR,0.05911572472126237,0.23646289888505878,0.25196462898892674,0.26795847750868107,803496.078045432,0.17591821391194207,-0.14769703960015382,0.36472126105344094,4576751
543,29,KARNATAKA,KOPPAL,0.03844675124952154,0.2364628988851082,0.2519646289889799,0.2679584775086915,1113418.3033911702,0.172328525312609,-0.1085121107266436,0.37425605536332185,6471180
544,29,KARNATAKA,MANDYA,0.05536332179930715,0.26795847750870655,0.2844444444444541,0.3014225297962119,1103116.7300834148,0.1940303354679724,-0.15378700499807765,0.40359861591695495,5695228
545,29,KARNATAKA,MYSURU,0.048227604767395786,0.2928719723183941,0.31889273356394204,0.336855055747863,1393629.284960352,0.1931536329114109,-0.14173010380622836,0.42377547097270285,7227650
546,29,KARNATAKA,RAICHUR,0.024605920799693586,0.20693579392537634,0.22889657823909992,0.2519646289889001,1317923.2427748425,0.13422332385083383,-0.1085121107266436,0.36472126105344094,9829398
631,29,KARNATAKA,RAMANAGARAM,0.0629911572472115,0.2519646289889962,0.26795847750869617,0.28444444444447065,782494.6970053071,0.19439012085496885,-0.16000000000000003,0.3839138792772011,4034113
547,29,KARNATAKA,SHIVAMOGGA,0.0711111111111108,0.35530949634758136,0.37425605536348183,0.393694732795036,2483262.0441408954,0.2542182791934598,-0.12456747404844293,0.4982698961937717,9782492
548,29,KARNATAKA,TUMAKURU,0.09842368319876907,0.2844444444443058,0.30142252979618456,0.3188927335640593,2715795.8086034693,0.22289378534913754,-0.15378700499807765,0.4340484429065744,12204538
549,29,KARNATAKA,UDUPI,0.016815492001603146,0.3460207612457967,0.37425605536337664,0.4035986159169615,998490.7678874229,0.24246206041697685,-0.16000000000000003,0.4982698961937717,4125180
550,29,KARNATAKA,UTTARA KANNADA,0.059115724721263585,0.3742560553633827,0.38391387927710174,0.4035986159169057,3242329.283932847,0.27295812332211417,-0.186082276047674,0.4982698961937717,11893283
530,29,KARNATAKA,VIJAYAPURA,0.0753556324490544,0.22145328719730323,0.2364628988850111,0.25196462898884453,2003040.1981912386,0.16352625330910497,-0.11374086889657825,0.36472126105344094,12262243
635,29,KARNATAKA,YADGIR,0.02460592079969197,0.22889657823910334,0.24415224913494313,0.26795847750868346,939400.6639434928,0.15274815550108364,-0.09842368319876971,0.37425605536332185,6160245
554,32,KERALA,ALAPPUZHA,-0.13016532103036801,0.19291041906960213,0.21413302575933274,0.2364628988850558,110975.86626677222,0.06891535645830456,-0.22145328719723184,0.36472126105344094,1615612
555,32,KERALA,ERNAKULAM,-0.04484429065743872,0.25196462898893346,0.27613994617452653,0.3100961168781105,496789.01919369586,0.14294094557894751,-0.2288965782391388,0.47637062668204533,3482949
556,32,KERALA,IDUKKI,-0.021083872122266582,0.26795847750869867,0.29287197231833134,0.31889273356405334,819114.9628922053,0.1656504705260923,-0.186082276047674,0.454963475586313,4955513
557,32,KERALA,KANNUR,0.012973297592233387,0.28444444444448097,0.30142252979622547,0.3278123798539189,696005.9441539221,0.20524559709831075,-0.15378700499807765,0.46560553633217994,3397343
558,32,KERALA,KASARAGOD,0.025899465700875333,0.2928719723183432,0.3100961168780844,0.3368550557477731,488748.4915414402,0.2141991169497202,-0.17279507881584008,0.4444444444444444,2288384
559,32,KERALA,KOLLAM,-0.025844382929113043,0.2599000384467569,0.3014225297961994,0.34602076124566034,454811.489077869,0.16173045304873176,-0.2519646289888504,0.47637062668204533,2818601
560,32,KERALA,KOTTAYAM,-0.09842368319876663,0.24415224913496383,0.26795847750868407,0.2844444444444689,334661.17909789423,0.13377867197964358,-0.22145328719723184,0.42377547097270285,2507427
561,32,KERALA,KOZHIKODE,-0.0017074125159042453,0.30142252979616313,0.31889273356406544,0.3368550557478263,556755.8784775562,0.2078286839536529,-0.21413302575932336,0.4444444444444444,2684454
562,32,KERALA,MALAPPURAM,0.0017124437045223909,0.2928719723183958,0.3100961168781588,0.32781237985394207,831737.2598005395,0.2053323556194059,-0.1929104190695886,0.4444444444444444,4058183
563,32,KERALA,PALAKKAD,0.01682905345996899,0.29287197231832623,0.3188927335640653,0.33685505574779334,999944.0145860614,0.19597310631419396,-0.17279507881584008,0.46560553633217994,5112539
564,32,KERALA,PATTANAMTHITTA,-0.021088823520471898,0.2679584775086967,0.3014225297962122,0.32781237985391926,495065.0887169171,0.16481797088543823,-0.22145328719723184,0.46560553633217994,3011006
565,32,KERALA,THIRUVANANTHAPURAM,-0.021076339294892218,0.25990003844674414,0.2928719723183179,0.33685505574776997,403342.42854566174,0.16261579529682624,-0.2519646289888504,0.47637062668204533,2485730
566,32,KERALA,TRISSUR,-0.044844290657438335,0.29287197231832723,0.3188927335640504,0.35530949634754,643231.6356934926,0.18666663830111305,-0.186082276047674,0.48725874663590923,3453173
567,32,KERALA,WAYANAD,0.03702340062976795,0.3188927335640767,0.33685505574783503,0.3553094963475304,527933.7408868135,0.21695623385873194,-0.17937716262975778,0.4444444444444444,2438701
009,37,LADAKH,LEH,-0.12456747404845377,0.14769703960015695,0.16633602460587749,0.18608227604769956,1.045232207324598E7,0.04988150297884846,-0.3188927335640138,0.36472126105344094,209611635
006,37,LADAKH,KARGIL,-0.13016532103037565,0.13016532103034376,0.15378700499808148,0.17279507881584988,608944.6504653868,0.03193883420296348,-0.24415224913494812,0.28444444444444444,19084969
553,31,LAKSHADWEEP,LAKSHADWEEP,-0.06698961937716266,0.2928719723183384,0.31009611687812383,0.32781237985390244,5169.098338828986,0.16411276388421167,-0.13588619761630144,0.37425605536332185,33702
667,23,MADHYA PRADESH,AGAR MALWA,0.10851211072664683,0.2599000384468262,0.2761399461745196,0.2928719723183219,690929.4505575619,0.20726591372252268,-0.1085121107266436,0.37425605536332185,3340865
639,23,MADHYA PRADESH,ALIRAJPUR,0.12456747404844051,0.31009611687818045,0.32781237985389516,0.33685505574784225,995351.9598202696,0.24748076926481674,-0.05536332179930796,0.42377547097270285,4031207
390,23,MADHYA PRADESH,ANUPPUR,0.08882737408688476,0.2844444444444746,0.3188927335640542,0.34602076124567294,907789.4814035113,0.19829010253767998,-0.12456747404844293,0.4340484429065744,4589056
391,23,MADHYA PRADESH,ASHOKNAGAR,0.08421376393694763,0.23646289888507074,0.2599000384467811,0.2761399461745554,1035380.2931273229,0.17807627831997144,-0.11374086889657825,0.3839138792772011,5822740
392,23,MADHYA PRADESH,BALAGHAT,0.03254133025759254,0.3278123798538401,0.34602076124583764,0.3553094963475289,2391650.3420513924,0.21491837567907413,-0.12456747404844293,0.4340484429065744,11141974
393,23,MADHYA PRADESH,BARWANI,0.1085121107266422,0.2679584775087132,0.28444444444442796,0.3014225297962047,1417463.9033056472,0.21715349069145728,-0.07972318339100345,0.3839138792772011,6536978
394,23,MADHYA PRADESH,BETUL,0.14769703960016098,0.310096116878231,0.32781237985382466,0.3368550557478729,2995537.575984259,0.24764082608473292,-0.10340638216070744,0.41362552864282975,12110448
395,23,MADHYA PRADESH,BHIND,0.002651116394353415,0.16633602460589592,0.1929104190695864,0.20693579392539074,510229.08950416633,0.0917696697389362,-0.16000000000000003,0.33685505574778934,5571431
396,23,MADHYA PRADESH,BHOPAL,0.07535563244905215,0.25990003844679094,0.2844444444444735,0.3014225297961966,654393.5681709336,0.19434725846616058,-0.11374086889657825,0.39369473279507883,3374356
397,23,MADHYA PRADESH,BURHANPUR,0.09842368319877255,0.29287197231837203,0.3100961168781571,0.3278123798539174,831434.8615436384,0.21499194732833674,-0.07111111111111111,0.40359861591695495,3873783
398,23,MADHYA PRADESH,CHHATARPUR,0.07972318339101117,0.25990003844684456,0.28444444444443445,0.31009611687815275,1984166.0359921814,0.18600357247332783,-0.13588619761630144,0.40359861591695495,10687142
399,23,MADHYA PRADESH,CHHINDWARA,0.11909265667051973,0.3014225297961808,0.3188927335640029,0.33685505574784563,3335705.4517636793,0.2343252491836183,-0.09842368319876971,0.4444444444444444,14251129
400,23,MADHYA PRADESH,DAMOH,0.0842137639369505,0.2761399461744444,0.3014225297962136,0.3188927335640401,1721072.644140353,0.19315510188969956,-0.09356401384083046,0.40359861591695495,8922849
401,23,MADHYA PRADESH,DATIA,0.0026487731608448623,0.18608227604770128,0.20693579392539527,0.2288965782391493,338640.06076057523,0.10171026957906376,-0.14173010380622836,0.3553094963475586,3340498
402,23,MADHYA PRADESH,DEWAS,0.12456747404844877,0.30142252979621076,0.31889273356392195,0.3368550557478698,1871540.6223468338,0.22042513782312467,-0.08421376393694734,0.40359861591695495,8505726
403,23,MADHYA PRADESH,DHAR,0.11909265667051028,0.259900038446903,0.2761399461744807,0.2928719723183156,2070620.2683085438,0.21009096336770874,-0.13588619761630144,0.39369473279507883,9867234
404,23,MADHYA PRADESH,DINDORI,0.10851211072665014,0.31889273356395903,0.33685505574787056,0.3647212610534057,1490500.3476188523,0.21407315162040358,-0.04822760476739715,0.4444444444444444,6974940
405,23,MADHYA PRADESH,EAST NIMAR,0.048227604767387175,0.30142252979613976,0.3188927335639639,0.32781237985383405,1886444.687787063,0.20982374949324817,-0.186082276047674,0.40359861591695495,9002549
406,23,MADHYA PRADESH,GUNA,0.13016532103036707,0.2679584775087053,0.28444444444447947,0.30142252979617634,1614128.474383344,0.20617111188074766,-0.11909265667051133,0.40359861591695495,7842335
407,23,MADHYA PRADESH,GWALIOR,0.006861448136140876,0.20693579392537542,0.22145328719727744,0.23646289888500205,696736.4104488762,0.12295811516537379,-0.14769703960015382,0.33685505574778934,5674029
408,23,MADHYA PRADESH,HARDA,0.10851211072665085,0.31009611687826066,0.3188927335638202,0.3368550557478716,842632.7210545143,0.20910661044417173,-0.08421376393694734,0.41362552864282975,4035848
409,23,MADHYA PRADESH,HOSHANGABAD,0.041584006151481154,0.3100961168782482,0.3278123798538394,0.3368550557478688,1496218.6738003495,0.1850812290532374,-0.14769703960015382,0.42377547097270285,8095645
410,23,MADHYA PRADESH,INDORE,0.08421376393694671,0.267958477508694,0.29287197231833434,0.3188927335640568,948008.6813730492,0.20044818934897185,-0.12456747404844293,0.39369473279507883,4738802
411,23,MADHYA PRADESH,JABALPUR,0.03254133025759385,0.25196462898887945,0.27613994617451676,0.3014225297962162,983523.1472131856,0.15896105585267992,-0.15378700499807765,0.40359861591695495,6198352
412,23,MADHYA PRADESH,JHABUA,0.15378700499807857,0.2761399461744475,0.2928719723183697,0.3014225297962314,976608.1966439849,0.23405809201056893,-0.05911572472126105,0.39369473279507883,4179358
413,23,MADHYA PRADESH,KATNI,0.06698961937716368,0.28444444444447936,0.3100961168781591,0.3368550557478341,1146387.320333846,0.18599788150180713,-0.11909265667051133,0.4340484429065744,6175594
415,23,MADHYA PRADESH,MANDLA,0.08421376393695298,0.31889273356394854,0.3368550557478836,0.3553094963475881,1984366.364889858,0.21837562381238726,-0.12456747404844293,0.4444444444444444,9100880
416,23,MADHYA PRADESH,MANDSAUR,0.04484429065745318,0.23646289888508742,0.25196462898892064,0.2679584775086831,1278804.0163662601,0.1883685405255583,-0.12456747404844293,0.37425605536332185,6799773
417,23,MADHYA PRADESH,MORENA,0.015747789311802884,0.18608227604768407,0.19986159169548381,0.22145328719722457,705636.8339174264,0.11361381071721177,-0.16000000000000003,0.33685505574778934,6223463
418,23,MADHYA PRADESH,NARSHIMAPURA,0.075355632449054,0.2844444444444808,0.3100961168781288,0.32781237985390205,1167427.5477518078,0.1875229826101648,-0.11909265667051133,0.42377547097270285,6236392
419,23,MADHYA PRADESH,NIMACH,0.04484429065745206,0.25196462898903854,0.26795847750870444,0.2844444444444756,1031076.4802168403,0.19594875614545657,-0.13588619761630144,0.37425605536332185,5274602
420,23,MADHYA PRADESH,PANNA,0.07111111111111579,0.25990003844684423,0.2844444444444558,0.310096116878122,1608145.6979334361,0.1848245305032336,-0.1085121107266436,0.42377547097270285,8717597
421,23,MADHYA PRADESH,RAISEN,0.03704371853938004,0.29287197231840173,0.31009611687819877,0.3278123798538757,1909371.9277429753,0.1854332738189254,-0.11374086889657825,0.39369473279507883,10312010
422,23,MADHYA PRADESH,RAJGARH,0.1190926566705111,0.25196462898901595,0.26795847750870205,0.29287197231831597,1556865.7045676268,0.2068639890489523,-0.11909265667051133,0.3839138792772011,7535187
423,23,MADHYA PRADESH,RATLAM,0.13588619761630055,0.25990003844689025,0.27613994617449744,0.2844444444444765,1273861.1713100101,0.21555811600412594,-0.09356401384083046,0.37425605536332185,5920371
424,23,MADHYA PRADESH,REWA,0.0017396997144745667,0.19986159169548326,0.22145328719721535,0.25196462898884475,948292.7334880595,0.12252794160614824,-0.17937716262975778,0.40359861591695495,7751995
425,23,MADHYA PRADESH,SAGAR,0.11909265667051547,0.284444444444465,0.30142252979624506,0.31889273356406345,2643026.201936136,0.21094381470183754,-0.1085121107266436,0.40359861591695495,12549508
426,23,MADHYA PRADESH,SATNA,0.04158400615148117,0.24415224913497108,0.26795847750868707,0.29287197231832807,1420182.47174457,0.15384730333986926,-0.1929104190695886,0.41362552864282975,9250027
427,23,MADHYA PRADESH,SEHORE,0.06299115724721127,0.27613994617444715,0.2928719723183847,0.3100961168781282,1656951.8153671587,0.20806911945515358,-0.09842368319876971,0.39369473279507883,7979648
428,23,MADHYA PRADESH,SEONI,0.08882737408688472,0.30142252979612566,0.31889273356385595,0.33685505574787356,2174933.188596074,0.20569921912375216,-0.13016532103037293,0.40359861591695495,10587279
429,23,MADHYA PRADESH,SHAHDOL,0.06299115724721137,0.3188927335640468,0.3460207612458351,0.36472126105347674,1492970.4863750343,0.2157039768521995,-0.14173010380622836,0.42377547097270285,6933487
430,23,MADHYA PRADESH,SHAJAPUR,0.14173010380624043,0.2519646289889309,0.2679584775086921,0.28444444444447103,864264.3869518627,0.2052339852287193,-0.09356401384083046,0.37425605536332185,4219787
431,23,MADHYA PRADESH,SHEOPUR,0.025964309054396336,0.2679584775087154,0.2761399461744227,0.29287197231836115,1414874.7357737434,0.17285038743385078,-0.16000000000000003,0.39369473279507883,8196536
432,23,MADHYA PRADESH,SHIVPURI,0.05536332179930087,0.24415224913510472,0.25990003844681825,0.27613994617452486,2302436.011054323,0.18127397894047137,-0.10340638216070744,0.3839138792772011,12718231
433,23,MADHYA PRADESH,SIDHI,0.04484429065743826,0.33685505574775754,0.3553094963475517,0.37425605536345125,1217760.230439624,0.20833803155364453,-0.14769703960015382,0.4444444444444444,5855562
638,23,MADHYA PRADESH,SINGRAULI,0.032541330257592274,0.2928719723183923,0.31889273356396247,0.33685505574785635,1342904.7856392611,0.19030885290035893,-0.1929104190695886,0.41362552864282975,7066555
434,23,MADHYA PRADESH,TIKAMGARH,0.08421376393694693,0.24415224913506284,0.2679584775086972,0.2844444444444722,839091.9354261796,0.18318116357334513,-0.14173010380622836,0.37425605536332185,4588875
435,23,MADHYA PRADESH,UJJAIN,0.1358861976163026,0.2519646289890268,0.2599000384468259,0.2761399461745444,1550474.782491455,0.20902365549648072,-0.11909265667051133,0.36472126105344094,7431237
436,23,MADHYA PRADESH,UMARIA,0.0797231833910044,0.3368550557477289,0.3553094963475322,0.3647212610535127,1289649.46745231,0.23130313764007926,-0.08882737408688965,0.42377547097270285,5584765
437,23,MADHYA PRADESH,VIDISHA,0.07535563244904764,0.2519646289889313,0.27613994617448967,0.30142252979626566,1579431.79884364,0.17713263580091085,-0.09356401384083046,0.40359861591695495,8929692
414,23,MADHYA PRADESH,WEST NIMAR,0.11374086889657502,0.2599000384468279,0.2844444444444261,0.30142252979619744,1978045.7040285722,0.20476103949205546,-0.10340638216070744,0.3839138792772011,9673296
722,23,MADHYA PRADESH,NIVARI,0.051733948481354014,0.2441522491349384,0.26795847750868024,0.28444444444446615,292315.72090853244,0.17916913917511795,-0.11374086889657825,0.37425605536332185,1640914
466,27,MAHARASHTRA,AHAMADNAGAR,0.1137408688965768,0.25196462898904576,0.2679584775087002,0.2928719723183768,4089211.025599359,0.2022200911315167,-0.14173010380622836,0.454963475586313,20247712
467,27,MAHARASHTRA,AKOLA,0.07972318339100996,0.2214532871972562,0.24415224913497907,0.26795847750868834,1060365.5551871406,0.16321621610201176,-0.1085121107266436,0.37425605536332185,6508098
468,27,MAHARASHTRA,AMARAVATI,0.07972318339101075,0.29287197231828443,0.31009611687826727,0.3278123798538097,2741791.865018241,0.18757823050614544,-0.15378700499807765,0.41362552864282975,14634927
469,27,MAHARASHTRA,AURANGABAD,0.11374086889659009,0.2519646289890575,0.267958477508704,0.2928719723183439,2481846.451559242,0.2062455754485718,-0.11909265667051133,0.40359861591695495,12049449
471,27,MAHARASHTRA,BHANDARA,-0.005702564124925005,0.2928719723183944,0.3100961168781802,0.3278123798538967,751956.2107047591,0.15184164135925327,-0.16000000000000003,0.41362552864282975,4961610
470,27,MAHARASHTRA,BID,0.11909265667051347,0.24415224913512745,0.25990003844682114,0.26795847750869584,2474896.3514082534,0.19756349489321862,-0.12456747404844293,0.3553094963475586,12544794
472,27,MAHARASHTRA,BULDHANA,0.10340638216071106,0.24415224913504335,0.25990003844678217,0.2928719723183204,2172837.358423884,0.1870564359476939,-0.09842368319876971,0.41362552864282975,11630150
473,27,MAHARASHTRA,CHANDRAPUR,0.037059960878152054,0.3014225297961198,0.31009611687825456,0.32781237985386685,2438582.1060772915,0.18040405802498435,-0.15378700499807765,0.40359861591695495,13530633
474,27,MAHARASHTRA,DHULE,0.10851211072664373,0.2599000384468474,0.2761399461745093,0.2928719723183446,1778982.3788944422,0.20672084856318315,-0.10340638216070744,0.42377547097270285,8617611
475,27,MAHARASHTRA,GADCHIROLI,0.0517339484813544,0.3368550557477268,0.34602076124581244,0.3553094963475555,4205818.440325201,0.24424758722342302,-0.16000000000000003,0.4444444444444444,17237884
476,27,MAHARASHTRA,GONDIA,0.005838087765182558,0.310096116878256,0.31889273356392084,0.3368550557478486,1158152.1094663166,0.186630030784009,-0.13588619761630144,0.41362552864282975,6215661
477,27,MAHARASHTRA,HINGOLI,0.07111111111111448,0.22889657823909706,0.24415224913498337,0.2679584775086748,940057.0764701462,0.16825773899115806,-0.08882737408688965,0.36472126105344094,5596711
478,27,MAHARASHTRA,JALGAON,0.08882737408687065,0.25990003844684556,0.27613994617451254,0.3014225297962136,2843603.4790693596,0.20170354554219422,-0.1085121107266436,0.40359861591695495,14113319
479,27,MAHARASHTRA,JALNA,0.11374086889657398,0.2214532871973056,0.23646289888499808,0.2519646289888446,1665561.6155986767,0.18274770960822412,-0.09356401384083046,0.37425605536332185,9127228
480,27,MAHARASHTRA,KOLHAPUR,0.07535563244905039,0.3100961168781735,0.34602076124574216,0.3839138792772056,1916194.9632973443,0.21425659167425362,-0.10340638216070744,0.48725874663590923,8961350
481,27,MAHARASHTRA,LATUR,0.11374086889657387,0.2288965782390901,0.2441522491349768,0.25990003844676285,1576745.1879985959,0.185933748698111,-0.09842368319876971,0.3553094963475586,8490449
482,27,MAHARASHTRA,MUMBAI CITY,-0.07111111111111121,0.13016532103037448,0.15378700499807862,0.17279507881583947,3920.6531545181097,0.051961354926071526,-0.16000000000000003,0.2761399461745483,76546
484,27,MAHARASHTRA,NAGPUR,0.02592745186728953,0.2761399461744575,0.3014225297961248,0.3188927335639235,1910551.622830998,0.1611863355774256,-0.16633602460592078,0.41362552864282975,11865192
485,27,MAHARASHTRA,NANDED,0.08421376393694666,0.24415224913497807,0.27613994617456306,0.301422529796174,2200709.200692993,0.17674333926440017,-0.10340638216070744,0.40359861591695495,12472028
486,27,MAHARASHTRA,NANDURBAR,0.0935640138408241,0.276139946174424,0.29287197231842443,0.3188927335640624,1430888.302528316,0.2001393375078306,-0.10340638216070744,0.41362552864282975,7163183
487,27,MAHARASHTRA,NASHIK,0.10851211072664706,0.27613994617441534,0.29287197231839185,0.3100961168781599,4092227.5350452084,0.22156758321871925,-0.11374086889657825,0.4444444444444444,18486361
488,27,MAHARASHTRA,USMANABAD,0.11374086889657424,0.2364628988850881,0.251964628988988,0.2679584775086886,1745118.050639581,0.19586282299701413,-0.08882737408688965,0.3839138792772011,8925215
665,27,MAHARASHTRA,PALGHAR,0.051733948481351044,0.2928719723184255,0.31009611687816496,0.3278123798539085,1370884.5617169847,0.21909076892512683,-0.16000000000000003,0.41362552864282975,6266083
489,27,MAHARASHTRA,PARBHANI,0.08882737408688883,0.22145328719725063,0.23646289888501418,0.2519646289888446,1288950.5410695635,0.17271384431245826,-0.11374086889657825,0.36472126105344094,7474260
490,27,MAHARASHTRA,PUNE,0.07535563244905442,0.2679584775087105,0.2928719723184103,0.3100961168781506,3680026.3691869853,0.19953120893908272,-0.14173010380622836,0.46560553633217994,18462996
491,27,MAHARASHTRA,RAYGAD,0.03706799515250214,0.2928719723183912,0.3100961168781318,0.32781237985393286,1642764.6965454197,0.19973302388991324,-0.14173010380622836,0.4444444444444444,8238352
492,27,MAHARASHTRA,RATNAGIRI,0.07972318339100509,0.30142252979620376,0.31009611687820765,0.32781237985393324,2218685.644785249,0.22865625241143214,-0.11909265667051133,0.46560553633217994,9717129
493,27,MAHARASHTRA,SANGLI,0.08882737408688514,0.23646289888510522,0.2519646289889345,0.2761399461745411,1875174.1698323751,0.18639383073203883,-0.07111111111111111,0.5094040753556325,10078127
494,27,MAHARASHTRA,SATARA,0.09842368319877075,0.2761399461744437,0.2928719723184189,0.32781237985394346,2591798.8537779087,0.21096580572301366,-0.11374086889657825,0.48725874663590923,12298534
495,27,MAHARASHTRA,SINDHUDURG,0.06299115724721141,0.30142252979621303,0.31889273356405906,0.33685505574781177,1326597.4422141602,0.22331157129244888,-0.11909265667051133,0.47637062668204533,5951789
496,27,MAHARASHTRA,SOLAPUR,0.08882737408688536,0.22889657823909135,0.24415224913499728,0.2519646289888884,3107190.4680155013,0.17823342738498976,-0.11374086889657825,0.37425605536332185,17457025
483,27,MAHARASHTRA,SUB URBAN MUMBAI,-0.051733948481353265,0.24415224913494202,0.2679584775086491,0.29287197231835344,54768.38172128922,0.10733317216835091,-0.17279507881584008,0.42377547097270285,512479
497,27,MAHARASHTRA,THANE,0.025949414892180653,0.3014225297962796,0.31889273356406633,0.33685505574783725,1021782.1635699351,0.2018992907917366,-0.16633602460592078,0.4340484429065744,5069267
498,27,MAHARASHTRA,WARDHA,0.06698961937716329,0.2519646289890006,0.2761399461744396,0.30142252979625983,1199391.809560995,0.15919865286396345,-0.14173010380622836,0.39369473279507883,7543509
499,27,MAHARASHTRA,WASHIM,0.09842368319876725,0.2288965782390988,0.25196462898889055,0.27613994617456566,1097632.686609813,0.17966727177126066,-0.09842368319876971,0.37425605536332185,6120783
500,27,MAHARASHTRA,YAVATMAL,0.07111111111111462,0.2679584775087043,0.30142252979621503,0.3188927335640014,2905717.5443840576,0.1798689032143409,-0.15378700499807765,0.40359861591695495,16172960
252,14,MANIPUR,BISHNUPUR,-0.12456747404844248,0.08421376393695004,0.12456747404844029,0.16633602460592276,-457.31272177385677,-7.761848981339106E-4,-0.1929104190695886,0.3014225297962323,592328
253,14,MANIPUR,CHANDEL,0.0026659724045728648,0.2069357939253784,0.22145328719720328,0.2364628988850603,322461.51235685183,0.13366909249057968,-0.13588619761630144,0.34602076124567477,2417211
254,14,MANIPUR,CHURACHANDPUR,-0.02977316416762822,0.19291041906958906,0.21413302575932655,0.22889657823914802,326387.53926936013,0.10945388921430957,-0.19986159169550174,0.3278123798539023,2987741
256,14,MANIPUR,IMPHAL WEST,-0.11909265667051368,0.1034063821607051,0.13016532103037334,0.16633602460592326,3857.4799990943707,0.006437554368221401,-0.2069357939254133,0.3278123798539023,603204
255,14,MANIPUR,IMPHAL EAST,-0.07972318339100211,0.13016532103037878,0.15378700499808606,0.1727950788158488,17244.903751341106,0.032397765858726536,-0.17279507881584008,0.2679584775086506,535890
713,14,MANIPUR,JIRIBAM,-0.1358861976163013,0.17279507881585,0.1860822760476833,0.2069357939254185,30779.16881849948,0.08492823623680054,-0.2288965782391388,0.28444444444444444,365087
260,14,MANIPUR,UKHRUL,-0.0177777777777774,0.19986159169548331,0.2141330257592674,0.2364628988850603,306589.5957010088,0.11884847410152409,-0.17279507881584008,0.3188927335640138,2585246
257,14,MANIPUR,SENAPATI,-0.041584006151480855,0.1860822760476979,0.20693579392538453,0.22889657823913576,221994.21693021146,0.10270369022666445,-0.19986159169550174,0.3188927335640138,2166467
258,14,MANIPUR,TAMENGLONG,-0.051733948481354375,0.1929104190695736,0.22145328719721025,0.24415224913493233,376297.96275843034,0.10124839285675043,-0.24415224913494812,0.3278123798539023,3724282
259,14,MANIPUR,THOUBAL,-0.14769703960015862,0.08882737408688683,0.11909265667051203,0.1476970396001567,-1158.6621801859426,-0.0024004034534991126,-0.2288965782391388,0.2599000384467512,485328
717,14,MANIPUR,KAMJONG,0.0068319822389481385,0.20693579392538042,0.22889657823912202,0.24415224913493452,396728.1230009089,0.1354250503024545,-0.13588619761630144,0.34602076124567477,2934321
714,14,MANIPUR,NONEI,-0.05911572472126174,0.17279507881585054,0.19291041906958276,0.21413302575932713,129412.82184645755,0.0893807495243932,-0.19986159169550174,0.31009611687812383,1452211
715,14,MANIPUR,PHERZAWL,-0.03687421412363561,0.1793771626298135,0.19986159169548523,0.22145328719722596,263540.84388110315,0.1003069775157519,-0.2069357939254133,0.3278123798539023,2632958
716,14,MANIPUR,TENGNOUPAL,-0.001695857902897645,0.21413302575922827,0.22889657823910578,0.2441522491349275,206616.55675865442,0.1370448491183506,-0.17937716262975778,0.33685505574778934,1511379
712,14,MANIPUR,KANGPOKPI,-0.044844290657438696,0.17937716262978715,0.1998615916954883,0.22145328719723759,199671.9088759768,0.09362269872314065,-0.1929104190695886,0.3188927335640138,2143163
711,14,MANIPUR,KAKCHING,-0.1358861976163078,0.13016532103037137,0.16000000000000264,0.19291041906958697,9205.864548141106,0.023462114017379253,-0.2069357939254133,0.29287197231833906,394750
273,17,MEGHALAYA,EAST GARO HILLS,-0.025846435798568747,0.1860822760477072,0.2141330257593326,0.244152249134938,209273.59292528307,0.1069299284877141,-0.186082276047674,0.34602076124567477,1961933
274,17,MEGHALAYA,EAST KHASI HILLS,-0.05536332179930673,0.1998615916954841,0.22145328719722362,0.24415224913494105,387576.4072691028,0.11032976768698033,-0.21413302575932336,0.34602076124567477,3519450
657,17,MEGHALAYA,EAST JAINTIA HILLS,-0.01295116801430556,0.20693579392538464,0.23646289888504202,0.259900038446784,288679.4792436189,0.11618395157125344,-0.19986159169550174,0.33685505574778934,2489782
277,17,MEGHALAYA,SOUTH GARO HILLS,-0.05536332179930726,0.18608227604770938,0.21413302575930745,0.2364628988850595,238717.24529891362,0.10534899187859892,-0.1929104190695886,0.33685505574778934,2271292
278,17,MEGHALAYA,WEST GARO HILLS,-0.1034063821607047,0.1727950788158503,0.19291041906958722,0.21413302575933163,301740.4156670532,0.09166566432321799,-0.21413302575932336,0.3188927335640138,3298747
279,17,MEGHALAYA,WEST KHASI HILLS,-0.005723160435044743,0.21413302575924162,0.2364628988850352,0.2599000384467409,632645.9242453616,0.13040781478407462,-0.16633602460592078,0.34602076124567477,4859806
276,17,MEGHALAYA,RI-BHOI,-0.02460592079969287,0.1793771626298056,0.19291041906960654,0.22145328719724325,291849.55533709086,0.09925767125719055,-0.16000000000000003,0.3278123798539023,2948155
658,17,MEGHALAYA,SOUTH WEST KHASI HILLS,-0.044844290657439605,0.2069357939253798,0.22889657823912404,0.2519646289888447,195249.21540774786,0.12111036803023534,-0.19986159169550174,0.3553094963475586,1617098
663,17,MEGHALAYA,SOUTH WEST GARO HILLS,-0.11909265667051479,0.16000000000001005,0.17937716262975476,0.19986159169549286,69098.78318193715,0.0667985312267885,-0.22145328719723184,0.3014225297962323,1037207
656,17,MEGHALAYA,NORTH GARO HILLS,-0.07111111111110953,0.1417301038062168,0.1600000000000021,0.1727950788158488,109471.41584743994,0.07074950613935244,-0.1929104190695886,0.2761399461745483,1552862
275,17,MEGHALAYA,WEST JAINTIA HILLS,-0.012967853776849066,0.19291041906956932,0.214133025759312,0.23646289888505573,245792.21791923308,0.11055552338306393,-0.22145328719723184,0.33685505574778934,2229213
262,15,MIZORAM,CHAMPHAI,-0.029773164167628537,0.2069357939253793,0.22145328719720572,0.24415224913493436,486283.20781578857,0.1174362768378441,-0.186082276047674,0.33685505574778934,4148573
267,15,MIZORAM,SAIHA,-0.03689661010416895,0.192910419069587,0.21413302575931756,0.2364628988850584,201715.12375333344,0.10924660016326079,-0.1929104190695886,0.34602076124567477,1851831
264,15,MIZORAM,LAWNGTLAI,-0.04484429065743881,0.16633602460591507,0.1860822760477002,0.2069357939254041,247582.8814166915,0.08448484016363263,-0.1929104190695886,0.33685505574778934,2939881
268,15,MIZORAM,SERCHHIP,-0.03690176923189896,0.19291041906958703,0.21413302575933035,0.23646289888505642,188790.48687774388,0.10746772017415619,-0.17937716262975778,0.33685505574778934,1762727
263,15,MIZORAM,KOLASIB,-0.059115724721262065,0.1663360246059155,0.18608227604770383,0.19986159169548862,167510.01422126367,0.09185524554956258,-0.24415224913494812,0.31009611687812383,1828823
266,15,MIZORAM,MAMIT,-0.04158400615148082,0.1727950788158515,0.19291041906959766,0.21413302575933055,367214.11417850835,0.09816823157623454,-0.2288965782391388,0.3553094963475586,3748513
265,15,MIZORAM,LUNGLEI,-0.04158400615148097,0.17279507881583664,0.1929104190695791,0.21413302575933202,527359.863369651,0.09587412247874914,-0.2069357939254133,0.3278123798539023,5509505
261,15,MIZORAM,AIZAWL,-0.044844290657438696,0.17937716262980646,0.1929104190696033,0.21413302575933144,373780.8551409163,0.09613193385969937,-0.21413302575932336,0.3188927335640138,3898664
613,13,NAGALAND,PAREN,-0.048227604767396764,0.19986159169548298,0.21413302575930993,0.22889657823913617,267498.8849930092,0.11841551122817544,-0.2069357939254133,0.3188927335640138,2264628
248,13,NAGALAND,PHEK,-0.04484429065743835,0.1860822760477097,0.2069357939253882,0.22889657823913787,226116.5940944674,0.0975739006336498,-0.17279507881584008,0.31009611687812383,2323275
250,13,NAGALAND,WOKHA,-0.06299115724721147,0.1537870049980522,0.17279507881585054,0.19291041906959036,156212.49822458555,0.0781502673269826,-0.2069357939254133,0.29287197231833906,2003896
244,13,NAGALAND,DIMAPUR,-0.08882737408688968,0.15378700499808634,0.17279507881584902,0.1860822760476731,59331.04288587615,0.06278524086802038,-0.22145328719723184,0.28444444444444444,949846
245,13,NAGALAND,KOHIMA,-0.036891095863120636,0.1727950788158513,0.18608227604770497,0.20693579392540334,158524.15347471193,0.0973445431058031,-0.2069357939254133,0.3014225297962323,1632851
614,13,NAGALAND,KIPHIRE,-0.06299115724721142,0.1793771626297746,0.19291041906958478,0.21413302575932786,118892.40072105677,0.08488754030132371,-0.21413302575932336,0.3014225297962323,1404480
251,13,NAGALAND,ZUNHEBOTO,-0.05536332179930682,0.16633602460587602,0.18608227604770972,0.2069357939253902,160484.50565004087,0.08208932081058037,-0.186082276047674,0.3014225297962323,1960862
246,13,NAGALAND,MOKOKCHUNG,-0.04484429065743893,0.17279507881585057,0.18608227604770614,0.20693579392539324,186484.8965545094,0.09327300835544532,-0.2069357939254133,0.3014225297962323,2005010
247,13,NAGALAND,MON,-0.06698961937716133,0.16000000000001283,0.179377162629787,0.19986159169548867,196610.16293907352,0.07233395241645503,-0.19986159169550174,0.28444444444444444,2724066
249,13,NAGALAND,TUENSANG,-0.055363321799308286,0.17937716262980882,0.19291041906958775,0.2141330257593318,232822.60078347247,0.08781247824106679,-0.1929104190695886,0.29287197231833906,2656787
615,13,NAGALAND,LONGLENG,-0.05173394848135422,0.15378700499808928,0.17279507881585035,0.19291041906957315,57187.44462002652,0.07826242403565167,-0.186082276047674,0.29287197231833906,734358
344,21,ODISHA,ANUGUL,-0.025827938638138377,0.27613994617450804,0.30142252979622364,0.3278123798538703,1166966.2097412092,0.1530927820996498,-0.186082276047674,0.42377547097270285,7634552
345,21,ODISHA,BOLANGIR (BALANGIR),0.016808316415374,0.26795847750870155,0.2928719723183762,0.3188927335640575,1335515.6454740397,0.1709525031814556,-0.16000000000000003,0.41362552864282975,7823364
346,21,ODISHA,BALASORE (BALESHWAR),-0.1663360246058904,0.11909265667051662,0.15378700499808448,0.2069357939254045,-55240.949693698574,-0.012383945700996058,-0.24415224913494812,0.33685505574778934,4471001
347,21,ODISHA,BARAGARH,-0.07111111111111947,0.2599000384467769,0.2844444444444772,0.31009611687809685,921716.1410877915,0.13181813600284173,-0.17279507881584008,0.41362552864282975,7004326
348,21,ODISHA,BHADRAK,-0.11909265667051133,0.0669896193771651,0.09842368319877248,0.13016532103037345,-75526.56808420499,-0.0252146975672911,-0.22145328719723184,0.2599000384467512,3001803
350,21,ODISHA,CUTTACK,-0.1034063821607116,0.19291041906959797,0.22889657823912746,0.26795847750865653,241063.0661430168,0.05246229202058149,-0.22145328719723184,0.39369473279507883,4607070
351,21,ODISHA,DEOGARH,-0.00960865263668988,0.2844444444444794,0.30142252979621315,0.3188927335640468,582850.2367221336,0.1643601235259397,-0.15378700499807765,0.40359861591695495,3554240
352,21,ODISHA,DHENKANAL,-0.05173394848135007,0.24415224913498906,0.2679584775086806,0.29287197231836165,616417.8781833994,0.11570396370036178,-0.17937716262975778,0.3839138792772011,5335603
353,21,ODISHA,GAJAPATI,0.005813215719673647,0.2441522491349795,0.267958477508692,0.29287197231835904,772807.8065811929,0.1581077011587127,-0.2069357939254133,0.42377547097270285,4897594
354,21,ODISHA,GANJAM,-0.02583045129302743,0.23646289888501365,0.2761399461745341,0.3100961168781177,1160808.7934976039,0.11664031557770319,-0.21413302575932336,0.41362552864282975,9965454
355,21,ODISHA,JAGATSINGHPUR,-0.09842368319876747,0.10851211072664498,0.14173010380623988,0.1663360246059245,-2366.8490756639935,-0.0011472922554413645,-0.2364628988850442,0.2761399461745483,2068255
356,21,ODISHA,JAJAPUR,-0.088827374086881,0.13588619761630813,0.1663360246059249,0.1998615916954926,90482.54423606643,0.026130588288726733,-0.186082276047674,0.34602076124567477,3471072
357,21,ODISHA,JHARSUGUDA,-0.01294751442815242,0.23646289888501854,0.27613994617456056,0.3100961168780849,293463.89050658554,0.1177663177068496,-0.14173010380622836,0.3839138792772011,2499034
358,21,ODISHA,KALAHANDI,-0.02108263262394736,0.26795847750869833,0.292871972318354,0.32781237985391365,1500274.2206275694,0.15993945008231575,-0.13588619761630144,0.4444444444444444,9392589
359,21,ODISHA,KANDHAMAL,0.07535563244905573,0.3014225297962132,0.31889273356401976,0.33685505574784413,2075884.481745658,0.2176049714124841,-0.15378700499807765,0.4444444444444444,9552404
360,21,ODISHA,KENDRAPARHA,-0.11909265667051953,0.09842368319876556,0.13588619761630044,0.1727950788158461,-57829.33456073757,-0.019148319468170867,-0.22145328719723184,0.3014225297962323,3027614
361,21,ODISHA,KEONJHAR (KENDUJHAR),-0.04484429065744608,0.25196462898895144,0.27613994617452026,0.3014225297962098,1358300.0096562018,0.13627810421481207,-0.1929104190695886,0.42377547097270285,9980176
362,21,ODISHA,KHORDHA,-0.10851211072663879,0.1998615916954857,0.2364628988850591,0.27613994617453275,243695.23551747686,0.07115436393253728,-0.2069357939254133,0.4340484429065744,3436743
363,21,ODISHA,KORAPUT,-0.02589984951005011,0.23646289888502456,0.27613994617455967,0.3100961168780996,1501353.150175007,0.15164120020638047,-0.17279507881584008,0.454963475586313,9916232
364,21,ODISHA,MALKANGIRI,0.032541330257594064,0.2761399461745171,0.3014225297961769,0.31889273356405656,1260415.0187556827,0.18531637925790873,-0.17279507881584008,0.42377547097270285,6811277
365,21,ODISHA,MAYURBHANJ,-0.07111111111111738,0.25196462898897537,0.27613994617445736,0.2928719723183817,1464088.315542367,0.1168641385300611,-0.19986159169550174,0.3839138792772011,12543165
366,21,ODISHA,NABARANGAPUR,0.048227604767396376,0.30142252979620154,0.3460207612456633,0.3742560553632905,1244991.6598438194,0.19253865147678678,-0.11374086889657825,0.47637062668204533,6477055
367,21,ODISHA,NAYAGARH,-0.021028748336208953,0.2761399461745191,0.30142252979619666,0.32781237985390327,713461.1657016926,0.1538191484088249,-0.17937716262975778,0.42377547097270285,4646759
368,21,ODISHA,NUAPARHA,0.025950473607676057,0.30142252979625156,0.31889273356405584,0.3368550557478462,887957.5801820611,0.1936944637281163,-0.13016532103037293,0.4340484429065744,4592599
369,21,ODISHA,PURI,-0.11909265667051508,0.13016532103037237,0.16633602460592486,0.20693579392540518,91203.10792150913,0.022119330627631873,-0.2069357939254133,0.33685505574778934,4132506
370,21,ODISHA,RAYAGARHA,0.021139019212564433,0.24415224913498748,0.2679584775086925,0.29287197231834644,1392942.338892275,0.16024684610087014,-0.17279507881584008,0.4444444444444444,8707900
371,21,ODISHA,SAMBALPUR,-0.055363321799301764,0.2928719723184295,0.3100961168782086,0.3278123798538934,1358227.8432180462,0.17022249066608433,-0.16633602460592078,0.40359861591695495,7991881
372,21,ODISHA,SUBARNAPUR,-0.07535563244905263,0.23646289888504582,0.2761399461745371,0.3014225297961882,271018.7352336087,0.09596518141026253,-0.17937716262975778,0.40359861591695495,2830803
373,21,ODISHA,SUNDARGARH,0.0017363273001826367,0.2928719723183894,0.31009611687814626,0.32781237985394496,2142545.087481067,0.18287118555542978,-0.13588619761630144,0.40359861591695495,11732129
349,21,ODISHA,BAUDH (BAUDA),-0.025878390445941837,0.2761399461745567,0.30142252979619155,0.3188927335640414,600575.5130646672,0.16223723639249066,-0.17279507881584008,0.42377547097270285,3710015
598,34,PUDUCHERRY,KARAIKAL,-0.07535563244905784,0.10851211072664707,0.13588619761630388,0.15999999999999825,7109.3808463993,0.03927871741033248,-0.17937716262975778,0.2679584775086506,183071
599,34,PUDUCHERRY,MAHE,-0.013840830449826988,0.23646289888504593,0.25196462898885086,0.2679584775086505,1750.5857090863065,0.17249369118754895,-0.08882737408688965,0.3278123798539023,10600
600,34,PUDUCHERRY,PUDUCHERRY,-0.13016532103037426,0.10340638216070808,0.1417301038062264,0.1793771626297575,1565.0196934814892,0.004592475390795714,-0.2364628988850442,0.28444444444444444,347013
601,34,PUDUCHERRY,YANAM,-0.06698961937716268,0.1476970396001535,0.17279507881584016,0.19986159169550177,2177.440032566785,0.04935807145684869,-0.14173010380622836,0.3188927335640138,44886
027,03,PUNJAB,AMRITSAR,-0.07972318339100579,0.032541330257590206,0.05173394848135012,0.07535563244905819,-21624.105928478053,-0.006163676229872441,-0.2599000384467512,0.2288965782391388,3515937
605,03,PUNJAB,BARNALA,-0.051733948481352286,0.029773164167629772,0.04822760476739719,0.07111111111111258,-5244.006508990006,-0.0028481177763766507,-0.2519646289888504,0.2069357939254133,1846179
028,03,PUNJAB,BATHINDA,-0.0669896193771622,0.03254133025759457,0.05536332179931143,0.0935640138408267,-35288.877268604694,-0.00810048939415129,-0.24415224913494812,0.2288965782391388,4365070
029,03,PUNJAB,FARIDKOT,-0.06299115724721131,0.019930795847751502,0.04484429065743815,0.0753556324490592,-32270.54831391301,-0.017054718545734916,-0.24415224913494812,0.22145328719723184,1896994
030,03,PUNJAB,FATEHGARH SAHIB,-0.03254133025759177,0.06299115724721119,0.08421376393694552,0.1034063821607053,35617.015690476685,0.023879157487457628,-0.19986159169550174,0.2364628988850442,1496589
651,03,PUNJAB,FAZILKA,-0.071111111111115,0.051733948481346964,0.08421376393695892,0.11374086889657849,-37667.28075671521,-0.010145534557871377,-0.2519646289888504,0.2679584775086506,3719961
031,03,PUNJAB,FIROZPUR,-0.08882737408688966,0.013840830449827028,0.03254133025759212,0.06299115724721151,-69949.64858958378,-0.022702067707350195,-0.2761399461745483,0.22145328719723184,3088898
032,03,PUNJAB,GURDASPUR,-0.059115724721261836,0.04484429065744853,0.06299115724721119,0.08421376393694673,22086.101375797094,0.006461737404117841,-0.22145328719723184,0.2288965782391388,3424574
033,03,PUNJAB,HOSHIARPUR,-0.041584006151480925,0.1537870049980628,0.17937716262979186,0.19986159169548703,303629.0640931063,0.06857912343860609,-0.22145328719723184,0.31009611687812383,4436125
034,03,PUNJAB,JALANDHAR,-0.07972318339100483,0.05173394848134709,0.07111111111111673,0.09356401384082572,10364.383234802252,0.003013192018104082,-0.2364628988850442,0.22145328719723184,3448570
035,03,PUNJAB,KAPURTHALA,-0.08882737408688966,0.038446751249520815,0.05911572472126371,0.08882737408688965,-12333.751812981289,-0.005791535698879569,-0.2364628988850442,0.2288965782391388,2138434
036,03,PUNJAB,LUDHIANA,-0.0669896193771619,0.05536332179930204,0.0753556324490491,0.09842368319876586,57162.685647292485,0.011936558440684503,-0.22145328719723184,0.2519646289888504,4796983
037,03,PUNJAB,MANSA,-0.04822760476739448,0.03844675124952176,0.05536332179930907,0.08421376393694797,4891.657682671437,0.0017512335144779106,-0.21413302575932336,0.22145328719723184,2800307
038,03,PUNJAB,MOGA,-0.06299115724721129,0.017777777777779155,0.035432525951559615,0.0591157247212634,-44652.05477450647,-0.01529663223551285,-0.21413302575932336,0.2069357939254133,2925171
039,03,PUNJAB,SRI MUKTSAR SAHIB,-0.07535563244905603,0.0103960015378703,0.03254133025759216,0.05911572472126247,-83075.76058500035,-0.024363306894028897,-0.2364628988850442,0.21413302575932336,3417177
040,03,PUNJAB,SHAHID BHAGAT SINGH NAGAR,-0.04158400615148061,0.09842368319876017,0.12456747404846061,0.14769703960016412,58831.44870048439,0.03575150225016486,-0.2069357939254133,0.2679584775086506,1650822
662,03,PUNJAB,PATHANKOT,-0.08421376393694577,0.14173010380622977,0.1727950788158492,0.19291041906957546,71607.11552061264,0.05718722704528911,-0.2599000384467512,0.3188927335640138,1257220
041,03,PUNJAB,PATIALA,-0.041584006151480786,0.07111111111111744,0.09356401384082548,0.12456747404844087,119384.97911335129,0.027888191963219334,-0.24415224913494812,0.2519646289888504,4293984
042,03,PUNJAB,RUPNAGAR,-0.051733948481353764,0.1245674740484644,0.14769703960016148,0.16633602460592456,116416.05770761808,0.06507024873927973,-0.22145328719723184,0.2599000384467512,1795740
043,03,PUNJAB,SANGRUR,-0.038446751249520156,0.048227604767400394,0.06698961937716555,0.09356401384082694,49394.16644808759,0.010614130841611476,-0.22145328719723184,0.24415224913494812,4664151
608,03,PUNJAB,SAS NAGAR (SAHIBZADA AJIT SINGH NAGAR),-0.059115724721262114,0.11374086889657314,0.13588619761629836,0.16000000000000333,76218.8039083753,0.05379975771040631,-0.2519646289888504,0.2761399461745483,1423227
609,03,PUNJAB,TARN TARAN,-0.07535563244905943,0.01777777777777951,0.03254133025759199,0.0591157247212624,-50570.266597134054,-0.016045286977657797,-0.2679584775086506,0.2069357939254133,3158113
086,08,RAJASTHAN,AJMER,0.03701569203848372,0.2288965782390952,0.24415224913502073,0.2599000384467565,1745220.422630758,0.16556526693585086,-0.22145328719723184,0.3839138792772011,10557272
087,08,RAJASTHAN,ALWAR,-0.036907026036389665,0.16633602460581534,0.18608227604762953,0.20693579392538258,937097.1100079982,0.08883595533397776,-0.2364628988850442,0.3278123798539023,10566667
088,08,RAJASTHAN,BANSWARA,0.09356401384082488,0.276139946174439,0.28444444444444394,0.30142252979622036,1211498.1490282093,0.22072680009080803,-0.09842368319876971,0.41362552864282975,5496965
089,08,RAJASTHAN,BARAN,0.0629911572472113,0.22145328719722943,0.2441522491349454,0.27613994617457144,1366540.3150238164,0.15868453521701828,-0.17279507881584008,0.3839138792772011,8624299
090,08,RAJASTHAN,BARMER,-0.07535563244906116,0.14173010380628015,0.15999999999995232,0.18608227604770583,2388026.445058559,0.06791404212202186,-0.2519646289888504,0.33685505574778934,35184293
091,08,RAJASTHAN,BHARATPUR,-0.016735778059658736,0.12456747404846809,0.14769703960017025,0.17279507881584907,409475.1606524618,0.06448894635942144,-0.19986159169550174,0.3188927335640138,6364210
092,08,RAJASTHAN,BHILWARA,0.06698961937716269,0.24415224913510028,0.2519646289889933,0.26795847750869195,2409174.9723578496,0.18585347509332192,-0.186082276047674,0.37425605536332185,12977374
093,08,RAJASTHAN,BIKANER,-0.13588619761633533,0.04822760476738574,0.0711111111111073,0.0888273740868796,-1111487.8057033,-0.02903960364677063,-0.3278123798539023,0.28444444444444444,38299184
094,08,RAJASTHAN,BUNDI,0.029773164167628926,0.19986159169548265,0.21413302575926224,0.23646289888503627,939458.2174759767,0.1315593625318635,-0.186082276047674,0.33685505574778934,7150747
095,08,RAJASTHAN,CHITTAURGARH,0.06698961937717335,0.25990003844688964,0.2761399461744893,0.2928719723183282,1949344.4301922384,0.2028670863587464,-0.2069357939254133,0.37425605536332185,9628634
096,08,RAJASTHAN,CHURU,-0.06299115724721324,0.08421376393697103,0.10340638216073166,0.11909265667052085,548504.9321192141,0.031253739765487926,-0.21413302575932336,0.28444444444444444,17570047
097,08,RAJASTHAN,DAUSA,0.009683620731980421,0.1860822760476605,0.19986159169548343,0.22145328719721866,529502.6030194387,0.1239380989302485,-0.186082276047674,0.3278123798539023,4282491
098,08,RAJASTHAN,DHAULPUR,0.010396001537870235,0.16633602460584404,0.18608227604766928,0.20693579392539155,392529.10487508937,0.10361411667400443,-0.16000000000000003,0.3188927335640138,3796325
099,08,RAJASTHAN,DUNGARPUR,0.09356401384082844,0.276139946174424,0.29287197231837103,0.3014225297962223,1023741.7327149272,0.22270900186031262,-0.16000000000000003,0.3839138792772011,4604348
101,08,RAJASTHAN,HANUMANGARH,-0.08882737408688848,0.03254133025758823,0.048227604767396785,0.07111111111111365,-139046.86330490332,-0.01120383608826066,-0.3014225297962323,0.24415224913494812,12428490
102,08,RAJASTHAN,JAIPUR,-0.05536332179930905,0.17279507881574788,0.19291041906955902,0.20693579392538722,1529297.1734381204,0.10968827776218246,-0.22145328719723184,0.3188927335640138,13958482
103,08,RAJASTHAN,JAISALMER,-0.19291041906956383,0.029773164167631944,0.055363321799303665,0.08421376393695004,-2757037.795895176,-0.05723434783065259,-0.31009611687812383,0.3188927335640138,48195167
104,08,RAJASTHAN,JALOR,0.005810416271398031,0.22145328719726842,0.2364628988850386,0.25990003844676707,1977443.7206175562,0.15077740711577425,-0.1929104190695886,0.37425605536332185,13130168
105,08,RAJASTHAN,JHALAWAR,0.06698961937716538,0.23646289888504068,0.2519646289888774,0.26795847750867563,1388403.1419486145,0.17868160690114587,-0.14769703960015382,0.3839138792772011,7785147
106,08,RAJASTHAN,JHUNJHUNUN,-0.005716811267626579,0.1476970396001119,0.15999999999996703,0.17937716262979939,671133.7259375668,0.08960788345028647,-0.2069357939254133,0.3188927335640138,7500078
107,08,RAJASTHAN,JODHPUR,-0.0753556324490463,0.15378700499796397,0.17279507881579756,0.19291041906957396,1914847.3587316473,0.06758142873587734,-0.24415224913494812,0.3278123798539023,28354930
108,08,RAJASTHAN,KARAULI,0.021161212853530346,0.17937716262982503,0.19986159169548387,0.2141330257593162,772074.5848419367,0.1234315408069004,-0.17937716262975778,0.33685505574778934,6265890
100,08,RAJASTHAN,GANGANAGAR,-0.11909265667051659,0.025824124468533858,0.04158400615148123,0.06299115724721126,-295194.1565844175,-0.02110179505067028,-0.31009611687812383,0.28444444444444444,14004924
109,08,RAJASTHAN,KOTA,0.016818782846522554,0.20693579392538214,0.23646289888500768,0.2599000384467479,851844.1022511327,0.13580677351254386,-0.186082276047674,0.3553094963475586,6284796
110,08,RAJASTHAN,NAGAUR,-0.009629125253036412,0.17937716262974462,0.19986159169551682,0.22145328719725849,2478428.4073522147,0.11109210761684823,-0.22145328719723184,0.37425605536332185,22328531
111,08,RAJASTHAN,PALI,0.03703874023378378,0.23646289888506525,0.2519646289889304,0.276139946174538,2531303.053806228,0.16503326583149935,-0.19986159169550174,0.3839138792772011,15355856
629,08,RAJASTHAN,PRATAPGARH,0.13016532103037007,0.276139946174425,0.2844444444444084,0.3014225297962513,1201115.7432009066,0.22140767776959958,-0.16000000000000003,0.40359861591695495,5433909
112,08,RAJASTHAN,RAJ SAMAND,0.06299115724721151,0.2761399461744522,0.2844444444444533,0.3014225297962488,1190990.3666483888,0.2085822729345875,-0.15378700499807765,0.41362552864282975,5723908
113,08,RAJASTHAN,SAWAI MADHOPUR,0.005854067440473685,0.17937716262981276,0.19986159169548462,0.22145328719721183,687372.2093587845,0.1099774901644277,-0.22145328719723184,0.3278123798539023,6261504
114,08,RAJASTHAN,SIKAR,0.0017288034261019605,0.17279507881573136,0.19291041906954898,0.20693579392538733,1140464.86279684,0.11717568368238648,-0.2288965782391388,0.31009611687812383,9747199
115,08,RAJASTHAN,SIROHI,0.037008001674049024,0.25990003844685944,0.2761399461745006,0.29287197231830825,1188055.0989768421,0.1882117646438961,-0.17937716262975778,0.40359861591695495,6321547
116,08,RAJASTHAN,TONK,0.026005230843956874,0.15999999999995934,0.17937716262980205,0.19291041906959566,954172.7521985704,0.10666759941750456,-0.17937716262975778,0.3278123798539023,8958642
117,08,RAJASTHAN,UDAIPUR,0.06698961937716218,0.27613994617439913,0.29287197231838985,0.3100961168781025,3073868.9654892464,0.2141218082267169,-0.16633602460592078,0.41362552864282975,14373207
225,11,SIKKIM,EAST,-0.07111111111111151,0.15378700499806947,0.17937716262978742,0.19986159169548817,76496.13235585688,0.06495847131661515,-0.19986159169550174,0.3014225297962323,1180616
226,11,SIKKIM,NORTH,-0.07972318339100606,0.14769703960017397,0.1663360246058883,0.18608227604770108,329868.01260928035,0.06190762407132007,-0.22145328719723184,0.31009611687812383,5335204
227,11,SIKKIM,SOUTH,-0.0984236831987707,0.13016532103036005,0.15378700499808556,0.1727950788158482,41985.84092039615,0.04567310950066719,-0.2288965782391388,0.2679584775086506,922577
228,11,SIKKIM,WEST,-0.08882737408688794,0.14173010380623,0.16000000000002026,0.17937716262976855,85540.34172607644,0.05668661356076342,-0.22145328719723184,0.2679584775086506,1512801
610,33,TAMIL NADU,ARIYALUR,-0.036891908992791746,0.19291041906954215,0.21413302575922896,0.23646289888496974,195461.11112504668,0.08864318302780838,-0.17937716262975778,0.3278123798539023,2209715
730,33,TAMIL NADU,CHENGALPATTU,-0.10851211072664085,0.11374086889657313,0.1476970396001572,0.17937716262975223,52376.98562319335,0.016793883569208353,-0.24415224913494812,0.33685505574778934,3125557
568,33,TAMIL NADU,CHENNAI,-0.12456747404844136,0.08421376393694976,0.10851211072664735,0.14173010380622628,-755.4530000075555,-0.0019708512150747788,-0.22145328719723184,0.3014225297962323,385506
569,33,TAMIL NADU,COIMBATORE,0.021126879190703142,0.3014225297962862,0.3278123798538508,0.3553094963475182,986149.9838438499,0.1835169524437747,-0.17937716262975778,0.46560553633217994,5383851
570,33,TAMIL NADU,CUDDALORE,-0.08421376393694614,0.16633602460591673,0.19986159169548584,0.22145328719721444,226374.20260604168,0.05359514459310625,-0.2069357939254133,0.3553094963475586,4233341
571,33,TAMIL NADU,DHARMAPURI,0.03702131118869548,0.2288965782391041,0.25196462898884675,0.26795847750866847,833995.1157882338,0.16223138910874774,-0.16633602460592078,0.41362552864282975,5150772
572,33,TAMIL NADU,DINDIGUL,-0.016767179628062547,0.22145328719719978,0.2519646289888444,0.28444444444446587,924726.920765204,0.13441574015232174,-0.2288965782391388,0.41362552864282975,6891183
573,33,TAMIL NADU,ERODE,-0.009649235391981497,0.23646289888502553,0.2599000384467762,0.2844444444444638,863821.1589164241,0.14818600808411841,-0.19986159169550174,0.41362552864282975,5843263
574,33,TAMIL NADU,KANCHIPURAM,-0.11374086889657582,0.09356401384082368,0.12456747404844207,0.16633602460592392,7884.098366994338,0.003937281367366078,-0.2288965782391388,0.3188927335640138,2010389
729,33,TAMIL NADU,KALLAKKURICHI,-0.04158400615148104,0.166336024605883,0.19291041906957002,0.22145328719722582,324208.67418818857,0.0803734522504035,-0.19986159169550174,0.3553094963475586,4041352
575,33,TAMIL NADU,KANYAKUMARI,-0.051733948481354375,0.24415224913498393,0.2679584775086831,0.29287197231834305,262234.3392589113,0.13819962510052625,-0.2364628988850442,0.41362552864282975,1902020
576,33,TAMIL NADU,KARUR,0.009662936237875463,0.21413302575924625,0.2288965782391141,0.2599000384467603,467361.0869346242,0.1413947132265731,-0.21413302575932336,0.40359861591695495,3313874
578,33,TAMIL NADU,MADURAI,-0.05911572472126329,0.1929104190695903,0.22145328719722332,0.25990003844676646,364832.1560802935,0.08670976160817372,-0.24415224913494812,0.41362552864282975,4217505
587,33,TAMIL NADU,NILGIRIS,0.0058425748498776315,0.26795847750870055,0.29287197231839573,0.3188927335640663,469075.07682261604,0.16916430992941245,-0.19986159169550174,0.4340484429065744,2779224
579,33,TAMIL NADU,NAGAPATTINAM,-0.06299115724721144,0.13016532103037068,0.1599999999999986,0.1860822760476794,143754.99677560595,0.049216758685481456,-0.24415224913494812,0.3278123798539023,2930267
580,33,TAMIL NADU,NAMAKKAL,-0.0016945558956909521,0.22145328719721474,0.24415224913493172,0.2761399461745458,530281.1773016745,0.13604650295118356,-0.1929104190695886,0.40359861591695495,3905479
581,33,TAMIL NADU,PERAMBALUR,-0.02582722131062818,0.16633602460590716,0.19291041906959985,0.22145328719723545,169502.32782484588,0.08467186339960496,-0.16000000000000003,0.36472126105344094,2007167
582,33,TAMIL NADU,PUDUKKOTTAI,-0.016746557855359338,0.1793771626298005,0.19986159169548554,0.22889657823914153,513855.8498949277,0.09717476663745782,-0.22145328719723184,0.40359861591695495,5299699
583,33,TAMIL NADU,RAMANATHAPURAM,-0.08882737408688895,0.1034063821607166,0.13016532103037434,0.16633602460592406,139182.001135829,0.029892462479513486,-0.22145328719723184,0.3839138792772011,4668989
731,33,TAMIL NADU,RANIPPETTAI,-0.0797231833910082,0.1537870049980724,0.1860822760476935,0.21413302575932786,117377.23049615245,0.055320292581255565,-0.2069357939254133,0.37425605536332185,2128423
584,33,TAMIL NADU,SALEM,0.005823510528423829,0.22889657823910334,0.2519646289888623,0.276139946174545,987541.0898397511,0.14406275896201037,-0.19986159169550174,0.41362552864282975,6871944
585,33,TAMIL NADU,SIVAGANGA,-0.0369102296515112,0.1860822760477118,0.21413302575929288,0.24415224913493466,461055.5434380943,0.0957633840464653,-0.1929104190695886,0.39369473279507883,4827074
588,33,TAMIL NADU,TENI,-0.041584006151480835,0.2519646289888446,0.28444444444446965,0.31889273356403236,432109.82149260136,0.13279493924447786,-0.24415224913494812,0.4340484429065744,3260399
733,33,TAMIL NADU,TENKASI,-0.0842137639369488,0.17279507881585054,0.21413302575933196,0.25196462898884514,240109.52413499594,0.07546782176040168,-0.2761399461745483,0.40359861591695495,3188221
586,33,TAMIL NADU,THANJAVUR,-0.06299115724721131,0.17937716262978862,0.20693579392539788,0.22889657823914047,283800.3872135037,0.07281559977395248,-0.21413302575932336,0.37425605536332185,3908681
590,33,TAMIL NADU,THIRUVARUR,-0.059115724721263196,0.13588619761630322,0.1599999999999943,0.18608227604767996,142514.00928713285,0.05531849588853891,-0.19986159169550174,0.34602076124567477,2584269
591,33,TAMIL NADU,TIRUCHIRAPALLI,-0.0057140565797851655,0.19986159169548412,0.22145328719721588,0.24415224913493525,604257.3353998894,0.11809061600959923,-0.186082276047674,0.42377547097270285,5131417
592,33,TAMIL NADU,TIRUNELVELI,-0.10340638216070529,0.17937716262978998,0.2141330257593265,0.2519646289888452,315863.4300882813,0.07194395897476268,-0.2519646289888504,0.41362552864282975,4398780
634,33,TAMIL NADU,TIRUPPUR,0.005821956178156487,0.26795847750868734,0.30142252979617684,0.3278123798539426,986602.8666445581,0.16677923080948737,-0.2288965782391388,0.4340484429065744,5928070
732,33,TAMIL NADU,TIRUPPATTUR,0.029773164167628326,0.25196462898886984,0.26795847750868673,0.2928719723183592,415131.2765457963,0.17128560615691021,-0.14769703960015382,0.40359861591695495,2429659
589,33,TAMIL NADU,TIRUVALLUR,-0.11909265667052113,0.15378700499808678,0.18608227604769545,0.22145328719723778,134917.07334716976,0.03637809826189107,-0.2288965782391388,0.3553094963475586,3721243
593,33,TAMIL NADU,TIRUVANNAMALAI,-0.06299115724721124,0.20693579392537925,0.23646289888501623,0.26795847750868285,629147.8661081216,0.08895121527711494,-0.21413302575932336,0.42377547097270285,7086228
594,33,TAMIL NADU,TUTICORIN,-0.0753556324490559,0.11374086889659182,0.1417301038062264,0.18608227604769303,198319.70792779105,0.03697173743656469,-0.2599000384467512,0.3839138792772011,5373009
595,33,TAMIL NADU,VELLORE,0.0017260026940588244,0.24415224913497,0.2599000384467517,0.2844444444444667,369177.40111440193,0.1527182487384963,-0.1929104190695886,0.39369473279507883,2425418
596,33,TAMIL NADU,VILLUPURAM,-0.09356401384082531,0.1301653210303518,0.16000000000001707,0.19291041906958106,157268.0933677559,0.03756943393945608,-0.2069357939254133,0.34602076124567477,4197052
597,33,TAMIL NADU,VIRUDHUNAGAR,-0.08421376393694856,0.14173010380622922,0.18608227604768948,0.2364628988850575,270313.8388484416,0.056243528906557386,-0.2288965782391388,0.40359861591695495,4816093
577,33,TAMIL NADU,KRISHNAGIRI,0.037009928327502564,0.23646289888504246,0.2599000384467854,0.27613994617456034,1016773.8887860933,0.17294953596806464,-0.19986159169550174,0.40359861591695495,5891097
501,36,TELANGANA,ADILABAD,0.09356401384082398,0.28444444444448125,0.3100961168780912,0.3278123798539422,937198.8677825943,0.1978935619651059,-0.15378700499807765,0.40359861591695495,4743469
507,36,TELANGANA,HYDERABAD,-0.07972318339100541,0.192910419069574,0.21413302575932847,0.23646289888505123,16598.68501062095,0.07406059349873785,-0.16633602460592078,0.3188927335640138,225991
508,36,TELANGANA,KARIMNAGAR,-0.04484429065743824,0.15378700499807027,0.17279507881584993,0.20693579392540865,160110.95120576603,0.0678783618188991,-0.14173010380622836,0.3278123798539023,2364683
690,36,TELANGANA,BHADRADRI KOTHAGUDEM,-0.041584006151480994,0.2928719723183713,0.3188927335640319,0.34602076124576475,1285703.0436226795,0.15872823657471927,-0.17937716262975778,0.4340484429065744,8112200
512,36,TELANGANA,MAHABUBNAGAR,0.029773164167628475,0.22889657823910017,0.251964628988927,0.26795847750868534,523335.8341987571,0.16006567461528137,-0.10340638216070744,0.37425605536332185,3277821
692,36,TELANGANA,SIDDIPET,-0.013840830449826796,0.2069357939253824,0.22889657823912937,0.25196462898884486,555240.3059372596,0.12751554130681952,-0.13016532103037293,0.3553094963475586,4362172
514,36,TELANGANA,NALGONDA,0.00450468039252533,0.18608227604768413,0.20693579392538258,0.22889657823912762,987105.5900310621,0.11736088568027774,-0.14173010380622836,0.3553094963475586,8420108
516,36,TELANGANA,NIZAMABAD,0.001754380297729533,0.2761399461745678,0.31009611687810723,0.32781237985394407,693761.0844448445,0.13968053757606722,-0.11374086889657825,0.41362552864282975,4973584
518,36,TELANGANA,RANGAREDDY,0.013000330212432824,0.2214532871972684,0.2364628988850449,0.2599000384467562,918561.758142357,0.1572330212864231,-0.17937716262975778,0.3553094963475586,5852435
720,36,TELANGANA,MULUGU,-0.06299115724721129,0.31889273356387865,0.3368550557478888,0.35530949634750114,974110.4518113058,0.19299588459022143,-0.16633602460592078,0.4340484429065744,5054976
695,36,TELANGANA,JOGULAMBA GADWAL,0.05173394848135166,0.1998615916954834,0.2141330257592661,0.23646289888504557,427048.38253660017,0.14276653321034358,-0.08421376393694734,0.37425605536332185,2996596
699,36,TELANGANA,KUMURAM BHEEM,0.04158400615148106,0.2928719723183715,0.31889273356403014,0.33685505574782276,1017867.7248024662,0.18951574502047155,-0.11374086889657825,0.40359861591695495,5379788
684,36,TELANGANA,MANCHERIAL,-0.021058177094877308,0.30142252979620704,0.31889273356399406,0.3278123798538879,774351.1699347069,0.16999405259936057,-0.15378700499807765,0.39369473279507883,4563416
680,36,TELANGANA,NIRMAL,-9.147934823688785E-4,0.2928719723184206,0.31009611687819816,0.3278123798539368,766569.7532740368,0.17457744123564675,-0.10340638216070744,0.39369473279507883,4400168
685,36,TELANGANA,KAMAREDDY,0.016826402816250294,0.27613994617454773,0.30142252979619766,0.3188927335640596,707442.6229008553,0.16047910021447354,-0.11374086889657825,0.40359861591695495,4417377
691,36,TELANGANA,SANGAREDDY,0.005789708050683375,0.2288965782391025,0.2441522491349427,0.26795847750867074,802775.2595831823,0.15371436864161983,-0.14173010380622836,0.40359861591695495,5234286
694,36,TELANGANA,NAGARKURNOOL,0.04158400615148093,0.2679584775087074,0.29287197231840634,0.31009611687817007,1291787.4665838585,0.17889911465234506,-0.13016532103037293,0.41362552864282975,7230954
693,36,TELANGANA,WANAPARTHY,0.02712802768166121,0.20693579392538264,0.22889657823911766,0.2441522491349317,353637.9222922122,0.1393515265781057,-0.07972318339100345,0.36472126105344094,2543857
721,36,TELANGANA,NARAYANPET,0.038446751249519975,0.2364628988850663,0.2519646289889196,0.2679584775086872,457546.9281767434,0.16298790631480997,-0.10340638216070744,0.3839138792772011,2813898
698,36,TELANGANA,VIKARABAD,0.05911572472126309,0.2519646289889462,0.27613994617453963,0.29287197231833373,785378.0719765824,0.18122212802235285,-0.09356401384083046,0.3839138792772011,4341820
700,36,TELANGANA,MEDCHAL-MALKAJGIRI,-0.03690917972466792,0.22145328719725274,0.23646289888498237,0.25990003844678367,170228.0213886257,0.13511241957802247,-0.16000000000000003,0.34602076124567477,1263977
697,36,TELANGANA,YADADRI BHUVANAGIRI,-0.0016908535486347153,0.19291041906955295,0.21413302575929394,0.22889657823913168,467242.79849273973,0.12357516848502595,-0.14769703960015382,0.37425605536332185,3788544
696,36,TELANGANA,SURYAPET,-0.03686468183683702,0.14173010380624515,0.16633602460589908,0.19986159169549025,283453.0007513688,0.06747759815171389,-0.16000000000000003,0.37425605536332185,4207558
509,36,TELANGANA,KHAMMAM,-0.04158400615148101,0.1929104190695916,0.23646289888502028,0.27613994617455284,454170.84511775756,0.08300847986976727,-0.16000000000000003,0.3839138792772011,5483474
688,36,TELANGANA,MAHABUBABAD,-0.048227604767394225,0.2679584775086959,0.30142252979626577,0.3278123798538924,516693.0615482736,0.12442247519598675,-0.16633602460592078,0.42377547097270285,4159758
689,36,TELANGANA,JANGAON,-0.021052577547791492,0.172795078815851,0.19291041906960457,0.2141330257593312,294476.93652725033,0.10358706965928496,-0.16633602460592078,0.37425605536332185,2848930
686,36,TELANGANA,WARANGAL (URBAN),-0.055363321799308786,0.16633602460592514,0.18608227604769384,0.2141330257593261,106517.83197985918,0.07788660172888714,-0.16633602460592078,0.36472126105344094,1371299
522,36,TELANGANA,WARANGAL (RURAL),-0.05536332179930711,0.1600000000000188,0.18608227604769545,0.2214532871972363,206855.12963943256,0.07879004162374269,-0.16633602460592078,0.3839138792772011,2631366
687,36,TELANGANA,JAYASHANKAR BHUPALAPALLY,-0.04822760476739536,0.3188927335640008,0.32781237985383527,0.3460207612457508,540723.2395837619,0.1597055591193098,-0.15378700499807765,0.40359861591695495,3392864
682,36,TELANGANA,PEDDAPALLI,-0.0553633217993095,0.20693579392539097,0.23646289888505942,0.26795847750865803,204874.44086530386,0.07922455492813132,-0.21413302575932336,0.36472126105344094,2590845
681,36,TELANGANA,JAGTIAL,-0.012957541747372799,0.25990003844676524,0.28444444444447803,0.30142252979621087,445292.8909838355,0.13078042453872707,-0.14173010380622836,0.40359861591695495,3410637
683,36,TELANGANA,RANJANNA SIRCILLA,0.0130088854864859,0.24415224913492836,0.2761399461745707,0.3014225297961878,300016.0712468357,0.14090970511814843,-0.14769703960015382,0.37425605536332185,2133794
513,36,TELANGANA,MEDAK,-0.009635853450626822,0.2519646289889193,0.26795847750869,0.29287197231832357,457175.21796630044,0.1416762219868687,-0.14769703960015382,0.3839138792772011,3235035
269,16,TRIPURA,DHALAI,-0.07972318339100529,0.1537870049980765,0.16633602460592517,0.18608227604769215,209105.57572455157,0.07518902898853036,-0.22145328719723184,0.2761399461745483,2787504
654,16,TRIPURA,GOMATI,-0.12456747404843972,0.16000000000002151,0.17937716262977113,0.1998615916954887,134402.73421397546,0.06821389633211693,-0.2364628988850442,0.3278123798539023,1976295
652,16,TRIPURA,KHOWAI,-0.13588619761630086,0.17279507881585027,0.19291041906959613,0.2141330257593285,93565.67836725987,0.07286347208616012,-0.21413302575932336,0.31009611687812383,1288086
270,16,TRIPURA,NORTH TRIPURA,-0.14173010380622564,0.14173010380622267,0.15378700499808673,0.17279507881584819,100344.62027955825,0.06099581925228724,-0.24415224913494812,0.28444444444444444,1650811
653,16,TRIPURA,SEPAHIJALA,-0.1476970396001527,0.16633602460592511,0.19291041906957895,0.20693579392540376,67365.33013188529,0.05224148798980992,-0.2364628988850442,0.31009611687812383,1294414
271,16,TRIPURA,SOUTH TRIPURA,-0.11909265667051405,0.17279507881585024,0.19986159169548656,0.22145328719724278,125706.64690549474,0.07081652881111077,-0.2364628988850442,0.3278123798539023,1781389
655,16,TRIPURA,UNOKOTI,-0.1663360246059246,0.135886197616328,0.14769703960016847,0.16633602460592453,31488.229026104233,0.03733670374316667,-0.2364628988850442,0.2519646289888504,846595
272,16,TRIPURA,WEST TRIPURA,-0.14173010380622741,0.1600000000000131,0.1860822760476927,0.20693579392541042,65309.88837003261,0.05672627334670523,-0.2364628988850442,0.3014225297962323,1154860
118,09,UTTAR PRADESH,AGRA,-0.016762912161707604,0.15378700499808817,0.17937716262976958,0.20693579392540176,427543.71665283496,0.08434582249143888,-0.19986159169550174,0.3188927335640138,5084762
119,09,UTTAR PRADESH,ALIGARH,-0.021006145426753487,0.09356401384083969,0.11374086889657725,0.14769703960015168,221976.2306887028,0.0473717777040283,-0.2069357939254133,0.3188927335640138,4695914
121,09,UTTAR PRADESH,AMBEDKARNAGAR,-0.015747789311802884,0.13016532103036063,0.15378700499808629,0.18608227604768302,179456.9195483713,0.06187622116622909,-0.1929104190695886,0.3014225297962323,2907631
640,09,UTTAR PRADESH,AMETHI,-0.009606387379549115,0.16633602460589436,0.19291041906959586,0.21413302575933096,243525.20387377535,0.0806541400524568,-0.1929104190695886,0.33685505574778934,3027141
154,09,UTTAR PRADESH,AMROHA,-0.04158400615148071,0.11374086889659682,0.14769703960015976,0.18608227604768793,192345.5429952997,0.061491674168189,-0.2364628988850442,0.31009611687812383,3135410
122,09,UTTAR PRADESH,AURAIYA,-0.006791443034167825,0.14173010380622073,0.1663360246059239,0.1929104190695988,192422.47531850418,0.07637852815375736,-0.186082276047674,0.31009611687812383,2525028
123,09,UTTAR PRADESH,AZAMGARH,-0.041584006151481036,0.108512110726659,0.1301653210303555,0.16000000000000156,215027.41163479412,0.0410830138429788,-0.1929104190695886,0.3188927335640138,5243512
133,09,UTTAR PRADESH,BUDAUN,-0.04158400615148092,0.09842368319876392,0.11909265667052037,0.14173010380623907,221591.21352971776,0.04119222407321472,-0.21413302575932336,0.31009611687812383,5388312
124,09,UTTAR PRADESH,BAGHPAT,-0.059115724721261094,0.09356401384084005,0.10340638216072114,0.12456747404843942,85136.85836858138,0.050462348567012406,-0.21413302575932336,0.2679584775086506,1691561
125,09,UTTAR PRADESH,BAHRAICH,-0.07535563244905943,0.18608227604769642,0.22889657823911472,0.2679584775086759,485791.64418083004,0.0779422512135271,-0.24415224913494812,0.36472126105344094,6244557
126,09,UTTAR PRADESH,BALLIA,-0.06698961937716347,0.0842137639369509,0.11374086889657475,0.14173010380623113,99075.79045504864,0.026713109495042534,-0.19986159169550174,0.29287197231833906,3717530
127,09,UTTAR PRADESH,BALRAMPUR,-0.02104423683374578,0.2599000384467621,0.30142252979619183,0.3188927335640654,456548.87830601755,0.10860982727045262,-0.17279507881584008,0.40359861591695495,4212204
128,09,UTTAR PRADESH,BANDA,-0.016749196931612188,0.16633602460588068,0.19291041906958176,0.21413302575931345,509557.2304115338,0.09258925285389524,-0.16000000000000003,0.36472126105344094,5516307
129,09,UTTAR PRADESH,BARABANKI,-0.044844290657438814,0.15378700499807624,0.17937716262978617,0.20693579392539524,363724.8732794884,0.07559665300477256,-0.19986159169550174,0.33685505574778934,4821092
130,09,UTTAR PRADESH,BAREILLY,-0.03543252595155733,0.11374086889660205,0.13016532103035883,0.1537870049980841,294335.08004670456,0.05631135260975672,-0.2069357939254133,0.28444444444444444,5236856
131,09,UTTAR PRADESH,BASTI,-0.03686673763613012,0.13016532103035416,0.15378700499808762,0.18608227604768363,204001.16605991777,0.058574172322686274,-0.186082276047674,0.3188927335640138,3489747
179,09,UTTAR PRADESH,BHADOHI,-0.06698961937716374,0.08882737408689022,0.11374086889657424,0.14173010380623502,34274.851934265265,0.027352314594186782,-0.19986159169550174,0.2761399461745483,1258326
132,09,UTTAR PRADESH,BIJNOR,-0.0325413302575926,0.14769703960016356,0.1998615916954857,0.2364628988850395,432160.47598486836,0.07337682490276048,-0.2069357939254133,0.34602076124567477,5897437
134,09,UTTAR PRADESH,BULANDSHAHR,-0.03254133025759291,0.09842368319876856,0.1301653210303691,0.17279507881584677,213121.23751698632,0.047808739857150416,-0.2364628988850442,0.29287197231833906,4465675
135,09,UTTAR PRADESH,CHANDAULI,-0.06299115724721124,0.1998615916954827,0.22145328719733007,0.2519646289888446,189357.40452541618,0.06025977481296472,-0.21413302575932336,0.34602076124567477,3149762
136,09,UTTAR PRADESH,CHITRAKOOT,0.009699933166242783,0.2141330257592421,0.24415224913504735,0.2679584775086847,466325.4253977584,0.11845239897243155,-0.17279507881584008,0.3553094963475586,3947058
137,09,UTTAR PRADESH,DEORIA,-0.059115724721263314,0.08882737408688814,0.11374086889657371,0.14173010380623408,78928.09040699012,0.02497945388305737,-0.1929104190695886,0.31009611687812383,3167421
140,09,UTTAR PRADESH,AYODHYA,-0.041584006151481,0.16000000000000655,0.1860822760476981,0.2141330257593294,271506.40271709743,0.08090204541215634,-0.19986159169550174,0.3553094963475586,3363207
138,09,UTTAR PRADESH,ETAH,-0.017777777777778444,0.10851211072665302,0.13016532103037617,0.1537870049980812,153384.7867141161,0.050333480720766495,-0.17279507881584008,0.31009611687812383,3057112
139,09,UTTAR PRADESH,ETAWAH,-0.013840830449826732,0.17937716262980793,0.19986159169548467,0.22145328719722185,255914.53871912192,0.08807033773429376,-0.16633602460592078,0.3014225297962323,2912455
141,09,UTTAR PRADESH,FARRUKHABAD,-0.06299115724721127,0.10851211072665598,0.1358861976162953,0.17279507881584755,114254.41296212641,0.04170791925408221,-0.2069357939254133,0.3278123798539023,2746061
142,09,UTTAR PRADESH,FATEHPUR,-0.012951371142790529,0.14769703960017028,0.17279507881585005,0.19986159169549117,395007.89130468963,0.07639742858021344,-0.186082276047674,0.3278123798539023,5179341
143,09,UTTAR PRADESH,FIROZABAD,-0.013840830449826761,0.1301653210303621,0.16000000000000925,0.19291041906957948,194930.22814734775,0.06422314704903191,-0.17937716262975778,0.31009611687812383,3043033
144,09,UTTAR PRADESH,GAUTAMBUDHNAGAR,-0.08421376393694771,0.08882737408688501,0.10851211072664296,0.13016532103036746,58476.8684829016,0.0326194657203465,-0.2288965782391388,0.2599000384467512,1799130
146,09,UTTAR PRADESH,GAZIPUR,-0.05173394848135458,0.0842137639369587,0.10851211072664986,0.13588619761629903,120684.70871066475,0.028851611880096006,-0.17937716262975778,0.29287197231833906,4191005
145,09,UTTAR PRADESH,GHAZIABAD,-0.11374086889657617,0.07972318339101123,0.09842368319876615,0.12456747404844092,34028.05157134659,0.029335168861514254,-0.2761399461745483,0.2519646289888504,1164347
147,09,UTTAR PRADESH,GONDA,-0.025827901784570007,0.15378700499807516,0.17937716262977416,0.22145328719723284,387835.9178380813,0.07775312849738951,-0.1929104190695886,0.37425605536332185,4997607
148,09,UTTAR PRADESH,GORAKHPUR,-0.07111111111111411,0.09356401384082187,0.12456747404844618,0.17279507881584563,108062.72313313824,0.025997409923968574,-0.2069357939254133,0.34602076124567477,4167218
149,09,UTTAR PRADESH,HAMIRPUR,0.021152769193321062,0.18608227604770014,0.20693579392538394,0.22889657823912904,563859.9529518329,0.11683485409852856,-0.17279507881584008,0.3553094963475586,4836349
661,09,UTTAR PRADESH,HAPUR,-0.03543252595155655,0.09356401384082305,0.11909265667051297,0.15999999999999717,62956.92009906994,0.04431619707899727,-0.19986159169550174,0.2679584775086506,1425629
150,09,UTTAR PRADESH,HARDOI,-0.03254133025759305,0.15378700499807268,0.17937716262977962,0.20693579392539752,541392.5189860639,0.07201413518062327,-0.2364628988850442,0.3188927335640138,7529334
163,09,UTTAR PRADESH,HATHRAS,-0.010396001537870233,0.10851211072665365,0.13016532103037257,0.15378700499807912,129376.13041250907,0.05767546851627703,-0.17937716262975778,0.31009611687812383,2250134
151,09,UTTAR PRADESH,JALAUN,-0.005667134284923738,0.16000000000000802,0.1929104190695941,0.21413302575933174,479337.97012856655,0.0845353022627972,-0.17279507881584008,0.33685505574778934,5680240
152,09,UTTAR PRADESH,JAUNPUR,-0.029773164167627677,0.1190926566705268,0.14769703960016659,0.17279507881584869,257946.46057735785,0.051612309626835655,-0.17937716262975778,0.3014225297962323,5008032
153,09,UTTAR PRADESH,JHANSI,0.004501004796669204,0.20693579392538203,0.22889657823911386,0.2519646289888449,779728.3692121903,0.1255641789026035,-0.14173010380622836,0.3553094963475586,6229627
155,09,UTTAR PRADESH,KANNAUJ,-0.01777777777777788,0.1190926566705251,0.14173010380622658,0.16633602460592442,160057.9841809363,0.061147901553676526,-0.186082276047674,0.31009611687812383,2623727
157,09,UTTAR PRADESH,KANPUR,-0.021057294965789203,0.14173010380622136,0.16633602460592503,0.18608227604768768,288708.16609884374,0.07731408664591002,-0.2364628988850442,0.3278123798539023,3743531
156,09,UTTAR PRADESH,KANPUR DEHAT,0.0017683658214916749,0.1476970396001736,0.16633602460592514,0.19291041906957712,321530.542384716,0.08172329340515037,-0.17937716262975778,0.34602076124567477,3941798
633,09,UTTAR PRADESH,KASGANJ,-0.044844290657438265,0.11374086889658323,0.13588619761629672,0.16633602460592442,120993.14756440344,0.04900242607419723,-0.21413302575932336,0.3014225297962323,2475748
158,09,UTTAR PRADESH,KAUSHAMBI,-0.03543252595155644,0.12456747404845815,0.1537870049980859,0.1860822760476824,126625.38301844039,0.057225239208378985,-0.186082276047674,0.31009611687812383,2218096
159,09,UTTAR PRADESH,KHERI,-0.07535563244905748,0.21413302575928994,0.26795847750870055,0.29287197231835355,728122.6283165503,0.07487850743654431,-0.2288965782391388,0.36472126105344094,9738027
160,09,UTTAR PRADESH,KUSHINAGAR,-0.07111111111110932,0.09842368319876832,0.12456747404845327,0.14769703960015282,117753.48957607722,0.032751530799878095,-0.21413302575932336,0.3188927335640138,3604253
161,09,UTTAR PRADESH,LALITPUR,0.05536332179930996,0.2599000384467743,0.28444444444447736,0.30142252979623296,1115293.6470538024,0.18004647084858236,-0.13016532103037293,0.40359861591695495,6203252
162,09,UTTAR PRADESH,LUCKNOW,-0.06299115724721145,0.19291041906955023,0.22145328719728294,0.24415224913492445,276109.2075960824,0.08729789666517053,-0.2364628988850442,0.34602076124567477,3170059
165,09,UTTAR PRADESH,MAHOBA,0.05536332179930754,0.1998615916954834,0.22145328719720736,0.2441522491349326,572234.3982404112,0.1418345056197184,-0.13588619761630144,0.36472126105344094,4045255
166,09,UTTAR PRADESH,MAINPURI,-0.022206843521721645,0.10340638216072372,0.13016532103036882,0.15378700499808137,168931.04857821122,0.049187164027568016,-0.15378700499807765,0.3014225297962323,3441554
167,09,UTTAR PRADESH,MATHURA,-0.04158400615148103,0.09356401384084473,0.11374086889658255,0.13588619761629836,191309.74521607638,0.04548912644881053,-0.2069357939254133,0.2761399461745483,4213749
168,09,UTTAR PRADESH,MAU,-0.06299115724721138,0.09356401384082198,0.11374086889657342,0.14173010380623366,65979.34982859105,0.03060619614518809,-0.186082276047674,0.29287197231833906,2161729
169,09,UTTAR PRADESH,MEERUT,-0.05911572472126272,0.08882737408688125,0.1137408688965744,0.16000000000000406,149985.76093445628,0.04534409813084052,-0.2069357939254133,0.2679584775086506,3314219
170,09,UTTAR PRADESH,MIRZAPUR,-0.029773164167627923,0.16633602460585659,0.1860822760477117,0.20693579392539074,488402.06779626,0.08983706851021006,-0.21413302575932336,0.3553094963475586,5447558
171,09,UTTAR PRADESH,MORADABAD,-0.038446751249519955,0.1085121107266626,0.12456747404846293,0.14769703960015748,133820.96227016926,0.053925400625243515,-0.17937716262975778,0.2761399461745483,2489342
172,09,UTTAR PRADESH,MUZAFFARNAGAR,-0.05911572472126272,0.0888273740868749,0.10340638216072132,0.13016532103037032,149505.10347872242,0.04265731990776472,-0.19986159169550174,0.2761399461745483,3511799
173,09,UTTAR PRADESH,PILIBHIT,-0.07111111111111498,0.25196462898884436,0.284444444444482,0.310096116878075,357339.19064995664,0.07479371292330544,-0.2069357939254133,0.37425605536332185,4788939
174,09,UTTAR PRADESH,PRATAPGARH,-0.02460592079969187,0.15378700499805187,0.17937716262978742,0.20693579392539566,322011.4032124526,0.06994976754560799,-0.17937716262975778,0.3188927335640138,4613609
175,09,UTTAR PRADESH,RAIBEARELI,-0.025829453159013763,0.15999999999999104,0.186082276047703,0.21413302575933046,378309.126962237,0.07741932513561332,-0.186082276047674,0.3278123798539023,4896223
176,09,UTTAR PRADESH,RAMPUR,-0.06299115724721129,0.11374086889658791,0.13588619761630868,0.17279507881584827,149418.50147765124,0.049618691010432855,-0.19986159169550174,0.29287197231833906,3018922
177,09,UTTAR PRADESH,SAHARANPUR,-0.06698961937716115,0.14173010380622636,0.17937716262980016,0.2069357939253908,248657.06122522795,0.05198686737917262,-0.2288965782391388,0.3188927335640138,4790695
659,09,UTTAR PRADESH,SAMBHAL,-0.027128027681661233,0.08882737408686936,0.10851211072665387,0.13016532103037326,137465.59289244932,0.044627224361205135,-0.21413302575932336,0.2761399461745483,3088314
178,09,UTTAR PRADESH,SANTKABIRNAGAR,-0.0591157247212632,0.10851211072664539,0.13588619761629986,0.17279507881584524,76948.72980146638,0.03751468561867454,-0.186082276047674,0.3188927335640138,2058853
180,09,UTTAR PRADESH,SHAHJAHANPUR,-0.03685229161430171,0.11374086889660019,0.14173010380622572,0.1727950788158476,276880.20852383174,0.050808128210920366,-0.1929104190695886,0.36472126105344094,5462736
660,09,UTTAR PRADESH,SHAMLI,-0.07535563244905595,0.0888273740868744,0.10340638216071694,0.13016532103037035,52520.25690554192,0.032437918287541084,-0.22145328719723184,0.24415224913494812,1623202
181,09,UTTAR PRADESH,SHRAWASTI,-0.021034308320333088,0.22889657823910772,0.26795847750869567,0.2928719723183378,240409.5034313794,0.0988061939383633,-0.186082276047674,0.37425605536332185,2439319
182,09,UTTAR PRADESH,SIDDHARTHNAGAR,-0.044844290657439015,0.10340638216071582,0.13588619761629778,0.17279507881584646,122244.01898050368,0.0336508214193253,-0.17279507881584008,0.3278123798539023,3640380
183,09,UTTAR PRADESH,SITAPUR,-0.025847412798492023,0.1537870049980425,0.1793771626297944,0.20693579392539366,615780.1460992196,0.08529697409260095,-0.22145328719723184,0.3188927335640138,7230057
184,09,UTTAR PRADESH,SONBHADRA,-0.02105136187180306,0.24415224913505582,0.26795847750870366,0.29287197231835116,1249726.9712353374,0.14808949217197914,-0.24415224913494812,0.40359861591695495,8450002
185,09,UTTAR PRADESH,SULTANPUR,-0.004474089925174452,0.16000000000001166,0.18608227604770194,0.20693579392539743,264253.4172775879,0.07942698326668143,-0.15378700499807765,0.3278123798539023,3335749
186,09,UTTAR PRADESH,UNNAO,-0.03254133025759279,0.16633602460591082,0.19986159169548592,0.22145328719721155,438468.1145426894,0.07689816983970159,-0.1929104190695886,0.3553094963475586,5712341
187,09,UTTAR PRADESH,VARANASI,-0.09842368319876732,0.0797231833910098,0.10340638216071259,0.13016532103036912,32121.416604585174,0.016962981810853373,-0.1929104190695886,0.2761399461745483,1899363
120,09,UTTAR PRADESH,PRAYAGRAJ,-0.05911572472126381,0.1190926566705226,0.14173010380623327,0.17279507881584838,313776.43215879315,0.046447725438353966,-0.2364628988850442,0.3188927335640138,6766620
164,09,UTTAR PRADESH,MAHARAJGANJ,-0.05536332179930678,0.18608227604769137,0.2599000384467359,0.2928719723183205,186018.62220759544,0.050369814903076154,-0.186082276047674,0.37425605536332185,3700747
045,05,UTTARAKHAND,ALMORA,-0.02586309327938931,0.2288965782391028,0.25196462898884453,0.26795847750866225,555988.8776241855,0.1377068542045625,-0.16633602460592078,0.3553094963475586,4045433
046,05,UTTARAKHAND,BAGESHWAR,-0.06299115724721144,0.20693579392537995,0.22145328719720409,0.24415224913493133,296989.9355399415,0.10324607676415981,-0.1929104190695886,0.34602076124567477,2883079
048,05,UTTARAKHAND,CHAMPAWAT,-0.009653145702083811,0.25196462898891536,0.27613994617457244,0.29287197231835393,363263.08026366873,0.16068866280988953,-0.17279507881584008,0.3839138792772011,2266165
049,05,UTTARAKHAND,DEHRADUN,-0.09356401384082653,0.27613994617451043,0.3014225297962445,0.3188927335640696,495915.25017092354,0.12372651501313928,-0.22145328719723184,0.3839138792772011,4018513
050,05,UTTARAKHAND,HARIDWAR,-0.05536332179930766,0.18608227604768343,0.21413302575928073,0.2441522491349292,207392.17263964284,0.07042264353449819,-0.2288965782391388,0.3278123798539023,2950783
051,05,UTTARAKHAND,NAINITAL,-0.012946208040754139,0.2679584775086998,0.2844444444444776,0.31009611687810185,846939.4160564867,0.16597139446938222,-0.1929104190695886,0.39369473279507883,5111706
052,05,UTTARAKHAND,PAURI GARHWAL,-0.036911327421458015,0.24415224913501346,0.2679584775086934,0.2844444444444724,976175.3775613431,0.14378227932934154,-0.19986159169550174,0.3839138792772011,6797764
054,05,UTTARAKHAND,RUDRAPRAYAG,-0.07535563244905687,0.2069357939253801,0.22889657823911577,0.2519646289888447,253765.7495822607,0.09868526203433536,-0.21413302575932336,0.33685505574778934,2576527
055,05,UTTARAKHAND,TEHRI GARHWAL,-0.07111111111111068,0.22145328719722732,0.24415224913492994,0.25990003844676735,553608.2420262359,0.10953491942525745,-0.2288965782391388,0.34602076124567477,5065420
056,05,UTTARAKHAND,UDHAM SINGH NAGAR,-0.08882737408688039,0.20693579392539663,0.25196462898884475,0.2844444444444701,197424.80053704407,0.057960497666983524,-0.19986159169550174,0.36472126105344094,3417188
047,05,UTTARAKHAND,CHAMOLI,-0.0797231833910076,0.19291041906955797,0.22145328719723203,0.2519646289888608,866639.9106303942,0.0856424829919747,-0.2069357939254133,0.36472126105344094,10130102
053,05,UTTARAKHAND,PITHORAGARH,-0.07111111111111433,0.1998615916954833,0.22145328719723537,0.24415224913492709,851366.1054156302,0.09133562952660924,-0.21413302575932336,0.36472126105344094,9333695
057,05,UTTARAKHAND,UTTARKASHI,-0.07972318339100412,0.192910419069566,0.21413302575927598,0.23646289888503821,893843.0107999383,0.08613322395682736,-0.2364628988850442,0.36472126105344094,10391325
664,19,WEST BENGAL,ALIPUR DUAR,-0.11909265667051533,0.16000000000000242,0.18608227604770475,0.20693579392538927,148189.8379172661,0.04242930243289679,-0.2288965782391388,0.29287197231833906,3499191
305,19,WEST BENGAL,BANKURA,-0.14769703960015826,0.1860822760477083,0.22145328719722934,0.2519646289888601,320503.149887814,0.03834583849777225,-0.2288965782391388,0.34602076124567477,8367774
306,19,WEST BENGAL,PURBA BARDDHAMAN,-0.1793771626297996,0.03254133025759187,0.07111111111111292,0.13588619761630222,-464291.4504183944,-0.07329493551625989,-0.24415224913494812,0.31009611687812383,6345416
307,19,WEST BENGAL,BIRBHUM,-0.16000000000000508,0.07535563244905058,0.11909265667051253,0.172795078815847,-164852.55259451366,-0.029671435232830282,-0.22145328719723184,0.34602076124567477,5568338
310,19,WEST BENGAL,DAKSHIN DINAJPUR,-0.16633602460589547,0.05911572472126432,0.08882737408688318,0.11909265667050906,-140833.31493187352,-0.051031058580755205,-0.22145328719723184,0.2761399461745483,2766684
309,19,WEST BENGAL,DARJILING,-0.08421376393694893,0.15999999999998687,0.1793771626297784,0.19986159169549028,173660.83052157413,0.06773168981696889,-0.2069357939254133,0.28444444444444444,2570580
317,19,WEST BENGAL,PURBA MEDINIPUR,-0.1793771626297981,0.0711111111111185,0.08882737408688995,0.11374086889657455,-210412.76212129396,-0.04414136121604179,-0.2364628988850442,0.2288965782391388,4774369
313,19,WEST BENGAL,HAORA,-0.1727950788158496,0.06698961937716486,0.08882737408688363,0.10851211072664312,-61605.794435724616,-0.034716757212482664,-0.2519646289888504,0.21413302575932336,1779421
312,19,WEST BENGAL,HUGLI,-0.1929104190695689,0.041584006151481195,0.07111111111111333,0.10340638216070595,-257802.7117777305,-0.0674626975001634,-0.2519646289888504,0.24415224913494812,3830421
314,19,WEST BENGAL,JALPAIGURI,-0.1301653210303725,0.1417301038062225,0.1727950788158507,0.206935793925385,94060.44216933727,0.021958222574550813,-0.21413302575932336,0.29287197231833906,4291724
308,19,WEST BENGAL,KOCH BIHAR,-0.1600000000000144,0.0669896193771667,0.09356401384082462,0.11909265667051057,-149742.4859438765,-0.03568933517784991,-0.2364628988850442,0.2519646289888504,4209471
315,19,WEST BENGAL,KOLKATA,-0.1190926566705137,0.03254133025759367,0.05536332179930704,0.08421376393694603,-8645.75713485456,-0.03859681653475217,-0.19986159169550174,0.16633602460592078,225875
316,19,WEST BENGAL,MALDAH,-0.1727950788158505,0.13588619761631926,0.16633602460590774,0.18608227604770472,-25468.506940797044,-0.005757258410148601,-0.2364628988850442,0.3188927335640138,4432769
319,19,WEST BENGAL,MURSHIDABAD,-0.16633602460587085,0.09356401384082316,0.13016532103037282,0.15999999999999698,-106989.83688484179,-0.016354315763993415,-0.2364628988850442,0.3014225297962323,6553296
320,19,WEST BENGAL,NADIA,-0.14769703960015848,0.09842368319876998,0.13016532103037312,0.16000000000000322,-3475.3838518474395,-7.331733179520854E-4,-0.2288965782391388,0.28444444444444444,4752532
303,19,WEST BENGAL,NORTH TWENTY-FOUR PARGANAS,-0.15999999999999767,0.0797231833910122,0.10851211072664818,0.13016532103037276,-101311.35805634124,-0.020898802587010264,-0.2599000384467512,0.2679584775086506,4858451
318,19,WEST BENGAL,PASCHIM MEDINIPUR,-0.17279507881585104,0.14769703960016434,0.21413302575932913,0.2519646289888446,-116774.18545778882,-0.015407833310159295,-0.2364628988850442,0.3553094963475586,7589470
321,19,WEST BENGAL,PURULIYA,-0.02582465235119905,0.1793771626298099,0.20693579392538558,0.23646289888504518,693726.5683099955,0.09123821104425456,-0.17937716262975778,0.3553094963475586,7614827
304,19,WEST BENGAL,SOUTH TWENTY-FOUR PARGANAS,-0.16633602460589633,0.0888273740868709,0.10851211072665712,0.1301653210303771,-92098.920603659,-0.009971424152099,-0.2288965782391388,0.2679584775086506,9269362
311,19,WEST BENGAL,UTTAR DINAJPUR,-0.16633602460590616,0.05536332179930691,0.08421376393694499,0.11374086889657707,-167193.6094474123,-0.04299153886904645,-0.22145328719723184,0.2519646289888504,3902218
703,19,WEST BENGAL,JHARGRAM,-0.1358861976163079,0.22145328719721694,0.25196462898884464,0.276139946174538,206897.83555591965,0.0552909001246562,-0.21413302575932336,0.37425605536332185,3751531
704,19,WEST BENGAL,PASCHIM BARDDHAMAN,-0.1190926566705115,0.13016532103036976,0.18608227604767358,0.23646289888505465,76850.09748658701,0.03485314377977962,-0.1929104190695886,0.33685505574778934,2210746
702,19,WEST BENGAL,KALIMPONG,-0.07111111111111046,0.15378700499806214,0.17279507881585102,0.19291041906957368,98165.00583108426,0.07170321312375408,-0.2288965782391388,0.28444444444444444,1372509
