di_code,st_code,state23,dist23,A06_p2,A06_p90,A06_p95,A06_p98,A06_sum,A06_mean,A06_min,A06_max,A06_count
603,35,ANDAMAN & NICOBAR,NICOBAR,-0.07535563244905312,0.1727950788158498,0.1860822760476889,0.2069357939254105,107348.46942084655,0.05351280305714903,-0.17279507881584008,0.37425605536332185,2020602
632,35,ANDAMAN & NICOBAR,NORTH & MIDDLE ANDAMAN,-0.10340638216070813,0.08421376393694617,0.12456747404844397,0.15378700499807949,-34072.4088175609,-0.008576026046382221,-0.22145328719723184,0.2761399461745483,4003957
602,35,ANDAMAN & NICOBAR,SOUTH ANDAMAN,-0.11374086889657475,0.10340638216070645,0.14173010380623466,0.17279507881584594,4728.157344671316,0.0016339495385065878,-0.21413302575932336,0.3278123798539023,2916597
502,28,ANDHRA PRADESH,ANANTAPUR,-0.04822760476739497,0.10851211072666345,0.1301653210303615,0.15378700499808504,1086567.7932714592,0.048504011601731935,-0.186082276047674,0.29287197231833906,22430270
503,28,ANDHRA PRADESH,CHITTOOR,-0.07535563244905037,0.14173010380623793,0.1793771626298112,0.20693579392538172,968166.3712992145,0.05614005601423674,-0.2364628988850442,0.3839138792772011,17269415
504,28,ANDHRA PRADESH,Y S R KADAPA,-0.07535563244905259,0.14769703960015595,0.1727950788158432,0.1998615916954864,1030375.0669944977,0.05818300221774208,-0.22145328719723184,0.34602076124567477,17724326
505,28,ANDHRA PRADESH,EAST GODAVARI,-0.19291041906954487,0.07972318339099622,0.10340638216072724,0.13588619761630746,-359142.3228575287,-0.02376087204668049,-0.3014225297962323,0.29287197231833906,15133939
506,28,ANDHRA PRADESH,GUNTUR,-0.07972318339101198,0.1929104190695188,0.2069357939253769,0.22889657823911352,1459077.3364131416,0.10989815850546188,-0.22145328719723184,0.3278123798539023,13291974
510,28,ANDHRA PRADESH,KRISHNA,-0.07111111111111623,0.19291041906954495,0.20693579392537578,0.22145328719722762,966206.2996174882,0.09463626604350855,-0.2288965782391388,0.3188927335640138,10225813
511,28,ANDHRA PRADESH,KURNOOL,-0.10851211072666093,0.13016532103033593,0.15378700499801948,0.17937716262979653,807692.4592880543,0.04004625495212697,-0.24415224913494812,0.31009611687812383,20185908
515,28,ANDHRA PRADESH,POTTI SRIRAMULU NELLORE,-0.025872214587450336,0.22145328719727572,0.2441522491349908,0.25990003844676585,1999167.324919171,0.1310878135399903,-0.17937716262975778,0.36472126105344094,15263341
517,28,ANDHRA PRADESH,PRAKASAM,-0.10340638216072615,0.18608227604762867,0.19986159169548845,0.22145328719721658,1783553.9000293126,0.08725293426173741,-0.24415224913494812,0.3278123798539023,20457221
519,28,ANDHRA PRADESH,SRIKAKULAM,-0.17937716262979556,0.11374086889656408,0.13016532103033895,0.14173010380623,40084.35761157696,0.005824651472376875,-0.3014225297962323,0.2599000384467512,6895077
520,28,ANDHRA PRADESH,VISAKHAPATNAM,-0.1929104190695703,0.05173394848134672,0.07972318339101346,0.10851211072664677,-644358.3307927669,-0.0473988900826941,-0.29287197231833906,0.2599000384467512,13613577
521,28,ANDHRA PRADESH,VIZIANAGARAM,-0.186082276047695,0.0888273740868687,0.10851211072665987,0.12456747404845975,-88158.6293101297,-0.01217567979340576,-0.3014225297962323,0.2364628988850442,7256513
523,28,ANDHRA PRADESH,WEST GODAVARI,-0.1537870049980376,0.11909265667053139,0.1476970396001737,0.17279507881584993,278005.32483850885,0.028602263382020703,-0.28444444444444444,0.3188927335640138,9731922
628,12,ARUNACHAL PRADESH,ANJAW,-0.18608227604770256,0.15378700499804548,0.1793771626297995,0.19986159169548628,-71882.67277646455,-0.00945470938092919,-0.29287197231833906,0.29287197231833906,7611073
229,12,ARUNACHAL PRADESH,CHANGLANG,-0.21413302575931364,-0.021120813314865934,0.009642536647771916,0.051733948481352154,-727414.6465739191,-0.11703518039693911,-0.29287197231833906,0.24415224913494812,6227191
230,12,ARUNACHAL PRADESH,DIBANG VALLEY,-0.172795078815851,0.1727950788158341,0.1929104190695507,0.21413302575926121,153968.27580046735,0.012625737286236735,-0.29287197231833906,0.3014225297962323,12207130
231,12,ARUNACHAL PRADESH,EAST KAMENG,-0.2141330257592802,0.04484429065743776,0.13016532103036194,0.17937716262978873,-510086.94471328123,-0.09190429022259251,-0.3014225297962323,0.31009611687812383,5558425
233,12,ARUNACHAL PRADESH,KURUNG KUMEY,-0.19986159169548445,0.13016532103035383,0.18608227604770264,0.21413302575930238,-249319.94751358297,-0.044409935023242614,-0.28444444444444444,0.3188927335640138,5621269
234,12,ARUNACHAL PRADESH,LOHIT,-0.1998615916954854,0.021074312010665123,0.07535563244905931,0.1417301038062257,-288985.662989998,-0.07495245662133172,-0.2761399461745483,0.2761399461745483,3863405
235,12,ARUNACHAL PRADESH,LOWER DIBANG VALLEY,-0.20693579392538666,0.025857202476617946,0.08421376393694387,0.15378700499808565,-313563.2042332343,-0.06994117255175623,-0.3014225297962323,0.2679584775086506,4491587
237,12,ARUNACHAL PRADESH,PAPUMPARE,-0.22145328719723054,-0.06299115724721119,-0.0415840061514812,-0.017777777777778267,-575788.3331187912,-0.13313220925458577,-0.3014225297962323,0.16633602460592078,4333778
238,12,ARUNACHAL PRADESH,TAWANG,-0.16633602460592495,0.13588619761631118,0.16000000000001496,0.18608227604768904,42436.333482120914,0.01371647130315869,-0.28444444444444444,0.29287197231833906,3100277
239,12,ARUNACHAL PRADESH,TIRAP,-0.22145328719722815,-0.08882737408688872,-0.07111111111111452,-0.048227604767397465,-212626.27336504325,-0.14453982513592947,-0.29287197231833906,0.13016532103037293,1474824
240,12,ARUNACHAL PRADESH,UPPER SIANG,-0.20693579392538725,0.10851211072664926,0.16000000000001,0.19986159169548554,-408869.43437590805,-0.04793154569549213,-0.3278123798539023,0.29287197231833906,8540336
241,12,ARUNACHAL PRADESH,UPPER SUBANSIRI,-0.2141330257592771,0.09356401384082301,0.15378700499808684,0.19986159169548537,-480186.0018782936,-0.058486914977379,-0.3188927335640138,0.28444444444444444,8220067
242,12,ARUNACHAL PRADESH,WEST KAMENG,-0.22889657823911388,-0.009673034225731032,0.029773164167627757,0.09356401384082459,-641554.5821371987,-0.10395803064279326,-0.3278123798539023,0.2599000384467512,6178998
719,12,ARUNACHAL PRADESH,LOWER SIANG,-0.24415224913493594,-0.10851211072664914,-0.08421376393694913,-0.04484429065743915,-371353.9807138197,-0.16245752498099605,-0.3188927335640138,0.15378700499807765,2292082
236,12,ARUNACHAL PRADESH,LOWER SUBANSIRI,-0.22889657823911536,-0.0711111111111185,-0.055363321799306434,-0.02977316416762816,-329551.32519467524,-0.13481510169520744,-0.33685505574778934,0.13016532103037293,2449933
679,12,ARUNACHAL PRADESH,SIANG,-0.2288965782391194,-0.025945391716101513,0.036952875973546635,0.12456747404843738,-498316.27609855216,-0.11388899180464034,-0.31009611687812383,0.2679584775086506,4383418
243,12,ARUNACHAL PRADESH,WEST SIANG,-0.23646289888501223,-0.055363321799309605,-0.025921268102967854,0.005736288230845877,-233109.80696085116,-0.1382044308322206,-0.31009611687812383,0.21413302575932336,1691102
725,12,ARUNACHAL PRADESH,SHI YOMI,-0.172795078815849,0.09356401384082526,0.1476970396001547,0.17937716262975328,-67599.41223974946,-0.020318356622525194,-0.2679584775086506,0.29287197231833906,3331997
724,12,ARUNACHAL PRADESH,LEPA RADA,-0.2519646289888448,-0.10851211072665405,-0.09356401384082409,-0.06698961937716374,-159741.9747946538,-0.16505987982861484,-0.3188927335640138,0.09356401384083046,970650
723,12,ARUNACHAL PRADESH,PAKKE KESSANG,-0.22889657823912177,-0.0935640138408358,-0.07535563244905048,-0.04484429065743858,-361665.5300536302,-0.15111378594104966,-0.3014225297962323,0.13588619761630144,2399368
677,12,ARUNACHAL PRADESH,KRA DAADI,-0.2069357939253892,-0.04158400615148118,-0.01299799203380604,0.05173394848135353,-241659.28958565998,-0.10865068181189556,-0.2761399461745483,0.2761399461745483,2229870
678,12,ARUNACHAL PRADESH,NAMSAI,-0.1727950788158503,0.032541330257591976,0.048227604767398534,0.06299115724721122,-79852.74625245847,-0.04724408910589651,-0.2599000384467512,0.2679584775086506,1693784
718,12,ARUNACHAL PRADESH,KAMLE,-0.23646289888505967,-0.0797231833910143,-0.06299115724721119,-0.04158400615148089,-241969.47637613298,-0.13924830160561316,-0.3014225297962323,0.21413302575932336,1742339
232,12,ARUNACHAL PRADESH,EAST SIANG,-0.2364628988850299,0.021079642197245126,0.051733948481350454,0.09842368319877184,-185432.83919154515,-0.08734756180366353,-0.3188927335640138,0.2679584775086506,2127307
666,12,ARUNACHAL PRADESH,LONGDING,-0.221453287197241,-0.08882737408687381,-0.0711111111111169,-0.055363321799309154,-165982.8777506924,-0.14178259678779787,-0.29287197231833906,0.07972318339100345,1174145
616,18,ASSAM,BAKSA,-0.1137408688965743,0.06698961937717123,0.0797231833910149,0.09356401384082717,-41551.10626616601,-0.013642179115652044,-0.2761399461745483,0.2288965782391388,3055457
280,18,ASSAM,BARPETA,-0.08421376393694885,0.08421376393695641,0.11374086889657482,0.17279507881584763,38981.656354569895,0.013676313847211265,-0.186082276047674,0.2599000384467512,2859045
705,18,ASSAM,BISWANATH,-0.1190926566705131,0.07535563244905884,0.09356401384082337,0.16000000000000045,-23132.998880732834,-0.008336531908955338,-0.2599000384467512,0.2519646289888504,2780367
281,18,ASSAM,BONGAIGAON,-0.1793771626297514,0.06698961937716602,0.09356401384082787,0.15378700499807507,-16929.873557514693,-0.012166390049242734,-0.2679584775086506,0.24415224913494812,1397646
282,18,ASSAM,CACHAR,-0.23646289888498118,0.0753556324490523,0.10340638216072873,0.13016532103036996,-418020.19260451227,-0.08986609463458431,-0.3278123798539023,0.2599000384467512,4659875
708,18,ASSAM,CHARAIDEO,-0.17279507881584938,0.05173394848134914,0.06698961937716744,0.08421376393694321,-50915.84751056676,-0.04013010574333454,-0.2679584775086506,0.16633602460592078,1273387
612,18,ASSAM,CHIRANG,-0.13016532103037232,0.035432525951560566,0.05173394848134828,0.06698961937716677,-89323.56429501127,-0.037402862955853426,-0.2519646289888504,0.22145328719723184,2393821
283,18,ASSAM,DARRANG,-0.09842368319877043,0.08882737408688345,0.11374086889657622,0.1663360246059238,21665.67208737355,0.010979414826845314,-0.2519646289888504,0.24415224913494812,1980527
284,18,ASSAM,DHEMAJI,-0.17279507881584938,0.05911572472126123,0.07972318339100794,0.14173010380623255,-36629.45988760916,-0.011740890411015212,-0.29287197231833906,0.2599000384467512,3127982
285,18,ASSAM,DHUBRI,-0.11909265667050742,0.04822760476739497,0.07111111111111239,0.13016532103037448,-33471.151007695385,-0.01622682607120959,-0.24415224913494812,0.2519646289888504,2073149
286,18,ASSAM,DIBRUGARH,-0.15378700499808762,0.08421376393695514,0.11909265667051418,0.17937716262975237,-25281.51232544079,-0.005954784578401297,-0.2599000384467512,0.2599000384467512,4254504
299,18,ASSAM,DIMA HASAO,-0.24415224913497985,-0.10851211072665823,-0.07972318339100798,-0.041584006151480744,-995058.2784799888,-0.1649772668512389,-0.3278123798539023,0.22145328719723184,6041285
287,18,ASSAM,GOALPARA,-0.17279507881584896,0.07535563244904929,0.09842368319876589,0.13016532103037456,-43924.381861450005,-0.018088930677461434,-0.2599000384467512,0.24415224913494812,2434900
288,18,ASSAM,GOLAGHAT,-0.13016532103037182,0.07111111111111837,0.09356401384083396,0.11374086889657391,-90427.298746433,-0.022501024252895976,-0.2519646289888504,0.24415224913494812,4029611
289,18,ASSAM,HAILAKANDI,-0.22145328719721266,0.07111111111111708,0.10340638216070831,0.13016532103037065,-144062.00513797125,-0.08836856204754846,-0.31009611687812383,0.2761399461745483,1635070
709,18,ASSAM,HOJAI,-0.1998615916954848,0.09356401384084001,0.1085121107266601,0.11909265667052132,-49488.566864007196,-0.02738918780497947,-0.3188927335640138,0.2288965782391388,1811736
290,18,ASSAM,JORHAT,-0.1998615916954856,0.07111111111111883,0.08421376393695676,0.09842368319877365,-84051.87527057424,-0.03607922937646342,-0.28444444444444444,0.24415224913494812,2335717
618,18,ASSAM,KAMRUP METRO,-0.228896578239147,0.029773164167626966,0.055363321799309084,0.07972318339100516,-118978.14499708376,-0.09848617167251592,-0.28444444444444444,0.2069357939254133,1212134
291,18,ASSAM,KAMRUP RURAL,-0.20693579392538738,0.059115724721258894,0.07972318339101055,0.09842368319876935,-172976.07424905477,-0.044565873478359226,-0.28444444444444444,0.24415224913494812,3891403
292,18,ASSAM,KARBI ANGLONG,-0.22889657823911655,-0.04158400615148114,0.029773164167628,0.07972318339101603,-1246249.1548774038,-0.136870400637279,-0.31009611687812383,0.186082276047674,9120022
293,18,ASSAM,KARIMGANJ,-0.20693579392539396,0.08882737408689081,0.11374086889657324,0.13588619761629833,-132932.92891743215,-0.059753175717753605,-0.3188927335640138,0.2364628988850442,2229526
294,18,ASSAM,KOKRAJHAR,-0.1537870049980823,0.02977316416763092,0.04822760476739217,0.06299115724721124,-175246.90694538847,-0.04526821293648744,-0.28444444444444444,0.2288965782391388,3879174
295,18,ASSAM,LAKHIMPUR,-0.15378700499808315,0.051733948481346194,0.07111111111111702,0.09356401384082653,-79788.13253590307,-0.021240624792222492,-0.2761399461745483,0.24415224913494812,3763908
706,18,ASSAM,MAJULI,-0.10340638216071889,0.1358861976163046,0.19291041906958079,0.21413302575932863,39799.59392824064,0.025039327433648496,-0.2069357939254133,0.2599000384467512,1595085
296,18,ASSAM,MARIGAON,-0.18608227604770458,0.0797231833910121,0.10851211072664399,0.15999999999999787,-13672.963799426201,-0.007271453140473878,-0.2761399461745483,0.2519646289888504,1884753
297,18,ASSAM,NAGAON,-0.1727950788158475,0.06299115724721531,0.07972318339101261,0.10340638216072212,-71261.01668285618,-0.02219856989773247,-0.28444444444444444,0.2288965782391388,3221993
298,18,ASSAM,NALBARI,-0.09356401384082602,0.07972318339101325,0.09356401384082381,0.12456747404844266,10198.87312167915,0.007834068795586286,-0.19986159169550174,0.2364628988850442,1306375
300,18,ASSAM,SIBSAGAR,-0.1476970396001517,0.0629911572472111,0.0753556324490453,0.09356401384082556,-33374.34248947275,-0.016355017263273864,-0.28444444444444444,0.2519646289888504,2046198
301,18,ASSAM,SONITPUR,-0.15378700499808595,0.07535563244906643,0.09356401384083525,0.1476970396001555,-39650.3908487461,-0.010558957659372863,-0.29287197231833906,0.2519646289888504,3761187
707,18,ASSAM,SOUTH SALMARA MANCACHAR,-0.12456747404844193,0.07972318339100448,0.13588619761630402,0.17279507881584688,1336.9526278751027,0.001922717405300712,-0.2364628988850442,0.2288965782391388,699403
302,18,ASSAM,TINSUKIA,-0.1663360246059048,0.05173394848134681,0.07111111111111705,0.10851211072664356,-159803.86911518715,-0.033314262900368416,-0.3278123798539023,0.2599000384467512,4805197
617,18,ASSAM,UDALGURI,-0.1137408688965759,0.06299115724721112,0.07535563244904435,0.08882737408688282,-36696.26869329336,-0.014583911264606075,-0.2761399461745483,0.1929104190695886,2524545
710,18,ASSAM,WEST KARBI ANGLONG,-0.2214532871972154,-0.03697840462181959,0.005756201272087849,0.06299115724721127,-486542.0308022147,-0.1276920522815234,-0.31009611687812383,0.22145328719723184,3818912
188,10,BIHAR,ARARIA,-0.14173010380623607,0.01574778931180279,0.02712802768166271,0.03844675124952026,-112385.53483627514,-0.032395386987767165,-0.2288965782391388,0.16633602460592078,3476505
611,10,BIHAR,ARWAL,-0.07111111111110961,0.06299115724721119,0.0711111111111165,0.08882737408688966,18362.24425731687,0.023347387733589655,-0.17279507881584008,0.22145328719723184,790200
189,10,BIHAR,AURANGABAD,-0.13588619761631485,0.06299115724723352,0.07535563244904898,0.08882737408688576,77728.75263535124,0.019125907064414298,-0.2364628988850442,0.2069357939254133,4071463
190,10,BIHAR,BANKA,-0.13588619761630347,0.01039600153787031,0.022206843521721878,0.038446751249520086,-172052.71511068748,-0.04623428204455981,-0.2519646289888504,0.1929104190695886,3727975
191,10,BIHAR,BEGUSARAI,-0.14173010380623793,0.0591157247212568,0.07972318339100935,0.11374086889657697,-26572.259275501616,-0.011173936373419997,-0.2364628988850442,0.22145328719723184,2385201
200,10,BIHAR,KAIMUR,-0.1599999999999969,0.07111111111105543,0.07972318339101024,0.08882737408688662,-17378.613783198893,-0.004189011776909105,-0.3014225297962323,0.19986159169550174,4155971
192,10,BIHAR,BHAGALPUR,-0.14173010380623807,0.07535563244904599,0.09842368319877604,0.13016532103036832,-12971.540030652382,-0.004112126905124975,-0.2364628988850442,0.21413302575932336,3161985
193,10,BIHAR,BHOJPUR,-0.07111111111111278,0.08421376393697265,0.09356401384083408,0.10340638216070949,113482.53177091343,0.0384250217887283,-0.17937716262975778,0.21413302575932336,2959033
194,10,BIHAR,BUXAR,-0.07111111111111235,0.084213763936967,0.08882737408687627,0.09842368319876937,84650.16421278959,0.040266742100837125,-0.22145328719723184,0.2069357939254133,2107650
195,10,BIHAR,DARBHANGA,-0.15378700499808495,0.027128027681663232,0.04158400615148115,0.06299115724721145,-96974.30893464202,-0.031011866895797973,-0.2599000384467512,0.19986159169550174,3135810
196,10,BIHAR,GAYA,-0.14173010380623782,0.041584006151473445,0.05911572472126479,0.08421376393694753,-67973.5315178185,-0.011137956859235411,-0.2599000384467512,0.2519646289888504,6114662
197,10,BIHAR,GOPALGANJ,-0.10851211072664134,0.06299115724724051,0.07535563244905723,0.08421376393695446,910.0623804692499,3.5875379699855245E-4,-0.2069357939254133,0.1929104190695886,2543564
199,10,BIHAR,JAHANABAD,-0.07972318339100362,0.0415840061514813,0.05536332179931071,0.07972318339100547,8347.188399991244,0.007224404929718132,-0.21413302575932336,0.2069357939254133,1159636
198,10,BIHAR,JAMUI,-0.17937716262976927,0.02977316416763039,0.04822760476739907,0.07111111111111366,-156412.23862263802,-0.041037700324137664,-0.2761399461745483,0.2069357939254133,3819342
201,10,BIHAR,KATIHAR,-0.14173010380623927,0.03844675124952183,0.06299115724721122,0.098423683198764,-93436.42692469244,-0.02481885472950716,-0.24415224913494812,0.2069357939254133,3773694
202,10,BIHAR,KHAGARIA,-0.11909265667051358,0.07111111111111715,0.09356401384082415,0.1190926566705078,12002.861546759626,0.0065045381255396904,-0.21413302575932336,0.21413302575932336,1851170
203,10,BIHAR,KISHANGANJ,-0.11909265667051434,0.013840830449827039,0.024605920799691462,0.044844290657438814,-77511.30294146927,-0.03228290697392507,-0.21413302575932336,0.1929104190695886,2408235
204,10,BIHAR,LAKHISARAI,-0.1929104190696157,0.07111111111111432,0.09842368319877659,0.11909265667051479,-14145.768960181409,-0.009399355435561836,-0.29287197231833906,0.2069357939254133,1509373
205,10,BIHAR,MADHEPURA,-0.14769703960015762,0.024605920799691643,0.05173394848135331,0.08882737408688966,-77332.28974551935,-0.03451357923002502,-0.2288965782391388,0.19986159169550174,2247230
206,10,BIHAR,MADHUBANI,-0.15378700499808606,0.024605920799688288,0.03543252595155245,0.04822760476739753,-148331.55970762626,-0.03400769282490318,-0.2288965782391388,0.17279507881584008,4370352
207,10,BIHAR,MUNGER,-0.19986159169548623,0.08421376393696138,0.11374086889658519,0.14173010380624032,-36502.85085859777,-0.02096402759217315,-0.28444444444444444,0.22145328719723184,1746408
208,10,BIHAR,MUZAFFARPUR,-0.14173010380623205,0.029773164167630373,0.04484429065744332,0.06299115724721134,-130713.2927194896,-0.03308569127265822,-0.2288965782391388,0.19986159169550174,3958875
209,10,BIHAR,NALANDA,-0.11374086889657478,0.038446751249517644,0.051733948481349955,0.0753556324490594,-7257.728833677075,-0.002483972118085703,-0.2679584775086506,0.1929104190695886,2929383
210,10,BIHAR,NAWADA,-0.17937716262975031,0.03254133025758612,0.04822760476739822,0.06698961937716176,-80625.75221245509,-0.02631637308707962,-0.2761399461745483,0.186082276047674,3071041
211,10,BIHAR,PASHCHIMI CHAMPARAN,-0.22889657823910556,0.03254133025759072,0.05173394848134758,0.07535563244904868,-302041.7778526112,-0.04610742224941823,-0.3188927335640138,0.2364628988850442,6560379
212,10,BIHAR,PATNA,-0.09356401384082769,0.06299115724721115,0.08882737408688625,0.10851211072665033,34977.06742588055,0.008859170391994391,-0.22145328719723184,0.24415224913494812,3959090
213,10,BIHAR,PURBI CHAMPARAN,-0.1358861976162981,0.05173394848134492,0.06698961937717393,0.0797231833910138,-77062.4591475374,-0.015544176705912049,-0.2288965782391388,0.19986159169550174,4966698
214,10,BIHAR,PURNIA,-0.14173010380623968,0.01993079584775316,0.03254133025759202,0.04822760476739525,-127404.41240266796,-0.03183344424649342,-0.2364628988850442,0.1929104190695886,4010639
215,10,BIHAR,ROHTAS,-0.14173010380622927,0.07972318339098426,0.0888273740868785,0.09842368319877161,79682.93426794934,0.016825280778386322,-0.28444444444444444,0.2288965782391388,4743839
216,10,BIHAR,SAHARSA,-0.14173010380623813,0.03543252595155758,0.05536332179931093,0.08882737408688966,-50548.485220304676,-0.02444850416149936,-0.2288965782391388,0.19986159169550174,2073256
217,10,BIHAR,SAMASTIPUR,-0.14173010380623846,0.0246059207996916,0.04484429065744308,0.07111111111111369,-105021.25675702764,-0.031706964648353944,-0.2519646289888504,0.2069357939254133,3321029
218,10,BIHAR,SARAN,-0.10851211072664357,0.07111111111111919,0.08882737408688414,0.12456747404844133,29063.15589536582,0.00887132565735337,-0.22145328719723184,0.2364628988850442,3282541
219,10,BIHAR,SHEIKHPURA,-0.07972318339100616,0.03543252595156039,0.044844290657437814,0.06299115724721151,-1225.9005036674432,-0.0014656429174400788,-0.22145328719723184,0.17279507881584008,840498
220,10,BIHAR,SHEOHAR,-0.12456747404844129,0.05173394848134884,0.059115724721264244,0.0711111111111128,-2844.8884216189667,-0.005138145210722202,-0.21413302575932336,0.186082276047674,556991
221,10,BIHAR,SITAMARHI,-0.13588619761629747,0.04158400615147578,0.05536332179930333,0.0669896193771636,-44435.13437625047,-0.016264954132677208,-0.22145328719723184,0.186082276047674,2739355
222,10,BIHAR,SIWAN,-0.09356401384082424,0.06698961937717648,0.07535563244906515,0.08882737408688823,37300.86444072199,0.013512497850124414,-0.19986159169550174,0.2069357939254133,2766570
223,10,BIHAR,SUPAUL,-0.14769703960015695,0.01777777777777925,0.03543252595155926,0.07972318339100466,-106283.9620812853,-0.0352859777207665,-0.24415224913494812,0.2069357939254133,3018897
224,10,BIHAR,VAISHALI,-0.14769703960015715,0.04158400615147383,0.06299115724721122,0.0935640138408247,-67784.72927195505,-0.026850065534027422,-0.2364628988850442,0.22145328719723184,2529599
044,04,CHANDIGARH,CHANDIGARH,-0.13016532103037406,0.05911572472126172,0.08421376393694686,0.11374086889657796,-3920.1287159837957,-0.026354928608616112,-0.1929104190695886,0.22145328719723184,150026
646,22,CHHATTISGARH,BALOD,-0.15378700499807585,0.016765027113829573,0.03254133025759105,0.0482276047673952,-202897.1444740683,-0.05043513633947684,-0.2679584775086506,0.2364628988850442,4030747
644,22,CHHATTISGARH,BALODA BAZAR,-0.16633602460588234,0.024605920799689072,0.035432525951555896,0.04822760476739588,-256122.9287358519,-0.04569921348681287,-0.2761399461745483,0.2069357939254133,5614038
649,22,CHHATTISGARH,BALRAMPUR,-0.18608227604770017,0.017777777777779183,0.032541330257594016,0.04822760476739396,-442843.09124168736,-0.057981328752573044,-0.29287197231833906,0.17937716262975778,7650578
374,22,CHHATTISGARH,BASTAR,-0.1727950788158503,0.04158400615147562,0.05911572472125238,0.07535563244904613,-244586.50952163458,-0.03832368726304184,-0.29287197231833906,0.22145328719723184,6393305
650,22,CHHATTISGARH,BEMETARA,-0.09842368319876993,0.024605920799687105,0.035432525951553884,0.04484429065743779,-45285.086585862315,-0.016834566074236414,-0.22145328719723184,0.17937716262975778,2697016
636,22,CHHATTISGARH,BIJAPUR,-0.19986159169548628,-0.004495804600964497,0.015747789311802818,0.03844675124952056,-960320.042214454,-0.08796484482262013,-0.28444444444444444,0.19986159169550174,10931393
375,22,CHHATTISGARH,BILASPUR,-0.16633602460592486,0.024605920799692912,0.03844675124952129,0.05536332179930828,-178968.65445827614,-0.04188036260951675,-0.28444444444444444,0.2069357939254133,4282196
734,22,CHHATTISGARH,GAURELA-PENDRA-MARWAHI,-0.17937716262976316,0.004482764922708124,0.019930795847751925,0.03543252595155878,-143759.94999850515,-0.059528712979026205,-0.28444444444444444,0.16633602460592078,2420209
376,22,CHHATTISGARH,DAKSHIN BASTAR DANTEWADA,-0.19291041906960246,0.022206843521721892,0.03543252595156057,0.05536332179930951,-157838.7212646633,-0.047432252268505816,-0.29287197231833906,0.2069357939254133,3336766
377,22,CHHATTISGARH,DHAMTARI,-0.14769703960016428,0.032541330257589776,0.04822760476739712,0.06698961937716533,-261475.92498761267,-0.053641476416608824,-0.2599000384467512,0.2288965782391388,4882863
378,22,CHHATTISGARH,DURG,-0.13016532103037567,0.019930795847753143,0.032541330257592996,0.04822760476739436,-85802.54050505352,-0.031180967822753536,-0.2288965782391388,0.186082276047674,2758101
645,22,CHHATTISGARH,GARIYABAND,-0.17937716262977624,-0.006840245893901722,0.01039600153787026,0.03254133025759195,-431447.1530284037,-0.0747212798508026,-0.3014225297962323,0.17279507881584008,5784384
379,22,CHHATTISGARH,JANJGIR - CHAMPA,-0.12456747404845017,0.013840830449827101,0.024605920799692024,0.038446751249520086,-205411.38319267303,-0.03801816312343875,-0.2679584775086506,0.19986159169550174,5413703
380,22,CHHATTISGARH,JASHPUR,-0.16633602460592234,0.015747789311802787,0.02977316416762912,0.04484429065743784,-361213.3371849895,-0.050984348578404746,-0.2679584775086506,0.19986159169550174,7094864
382,22,CHHATTISGARH,KABIRDHAM,-0.21413302575928078,0.010396001537870262,0.024605920799689696,0.035432525951554696,-426793.80041617824,-0.08442715516201206,-0.3014225297962323,0.16633602460592078,5063228
381,22,CHHATTISGARH,UTTAR BASTAR KANKER,-0.19986159169548592,-0.005818367390354617,0.012949831950785732,0.03254133025759377,-641376.2332410831,-0.07498466116368771,-0.29287197231833906,0.2364628988850442,8566278
643,22,CHHATTISGARH,KONDAGAON,-0.14173010380623088,0.01993079584775318,0.03543252595155879,0.05173394848135094,-244989.07446222275,-0.04065698978384289,-0.2599000384467512,0.19986159169550174,6035251
383,22,CHHATTISGARH,KORBA,-0.2214532871972523,-0.013005874210048531,0.005713839066957251,0.02104647570336428,-663489.6445403199,-0.0831979992877154,-0.34602076124567477,0.17279507881584008,7984432
384,22,CHHATTISGARH,KOREA,-0.1860822760477035,-0.006834317870602431,0.00885813148788986,0.027128027681660817,-626169.4128454318,-0.07793784157670186,-0.29287197231833906,0.2069357939254133,8044955
385,22,CHHATTISGARH,MAHASAMUND,-0.1537870049980832,-9.335294973869408E-4,0.015747789311802814,0.03543252595155864,-315539.18318104686,-0.055443525983931825,-0.2679584775086506,0.19986159169550174,5701522
647,22,CHHATTISGARH,MUNGELI,-0.21413302575933343,0.015747789311802783,0.02712802768166432,0.03844675124952185,-229863.04654880892,-0.06863163488970084,-0.31009611687812383,0.16633602460592078,3357558
637,22,CHHATTISGARH,NARAINPUR,-0.21413302575929766,-0.03254133025758887,-0.009666701354386088,0.01674543804678518,-516234.0771575757,-0.11164889534343048,-0.3014225297962323,0.2069357939254133,4632332
386,22,CHHATTISGARH,RAIGARH,-0.1929104190695968,-0.0017475137999740037,0.012949083249705565,0.029773164167627833,-605958.7750754375,-0.07138059186990942,-0.3188927335640138,0.21413302575932336,8502955
387,22,CHHATTISGARH,RAIPUR,-0.10851211072664677,0.03844675124951529,0.04822760476739463,0.05911572472126427,-64794.740165060204,-0.01861701293687754,-0.21413302575932336,0.21413302575932336,3486230
388,22,CHHATTISGARH,RAJ NANDGAON,-0.19291041906958878,-0.005822334751320358,0.009632132998824025,0.02102029835520347,-664249.8886273513,-0.06878935604717924,-0.3014225297962323,0.21413302575932336,9670842
642,22,CHHATTISGARH,SUKMA,-0.16633602460592498,0.03254133025758794,0.0482276047673993,0.06698961937716422,-222554.07543412736,-0.03452728434405738,-0.2679584775086506,0.2069357939254133,6458280
648,22,CHHATTISGARH,SURAJPUR,-0.19986159169548529,0.012959061576145063,0.029773164167630616,0.04484429065744262,-427976.764115897,-0.06450302654924389,-0.3188927335640138,0.2288965782391388,6646511
389,22,CHHATTISGARH,SURGUJA,-0.18608227604768882,0.021065520115214724,0.03254133025759295,0.04822760476739501,-243138.58431566562,-0.050076827448998544,-0.31009611687812383,0.22145328719723184,4864080
463,38,DADRA & NAGAR HAVELI & DAMAN & DIU,DAMAN,-0.10851211072664335,0.03254133025759356,0.0517339484813531,0.07535563244905831,-1604.8596778011681,-0.0188434785061177,-0.1929104190695886,0.2519646289888504,86148
464,38,DADRA & NAGAR HAVELI & DAMAN & DIU,DIU,-0.08882737408688968,0.044844290657439355,0.06698961937716255,0.08421376393694742,-315.4275456649462,-0.00683114531713394,-0.14769703960015382,0.17937716262975778,47012
465,38,DADRA & NAGAR HAVELI & DAMAN & DIU,DADRA & NAGAR HAVELI,-0.10340638216070853,0.010396001537870247,0.02712802768166175,0.04822760476739754,-17942.579592093825,-0.03076463784659002,-0.186082276047674,0.21413302575932336,587628
077,07,DELHI,CENTRAL,-0.14173010380622628,0.044844290657439057,0.07111111111110997,0.10340638216070686,-4711.741370543091,-0.0348143480414851,-0.2069357939254133,0.186082276047674,137139
078,07,DELHI,EAST,-0.13588619761630133,0.013840830449827002,0.044844290657439466,0.09356401384083045,-2166.5033036165455,-0.054142151890156295,-0.186082276047674,0.17937716262975778,40526
079,07,DELHI,NEW DELHI,-0.1417301038062258,0.022206843521722416,0.051733948481352925,0.08882737408688966,-10712.081774639935,-0.05386385034604723,-0.19986159169550174,0.21413302575932336,200534
080,07,DELHI,NORTH,-0.12456747404844055,0.07972318339100375,0.09356401384082681,0.10851211072664625,1529.5643875126007,0.004120748174761632,-0.2069357939254133,0.2288965782391388,373407
081,07,DELHI,NORTH EAST,-0.08882737408688966,0.09356401384083048,0.11909265667051086,0.1476970396001536,452.8732527911377,0.010097666465039217,-0.17937716262975778,0.19986159169550174,45774
082,07,DELHI,NORTH WEST,-0.11909265667051457,0.08421376393694918,0.09842368319877193,0.11374086889657943,1268.0632463828567,0.006491970052571184,-0.19986159169550174,0.1929104190695886,197251
671,07,DELHI,SHAHADRA,-0.11909265667051085,0.08421376393694749,0.11909265667051104,0.14769703960015357,-673.635682444881,-0.015388266828295876,-0.17279507881584008,0.21413302575932336,44424
083,07,DELHI,SOUTH,-0.10851211072664539,0.05173394848135443,0.08421376393694581,0.11909265667051065,-4735.760577152133,-0.02342413886311872,-0.1929104190695886,0.2364628988850442,203572
084,07,DELHI,SOUTH WEST,-0.10851211072664588,0.09356401384082359,0.10851211072663745,0.11909265667051139,9100.972253989203,0.02529508074374923,-0.1929104190695886,0.22145328719723184,362148
085,07,DELHI,WEST,-0.12456747404844432,0.06698961937716325,0.09356401384083174,0.11909265667051216,-1807.2771383556826,-0.010812746516459089,-0.1929104190695886,0.186082276047674,168657
670,07,DELHI,SOUTH EAST,-0.13588619761630122,0.04822760476739734,0.0797231833910033,0.11909265667051139,-4015.0596526524873,-0.031155120065175002,-0.19986159169550174,0.21413302575932336,130060
551,30,GOA,NORTH GOA,-0.20693579392540645,0.03688798331498103,0.05173394848134794,0.07535563244905787,-89352.79555793629,-0.044195264901076614,-0.3014225297962323,0.22145328719723184,2026943
552,30,GOA,SOUTH GOA,-0.22145328719721513,0.025885330909248053,0.04822760476739655,0.07111111111111272,-151726.00985889236,-0.06705402834615469,-0.29287197231833906,0.2519646289888504,2268792
673,24,GUJARAT,MORBI,-0.08882737408688161,0.06698961937717278,0.08421376393695622,0.10851211072664797,34100.19610094862,0.0056511888713345415,-0.21413302575932336,0.2761399461745483,6044416
438,24,GUJARAT,AHMADABAD,-0.084213763936955,0.09842368319874213,0.11909265667052689,0.13588619761632076,248704.06031068068,0.028364869448763003,-0.21413302575932336,0.2599000384467512,8784863
440,24,GUJARAT,ANAND,-0.09356401384082441,0.07972318339101693,0.09842368319877376,0.11374086889657323,44075.31653559462,0.011494280090677935,-0.24415224913494812,0.2364628988850442,3842291
674,24,GUJARAT,DEVBHUMI DWARKA,-0.0669896193771659,0.09356401384084305,0.1137408688965758,0.14173010380623385,162619.2546303436,0.03244541869418157,-0.186082276047674,0.33685505574778934,5023982
447,24,GUJARAT,JAMNAGAR,-0.07535563244905198,0.06299115724721255,0.07972318339101234,0.10340638216070962,56761.20218620474,0.00794988844510314,-0.1929104190695886,0.2761399461745483,7153837
449,24,GUJARAT,KACHCHH,-0.13016532103033526,0.07972318339100726,0.0984236831988049,0.11909265667051955,-400674.3661305995,-0.008079303811649542,-0.24415224913494812,0.31009611687812383,49630741
443,24,GUJARAT,BHAVNAGAR,-0.07972318339101363,0.059115724721250186,0.075355632449046,0.0935640138408247,8832.442506399417,0.001087686138635356,-0.19986159169550174,0.2679584775086506,8129986
442,24,GUJARAT,BHARUCH,-0.07972318339100877,0.0711111111111194,0.09356401384084094,0.1137408688965794,43662.8057656322,0.007366471241660894,-0.186082276047674,0.2761399461745483,5942322
459,24,GUJARAT,SURAT,-0.10340638216071238,0.029773164167629623,0.0482276047673983,0.07111111111111398,-122466.50435588964,-0.02358446012308489,-0.19986159169550174,0.2288965782391388,5202601
453,24,GUJARAT,NAVSARI,-0.11374086889657439,0.013840830449826596,0.02977316416762779,0.05173394848135463,-94517.60146618931,-0.03588521052894542,-0.2069357939254133,0.22145328719723184,2640202
462,24,GUJARAT,VALSAD,-0.10340638216071152,0.0068107454922418905,0.022206843521720903,0.04158400615148095,-121453.07009062392,-0.03455811259132058,-0.2288965782391388,0.2364628988850442,3524114
672,24,GUJARAT,ARAVALLI,-0.07535563244905395,0.09842368319875339,0.11909265667051992,0.14173010380621434,130685.3219740616,0.03407927846282274,-0.19986159169550174,0.2599000384467512,3843076
441,24,GUJARAT,BANAS KANTHA,-0.07972318339101292,0.09842368319875482,0.11374086889656608,0.13016532103034198,541609.0817774622,0.04109329790822032,-0.2519646289888504,0.2599000384467512,13197838
668,24,GUJARAT,CHHOTA UDEPUR,-0.1137408688965753,0.04822760476739656,0.07111111111111786,0.09842368319877098,-51408.1700242149,-0.012329318168450686,-0.2599000384467512,0.2364628988850442,4179280
445,24,GUJARAT,DAHOD,-0.11909265667051643,0.04484429065744989,0.05911572472125759,0.07111111111111657,-60844.90264526409,-0.013788458587323485,-0.2599000384467512,0.22145328719723184,4420485
444,24,GUJARAT,DANGS,-0.14173010380623885,-0.006853425447279994,0.004474636572368047,0.019930795847751245,-111877.91515832284,-0.05302590425303155,-0.22145328719723184,0.16633602460592078,2115144
675,24,GUJARAT,GIR SOMNATH,-0.0711111111111135,0.08421376393696164,0.09842368319877551,0.11374086889657418,83361.76385468601,0.026369071851600288,-0.17279507881584008,0.2761399461745483,3168667
448,24,GUJARAT,JUNAGADH,-0.08421376393695464,0.07111111111112008,0.0888273740868819,0.10851211072664393,67862.23314146473,0.009211152052307934,-0.21413302575932336,0.3014225297962323,7380122
669,24,GUJARAT,MAHISAGAR,-0.0984236831987646,0.04822760476739157,0.06299115724721116,0.07972318339100744,-12098.072039498302,-0.003966911753603939,-0.24415224913494812,0.19986159169550174,3057162
452,24,GUJARAT,NARMADA,-0.11909265667052489,0.02977316416762918,0.048227604767399214,0.07535563244905802,-88479.47913505763,-0.026118829905186665,-0.2599000384467512,0.21413302575932336,3395262
454,24,GUJARAT,PANCH MAHALS,-0.09842368319876735,0.04484429065745113,0.05911572472125715,0.07535563244905187,-31734.97882655014,-0.007985679353095661,-0.22145328719723184,0.24415224913494812,3982812
458,24,GUJARAT,SABAR KANTHA,-0.0984236831987594,0.09356401384086449,0.11374086889660429,0.13588619761631685,125180.891231204,0.024183500491197895,-0.24415224913494812,0.2761399461745483,5187838
641,24,GUJARAT,TAPI,-0.1190926566705147,0.013840830449827072,0.02712802768166011,0.04484429065743826,-127105.01198944183,-0.03379497653847315,-0.2679584775086506,0.19986159169550174,3771978
461,24,GUJARAT,VADODARA,-0.07972318339100848,0.08421376393696287,0.10340638216072344,0.11909265667051647,91008.63025938063,0.01843315513871315,-0.2288965782391388,0.2364628988850442,4946678
439,24,GUJARAT,AMRELI,-0.07111111111111665,0.06299115724721996,0.07972318339101418,0.09842368319876967,77032.30096248856,0.008778864622199668,-0.1929104190695886,0.2761399461745483,8788427
456,24,GUJARAT,PORBANDAR,-0.032541330257593724,0.13016532103036024,0.15378700499808529,0.17937716262975217,176023.4169806885,0.06331666255872016,-0.15378700499807765,0.33685505574778934,2788240
457,24,GUJARAT,RAJKOT,-0.07535563244904955,0.05536332179930681,0.07535563244905263,0.09842368319877105,45982.49601763204,0.004965201178754771,-0.17279507881584008,0.2599000384467512,9279397
460,24,GUJARAT,SURENDRANAGAR,-0.07535563244905005,0.0842137639369668,0.10340638216072795,0.12456747404845316,279303.3080113991,0.025144559475718878,-0.2069357939254133,0.29287197231833906,11127032
676,24,GUJARAT,BOTAD,-0.05536332179930985,0.0711111111111198,0.08421376393695304,0.10340638216070652,72635.93876454093,0.024308886726794276,-0.16633602460592078,0.2599000384467512,2995174
450,24,GUJARAT,KHEDA,-0.08882737408688328,0.07111111111111885,0.08421376393695357,0.09842368319877029,27381.528480238107,0.0065680844152641304,-0.2364628988850442,0.2519646289888504,4177913
451,24,GUJARAT,MAHESANA,-0.055363321799305976,0.09842368319874431,0.11374086889659966,0.13016532103036252,253690.5130133782,0.047139867938136785,-0.2364628988850442,0.2761399461745483,5393193
446,24,GUJARAT,GANDHINAGAR,-0.07535563244905855,0.08882737408687408,0.10340638216072935,0.12456747404845257,64089.51277630154,0.025083585432665034,-0.2364628988850442,0.24415224913494812,2563098
455,24,GUJARAT,PATAN,-0.06299115724721129,0.09842368319875071,0.11374086889658179,0.12456747404846318,305940.1920194977,0.04335984866592791,-0.22145328719723184,0.2599000384467512,7069966
058,06,HARYANA,AMBALA,-0.06299115724721147,0.10340638216073346,0.11374086889660004,0.1190926566705227,104418.18596555342,0.05339579591071256,-0.17937716262975778,0.2288965782391388,1963507
059,06,HARYANA,BHIWANI,-0.012056901191849382,0.13016532103032225,0.14173010380626147,0.15378700499808381,390983.4363235798,0.09337809178836386,-0.16633602460592078,0.2364628988850442,4194676
060,06,HARYANA,FARIDABAD,-0.09356401384082667,0.08882737408686892,0.0984236831987678,0.10851211072664578,27168.732324068078,0.028838393544995733,-0.22145328719723184,0.2288965782391388,945230
061,06,HARYANA,FATEHABAD,-0.012056901191849366,0.10851211072660953,0.11909265667053126,0.13016532103035056,252783.23637787806,0.07801824145955011,-0.17279507881584008,0.2599000384467512,3246738
062,06,HARYANA,GURUGRAM,-0.09842368319876499,0.1034063821607331,0.11374086889659908,0.12456747404846084,54312.9090282985,0.034289167621276005,-0.21413302575932336,0.2364628988850442,1589083
063,06,HARYANA,HISAR,-0.024605920799691434,0.1190926566705367,0.124567474048475,0.1358861976163129,425780.460813196,0.08179443881645691,-0.17279507881584008,0.24415224913494812,5213950
064,06,HARYANA,JHAJJAR,-0.05173394848135423,0.11374086889657366,0.12456747404846477,0.13588619761629786,164403.24309484597,0.06962435123317473,-0.19986159169550174,0.2519646289888504,2367667
065,06,HARYANA,JIND,-0.022206843521722416,0.11909265667053825,0.12456747404847662,0.13016532103035525,300411.1395590747,0.08593925285092079,-0.17937716262975778,0.2364628988850442,3503951
066,06,HARYANA,KAITHAL,-0.032541330257593655,0.11909265667053875,0.12456747404847782,0.13588619761631796,250481.87251081548,0.0857129521100125,-0.17937716262975778,0.2519646289888504,2929802
067,06,HARYANA,KARNAL,-0.035432525951556534,0.11374086889653674,0.11909265667053659,0.13016532103035588,230031.7294996327,0.07234745794704313,-0.17937716262975778,0.2519646289888504,3186602
068,06,HARYANA,KURUKSHETRA,-0.04484429065743858,0.11374086889654207,0.12456747404847306,0.1301653210303524,150555.42485977412,0.06974297565880311,-0.17937716262975778,0.2364628988850442,2164099
069,06,HARYANA,MAHENDRAGARH,-0.06299115724721135,0.12456747404847932,0.1358861976163338,0.14173010380623072,192518.31687530957,0.07866315166599619,-0.1929104190695886,0.2364628988850442,2455293
604,06,HARYANA,MEWAT,-0.07972318339100465,0.10851211072666253,0.11909265667052203,0.1301653210303646,110686.36980438032,0.05784615526083872,-0.1929104190695886,0.22145328719723184,1920287
619,06,HARYANA,PALWAL,-0.03543252595155641,0.09842368319875126,0.10851211072665365,0.11909265667050742,103229.35362539903,0.060072428570392356,-0.16633602460592078,0.24415224913494812,1723336
070,06,HARYANA,PANCHKULA,-0.17937716262976747,0.07111111111111851,0.08882737408688259,0.09842368319876361,-48782.71888523946,-0.04273540545057717,-0.2679584775086506,0.24415224913494812,1145979
071,06,HARYANA,PANIPAT,-0.059115724721262086,0.10851211072666553,0.11374086889660746,0.1245674740484557,100351.17873246748,0.06021687387242536,-0.17937716262975778,0.2519646289888504,1670732
072,06,HARYANA,REWARI,-0.05911572472126288,0.12456747404847716,0.1358861976163356,0.14173010380621956,155942.6254402749,0.07930721571103382,-0.19986159169550174,0.2364628988850442,1972079
073,06,HARYANA,ROHTAK,-0.05911572472126387,0.11374086889656002,0.11909265667053151,0.1301653210303683,146443.39553576536,0.06888843946276708,-0.1929104190695886,0.2364628988850442,2130843
074,06,HARYANA,SIRSA,-0.0026401235788136674,0.11909265667053617,0.12456747404847476,0.1358861976163258,462801.57948283927,0.08446585666103584,-0.16633602460592078,0.2519646289888504,5487960
075,06,HARYANA,SONIPAT,-0.05911572472126343,0.10851211072665078,0.1137408688965793,0.1245674740484642,169014.70633717315,0.060781401072795734,-0.1929104190695886,0.2288965782391388,2786505
076,06,HARYANA,YAMUNANAGAR,-0.15999999999999415,0.08882737408685885,0.09842368319875897,0.10851211072664947,62750.79425219449,0.028266317221964533,-0.2679584775086506,0.2288965782391388,2225647
701,06,HARYANA,CHARKHI DADRI,-0.0325413302575936,0.13588619761634863,0.14173010380621756,0.1537870049980862,165806.18322831884,0.0943896761249332,-0.186082276047674,0.2364628988850442,1761774
015,02,HIMACHAL PRADESH,BILASPUR,-0.1998615916954903,-0.013840830449827663,0.01039600153787021,0.032541330257592066,-145780.31004339186,-0.0957861727504751,-0.28444444444444444,0.19986159169550174,1527049
016,02,HIMACHAL PRADESH,CHAMBA,-0.13588619761633064,0.1860822760476576,0.20693579392538072,0.22889657823911821,450874.4752150226,0.05228869401291433,-0.2679584775086506,0.3188927335640138,8634536
017,02,HIMACHAL PRADESH,HAMIRPUR,-0.18608227604769453,-0.027128027681661015,-0.006832207436452618,0.012056901191849389,-134788.99503592588,-0.09228387198369754,-0.2761399461745483,0.17279507881584008,1464411
018,02,HIMACHAL PRADESH,KANGRA,-0.1860822760477034,0.1245674740484655,0.17279507881573913,0.1998615916954844,-259625.78922128511,-0.034370489020398465,-0.28444444444444444,0.31009611687812383,7565612
020,02,HIMACHAL PRADESH,KULLU,-0.14173010380623197,0.18608227604763503,0.20693579392537859,0.22889657823911796,363044.88984170044,0.05040469072317809,-0.28444444444444444,0.31009611687812383,7211360
022,02,HIMACHAL PRADESH,MANDI,-0.1998615916954872,-0.009666476879597447,0.01677482418073828,0.04484429065743803,-448424.11641347327,-0.08672729347071352,-0.31009611687812383,0.2288965782391388,5177402
023,02,HIMACHAL PRADESH,SHIMLA,-0.16633602460592098,0.08882737408688852,0.1417301038062262,0.18608227604770086,-170882.37902617612,-0.02558757457965766,-0.29287197231833906,0.3188927335640138,6689722
024,02,HIMACHAL PRADESH,SIRMAUR,-0.20693579392539013,-0.01299447605568549,0.012959743010989342,0.044844290657438335,-358041.7819186582,-0.09773644904472122,-0.29287197231833906,0.21413302575932336,3670428
025,02,HIMACHAL PRADESH,SOLAN,-0.1998615916954878,-0.005814995631851335,0.02977316416762741,0.05911572472126433,-233492.9584905223,-0.09271409344272473,-0.29287197231833906,0.2599000384467512,2524974
026,02,HIMACHAL PRADESH,UNA,-0.1860822760476851,0.03844675124952154,0.059115724721263384,0.07972318339101002,-125652.29117633574,-0.06227897109621063,-0.2679584775086506,0.22145328719723184,2022495
019,02,HIMACHAL PRADESH,KINNAUR,-0.05911572472126427,0.18608227604767777,0.1998615916954833,0.22145328719721208,830308.6598843951,0.09758496194298577,-0.21413302575932336,0.3014225297962323,8518904
021,02,HIMACHAL PRADESH,LAHUL & SPITI,-9.127704227230201E-4,0.19291041906953113,0.20693579392537834,0.22145328719722202,2236258.041732066,0.12129945796246776,-0.16633602460592078,0.31009611687812383,18455211
,01,JAMMU & KASHMIR,MIRPUR,-0.17937716262975606,0.07535563244904499,0.10340638216072215,0.141730103806238,-193259.204220043,-0.040028183856973154,-0.29287197231833906,0.2761399461745483,4837249
,01,JAMMU & KASHMIR,MUZAFFARABAD,-0.15378700499808814,0.18608227604767583,0.206935793925378,0.22889657823911597,237924.27766976747,0.03662688832410073,-0.29287197231833906,0.31009611687812383,6508506
010,01,JAMMU & KASHMIR,PUNCH,-0.18608227604769628,0.07972318339101188,0.13588619761630172,0.1860822760476971,-171592.46120147113,-0.030147308320254047,-0.29287197231833906,0.29287197231833906,5700333
001,01,JAMMU & KASHMIR,ANANTNAG,-0.10851211072664034,0.19291041906956263,0.21413302575926585,0.2364628988850272,240853.18164113004,0.06582088146605035,-0.24415224913494812,0.31009611687812383,3666744
003,01,JAMMU & KASHMIR,BARAMULA,-0.13588619761629583,0.13016532103036813,0.16633602460592356,0.1998615916954857,21169.29352146484,0.007621820132601434,-0.2519646289888504,0.3014225297962323,2783290
007,01,JAMMU & KASHMIR,KATHUA,-0.1860822760477081,0.07535563244904601,0.09356401384082326,0.11374086889657495,-137738.3344925256,-0.04163478111128325,-0.28444444444444444,0.2599000384467512,3314635
014,01,JAMMU & KASHMIR,UDHAMPUR,-0.17937716262977094,0.05536332179930552,0.08882737408688353,0.1358861976162992,-134314.51649945413,-0.044366591511563774,-0.2761399461745483,0.2761399461745483,3033474
002,01,JAMMU & KASHMIR,BADGAM,-0.10340638216070364,0.153787004998088,0.17937716262976328,0.19986159169548937,55580.43876213844,0.033109774254476226,-0.2519646289888504,0.29287197231833906,1682823
623,01,JAMMU & KASHMIR,BANDIPURA,-0.06698961937716805,0.21413302575921422,0.22889657823909884,0.244152249134924,606690.1829132611,0.1108447273782244,-0.2288965782391388,0.33685505574778934,5482179
626,01,JAMMU & KASHMIR,GANDERBAL,-0.10340638216070874,0.19291041906958886,0.21413302575933318,0.2364628988850577,152050.94278956114,0.06958197241274856,-0.24415224913494812,0.31009611687812383,2192068
622,01,JAMMU & KASHMIR,KULGAM,-0.06698961937716354,0.17937716262981412,0.19291041906954934,0.2141330257593164,143689.29686025702,0.08486578013229913,-0.2288965782391388,0.29287197231833906,1698369
008,01,JAMMU & KASHMIR,KUPWARA,-0.1358861976162968,0.14769703960016292,0.17937716262977005,0.21413302575932963,93033.0078342131,0.025066044901186038,-0.2519646289888504,0.3188927335640138,3717596
011,01,JAMMU & KASHMIR,PULWAMA,-0.12456747404844014,0.07972318339101014,0.13016532103037318,0.18608227604767116,9002.165166153072,0.007473742818818504,-0.2519646289888504,0.29287197231833906,1208381
012,01,JAMMU & KASHMIR,RAJAURI,-0.20693579392538933,0.025882967144995,0.06299115724721129,0.11909265667051044,-272547.8388055186,-0.07754728165602934,-0.31009611687812383,0.2599000384467512,3521026
621,01,JAMMU & KASHMIR,RAMBAN,-0.147697039600152,0.11374086889657362,0.14769703960016034,0.172795078815848,-15.282735496919713,-8.892024672130313E-6,-0.2761399461745483,0.3014225297962323,1722238
627,01,JAMMU & KASHMIR,RIASI,-0.19986159169548698,0.10340638216071875,0.15378700499808778,0.1860822760477035,-104345.81808565508,-0.04050937843011309,-0.28444444444444444,0.3014225297962323,2582725
625,01,JAMMU & KASHMIR,SHUPIYAN,-0.06698961937716302,0.10851211072664765,0.13016532103037512,0.1600000000000103,27551.153306177446,0.04066020727237608,-0.2364628988850442,0.2599000384467512,681043
013,01,JAMMU & KASHMIR,SRINAGAR,-0.147697039600157,0.04484429065743838,0.06698961937716318,0.0984236831987695,-8648.00701992263,-0.022841229955590143,-0.28444444444444444,0.21413302575932336,381957
620,01,JAMMU & KASHMIR,KISHTWAR,-0.07535563244904861,0.2069357939253756,0.22889657823910556,0.2441522491349266,1165488.0874845656,0.10663049589686231,-0.21413302575932336,0.31009611687812383,10942149
004,01,JAMMU & KASHMIR,DODA,-0.1190926566705179,0.1358861976163027,0.17279507881584907,0.206935793925393,55833.24855360179,0.017423883499339023,-0.2364628988850442,0.29287197231833906,3210495
624,01,JAMMU & KASHMIR,SAMBA,-0.19291041906957962,0.05911572472125555,0.07535563244904528,0.08882737408688181,-53345.232313222485,-0.04345270012003695,-0.2679584775086506,0.22145328719723184,1231705
005,01,JAMMU & KASHMIR,JAMMU,-0.19291041906958645,0.07535563244907367,0.08882737408686535,0.09842368319877323,-106619.67484935155,-0.033348311509169636,-0.31009611687812383,0.2288965782391388,3204791
322,20,JHARKHAND,BOKARO,-0.1727950788158495,-0.024605920799691962,-0.004500314696101768,0.024605920799692718,-292146.0137839562,-0.0832397445657818,-0.28444444444444444,0.21413302575932336,3518062
323,20,JHARKHAND,CHATRA,-0.15378700499808454,0.017777777777779127,0.03543252595156029,0.05536332179930962,-252990.67736812658,-0.05433784537086483,-0.2679584775086506,0.1929104190695886,4666877
325,20,JHARKHAND,DHANBAD,-0.1663360246059248,-0.027128027681661185,-0.006850220460545964,0.01993079584775106,-194477.2839319392,-0.07821520560489968,-0.2679584775086506,0.2069357939254133,2490976
324,20,JHARKHAND,DEOGHAR,-0.11909265667051581,-0.004503306636833301,0.01205690119184872,0.03543252595155647,-149988.75064956196,-0.04926271505937542,-0.2519646289888504,0.2288965782391388,3050828
326,20,JHARKHAND,DUMKA,-0.1663360246059249,-0.0199307958477533,-0.002647298994147698,0.017777777777777757,-328212.22261638613,-0.07126214642635859,-0.2679584775086506,0.17937716262975778,4613615
328,20,JHARKHAND,GARHWA,-0.15378700499808387,0.027128027681663294,0.0448442906574435,0.06299115724721126,-210444.50205446567,-0.04195736066281093,-0.2599000384467512,0.2288965782391388,5023969
329,20,JHARKHAND,GIRIDIH,-0.1476970396001595,0.010396001537870302,0.029773164167629172,0.04822760476739443,-288474.34272579866,-0.04745788293838867,-0.28444444444444444,0.186082276047674,6087886
330,20,JHARKHAND,GODDA,-0.1793771626297731,9.05804478341366E-4,0.015747789311802804,0.02977316416762959,-190068.002187076,-0.06768918401169777,-0.2761399461745483,0.14769703960015382,2814180
331,20,JHARKHAND,GUMLA,-0.179377162629777,0.017777777777779533,0.0325413302575906,0.048227604767397764,-313628.21444901056,-0.048213007237670004,-0.2761399461745483,0.186082276047674,6516036
332,20,JHARKHAND,HAZARIBAGH,-0.17279507881584957,0.002643883992981975,0.022206843521721063,0.051733948481354125,-362949.1008776952,-0.0684559952645168,-0.29287197231833906,0.19986159169550174,5315097
333,20,JHARKHAND,JAMTARA,-0.11374086889657385,-0.004496209739618304,0.008858131487889586,0.024605920799693017,-108205.5158848061,-0.04900580824938422,-0.2288965782391388,0.17279507881584008,2214404
606,20,JHARKHAND,KHUNTI,-0.1998615916954886,-0.005831493299292776,0.009633186443430074,0.02581007110872274,-237195.2589793217,-0.07419867978413457,-0.3014225297962323,0.2069357939254133,3204257
334,20,JHARKHAND,KODARMA,-0.17279507881584966,0.0016938269256192887,0.021055544285836177,0.04484429065743893,-146389.0515066643,-0.07283966802943824,-0.28444444444444444,0.22145328719723184,2016064
335,20,JHARKHAND,LATEHAR,-0.18608227604770006,0.01993079584775258,0.0354325259515592,0.05173394848135061,-296285.22452885954,-0.05728249658196538,-0.2761399461745483,0.19986159169550174,5182155
336,20,JHARKHAND,LOHARDAGA,-0.2069357939253951,0.032541330257588874,0.048227604767399915,0.06299115724721122,-83925.7714784371,-0.04577841893802985,-0.29287197231833906,0.17279507881584008,1838361
337,20,JHARKHAND,PAKUR,-0.15999999999999465,-0.002641852799556463,0.01574778931180283,0.03254133025759261,-157580.42746293326,-0.07131123918161558,-0.2519646289888504,0.14173010380622836,2216228
338,20,JHARKHAND,PALAMU,-0.13588619761629836,0.041584006151478066,0.05536332179930488,0.07535563244905459,-162963.568069952,-0.030134860743514808,-0.24415224913494812,0.2288965782391388,5416996
343,20,JHARKHAND,WEST SINGHBHUM,-0.22889657823911316,-0.005792138926807596,0.016774224683519634,0.03687783775899959,-857114.7340876303,-0.09824987590703643,-0.31009611687812383,0.2288965782391388,8734513
327,20,JHARKHAND,EAST SINGHBHUM,-0.21413302575933335,-0.0017436676305620112,0.016768324400214835,0.03687666908977877,-354351.13994057174,-0.08243701525467663,-0.31009611687812383,0.2069357939254133,4306723
607,20,JHARKHAND,RAMGARH,-0.19291041906957898,-0.027128027681660612,-0.0045063585855745405,0.01993079584775127,-162046.1432207179,-0.09539929117635973,-0.3014225297962323,0.186082276047674,1705200
339,20,JHARKHAND,RANCHI,-0.19291041906960296,0.025844418185554194,0.044844290657447876,0.07535563244904993,-312902.6771306134,-0.05162968595936321,-0.3014225297962323,0.2519646289888504,6072574
340,20,JHARKHAND,SAHIBGANJ,-0.18608227604770472,0.029773164167629557,0.04822760476739699,0.07535563244905953,-172507.68723948087,-0.06392698211210646,-0.2761399461745483,0.19986159169550174,2704649
341,20,JHARKHAND,SARAIKELA-KHARSAWAN,-0.22145328719721524,-0.0177777777777792,-0.0026497235391281944,0.017777777777777434,-298027.4307382035,-0.09251300923818978,-0.31009611687812383,0.17279507881584008,3228630
342,20,JHARKHAND,SIMDEGA,-0.18608227604768596,-0.0068371117148818715,0.008858131487889886,0.024605920799690956,-333619.6323893635,-0.07303356271991394,-0.28444444444444444,0.16000000000000003,4575865
524,29,KARNATAKA,BAGALKOT,-0.1137408688965923,0.04484429065744662,0.07111111111111555,0.11909265667051139,-140753.84740763274,-0.01845813132517766,-0.2288965782391388,0.2679584775086506,7637876
528,29,KARNATAKA,BALLARI,-0.10340638216073243,0.13016532103034123,0.1476970396001704,0.1727950788158492,428775.82494355243,0.0437671910556867,-0.21413302575932336,0.3014225297962323,9811668
527,29,KARNATAKA,BELAGAVI,-0.1537870049980678,0.036901894812335294,0.055363321799304144,0.07535563244905435,-423299.7360270935,-0.027087321968811667,-0.29287197231833906,0.2519646289888504,15647841
526,29,KARNATAKA,BENGALURU RURAL,-0.044844290657438876,0.14173010380623494,0.15378700499806566,0.17279507881584832,199725.70025141974,0.07569029620824876,-0.14173010380622836,0.31009611687812383,2647699
525,29,KARNATAKA,BENGALURU URBAN,-0.05536332179930773,0.14769703960017164,0.1663360246059015,0.19291041906959824,176202.94992650603,0.06994567827156696,-0.17937716262975778,0.3188927335640138,2525378
529,29,KARNATAKA,BIDAR,-0.11909265667051881,0.002636990814062783,0.019930795847752147,0.04484429065743826,-307217.4388212874,-0.04801423031402661,-0.22145328719723184,0.22145328719723184,6408943
531,29,KARNATAKA,CHAMARAJANAGAR,-0.09842368319875372,0.1137408688966003,0.1358861976163254,0.16633602460592486,129391.87068522742,0.02004794998089215,-0.2069357939254133,0.31009611687812383,6464990
630,29,KARNATAKA,CHIK BALLAPUR,-0.059115724721261004,0.1301653210303371,0.14769703960017197,0.16633602460592478,317397.3931284338,0.06504267050063553,-0.2069357939254133,0.3278123798539023,4888990
532,29,KARNATAKA,CHIKKAMAGALURU,-0.17937716262978964,0.0591157247212563,0.08421376393696008,0.10851211072665333,-375562.63790784957,-0.04536352823644661,-0.2679584775086506,0.2761399461745483,8290158
533,29,KARNATAKA,CHITRADURGA,-0.06698961937717107,0.10340638216073654,0.12456747404846856,0.14769703960016617,353893.60917003476,0.03639105600120273,-0.19986159169550174,0.29287197231833906,9737571
534,29,KARNATAKA,DAKSHINA KANNADA,-0.19986159169548504,0.05911572472125748,0.07972318339101572,0.09842368319877164,-201465.1320019776,-0.036169915518514124,-0.3014225297962323,0.2679584775086506,5579048
535,29,KARNATAKA,DAVANGERE,-0.07535563244905272,0.11374086889658051,0.13016532103034806,0.1476970396001643,292990.5768276495,0.04286055856333433,-0.186082276047674,0.28444444444444444,6847089
536,29,KARNATAKA,DHARWAD,-0.07972318339101199,0.055363321799302846,0.07111111111111765,0.08882737408688661,6732.310154494722,0.0013638683184814652,-0.2288965782391388,0.2288965782391388,4944779
537,29,KARNATAKA,GADAG,-0.0753556324490476,0.059115724721251345,0.07972318339101338,0.09842368319877191,7975.173504000397,0.0014769718486397753,-0.186082276047674,0.2761399461745483,5409858
539,29,KARNATAKA,HASSAN,-0.17937716262979445,0.08882737408687147,0.10340638216072737,0.13016532103036815,70698.75091070833,0.009044618331366638,-0.29287197231833906,0.29287197231833906,7828705
540,29,KARNATAKA,HAVERI,-0.07535563244905204,0.10340638216073685,0.11909265667052844,0.135886197616311,221972.32324107108,0.03982272174209574,-0.17937716262975778,0.28444444444444444,5582700
538,29,KARNATAKA,KALABURAGI,-0.10851211072665207,0.02977316416763118,0.04822760476739945,0.07111111111111622,-381765.0149916793,-0.029782135106366407,-0.2364628988850442,0.2599000384467512,12835141
541,29,KARNATAKA,KODAGU,-0.21413302575929238,-0.012996686071259355,0.02589215588762957,0.059115724721262634,-469610.21490110276,-0.10002159369670231,-0.3014225297962323,0.2679584775086506,4703960
542,29,KARNATAKA,KOLAR,-0.03844675124951936,0.13588619761634432,0.16000000000001752,0.1793771626297591,331184.20510263264,0.0725097924301345,-0.17279507881584008,0.31009611687812383,4576751
543,29,KARNATAKA,KOPPAL,-0.07111111111111557,0.10340638216072741,0.13016532103035525,0.16633602460592425,209905.06947212678,0.03248790770512783,-0.19986159169550174,0.3014225297962323,6471180
544,29,KARNATAKA,MANDYA,-0.055363321799306996,0.10851211072666285,0.13016532103035766,0.15378700499808287,264086.7782104977,0.04645097365621876,-0.17279507881584008,0.29287197231833906,5695228
545,29,KARNATAKA,MYSURU,-0.11374086889659318,0.09842368319875133,0.11909265667052052,0.1476970396001532,188640.96155372533,0.02614517894623637,-0.2069357939254133,0.31009611687812383,7227650
546,29,KARNATAKA,RAICHUR,-0.055363321799305934,0.11374086889658952,0.1301653210303415,0.14769703960016872,384764.81399366114,0.039186206418472036,-0.19986159169550174,0.2761399461745483,9829398
631,29,KARNATAKA,RAMANAGARAM,-0.0711111111111145,0.10340638216072934,0.12456747404845411,0.14769703960015593,146755.6197284456,0.036457553980030234,-0.2069357939254133,0.2761399461745483,4034113
547,29,KARNATAKA,SHIVAMOGGA,-0.18608227604770797,0.05911572472125286,0.0842137639369517,0.1245674740484406,-359012.25271135516,-0.03675305927096508,-0.29287197231833906,0.34602076124567477,9782492
548,29,KARNATAKA,TUMAKURU,-0.07535563244904815,0.09356401384084774,0.11374086889658781,0.1358861976162996,402217.61155201605,0.03301124690188658,-0.186082276047674,0.29287197231833906,12204538
549,29,KARNATAKA,UDUPI,-0.19291041906959955,0.06299115724721112,0.07972318339101397,0.10340638216070534,-105215.75553053054,-0.02554938883234385,-0.2761399461745483,0.2519646289888504,4125180
550,29,KARNATAKA,UTTARA KANNADA,-0.22889657823909704,0.012973278684605294,0.04158400615148121,0.0669896193771629,-1135303.2923657128,-0.09557642945804536,-0.3188927335640138,0.2519646289888504,11893283
530,29,KARNATAKA,VIJAYAPURA,-0.11374086889658254,0.029773164167630796,0.04822760476739909,0.0753556324490556,-343768.70637608855,-0.028064942785153476,-0.22145328719723184,0.2761399461745483,12262243
635,29,KARNATAKA,YADGIR,-0.07535563244905166,0.10340638216073657,0.11909265667052725,0.13588619761631704,209255.5866877285,0.034025316482819,-0.19986159169550174,0.24415224913494812,6160245
554,32,KERALA,ALAPPUZHA,0.03254133025759365,0.2288965782391165,0.2519646289888446,0.27613994617453497,250236.6088503816,0.15539545378619696,-0.11374086889657825,0.3839138792772011,1615612
555,32,KERALA,ERNAKULAM,-0.11909265667052521,0.14173010380623993,0.16000000000001427,0.17937716262977202,183298.27336127238,0.052740353560498276,-0.22145328719723184,0.3553094963475586,3482949
556,32,KERALA,IDUKKI,-0.14769703960016115,0.07535563244904428,0.09842368319877011,0.12456747404844355,-88550.39775988976,-0.017907638999055522,-0.2679584775086506,0.2679584775086506,4955513
557,32,KERALA,KANNUR,-0.20693579392539085,0.03690088961411202,0.05536332179930367,0.07535563244905684,-132621.34721911926,-0.039108786105353746,-0.29287197231833906,0.24415224913494812,3397343
558,32,KERALA,KASARAGOD,-0.14769703960016017,0.05911572472125733,0.07535563244904794,0.09356401384082502,-26867.617463063714,-0.011775013191305512,-0.2679584775086506,0.2519646289888504,2288384
559,32,KERALA,KOLLAM,-0.12456747404846934,0.17279507881583472,0.19291041906958473,0.2069357939253899,214005.5363477877,0.07610012759052949,-0.2288965782391388,0.36472126105344094,2818601
560,32,KERALA,KOTTAYAM,-0.05911572472126445,0.1793771626298139,0.19986159169548537,0.22889657823913528,225744.12705783307,0.09023977506565493,-0.15378700499807765,0.3553094963475586,2507427
561,32,KERALA,KOZHIKODE,-0.19291041906959353,0.0517339484813459,0.06698961937716967,0.08882737408688485,-88702.28113645964,-0.03311124150621875,-0.2761399461745483,0.2679584775086506,2684454
562,32,KERALA,MALAPPURAM,-0.17279507881585052,0.07535563244905917,0.09356401384082787,0.12456747404844017,-37409.8833871689,-0.0092354399046362,-0.2679584775086506,0.3014225297962323,4058183
563,32,KERALA,PALAKKAD,-0.14173010380621776,0.13016532103034625,0.1663360246058837,0.20693579392539133,113942.55477213472,0.022330926606240108,-0.2599000384467512,0.33685505574778934,5112539
564,32,KERALA,PATTANAMTHITTA,-0.1417301038062316,0.15999999999998257,0.17937716262979617,0.20693579392539646,57564.99665043496,0.019164643514939753,-0.2364628988850442,0.3553094963475586,3011006
565,32,KERALA,THIRUVANANTHAPURAM,-0.12456747404845563,0.16633602460587066,0.18608227604770822,0.19986159169548662,178902.07636695355,0.07212805142658629,-0.2288965782391388,0.3188927335640138,2485730
566,32,KERALA,TRISSUR,-0.1190926566705136,0.13588619761633447,0.1663360246059251,0.1998615916954899,161453.03064892473,0.046853874720058725,-0.22145328719723184,0.33685505574778934,3453173
567,32,KERALA,WAYANAD,-0.2069357939253906,0.012968113089851229,0.04158400615148116,0.07535563244905959,-173645.10434979218,-0.07136006841399141,-0.28444444444444444,0.22145328719723184,2438701
009,37,LADAKH,LEH,-0.041584006151474125,0.15999999999995293,0.18608227604765254,0.20693579392537934,1.534675428315437E7,0.07323914859553188,-0.19986159169550174,0.3188927335640138,209611635
006,37,LADAKH,KARGIL,0.012056901191849035,0.19291041906953835,0.20693579392537848,0.22145328719721563,2337204.509367803,0.12258517628173156,-0.13588619761630144,0.3188927335640138,19084969
553,31,LAKSHADWEEP,LAKSHADWEEP,-0.05911572472126104,0.16000000000000014,0.17279507881584003,0.19291041906958858,1141.2337879096322,0.0362328241591022,-0.15378700499807765,0.21413302575932336,33702
667,23,MADHYA PRADESH,AGAR MALWA,-0.13016532103035477,0.035432525951558734,0.05173394848135002,0.06698961937716251,-94952.79323237317,-0.028484062206252693,-0.2069357939254133,0.21413302575932336,3340865
639,23,MADHYA PRADESH,ALIRAJPUR,-0.13588619761630807,0.022206843521720167,0.03844675124952063,0.05173394848134818,-158360.8617617624,-0.03937428113098509,-0.24415224913494812,0.186082276047674,4031207
390,23,MADHYA PRADESH,ANUPPUR,-0.18608227604770536,-0.005803420813305347,0.009639642846638029,0.025809033480986496,-375908.87334232096,-0.08211045684802343,-0.3014225297962323,0.2364628988850442,4589056
391,23,MADHYA PRADESH,ASHOKNAGAR,-0.14173010380622672,0.05536332179931586,0.06698961937717243,0.07972318339101042,-58608.947526440475,-0.01008022204115447,-0.2519646289888504,0.22145328719723184,5822740
392,23,MADHYA PRADESH,BALAGHAT,-0.22889657823912551,-0.02593418670495122,-0.013002393287591129,0.005686276569116092,-1201597.4416797531,-0.10797789536594153,-0.3278123798539023,0.186082276047674,11141974
393,23,MADHYA PRADESH,BARWANI,-0.13016532103035852,-0.002647640937269104,0.01574778931180281,0.03844675124952124,-378518.87752757233,-0.05798856348724987,-0.2288965782391388,0.21413302575932336,6536978
394,23,MADHYA PRADESH,BETUL,-0.19291041906958145,-0.025923957850184906,-0.009676722890731236,0.00569729303085443,-1141937.6009924277,-0.09440388032991542,-0.3188927335640138,0.2069357939254133,12110448
395,23,MADHYA PRADESH,BHIND,-0.09842368319877308,0.09356401384086942,0.10340638216073442,0.11374086889659361,183747.1321246493,0.03304871081917812,-0.2288965782391388,0.19986159169550174,5571431
396,23,MADHYA PRADESH,BHOPAL,-0.1417301038062317,0.025825114500647877,0.03683696776727255,0.066989619377163,-120802.9506374746,-0.03587706758279677,-0.2761399461745483,0.2288965782391388,3374356
397,23,MADHYA PRADESH,BURHANPUR,-0.15378700499808806,-0.004493884151006942,0.017777777777778832,0.041584006151481105,-288888.3704267845,-0.0747005883338276,-0.2599000384467512,0.1929104190695886,3873783
398,23,MADHYA PRADESH,CHHATARPUR,-0.1476970396001733,0.06698961937717593,0.07972318339100687,0.09356401384084108,-96941.13714861391,-0.00908764564163726,-0.2761399461745483,0.19986159169550174,10687142
399,23,MADHYA PRADESH,CHHINDWARA,-0.19986159169548473,-0.025922936796975393,-0.005828586100645281,0.01294643832134587,-1452126.6998372513,-0.10200839243933817,-0.33685505574778934,0.22145328719723184,14251129
400,23,MADHYA PRADESH,DAMOH,-0.14769703960017216,0.04822760476738716,0.059115724721256487,0.07535563244904747,-350442.3831608083,-0.03932996928186314,-0.3014225297962323,0.2069357939254133,8922849
401,23,MADHYA PRADESH,DATIA,-0.10340638216071253,0.10340638216074295,0.10851211072666664,0.1190926566705281,133499.7181911297,0.04009653286575845,-0.24415224913494812,0.1929104190695886,3340498
402,23,MADHYA PRADESH,DEWAS,-0.14173010380621873,0.019930795847753657,0.0354325259515568,0.05173394848135028,-382672.56270231336,-0.04507016912569791,-0.2679584775086506,0.22145328719723184,8505726
403,23,MADHYA PRADESH,DHAR,-0.11909265667052488,0.03254133025758661,0.04822760476739233,0.06299115724721119,-264449.61842420435,-0.026831802985464306,-0.24415224913494812,0.22145328719723184,9867234
404,23,MADHYA PRADESH,DINDORI,-0.21413302575931029,-0.06698961937717442,-0.051733948481347006,-0.03543252595155919,-848051.7656619645,-0.12180145714325527,-0.31009611687812383,0.16000000000000003,6974940
405,23,MADHYA PRADESH,EAST NIMAR,-0.14769703960016872,0.010396001537870037,0.02460592079969137,0.04158400615148111,-513016.89635782305,-0.05706137553042213,-0.29287197231833906,0.19986159169550174,9002549
406,23,MADHYA PRADESH,GUNA,-0.12456747404846077,0.06698961937717492,0.07972318339101675,0.09356401384082777,-85519.21075081122,-0.010923288354971031,-0.22145328719723184,0.2364628988850442,7842335
407,23,MADHYA PRADESH,GWALIOR,-0.1245674740484647,0.08882737408689002,0.09842368319874088,0.10851211072665509,44680.656012621825,0.00788511862631804,-0.2761399461745483,0.22145328719723184,5674029
408,23,MADHYA PRADESH,HARDA,-0.15378700499808917,0.05173394848134571,0.0711111111111191,0.08421376393696,-119632.925647302,-0.02968794701957524,-0.2599000384467512,0.19986159169550174,4035848
409,23,MADHYA PRADESH,HOSHANGABAD,-0.22145328719720933,0.009632696643260741,0.021034194210140737,0.041584006151481126,-572838.1613872842,-0.07085968970622705,-0.3278123798539023,0.19986159169550174,8095645
410,23,MADHYA PRADESH,INDORE,-0.135886197616301,0.03844675124950932,0.048227604767393704,0.06698961937716291,-102180.7173541312,-0.02160522385760184,-0.22145328719723184,0.24415224913494812,4738802
411,23,MADHYA PRADESH,JABALPUR,-0.16000000000000794,0.02460592079968862,0.035432525951553426,0.04822760476740037,-297904.5357303582,-0.048148556215663295,-0.2679584775086506,0.19986159169550174,6198352
412,23,MADHYA PRADESH,JHABUA,-0.1358861976163142,0.01574778931180279,0.029773164167628728,0.04484429065743896,-195746.0052386708,-0.04691332374876224,-0.2364628988850442,0.1929104190695886,4179358
413,23,MADHYA PRADESH,KATNI,-0.15378700499808862,0.041584006151476616,0.05536332179930354,0.0669896193771666,-194587.68233657634,-0.031571263951532445,-0.2761399461745483,0.2069357939254133,6175594
415,23,MADHYA PRADESH,MANDLA,-0.20693579392538997,-0.041584006151476345,-0.02220684352172145,-9.320293194234686E-4,-1010865.15901715,-0.11124372676153019,-0.31009611687812383,0.15378700499807765,9100880
416,23,MADHYA PRADESH,MANDSAUR,-0.11374086889658025,0.05536332179930665,0.071111111111119,0.08882737408688805,-15953.366471234718,-0.002349939725083856,-0.24415224913494812,0.2679584775086506,6799773
417,23,MADHYA PRADESH,MORENA,-0.0888273740868823,0.10340638216074234,0.11374086889658189,0.12456747404846168,220283.0816326718,0.03546753675240706,-0.21413302575932336,0.24415224913494812,6223463
418,23,MADHYA PRADESH,NARSHIMAPURA,-0.18608227604769415,-0.012999139789684528,0.0016688378752986893,0.02104289555127736,-517906.3633529766,-0.08319089793260666,-0.3014225297962323,0.19986159169550174,6236392
419,23,MADHYA PRADESH,NIMACH,-0.11909265667052153,0.05536332179930285,0.07111111111111802,0.08882737408688215,-74127.58834079867,-0.014087421263248315,-0.2599000384467512,0.2519646289888504,5274602
420,23,MADHYA PRADESH,PANNA,-0.13016532103035702,0.07111111111110702,0.08421376393696717,0.09842368319876518,-180151.95463668506,-0.02070490284415968,-0.2519646289888504,0.2288965782391388,8717597
421,23,MADHYA PRADESH,RAISEN,-0.17937716262979556,0.016773022442411044,0.029773164167630418,0.04158400615148122,-626393.9179753268,-0.06083376068471455,-0.29287197231833906,0.22145328719723184,10312010
422,23,MADHYA PRADESH,RAJGARH,-0.11909265667052245,0.022206843521722263,0.03844675124952152,0.059115724721263786,-228444.2126533338,-0.030353858374534606,-0.2364628988850442,0.2069357939254133,7535187
423,23,MADHYA PRADESH,RATLAM,-0.1245674740484646,0.03254133025758753,0.048227604767397236,0.06299115724721122,-177243.87222180958,-0.02999255808238409,-0.2599000384467512,0.2069357939254133,5920371
424,23,MADHYA PRADESH,REWA,-0.14173010380623038,0.059115724721258936,0.06698961937717444,0.0797231833910131,-60095.108871594515,-0.007764828022618789,-0.28444444444444444,0.22145328719723184,7751995
425,23,MADHYA PRADESH,SAGAR,-0.16633602460589417,0.02712802768166502,0.041584006151475304,0.055363321799304616,-652052.1030639984,-0.05204123890407013,-0.28444444444444444,0.19986159169550174,12549508
426,23,MADHYA PRADESH,SATNA,-0.13588619761630466,0.07111111111109933,0.08421376393696825,0.09356401384083393,-45480.13982341221,-0.004926829479001363,-0.2519646289888504,0.2364628988850442,9250027
427,23,MADHYA PRADESH,SEHORE,-0.16000000000002126,0.013840830449826359,0.027128027681661407,0.04484429065743798,-382407.219426699,-0.048020185428129615,-0.28444444444444444,0.19986159169550174,7979648
428,23,MADHYA PRADESH,SEONI,-0.17937716262979522,0.013840830449826,0.03254133025758729,0.048227604767392934,-779611.577738087,-0.0737335259774473,-0.29287197231833906,0.17937716262975778,10587279
429,23,MADHYA PRADESH,SHAHDOL,-0.1537870049980844,0.0016754577386048743,0.0167562037778136,0.032541330257592226,-377609.4544354934,-0.05455691305492066,-0.2761399461745483,0.2288965782391388,6933487
430,23,MADHYA PRADESH,SHAJAPUR,-0.1085121107266541,0.02460592079969061,0.03543252595155665,0.05536332179930929,-97672.34876842162,-0.02319392732944931,-0.19986159169550174,0.22145328719723184,4219787
431,23,MADHYA PRADESH,SHEOPUR,-0.10851211072665826,0.10340638216073704,0.11909265667052793,0.1301653210303556,26875.021640677707,0.003283229098259281,-0.2364628988850442,0.2519646289888504,8196536
432,23,MADHYA PRADESH,SHIVPURI,-0.12456747404846179,0.07111111111110602,0.08421376393696421,0.09842368319877175,-70050.443897413,-0.005515168556634738,-0.2679584775086506,0.2679584775086506,12718231
433,23,MADHYA PRADESH,SIDHI,-0.1663360246059247,0.027128027681663325,0.04158400615148015,0.05911572472125932,-289508.38536444283,-0.04952995312002218,-0.28444444444444444,0.186082276047674,5855562
638,23,MADHYA PRADESH,SINGRAULI,-0.14769703960016067,0.04484429065745036,0.06299115724721116,0.0842137639369499,-204154.61983909973,-0.028931635311280138,-0.31009611687812383,0.28444444444444444,7066555
434,23,MADHYA PRADESH,TIKAMGARH,-0.11374086889657323,0.06299115724722408,0.07535563244905925,0.08882737408688887,-7869.898934448529,-0.001718068286861445,-0.2519646289888504,0.1929104190695886,4588875
435,23,MADHYA PRADESH,UJJAIN,-0.09842368319876008,0.03844675124951239,0.04822760476739312,0.06299115724721122,-73352.16059442029,-0.00988880110734412,-0.19986159169550174,0.24415224913494812,7431237
436,23,MADHYA PRADESH,UMARIA,-0.17937716262977108,-0.006838778860484405,0.010396001537870276,0.02712802768166339,-452877.24247883016,-0.08122511565726213,-0.29287197231833906,0.1929104190695886,5584765
437,23,MADHYA PRADESH,VIDISHA,-0.13588619761631843,0.04158400615146787,0.051733948481345875,0.06299115724721119,-116867.49028710736,-0.01310664164742578,-0.24415224913494812,0.19986159169550174,8929692
414,23,MADHYA PRADESH,WEST NIMAR,-0.13016532103034945,0.017777777777779783,0.032541330257591886,0.04822760476739471,-429871.38428120257,-0.044498927054132636,-0.2599000384467512,0.21413302575932336,9673296
722,23,MADHYA PRADESH,NIVARI,-0.10851211072664581,0.06299115724721589,0.07535563244904697,0.08421376393694702,5269.951505467263,0.0032301125365222384,-0.24415224913494812,0.17937716262975778,1640914
466,27,MAHARASHTRA,AHAMADNAGAR,-0.13016532103035813,0.0016746956316908653,0.02103707343675035,0.044844290657438626,-1058785.3370381647,-0.052359163174561116,-0.29287197231833906,0.2519646289888504,20247712
467,27,MAHARASHTRA,AKOLA,-0.13016532103035536,8.953095421408184E-4,0.01574778931180281,0.035432525951558096,-306388.64393824106,-0.047160712525597455,-0.2519646289888504,0.24415224913494812,6508098
468,27,MAHARASHTRA,AMARAVATI,-0.17279507881581688,-0.0068385995517967904,0.006808923930348174,0.027128027681660515,-1083977.9790650324,-0.07415977624519415,-0.2761399461745483,0.22145328719723184,14634927
469,27,MAHARASHTRA,AURANGABAD,-0.11374086889658507,0.015747789311802787,0.03254133025759318,0.05911572472126305,-405357.4926982003,-0.0336858830615432,-0.21413302575932336,0.21413302575932336,12049449
471,27,MAHARASHTRA,BHANDARA,-0.17937716262977146,0.00963539559145519,0.02585166291353826,0.048227604767394266,-296898.21738099516,-0.059952311054808305,-0.3278123798539023,0.1929104190695886,4961610
470,27,MAHARASHTRA,BID,-0.13016532103035405,8.983383428755778E-4,0.02220684352172142,0.05173394848135285,-656753.6713153298,-0.05242666041960856,-0.24415224913494812,0.2069357939254133,12544794
472,27,MAHARASHTRA,BULDHANA,-0.13588619761632798,8.953439516682076E-4,0.015747789311802807,0.03844675124951991,-568981.5977263174,-0.04898280553667947,-0.2519646289888504,0.22145328719723184,11630150
473,27,MAHARASHTRA,CHANDRAPUR,-0.15378700499803846,0.022206843521721226,0.035432525951555625,0.05173394848134916,-744813.5982559728,-0.05510062394975564,-0.28444444444444444,0.2069357939254133,13530633
474,27,MAHARASHTRA,DHULE,-0.13588619761633297,-9.349827636799791E-4,0.019930795847751235,0.044844290657438286,-496108.6912392396,-0.057648693348092535,-0.2288965782391388,0.22145328719723184,8617611
475,27,MAHARASHTRA,GADCHIROLI,-0.19986159169548587,-0.005806156844643557,0.016771216572956982,0.03689258102731893,-1470341.6465313083,-0.08538823172110559,-0.31009611687812383,0.24415224913494812,17237884
476,27,MAHARASHTRA,GONDIA,-0.18608227604769498,-0.016830911193828565,-0.0017680960530365108,0.021054570738623636,-477642.80573619105,-0.07696958871782666,-0.31009611687812383,0.1929104190695886,6215661
477,27,MAHARASHTRA,HINGOLI,-0.1137408688965745,0.017777777777779412,0.03254133025759279,0.05173394848135365,-188693.6125327161,-0.033773652048920806,-0.2364628988850442,0.19986159169550174,5596711
478,27,MAHARASHTRA,JALGAON,-0.1358861976163235,0.015747789311802787,0.03543252595155844,0.05536332179930624,-641358.6832480248,-0.045493094001185216,-0.2599000384467512,0.21413302575932336,14113319
479,27,MAHARASHTRA,JALNA,-0.10851211072664559,0.017777777777779568,0.03254133025759278,0.059115724721263176,-263397.31343122275,-0.02890031524244364,-0.22145328719723184,0.21413302575932336,9127228
480,27,MAHARASHTRA,KOLHAPUR,-0.17279507881585046,0.0016695215130448152,0.02106905581374784,0.05173394848135266,-549493.0914376905,-0.061440781953312915,-0.29287197231833906,0.2364628988850442,8961350
481,27,MAHARASHTRA,LATUR,-0.10851211072665108,0.02712802768166335,0.04822760476739915,0.07535563244905463,-258053.17986914841,-0.030430278437977642,-0.21413302575932336,0.21413302575932336,8490449
482,27,MAHARASHTRA,MUMBAI CITY,-0.08882737408688966,0.08882737408688966,0.11374086889657789,0.13588619761630133,700.5111513369662,0.009284042002630298,-0.186082276047674,0.22145328719723184,76546
484,27,MAHARASHTRA,NAGPUR,-0.1727950788158503,0.009649934361935909,0.02584100486067087,0.04158400615147532,-818360.6360379165,-0.06904212926123655,-0.31009611687812383,0.21413302575932336,11865192
485,27,MAHARASHTRA,NANDED,-0.1358861976163058,0.012056901191849084,0.03254133025759055,0.055363321799305185,-601480.7139957497,-0.04830611416595551,-0.2599000384467512,0.21413302575932336,12472028
486,27,MAHARASHTRA,NANDURBAR,-0.14173010380622653,-0.006846374308603637,0.010396001537870275,0.03254133025759214,-415636.58792576095,-0.058135377306874604,-0.2599000384467512,0.21413302575932336,7163183
487,27,MAHARASHTRA,NASHIK,-0.12456747404846162,0.0057369440159060325,0.025825026621810902,0.051733948481351245,-855973.4301020501,-0.046345410313322996,-0.2679584775086506,0.2519646289888504,18486361
488,27,MAHARASHTRA,USMANABAD,-0.11374086889658548,0.027128027681662496,0.048227604767396265,0.0753556324490589,-280663.62887646264,-0.03150020174519617,-0.2288965782391388,0.2364628988850442,8925215
665,27,MAHARASHTRA,PALGHAR,-0.11909265667051173,0.013840830449826388,0.029773164167629238,0.04822760476739414,-216265.35948540832,-0.03456289845600356,-0.2364628988850442,0.2288965782391388,6266083
489,27,MAHARASHTRA,PARBHANI,-0.11374086889657405,0.019930795847753827,0.032541330257592364,0.05173394848135199,-202708.97906206155,-0.027162133794063677,-0.22145328719723184,0.21413302575932336,7474260
490,27,MAHARASHTRA,PUNE,-0.17937716262980832,-0.0017478387105512238,0.02105993361087093,0.059115724721263314,-1282008.1776677126,-0.069510545821535,-0.3014225297962323,0.2599000384467512,18462996
491,27,MAHARASHTRA,RAYGAD,-0.17279507881584993,-9.270450222167594E-4,0.019930795847751603,0.044844290657438,-547773.8140625868,-0.06660023831806672,-0.28444444444444444,0.21413302575932336,8238352
492,27,MAHARASHTRA,RATNAGIRI,-0.17279507881584952,-0.02220684352172116,-0.00885813148788983,0.006803079433452561,-730289.6271431483,-0.07526315848753654,-0.2761399461745483,0.2069357939254133,9717129
493,27,MAHARASHTRA,SANGLI,-0.1190926566705142,0.03254133025758944,0.05173394848134761,0.07111111111111519,-254998.68325282878,-0.025347075577181907,-0.28444444444444444,0.2364628988850442,10078127
494,27,MAHARASHTRA,SATARA,-0.18608227604771138,0.01295973598095367,0.032541330257593155,0.05911572472126381,-667755.9797383868,-0.05435363091025606,-0.31009611687812383,0.2364628988850442,12298534
495,27,MAHARASHTRA,SINDHUDURG,-0.16633602460592492,0.021064931469837116,0.036879461665645624,0.05536332179930768,-258823.31391469616,-0.04356878664030988,-0.2761399461745483,0.2288965782391388,5951789
496,27,MAHARASHTRA,SOLAPUR,-0.12456747404846012,0.015747789311802794,0.03543252595155951,0.05911572472126335,-736882.4018876911,-0.04226875610622253,-0.2364628988850442,0.2288965782391388,17457025
483,27,MAHARASHTRA,SUB URBAN MUMBAI,-0.13588619761630408,0.07111111111111022,0.0984236831987703,0.130165321030374,-10526.100292887784,-0.020628685739653412,-0.24415224913494812,0.2519646289888504,512479
497,27,MAHARASHTRA,THANE,-0.14173010380623882,0.016760432335318022,0.0368769829642526,0.06698961937716197,-208049.26480759672,-0.04110954419838136,-0.2761399461745483,0.2364628988850442,5069267
498,27,MAHARASHTRA,WARDHA,-0.16633602460583327,0.012953971147063776,0.02582987159703984,0.04158400615148117,-425888.31077973254,-0.05652935496654684,-0.2761399461745483,0.2288965782391388,7543509
499,27,MAHARASHTRA,WASHIM,-0.13016532103035416,-0.004501689857400994,0.008858131487889736,0.0271280276816606,-317003.77531390253,-0.05188912843671996,-0.2679584775086506,0.19986159169550174,6120783
500,27,MAHARASHTRA,YAVATMAL,-0.15378700499805165,-9.305545417906864E-4,0.013840830449827127,0.035432525951558366,-974665.0543967712,-0.060333439729722625,-0.2761399461745483,0.21413302575932336,16172960
252,14,MANIPUR,BISHNUPUR,-0.17279507881584455,0.09842368319877384,0.11374086889657388,0.13588619761630488,4722.179163065812,0.008014830942023984,-0.31009611687812383,0.2288965782391388,592328
253,14,MANIPUR,CHANDEL,-0.22145328719720847,-0.09356401384082666,-0.06299115724721133,-0.01993079584775089,-364019.06037055404,-0.15089582968635976,-0.29287197231833906,0.1929104190695886,2417211
254,14,MANIPUR,CHURACHANDPUR,-0.22889657823912596,-0.07972318339101335,-0.04822760476739419,0.005768064361901518,-437457.5663909723,-0.14670116425064716,-0.29287197231833906,0.22145328719723184,2987741
256,14,MANIPUR,IMPHAL WEST,-0.19986159169549986,0.10340638216072358,0.11909265667051923,0.13016532103036862,6244.440305826536,0.01042103237795374,-0.3014225297962323,0.2364628988850442,603204
255,14,MANIPUR,IMPHAL EAST,-0.19291041906957324,0.11909265667052772,0.1358861976162985,0.15378700499808404,135.12586405013295,2.53859120820774E-4,-0.3014225297962323,0.2519646289888504,535890
713,14,MANIPUR,JIRIBAM,-0.22889657823914392,-0.0415840061514808,-8.973259068608903E-4,0.04822760476739729,-50756.322910713614,-0.14005072742840124,-0.28444444444444444,0.1929104190695886,365087
260,14,MANIPUR,UKHRUL,-0.2214532871972269,-0.07111111111111892,-0.04822760476739334,-0.013023917190546937,-335731.6340450118,-0.13014529186037105,-0.3014225297962323,0.19986159169550174,2585246
257,14,MANIPUR,SENAPATI,-0.2214532871972251,-0.06299115724721119,-0.03844675124952052,-0.01039600153787014,-273963.20864345506,-0.12674669143685807,-0.31009611687812383,0.16000000000000003,2166467
258,14,MANIPUR,TAMENGLONG,-0.2364628988850402,-0.09356401384083098,-0.07111111111111594,-0.0448442906574385,-573189.4975263953,-0.15422489933641206,-0.31009611687812383,0.22145328719723184,3724282
259,14,MANIPUR,THOUBAL,-0.17279507881584172,0.12456747404846356,0.141730103806241,0.16000000000000428,10300.634185285628,0.021339850643629924,-0.2761399461745483,0.2761399461745483,485328
717,14,MANIPUR,KAMJONG,-0.24415224913492736,-0.11374086889658856,-0.09356401384082427,-0.059115724721262156,-494463.7149556557,-0.16878756404787262,-0.31009611687812383,0.24415224913494812,2934321
714,14,MANIPUR,NONEI,-0.22889657823914064,-0.09842368319876453,-0.0797231833910037,-0.04822760476739753,-222400.221993283,-0.15360377938235345,-0.29287197231833906,0.13588619761630144,1452211
715,14,MANIPUR,PHERZAWL,-0.2288965782391146,-0.11374086889660079,-0.09356401384082368,-0.0669896193771624,-434574.8225196461,-0.1654046724197943,-0.29287197231833906,0.16000000000000003,2632958
716,14,MANIPUR,TENGNOUPAL,-0.22889657823910864,-0.0888273740868805,-0.05536332179930656,-0.01777777777777779,-233569.6866352168,-0.15492234971727625,-0.3014225297962323,0.17279507881584008,1511379
712,14,MANIPUR,KANGPOKPI,-0.22145328719721602,-0.055363321799305525,-0.021121848674688404,0.03691279232424336,-268075.19623639405,-0.1256958150681873,-0.3014225297962323,0.2364628988850442,2143163
711,14,MANIPUR,KAKCHING,-0.19291041906958467,0.10851211072663906,0.12456747404843722,0.14173010380622547,-5341.368430783606,-0.013613039218264435,-0.29287197231833906,0.2599000384467512,394750
273,17,MEGHALAYA,EAST GARO HILLS,-0.22145328719723675,-0.0888273740868684,-0.07535563244904757,-0.04822760476739589,-280133.3830960446,-0.14313627535499027,-0.3014225297962323,0.1085121107266436,1961933
274,17,MEGHALAYA,EAST KHASI HILLS,-0.2599000384467722,-0.05536332179930672,-0.03254133025759259,-0.005865400049787134,-509237.0453848786,-0.1449623967330605,-0.33685505574778934,0.19986159169550174,3519450
657,17,MEGHALAYA,EAST JAINTIA HILLS,-0.2519646289888447,-0.08882737408687261,-0.07111111111111805,-0.044844290657438224,-387444.8772819687,-0.15593376078065485,-0.34602076124567477,0.17937716262975778,2489782
277,17,MEGHALAYA,SOUTH GARO HILLS,-0.23646289888506017,-0.10340638216072516,-0.07972318339100702,-0.04158400615148075,-360343.977908086,-0.1590244339264489,-0.33685505574778934,0.17937716262975778,2271292
278,17,MEGHALAYA,WEST GARO HILLS,-0.23646289888501656,-0.07972318339100533,-0.036995465312280186,0.012982565941798132,-500006.5840402821,-0.1518969064542185,-0.3278123798539023,0.17279507881584008,3298747
279,17,MEGHALAYA,WEST KHASI HILLS,-0.23646289888503547,-0.07972318339101513,-0.059115724721264695,-0.0325413302575935,-708899.7431149711,-0.14612607598932623,-0.3278123798539023,0.15378700499807765,4859806
276,17,MEGHALAYA,RI-BHOI,-0.22889657823912182,-0.0935640138408328,-0.07111111111111566,-0.035432525951556486,-448148.4301992918,-0.15241472445544654,-0.3188927335640138,0.15378700499807765,2948155
658,17,MEGHALAYA,SOUTH WEST KHASI HILLS,-0.23646289888505864,-0.07972318339101413,-0.0553633217993091,-0.025956472246561512,-238600.72518426675,-0.14800070555469644,-0.3188927335640138,0.186082276047674,1617098
663,17,MEGHALAYA,SOUTH WEST GARO HILLS,-0.23646289888506036,-0.04484429065743877,-0.0026546740896021873,0.027128027681661147,-154237.0333769517,-0.1491025864121258,-0.3278123798539023,0.13588619761630144,1037207
656,17,MEGHALAYA,NORTH GARO HILLS,-0.2214532871972356,-0.07972318339100949,-0.051733948481353736,-0.013840830449827004,-221167.18167853125,-0.14293657167817153,-0.29287197231833906,0.14769703960015382,1552862
275,17,MEGHALAYA,WEST JAINTIA HILLS,-0.25196462898884514,-0.08421376393695416,-0.05911572472126368,-0.029773164167628246,-327988.6692946106,-0.14752687983594193,-0.34602076124567477,0.21413302575932336,2229213
262,15,MIZORAM,CHAMPHAI,-0.221453287197216,-0.09842368319876202,-0.07972318339100774,-0.05173394848135453,-626793.241835014,-0.1513691270542708,-0.3014225297962323,0.16633602460592078,4148573
267,15,MIZORAM,SAIHA,-0.21413302575933263,-0.09842368319877264,-0.07535563244905817,-0.04484429065743941,-268405.4546431018,-0.14536531936440192,-0.2761399461745483,0.16633602460592078,1851831
264,15,MIZORAM,LAWNGTLAI,-0.20693579392539513,-0.07972318339101278,-0.059115724721264105,-0.032541330257593586,-388711.4978317951,-0.1326433741144408,-0.28444444444444444,0.16633602460592078,2939881
268,15,MIZORAM,SERCHHIP,-0.22145328719722143,-0.10340638216072073,-0.07972318339100543,-0.05173394848135424,-269585.1377368745,-0.15345953402927104,-0.28444444444444444,0.11909265667051133,1762727
263,15,MIZORAM,KOLASIB,-0.23646289888506,-0.11374086889657334,-0.08421376393694792,-0.03844675124951879,-303996.42546426575,-0.1666984892636037,-0.3014225297962323,0.17279507881584008,1828823
266,15,MIZORAM,MAMIT,-0.22889657823912865,-0.11909265667052799,-0.09842368319876472,-0.07111111111111003,-615878.2353101975,-0.1646442086300195,-0.31009611687812383,0.15378700499807765,3748513
265,15,MIZORAM,LUNGLEI,-0.22145328719721827,-0.10340638216072978,-0.08421376393694995,-0.05536332179930729,-836597.7864634539,-0.15209363513625235,-0.29287197231833906,0.21413302575932336,5509505
261,15,MIZORAM,AIZAWL,-0.228896578239131,-0.1085121107266559,-0.08421376393694699,-0.055363321799306815,-619303.3388562459,-0.15927735942381224,-0.3014225297962323,0.13016532103037293,3898664
613,13,NAGALAND,PAREN,-0.22889657823913445,-0.07972318339100894,-0.051733948481351655,-0.010396001537870148,-327257.77639478166,-0.14486937729178478,-0.31009611687812383,0.13588619761630144,2264628
248,13,NAGALAND,PHEK,-0.22145328719721147,-0.07535563244904445,-0.05536332179931059,-0.027128027681661514,-312429.379545219,-0.13481961974910164,-0.3014225297962323,0.14769703960015382,2323275
250,13,NAGALAND,WOKHA,-0.23646289888503716,-0.1034063821607232,-0.07972318339100876,-0.037022448814089254,-318769.8862394284,-0.15947476743882194,-0.3014225297962323,0.22145328719723184,2003896
244,13,NAGALAND,DIMAPUR,-0.2214532871972383,-9.31553202917556E-4,0.03254133025759371,0.059115724721261836,-99121.99115979235,-0.10489278103970155,-0.29287197231833906,0.17279507881584008,949846
245,13,NAGALAND,KOHIMA,-0.22145328719724167,-0.07111111111111705,-0.04822760476739608,-0.0177777777777774,-222973.19705582355,-0.13692061125374058,-0.29287197231833906,0.13588619761630144,1632851
614,13,NAGALAND,KIPHIRE,-0.2288965782391103,-0.07111111111111586,-0.051733948481354076,-0.027128027681661098,-191927.76156864062,-0.13703378429816954,-0.31009611687812383,0.17279507881584008,1404480
251,13,NAGALAND,ZUNHEBOTO,-0.22889657823913218,-0.09356401384084506,-0.07111111111111591,-0.04822760476739514,-286090.5530013639,-0.14633798503525083,-0.3014225297962323,0.12456747404844293,1960862
246,13,NAGALAND,MOKOKCHUNG,-0.2364628988850104,-0.11374086889659704,-0.08882737408688449,-0.05536332179930746,-336804.6614292755,-0.16845752433609673,-0.3188927335640138,0.11374086889657825,2005010
247,13,NAGALAND,MON,-0.22889657823912687,-0.08882737408688376,-0.07111111111111612,-0.04822760476739627,-400096.4169569707,-0.1471976562835559,-0.31009611687812383,0.13016532103037293,2724066
249,13,NAGALAND,TUENSANG,-0.22145328719722612,-0.07535563244904399,-0.055363321799309265,-0.03254133025759332,-361671.97109439474,-0.13640991890502407,-0.31009611687812383,0.12456747404844293,2656787
615,13,NAGALAND,LONGLENG,-0.23646289888505814,-0.09842368319877597,-0.07535563244905834,-0.051733948481353965,-112612.83722488477,-0.15411343656480492,-0.31009611687812383,0.08882737408688965,734358
344,21,ODISHA,ANUGUL,-0.24415224913492467,-0.012987178851740252,0.009650493531315257,0.03694917124740392,-810944.3986456593,-0.10638674288977347,-0.33685505574778934,0.21413302575932336,7634552
345,21,ODISHA,BOLANGIR (BALANGIR),-0.17937716262975248,0.009644441115642699,0.025846655550225556,0.044844290657437814,-428456.03558852075,-0.05484445804531328,-0.3014225297962323,0.2069357939254133,7823364
346,21,ODISHA,BALASORE (BALESHWAR),-0.19986159169548465,0.02977316416763152,0.04484429065744716,0.06299115724721127,-192667.81883784954,-0.0431923748604461,-0.31009611687812383,0.19986159169550174,4471001
347,21,ODISHA,BARAGARH,-0.1929104190695971,-0.010396001537870297,0.0068296122929101,0.022206843521722266,-474075.67589129717,-0.0677993680858475,-0.3188927335640138,0.16000000000000003,7004326
348,21,ODISHA,BHADRAK,-0.09842368319876661,0.07535563244904489,0.09356401384082243,0.10851211072664557,26052.130986959633,0.008697556641091684,-0.2069357939254133,0.2288965782391388,3001803
350,21,ODISHA,CUTTACK,-0.20693579392539285,0.07535563244905119,0.09356401384083335,0.11374086889658348,-106424.91148600116,-0.023161137348724742,-0.31009611687812383,0.2679584775086506,4607070
351,21,ODISHA,DEOGARH,-0.25196462898884475,-0.0026491437051861175,0.022206843521721403,0.04484429065744019,-378322.5604203573,-0.10668459725269663,-0.34602076124567477,0.13016532103037293,3554240
352,21,ODISHA,DHENKANAL,-0.22889657823914186,0.02977316416762867,0.05536332179930506,0.07972318339101173,-419824.3205311017,-0.0788026104732921,-0.3188927335640138,0.2364628988850442,5335603
353,21,ODISHA,GAJAPATI,-0.23646289888505395,-0.0058075771389208,0.03254133025759233,0.07111111111111552,-535141.2333548528,-0.10948381923738328,-0.3188927335640138,0.28444444444444444,4897594
354,21,ODISHA,GANJAM,-0.2288965782391263,0.06698961937717551,0.08421376393696738,0.10340638216073007,-588605.7823051586,-0.059144248892249854,-0.3278123798539023,0.24415224913494812,9965454
355,21,ODISHA,JAGATSINGHPUR,-0.10851211072664028,0.07972318339101657,0.09356401384082381,0.10340638216070812,28061.68866068905,0.013602455013310625,-0.2288965782391388,0.2519646289888504,2068255
356,21,ODISHA,JAJAPUR,-0.1929104190695763,0.07535563244905723,0.09356401384083698,0.10851211072665128,-38581.66667863904,-0.011142056802051655,-0.3014225297962323,0.2679584775086506,3471072
357,21,ODISHA,JHARSUGUDA,-0.15999999999999745,0.012056901191848613,0.024605920799693645,0.032541330257591324,-139493.48155383233,-0.055978381661693846,-0.2599000384467512,0.16000000000000003,2499034
358,21,ODISHA,KALAHANDI,-0.22145328719722115,0.009637677186056532,0.02585649765152424,0.04484429065743826,-670595.2358526478,-0.07149001947472533,-0.31009611687812383,0.2288965782391388,9392589
359,21,ODISHA,KANDHAMAL,-0.25196462898884536,-0.048227604767399276,-0.027128027681660626,-0.006840755088758708,-1281056.2632328614,-0.13428695767509738,-0.34602076124567477,0.13588619761630144,9552404
360,21,ODISHA,KENDRAPARHA,-0.14173010380624143,0.06698961937717388,0.0797231833910146,0.09356401384082426,10499.017222898872,0.0034764110189569437,-0.2519646289888504,0.22145328719723184,3027614
361,21,ODISHA,KEONJHAR (KENDUJHAR),-0.22145328719721594,0.005755840342660037,0.02977316416762856,0.06299115724721137,-861305.146090591,-0.0864146592249504,-0.3278123798539023,0.2364628988850442,9980176
362,21,ODISHA,KHORDHA,-0.1998615916954865,0.06698961937716995,0.08421376393694628,0.10851211072664198,-95607.46172148453,-0.027915556541558903,-0.31009611687812383,0.2679584775086506,3436743
363,21,ODISHA,KORAPUT,-0.19291041906958623,0.025860225108721685,0.04822760476739959,0.07972318339101013,-558581.0130373467,-0.05641836846954062,-0.3278123798539023,0.2679584775086506,9916232
364,21,ODISHA,MALKANGIRI,-0.17279507881584957,0.04484429065745089,0.06299115724721113,0.07972318339101045,-210285.60242804955,-0.030917884880890978,-0.29287197231833906,0.2599000384467512,6811277
365,21,ODISHA,MAYURBHANJ,-0.22889657823909734,0.012973689129524178,0.032541330257590984,0.04822760476739556,-1125689.4796375958,-0.08985300264585959,-0.3278123798539023,0.1929104190695886,12543165
366,21,ODISHA,NABARANGAPUR,-0.14769703960015718,0.0517339484813453,0.06299115724721345,0.07535563244904869,-99980.28102129593,-0.01546200597402023,-0.3014225297962323,0.2364628988850442,6477055
367,21,ODISHA,NAYAGARH,-0.244152249134932,0.036948530939198074,0.055363321799303436,0.07535563244904808,-429066.5256116631,-0.0925048913004386,-0.3278123798539023,0.2364628988850442,4646759
368,21,ODISHA,NUAPARHA,-0.18608227604769254,0.0016831325224758661,0.0210602614969204,0.03687470606953117,-309638.5219675251,-0.06754294214118808,-0.3014225297962323,0.19986159169550174,4592599
369,21,ODISHA,PURI,-0.11909265667051454,0.08882737408688018,0.10340638216072404,0.12456747404844624,84349.0004413151,0.020457015899912143,-0.2288965782391388,0.2288965782391388,4132506
370,21,ODISHA,RAYAGARHA,-0.2214532871972242,0.005756043678929888,0.03254133025759374,0.06299115724721127,-757112.365619604,-0.08709970638913377,-0.3188927335640138,0.2364628988850442,8707900
371,21,ODISHA,SAMBALPUR,-0.2599000384467506,-0.025935080985749988,-0.0017452477278833548,0.021036807842166758,-907123.9010355596,-0.11368703016068159,-0.33685505574778934,0.16633602460592078,7991881
372,21,ODISHA,SUBARNAPUR,-0.17279507881584732,0.009650335251579469,0.025872411965873334,0.048227604767394724,-161149.1266349168,-0.05706138787156219,-0.29287197231833906,0.2288965782391388,2830803
373,21,ODISHA,SUNDARGARH,-0.24415224913495126,-0.02112729511498867,0.0016753538592916215,0.021052479698324068,-1185748.4202173888,-0.10120637397207072,-0.3278123798539023,0.17937716262975778,11732129
349,21,ODISHA,BAUDH (BAUDA),-0.2599000384467468,0.009649597549703907,0.03254133025759206,0.05173394848135176,-371167.24444786616,-0.10026573955930487,-0.34602076124567477,0.22145328719723184,3710015
598,34,PUDUCHERRY,KARAIKAL,0.11909265667051139,0.31889273356404096,0.3368550557477896,0.3460207612456661,45436.205186591746,0.2510311238461656,0.008858131487889272,0.39369473279507883,183071
599,34,PUDUCHERRY,MAHE,-0.07535563244905809,0.04158400615148026,0.05536332179930794,0.07111111111111111,15.89654585340486,0.0015663636788267317,-0.14173010380622836,0.13016532103037293,10600
600,34,PUDUCHERRY,PUDUCHERRY,0.07972318339100329,0.27613994617453314,0.2928719723183502,0.3014225297962378,72081.41802038855,0.21151947146165961,-0.01574778931180315,0.37425605536332185,347013
601,34,PUDUCHERRY,YANAM,-0.04484429065743951,0.0935640138408304,0.10851211072664334,0.1358861976163013,1875.190672667328,0.04250670228912094,-0.13016532103037293,0.21413302575932336,44886
027,03,PUNJAB,AMRITSAR,-0.04484429065743822,0.10340638216074229,0.11374086889658169,0.11909265667052579,231512.7471465224,0.06598976259269194,-0.186082276047674,0.2519646289888504,3515937
605,03,PUNJAB,BARNALA,-0.01574778931180298,0.09842368319878629,0.1085121107266629,0.11374086889660008,132316.2775660784,0.07186343906970409,-0.186082276047674,0.2519646289888504,1846179
028,03,PUNJAB,BATHINDA,-0.051733948481352675,0.10340638216074405,0.11374086889657921,0.12456747404845489,308570.0672577637,0.07083162601485896,-0.19986159169550174,0.2519646289888504,4365070
029,03,PUNJAB,FARIDKOT,-0.03543252595155648,0.10851211072665785,0.11909265667052926,0.12456747404845915,145869.94521628803,0.07709106259198562,-0.1929104190695886,0.22145328719723184,1896994
030,03,PUNJAB,FATEHGARH SAHIB,-0.05536332179930748,0.10340638216073984,0.10851211072666277,0.11909265667051991,86994.71859256404,0.058324947937857176,-0.19986159169550174,0.2288965782391388,1496589
651,03,PUNJAB,FAZILKA,-0.0026478518944038376,0.13016532103032544,0.13588619761624834,0.14769703960016925,337305.521173095,0.09085192116004712,-0.16633602460592078,0.28444444444444444,3719961
031,03,PUNJAB,FIROZPUR,-0.022206843521722416,0.10851211072666585,0.11374086889659106,0.11909265667052514,230333.07413685063,0.07475430041081796,-0.21413302575932336,0.2288965782391388,3088898
032,03,PUNJAB,GURDASPUR,-0.019930795847751107,0.1085121107266497,0.11374086889658777,0.12456747404845483,260159.2587248005,0.0761148735363415,-0.186082276047674,0.2364628988850442,3424574
033,03,PUNJAB,HOSHIARPUR,-0.17279507881585063,0.08421376393696682,0.09842368319875598,0.10851211072665326,-6758.727949439467,-0.0015265588612769756,-0.28444444444444444,0.2519646289888504,4436125
034,03,PUNJAB,JALANDHAR,-0.04484429065743829,0.10340638216073943,0.10851211072666382,0.11909265667052721,195892.60410240205,0.056951004002337324,-0.186082276047674,0.2288965782391388,3448570
035,03,PUNJAB,KAPURTHALA,-0.041584006151480654,0.10851211072666272,0.11909265667052343,0.12456747404845335,133451.60125691775,0.06266460720724193,-0.17279507881584008,0.24415224913494812,2138434
036,03,PUNJAB,LUDHIANA,-0.05911572472126393,0.09842368319872508,0.10851211072666488,0.11374086889659937,258625.75229746904,0.05400553475763702,-0.21413302575932336,0.24415224913494812,4796983
037,03,PUNJAB,MANSA,-0.017777777777777563,0.1034063821607402,0.1085121107266617,0.11909265667051447,198441.65499270146,0.0710429264342747,-0.17937716262975778,0.2364628988850442,2800307
038,03,PUNJAB,MOGA,-0.0044749005827007535,0.1034063821607431,0.1085121107266481,0.11374086889657554,215738.0863056138,0.0739062554248777,-0.186082276047674,0.22145328719723184,2925171
039,03,PUNJAB,SRI MUKTSAR SAHIB,-0.006808094978314511,0.1190926566705393,0.1245674740484782,0.13016532103034928,301421.2124936573,0.08839663281613325,-0.16000000000000003,0.2288965782391388,3417177
040,03,PUNJAB,SHAHID BHAGAT SINGH NAGAR,-0.14769703960016212,0.09842368319873487,0.10851211072666095,0.1137408688965976,63030.98086875724,0.03830353159977375,-0.2519646289888504,0.2599000384467512,1650822
662,03,PUNJAB,PATHANKOT,-0.16000000000000414,0.0935640138408926,0.1034063821607418,0.11374086889658465,11043.649300692638,0.008819733561051767,-0.2679584775086506,0.22145328719723184,1257220
041,03,PUNJAB,PATIALA,-0.051733948481352585,0.1137408688965737,0.11909265667053022,0.13016532103035894,303041.94190413906,0.07079024439670276,-0.1929104190695886,0.2599000384467512,4293984
042,03,PUNJAB,RUPNAGAR,-0.16000000000000109,0.08421376393696561,0.09356401384084831,0.10340638216072208,15011.616149093908,0.008390677506477772,-0.2679584775086506,0.22145328719723184,1795740
043,03,PUNJAB,SANGRUR,-0.022206843521722416,0.10851211072666958,0.11374086889660444,0.11909265667052686,344585.25492756045,0.07404665864207088,-0.1929104190695886,0.2679584775086506,4664151
608,03,PUNJAB,SAS NAGAR (SAHIBZADA AJIT SINGH NAGAR),-0.13588619761629536,0.10340638216072795,0.11374086889657517,0.12456747404844218,47745.641925379394,0.03370170923176829,-0.2288965782391388,0.2519646289888504,1423227
609,03,PUNJAB,TARN TARAN,-0.004487495999005817,0.1085121107266458,0.11374086889658692,0.12456747404846019,248464.14186122088,0.0788344362821038,-0.16000000000000003,0.2364628988850442,3158113
086,08,RAJASTHAN,AJMER,-0.08882737408688482,0.07972318339101106,0.09842368319876371,0.13588619761630394,159997.04307213228,0.015178571601433165,-0.21413302575932336,0.2761399461745483,10557272
087,08,RAJASTHAN,ALWAR,-0.1245674740484639,0.10851211072665848,0.11909265667053155,0.13016532103036685,381776.01993247634,0.03619202011413289,-0.2364628988850442,0.2519646289888504,10566667
088,08,RAJASTHAN,BANSWARA,-0.11909265667051906,0.044844290657452025,0.05911572472125286,0.07535563244904801,-118690.97199818565,-0.021624695398702754,-0.2519646289888504,0.22145328719723184,5496965
089,08,RAJASTHAN,BARAN,-0.10851211072664917,0.1085121107266475,0.11909265667053315,0.13588619761631812,245959.68092727035,0.028561175415735753,-0.2364628988850442,0.2599000384467512,8624299
090,08,RAJASTHAN,BARMER,-0.15378700499802767,0.012958996771442665,0.036917147248215855,0.06299115724721133,-1988168.6319148573,-0.05654232535529443,-0.2679584775086506,0.24415224913494812,35184293
091,08,RAJASTHAN,BHARATPUR,-0.059115724721264196,0.11374086889654615,0.11909265667053393,0.13016532103035233,436254.4394510167,0.06870646097308503,-0.2069357939254133,0.24415224913494812,6364210
092,08,RAJASTHAN,BHILWARA,-0.09356401384083156,0.07111111111111922,0.08882737408687386,0.11374086889657663,-4989.98887371554,-3.8494786949799483E-4,-0.2679584775086506,0.2679584775086506,12977374
093,08,RAJASTHAN,BIKANER,-0.07972318339100853,0.1085121107266637,0.1245674740484722,0.14173010380623252,1316325.0765346852,0.03439134311391284,-0.21413302575932336,0.29287197231833906,38299184
094,08,RAJASTHAN,BUNDI,-0.11909265667051534,0.11909265667053615,0.13016532103033876,0.147697039600165,241346.70072339804,0.03379758408164717,-0.2761399461745483,0.2761399461745483,7150747
095,08,RAJASTHAN,CHITTAURGARH,-0.11909265667052231,0.06299115724721333,0.07972318339101202,0.10340638216070518,-59381.115692644424,-0.006179756506196508,-0.2679584775086506,0.2679584775086506,9628634
096,08,RAJASTHAN,CHURU,-0.051733948481348685,0.10851211072665659,0.12456747404847167,0.13588619761632417,843515.7527370987,0.048063417993851526,-0.186082276047674,0.2761399461745483,17570047
097,08,RAJASTHAN,DAUSA,-0.07535563244905936,0.10851211072666408,0.11909265667052689,0.14173010380623757,208841.87017739294,0.04888260080163123,-0.2069357939254133,0.2599000384467512,4282491
098,08,RAJASTHAN,DHAULPUR,-0.08421376393694711,0.10851211072657531,0.11909265667053331,0.12456747404846993,134358.4870296634,0.035465996733323346,-0.19986159169550174,0.2519646289888504,3796325
099,08,RAJASTHAN,DUNGARPUR,-0.08421376393694766,0.04484429065744741,0.06299115724721117,0.07972318339100613,-35906.37258418397,-0.0078112204896065044,-0.2519646289888504,0.24415224913494812,4604348
101,08,RAJASTHAN,HANUMANGARH,-9.206681005448558E-4,0.13016532103032072,0.14173010380624393,0.1537870049980884,1120574.4002927996,0.09029137088875838,-0.17279507881584008,0.2761399461745483,12428490
102,08,RAJASTHAN,JAIPUR,-0.08421376393695124,0.10851211072666272,0.1301653210303638,0.16000000000000683,586575.5788035422,0.042071917828545746,-0.19986159169550174,0.28444444444444444,13958482
103,08,RAJASTHAN,JAISALMER,-0.13588619761633655,0.07535563244905484,0.10851211072665122,0.1358861976163082,-1358518.3610221064,-0.02820197551329599,-0.2519646289888504,0.29287197231833906,48195167
104,08,RAJASTHAN,JALOR,-0.08882737408688612,0.07111111111111959,0.09356401384083281,0.11909265667051931,107561.8461740155,0.008201445179759131,-0.2599000384467512,0.2599000384467512,13130168
105,08,RAJASTHAN,JHALAWAR,-0.12456747404845638,0.06698961937717278,0.08421376393696496,0.10340638216072977,-120797.169137578,-0.0155460843025165,-0.2761399461745483,0.2364628988850442,7785147
106,08,RAJASTHAN,JHUNJHUNUN,-0.0669896193771658,0.10340638216074062,0.11909265667053161,0.13016532103034822,299843.5426477978,0.0400342646845382,-0.22145328719723184,0.2679584775086506,7500078
107,08,RAJASTHAN,JODHPUR,-0.1085121107266589,0.0842137639369685,0.10340638216073464,0.12456747404846924,219098.3097303609,0.007732719131723053,-0.24415224913494812,0.2761399461745483,28354930
108,08,RAJASTHAN,KARAULI,-0.09842368319877051,0.11374086889655831,0.12456747404847149,0.1417301038062223,149948.53292622571,0.02397226747802793,-0.2288965782391388,0.2519646289888504,6265890
100,08,RAJASTHAN,GANGANAGAR,9.186130268691925E-4,0.14769703960009078,0.1599999999999652,0.1727950788158409,1412597.5808171078,0.10097877608546388,-0.16000000000000003,0.28444444444444444,14004924
109,08,RAJASTHAN,KOTA,-0.130165321030341,0.11374086889656924,0.12456747404846782,0.14173010380621368,166073.24087919178,0.026476524226642373,-0.28444444444444444,0.24415224913494812,6284796
110,08,RAJASTHAN,NAGAUR,-0.07535563244905143,0.06698961937717554,0.08421376393696042,0.10340638216071105,303939.6464797039,0.013623672088161155,-0.24415224913494812,0.28444444444444444,22328531
111,08,RAJASTHAN,PALI,-0.08882737408688539,0.08882737408687666,0.10851211072665792,0.13016532103036532,218599.5766152433,0.014252028015353671,-0.2364628988850442,0.28444444444444444,15355856
629,08,RAJASTHAN,PRATAPGARH,-0.12456747404846397,0.041584006151475554,0.05536332179930397,0.07111111111111515,-165230.72066461833,-0.030457805890594644,-0.24415224913494812,0.22145328719723184,5433909
112,08,RAJASTHAN,RAJ SAMAND,-0.11374086889657789,0.02712802768166277,0.048227604767396216,0.07111111111111465,-186549.09646045617,-0.03267099016351914,-0.2599000384467512,0.22145328719723184,5723908
113,08,RAJASTHAN,SAWAI MADHOPUR,-0.14173010380622048,0.11909265667053245,0.13016532103035583,0.15378700499808087,289619.4024384696,0.046338235019447484,-0.2599000384467512,0.2761399461745483,6261504
114,08,RAJASTHAN,SIKAR,-0.07111111111111613,0.08882737408687719,0.10340638216072663,0.12456747404844856,280801.86589824705,0.028850648265678486,-0.19986159169550174,0.28444444444444444,9747199
115,08,RAJASTHAN,SIROHI,-0.09842368319875985,0.07972318339101873,0.098423683198763,0.11909265667051545,51799.37640992851,0.008206060518541728,-0.2364628988850442,0.2679584775086506,6321547
116,08,RAJASTHAN,TONK,-0.059115724721263266,0.12456747404847864,0.13588619761633708,0.1727950788158459,641332.691638184,0.07169500332867952,-0.22145328719723184,0.28444444444444444,8958642
117,08,RAJASTHAN,UDAIPUR,-0.11909265667052422,0.029773164167630737,0.04822760476739903,0.0711111111111161,-443453.35760784935,-0.030890397691395614,-0.2519646289888504,0.2679584775086506,14373207
225,11,SIKKIM,EAST,-0.22889657823914775,0.025899757113810186,0.06299115724721124,0.09356401384082745,-115011.92946193388,-0.09766505692427449,-0.31009611687812383,0.19986159169550174,1180616
226,11,SIKKIM,NORTH,-0.16633602460592511,0.1537870049980331,0.1793771626297906,0.21413302575933146,237208.80573929055,0.0445179071955328,-0.29287197231833906,0.3014225297962323,5335204
227,11,SIKKIM,SOUTH,-0.22889657823914486,-0.025901946708807685,0.021068237506021,0.09356401384083152,-109966.03687347371,-0.11962344288873618,-0.3014225297962323,0.2599000384467512,922577
228,11,SIKKIM,WEST,-0.22145328719721358,0.0935640138408221,0.130165321030376,0.1727950788158488,-102431.44581843077,-0.06788015652513565,-0.31009611687812383,0.29287197231833906,1512801
610,33,TAMIL NADU,ARIYALUR,0.13016532103036693,0.2844444444444828,0.3014225297962422,0.31889273356405207,505428.0872911274,0.22921569508770395,-0.008858131487889272,0.40359861591695495,2209715
730,33,TAMIL NADU,CHENGALPATTU,0.03844675124951885,0.24415224913503844,0.2599000384467658,0.27613994617453924,537197.7146201847,0.17224427419093927,-0.09356401384083046,0.36472126105344094,3125557
568,33,TAMIL NADU,CHENNAI,0.03254133025759352,0.20693579392539097,0.22145328719723326,0.23646289888505398,54293.60582024129,0.14164298639431366,-0.05173394848135333,0.33685505574778934,385506
569,33,TAMIL NADU,COIMBATORE,-0.11909265667051118,0.14769703960017797,0.16633602460590585,0.19291041906958126,312716.155350589,0.05819471353250177,-0.2364628988850442,0.33685505574778934,5383851
570,33,TAMIL NADU,CUDDALORE,0.09842368319877128,0.31009611687824534,0.32781237985377853,0.3460207612458948,976306.64826999,0.23114513658741667,-0.044844290657439445,0.42377547097270285,4233341
571,33,TAMIL NADU,DHARMAPURI,-0.07972318339100987,0.14769703960016106,0.17279507881585043,0.19291041906958806,312628.4337874459,0.0608134797531689,-0.17937716262975778,0.3188927335640138,5150772
572,33,TAMIL NADU,DINDIGUL,-0.09842368319876951,0.2141330257592293,0.23646289888502833,0.25196462898884453,662550.3933960386,0.09630648737126239,-0.21413302575932336,0.3839138792772011,6891183
573,33,TAMIL NADU,ERODE,-0.09356401384082257,0.18608227604767902,0.20693579392538503,0.22889657823913923,473173.16173203936,0.08117148005215258,-0.19986159169550174,0.34602076124567477,5843263
574,33,TAMIL NADU,KANCHIPURAM,0.02220684352172241,0.20693579392537773,0.2214532871972127,0.2364628988850594,294069.0891293185,0.14685670972780893,-0.13016532103037293,0.33685505574778934,2010389
729,33,TAMIL NADU,KALLAKKURICHI,-0.06698961937717193,0.23646289888510041,0.2519646289890181,0.2761399461744955,597107.802725305,0.14802693231714298,-0.17937716262975778,0.39369473279507883,4041352
575,33,TAMIL NADU,KANYAKUMARI,-0.0984236831987678,0.19291041906955733,0.22145328719720833,0.25196462898884503,166437.4731529482,0.08771389916904139,-0.2288965782391388,0.37425605536332185,1902020
576,33,TAMIL NADU,KARUR,0.02592614092812071,0.22145328719721924,0.24415224913492445,0.26795847750867186,497080.48738246056,0.15038597548836968,-0.13588619761630144,0.37425605536332185,3313874
578,33,TAMIL NADU,MADURAI,-0.0448442906574383,0.23646289888505642,0.2519646289888726,0.26795847750868,610010.9554043912,0.1449814761115738,-0.1929104190695886,0.37425605536332185,4217505
587,33,TAMIL NADU,NILGIRIS,-0.15999999999999703,0.04484429065743898,0.07535563244905534,0.10851211072664645,-113643.71971142387,-0.04098376224338274,-0.2761399461745483,0.28444444444444444,2779224
579,33,TAMIL NADU,NAGAPATTINAM,0.11909265667050983,0.3460207612458576,0.35530949634756276,0.37425605536336637,778045.7593699466,0.26637606513912027,-0.012056901191849288,0.4444444444444444,2930267
580,33,TAMIL NADU,NAMAKKAL,-0.07535563244905175,0.19291041906954046,0.2069357939253817,0.22889657823912637,413131.9870994375,0.10599124484891362,-0.1929104190695886,0.3553094963475586,3905479
581,33,TAMIL NADU,PERAMBALUR,-0.015747789311802835,0.2364628988850879,0.24415224913504366,0.25990003844672765,323005.41210955277,0.16135159016656425,-0.12456747404844293,0.34602076124567477,2007167
582,33,TAMIL NADU,PUDUKKOTTAI,0.10851211072664438,0.2928719723184402,0.31009611687824556,0.327812379853799,1107793.7076506082,0.20949376181161314,-0.07111111111111111,0.42377547097270285,5299699
583,33,TAMIL NADU,RAMANATHAPURAM,0.06299115724721144,0.30142252979624734,0.31889273356400644,0.3368550557478384,1013093.3270476144,0.21758455849087852,-0.06698961937716265,0.41362552864282975,4668989
731,33,TAMIL NADU,RANIPPETTAI,8.983327298516324E-4,0.19986159169548262,0.2141330257592865,0.22889657823913204,292019.5767290382,0.1376298312357467,-0.1085121107266436,0.3278123798539023,2128423
584,33,TAMIL NADU,SALEM,-0.10340638216071324,0.17279507881579434,0.18608227604768318,0.21413302575932716,429199.2381733572,0.06261169994018204,-0.2069357939254133,0.3278123798539023,6871944
585,33,TAMIL NADU,SIVAGANGA,0.08882737408688544,0.28444444444437067,0.3014225297962136,0.3188927335640631,990877.507825741,0.20580987404972317,-0.09842368319876971,0.41362552864282975,4827074
588,33,TAMIL NADU,TENI,-0.09842368319876903,0.22145328719729732,0.244152249135006,0.25990003844676185,281632.35420157836,0.086550570029379,-0.19986159169550174,0.37425605536332185,3260399
733,33,TAMIL NADU,TENKASI,-0.09356401384082719,0.25196462898893324,0.26795847750869295,0.28444444444446937,480239.8586904072,0.1509421843571334,-0.2364628988850442,0.37425605536332185,3188221
586,33,TAMIL NADU,THANJAVUR,0.11374086889657505,0.3014225297962835,0.31009611687813443,0.32781237985392087,909910.4257730963,0.2334587138649539,-0.03844675124951941,0.42377547097270285,3908681
590,33,TAMIL NADU,THIRUVARUR,0.147697039600152,0.3368550557479031,0.34602076124586567,0.3553094963474979,702956.5835034507,0.27286090026426574,0.010396001537870049,0.42377547097270285,2584269
591,33,TAMIL NADU,TIRUCHIRAPALLI,-0.04822760476739407,0.2441522491349825,0.25990003844677806,0.28444444444447375,805655.1673331751,0.15744999593381653,-0.186082276047674,0.3839138792772011,5131417
592,33,TAMIL NADU,TIRUNELVELI,-0.13588619761630594,0.24415224913499342,0.2679584775086924,0.2928719723183293,526079.3896286213,0.11982467870475366,-0.2519646289888504,0.4340484429065744,4398780
634,33,TAMIL NADU,TIRUPPUR,-0.06299115724721123,0.19291041906954554,0.21413302575928003,0.2364628988850234,701018.3915159927,0.11850290737343075,-0.22145328719723184,0.36472126105344094,5928070
732,33,TAMIL NADU,TIRUPPATTUR,-0.08421376393694467,0.14173010380622178,0.16000000000002346,0.17937716262975786,114696.8797483218,0.0473246071350402,-0.16633602460592078,0.31009611687812383,2429659
589,33,TAMIL NADU,TIRUVALLUR,-0.005755820627364703,0.2288965782391011,0.25196462898885225,0.27613994617456933,539720.5553652031,0.1455264846022518,-0.16000000000000003,0.3839138792772011,3721243
593,33,TAMIL NADU,TIRUVANNAMALAI,-0.08421376393695343,0.20693579392537456,0.22145328719725862,0.2441522491349251,851726.8549784324,0.12042024286460279,-0.19986159169550174,0.37425605536332185,7086228
594,33,TAMIL NADU,TUTICORIN,0.038446751249519066,0.259900038446838,0.2679584775087033,0.28444444444447486,983184.3235071076,0.1832900675392606,-0.08882737408688965,0.3839138792772011,5373009
595,33,TAMIL NADU,VELLORE,-0.075355632449058,0.1599999999999675,0.17937716262979106,0.19986159169548956,149056.17413742555,0.06166032321917212,-0.1929104190695886,0.34602076124567477,2425418
596,33,TAMIL NADU,VILLUPURAM,0.024605920799691452,0.259900038446848,0.2761399461744929,0.2928719723183292,795763.8501525039,0.19009830131151875,-0.12456747404844293,0.37425605536332185,4197052
597,33,TAMIL NADU,VIRUDHUNAGAR,-0.03695684244467347,0.25196462898896266,0.2679584775087016,0.2844444444444764,793597.3777840782,0.1651218348557898,-0.186082276047674,0.3839138792772011,4816093
577,33,TAMIL NADU,KRISHNAGIRI,-0.07535563244904893,0.1301653210303431,0.1537870049980808,0.17279507881584963,293670.59065084864,0.04995229808779724,-0.186082276047674,0.31009611687812383,5891097
501,36,TELANGANA,ADILABAD,-0.14769703960016217,0.016774840950071465,0.03254133025759245,0.05173394848135353,-224432.08430243641,-0.04738979752178369,-0.3014225297962323,0.2069357939254133,4743469
507,36,TELANGANA,HYDERABAD,-0.12456747404844074,0.10340638216070405,0.1301653210303724,0.1476970396001582,420.6347379513419,0.0018768027900360194,-0.19986159169550174,0.22145328719723184,225991
508,36,TELANGANA,KARIMNAGAR,-0.09356401384082615,0.04822760476739921,0.06698961937716567,0.08882737408688654,-14965.828159117693,-0.006344699666411548,-0.21413302575932336,0.24415224913494812,2364683
690,36,TELANGANA,BHADRADRI KOTHAGUDEM,-0.16633602460592023,0.09356401384084148,0.11374086889658545,0.1358861976163058,-36259.05047486648,-0.004476410917977367,-0.2679584775086506,0.2679584775086506,8112200
512,36,TELANGANA,MAHABUBNAGAR,-0.08882737408688839,0.06698961937717142,0.08882737408688655,0.10851211072664751,19568.22267564128,0.005985068399518372,-0.2288965782391388,0.2519646289888504,3277821
692,36,TELANGANA,SIDDIPET,-0.10851211072664899,0.04822760476739953,0.07111111111111638,0.09356401384082631,-81265.21149952216,-0.018663229817731716,-0.24415224913494812,0.24415224913494812,4362172
514,36,TELANGANA,NALGONDA,-0.05911572472126369,0.12456747404847389,0.141730103806244,0.16633602460592478,459823.22793619684,0.05467020127528414,-0.2069357939254133,0.3188927335640138,8420108
516,36,TELANGANA,NIZAMABAD,-0.13588619761630363,0.04822760476739537,0.06698961937716731,0.08882737408688642,-130913.43679171582,-0.02635786243563961,-0.2519646289888504,0.2364628988850442,4973584
518,36,TELANGANA,RANGAREDDY,-0.10340638216071119,0.055363321799304054,0.07972318339101019,0.10851211072664252,-65640.99231800955,-0.011235969112487273,-0.2364628988850442,0.2761399461745483,5852435
720,36,TELANGANA,MULUGU,-0.17937716262977063,0.044844290657441055,0.07972318339101057,0.10851211072664083,-325297.9633032761,-0.06444974290787557,-0.29287197231833906,0.2679584775086506,5054976
695,36,TELANGANA,JOGULAMBA GADWAL,-0.04822760476739467,0.11909265667053075,0.14173010380622256,0.17937716262975242,160717.00463241216,0.053729297469833445,-0.17937716262975778,0.29287197231833906,2996596
699,36,TELANGANA,KUMURAM BHEEM,-0.15378700499808537,0.032541330257588326,0.04484429065744771,0.06299115724721119,-239632.4368541989,-0.04461691700688118,-0.2679584775086506,0.19986159169550174,5379788
684,36,TELANGANA,MANCHERIAL,-0.14173010380623816,0.04822760476739915,0.06698961937716569,0.08882737408688395,-155984.74884727754,-0.034243481032614716,-0.2519646289888504,0.2364628988850442,4563416
680,36,TELANGANA,NIRMAL,-0.1245674740484426,0.03844675124951657,0.0553633217993025,0.07972318339101038,-156281.8650964766,-0.03559139661270207,-0.24415224913494812,0.2288965782391388,4400168
685,36,TELANGANA,KAMAREDDY,-0.13016532103036582,0.022206843521720938,0.041584006151481195,0.06698961937716215,-180816.56641934105,-0.04101714958007708,-0.2599000384467512,0.22145328719723184,4417377
691,36,TELANGANA,SANGAREDDY,-0.12456747404846483,0.004485200278293232,0.022206843521721257,0.05536332179930922,-264692.315705281,-0.05068294233936797,-0.2364628988850442,0.2599000384467512,5234286
694,36,TELANGANA,NAGARKURNOOL,-0.12456747404846029,0.08882737408687935,0.1085121107266571,0.13016532103037282,32715.394358568632,0.004530741501717699,-0.2519646289888504,0.2761399461745483,7230954
693,36,TELANGANA,WANAPARTHY,-0.0591157247212637,0.10851211072665197,0.13588619761629703,0.18608227604768152,101479.54834306714,0.03998816045067151,-0.17279507881584008,0.29287197231833906,2543857
721,36,TELANGANA,NARAYANPET,-0.08882737408688218,0.06299115724721167,0.0842137639369515,0.10851211072664292,12056.977665359009,0.004294950802078571,-0.19986159169550174,0.2519646289888504,2813898
698,36,TELANGANA,VIKARABAD,-0.11909265667052213,0.013840830449826626,0.03254133025759218,0.055363321799308966,-182901.79216171845,-0.042203689124181494,-0.19986159169550174,0.22145328719723184,4341820
700,36,TELANGANA,MEDCHAL-MALKAJGIRI,-0.12456747404844552,0.05536332179931031,0.08882737408688933,0.12456747404843992,-32734.18582186368,-0.02598159229737792,-0.21413302575932336,0.2519646289888504,1263977
697,36,TELANGANA,YADADRI BHUVANAGIRI,-0.10340638216071205,0.059115724721253746,0.0797231833910133,0.10340638216070876,-29536.139461031536,-0.00781164187456366,-0.2364628988850442,0.2599000384467512,3788544
696,36,TELANGANA,SURYAPET,-0.048227604767398694,0.13016532103032682,0.14769703960017644,0.16633602460592292,265005.55336959084,0.06308607843573683,-0.17937716262975778,0.31009611687812383,4207558
509,36,TELANGANA,KHAMMAM,-0.10851211072664567,0.14769703960010622,0.1663360246058449,0.17937716262979964,375311.02759676427,0.06859532753823082,-0.24415224913494812,0.2679584775086506,5483474
688,36,TELANGANA,MAHABUBABAD,-0.1476970396001662,0.07972318339101606,0.0984236831987608,0.11909265667051969,-43234.26670367334,-0.010411044538580267,-0.2761399461745483,0.2761399461745483,4159758
689,36,TELANGANA,JANGAON,-0.10851211072664925,0.05911572472125242,0.07972318339101114,0.09842368319877208,-28063.000528007105,-0.009871618554664698,-0.2519646289888504,0.24415224913494812,2848930
686,36,TELANGANA,WARANGAL (URBAN),-0.1245674740484401,0.051733948481350975,0.07111111111111368,0.09356401384083016,-23638.668848381385,-0.017284763985273954,-0.2599000384467512,0.2288965782391388,1371299
522,36,TELANGANA,WARANGAL (RURAL),-0.10340638216070552,0.07111111111111909,0.08882737408688164,0.10340638216071298,6681.865318893855,0.0025450877022850016,-0.2288965782391388,0.2761399461745483,2631366
687,36,TELANGANA,JAYASHANKAR BHUPALAPALLY,-0.15378700499807935,0.05911572472126462,0.07972318339100985,0.10340638216070488,-158342.50716516495,-0.04676732344374977,-0.2679584775086506,0.24415224913494812,3392864
682,36,TELANGANA,PEDDAPALLI,-0.1245674740484396,0.04822760476739887,0.07111111111111722,0.08882737408688719,-47673.67180007121,-0.01843531781806601,-0.2364628988850442,0.2599000384467512,2590845
681,36,TELANGANA,JAGTIAL,-0.12456747404845003,0.035432525951559345,0.05536332179930865,0.0797231833910048,-102767.8592704685,-0.030182436181798184,-0.2599000384467512,0.2288965782391388,3410637
683,36,TELANGANA,RANJANNA SIRCILLA,-0.11909265667050728,0.04158400615147719,0.05911572472126154,0.08421376393694627,-44125.614503267236,-0.020724647522955185,-0.24415224913494812,0.24415224913494812,2133794
513,36,TELANGANA,MEDAK,-0.11909265667051422,0.010396001537870283,0.029773164167627493,0.059115724721262045,-137864.54494192475,-0.04272350535577485,-0.22145328719723184,0.2761399461745483,3235035
269,16,TRIPURA,DHALAI,-0.20693579392538547,-0.059115724721263974,-0.016802420264281623,0.025774027485071255,-360571.80874050164,-0.12965242120348316,-0.29287197231833906,0.21413302575932336,2787504
654,16,TRIPURA,GOMATI,-0.20693579392539002,-0.0629911572472112,-0.02977316416762802,0.005731237302054934,-256922.49649160146,-0.13039678577643415,-0.29287197231833906,0.21413302575932336,1976295
652,16,TRIPURA,KHOWAI,-0.2141330257593318,-0.04484429065743812,-0.008858131487889147,0.027128027681661206,-163264.70774374157,-0.1271409953193245,-0.3014225297962323,0.13588619761630144,1288086
270,16,TRIPURA,NORTH TRIPURA,-0.21413302575931936,-0.05536332179930666,-0.012056901191849375,0.035432525951556645,-217720.692319298,-0.13234443420277803,-0.29287197231833906,0.15378700499807765,1650811
653,16,TRIPURA,SEPAHIJALA,-0.20693579392539388,-0.051733948481351454,-0.02220684352172242,0.013840830449827118,-166405.2974797885,-0.12904650408024101,-0.28444444444444444,0.2069357939254133,1294414
271,16,TRIPURA,SOUTH TRIPURA,-0.19986159169548753,-0.05911572472126429,-0.03254133025759282,-0.00449380230201655,-220733.95405207202,-0.12434992740257148,-0.2679584775086506,0.11374086889657825,1781389
655,16,TRIPURA,UNOKOTI,-0.21413302575933396,-0.013840830449826641,0.029773164167628704,0.06698961937716427,-98192.919915314,-0.11643080839875856,-0.29287197231833906,0.186082276047674,846595
272,16,TRIPURA,WEST TRIPURA,-0.20693579392539985,-0.029773164167628423,-9.213879449125347E-4,0.029773164167627923,-126337.59154086269,-0.10973316492452907,-0.2679584775086506,0.16633602460592078,1154860
118,09,UTTAR PRADESH,AGRA,-0.10340638216070636,0.09842368319875859,0.10851211072666186,0.11909265667052296,213097.50424624275,0.04203987467582645,-0.24415224913494812,0.2519646289888504,5084762
119,09,UTTAR PRADESH,ALIGARH,-0.06698961937716158,0.07972318339101665,0.08882737408687927,0.10340638216071049,160875.5203067479,0.03433232180917022,-0.17937716262975778,0.2069357939254133,4695914
121,09,UTTAR PRADESH,AMBEDKARNAGAR,-0.08882737408688123,0.07111111111111972,0.07972318339101694,0.09356401384082565,47330.14593954135,0.016319295936624918,-0.2069357939254133,0.21413302575932336,2907631
640,09,UTTAR PRADESH,AMETHI,-0.09356401384082368,0.07972318339101662,0.08882737408687304,0.09356401384084019,48743.02624939964,0.016143408580154003,-0.2599000384467512,0.22145328719723184,3027141
154,09,UTTAR PRADESH,AMROHA,-0.09842368319876295,0.03844675124951921,0.05173394848134785,0.06698961937716175,-9032.090476454265,-0.002887503167407943,-0.2288965782391388,0.22145328719723184,3135410
122,09,UTTAR PRADESH,AURAIYA,-0.08882737408688438,0.0797231833910182,0.09356401384085201,0.10851211072665534,64103.41690598872,0.025444660894221812,-0.2364628988850442,0.22145328719723184,2525028
123,09,UTTAR PRADESH,AZAMGARH,-0.07111111111111308,0.08882737408689725,0.09356401384087414,0.10340638216072687,201734.2743353801,0.03854323466070418,-0.2519646289888504,0.2364628988850442,5243512
133,09,UTTAR PRADESH,BUDAUN,-0.055363321799309445,0.08882737408689995,0.10340638216073585,0.11374086889658849,199985.96707330088,0.03717596305359447,-0.1929104190695886,0.2364628988850442,5388312
124,09,UTTAR PRADESH,BAGHPAT,-0.05173394848135453,0.06299115724721112,0.07535563244904836,0.09356401384082673,28329.704903749083,0.016791592631531207,-0.17279507881584008,0.21413302575932336,1691561
125,09,UTTAR PRADESH,BAHRAICH,-0.13016532103036296,0.05911572472126016,0.07535563244905233,0.09356401384082486,-46724.06964995521,-0.007496586691020848,-0.2679584775086506,0.2364628988850442,6244557
126,09,UTTAR PRADESH,BALLIA,-0.07972318339100352,0.07535563244905406,0.08882737408688496,0.10851211072664461,111305.36618196897,0.03001048410059119,-0.2364628988850442,0.2288965782391388,3717530
127,09,UTTAR PRADESH,BALRAMPUR,-0.14173010380621395,0.05911572472125202,0.07111111111111931,0.08421376393695147,-46627.95849318904,-0.01109246952201382,-0.2679584775086506,0.21413302575932336,4212204
128,09,UTTAR PRADESH,BANDA,-0.08421376393694731,0.075355632449046,0.08421376393696621,0.09356401384084781,158781.01380120032,0.028851352817354504,-0.2288965782391388,0.21413302575932336,5516307
129,09,UTTAR PRADESH,BARABANKI,-0.11374086889657409,0.05173394848134607,0.06299115724721115,0.07972318339100512,-28146.110570680994,-0.005849893451226128,-0.24415224913494812,0.2288965782391388,4821092
130,09,UTTAR PRADESH,BAREILLY,-0.07972318339100976,0.07535563244904897,0.0888273740868845,0.10340638216071961,80728.29863606206,0.015444709102835094,-0.22145328719723184,0.21413302575932336,5236856
131,09,UTTAR PRADESH,BASTI,-0.08882737408688335,0.07535563244905198,0.08421376393696459,0.09842368319876824,57981.89950904737,0.016648148826963565,-0.24415224913494812,0.2364628988850442,3489747
179,09,UTTAR PRADESH,BHADOHI,-0.066989619377162,0.07972318339102037,0.0888273740868881,0.09842368319876733,43077.525411008166,0.03437710042455442,-0.186082276047674,0.1929104190695886,1258326
132,09,UTTAR PRADESH,BIJNOR,-0.08882737408688535,0.04822760476738948,0.059115724721254,0.0753556324490535,31170.19428440236,0.0052924087585272395,-0.22145328719723184,0.21413302575932336,5897437
134,09,UTTAR PRADESH,BULANDSHAHR,-0.07535563244905975,0.07535563244906317,0.08882737408688404,0.09842368319877207,118826.86020550394,0.026656012858193582,-0.2069357939254133,0.2288965782391388,4465675
135,09,UTTAR PRADESH,CHANDAULI,-0.14173010380622375,0.08421376393697551,0.09356401384087049,0.10340638216072691,55376.26677278806,0.017622555474259106,-0.28444444444444444,0.22145328719723184,3149762
136,09,UTTAR PRADESH,CHITRAKOOT,-0.1358861976163253,0.07535563244904869,0.08421376393696818,0.09356401384083253,3705.458959748622,9.412321935947025E-4,-0.2364628988850442,0.21413302575932336,3947058
137,09,UTTAR PRADESH,DEORIA,-0.0797231833910035,0.08421376393695969,0.09356401384085578,0.10340638216071517,117729.99014662218,0.03725962257994649,-0.2288965782391388,0.24415224913494812,3167421
140,09,UTTAR PRADESH,AYODHYA,-0.10851211072664384,0.055363321799302354,0.07111111111111781,0.08421376393694469,-20932.586003992026,-0.006237381537014443,-0.22145328719723184,0.24415224913494812,3363207
138,09,UTTAR PRADESH,ETAH,-0.06698961937716227,0.08882737408688016,0.0984236831987587,0.11374086889658182,103938.33162713185,0.03410754171372727,-0.21413302575932336,0.2069357939254133,3057112
139,09,UTTAR PRADESH,ETAWAH,-0.11374086889657581,0.07535563244905603,0.08882737408689072,0.09842368319876847,20991.75754387516,0.007224095925845715,-0.24415224913494812,0.2069357939254133,2912455
141,09,UTTAR PRADESH,FARRUKHABAD,-0.09356401384082483,0.07535563244904771,0.08882737408688529,0.10340638216070863,26468.90831792846,0.009662323425825244,-0.2288965782391388,0.22145328719723184,2746061
142,09,UTTAR PRADESH,FATEHPUR,-0.08882737408688512,0.07111111111110992,0.07972318339101676,0.08882737408688536,93898.44396617486,0.018160649001226294,-0.22145328719723184,0.21413302575932336,5179341
143,09,UTTAR PRADESH,FIROZABAD,-0.08882737408688311,0.0888273740868962,0.09842368319875101,0.10851211072665398,102303.17206501334,0.033705555703486524,-0.24415224913494812,0.1929104190695886,3043033
144,09,UTTAR PRADESH,GAUTAMBUDHNAGAR,-0.0984236831987661,0.08882737408687386,0.09842368319877363,0.11374086889657563,46691.189139867754,0.026045198436634172,-0.1929104190695886,0.24415224913494812,1799130
146,09,UTTAR PRADESH,GAZIPUR,-0.06698961937716144,0.07535563244906,0.08421376393696525,0.09356401384082362,138145.61959031373,0.033025922189617925,-0.2364628988850442,0.21413302575932336,4191005
145,09,UTTAR PRADESH,GHAZIABAD,-0.09356401384082394,0.06299115724721126,0.07972318339100885,0.10340638216070587,9621.261617445623,0.008294372471394607,-0.2069357939254133,0.24415224913494812,1164347
147,09,UTTAR PRADESH,GONDA,-0.11374086889657438,0.048227604767394926,0.06299115724721116,0.07972318339100919,-46421.11349777627,-0.009306478943219988,-0.2364628988850442,0.2288965782391388,4997607
148,09,UTTAR PRADESH,GORAKHPUR,-0.07972318339100545,0.10340638216073976,0.11374086889659739,0.13016532103037623,210224.94874935516,0.050575295628528305,-0.2364628988850442,0.2519646289888504,4167218
149,09,UTTAR PRADESH,HAMIRPUR,-0.09356401384082444,0.08421376393697255,0.09356401384084961,0.09842368319876761,140318.21691159712,0.029074698982271184,-0.2599000384467512,0.21413302575932336,4836349
661,09,UTTAR PRADESH,HAPUR,-0.07972318339100617,0.06698961937717322,0.07972318339101442,0.09356401384082344,26978.998261643184,0.01899086870951565,-0.1929104190695886,0.2288965782391388,1425629
150,09,UTTAR PRADESH,HARDOI,-0.10340638216070654,0.07111111111111446,0.08421376393696098,0.09842368319875623,68579.04977742615,0.0091221448173675,-0.24415224913494812,0.22145328719723184,7529334
163,09,UTTAR PRADESH,HATHRAS,-0.06299115724721148,0.07535563244905746,0.08882737408688185,0.10340638216071196,67499.4941536575,0.03009106036415731,-0.17937716262975778,0.2069357939254133,2250134
151,09,UTTAR PRADESH,JALAUN,-0.09356401384082366,0.08421376393697355,0.09356401384085741,0.10340638216072412,183492.94953803084,0.03236053248218402,-0.24415224913494812,0.19986159169550174,5680240
152,09,UTTAR PRADESH,JAUNPUR,-0.08882737408688579,0.07111111111111364,0.0797231833910182,0.08882737408688926,104725.71124263213,0.02095448730890541,-0.2599000384467512,0.17279507881584008,5008032
153,09,UTTAR PRADESH,JHANSI,-0.10340638216070626,0.07972318339099124,0.0888273740868815,0.10340638216071885,122155.29887639797,0.019671375837606538,-0.2761399461745483,0.19986159169550174,6229627
155,09,UTTAR PRADESH,KANNAUJ,-0.07972318339100505,0.06299115724721115,0.07972318339101211,0.09842368319876947,20422.13778410661,0.007801990491936382,-0.2069357939254133,0.2069357939254133,2623727
157,09,UTTAR PRADESH,KANPUR,-0.09842368319876514,0.06299115724723248,0.07535563244905429,0.08421376393694802,47209.28021080674,0.01264232470466299,-0.2288965782391388,0.2069357939254133,3743531
156,09,UTTAR PRADESH,KANPUR DEHAT,-0.08421376393694906,0.07111111111112056,0.07972318339101736,0.08882737408687887,85953.44765536657,0.021846754494380075,-0.19986159169550174,0.19986159169550174,3941798
633,09,UTTAR PRADESH,KASGANJ,-0.0842137639369461,0.0711111111111191,0.08882737408688805,0.10851211072665026,43697.57095269995,0.017697588940661965,-0.2069357939254133,0.24415224913494812,2475748
158,09,UTTAR PRADESH,KAUSHAMBI,-0.07535563244905812,0.07535563244907045,0.0842137639369637,0.09356401384082241,61651.92138483412,0.027862075239602793,-0.19986159169550174,0.21413302575932336,2218096
159,09,UTTAR PRADESH,KHERI,-0.14173010380623405,0.032541330257590755,0.051733948481348956,0.07972318339100377,-252161.17317571343,-0.02593169274865155,-0.2519646289888504,0.2288965782391388,9738027
160,09,UTTAR PRADESH,KUSHINAGAR,-0.1085121107266408,0.07111111111111919,0.08421376393696155,0.09842368319877094,-11871.592497518463,-0.003301921910984019,-0.2364628988850442,0.22145328719723184,3604253
161,09,UTTAR PRADESH,LALITPUR,-0.1417301038062337,0.06299115724723604,0.07535563244906414,0.08882737408688512,-14097.739708350462,-0.0022758564868862532,-0.2761399461745483,0.2364628988850442,6203252
162,09,UTTAR PRADESH,LUCKNOW,-0.14173010380622042,0.05911572472125795,0.07111111111111879,0.0888273740868901,-62894.2639306833,-0.01988538158960931,-0.2679584775086506,0.22145328719723184,3170059
165,09,UTTAR PRADESH,MAHOBA,-0.09842368319876475,0.07535563244906593,0.08421376393696303,0.09356401384082447,92234.39831237312,0.02286129657006658,-0.2679584775086506,0.1929104190695886,4045255
166,09,UTTAR PRADESH,MAINPURI,-0.0711111111111138,0.08882737408687708,0.10340638216073475,0.11374086889659078,103367.65694514112,0.030097261220468265,-0.1929104190695886,0.2069357939254133,3441554
167,09,UTTAR PRADESH,MATHURA,-0.05911572472126334,0.09356401384087903,0.10340638216073697,0.11909265667051691,210382.34247636358,0.050024158302522576,-0.1929104190695886,0.2364628988850442,4213749
168,09,UTTAR PRADESH,MAU,-0.07535563244905953,0.08421376393696865,0.09356401384083778,0.1034063821607116,79294.8329848268,0.036782920988740586,-0.2679584775086506,0.2288965782391388,2161729
169,09,UTTAR PRADESH,MEERUT,-0.08421376393694723,0.051733948481345514,0.0669896193771696,0.08421376393694566,39777.09293107593,0.01202551758239548,-0.186082276047674,0.24415224913494812,3314219
170,09,UTTAR PRADESH,MIRZAPUR,-0.11374086889657355,0.07535563244907656,0.08882737408688804,0.1034063821607035,72530.5957075555,0.013341336012492424,-0.2519646289888504,0.21413302575932336,5447558
171,09,UTTAR PRADESH,MORADABAD,-0.07535563244905301,0.055363321799298607,0.06698961937717259,0.07972318339101107,26242.187235486886,0.010574729369374248,-0.19986159169550174,0.186082276047674,2489342
172,09,UTTAR PRADESH,MUZAFFARNAGAR,-0.07535563244905658,0.044844290657448965,0.055363321799305,0.07111111111111386,24256.947868064028,0.006921077348648785,-0.22145328719723184,0.2069357939254133,3511799
173,09,UTTAR PRADESH,PILIBHIT,-0.14769703960017425,0.06299115724721112,0.07972318339101178,0.09356401384082502,-53232.42002551738,-0.011141935857524016,-0.2599000384467512,0.21413302575932336,4788939
174,09,UTTAR PRADESH,PRATAPGARH,-0.09842368319876549,0.0711111111111202,0.07972318339101736,0.0888273740868766,55721.37215470636,0.012104220504801344,-0.2599000384467512,0.21413302575932336,4613609
175,09,UTTAR PRADESH,RAIBEARELI,-0.09356401384082523,0.0711111111111093,0.08421376393696314,0.09356401384082982,76554.2263437099,0.0156664910186019,-0.22145328719723184,0.21413302575932336,4896223
176,09,UTTAR PRADESH,RAMPUR,-0.07111111111111476,0.0797231833910183,0.09356401384084172,0.10340638216072535,77516.07299731424,0.02574143119064264,-0.17937716262975778,0.2288965782391388,3018922
177,09,UTTAR PRADESH,SAHARANPUR,-0.15378700499808948,0.051733948481344605,0.06299115724721653,0.07972318339100973,-2623.8047688117595,-5.485602937352602E-4,-0.2679584775086506,0.21413302575932336,4790695
659,09,UTTAR PRADESH,SAMBHAL,-0.04822760476739459,0.07535563244905653,0.08421376393696697,0.09842368319876993,84282.23489789425,0.027361626479106532,-0.16633602460592078,0.21413302575932336,3088314
178,09,UTTAR PRADESH,SANTKABIRNAGAR,-0.07972318339100587,0.09356401384084892,0.10340638216072368,0.11374086889657427,91650.28156834593,0.044682108577625654,-0.2519646289888504,0.21413302575932336,2058853
180,09,UTTAR PRADESH,SHAHJAHANPUR,-0.08882737408688374,0.08882737408688901,0.0984236831987512,0.10851211072665716,119964.07813701525,0.022013672610210113,-0.2288965782391388,0.24415224913494812,5462736
660,09,UTTAR PRADESH,SHAMLI,-0.05911572472126362,0.05911572472125522,0.07111111111111727,0.08421376393694403,26425.019960295747,0.01632080055816077,-0.16633602460592078,0.2288965782391388,1623202
181,09,UTTAR PRADESH,SHRAWASTI,-0.11909265667052464,0.07972318339101933,0.08882737408686746,0.09842368319876245,22402.156764436342,0.00920708962961737,-0.2069357939254133,0.22145328719723184,2439319
182,09,UTTAR PRADESH,SIDDHARTHNAGAR,-0.07535563244905921,0.08882737408688646,0.0935640138408659,0.10340638216072132,159536.32947600208,0.04391649242117768,-0.2069357939254133,0.21413302575932336,3640380
183,09,UTTAR PRADESH,SITAPUR,-0.11909265667051637,0.02712802768166343,0.04484429065744237,0.06299115724721126,-196004.6694991959,-0.027150282973897447,-0.24415224913494812,0.2069357939254133,7230057
184,09,UTTAR PRADESH,SONBHADRA,-0.15378700499808282,0.06299115724723878,0.07972318339098912,0.09842368319876062,-258817.9455553754,-0.030669273372890063,-0.28444444444444444,0.28444444444444444,8450002
185,09,UTTAR PRADESH,SULTANPUR,-0.10340638216070555,0.06299115724723162,0.07535563244905791,0.08421376393695124,15607.003054445331,0.004691016612838371,-0.2364628988850442,0.186082276047674,3335749
186,09,UTTAR PRADESH,UNNAO,-0.11374086889659185,0.07535563244905373,0.08421376393696452,0.09356401384083422,76921.7311468975,0.013490468633659533,-0.2364628988850442,0.22145328719723184,5712341
187,09,UTTAR PRADESH,VARANASI,-0.07535563244905896,0.07972318339101699,0.08882737408687828,0.10340638216071855,61736.39316204192,0.032602339030275596,-0.2288965782391388,0.2288965782391388,1899363
120,09,UTTAR PRADESH,PRAYAGRAJ,-0.0935640138408253,0.0711111111110993,0.07972318339101851,0.09356401384082343,147540.29092544154,0.02184010722810347,-0.2364628988850442,0.2519646289888504,6766620
164,09,UTTAR PRADESH,MAHARAJGANJ,-0.15999999999999606,0.08882737408689732,0.09842368319873934,0.10340638216073036,64112.85478884449,0.017360372796536266,-0.2519646289888504,0.22145328719723184,3700747
045,05,UTTARAKHAND,ALMORA,-0.1860822760476977,-0.027128027681660654,-0.006839083285850138,0.013840830449826804,-364245.7667623513,-0.0902160829412791,-0.2679584775086506,0.16633602460592078,4045433
046,05,UTTARAKHAND,BAGESHWAR,-0.1860822760476954,0.10851211072665179,0.15378700499808576,0.1998615916954894,-148749.31083781394,-0.05171145863059517,-0.2679584775086506,0.3188927335640138,2883079
048,05,UTTARAKHAND,CHAMPAWAT,-0.19986159169548692,-0.04484429065743795,-0.02113402428194573,0.009637299807961065,-244985.54862104368,-0.10836884438432114,-0.2761399461745483,0.2364628988850442,2266165
049,05,UTTARAKHAND,DEHRADUN,-0.20693579392539962,0.0016914210022734425,0.025856422404747406,0.05536332179930852,-335062.8578551222,-0.08359525079833446,-0.29287197231833906,0.21413302575932336,4018513
050,05,UTTARAKHAND,HARIDWAR,-0.1929104190696009,0.04822760476738665,0.059115724721256514,0.07535563244905197,-60210.05719882919,-0.0204450888446616,-0.3188927335640138,0.24415224913494812,2950783
051,05,UTTARAKHAND,NAINITAL,-0.17937716262977543,0.006826033028767432,0.038446751249520385,0.06698961937716184,-368236.07950336597,-0.07216177975714352,-0.2761399461745483,0.2069357939254133,5111706
052,05,UTTARAKHAND,PAURI GARHWAL,-0.18608227604769637,-0.016815117770923288,0.0016772777937601399,0.025862464900814165,-586169.4798296075,-0.08633774813470875,-0.3014225297962323,0.22145328719723184,6797764
054,05,UTTARAKHAND,RUDRAPRAYAG,-0.17937716262976677,0.14173010380623208,0.17937716262978884,0.20693579392539416,-52815.69989541457,-0.020539143648367886,-0.2679584775086506,0.29287197231833906,2576527
055,05,UTTARAKHAND,TEHRI GARHWAL,-0.19986159169548687,0.041584006151481064,0.11374086889657363,0.17279507881584918,-348323.3676137867,-0.0689179985216014,-0.3014225297962323,0.29287197231833906,5065420
056,05,UTTARAKHAND,UDHAM SINGH NAGAR,-0.11909265667051579,0.07972318339101328,0.09356401384085168,0.10340638216072195,30964.470687401543,0.009090631603296278,-0.2599000384467512,0.2364628988850442,3417188
047,05,UTTARAKHAND,CHAMOLI,-0.14769703960017413,0.17937716262983103,0.20693579392537811,0.2288965782391152,483923.6095180118,0.04782196041192546,-0.2599000384467512,0.31009611687812383,10130102
053,05,UTTARAKHAND,PITHORAGARH,-0.18608227604768524,0.16633602460583888,0.1929104190695661,0.22145328719721633,194050.06254828454,0.020817935444908165,-0.28444444444444444,0.31009611687812383,9333695
057,05,UTTARAKHAND,UTTARKASHI,-0.18608227604770627,0.17937716262982548,0.1998615916954833,0.2214532871972171,412493.5415682462,0.03974903665112942,-0.31009611687812383,0.31009611687812383,10391325
664,19,WEST BENGAL,ALIPUR DUAR,-0.17937716262979242,0.016780536798654544,0.0369102021316668,0.059115724721264015,-207342.70635619198,-0.05936578728261883,-0.3014225297962323,0.2288965782391388,3499191
305,19,WEST BENGAL,BANKURA,-0.15378700499807596,0.001674318741897843,0.0210543290750031,0.041584006151481126,-496036.2101381398,-0.05934707477808575,-0.2761399461745483,0.2288965782391388,8367774
306,19,WEST BENGAL,PURBA BARDDHAMAN,-0.10340638216071257,0.035432525951555285,0.05173394848134669,0.06698961937716769,-115639.61851117952,-0.01825534020551932,-0.22145328719723184,0.2069357939254133,6345416
307,19,WEST BENGAL,BIRBHUM,-0.11909265667051391,0.029773164167630616,0.04484429065744354,0.05911572472126437,-151945.4011011583,-0.027348306451698095,-0.2288965782391388,0.1929104190695886,5568338
310,19,WEST BENGAL,DAKSHIN DINAJPUR,-0.12456747404844899,0.03543252595155936,0.04484429065744891,0.05911572472126404,-65330.32055059726,-0.023672491247754605,-0.24415224913494812,0.19986159169550174,2766684
309,19,WEST BENGAL,DARJILING,-0.22889657823912127,-0.02977316416762707,-0.005828892666181585,0.016773835383702793,-292415.09571657627,-0.11404856524864952,-0.31009611687812383,0.19986159169550174,2570580
317,19,WEST BENGAL,PURBA MEDINIPUR,-0.11909265667051758,0.022206843521720723,0.038446751249521544,0.059115724721264314,-173349.43016452083,-0.03636604422823053,-0.2288965782391388,0.21413302575932336,4774369
313,19,WEST BENGAL,HAORA,-0.11909265667051283,0.03844675124952143,0.05536332179930948,0.0753556324490593,-47681.887718708735,-0.026870208143981698,-0.2069357939254133,0.2069357939254133,1779421
312,19,WEST BENGAL,HUGLI,-0.10851211072664202,0.05911572472124933,0.07111111111111855,0.08882737408689159,-21999.13576792574,-0.005756809272263057,-0.2069357939254133,0.22145328719723184,3830421
314,19,WEST BENGAL,JALPAIGURI,-0.15378700499808803,0.029773164167629425,0.05173394848134816,0.07972318339100394,-217180.09256726637,-0.05070025933716259,-0.2679584775086506,0.2364628988850442,4291724
308,19,WEST BENGAL,KOCH BIHAR,-0.10851211072664647,0.04484429065744786,0.05911572472126514,0.0797231833910069,-76217.60051647108,-0.01816555584834699,-0.2069357939254133,0.2288965782391388,4209471
315,19,WEST BENGAL,KOLKATA,-0.11909265667051447,0.07111111111111351,0.08421376393694838,0.10340638216070865,151.53903292073204,6.765080443811998E-4,-0.2069357939254133,0.19986159169550174,225875
316,19,WEST BENGAL,MALDAH,-0.16633602460590424,0.032541330257592226,0.05173394848134916,0.07111111111111507,-199145.32336211062,-0.045017601166548515,-0.2519646289888504,0.19986159169550174,4432769
319,19,WEST BENGAL,MURSHIDABAD,-0.13588619761630666,0.01384083044982687,0.03254133025759266,0.0517339484813543,-263329.76341650065,-0.04025221671855155,-0.2364628988850442,0.2288965782391388,6553296
320,19,WEST BENGAL,NADIA,-0.1245674740484512,0.004473669358305539,0.01993079584775202,0.03844675124952011,-199118.10913546197,-0.042006319578652564,-0.2288965782391388,0.17937716262975778,4752532
303,19,WEST BENGAL,NORTH TWENTY-FOUR PARGANAS,-0.13016532103037165,0.0325413302575911,0.05536332179930698,0.07535563244905351,-155526.5727636829,-0.03208247528786388,-0.21413302575932336,0.21413302575932336,4858451
318,19,WEST BENGAL,PASCHIM MEDINIPUR,-0.13016532103036302,0.01993079584775265,0.04158400615148122,0.05911572472126486,-325937.50327326136,-0.04300600085777729,-0.2364628988850442,0.2069357939254133,7589470
321,19,WEST BENGAL,PURULIYA,-0.17279507881584977,-0.005817530726030905,0.009636726605542868,0.02580122170171224,-491745.39407209284,-0.06467385291828859,-0.3188927335640138,0.2069357939254133,7614827
304,19,WEST BENGAL,SOUTH TWENTY-FOUR PARGANAS,-0.15378700499804335,0.03543252595155464,0.05536332179930612,0.07535563244905222,-396694.09379501623,-0.04294952689929245,-0.2364628988850442,0.186082276047674,9269362
311,19,WEST BENGAL,UTTAR DINAJPUR,-0.130165321030371,0.013840830449826572,0.027128027681662,0.04158400615148109,-147874.11922539823,-0.03802379747297878,-0.2364628988850442,0.16000000000000003,3902218
703,19,WEST BENGAL,JHARGRAM,-0.1537870049980831,0.013840830449827625,0.03254133025759177,0.05173394848135194,-217566.37074180084,-0.05814193484840762,-0.28444444444444444,0.19986159169550174,3751531
704,19,WEST BENGAL,PASCHIM BARDDHAMAN,-0.15999999999999637,-0.008858131487889456,0.012056901191849014,0.03254133025759334,-158077.9971930048,-0.07169171341063028,-0.28444444444444444,0.186082276047674,2210746
702,19,WEST BENGAL,KALIMPONG,-0.22889657823913045,-0.08421376393696023,-0.06698961937716887,-0.041584006151480966,-199743.43650713004,-0.1458997132092728,-0.29287197231833906,0.17279507881584008,1372509
