di_code,st_code,state23,dist23,A25_p2,A25_p90,A25_p95,A25_p98,A25_sum,A25_mean,A25_min,A25_max,A25_count
603,35,ANDAMAN & NICOBAR,NICOBAR,-0.2288965782391435,0.0210837568674579,0.05911572472126116,0.10851211072664439,-191776.16990691592,-0.09559969011808025,-0.3014225297962323,0.31009611687812383,2020602
632,35,ANDAMAN & NICOBAR,NORTH & MIDDLE ANDAMAN,-0.21413302575932983,-0.016814955226955572,0.009643214078217279,0.041584006151480744,-393229.9035134523,-0.09897597533549277,-0.3278123798539023,0.2679584775086506,4003957
602,35,ANDAMAN & NICOBAR,SOUTH ANDAMAN,-0.21413302575932977,0.0016742312346304032,0.044844290657438765,0.08882737408688965,-254543.94230797497,-0.08796491460515807,-0.3188927335640138,0.31009611687812383,2916597
502,28,ANDHRA PRADESH,ANANTAPUR,-0.11909265667052431,0.08882737408688024,0.11374086889658508,0.14173010380623396,106627.43618140693,0.004759811981942114,-0.2679584775086506,0.28444444444444444,22430270
503,28,ANDHRA PRADESH,CHITTOOR,-0.07972318339100701,0.1537870049980191,0.18608227604768837,0.21413302575929907,1141696.7128193725,0.06620237937301873,-0.29287197231833906,0.41362552864282975,17269415
504,28,ANDHRA PRADESH,Y S R KADAPA,-0.08882737408688489,0.13016532103033968,0.1537870049980644,0.17937716262977674,785526.6280276865,0.04435695214747893,-0.29287197231833906,0.3278123798539023,17724326
505,28,ANDHRA PRADESH,EAST GODAVARI,-0.1358861976163213,0.22145328719720203,0.24415224913506234,0.2761399461745106,1201539.6730181924,0.07949391818385376,-0.2519646289888504,0.40359861591695495,15133939
506,28,ANDHRA PRADESH,GUNTUR,-0.03693250883463576,0.19291041906954992,0.22145328719720814,0.2441522491349277,1484203.4019713001,0.1117906615732686,-0.2519646289888504,0.37425605536332185,13291974
510,28,ANDHRA PRADESH,KRISHNA,-0.05911572472126254,0.21413302575926993,0.23646289888500255,0.25196462898884464,1230759.8151430676,0.12054828595885778,-0.21413302575932336,0.40359861591695495,10225813
511,28,ANDHRA PRADESH,KURNOOL,-0.11374086889657975,0.09356401384085287,0.1190926566705264,0.1476970396001684,99994.87495682591,0.004957852720275276,-0.2519646289888504,0.29287197231833906,20185908
515,28,ANDHRA PRADESH,POTTI SRIRAMULU NELLORE,-0.09356401384084174,0.2141330257592313,0.23646289888501745,0.2679584775086759,1719713.3925355014,0.11276368202548159,-0.22145328719723184,0.41362552864282975,15263341
517,28,ANDHRA PRADESH,PRAKASAM,-0.08882737408688998,0.16633602460585387,0.19986159169548398,0.22889657823911416,1344008.9013489685,0.06575002881307043,-0.2519646289888504,0.3839138792772011,20457221
519,28,ANDHRA PRADESH,SRIKAKULAM,-0.06299115724721141,0.1727950788158055,0.19291041906956205,0.21413302575931287,613497.0031566682,0.08914714955300257,-0.2069357939254133,0.34602076124567477,6895077
520,28,ANDHRA PRADESH,VISAKHAPATNAM,-0.13016532103036768,0.17279507881574813,0.19291041906953968,0.22145328719721244,614921.6350196558,0.045233531708835914,-0.29287197231833906,0.36472126105344094,13613577
521,28,ANDHRA PRADESH,VIZIANAGARAM,-0.07972318339100691,0.1663360246058456,0.18608227604768532,0.20693579392539152,613085.6576408944,0.0846738964952056,-0.2679584775086506,0.36472126105344094,7256513
523,28,ANDHRA PRADESH,WEST GODAVARI,-0.0842137639369547,0.2288965782390952,0.2599000384468017,0.27613994617452864,1251600.0284285655,0.12876945318530703,-0.22145328719723184,0.39369473279507883,9731922
628,12,ARUNACHAL PRADESH,ANJAW,-0.23646289888500488,-0.015747789311802818,0.01574778931180284,0.04484429065743967,-882418.9074481239,-0.11606433094250065,-0.33685505574778934,0.16000000000000003,7611073
229,12,ARUNACHAL PRADESH,CHANGLANG,-0.22145328719720875,0.05173394848135009,0.09356401384084449,0.11909265667052758,-511270.77958069317,-0.0822593663761616,-0.3188927335640138,0.2599000384467512,6227191
230,12,ARUNACHAL PRADESH,DIBANG VALLEY,-0.22145328719720844,0.009652112281283872,0.04484429065743912,0.07535563244905318,-1171446.8307825422,-0.0960612168536741,-0.3278123798539023,0.17279507881584008,12207130
231,12,ARUNACHAL PRADESH,EAST KAMENG,-0.24415224913492528,-0.04158400615148126,-0.01300135396761785,0.021072447365470124,-713895.711165413,-0.128625284978602,-0.33685505574778934,0.2069357939254133,5558425
233,12,ARUNACHAL PRADESH,KURUNG KUMEY,-0.2441522491349273,-0.02220684352172096,0.008858131487889291,0.038446751249519705,-664733.1586095272,-0.11840511229064665,-0.3278123798539023,0.15378700499807765,5621269
234,12,ARUNACHAL PRADESH,LOHIT,-0.2364628988850368,0.051733948481347644,0.07972318339101483,0.10851211072664735,-328613.9791592522,-0.08523061235376765,-0.3278123798539023,0.24415224913494812,3863405
235,12,ARUNACHAL PRADESH,LOWER DIBANG VALLEY,-0.22145328719721535,0.07535563244906192,0.09842368319875525,0.12456747404845546,-305253.88858696306,-0.06808775585120938,-0.3188927335640138,0.2519646289888504,4491587
237,12,ARUNACHAL PRADESH,PAPUMPARE,-0.23646289888500222,0.009642907019157845,0.05173394848135085,0.09842368319876879,-449216.35592080135,-0.1038665816187911,-0.3278123798539023,0.2679584775086506,4333778
238,12,ARUNACHAL PRADESH,TAWANG,-0.22145328719721816,-0.012056901191848664,0.008858131487889212,0.029773164167628645,-316827.6308871849,-0.10240651702255948,-0.33685505574778934,0.16000000000000003,3100277
239,12,ARUNACHAL PRADESH,TIRAP,-0.19986159169548726,0.04158400615148117,0.07111111111111458,0.0984236831987714,-85138.25437862627,-0.057875577676789886,-0.28444444444444444,0.24415224913494812,1474824
240,12,ARUNACHAL PRADESH,UPPER SIANG,-0.22889657823911366,-0.016811639537182347,0.016783465144423516,0.0553633217993068,-915714.337908547,-0.10734870337880918,-0.3188927335640138,0.1929104190695886,8540336
241,12,ARUNACHAL PRADESH,UPPER SUBANSIRI,-0.23646289888502176,-0.00966991570267439,0.025870650769483052,0.05911572472126328,-895483.6530648301,-0.1090703937132054,-0.3278123798539023,0.2599000384467512,8220067
242,12,ARUNACHAL PRADESH,WEST KAMENG,-0.24415224913493117,-0.012993858093863699,0.016786657195611232,0.04822760476739446,-683546.4612410533,-0.11076242917126239,-0.33685505574778934,0.2288965782391388,6178998
719,12,ARUNACHAL PRADESH,LOWER SIANG,-0.19986159169548967,0.01039600153787025,0.03543252595155715,0.07111111111111039,-177428.76922253447,-0.07762038433763473,-0.28444444444444444,0.21413302575932336,2292082
236,12,ARUNACHAL PRADESH,LOWER SUBANSIRI,-0.23646289888506025,-0.021114911485695373,0.00574601518317601,0.03691806356089429,-282364.933963377,-0.11551177123911104,-0.3188927335640138,0.186082276047674,2449933
679,12,ARUNACHAL PRADESH,SIANG,-0.22145328719721533,-0.005808125230562268,0.025875989694417182,0.059115724721262766,-440735.5312657589,-0.10072905043625899,-0.31009611687812383,0.2519646289888504,4383418
243,12,ARUNACHAL PRADESH,WEST SIANG,-0.2288965782391424,0.03694786933763551,0.07111111111111638,0.1034063821607038,-125524.30748253285,-0.07441992980649483,-0.31009611687812383,0.28444444444444444,1691102
725,12,ARUNACHAL PRADESH,SHI YOMI,-0.23646289888505603,-0.009680617070132793,0.025871842275274677,0.059115724721263065,-342324.74653899414,-0.10289255557764902,-0.3188927335640138,0.186082276047674,3331997
724,12,ARUNACHAL PRADESH,LEPA RADA,-0.21413302575933083,0.021096640625506216,0.05536332179930695,0.08882737408688966,-74819.24405240027,-0.07731002103881784,-0.29287197231833906,0.2519646289888504,970650
723,12,ARUNACHAL PRADESH,PAKKE KESSANG,-0.22145328719721707,0.00169669928055112,0.03691770753634283,0.0753556324490595,-223541.1477752782,-0.093401627600288,-0.31009611687812383,0.2519646289888504,2399368
677,12,ARUNACHAL PRADESH,KRA DAADI,-0.23646289888503322,-0.037016210792734414,-0.0168238817034311,0.012955944989609718,-270526.44465045165,-0.12162943419148317,-0.3278123798539023,0.1929104190695886,2229870
678,12,ARUNACHAL PRADESH,NAMSAI,-0.13588619761630108,0.11909265667052898,0.13588619761632806,0.153787004998086,47627.68706214958,0.02817845092463145,-0.2679584775086506,0.2519646289888504,1693784
718,12,ARUNACHAL PRADESH,KAMLE,-0.22889657823913648,-0.025940156065370167,0.001683387220897745,0.03690904262344286,-194865.48159800842,-0.11214095166244287,-0.31009611687812383,0.2288965782391388,1742339
232,12,ARUNACHAL PRADESH,EAST SIANG,-0.1793771626297645,0.10340638216072612,0.13016532103037823,0.15999999999999925,-28478.636221862187,-0.013414772962105291,-0.2761399461745483,0.2679584775086506,2127307
666,12,ARUNACHAL PRADESH,LONGDING,-0.17279507881584819,0.055363321799308085,0.07535563244905238,0.09842368319877207,-43505.35169753193,-0.03716227734710893,-0.2679584775086506,0.2069357939254133,1174145
616,18,ASSAM,BAKSA,-0.025895147570387363,0.19986159169548348,0.22145328719721952,0.23646289888505811,377994.17715190037,0.12410413904138752,-0.1929104190695886,0.3188927335640138,3055457
280,18,ASSAM,BARPETA,-0.0797231833910116,0.2288965782390974,0.24415224913494663,0.25990003844675685,368098.8515328166,0.12914370222163865,-0.12456747404844293,0.3278123798539023,2859045
705,18,ASSAM,BISWANATH,-0.11909265667051616,0.17279507881584977,0.1860822760477074,0.2069357939253957,227826.19131976258,0.08210264148738838,-0.21413302575932336,0.29287197231833906,2780367
281,18,ASSAM,BONGAIGAON,-0.08882737408688404,0.2288965782391132,0.24415224913492853,0.25990003844677717,171961.5645835487,0.12357750110146877,-0.13588619761630144,0.3278123798539023,1397646
282,18,ASSAM,CACHAR,-0.15378700499808468,0.15378700499804993,0.18608227604770888,0.2141330257593052,128072.93712542129,0.027533154836688237,-0.2679584775086506,0.31009611687812383,4659875
708,18,ASSAM,CHARAIDEO,-0.05911572472126102,0.15999999999998948,0.17279507881584974,0.1860822760476911,117028.63174994895,0.09223791013492515,-0.1929104190695886,0.28444444444444444,1273387
612,18,ASSAM,CHIRANG,-0.0368948417626592,0.1929104190695845,0.2141330257592958,0.23646289888504066,251939.35130416747,0.10549571218289013,-0.17937716262975778,0.33685505574778934,2393821
283,18,ASSAM,DARRANG,-0.09356401384082373,0.22145328719724172,0.2364628988850116,0.2519646289888447,229194.52734662563,0.11614787584862786,-0.14173010380622836,0.33685505574778934,1980527
284,18,ASSAM,DHEMAJI,-0.14769703960015232,0.16000000000000994,0.17937716262977166,0.19291041906957823,228557.91549145384,0.07325997835045851,-0.2599000384467512,0.31009611687812383,3127982
285,18,ASSAM,DHUBRI,-0.07535563244905423,0.21413302575928467,0.2288965782391251,0.24415224913493505,248970.1077860589,0.12070079798109852,-0.13016532103037293,0.3278123798539023,2073149
286,18,ASSAM,DIBRUGARH,-0.1600000000000027,0.1599999999999577,0.17937716262980755,0.19986159169548773,236311.55443734128,0.05566061009117197,-0.22145328719723184,0.31009611687812383,4254504
299,18,ASSAM,DIMA HASAO,-0.16000000000000467,0.0711111111111192,0.0888273740868764,0.11374086889658218,-108462.1432199087,-0.017982653209600956,-0.28444444444444444,0.2599000384467512,6041285
287,18,ASSAM,GOALPARA,-0.07535563244905043,0.2141330257593067,0.2288965782391324,0.251964628988845,291830.9163251808,0.12018175307730966,-0.13016532103037293,0.33685505574778934,2434900
288,18,ASSAM,GOLAGHAT,-0.09842368319876425,0.17279507881583467,0.18608227604770727,0.19986159169548748,410378.26282634743,0.10211442089639114,-0.186082276047674,0.31009611687812383,4029611
289,18,ASSAM,HAILAKANDI,-0.08882737408688549,0.18608227604771177,0.2069357939253827,0.22889657823913562,117658.18965936721,0.07217229153070802,-0.21413302575932336,0.3278123798539023,1635070
709,18,ASSAM,HOJAI,-0.05173394848135472,0.1929104190695935,0.2141330257593272,0.23646289888505803,170493.08910770674,0.09435850607382018,-0.186082276047674,0.3188927335640138,1811736
290,18,ASSAM,JORHAT,-0.07535563244905955,0.17279507881581108,0.18608227604770794,0.20693579392539763,233394.80309806784,0.10018461347997684,-0.2069357939254133,0.29287197231833906,2335717
618,18,ASSAM,KAMRUP METRO,-0.055363321799307086,0.22145328719720672,0.2364628988850281,0.25990003844676857,136280.06154095504,0.11280812570066968,-0.16000000000000003,0.34602076124567477,1212134
291,18,ASSAM,KAMRUP RURAL,-0.07111111111111344,0.2214532871972308,0.2364628988850334,0.25990003844675746,476702.997748554,0.12281863591046734,-0.1929104190695886,0.34602076124567477,3891403
292,18,ASSAM,KARBI ANGLONG,-0.14769703960017214,0.11374086889660193,0.13588619761632537,0.16000000000000225,107370.36211819979,0.011792043687390416,-0.2599000384467512,0.31009611687812383,9120022
293,18,ASSAM,KARIMGANJ,-0.03691290468892323,0.21413302575926496,0.2288965782391113,0.25196462898884475,247164.86752244402,0.11110028102590895,-0.16633602460592078,0.33685505574778934,2229526
294,18,ASSAM,KOKRAJHAR,-0.027128027681660307,0.17937716262981557,0.19986159169548445,0.2214532871972023,408002.37985119194,0.10539152405955432,-0.16000000000000003,0.33685505574778934,3879174
295,18,ASSAM,LAKHIMPUR,-0.12456747404843886,0.1727950788158513,0.19291041906958814,0.20693579392539177,356529.7280357647,0.09491278890470516,-0.2288965782391388,0.31009611687812383,3763908
706,18,ASSAM,MAJULI,-0.16000000000001277,0.1600000000000041,0.17937716262978867,0.1998615916954902,21512.31942999029,0.013534158439806394,-0.21413302575932336,0.28444444444444444,1595085
296,18,ASSAM,MARIGAON,-0.08882737408688572,0.22145328719720034,0.2364628988850075,0.2519646289888447,228207.58583608398,0.12136364807587607,-0.14769703960015382,0.34602076124567477,1884753
297,18,ASSAM,NAGAON,-0.051733948481353216,0.20693579392537909,0.22145328719722265,0.2441522491349256,397586.07244824205,0.12385231968954671,-0.19986159169550174,0.3278123798539023,3221993
298,18,ASSAM,NALBARI,-0.06299115724721129,0.2141330257592685,0.2288965782391219,0.2441522491349352,176524.57566768394,0.13559396743084792,-0.1085121107266436,0.3188927335640138,1306375
300,18,ASSAM,SIBSAGAR,-0.07972318339100412,0.1793771626297968,0.1929104190696026,0.21413302575933005,204176.45763552256,0.10005618808629389,-0.186082276047674,0.31009611687812383,2046198
301,18,ASSAM,SONITPUR,-0.10851211072664933,0.17937716262981732,0.19986159169548423,0.22145328719721763,304754.05404036975,0.08115645481048911,-0.22145328719723184,0.31009611687812383,3761187
707,18,ASSAM,SOUTH SALMARA MANCACHAR,-0.07972318339100648,0.22145328719721713,0.24415224913493283,0.2599000384467659,65383.80572035932,0.09403069238372393,-0.11374086889657825,0.3278123798539023,699403
302,18,ASSAM,TINSUKIA,-0.14173010380621887,0.1599999999999677,0.17279507881584574,0.19291041906958376,346812.7994333546,0.07229995644978716,-0.2599000384467512,0.3014225297962323,4805197
617,18,ASSAM,UDALGURI,-0.03254133025759353,0.1929104190695601,0.2141330257593084,0.22889657823914025,299089.11756507686,0.11886465044266473,-0.17279507881584008,0.3278123798539023,2524545
710,18,ASSAM,WEST KARBI ANGLONG,-0.10851211072663856,0.11909265667052514,0.13588619761632123,0.16000000000001893,126851.61185128769,0.033291969916356114,-0.24415224913494812,0.28444444444444444,3818912
188,10,BIHAR,ARARIA,0.1358861976162988,0.267958477508701,0.28444444444447653,0.29287197231831996,739536.2144188561,0.21317300213474022,-0.041584006151480196,0.37425605536332185,3476505
611,10,BIHAR,ARWAL,0.004491518714125683,0.2599000384467914,0.2761399461745279,0.3014225297962389,148721.22153426908,0.18909736602540086,-0.11909265667051133,0.37425605536332185,790200
189,10,BIHAR,AURANGABAD,0.038446751249519726,0.22889657823910492,0.2519646289888605,0.2761399461745409,694232.8525446886,0.17082266945827915,-0.11909265667051133,0.36472126105344094,4071463
190,10,BIHAR,BANKA,0.005842569052658875,0.21413302575923307,0.23646289888500374,0.259900038446779,526049.193328249,0.14136078444332928,-0.17937716262975778,0.34602076124567477,3727975
191,10,BIHAR,BEGUSARAI,-0.055363321799306565,0.26795847750870455,0.2844444444444794,0.30142252979618067,422267.70939006726,0.17756836061074244,-0.13016532103037293,0.40359861591695495,2385201
200,10,BIHAR,KAIMUR,-0.005725750667314021,0.20693579392537947,0.24415224913492414,0.26795847750867624,543523.1991490386,0.1310130434258111,-0.15378700499807765,0.37425605536332185,4155971
192,10,BIHAR,BHAGALPUR,-0.03254133025759172,0.24415224913494527,0.26795847750868607,0.2844444444444713,506268.4503895627,0.1604929030125459,-0.1085121107266436,0.37425605536332185,3161985
193,10,BIHAR,BHOJPUR,0.005769363618559241,0.2519646289888488,0.2761399461745588,0.2928719723183531,517853.6516975075,0.17534450050883874,-0.13016532103037293,0.37425605536332185,2959033
194,10,BIHAR,BUXAR,0.07111111111110918,0.2441522491349256,0.26795847750867197,0.28444444444446465,355188.00190477056,0.1689573056711229,-0.13588619761630144,0.39369473279507883,2107650
195,10,BIHAR,DARBHANGA,0.12456747404843968,0.2761399461744937,0.29287197231833906,0.3100961168780991,660240.0305539945,0.2111412411365347,-0.04822760476739715,0.39369473279507883,3135810
196,10,BIHAR,GAYA,0.012056901191849297,0.22889657823909676,0.251964628988891,0.26795847750868496,950839.0882207769,0.15580189094488334,-0.13016532103037293,0.36472126105344094,6114662
197,10,BIHAR,GOPALGANJ,0.08882737408688965,0.2761399461744649,0.29287197231834744,0.3100961168780988,529803.0693522028,0.20885256535226315,-0.09356401384083046,0.3839138792772011,2543564
199,10,BIHAR,JAHANABAD,0.11909265667051037,0.25990003844674653,0.2844444444444693,0.3014225297962229,232442.17138504906,0.20117628695553305,-0.07111111111111111,0.3839138792772011,1159636
198,10,BIHAR,JAMUI,-0.021037783521162715,0.18608227604767247,0.21413302575929338,0.24415224913493302,402396.9493487744,0.10557642780474957,-0.16000000000000003,0.3553094963475586,3819342
201,10,BIHAR,KATIHAR,-0.02712802768166008,0.2519646289889622,0.26795847750869817,0.2844444444444736,673835.4419327528,0.17898612452722812,-0.08882737408688965,0.36472126105344094,3773694
202,10,BIHAR,KHAGARIA,0.00885813148788917,0.25990003844676485,0.2844444444444718,0.30142252979621725,338380.85902720573,0.1833738721321443,-0.09356401384083046,0.3839138792772011,1851170
203,10,BIHAR,KISHANGANJ,0.0088581314878892,0.236462898885067,0.2519646289888988,0.26795847750867874,409161.11549017415,0.1704126975996144,-0.09842368319876971,0.3553094963475586,2408235
204,10,BIHAR,LAKHISARAI,0.006850492541142419,0.21413302575929619,0.23646289888506,0.25990003844675696,210964.2406369021,0.14017816122413265,-0.13016532103037293,0.34602076124567477,1509373
205,10,BIHAR,MADHEPURA,0.14173010380623083,0.29287197231835366,0.30142252979623074,0.3188927335640492,528326.846272291,0.2357934897333682,-0.07535563244905807,0.3839138792772011,2247230
206,10,BIHAR,MADHUBANI,0.10851211072664219,0.2679584775087069,0.284444444444479,0.3014225297961841,901909.7962236953,0.20677913295190345,-0.07972318339100345,0.39369473279507883,4370352
207,10,BIHAR,MUNGER,-0.051733948481352016,0.21413302575929777,0.2441522491349265,0.26795847750866986,210063.11208331297,0.1206417793194113,-0.11909265667051133,0.34602076124567477,1746408
208,10,BIHAR,MUZAFFARPUR,0.13016532103036962,0.30142252979613104,0.3188927335640294,0.32781237985387446,944398.3399017518,0.23904280324002164,-0.03844675124951941,0.41362552864282975,3958875
209,10,BIHAR,NALANDA,0.06299115724721144,0.25196462898890426,0.2679584775086868,0.28444444444447076,542366.3404352295,0.18562595796882755,-0.11909265667051133,0.37425605536332185,2929383
210,10,BIHAR,NAWADA,0.001717893254466317,0.21413302575925877,0.23646289888501937,0.2599000384467733,429819.9692167823,0.1402939180074843,-0.14173010380622836,0.36472126105344094,3071041
211,10,BIHAR,PASHCHIMI CHAMPARAN,-0.029773164167627694,0.2679584775087102,0.2844444444444099,0.30142252979624645,1165903.8430757734,0.17797809686164046,-0.16000000000000003,0.40359861591695495,6560379
212,10,BIHAR,PATNA,-0.029773164167628322,0.267958477508703,0.28444444444447886,0.30142252979618034,717064.8639487528,0.18162185338424924,-0.12456747404844293,0.42377547097270285,3959090
213,10,BIHAR,PURBI CHAMPARAN,0.12456747404844042,0.29287197231842194,0.31009611687817434,0.32781237985391404,1122746.6964736644,0.2264678968076162,-0.05911572472126105,0.42377547097270285,4966698
214,10,BIHAR,PURNIA,0.10851211072664635,0.2679584775087061,0.2844444444444792,0.3014225297961832,848045.485600459,0.2118938282846107,-0.07535563244905807,0.37425605536332185,4010639
215,10,BIHAR,ROHTAS,-0.016768952362367143,0.22889657823911183,0.2519646289888446,0.27613994617454957,698991.272449945,0.14759401782399398,-0.14769703960015382,0.3839138792772011,4743839
216,10,BIHAR,SAHARSA,0.01384083044982686,0.28444444444444084,0.30142252979622275,0.3100961168780981,452696.71909879823,0.21895329944206318,-0.08882737408688965,0.37425605536332185,2073256
217,10,BIHAR,SAMASTIPUR,0.0629911572472118,0.2844444444444128,0.30142252979626727,0.31889273356405856,725329.6115571327,0.21898424244963496,-0.11909265667051133,0.3839138792772011,3321029
218,10,BIHAR,SARAN,-0.02977316416762818,0.2928719723184026,0.3100961168781478,0.3188927335640645,660660.7692146834,0.20166209250783992,-0.13588619761630144,0.4340484429065744,3282541
219,10,BIHAR,SHEIKHPURA,0.0711111111111101,0.2288965782391254,0.2519646289888448,0.2679584775086436,142330.823331915,0.1701656557981365,-0.1085121107266436,0.34602076124567477,840498
220,10,BIHAR,SHEOHAR,0.13588619761630133,0.29287197231831846,0.3014225297961946,0.31889273356403186,124328.40404734893,0.22454919108886634,-0.017777777777777778,0.39369473279507883,556991
221,10,BIHAR,SITAMARHI,0.13588619761629722,0.2761399461745057,0.29287197231831874,0.3100961168781031,583135.9504541461,0.2134500012296835,-0.024605920799692427,0.3839138792772011,2739355
222,10,BIHAR,SIWAN,0.09842368319876647,0.2844444444443679,0.29287197231841855,0.3100961168781252,570606.1457186294,0.2067060491196894,-0.11374086889657825,0.39369473279507883,2766570
223,10,BIHAR,SUPAUL,-0.012056901191849103,0.284444444444401,0.3014225297962467,0.3100961168781281,652231.5496809393,0.21653904766197174,-0.09842368319876971,0.39369473279507883,3018897
224,10,BIHAR,VAISHALI,-0.0369373952088875,0.292871972318421,0.3100961168781337,0.3188927335640649,536938.5563573685,0.2126855942449884,-0.11909265667051133,0.40359861591695495,2529599
044,04,CHANDIGARH,CHANDIGARH,0.08421376393694743,0.2928719723183567,0.310096116878111,0.3188927335640226,34533.268165752714,0.23216630959583276,-0.01384083044982699,0.36472126105344094,150026
646,22,CHHATTISGARH,BALOD,-0.055363321799308376,0.14769703960017735,0.16633602460588745,0.1860822760477016,304377.09004370775,0.07566050313206663,-0.21413302575932336,0.31009611687812383,4030747
644,22,CHHATTISGARH,BALODA BAZAR,-0.048227604767395044,0.14769703960017083,0.17279507881585024,0.19291041906959105,395934.2723545236,0.0706453144526397,-0.19986159169550174,0.3188927335640138,5614038
649,22,CHHATTISGARH,BALRAMPUR,-0.07111111111111526,0.10340638216073544,0.11909265667052771,0.1417301038062403,323511.7168338895,0.042357303478440946,-0.2288965782391388,0.2761399461745483,7650578
374,22,CHHATTISGARH,BASTAR,-0.10340638216071185,0.07972318339101693,0.10340638216072554,0.12456747404845661,57006.450373116815,0.008932207178344802,-0.2519646289888504,0.2519646289888504,6393305
650,22,CHHATTISGARH,BEMETARA,0.02220684352172242,0.17279507881584802,0.19291041906959125,0.20693579392539838,327084.71260218543,0.12159255113124054,-0.11909265667051133,0.3188927335640138,2697016
636,22,CHHATTISGARH,BIJAPUR,-0.08421376393694685,0.07972318339101328,0.0935640138408423,0.10851211072664893,255249.52921543518,0.023380731674314575,-0.22145328719723184,0.2519646289888504,10931393
375,22,CHHATTISGARH,BILASPUR,-0.04484429065743839,0.1793771626298115,0.19986159169548484,0.22145328719720048,400478.70641608,0.09371581572685857,-0.186082276047674,0.3188927335640138,4282196
734,22,CHHATTISGARH,GAURELA-PENDRA-MARWAHI,-0.05911572472126358,0.11909265667052453,0.13588619761631093,0.15999999999999778,120738.1933463907,0.04999576903997392,-0.186082276047674,0.29287197231833906,2420209
376,22,CHHATTISGARH,DAKSHIN BASTAR DANTEWADA,-0.09842368319876756,0.07972318339101751,0.0984236831987686,0.11374086889657384,57067.44297356732,0.01714938723370675,-0.28444444444444444,0.24415224913494812,3336766
377,22,CHHATTISGARH,DHAMTARI,-0.06698961937716272,0.14769703960017785,0.17279507881585113,0.19986159169548584,302564.9970698812,0.06207085090370841,-0.17937716262975778,0.3278123798539023,4882863
378,22,CHHATTISGARH,DURG,9.189571531992026E-4,0.18608227604768984,0.20693579392538516,0.22145328719721039,320114.00122714706,0.11633063908275162,-0.11909265667051133,0.3188927335640138,2758101
645,22,CHHATTISGARH,GARIYABAND,-0.0753556324490577,0.12456747404847006,0.15378700499803297,0.17937716262979395,269989.01303300494,0.04675873848715148,-0.2288965782391388,0.33685505574778934,5784384
379,22,CHHATTISGARH,JANJGIR - CHAMPA,-0.021073975513277325,0.18608227604771616,0.2069357939253835,0.22145328719723198,623277.8743399844,0.11535816335777885,-0.186082276047674,0.3188927335640138,5413703
380,22,CHHATTISGARH,JASHPUR,-0.07535563244905187,0.10340638216073629,0.12456747404846796,0.14173010380622966,262949.7832254384,0.03711469656978886,-0.2069357939254133,0.2679584775086506,7094864
382,22,CHHATTISGARH,KABIRDHAM,-0.04484429065743808,0.15378700499800163,0.1727950788157304,0.18608227604763175,405792.74131950457,0.08027278442562251,-0.17279507881584008,0.31009611687812383,5063228
381,22,CHHATTISGARH,UTTAR BASTAR KANKER,-0.07972318339100908,0.0984236831987476,0.11909265667052746,0.14173010380620987,281201.34399056644,0.032875847911221875,-0.2288965782391388,0.2679584775086506,8566278
643,22,CHHATTISGARH,KONDAGAON,-0.07972318339100522,0.07535563244905692,0.08882737408688561,0.10851211072664316,115391.82246250792,0.019149768851102877,-0.24415224913494812,0.2364628988850442,6035251
383,22,CHHATTISGARH,KORBA,-0.09356401384082513,0.10851211072666112,0.12456747404846498,0.15378700499806952,333371.7865113142,0.04180301212678119,-0.2288965782391388,0.2761399461745483,7984432
384,22,CHHATTISGARH,KOREA,-0.07972318339100917,0.08421376393696041,0.10340638216072186,0.12456747404844967,187907.61334179196,0.023388420927714395,-0.22145328719723184,0.28444444444444444,8044955
385,22,CHHATTISGARH,MAHASAMUND,-0.024605920799692687,0.15999999999997375,0.17937716262980222,0.19986159169548715,543592.394982471,0.09551485419985288,-0.16633602460592078,0.31009611687812383,5701522
647,22,CHHATTISGARH,MUNGELI,-0.07535563244905628,0.15378700499801615,0.17279507881583678,0.19986159169549042,233839.79201547604,0.0698189964383072,-0.186082276047674,0.3188927335640138,3357558
637,22,CHHATTISGARH,NARAINPUR,-0.09842368319876602,0.05911572472125085,0.07535563244904712,0.08882737408688421,1516.2299529409709,3.279237206977489E-4,-0.2364628988850442,0.22145328719723184,4632332
386,22,CHHATTISGARH,RAIGARH,-0.04484429065743828,0.16633602460582964,0.18608227604766422,0.20693579392538422,746650.7437600038,0.08795379191111166,-0.2069357939254133,0.3188927335640138,8502955
387,22,CHHATTISGARH,RAIPUR,-0.024605920799692815,0.17937716262980444,0.19986159169548479,0.22145328719721347,318665.9409839336,0.0915600237106782,-0.17937716262975778,0.3188927335640138,3486230
388,22,CHHATTISGARH,RAJ NANDGAON,-0.038446751249519885,0.14769703960011213,0.1663360246058575,0.1860822760477039,767569.5540894713,0.07948908423055341,-0.186082276047674,0.31009611687812383,9670842
642,22,CHHATTISGARH,SUKMA,-0.09356401384082721,0.08882737408687419,0.09842368319876513,0.11374086889657366,199025.93496252017,0.030877102721611406,-0.2679584775086506,0.2599000384467512,6458280
648,22,CHHATTISGARH,SURAJPUR,-0.0711111111111151,0.10851211072666025,0.12456747404846556,0.14769703960016384,275307.40575077554,0.04149328279312095,-0.21413302575932336,0.2761399461745483,6646511
389,22,CHHATTISGARH,SURGUJA,-0.07111111111111451,0.10851211072666006,0.12456747404846058,0.1476970396001582,204902.69119480866,0.042201762174761306,-0.21413302575932336,0.2679584775086506,4864080
463,38,DADRA & NAGAR HAVELI & DAMAN & DIU,DAMAN,-0.07972318339100418,0.1727950788158428,0.18608227604767166,0.20693579392541195,6943.171307083951,0.08152332636868644,-0.11909265667051133,0.2599000384467512,86148
464,38,DADRA & NAGAR HAVELI & DAMAN & DIU,DIU,-0.09356401384083017,0.19986159169549997,0.21413302575932383,0.22889657823913886,4903.466381768945,0.10619329818177993,-0.19986159169550174,0.3014225297962323,47012
465,38,DADRA & NAGAR HAVELI & DAMAN & DIU,DADRA & NAGAR HAVELI,-0.08421376393694582,0.130165321030367,0.1476970396001475,0.17279507881584635,25822.318699621956,0.04427536626356377,-0.17279507881584008,0.2599000384467512,587628
077,07,DELHI,CENTRAL,0.07972318339100329,0.3014225297962059,0.31009611687811084,0.3278123798539091,31667.863955056997,0.23398908190384776,-0.003014225297962322,0.39369473279507883,137139
078,07,DELHI,EAST,0.13016532103037298,0.2928719723183373,0.3014225297962375,0.31889273356401315,9687.140748703152,0.2420871664133118,0.041584006151480196,0.36472126105344094,40526
079,07,DELHI,NEW DELHI,0.10340638216070672,0.29287197231832507,0.31009611687812616,0.3188927335640078,47286.73739468674,0.23777317985101504,-5.536332179930795E-4,0.37425605536332185,200534
080,07,DELHI,NORTH,0.0935640138408313,0.29287197231834006,0.3100961168781238,0.318892733564015,77289.2031615188,0.20822225298703606,-0.04822760476739715,0.40359861591695495,373407
081,07,DELHI,NORTH EAST,0.07111111111111092,0.3014225297962376,0.318892733564019,0.3278123798538983,10810.413297571278,0.2410386287009169,0.004982698961937716,0.3839138792772011,45774
082,07,DELHI,NORTH WEST,0.09356401384083167,0.3014225297962054,0.3188927335640083,0.3368550557477819,41285.56499613183,0.21136536550752322,0.022206843521722412,0.40359861591695495,197251
671,07,DELHI,SHAHADRA,0.11909265667051133,0.30142252979623785,0.3100961168781269,0.3278123798538984,10531.247322493995,0.24057164437184364,-0.0015378700499807767,0.39369473279507883,44424
083,07,DELHI,SOUTH,0.13016532103037465,0.28444444444446737,0.3014225297962317,0.3100961168781119,46559.59555198608,0.23029425027990202,-0.003936947327950788,0.37425605536332185,203572
084,07,DELHI,SOUTH WEST,0.0935640138408284,0.29287197231836,0.3100961168781049,0.3278123798539011,72313.65299922468,0.20098728360468004,-0.0015378700499807767,0.39369473279507883,362148
085,07,DELHI,WEST,0.1137408688965779,0.3014225297961998,0.31009611687811717,0.32781237985390566,39585.46251368326,0.23683560357914082,-0.004982698961937716,0.39369473279507883,168657
670,07,DELHI,SOUTH EAST,0.09842368319876962,0.30142252979623746,0.3100961168781269,0.31889273356401665,30841.66339812291,0.23931792035603874,0.041584006151480196,0.3839138792772011,130060
551,30,GOA,NORTH GOA,-0.1358861976162976,0.09842368319877082,0.12456747404845699,0.14769703960015793,17500.496027394463,0.008656014095601966,-0.3014225297962323,0.2599000384467512,2026943
552,30,GOA,SOUTH GOA,-0.15378700499807846,0.08421376393695418,0.10851211072664542,0.1417301038062347,-26796.30530397821,-0.011842400766330197,-0.31009611687812383,0.2679584775086506,2268792
673,24,GUJARAT,MORBI,-0.07535563244905348,0.1301653210303585,0.1663360246059233,0.19986159169548923,229240.99350150573,0.03799051910124777,-0.21413302575932336,0.31009611687812383,6044416
438,24,GUJARAT,AHMADABAD,-0.07111111111111781,0.16633602460588526,0.19291041906957862,0.22145328719721766,567888.4668714807,0.0647680709520606,-0.17937716262975778,0.3278123798539023,8784863
440,24,GUJARAT,ANAND,-0.07972318339101757,0.19291041906952514,0.21413302575926565,0.22889657823912335,400951.3092170431,0.10456298475231215,-0.17279507881584008,0.3278123798539023,3842291
674,24,GUJARAT,DEVBHUMI DWARKA,-0.09356401384082595,0.11909265667051616,0.15378700499808404,0.1929104190695785,124382.19103250616,0.024816447937379228,-0.22145328719723184,0.31009611687812383,5023982
447,24,GUJARAT,JAMNAGAR,-0.08882737408688485,0.09842368319876385,0.13588619761631324,0.17279507881584827,92267.71523745616,0.01292287715852139,-0.2519646289888504,0.3014225297962323,7153837
449,24,GUJARAT,KACHCHH,-0.16633602460582853,0.13016532103033313,0.1599999999999901,0.1860822760477022,-712940.1298900319,-0.014375913199850095,-0.2519646289888504,0.3278123798539023,49630741
443,24,GUJARAT,BHAVNAGAR,-0.07972318339101281,0.13016532103034806,0.16000000000001516,0.19291041906959455,381757.0460928041,0.047012120040483885,-0.186082276047674,0.31009611687812383,8129986
442,24,GUJARAT,BHARUCH,-0.04484429065744118,0.17279507881585118,0.19291041906958636,0.21413302575933232,532058.741743612,0.08976508383283117,-0.16000000000000003,0.3278123798539023,5942322
459,24,GUJARAT,SURAT,-0.05173394848135204,0.19291041906953735,0.20693579392537942,0.2214532871972071,574837.8844574098,0.11070162600401086,-0.19986159169550174,0.3278123798539023,5202601
453,24,GUJARAT,NAVSARI,-0.06698961937716162,0.1727950788158035,0.18608227604770675,0.20693579392539102,251789.7140641626,0.09559623560112897,-0.22145328719723184,0.29287197231833906,2640202
462,24,GUJARAT,VALSAD,-0.09842368319877028,0.13588619761634663,0.1537870049980339,0.17279507881585013,183073.60091994324,0.0520915453876065,-0.22145328719723184,0.29287197231833906,3524114
672,24,GUJARAT,ARAVALLI,-0.05911572472126309,0.13016532103034675,0.15378700499808817,0.1793771626297581,226492.24268150717,0.05906319157666624,-0.2288965782391388,0.3014225297962323,3843076
441,24,GUJARAT,BANAS KANTHA,-0.0629911572472114,0.1358861976163334,0.16000000000000217,0.18608227604769323,889678.2020970123,0.06750221263136826,-0.2288965782391388,0.3278123798539023,13197838
668,24,GUJARAT,CHHOTA UDEPUR,-0.0935640138408251,0.1301653210303418,0.14769703960017275,0.17279507881584966,212229.8917883786,0.0508994943699076,-0.21413302575932336,0.29287197231833906,4179280
445,24,GUJARAT,DAHOD,-0.07111111111111466,0.10340638216073028,0.1245674740484576,0.14173010380623965,163471.60684410384,0.03704536260522056,-0.19986159169550174,0.29287197231833906,4420485
444,24,GUJARAT,DANGS,-0.1417301038062394,0.027128027681660297,0.04484429065743765,0.06299115724721129,-78023.56821337283,-0.03698022305570648,-0.2761399461745483,0.21413302575932336,2115144
675,24,GUJARAT,GIR SOMNATH,-0.0711111111111103,0.10851211072665297,0.13588619761629697,0.16633602460592434,125011.540792648,0.0395437686177905,-0.21413302575932336,0.3014225297962323,3168667
448,24,GUJARAT,JUNAGADH,-0.08421376393694939,0.07111111111111837,0.10340638216071575,0.14173010380623485,42490.94430534751,0.005767428077806049,-0.24415224913494812,0.28444444444444444,7380122
669,24,GUJARAT,MAHISAGAR,-0.06698961937716619,0.13588619761634083,0.15378700499807146,0.1727950788158489,202683.3000860347,0.06645908230216388,-0.16633602460592078,0.31009611687812383,3057162
452,24,GUJARAT,NARMADA,-0.11374086889659259,0.12456747404846469,0.1476970396001702,0.17279507881584905,110756.41585332417,0.0326949029860969,-0.2364628988850442,0.3014225297962323,3395262
454,24,GUJARAT,PANCH MAHALS,-0.05173394848135461,0.147697039600161,0.17279507881585052,0.19291041906961312,324396.19904554565,0.0816299277557242,-0.186082276047674,0.31009611687812383,3982812
458,24,GUJARAT,SABAR KANTHA,-0.0753556324490548,0.12456747404846501,0.14769703960016764,0.1727950788158489,284352.6648449318,0.054933646360209705,-0.2364628988850442,0.31009611687812383,5187838
641,24,GUJARAT,TAPI,-0.1358861976163116,0.1358861976163454,0.15378700499804704,0.17279507881584993,139254.87780080392,0.03702541115008931,-0.2288965782391388,0.2761399461745483,3771978
461,24,GUJARAT,VADODARA,-0.00885813148788922,0.1860822760476745,0.19986159169548398,0.2214532871972129,576743.1901933221,0.11681525883567562,-0.15378700499807765,0.3188927335640138,4946678
439,24,GUJARAT,AMRELI,-0.07111111111111619,0.07972318339101382,0.11374086889657384,0.1476970396001529,82477.06524981889,0.00939936859236585,-0.17937716262975778,0.29287197231833906,8788427
456,24,GUJARAT,PORBANDAR,-0.09356401384082791,0.1034063821607196,0.13588619761630705,0.17279507881584635,49323.120793254646,0.017741817817069874,-0.21413302575932336,0.3014225297962323,2788240
457,24,GUJARAT,RAJKOT,-0.07972318339100694,0.0888273740868816,0.12456747404845221,0.16633602460591831,113998.50879037376,0.012309586891612124,-0.2364628988850442,0.29287197231833906,9279397
460,24,GUJARAT,SURENDRANAGAR,-0.06299115724721129,0.11374086889658218,0.14769703960016106,0.1860822760476871,390746.7670475537,0.035177368266512236,-0.19986159169550174,0.31009611687812383,11127032
676,24,GUJARAT,BOTAD,-0.04158400615148104,0.10851211072664796,0.14173010380623924,0.17937716262975253,119795.79717234228,0.0400917577901548,-0.13016532103037293,0.29287197231833906,2995174
450,24,GUJARAT,KHEDA,-0.0026387938722948795,0.18608227604771177,0.19986159169548437,0.22145328719723392,484590.6529524795,0.11624012581098145,-0.14173010380622836,0.3278123798539023,4177913
451,24,GUJARAT,MAHESANA,-0.012951053792962913,0.15378700499806403,0.17279507881585054,0.19986159169548895,466159.0039629602,0.08662000649519168,-0.186082276047674,0.3278123798539023,5393193
446,24,GUJARAT,GANDHINAGAR,-0.005702549457653815,0.1727950788158511,0.19291041906959655,0.214133025759332,250768.64101817022,0.098146738184262,-0.17279507881584008,0.3278123798539023,2563098
455,24,GUJARAT,PATAN,-0.08421376393694621,0.14173010380621592,0.17279507881585,0.19986159169549034,417638.6717856409,0.05919048911530542,-0.21413302575932336,0.3188927335640138,7069966
058,06,HARYANA,AMBALA,0.07535563244905905,0.25990003844674253,0.2928719723182983,0.31889273356405223,316570.5622091118,0.16188307596756743,-0.07111111111111111,0.41362552864282975,1963507
059,06,HARYANA,BHIWANI,0.08421376393694571,0.23646289888503763,0.27613994617453264,0.3100961168781292,677982.640671929,0.1619217577268058,-0.07111111111111111,0.42377547097270285,4194676
060,06,HARYANA,FARIDABAD,0.0842137639369474,0.26795847750869717,0.28444444444447536,0.31009611687813055,177266.7551691489,0.1881607278188558,-0.024605920799692427,0.40359861591695495,945230
061,06,HARYANA,FATEHABAD,0.08882737408688883,0.21413302575931195,0.2599000384467625,0.3100961168781191,489343.46203800605,0.1510294627324995,-0.017777777777777778,0.42377547097270285,3246738
062,06,HARYANA,GURUGRAM,0.08882737408688221,0.27613994617454746,0.29287197231828677,0.3188927335640367,301837.92700057244,0.19055822010911969,-0.041584006151480196,0.40359861591695495,1589083
063,06,HARYANA,HISAR,0.07972318339100672,0.228896578239119,0.2679584775086784,0.3100961168780977,803997.4929333497,0.15445171818998485,-0.041584006151480196,0.41362552864282975,5213950
064,06,HARYANA,JHAJJAR,0.08421376393694413,0.25196462898884464,0.2928719723183475,0.32781237985388345,388134.5007669062,0.1643739642746451,-0.029773164167627833,0.41362552864282975,2367667
065,06,HARYANA,JIND,0.08421376393695283,0.21413302575933288,0.2679584775086571,0.31009611687811867,505693.4658949048,0.14466480402287038,-0.019930795847750864,0.41362552864282975,3503951
066,06,HARYANA,KAITHAL,0.09356401384084921,0.22889657823912762,0.2844444444444694,0.3188927335640327,436005.29437393195,0.14919762672554712,-5.536332179930795E-4,0.42377547097270285,2929802
067,06,HARYANA,KARNAL,0.08421376393695067,0.22889657823912207,0.2679584775086723,0.3100961168781272,476897.7896001876,0.14998949428927583,-0.05173394848135333,0.41362552864282975,3186602
068,06,HARYANA,KURUKSHETRA,0.08882737408689141,0.24415224913492536,0.2844444444444709,0.31889273356404024,340956.01852653775,0.15794374279748835,-0.01574778931180315,0.42377547097270285,2164099
069,06,HARYANA,MAHENDRAGARH,0.09356401384082556,0.25990003844677223,0.2844444444444715,0.3188927335640172,455753.83200762555,0.18622141202696482,-0.14769703960015382,0.40359861591695495,2455293
604,06,HARYANA,MEWAT,0.07535563244905959,0.25196462898884475,0.2844444444444634,0.31889273356402437,316857.0745011312,0.16559368203583658,-0.05536332179930796,0.42377547097270285,1920287
619,06,HARYANA,PALWAL,0.09356401384082431,0.2519646289888444,0.29287197231834966,0.32781237985388906,290943.2072808947,0.16930906204107157,-0.03543252595155709,0.42377547097270285,1723336
070,06,HARYANA,PANCHKULA,-0.005769772346665193,0.22145328719721494,0.24415224913493191,0.27613994617453624,151074.38605713323,0.13234656224342012,-0.13016532103037293,0.37425605536332185,1145979
071,06,HARYANA,PANIPAT,0.07972318339100544,0.25196462898884464,0.2844444444444627,0.3100961168781128,266412.1395735351,0.1598636549108334,-0.05536332179930796,0.41362552864282975,1670732
072,06,HARYANA,REWARI,0.1034063821607198,0.259900038446741,0.292871972318324,0.3278123798538895,359179.1300989302,0.18266652026175564,-0.03844675124951941,0.41362552864282975,1972079
073,06,HARYANA,ROHTAK,0.07535563244904793,0.2519646289888447,0.2928719723182995,0.3278123798539208,321582.9026934741,0.15127581714021288,-0.017777777777777778,0.41362552864282975,2130843
074,06,HARYANA,SIRSA,0.08882737408688655,0.22145328719720847,0.2679584775086722,0.3014225297962065,853573.1873547242,0.15578553248105545,-0.041584006151480196,0.4444444444444444,5487960
075,06,HARYANA,SONIPAT,0.07535563244905237,0.244152249134928,0.2844444444444675,0.31889273356402964,425510.70357001113,0.15302299601586797,-0.044844290657439445,0.41362552864282975,2786505
076,06,HARYANA,YAMUNANAGAR,0.044844290657438494,0.251964628988865,0.27613994617453613,0.3100961168781173,377678.1292750107,0.17012644918852549,-0.11374086889657825,0.41362552864282975,2225647
701,06,HARYANA,CHARKHI DADRI,0.09842368319877483,0.2519646289888446,0.2928719723183595,0.31889273356402525,317211.2819519243,0.18058114349925614,-0.07111111111111111,0.41362552864282975,1761774
015,02,HIMACHAL PRADESH,BILASPUR,-0.05536332179931019,0.21413302575927418,0.22889657823912146,0.2519646289888449,187124.57857145203,0.12295177039731807,-0.17937716262975778,0.34602076124567477,1527049
016,02,HIMACHAL PRADESH,CHAMBA,-0.14769703960016758,0.09842368319876468,0.13016532103036094,0.16000000000001108,-69965.85573384882,-0.00811406150253731,-0.2761399461745483,0.3014225297962323,8634536
017,02,HIMACHAL PRADESH,HAMIRPUR,9.398713254423693E-4,0.20693579392537956,0.22145328719720905,0.23646289888505975,195077.80394730042,0.133560867350745,-0.13016532103037293,0.3278123798539023,1464411
018,02,HIMACHAL PRADESH,KANGRA,-0.12456747404845521,0.21413302575921794,0.23646289888502783,0.2599000384467824,687355.5785773064,0.09099538007168084,-0.2599000384467512,0.39369473279507883,7565612
020,02,HIMACHAL PRADESH,KULLU,-0.16633602460592506,0.07535563244904435,0.09842368319877198,0.11909265667051125,-206893.51530285508,-0.028724832502169773,-0.2679584775086506,0.28444444444444444,7211360
022,02,HIMACHAL PRADESH,MANDI,-0.12456747404844973,0.14769703960017366,0.16633602460588304,0.19291041906958553,187987.61962057577,0.03635767314677967,-0.24415224913494812,0.3014225297962323,5177402
023,02,HIMACHAL PRADESH,SHIMLA,-0.15999999999999653,0.08882737408688236,0.11374086889658852,0.13588619761630838,-104201.16637004909,-0.015602867486837388,-0.28444444444444444,0.2599000384467512,6689722
024,02,HIMACHAL PRADESH,SIRMAUR,-0.11909265667051035,0.1417301038062268,0.16633602460592334,0.18608227604769212,166824.21610206334,0.04553883742034634,-0.22145328719723184,0.3278123798539023,3670428
025,02,HIMACHAL PRADESH,SOLAN,-0.06698961937716132,0.18608227604770985,0.20693579392538644,0.23646289888505875,230700.87592715368,0.09160542873029202,-0.1929104190695886,0.34602076124567477,2524974
026,02,HIMACHAL PRADESH,UNA,-0.01574778931180299,0.22145328719721297,0.23646289888499655,0.25196462898884453,286583.7311502243,0.14204388747596813,-0.1085121107266436,0.37425605536332185,2022495
019,02,HIMACHAL PRADESH,KINNAUR,-0.16000000000001102,0.06299115724721115,0.08421376393695258,0.10340638216071193,-239618.12999078166,-0.02816196822426916,-0.2761399461745483,0.19986159169550174,8518904
021,02,HIMACHAL PRADESH,LAHUL & SPITI,-0.13016532103037126,0.07972318339101737,0.09842368319876711,0.11909265667051615,-75460.09088775954,-0.004093118035427715,-0.2679584775086506,0.2069357939254133,18455211
,01,JAMMU & KASHMIR,MIRPUR,-0.01295147448589959,0.25990003844678866,0.2844444444444757,0.3100961168780976,762886.6907288977,0.15801042357478118,-0.16633602460592078,0.42377547097270285,4837249
,01,JAMMU & KASHMIR,MUZAFFARABAD,-0.14173010380623488,0.11909265667052192,0.14769703960016708,0.17937716262977668,6271.5745899736985,9.654679395184019E-4,-0.2519646289888504,0.3188927335640138,6508506
010,01,JAMMU & KASHMIR,PUNCH,-0.11374086889657357,0.1727950788158511,0.1998615916954848,0.22145328719721843,351483.5781190574,0.06175261852920189,-0.2599000384467512,0.33685505574778934,5700333
001,01,JAMMU & KASHMIR,ANANTNAG,-0.12456747404843843,0.1358861976163304,0.1599999999999929,0.17937716262977998,115621.58227352357,0.03159731754377283,-0.2679584775086506,0.3014225297962323,3666744
003,01,JAMMU & KASHMIR,BARAMULA,-0.1190926566705188,0.16633602460585523,0.19291041906955578,0.21413302575929016,147090.0672547206,0.05295850023388749,-0.2519646289888504,0.3278123798539023,2783290
007,01,JAMMU & KASHMIR,KATHUA,-0.11909265667052245,0.23646289888506114,0.2599000384467689,0.2928719723183648,344633.101852187,0.10417378583953349,-0.2519646289888504,0.41362552864282975,3314635
014,01,JAMMU & KASHMIR,UDHAMPUR,-0.10851211072664704,0.1998615916954843,0.22889657823910375,0.25990003844673815,251118.2690659633,0.08294905089269214,-0.24415224913494812,0.42377547097270285,3033474
002,01,JAMMU & KASHMIR,BADGAM,-0.09842368319877054,0.17279507881585054,0.19291041906958772,0.20693579392539663,119600.94096337978,0.07124737127152692,-0.2679584775086506,0.31009611687812383,1682823
623,01,JAMMU & KASHMIR,BANDIPURA,-0.13016532103037018,0.11909265667052447,0.141730103806227,0.16633602460592495,48328.360689227,0.008829785145871972,-0.2519646289888504,0.29287197231833906,5482179
626,01,JAMMU & KASHMIR,GANDERBAL,-0.1301653210303686,0.11374086889657353,0.13588619761629722,0.16000000000000217,25033.491845625755,0.011455895682329726,-0.24415224913494812,0.29287197231833906,2192068
622,01,JAMMU & KASHMIR,KULGAM,-0.11909265667050892,0.14769703960017277,0.16633602460592498,0.18608227604768798,86683.02436395724,0.05119673244715442,-0.2599000384467512,0.3188927335640138,1698369
008,01,JAMMU & KASHMIR,KUPWARA,-0.1301653210303705,0.13016532103034478,0.15378700499808692,0.1860822760476967,78794.40909458826,0.021229714510004657,-0.2519646289888504,0.3278123798539023,3717596
011,01,JAMMU & KASHMIR,PULWAMA,-0.10340638216070634,0.1599999999999805,0.1793771626298007,0.199861591695487,86520.99642102933,0.07183112770580485,-0.2364628988850442,0.31009611687812383,1208381
012,01,JAMMU & KASHMIR,RAJAURI,-0.07972318339100623,0.2288965782391046,0.2519646289889274,0.27613994617455195,395706.4217678005,0.11258925213427827,-0.2288965782391388,0.3839138792772011,3521026
621,01,JAMMU & KASHMIR,RAMBAN,-0.13016532103037412,0.14769703960016714,0.17279507881584988,0.19986159169549003,53897.09250020471,0.031359194586892195,-0.2364628988850442,0.31009611687812383,1722238
627,01,JAMMU & KASHMIR,RIASI,-0.11374086889657332,0.1929104190695747,0.22145328719720278,0.2519646289888446,167660.38557833753,0.0650895084415966,-0.2519646289888504,0.40359861591695495,2582725
625,01,JAMMU & KASHMIR,SHUPIYAN,-0.12456747404844037,0.16633602460592495,0.1860822760476965,0.20693579392540332,52021.28042843853,0.07677341203427764,-0.2599000384467512,0.3188927335640138,681043
013,01,JAMMU & KASHMIR,SRINAGAR,-0.05536332179930804,0.19986159169549247,0.21413302575932563,0.2364628988850451,37631.5454509543,0.0993929331057804,-0.19986159169550174,0.3188927335640138,381957
620,01,JAMMU & KASHMIR,KISHTWAR,-0.14769703960016398,0.1034063821607225,0.1301653210303687,0.15378700499808495,-46803.021209063125,-0.004282008039880421,-0.2679584775086506,0.31009611687812383,10942149
004,01,JAMMU & KASHMIR,DODA,-0.141730103806236,0.11374086889659665,0.14173010380622175,0.17279507881584838,33810.22808082393,0.01055115886013324,-0.2519646289888504,0.3278123798539023,3210495
624,01,JAMMU & KASHMIR,SAMBA,0.055363321799307134,0.28444444444447814,0.31009611687812305,0.33685505574778757,236292.3209241397,0.19247342108282836,-0.1085121107266436,0.4444444444444444,1231705
005,01,JAMMU & KASHMIR,JAMMU,0.04484429065743888,0.28444444444447803,0.31889273356406056,0.3460207612456579,608570.1268521782,0.19034747755624723,-0.13016532103037293,0.454963475586313,3204791
322,20,JHARKHAND,BOKARO,-0.035432525951556465,0.19291041906954273,0.2069357939253817,0.2288965782391177,401842.6829096912,0.1144950836322795,-0.15378700499807765,0.33685505574778934,3518062
323,20,JHARKHAND,CHATRA,-0.036876275123228344,0.13016532103034356,0.153787004998087,0.17937716262975248,302394.4284419075,0.06494888216682392,-0.1929104190695886,0.3188927335640138,4666877
325,20,JHARKHAND,DHANBAD,-0.013840830449827075,0.2069357939253781,0.22889657823910634,0.24415224913492597,332964.28381152067,0.1339121433150024,-0.14173010380622836,0.3278123798539023,2490976
324,20,JHARKHAND,DEOGHAR,-0.029773164167628346,0.1663360246058583,0.18608227604770677,0.2069357939253954,288220.19986888336,0.09466382991395694,-0.17937716262975778,0.31009611687812383,3050828
326,20,JHARKHAND,DUMKA,-0.010396001537870167,0.15999999999997744,0.1793771626297989,0.1998615916954871,461310.660771698,0.10016076669507837,-0.13588619761630144,0.3278123798539023,4613615
328,20,JHARKHAND,GARHWA,-0.03254133025759218,0.17937716262982512,0.19986159169548356,0.22889657823912446,486251.4073819742,0.09694634677148586,-0.186082276047674,0.34602076124567477,5023969
329,20,JHARKHAND,GIRIDIH,-0.03844675124951965,0.14769703960017552,0.17279507881585046,0.19291041906959375,460828.85250329756,0.07581250217986064,-0.17937716262975778,0.31009611687812383,6087886
330,20,JHARKHAND,GODDA,0.015747789311802884,0.19986159169548304,0.22145328719720717,0.24415224913493258,375996.110925679,0.13390402196725767,-0.11374086889657825,0.3278123798539023,2814180
331,20,JHARKHAND,GUMLA,-0.08421376393694364,0.09842368319874414,0.11909265667052697,0.13588619761631313,219043.29175706353,0.033672786198141375,-0.2288965782391388,0.2679584775086506,6516036
332,20,JHARKHAND,HAZARIBAGH,-0.03543252595155694,0.14173010380621928,0.16633602460592506,0.19291041906958756,387096.0583522198,0.07301036391436662,-0.186082276047674,0.3014225297962323,5315097
333,20,JHARKHAND,JAMTARA,-0.03543252595155652,0.16633602460585156,0.1860822760477045,0.19986159169548856,223081.80766600475,0.10103278193363634,-0.14173010380622836,0.31009611687812383,2214404
606,20,JHARKHAND,KHUNTI,-0.0384467512495194,0.1245674740484718,0.1358861976163226,0.15378700499808423,202437.13742960716,0.06332575280463654,-0.1929104190695886,0.28444444444444444,3204257
334,20,JHARKHAND,KODARMA,-0.02460592079969275,0.15378700499808748,0.17937716262975234,0.20693579392541447,167618.5274706417,0.08340294421532604,-0.13016532103037293,0.3188927335640138,2016064
335,20,JHARKHAND,LATEHAR,-0.07535563244905584,0.09356401384084576,0.11374086889658946,0.13016532103036593,174072.80036543743,0.03365447807193995,-0.186082276047674,0.2761399461745483,5182155
336,20,JHARKHAND,LOHARDAGA,-0.08421376393694725,0.10851211072666166,0.12456747404846501,0.14769703960015892,71000.52902457211,0.03872817497237665,-0.21413302575932336,0.24415224913494812,1838361
337,20,JHARKHAND,PAKUR,0.004499346903530531,0.1727950788158508,0.19291041906959455,0.2141330257593292,240978.2738234445,0.10905199077619401,-0.13588619761630144,0.3188927335640138,2216228
338,20,JHARKHAND,PALAMU,-0.017777777777777646,0.1860822760476901,0.20693579392538416,0.2364628988850561,589275.6308872015,0.10896753971851032,-0.14769703960015382,0.34602076124567477,5416996
343,20,JHARKHAND,WEST SINGHBHUM,-0.06299115724721129,0.13588619761633589,0.15378700499805906,0.17279507881585,578005.3626528397,0.06625595488647505,-0.2288965782391388,0.3188927335640138,8734513
327,20,JHARKHAND,EAST SINGHBHUM,0.002647511769877005,0.19986159169548248,0.22145328719720056,0.23646289888504354,563916.7623355123,0.13119081470096844,-0.13588619761630144,0.33685505574778934,4306723
607,20,JHARKHAND,RAMGARH,-0.019930795847750822,0.18608227604771416,0.20693579392538536,0.2288965782391357,194598.9061955305,0.11456365048727063,-0.15378700499807765,0.3188927335640138,1705200
339,20,JHARKHAND,RANCHI,-0.03844675124951894,0.14769703960016625,0.1727950788158504,0.19291041906958054,449908.0993005521,0.07423590648208259,-0.1929104190695886,0.28444444444444444,6072574
340,20,JHARKHAND,SAHIBGANJ,-0.03543252595155707,0.1860822760477117,0.2069357939253897,0.2288965782391463,311536.77001764043,0.11544764087256949,-0.13016532103037293,0.34602076124567477,2704649
341,20,JHARKHAND,SARAIKELA-KHARSAWAN,-0.041584006151481175,0.19986159169548365,0.22145328719721977,0.24415224913492814,390938.87261488225,0.12135437145568741,-0.14173010380622836,0.34602076124567477,3228630
342,20,JHARKHAND,SIMDEGA,-0.0482276047673952,0.10851211072666277,0.1245674740484645,0.1417301038062258,247770.09791446893,0.05424001236544888,-0.2288965782391388,0.2599000384467512,4575865
524,29,KARNATAKA,BAGALKOT,-0.10851211072664811,0.1137408688965977,0.1301653210303513,0.14769703960016467,191136.64489941983,0.025065213900618565,-0.22145328719723184,0.2599000384467512,7637876
528,29,KARNATAKA,BALLARI,-0.1085121107266479,0.07972318339101506,0.10340638216072029,0.13588619761629916,10296.763943160575,0.0010510397474366552,-0.29287197231833906,0.2519646289888504,9811668
527,29,KARNATAKA,BELAGAVI,-0.11374086889659082,0.1190926566705324,0.14173010380624906,0.15999999999998937,428840.32870704104,0.027441869361702488,-0.2599000384467512,0.2761399461745483,15647841
526,29,KARNATAKA,BENGALURU RURAL,-0.08421376393694839,0.1137408688965874,0.13016532103037198,0.15378700499808198,94023.18351423605,0.03563208240940675,-0.24415224913494812,0.3278123798539023,2647699
525,29,KARNATAKA,BENGALURU URBAN,-0.059115724721262086,0.17279507881576012,0.18608227604764827,0.20693579392538552,220964.93600675574,0.08771443570991519,-0.21413302575932336,0.29287197231833906,2525378
529,29,KARNATAKA,BIDAR,-0.09356401384082405,0.07111111111111897,0.09356401384082895,0.113740868896574,14661.562015702488,0.002291418150239931,-0.22145328719723184,0.2364628988850442,6408943
531,29,KARNATAKA,CHAMARAJANAGAR,-0.10851211072664223,0.08882737408687406,0.10851211072665201,0.1358861976163264,84792.81113466801,0.013137780815476981,-0.2761399461745483,0.28444444444444444,6464990
630,29,KARNATAKA,CHIK BALLAPUR,-0.09356401384082463,0.08421376393695856,0.10340638216071728,0.12456747404844074,75834.09184271387,0.01554030359173325,-0.3014225297962323,0.28444444444444444,4888990
532,29,KARNATAKA,CHIKKAMAGALURU,-0.14769703960016015,0.05536332179930656,0.07535563244905379,0.09356401384082597,-168437.56281891523,-0.020345266982837992,-0.29287197231833906,0.2364628988850442,8290158
533,29,KARNATAKA,CHITRADURGA,-0.12456747404845311,0.07111111111111902,0.08882737408688741,0.10851211072664346,-91867.97665670764,-0.009446829772009654,-0.2761399461745483,0.24415224913494812,9737571
534,29,KARNATAKA,DAKSHINA KANNADA,-0.14769703960015884,0.0669896193771718,0.09356401384085224,0.12456747404846724,-57379.41807861715,-0.01030157766647537,-0.3188927335640138,0.2761399461745483,5579048
535,29,KARNATAKA,DAVANGERE,-0.09842368319876851,0.09356401384085232,0.1137408688965892,0.13588619761631351,85084.66562028175,0.01244673577268325,-0.2364628988850442,0.24415224913494812,6847089
536,29,KARNATAKA,DHARWAD,-0.1358861976163398,0.048227604767395474,0.07535563244904886,0.1034063821607086,-202708.3825356356,-0.041065776009501835,-0.2288965782391388,0.2288965782391388,4944779
537,29,KARNATAKA,GADAG,-0.11374086889658462,0.051733948481348324,0.07972318339100887,0.10851211072664281,-152334.0882867782,-0.028211694689139935,-0.2288965782391388,0.2364628988850442,5409858
539,29,KARNATAKA,HASSAN,-0.13016532103037173,0.06698961937717446,0.08421376393695719,0.10340638216070971,-15806.509426114873,-0.0020221551734474034,-0.31009611687812383,0.24415224913494812,7828705
540,29,KARNATAKA,HAVERI,-0.09356401384082412,0.07111111111111915,0.09356401384082222,0.11909265667050825,8066.351303191916,0.001447135655160668,-0.2364628988850442,0.2364628988850442,5582700
538,29,KARNATAKA,KALABURAGI,-0.08882737408688483,0.06698961937717016,0.09356401384082413,0.11909265667051341,-18649.906637990163,-0.0014549107891037333,-0.19986159169550174,0.2519646289888504,12835141
541,29,KARNATAKA,KODAGU,-0.16633602460592473,0.05173394848134619,0.06698961937717084,0.08882737408688607,-109303.81168169029,-0.023280459186411147,-0.29287197231833906,0.2069357939254133,4703960
542,29,KARNATAKA,KOLAR,-0.0797231833910039,0.10851211072666024,0.1301653210303685,0.15378700499808415,176664.01862033404,0.038678992302981684,-0.2519646289888504,0.3014225297962323,4576751
543,29,KARNATAKA,KOPPAL,-0.10851211072665391,0.07972318339101438,0.10340638216072011,0.13588619761630807,-41621.395188804,-0.006441921811860159,-0.21413302575932336,0.2599000384467512,6471180
544,29,KARNATAKA,MANDYA,-0.09842368319876922,0.11909265667053255,0.14173010380622017,0.1600000000000138,227867.78797381566,0.04008031256996797,-0.2519646289888504,0.2761399461745483,5695228
545,29,KARNATAKA,MYSURU,-0.1034063821607049,0.09356401384083812,0.11909265667052155,0.14173010380623347,136104.7791437909,0.018863791706972024,-0.2519646289888504,0.2679584775086506,7227650
546,29,KARNATAKA,RAICHUR,-0.09356401384082363,0.07535563244904711,0.10340638216071149,0.13016532103036818,-26402.969360320058,-0.0026889990191024575,-0.22145328719723184,0.2761399461745483,9829398
631,29,KARNATAKA,RAMANAGARAM,-0.08882737408688472,0.10340638216073249,0.12456747404846132,0.14173010380622555,133168.51612290688,0.03308219728808356,-0.2599000384467512,0.2599000384467512,4034113
547,29,KARNATAKA,SHIVAMOGGA,-0.17279507881585005,0.07972318339101682,0.09842368319876346,0.11909265667052003,-40033.466075916076,-0.004098334640108445,-0.3014225297962323,0.2761399461745483,9782492
548,29,KARNATAKA,TUMAKURU,-0.10851211072664362,0.07972318339101636,0.09842368319876697,0.11909265667051366,131940.64059493536,0.010828777601920648,-0.2761399461745483,0.2519646289888504,12204538
549,29,KARNATAKA,UDUPI,-0.14769703960015515,0.08421376393696015,0.10340638216072173,0.13016532103037495,14122.779053737864,0.003429413889752738,-0.3014225297962323,0.28444444444444444,4125180
550,29,KARNATAKA,UTTARA KANNADA,-0.1600000000000147,0.04822760476739912,0.0711111111111169,0.09842368319876799,-313499.47990135703,-0.02639220825607717,-0.3278123798539023,0.2761399461745483,11893283
530,29,KARNATAKA,VIJAYAPURA,-0.09356401384083105,0.0888273740868791,0.11374086889658755,0.13588619761630236,88273.46130267244,0.007206559512129232,-0.21413302575932336,0.2599000384467512,12262243
635,29,KARNATAKA,YADGIR,-0.08882737408688225,0.07111111111111856,0.0984236831987707,0.12456747404844044,-160.10970403101282,-2.6034111862233833E-5,-0.2364628988850442,0.2599000384467512,6160245
554,32,KERALA,ALAPPUZHA,-0.09842368319877506,0.19291041906960013,0.20693579392539144,0.221453287197229,157021.42098335855,0.09750937354834308,-0.186082276047674,0.3278123798539023,1615612
555,32,KERALA,ERNAKULAM,-0.16000000000001266,0.17937716262982661,0.19986159169548273,0.22145328719719862,110101.03525956388,0.031679335655941596,-0.33685505574778934,0.31009611687812383,3482949
556,32,KERALA,IDUKKI,-0.21413302575933033,0.01677352994369901,0.036911466364217084,0.0629911572472114,-356037.06484260166,-0.07200174577163379,-0.3839138792772011,0.2519646289888504,4955513
557,32,KERALA,KANNUR,-0.14769703960015654,0.10340638216073007,0.13588619761632315,0.16000000000000114,12804.289491781263,0.003775864364714508,-0.2761399461745483,0.2761399461745483,3397343
558,32,KERALA,KASARAGOD,-0.14173010380623893,0.0888273740868813,0.11374086889657331,0.13588619761630003,-6006.116450058353,-0.0026322430905970514,-0.28444444444444444,0.2519646289888504,2288384
559,32,KERALA,KOLLAM,-0.16633602460592486,0.11909265667052737,0.15378700499808232,0.1793771626297837,-32110.432657611665,-0.01141843367201567,-0.31009611687812383,0.31009611687812383,2818601
560,32,KERALA,KOTTAYAM,-0.15378700499808332,0.13588619761632417,0.16633602460592503,0.192910419069594,23724.09171522956,0.009483554358297081,-0.3278123798539023,0.31009611687812383,2507427
561,32,KERALA,KOZHIKODE,-0.16000000000000159,0.11374086889659452,0.1417301038062118,0.16633602460592475,42993.22023103261,0.016048729299416403,-0.33685505574778934,0.29287197231833906,2684454
562,32,KERALA,MALAPPURAM,-0.1537870049980824,0.11374086889658412,0.1301653210303487,0.15378700499808723,69779.1519330581,0.017226494870477786,-0.33685505574778934,0.28444444444444444,4058183
563,32,KERALA,PALAKKAD,-0.17279507881584907,0.11374086889658186,0.14173010380623036,0.1663360246059175,41560.272077722824,0.00814515162801989,-0.34602076124567477,0.3014225297962323,5112539
564,32,KERALA,PATTANAMTHITTA,-0.21413302575933277,0.059115724721264716,0.10340638216071793,0.14173010380623186,-154920.11029017327,-0.05157628523867702,-0.33685505574778934,0.28444444444444444,3011006
565,32,KERALA,THIRUVANANTHAPURAM,-0.14769703960015104,0.11374086889658636,0.14173010380621376,0.16633602460592484,14482.324742273962,0.005838847066507342,-0.3014225297962323,0.3014225297962323,2485730
566,32,KERALA,TRISSUR,-0.16000000000000292,0.1599999999999808,0.1793771626298089,0.19986159169548529,127593.43497328766,0.03702777701547092,-0.3278123798539023,0.3014225297962323,3453173
567,32,KERALA,WAYANAD,-0.15378700499808176,0.06698961937717256,0.08421376393694949,0.10340638216070336,-19331.20788159235,-0.007944228097422724,-0.28444444444444444,0.19986159169550174,2438701
009,37,LADAKH,LEH,-0.14769703960016328,0.07111111111111976,0.0984236831987647,0.12456747404846105,-3781960.536721075,-0.018048609146977253,-0.3014225297962323,0.3014225297962323,209611635
006,37,LADAKH,KARGIL,-0.11374086889657442,0.10851211072666046,0.12456747404846642,0.1476970396001676,249805.63551855666,0.013102177299193819,-0.2599000384467512,0.2364628988850442,19084969
553,31,LAKSHADWEEP,LAKSHADWEEP,-0.2069357939254132,0.1190926566705114,0.13588619761630136,0.14769703960015387,488.65938922435384,0.015514358154336643,-0.24415224913494812,0.22145328719723184,33702
667,23,MADHYA PRADESH,AGAR MALWA,-0.0711111111111136,0.08882737408688678,0.10851211072664468,0.13588619761630302,79428.7461876036,0.02382713841640835,-0.186082276047674,0.28444444444444444,3340865
639,23,MADHYA PRADESH,ALIRAJPUR,-0.11909265667051691,0.059115724721257194,0.07535563244904837,0.09356401384082541,-16070.04121359206,-0.003995597861057311,-0.24415224913494812,0.2519646289888504,4031207
390,23,MADHYA PRADESH,ANUPPUR,-0.06698961937716479,0.10340638216072964,0.12456747404846176,0.14769703960016364,183521.58855534848,0.04008695337189354,-0.2069357939254133,0.28444444444444444,4589056
391,23,MADHYA PRADESH,ASHOKNAGAR,-0.06299115724721127,0.07535563244904427,0.10340638216070859,0.13016532103036768,128329.37845844023,0.022071521224312062,-0.2069357939254133,0.28444444444444444,5822740
392,23,MADHYA PRADESH,BALAGHAT,-0.055363321799308585,0.14173010380626963,0.15999999999995668,0.17937716262980388,704866.0462573151,0.06334064100817378,-0.21413302575932336,0.31009611687812383,11141974
393,23,MADHYA PRADESH,BARWANI,-0.12456747404845062,0.07535563244905197,0.09356401384083067,0.11909265667051623,-3300.853538890399,-5.056861529663506E-4,-0.2599000384467512,0.2679584775086506,6536978
394,23,MADHYA PRADESH,BETUL,-0.11374086889657536,0.055363321799308876,0.07535563244905877,0.09842368319877356,-144974.38598463833,-0.011985019648623972,-0.2364628988850442,0.2599000384467512,12110448
395,23,MADHYA PRADESH,BHIND,0.05911572472126343,0.20693579392538322,0.22889657823912335,0.25990003844675874,795556.0737898631,0.14308850603059228,-0.11374086889657825,0.39369473279507883,5571431
396,23,MADHYA PRADESH,BHOPAL,-0.06299115724721147,0.1034063821607239,0.1417301038062134,0.1727950788158501,95787.82144219517,0.028447865928404183,-0.16633602460592078,0.2679584775086506,3374356
397,23,MADHYA PRADESH,BURHANPUR,-0.11374086889657337,0.06698961937717103,0.09356401384083365,0.11909265667051609,-26558.98616109153,-0.006867607335153486,-0.22145328719723184,0.2519646289888504,3873783
398,23,MADHYA PRADESH,CHHATARPUR,-0.04822760476739516,0.14173010380625328,0.16000000000000109,0.18608227604769917,771511.113106804,0.0723245034123267,-0.2288965782391388,0.33685505574778934,10687142
399,23,MADHYA PRADESH,CHHINDWARA,-0.09842368319876979,0.06299115724721803,0.07972318339101492,0.10340638216071572,70773.02594405433,0.004971634090489269,-0.2519646289888504,0.2599000384467512,14251129
400,23,MADHYA PRADESH,DAMOH,-0.0669896193771645,0.09356401384084492,0.11374086889658754,0.14173010380623827,325573.1076447975,0.03653890322048989,-0.2288965782391388,0.29287197231833906,8922849
401,23,MADHYA PRADESH,DATIA,0.02977316416762823,0.19291041906958473,0.2141330257593289,0.24415224913494002,399480.4947586294,0.11998364494212932,-0.16000000000000003,0.36472126105344094,3340498
402,23,MADHYA PRADESH,DEWAS,-0.08421376393694797,0.06698961937717264,0.08882737408688642,0.11909265667051049,74605.58470645556,0.0087868497722876,-0.2288965782391388,0.2761399461745483,8505726
403,23,MADHYA PRADESH,DHAR,-0.08882737408688544,0.07972318339101601,0.10340638216071339,0.13016532103036754,148823.93414659693,0.015100095452350684,-0.24415224913494812,0.2679584775086506,9867234
404,23,MADHYA PRADESH,DINDORI,-0.0797231833910074,0.07972318339101739,0.0935640138408383,0.10851211072665165,129554.29995689837,0.018607239738021485,-0.1929104190695886,0.2519646289888504,6974940
405,23,MADHYA PRADESH,EAST NIMAR,-0.16633602460582358,0.05536332179930617,0.0753556324490504,0.10340638216071048,-132214.64592997415,-0.014705850071592889,-0.24415224913494812,0.2599000384467512,9002549
406,23,MADHYA PRADESH,GUNA,-0.07535563244905336,0.06698961937716968,0.08882737408688407,0.11374086889657553,70402.37739393082,0.008992429448281656,-0.2288965782391388,0.28444444444444444,7842335
407,23,MADHYA PRADESH,GWALIOR,-0.005713544866671692,0.16633602460587815,0.1998615916954859,0.22889657823912113,561859.0743870005,0.09915533584742424,-0.17937716262975778,0.36472126105344094,5674029
408,23,MADHYA PRADESH,HARDA,-0.09842368319877466,0.09356401384085294,0.1137408688965907,0.1417301038062361,106848.4319234296,0.026515364134948812,-0.2364628988850442,0.28444444444444444,4035848
409,23,MADHYA PRADESH,HOSHANGABAD,-0.08421376393694997,0.11909265667053223,0.13588619761632895,0.16000000000000197,405364.69086827786,0.05014333567306997,-0.2519646289888504,0.3014225297962323,8095645
410,23,MADHYA PRADESH,INDORE,-0.07972318339100727,0.10340638216072437,0.141730103806224,0.17279507881584968,139417.58682335477,0.029478635999059546,-0.2069357939254133,0.2761399461745483,4738802
411,23,MADHYA PRADESH,JABALPUR,-0.05536332179930839,0.14173010380627027,0.16633602460587119,0.19291041906956796,471957.4741547652,0.07627970792734542,-0.186082276047674,0.33685505574778934,6198352
412,23,MADHYA PRADESH,JHABUA,-0.11374086889657427,0.0517339484813467,0.07111111111111684,0.08882737408688673,-35998.78355806833,-0.008627622237103215,-0.2364628988850442,0.2679584775086506,4179358
413,23,MADHYA PRADESH,KATNI,-0.04484429065743816,0.1417301038062572,0.15999999999999912,0.17937716262977976,488939.1346470997,0.07932889837023299,-0.19986159169550174,0.3014225297962323,6175594
415,23,MADHYA PRADESH,MANDLA,-0.08421376393694549,0.08421376393696316,0.10340638216072263,0.12456747404845499,221404.99990863,0.02436518569639848,-0.21413302575932336,0.2599000384467512,9100880
416,23,MADHYA PRADESH,MANDSAUR,-0.13016532103032885,0.09842368319875686,0.12456747404845785,0.1537870049980818,171658.72765620964,0.025285425744091077,-0.186082276047674,0.3188927335640138,6799773
417,23,MADHYA PRADESH,MORENA,0.021136380365103145,0.19986159169548318,0.2288965782391232,0.25196462898884475,846340.8846251317,0.13626841520476726,-0.186082276047674,0.3839138792772011,6223463
418,23,MADHYA PRADESH,NARSHIMAPURA,-0.06299115724721135,0.13588619761632276,0.15378700499802334,0.17937716262979458,403145.6610831595,0.06475697523006617,-0.24415224913494812,0.3014225297962323,6236392
419,23,MADHYA PRADESH,NIMACH,-0.1301653210303316,0.098423683198764,0.11909265667051974,0.14769703960015196,160500.3426467303,0.03050194927919636,-0.21413302575932336,0.29287197231833906,5274602
420,23,MADHYA PRADESH,PANNA,-0.05911572472126398,0.11909265667052846,0.14173010380622847,0.16633602460592484,465470.07587767,0.053496575806501225,-0.24415224913494812,0.3014225297962323,8717597
421,23,MADHYA PRADESH,RAISEN,-0.08421376393694864,0.09842368319874195,0.1190926566705292,0.14173010380622883,230131.69660190106,0.022349796438475043,-0.2069357939254133,0.29287197231833906,10312010
422,23,MADHYA PRADESH,RAJGARH,-0.07972318339100982,0.07111111111111881,0.0935640138408229,0.1190926566705085,61380.812874460404,0.008155796460173498,-0.17279507881584008,0.2679584775086506,7535187
423,23,MADHYA PRADESH,RATLAM,-0.0984236831987686,0.07111111111111883,0.09356401384082261,0.12456747404843936,46590.20480536716,0.007883823605176246,-0.22145328719723184,0.2679584775086506,5920371
424,23,MADHYA PRADESH,REWA,-0.025850697596138963,0.18608227604768196,0.20693579392538153,0.2288965782391288,894975.9203640837,0.11563893029731839,-0.186082276047674,0.3553094963475586,7751995
425,23,MADHYA PRADESH,SAGAR,-0.0888273740868865,0.06698961937717218,0.08882737408688617,0.11909265667051228,72530.9149866671,0.0057887991726659135,-0.2519646289888504,0.28444444444444444,12549508
426,23,MADHYA PRADESH,SATNA,-0.07535563244905792,0.15999999999997466,0.1793771626298004,0.206935793925393,828722.3946318625,0.08977487623463795,-0.17937716262975778,0.33685505574778934,9250027
427,23,MADHYA PRADESH,SEHORE,-0.07972318339100899,0.07535563244904808,0.09842368319875983,0.130165321030371,93696.04816872692,0.011765733956828896,-0.21413302575932336,0.28444444444444444,7979648
428,23,MADHYA PRADESH,SEONI,-0.07535563244905555,0.0935640138408534,0.11374086889658472,0.13588619761632062,322510.83651791164,0.03050219086201234,-0.2288965782391388,0.29287197231833906,10587279
429,23,MADHYA PRADESH,SHAHDOL,-0.08421376393694606,0.13016532103034456,0.147697039600168,0.16633602460592486,461385.0263554624,0.06666078529561101,-0.1929104190695886,0.3014225297962323,6933487
430,23,MADHYA PRADESH,SHAJAPUR,-0.06299115724721119,0.07111111111111842,0.09356401384082327,0.12456747404844055,46478.897276996344,0.01103718892182645,-0.1929104190695886,0.2679584775086506,4219787
431,23,MADHYA PRADESH,SHEOPUR,-0.021055873396152145,0.13588619761634466,0.16000000000001394,0.1860822760476921,617077.0198808031,0.07538618032118108,-0.1929104190695886,0.34602076124567477,8196536
432,23,MADHYA PRADESH,SHIVPURI,-0.05173394848135202,0.11909265667053173,0.14173010380622367,0.1727950788158491,692495.4172211527,0.054521124181096045,-0.2069357939254133,0.34602076124567477,12718231
433,23,MADHYA PRADESH,SIDHI,-0.059115724721262475,0.14769703960017677,0.16633602460591054,0.18608227604769675,418899.56893415144,0.07166658052127799,-0.1929104190695886,0.3188927335640138,5855562
638,23,MADHYA PRADESH,SINGRAULI,-0.05911572472126305,0.13016532103033726,0.15378700499807807,0.1793771626297733,442327.68219849165,0.06268417143602471,-0.19986159169550174,0.3014225297962323,7066555
434,23,MADHYA PRADESH,TIKAMGARH,-0.04158400615148099,0.13016532103035336,0.14769703960016756,0.17279507881584869,299995.19180352543,0.06549159392536344,-0.2069357939254133,0.34602076124567477,4588875
435,23,MADHYA PRADESH,UJJAIN,-0.04822760476739727,0.07535563244904485,0.09842368319877011,0.13588619761630005,145058.38791753558,0.01955570954480643,-0.17937716262975778,0.2679584775086506,7431237
436,23,MADHYA PRADESH,UMARIA,-0.05173394848135416,0.12456747404847154,0.14173010380621912,0.16000000000000672,370121.01085861144,0.06638249639046236,-0.17279507881584008,0.3014225297962323,5584765
437,23,MADHYA PRADESH,VIDISHA,-0.051733948481349254,0.06698961937717153,0.093564013840823,0.12456747404844126,165410.36518012913,0.018550705383162964,-0.186082276047674,0.3014225297962323,8929692
414,23,MADHYA PRADESH,WEST NIMAR,-0.10340638216072255,0.0797231833910178,0.10340638216072123,0.13016532103037187,128569.11208820285,0.013309068129282585,-0.22145328719723184,0.2761399461745483,9673296
722,23,MADHYA PRADESH,NIVARI,-0.012056901191849378,0.16000000000000855,0.18608227604768982,0.2141330257593248,150076.46551994717,0.09198640105321937,-0.16000000000000003,0.33685505574778934,1640914
466,27,MAHARASHTRA,AHAMADNAGAR,-0.11909265667051855,0.10851211072666433,0.13016532103034636,0.14769703960016922,498946.465619269,0.02467395277857742,-0.3278123798539023,0.2599000384467512,20247712
467,27,MAHARASHTRA,AKOLA,-0.055363321799307474,0.08882737408688891,0.11374086889657509,0.14173010380623707,186984.59485944986,0.028781506427696904,-0.1929104190695886,0.2599000384467512,6508098
468,27,MAHARASHTRA,AMARAVATI,-0.1085121107266568,0.0842137639369617,0.10851211072665512,0.13016532103036454,144681.65389803686,0.009898318311888258,-0.2519646289888504,0.2761399461745483,14634927
469,27,MAHARASHTRA,AURANGABAD,-0.10340638216070872,0.0888273740868767,0.10851211072665742,0.135886197616313,213359.18710946705,0.017730503954015927,-0.22145328719723184,0.28444444444444444,12049449
471,27,MAHARASHTRA,BHANDARA,-0.04158400615148098,0.1599999999999844,0.17279507881585118,0.19291041906958714,461540.3492592766,0.09319830488449482,-0.16633602460592078,0.29287197231833906,4961610
470,27,MAHARASHTRA,BID,-0.10340638216071428,0.07972318339101625,0.098423683198764,0.12456747404844568,84423.07075206969,0.006739238553528029,-0.24415224913494812,0.24415224913494812,12544794
472,27,MAHARASHTRA,BULDHANA,-0.0888273740868865,0.07972318339101628,0.09842368319875969,0.12456747404844937,183794.74265205985,0.01582262444684595,-0.2069357939254133,0.2761399461745483,11630150
473,27,MAHARASHTRA,CHANDRAPUR,-0.04484429065744351,0.11374086889660509,0.13588619761631945,0.1663360246059248,768190.7274009414,0.05683004243118231,-0.186082276047674,0.33685505574778934,13530633
474,27,MAHARASHTRA,DHULE,-0.10851211072664507,0.07535563244905119,0.09842368319877365,0.13016532103037054,69785.4489825752,0.008109190626163394,-0.2364628988850442,0.2679584775086506,8617611
475,27,MAHARASHTRA,GADCHIROLI,-0.07111111111111419,0.09356401384085758,0.11374086889659508,0.13588619761630338,661044.8316137895,0.03838934263546046,-0.24415224913494812,0.29287197231833906,17237884
476,27,MAHARASHTRA,GONDIA,-0.051733948481352106,0.15999999999997153,0.1727950788158073,0.19291041906956644,522988.13965560176,0.08427674724745236,-0.16633602460592078,0.3188927335640138,6215661
477,27,MAHARASHTRA,HINGOLI,-0.09356401384082445,0.09356401384084262,0.1190926566705208,0.14173010380622572,105513.81684551924,0.018885572694604395,-0.19986159169550174,0.24415224913494812,5596711
478,27,MAHARASHTRA,JALGAON,-0.09356401384082516,0.08421376393696321,0.10851211072665234,0.135886197616308,276694.3126430712,0.019626584473631723,-0.2288965782391388,0.2761399461745483,14113319
479,27,MAHARASHTRA,JALNA,-0.06698961937716261,0.08882737408687519,0.10851211072665616,0.1301653210303751,234342.54658938388,0.025712386291740438,-0.1929104190695886,0.24415224913494812,9127228
480,27,MAHARASHTRA,KOLHAPUR,-0.13588619761629928,0.11909265667053197,0.13588619761633844,0.16000000000001055,256794.11729340616,0.02871306593907691,-0.2679584775086506,0.2599000384467512,8961350
481,27,MAHARASHTRA,LATUR,-0.07535563244905058,0.07535563244904807,0.09356401384082814,0.11909265667051426,77136.0747173217,0.009096079468778424,-0.1929104190695886,0.2364628988850442,8490449
482,27,MAHARASHTRA,MUMBAI CITY,0.03254133025759323,0.19291041906958137,0.20693579392541778,0.22145328719723253,10195.643670560017,0.13512530657174118,-0.07972318339100345,0.28444444444444444,76546
484,27,MAHARASHTRA,NAGPUR,-0.06698961937716395,0.13588619761633788,0.15999999999998019,0.18608227604768038,721810.3563788153,0.060896531104529326,-0.186082276047674,0.3278123798539023,11865192
485,27,MAHARASHTRA,NANDED,-0.08421376393694545,0.09356401384084777,0.11909265667052465,0.14173010380622553,284087.0566653639,0.022815597363350062,-0.21413302575932336,0.2679584775086506,12472028
486,27,MAHARASHTRA,NANDURBAR,-0.13588619761632256,0.07972318339101644,0.10340638216072462,0.13016532103037276,10525.03246418046,0.0014721435774598499,-0.2599000384467512,0.2679584775086506,7163183
487,27,MAHARASHTRA,NASHIK,-0.13016532103037134,0.0711111111111198,0.09356401384083181,0.1190926566705137,-17829.733067628356,-9.653644210635645E-4,-0.29287197231833906,0.2519646289888504,18486361
488,27,MAHARASHTRA,USMANABAD,-0.09356401384083084,0.06698961937717167,0.08882737408688514,0.11374086889657481,13690.253731086581,0.00153652169395262,-0.2288965782391388,0.2288965782391388,8925215
665,27,MAHARASHTRA,PALGHAR,-0.11374086889657632,0.1034063821607279,0.13016532103036488,0.1599999999999951,114706.46456276323,0.018332052328507337,-0.2761399461745483,0.28444444444444444,6266083
489,27,MAHARASHTRA,PARBHANI,-0.07111111111111422,0.10340638216073005,0.12456747404846258,0.14769703960016042,263394.86099424795,0.03529378169678503,-0.186082276047674,0.2599000384467512,7474260
490,27,MAHARASHTRA,PUNE,-0.14769703960016994,0.11909265667053488,0.14173010380623013,0.16000000000001122,414333.41098680714,0.02246517771999443,-0.31009611687812383,0.2679584775086506,18462996
491,27,MAHARASHTRA,RAYGAD,-0.13588619761629772,0.08882737408688317,0.13016532103036077,0.17279507881584988,-4356.945915238397,-5.297325809383256E-4,-0.29287197231833906,0.28444444444444444,8238352
492,27,MAHARASHTRA,RATNAGIRI,-0.14173010380623866,0.06299115724721133,0.07972318339101386,0.09356401384082363,-137255.56779046168,-0.014145466631262218,-0.29287197231833906,0.22145328719723184,9717129
493,27,MAHARASHTRA,SANGLI,-0.10340638216071078,0.11909265667053145,0.1358861976163248,0.15999999999999867,284348.65995271184,0.028264487024608324,-0.2599000384467512,0.2599000384467512,10078127
494,27,MAHARASHTRA,SATARA,-0.14769703960016958,0.09842368319875251,0.1190926566705258,0.14173010380622422,81970.89221251168,0.00667222122435921,-0.31009611687812383,0.2599000384467512,12298534
495,27,MAHARASHTRA,SINDHUDURG,-0.14769703960015523,0.07111111111111959,0.08882737408688804,0.10340638216070532,-21413.864629918422,-0.003604683384561281,-0.28444444444444444,0.22145328719723184,5951789
496,27,MAHARASHTRA,SOLAPUR,-0.08421376393695094,0.11374086889657209,0.13588619761633508,0.15378700499806142,559725.3281047668,0.03210674229636663,-0.22145328719723184,0.2761399461745483,17457025
483,27,MAHARASHTRA,SUB URBAN MUMBAI,-0.06299115724721178,0.19291041906958165,0.20693579392540645,0.2214532871972265,52489.34117366874,0.10286678766348767,-0.2364628988850442,0.3188927335640138,512479
497,27,MAHARASHTRA,THANE,-0.13016532103036707,0.10851211072665679,0.14173010380622977,0.17937716262977937,20448.768213563017,0.004040579241918232,-0.3014225297962323,0.3014225297962323,5069267
498,27,MAHARASHTRA,WARDHA,-0.08421376393694599,0.09842368319875282,0.1190926566705224,0.14769703960016092,244219.73062692734,0.032415972669379525,-0.2519646289888504,0.2679584775086506,7543509
499,27,MAHARASHTRA,WASHIM,-0.07535563244905268,0.06698961937717053,0.08421376393694997,0.10851211072664312,67144.24400124639,0.01099058299011476,-0.17937716262975778,0.24415224913494812,6120783
500,27,MAHARASHTRA,YAVATMAL,-0.08421376393694713,0.08882737408688046,0.10851211072665241,0.13588619761630252,378871.2569338313,0.023452781078407453,-0.2288965782391388,0.2761399461745483,16172960
252,14,MANIPUR,BISHNUPUR,-0.10340638216070372,0.15999999999999784,0.17937716262975156,0.19986159169549572,31574.116294447107,0.0535899201417639,-0.21413302575932336,0.28444444444444444,592328
253,14,MANIPUR,CHANDEL,-0.19291041906959702,0.021077660335753437,0.04158400615148113,0.06299115724721137,-162372.24216489663,-0.06730772332241462,-0.3014225297962323,0.19986159169550174,2417211
254,14,MANIPUR,CHURACHANDPUR,-0.17937716262975067,0.0271280276816627,0.0517339484813491,0.07535563244905116,-172569.10757633348,-0.057870959242975716,-0.2679584775086506,0.2288965782391388,2987741
256,14,MANIPUR,IMPHAL WEST,-0.08882737408688969,0.1599999999999982,0.1793771626297519,0.1998615916954965,37320.58391223555,0.06228244554610527,-0.2069357939254133,0.29287197231833906,603204
255,14,MANIPUR,IMPHAL EAST,-0.10340638216070505,0.12456747404845062,0.15378700499808604,0.17937716262975092,10375.719427599477,0.01949272280542976,-0.21413302575932336,0.2679584775086506,535890
713,14,MANIPUR,JIRIBAM,-0.18608227604767125,0.05173394848135472,0.0842137639369453,0.11374086889658015,-15915.524456081032,-0.04391533211339403,-0.2679584775086506,0.24415224913494812,365087
260,14,MANIPUR,UKHRUL,-0.20693579392539774,0.022206843521720945,0.04158400615148122,0.0591157247212638,-182082.28210461943,-0.07058361305307029,-0.3014225297962323,0.16633602460592078,2585246
257,14,MANIPUR,SENAPATI,-0.20693579392539832,0.012968811786999799,0.03254133025759224,0.05536332179930894,-165435.25952840352,-0.07653718138303761,-0.3188927335640138,0.186082276047674,2166467
258,14,MANIPUR,TAMENGLONG,-0.20693579392540026,9.060552499876802E-4,0.022206843521721788,0.044844290657438314,-311764.06492627726,-0.083884617107367,-0.31009611687812383,0.186082276047674,3724282
259,14,MANIPUR,THOUBAL,-0.07535563244905832,0.15999999999999773,0.179377162629751,0.1998615916954913,28245.289270143316,0.058515839274440505,-0.1929104190695886,0.28444444444444444,485328
717,14,MANIPUR,KAMJONG,-0.19986159169548812,0.010396001537870276,0.03254133025759297,0.05536332179931001,-230203.72744245635,-0.07858114804892659,-0.3014225297962323,0.16000000000000003,2934321
714,14,MANIPUR,NONEI,-0.19291041906957673,0.0068197624302545265,0.02712802768166176,0.04822760476739716,-108657.72271815331,-0.07504595417666551,-0.29287197231833906,0.16000000000000003,1452211
715,14,MANIPUR,PHERZAWL,-0.1929104190695822,8.972116716661942E-4,0.019930795847751353,0.04158400615148101,-211910.2772879903,-0.08065573102920211,-0.28444444444444444,0.17279507881584008,2632958
716,14,MANIPUR,TENGNOUPAL,-0.17937716262976716,0.03254133025759244,0.0553633217993099,0.07972318339100444,-86807.47911828475,-0.057577756907476886,-0.2599000384467512,0.22145328719723184,1511379
712,14,MANIPUR,KANGPOKPI,-0.19291041906957856,0.044844290657441034,0.0629911572472113,0.08421376393694845,-101132.31460919746,-0.04741919018619614,-0.31009611687812383,0.22145328719723184,2143163
711,14,MANIPUR,KAKCHING,-0.09356401384083166,0.14173010380624299,0.1663360246059249,0.19291041906957967,16674.037987077678,0.042495539483244305,-0.2364628988850442,0.2679584775086506,394750
273,17,MEGHALAYA,EAST GARO HILLS,-0.09842368319877152,0.11374086889658226,0.13016532103034512,0.14769703960016778,73960.41599348954,0.037790635132493866,-0.2288965782391388,0.28444444444444444,1961933
274,17,MEGHALAYA,EAST KHASI HILLS,-0.1537870049980875,0.08882737408688682,0.11374086889657357,0.13588619761630022,-24564.175239978387,-0.0069925818414622075,-0.2761399461745483,0.2761399461745483,3519450
657,17,MEGHALAYA,EAST JAINTIA HILLS,-0.14769703960015643,0.075355632449043,0.09842368319877205,0.11909265667050985,-20490.993384559653,-0.008246947754223435,-0.2599000384467512,0.2364628988850442,2489782
277,17,MEGHALAYA,SOUTH GARO HILLS,-0.10851211072664338,0.13588619761632595,0.16000000000000617,0.17937716262975112,108398.81312417178,0.047837790978061796,-0.2679584775086506,0.29287197231833906,2271292
278,17,MEGHALAYA,WEST GARO HILLS,-0.05911572472126321,0.1599999999999862,0.17937716262979367,0.19986159169548948,283831.1115955106,0.08622500019589102,-0.2364628988850442,0.3188927335640138,3298747
279,17,MEGHALAYA,WEST KHASI HILLS,-0.12456747404844633,0.08421376393696102,0.10340638216071997,0.11909265667050951,22461.72604550835,0.004630053711904164,-0.2519646289888504,0.22145328719723184,4859806
276,17,MEGHALAYA,RI-BHOI,-0.10340638216070878,0.10851211072665905,0.12456747404845743,0.14173010380623718,76142.2558476482,0.025895886635761683,-0.2069357939254133,0.31009611687812383,2948155
658,17,MEGHALAYA,SOUTH WEST KHASI HILLS,-0.14769703960015412,0.08882737408688535,0.10851211072664306,0.13016532103037387,-1549.9857069774484,-9.614345390408889E-4,-0.24415224913494812,0.2519646289888504,1617098
663,17,MEGHALAYA,SOUTH WEST GARO HILLS,-0.0044787644302885605,0.17279507881585082,0.18608227604769417,0.20693579392541048,111416.92645203948,0.10770793200805406,-0.13016532103037293,0.31009611687812383,1037207
656,17,MEGHALAYA,NORTH GARO HILLS,-0.06299115724721145,0.1417301038062144,0.16000000000000641,0.17279507881584916,99892.0617622905,0.06455853322270717,-0.16000000000000003,0.29287197231833906,1552862
275,17,MEGHALAYA,WEST JAINTIA HILLS,-0.11909265667051308,0.09356401384084,0.10851211072665272,0.13016532103037529,28612.90292947064,0.012869872307820138,-0.24415224913494812,0.2519646289888504,2229213
262,15,MIZORAM,CHAMPHAI,-0.19291041906958592,0.010396001537870288,0.032541330257592246,0.05536332179930803,-304669.1841323991,-0.07357690760583743,-0.3014225297962323,0.186082276047674,4148573
267,15,MIZORAM,SAIHA,-0.19291041906960155,-0.0017530542581031406,0.016763283674825758,0.0415840061514808,-152028.4722767617,-0.08233687893705244,-0.31009611687812383,0.19986159169550174,1851831
264,15,MIZORAM,LAWNGTLAI,-0.1727950788158485,0.051733948481347644,0.07111111111111755,0.09356401384082436,-113757.496715383,-0.038818450905895946,-0.3188927335640138,0.22145328719723184,2939881
268,15,MIZORAM,SERCHHIP,-0.1998615916954891,-9.33607292629907E-4,0.017777777777777788,0.041584006151480925,-145263.89379636003,-0.08269049859501121,-0.29287197231833906,0.17937716262975778,1762727
263,15,MIZORAM,KOLASIB,-0.19291041906957224,0.02586449902117852,0.055363321799308585,0.08421376393694749,-115746.754960617,-0.06347051337736027,-0.2761399461745483,0.2679584775086506,1828823
266,15,MIZORAM,MAMIT,-0.18608227604769934,0.03254133025759263,0.05911572472126429,0.08882737408688737,-209556.6027928812,-0.05602127019905421,-0.3014225297962323,0.2679584775086506,3748513
265,15,MIZORAM,LUNGLEI,-0.19291041906959655,0.012964079961752339,0.036910418602670685,0.05911572472126366,-390844.2737761585,-0.07105556258055123,-0.3188927335640138,0.22145328719723184,5509505
261,15,MIZORAM,AIZAWL,-0.1998615916954881,0.001684875083678494,0.02105907348450182,0.048227604767395786,-317909.9173650297,-0.08176260161306508,-0.29287197231833906,0.2288965782391388,3898664
613,13,NAGALAND,PAREN,-0.19291041906958378,0.0448442906574463,0.06698961937716967,0.09356401384082436,-113415.81450686029,-0.05020653322177684,-0.29287197231833906,0.21413302575932336,2264628
248,13,NAGALAND,PHEK,-0.19986159169548828,0.015747789311802814,0.03844675124952093,0.06299115724721131,-173227.64462393278,-0.07475124526453487,-0.3014225297962323,0.17279507881584008,2323275
250,13,NAGALAND,WOKHA,-0.1417301038062356,0.06698961937716857,0.08882737408688779,0.11374086889657531,-34588.246286692876,-0.01730386956484341,-0.2519646289888504,0.22145328719723184,2003896
244,13,NAGALAND,DIMAPUR,-0.14769703960015396,0.1476970396001697,0.17937716262978043,0.20693579392539374,30323.7621478137,0.032089183298820205,-0.31009611687812383,0.3014225297962323,949846
245,13,NAGALAND,KOHIMA,-0.19291041906959078,0.03254133025759103,0.051733948481353556,0.07535563244905953,-90286.75454379071,-0.0554421687605676,-0.3014225297962323,0.2069357939254133,1632851
614,13,NAGALAND,KIPHIRE,-0.20693579392541825,0.0222068435217203,0.04822760476739644,0.07111111111111613,-104528.3306556121,-0.07463179166493909,-0.29287197231833906,0.1929104190695886,1404480
251,13,NAGALAND,ZUNHEBOTO,-0.18608227604769367,0.024605920799690924,0.04484429065743775,0.06698961937716215,-119562.5921448005,-0.06115738054439778,-0.29287197231833906,0.17937716262975778,1960862
246,13,NAGALAND,MOKOKCHUNG,-0.14769703960015992,0.06299115724721119,0.0842137639369484,0.1085121107266418,-47306.674307517605,-0.023661089500959496,-0.2599000384467512,0.2364628988850442,2005010
247,13,NAGALAND,MON,-0.17279507881584857,0.07972318339101407,0.09842368319876996,0.12456747404844032,-42679.43202974408,-0.015701996069030787,-0.29287197231833906,0.2599000384467512,2724066
249,13,NAGALAND,TUENSANG,-0.206935793925395,0.013840830449827212,0.03844675124951982,0.059115724721262614,-207542.14681016782,-0.07827758211420979,-0.3014225297962323,0.17279507881584008,2656787
615,13,NAGALAND,LONGLENG,-0.16633602460592442,0.06299115724721116,0.08421376393694843,0.10851211072664786,-21683.131342244495,-0.029673898367076235,-0.2679584775086506,0.2069357939254133,734358
344,21,ODISHA,ANUGUL,-0.09356401384082633,0.15999999999995532,0.18608227604761582,0.2069357939253831,556142.5839822612,0.0729596236079653,-0.22145328719723184,0.3278123798539023,7634552
345,21,ODISHA,BOLANGIR (BALANGIR),-0.041584006151480876,0.1537870049980185,0.16633602460587352,0.18608227604770208,666244.9771843487,0.08528259999627999,-0.19986159169550174,0.3188927335640138,7823364
346,21,ODISHA,BALASORE (BALESHWAR),0.0058487823001623545,0.2364628988850047,0.2519646289888717,0.2761399461745366,659358.4395664749,0.1478153282729707,-0.14769703960015382,0.37425605536332185,4471001
347,21,ODISHA,BARAGARH,-0.04822760476739512,0.20693579392537553,0.2288965782390927,0.2441522491350369,884499.9594207611,0.12649570811229682,-0.186082276047674,0.34602076124567477,7004326
348,21,ODISHA,BHADRAK,-0.038446751249519275,0.2214532871972698,0.24415224913495123,0.2599000384467602,374188.8982413273,0.12492372077165924,-0.14173010380622836,0.34602076124567477,3001803
350,21,ODISHA,CUTTACK,-0.0984236831987676,0.19986159169548398,0.221453287197251,0.24415224913493672,450407.8901311671,0.0980217776140643,-0.21413302575932336,0.3553094963475586,4607070
351,21,ODISHA,DEOGARH,-0.0984236831987645,0.13588619761634166,0.1537870049980624,0.17937716262977463,217243.3586016616,0.06126126919972681,-0.15378700499807765,0.3014225297962323,3554240
352,21,ODISHA,DHENKANAL,-0.059115724721263044,0.15999999999996956,0.17937716262979866,0.19291041906959952,471425.38986114133,0.08848832606327113,-0.17279507881584008,0.31009611687812383,5335603
353,21,ODISHA,GAJAPATI,-0.11374086889657371,0.07972318339101557,0.09842368319876747,0.1190926566705091,31852.527951156768,0.0065166654989294946,-0.28444444444444444,0.2761399461745483,4897594
354,21,ODISHA,GANJAM,-0.08882737408688308,0.1476970396001557,0.1727950788158509,0.1929104190695758,701671.2516607787,0.07050528621420554,-0.2288965782391388,0.3278123798539023,9965454
355,21,ODISHA,JAGATSINGHPUR,-0.0669896193771634,0.21413302575929272,0.236462898885061,0.25196462898884486,266975.27126299456,0.12941199515582227,-0.14769703960015382,0.3553094963475586,2068255
356,21,ODISHA,JAJAPUR,-0.04158400615148088,0.20693579392537875,0.2214532871972024,0.24415224913493044,403915.9864891832,0.11664749742941796,-0.2069357939254133,0.34602076124567477,3471072
357,21,ODISHA,JHARSUGUDA,-0.10340638216071218,0.18608227604767552,0.1998615916954856,0.2214532871972275,262410.078972546,0.10530450160806702,-0.14769703960015382,0.3278123798539023,2499034
358,21,ODISHA,KALAHANDI,-0.11374086889657473,0.15378700499800868,0.17279507881580208,0.19291041906957024,504945.5547542766,0.05383063525221836,-0.2519646289888504,0.3014225297962323,9392589
359,21,ODISHA,KANDHAMAL,-0.11909265667051776,0.051733948481345826,0.06698961937717036,0.08421376393695,-105080.87416105045,-0.01101512190051423,-0.24415224913494812,0.2364628988850442,9552404
360,21,ODISHA,KENDRAPARHA,-0.05173394848135165,0.22145328719721716,0.23646289888500732,0.25196462898884453,416135.99113727896,0.13779001541391606,-0.14769703960015382,0.34602076124567477,3027614
361,21,ODISHA,KEONJHAR (KENDUJHAR),-0.06299115724721124,0.1301653210303389,0.15378700499805292,0.1860822760476992,600528.8870924328,0.060251003222698836,-0.24415224913494812,0.31009611687812383,9980176
362,21,ODISHA,KHORDHA,-0.06698961937716173,0.19291041906959575,0.22145328719721663,0.24415224913493042,341710.29856488976,0.09977289417231312,-0.1929104190695886,0.3553094963475586,3436743
363,21,ODISHA,KORAPUT,-0.13588619761629653,0.09842368319875072,0.11909265667052582,0.14173010380621998,143023.58624489218,0.014445813946883919,-0.3014225297962323,0.2679584775086506,9916232
364,21,ODISHA,MALKANGIRI,-0.13016532103035006,0.0888273740868733,0.10851211072665644,0.13016532103036216,99517.82442745355,0.014631912996979914,-0.2519646289888504,0.2599000384467512,6811277
365,21,ODISHA,MAYURBHANJ,-0.08421376393696224,0.1663360246058381,0.18608227604767374,0.2069357939253878,974990.0474139279,0.07782411126216993,-0.2069357939254133,0.33685505574778934,12543165
366,21,ODISHA,NABARANGAPUR,-0.0935640138408257,0.08882737408687198,0.10851211072665491,0.1301653210303706,108303.9512864908,0.01674926620225268,-0.2364628988850442,0.2519646289888504,6477055
367,21,ODISHA,NAYAGARH,-0.10340638216070563,0.11909265667053069,0.14173010380622864,0.1600000000000087,207151.9023718241,0.044661056194647525,-0.2069357939254133,0.2761399461745483,4646759
368,21,ODISHA,NUAPARHA,-0.07535563244905621,0.12456747404846981,0.14173010380622125,0.1663360246059249,224347.7453414789,0.048938054240856906,-0.2288965782391388,0.29287197231833906,4592599
369,21,ODISHA,PURI,-0.11909265667053227,0.22145328719724303,0.23646289888500865,0.2599000384467579,409430.9286411347,0.09929856872405753,-0.17279507881584008,0.36472126105344094,4132506
370,21,ODISHA,RAYAGARHA,-0.1190926566705164,0.08882737408688025,0.10340638216072397,0.12456747404845459,106180.35575117542,0.012215198470114227,-0.31009611687812383,0.2761399461745483,8707900
371,21,ODISHA,SAMBALPUR,-0.05911572472126268,0.17279507881577114,0.1998615916955797,0.22889657823910867,715673.2118638497,0.08969310799712674,-0.16633602460592078,0.3553094963475586,7991881
372,21,ODISHA,SUBARNAPUR,-0.03688936023653605,0.20693579392537795,0.22145328719723995,0.2364628988850222,355454.1131031578,0.12586295341377723,-0.17937716262975778,0.34602076124567477,2830803
373,21,ODISHA,SUNDARGARH,-0.06299115724721127,0.14769703960015623,0.16633602460586439,0.1929104190695953,857462.1321182706,0.073186378940434,-0.24415224913494812,0.31009611687812383,11732129
349,21,ODISHA,BAUDH (BAUDA),-0.09356401384082741,0.14173010380621717,0.16000000000001385,0.18608227604768865,215867.64543474372,0.05831368322556948,-0.22145328719723184,0.29287197231833906,3710015
598,34,PUDUCHERRY,KARAIKAL,-0.005772898620449305,0.267958477508654,0.2761399461745544,0.2928719723183377,35157.35864702598,0.1942413812153062,-0.14769703960015382,0.37425605536332185,183071
599,34,PUDUCHERRY,MAHE,-0.03543252595155709,0.14769703960015362,0.16000000000000006,0.17279507881583997,935.2901452382785,0.09215866932199178,-0.13016532103037293,0.24415224913494812,10600
600,34,PUDUCHERRY,PUDUCHERRY,0.0129437024777599,0.27613994617454435,0.29287197231834566,0.310096116878127,68548.21647901666,0.20115146063275063,-0.13588619761630144,0.42377547097270285,347013
601,34,PUDUCHERRY,YANAM,-0.09356401384083199,0.2441522491349444,0.2519646289888473,0.2679584775086506,5756.148810336595,0.13048001324837133,-0.11374086889657825,0.33685505574778934,44886
027,03,PUNJAB,AMRITSAR,0.07972318339101409,0.26795847750867463,0.31889273356405695,0.3553094963475619,566047.8585752415,0.16134473917257453,-0.04822760476739715,0.46560553633217994,3515937
605,03,PUNJAB,BARNALA,0.09842368319874893,0.22145328719721674,0.2761399461745265,0.3188927335640375,281789.4864468721,0.15304512764610553,0.004982698961937716,0.4340484429065744,1846179
028,03,PUNJAB,BATHINDA,0.09356401384083103,0.24415224913492817,0.2928719723183311,0.3278123798538935,693801.9233430638,0.15926080841008497,-0.05911572472126105,0.4340484429065744,4365070
029,03,PUNJAB,FARIDKOT,0.09356401384082294,0.23646289888505878,0.2928719723183574,0.33685505574778907,295514.58524109324,0.15617702024832167,-0.01384083044982699,0.4340484429065744,1896994
030,03,PUNJAB,FATEHGARH SAHIB,0.0842137639369564,0.23646289888504557,0.2761399461745248,0.3188927335640408,224388.46459061984,0.15043954077716015,-0.008858131487889272,0.42377547097270285,1496589
651,03,PUNJAB,FAZILKA,0.07535563244904922,0.2441522491349832,0.276139946174546,0.3100961168781239,575691.2483988742,0.15506018321361384,-0.041584006151480196,0.4444444444444444,3719961
031,03,PUNJAB,FIROZPUR,0.08882737408688798,0.23646289888505131,0.28444444444446393,0.3278123798538907,486808.9293174358,0.15799320649557594,-0.0629911572472126,0.4444444444444444,3088898
032,03,PUNJAB,GURDASPUR,0.08882737408688507,0.25196462898886696,0.2928719723183361,0.3368550557477823,566586.4063407365,0.16576635741284224,-0.03844675124951941,0.4444444444444444,3424574
033,03,PUNJAB,HOSHIARPUR,0.06698961937716498,0.2519646289889574,0.2761399461745514,0.3014225297962067,777881.3692192226,0.17569603423708666,-0.05911572472126105,0.42377547097270285,4436125
034,03,PUNJAB,JALANDHAR,0.09842368319876481,0.2761399461745445,0.31009611687810246,0.3460207612456589,621576.2036974804,0.1807081437644678,-0.05536332179930796,0.4444444444444444,3448570
035,03,PUNJAB,KAPURTHALA,0.08882737408688966,0.25990003844676374,0.3014225297962255,0.33685505574778235,365622.6913725695,0.17168473158151062,-0.03254133025759323,0.454963475586313,2138434
036,03,PUNJAB,LUDHIANA,0.09356401384082266,0.2679584775086906,0.3014225297962581,0.3368550557478157,818098.922632165,0.17083321907780938,-0.05536332179930796,0.4340484429065744,4796983
037,03,PUNJAB,MANSA,0.08421376393695613,0.20693579392539604,0.2599000384467612,0.3100961168781244,400828.6833076437,0.14349831270062455,-0.03254133025759323,0.40359861591695495,2800307
038,03,PUNJAB,MOGA,0.10340638216072877,0.23646289888504066,0.29287197231834877,0.3460207612456606,474150.3628238306,0.16243157814524753,-0.010396001537870049,0.4340484429065744,2925171
039,03,PUNJAB,SRI MUKTSAR SAHIB,0.088827374086891,0.2288965782391389,0.2844444444444614,0.33685505574779023,524308.2110035127,0.15376184053913086,-0.044844290657439445,0.4444444444444444,3417177
040,03,PUNJAB,SHAHID BHAGAT SINGH NAGAR,0.08882737408688429,0.2519646289888691,0.27613994617453325,0.30142252979621686,283600.3841321147,0.17234217404820484,-0.05536332179930796,0.41362552864282975,1650822
662,03,PUNJAB,PATHANKOT,0.02118834716571167,0.2599000384467417,0.2844444444444751,0.3100961168781241,218718.79209592013,0.17467427827141385,-0.17279507881584008,0.4340484429065744,1257220
041,03,PUNJAB,PATIALA,0.08421376393695415,0.25196462898884475,0.2928719723183227,0.32781237985390793,654326.2392195904,0.15284984678517713,-0.029773164167627833,0.4340484429065744,4293984
042,03,PUNJAB,RUPNAGAR,0.07111111111111218,0.24415224913492428,0.2679584775086774,0.2844444444444628,297514.07830531703,0.1662941990991135,-0.07111111111111111,0.40359861591695495,1795740
043,03,PUNJAB,SANGRUR,0.09842368319876899,0.2288965782391295,0.27613994617453674,0.31889273356402903,719450.3896533033,0.15460004933688237,-0.04822760476739715,0.4340484429065744,4664151
608,03,PUNJAB,SAS NAGAR (SAHIBZADA AJIT SINGH NAGAR),0.07535563244905596,0.2679584775086812,0.29287197231833834,0.3188927335640333,246318.16800906125,0.17386598948061513,-0.06698961937716265,0.41362552864282975,1423227
609,03,PUNJAB,TARN TARAN,0.08882737408688388,0.23646289888506045,0.29287197231835727,0.34602076124566067,491713.4381630455,0.15601426998496357,-0.04822760476739715,0.454963475586313,3158113
086,08,RAJASTHAN,AJMER,-0.03689107632058964,0.16000000000000322,0.18608227604770225,0.21413302575932136,820330.2151993437,0.07782294390658688,-0.19986159169550174,0.34602076124567477,10557272
087,08,RAJASTHAN,ALWAR,0.02593507952479737,0.2214532871972134,0.25196462898884453,0.2844444444444678,1607932.3020679282,0.15243052255848633,-0.15378700499807765,0.42377547097270285,10566667
088,08,RAJASTHAN,BANSWARA,-0.10340638216071041,0.10340638216073637,0.12456747404846871,0.1537870049980867,145500.1651240062,0.026509149755009877,-0.2069357939254133,0.3014225297962323,5496965
089,08,RAJASTHAN,BARAN,-0.04822760476739581,0.11374086889659447,0.1417301038062211,0.1793771626297564,433028.1763487403,0.05028382561737689,-0.21413302575932336,0.3278123798539023,8624299
090,08,RAJASTHAN,BARMER,-0.03254133025759288,0.16633602460583827,0.18608227604770486,0.2069357939253885,3038785.5320216995,0.0864212408738428,-0.19986159169550174,0.3553094963475586,35184293
091,08,RAJASTHAN,BHARATPUR,0.07972318339100563,0.22145328719722165,0.25990003844676546,0.29287197231835754,1017931.4027878039,0.16031576500844005,-0.11374086889657825,0.40359861591695495,6364210
092,08,RAJASTHAN,BHILWARA,-0.03688712563733965,0.14769703960017488,0.1727950788158506,0.20693579392540093,1019420.3733813863,0.07864219956943846,-0.186082276047674,0.33685505574778934,12977374
093,08,RAJASTHAN,BIKANER,0.013021848664994772,0.1929104190695525,0.21413302575926407,0.24415224913492883,4250872.974568947,0.1110616470111802,-0.17279507881584008,0.39369473279507883,38299184
094,08,RAJASTHAN,BUNDI,-0.0016987670600639843,0.19291041906957132,0.21413302575927665,0.2364628988850409,744752.8142250153,0.10429330827132807,-0.17937716262975778,0.33685505574778934,7150747
095,08,RAJASTHAN,CHITTAURGARH,-0.09356401384082375,0.12456747404846827,0.14769703960016559,0.17279507881584902,537782.5470628412,0.05596670179341527,-0.1929104190695886,0.3278123798539023,9628634
096,08,RAJASTHAN,CHURU,0.025989028659982105,0.1727950788158241,0.19986159169548515,0.22889657823913698,1948839.6560888926,0.11104463039327266,-0.11909265667051133,0.3839138792772011,17570047
097,08,RAJASTHAN,DAUSA,0.025970250339151797,0.19986159169548354,0.22145328719721197,0.251964628988845,558576.5922801401,0.1307433061884223,-0.13016532103037293,0.3839138792772011,4282491
098,08,RAJASTHAN,DHAULPUR,0.005790860537406919,0.20693579392538233,0.23646289888501648,0.2599000384467796,538513.7858050116,0.1421490267599806,-0.14173010380622836,0.39369473279507883,3796325
099,08,RAJASTHAN,DUNGARPUR,-0.06299115724721131,0.11909265667052578,0.13588619761631113,0.16633602460592464,211953.43989770685,0.04610922611828558,-0.2288965782391388,0.3014225297962323,4604348
101,08,RAJASTHAN,HANUMANGARH,0.0370819531416415,0.18608227604769018,0.22145328719722218,0.26795847750865914,1567547.0382380718,0.12630662540403026,-0.08421376393694734,0.42377547097270285,12428490
102,08,RAJASTHAN,JAIPUR,-0.0016850578273350724,0.2069357939253783,0.22889657823910484,0.25990003844678045,1722204.5552704767,0.12352448883241698,-0.2069357939254133,0.3839138792772011,13958482
103,08,RAJASTHAN,JAISALMER,-0.029773164167627812,0.18608227604765692,0.20693579392538045,0.22889657823912188,4456253.655060184,0.09250898630953286,-0.1929104190695886,0.3839138792772011,48195167
104,08,RAJASTHAN,JALOR,-0.05173394848135328,0.14769703960016944,0.16633602460588598,0.19291041906959056,914666.4524080497,0.06974207894361707,-0.2069357939254133,0.33685505574778934,13130168
105,08,RAJASTHAN,JHALAWAR,-0.0482276047673947,0.12456747404846762,0.14769703960016797,0.17279507881584905,426355.39379829465,0.054870134309786565,-0.17279507881584008,0.3188927335640138,7785147
106,08,RAJASTHAN,JHUNJHUNUN,0.05911572472126453,0.21413302575925652,0.236462898885022,0.2679584775086585,1126927.533784452,0.15046418798758132,-0.16633602460592078,0.40359861591695495,7500078
107,08,RAJASTHAN,JODHPUR,-0.025825967291996696,0.1537870049980406,0.17279507881584788,0.20693579392539763,2203470.17504864,0.07776790245323678,-0.1929104190695886,0.3839138792772011,28354930
108,08,RAJASTHAN,KARAULI,-0.0017001734142881011,0.19291041906956857,0.22145328719721777,0.24415224913493785,746301.2714372129,0.11931116196306697,-0.16000000000000003,0.37425605536332185,6265890
100,08,RAJASTHAN,GANGANAGAR,0.03254133025759339,0.19291041906958448,0.23646289888505173,0.27613994617453014,1697064.702571508,0.12131375483765607,-0.08421376393694734,0.40359861591695495,14004924
109,08,RAJASTHAN,KOTA,-0.012941496065504154,0.16000000000000883,0.19291041906959155,0.2214532871972315,501777.0505855312,0.07999670606696493,-0.17279507881584008,0.3553094963475586,6284796
110,08,RAJASTHAN,NAGAUR,-0.036863043874341826,0.14173010380623494,0.1663360246059069,0.19986159169548884,1607452.4352953816,0.07205182058156648,-0.1929104190695886,0.3553094963475586,22328531
111,08,RAJASTHAN,PALI,-0.0553633217993068,0.14173010380622647,0.16000000000001202,0.18608227604769303,893689.5779890151,0.05826584433394039,-0.2069357939254133,0.3278123798539023,15355856
629,08,RAJASTHAN,PRATAPGARH,-0.08882737408688973,0.06698961937717171,0.08421376393695375,0.10851211072664312,33978.96942009815,0.006263513533058227,-0.21413302575932336,0.2679584775086506,5433909
112,08,RAJASTHAN,RAJ SAMAND,-0.05911572472126322,0.1417301038062324,0.1663360246059121,0.18608227604768982,407631.4854682438,0.07138991560270953,-0.21413302575932336,0.3188927335640138,5723908
113,08,RAJASTHAN,SAWAI MADHOPUR,0.0017464163089430315,0.19291041906956538,0.2141330257593029,0.23646289888505884,731397.0787230677,0.11702133711020003,-0.15378700499807765,0.36472126105344094,6261504
114,08,RAJASTHAN,SIKAR,0.04484429065743802,0.19986159169548298,0.22145328719720536,0.2441522491349303,1312623.4135886375,0.1348639058704218,-0.14769703960015382,0.37425605536332185,9747199
115,08,RAJASTHAN,SIROHI,-0.06698961937716447,0.13588619761633758,0.1600000000000063,0.17937716262976428,356415.2229704026,0.05646332238208318,-0.2288965782391388,0.31009611687812383,6321547
116,08,RAJASTHAN,TONK,-0.025858300109052365,0.17279507881585104,0.19986159169548562,0.2288965782391428,915196.3556098087,0.10231040241257204,-0.16000000000000003,0.3553094963475586,8958642
117,08,RAJASTHAN,UDAIPUR,-0.07972318339101156,0.11374086889659538,0.13588619761632706,0.16000000000000744,585244.804232768,0.04076740978373681,-0.24415224913494812,0.3188927335640138,14373207
225,11,SIKKIM,EAST,-0.221453287197217,-0.005815910807558321,0.016776444620769482,0.04158400615148103,-106599.10348098232,-0.09052110992531912,-0.33685505574778934,0.16633602460592078,1180616
226,11,SIKKIM,NORTH,-0.2141330257592609,-0.004494360992512905,0.01574778931180281,0.03543252595155852,-487753.23584242247,-0.09153856333402208,-0.3188927335640138,0.12456747404844293,5335204
227,11,SIKKIM,SOUTH,-0.22889657823914383,0.012977053306638864,0.036897770109445345,0.059115724721262496,-77292.64404312785,-0.08408061664576424,-0.3278123798539023,0.17937716262975778,922577
228,11,SIKKIM,WEST,-0.2288965782391162,-0.012056901191848579,0.01574778931180285,0.04158400615148104,-157921.81837892934,-0.10465299659342436,-0.3188927335640138,0.16633602460592078,1512801
610,33,TAMIL NADU,ARIYALUR,-0.021086918384034408,0.22145328719724663,0.2441522491349262,0.26795847750865226,325881.9767464912,0.1477900925863588,-0.17937716262975778,0.41362552864282975,2209715
730,33,TAMIL NADU,CHENGALPATTU,-0.021056171872128916,0.2761399461745128,0.30142252979617995,0.31889273356404446,598181.2172096547,0.19179770648461758,-0.16633602460592078,0.454963475586313,3125557
568,33,TAMIL NADU,CHENNAI,0.001677243812632547,0.2599000384467866,0.2761399461745398,0.29287197231834605,72314.65499092528,0.1886569060618637,-0.11909265667051133,0.3839138792772011,385506
569,33,TAMIL NADU,COIMBATORE,-0.1417301038062355,0.14769703960017658,0.17279507881585096,0.19986159169548537,284243.8778588315,0.05289618320747548,-0.37425605536332185,0.34602076124567477,5383851
570,33,TAMIL NADU,CUDDALORE,-0.032541330257593606,0.2441522491349785,0.2679584775086863,0.29287197231835804,688028.1086233121,0.16289385248530822,-0.186082276047674,0.42377547097270285,4233341
571,33,TAMIL NADU,DHARMAPURI,-0.07535563244905899,0.13588619761633786,0.15378700499806347,0.17279507881584943,294294.5566290734,0.05724711551092657,-0.2069357939254133,0.3014225297962323,5150772
572,33,TAMIL NADU,DINDIGUL,-0.13588619761630413,0.14769703960017658,0.17279507881585068,0.19986159169548717,341168.8295043255,0.049591354706941676,-0.33685505574778934,0.37425605536332185,6891183
573,33,TAMIL NADU,ERODE,-0.09842368319876864,0.18608227604765945,0.2141330257592766,0.22889657823912393,457496.0540704202,0.07848211781704083,-0.28444444444444444,0.36472126105344094,5843263
574,33,TAMIL NADU,KANCHIPURAM,-0.02977316416762802,0.267958477508696,0.292871972318347,0.3100961168781223,366925.89596558036,0.18324105384546893,-0.13016532103037293,0.4444444444444444,2010389
729,33,TAMIL NADU,KALLAKKURICHI,-0.04158400615148099,0.22889657823909934,0.2519646289888936,0.2761399461745434,540181.9965664503,0.13391465239563585,-0.2364628988850442,0.41362552864282975,4041352
575,33,TAMIL NADU,KANYAKUMARI,-0.17937716262975079,0.13016532103035058,0.15378700499808762,0.17937716262977477,20666.12163273467,0.010891213828048463,-0.34602076124567477,0.31009611687812383,1902020
576,33,TAMIL NADU,KARUR,-0.05911572472126385,0.17279507881585038,0.20693579392539083,0.23646289888505825,241656.70203047807,0.07311045150761242,-0.186082276047674,0.39369473279507883,3313874
578,33,TAMIL NADU,MADURAI,-0.08421376393694754,0.2141330257592348,0.24415224913494565,0.26795847750868274,467394.28093625465,0.1110857307985948,-0.29287197231833906,0.40359861591695495,4217505
587,33,TAMIL NADU,NILGIRIS,-0.17937716262975248,0.05173394848134608,0.06698961937716917,0.08421376393694546,-73842.05257258327,-0.026629937262550765,-0.37425605536332185,0.22145328719723184,2779224
579,33,TAMIL NADU,NAGAPATTINAM,-0.08421376393694747,0.2441522491349328,0.2599000384467699,0.27613994617454823,459715.37630211655,0.1573907081281085,-0.14173010380622836,0.40359861591695495,2930267
580,33,TAMIL NADU,NAMAKKAL,-0.07535563244905807,0.17279507881585085,0.1998615916954863,0.22889657823915238,315879.443980579,0.08104057912520282,-0.3014225297962323,0.3839138792772011,3905479
581,33,TAMIL NADU,PERAMBALUR,-0.009612288574701646,0.19986159169548415,0.22145328719720064,0.24415224913492756,236873.73062910596,0.11832604554851764,-0.17937716262975778,0.39369473279507883,2007167
582,33,TAMIL NADU,PUDUKKOTTAI,-0.041584006151480904,0.19291041906954584,0.21413302575928642,0.23646289888505553,579380.7896569745,0.10956612256268934,-0.186082276047674,0.3839138792772011,5299699
583,33,TAMIL NADU,RAMANATHAPURAM,-0.036954696507004156,0.2679584775086949,0.3014225297961815,0.3278123798539177,697557.3759287735,0.14981612217882526,-0.2288965782391388,0.4340484429065744,4668989
731,33,TAMIL NADU,RANIPPETTAI,-0.02586079745013235,0.2599000384467969,0.2761399461745707,0.30142252979620787,364744.5479287507,0.17190536037990517,-0.186082276047674,0.4340484429065744,2128423
584,33,TAMIL NADU,SALEM,-0.09356401384082412,0.153787004998035,0.17937716262980324,0.1998615916954856,452467.54266906064,0.0660060864386346,-0.2761399461745483,0.34602076124567477,6871944
585,33,TAMIL NADU,SIVAGANGA,-0.03689120408135864,0.228896578239116,0.25990003844675835,0.2928719723183232,584476.6967314797,0.1213985325020203,-0.19986159169550174,0.4340484429065744,4827074
588,33,TAMIL NADU,TENI,-0.1663360246059245,0.13588619761633308,0.15999999999999875,0.18608227604769123,102955.39978113864,0.03164000302423425,-0.36472126105344094,0.3278123798539023,3260399
733,33,TAMIL NADU,TENKASI,-0.11909265667050889,0.1998615916954841,0.22889657823912182,0.2519646289888448,302136.09845197597,0.09496313529211467,-0.2761399461745483,0.40359861591695495,3188221
586,33,TAMIL NADU,THANJAVUR,-0.01676069686724716,0.23646289888499594,0.25196462898884453,0.2679584775086765,624746.3907739101,0.16029323848875215,-0.16633602460592078,0.3839138792772011,3908681
590,33,TAMIL NADU,THIRUVARUR,-0.06698961937716434,0.25196462898894395,0.26795847750869567,0.28444444444447176,446994.36440146295,0.17350614183847063,-0.14769703960015382,0.41362552864282975,2584269
591,33,TAMIL NADU,TIRUCHIRAPALLI,-0.0591157247212633,0.19291041906958575,0.22145328719721075,0.24415224913493094,484899.4243978723,0.09476437996726933,-0.2519646289888504,0.3839138792772011,5131417
592,33,TAMIL NADU,TIRUNELVELI,-0.11374086889657453,0.2214532871972408,0.2519646289888737,0.2844444444444718,399530.2336406554,0.09100067940814487,-0.28444444444444444,0.4444444444444444,4398780
634,33,TAMIL NADU,TIRUPPUR,-0.08882737408688178,0.15378700499805073,0.17937716262978862,0.206935793925397,391791.10712056595,0.06622991042565696,-0.34602076124567477,0.34602076124567477,5928070
732,33,TAMIL NADU,TIRUPPATTUR,-0.07972318339100404,0.14769703960017522,0.17279507881585074,0.1929104190695726,167889.25624701963,0.06927209451136397,-0.2288965782391388,0.31009611687812383,2429659
589,33,TAMIL NADU,TIRUVALLUR,-0.05911572472126281,0.25196462898895816,0.27613994617454013,0.30142252979619744,593301.7473419041,0.1599737433394913,-0.21413302575932336,0.42377547097270285,3721243
593,33,TAMIL NADU,TIRUVANNAMALAI,-0.051733948481351745,0.2441522491350505,0.25990003844679205,0.284444444444474,1015156.4128689951,0.14352650860860655,-0.21413302575932336,0.4444444444444444,7086228
594,33,TAMIL NADU,TUTICORIN,-0.0517339484813529,0.2441522491349421,0.267958477508688,0.3014225297961996,685023.7171248954,0.1277054977137354,-0.3014225297962323,0.4444444444444444,5373009
595,33,TAMIL NADU,VELLORE,-0.05536332179930657,0.19291041906955095,0.22145328719720797,0.244152249134931,240422.25896858386,0.09945588824397573,-0.22145328719723184,0.37425605536332185,2425418
596,33,TAMIL NADU,VILLUPURAM,-0.009645786487725601,0.27613994617450344,0.3014225297962368,0.33685505574781766,760567.1110936318,0.1816902286081481,-0.16633602460592078,0.48725874663590923,4197052
597,33,TAMIL NADU,VIRUDHUNAGAR,-0.07535563244905935,0.23646289888500452,0.25990003844675114,0.29287197231835566,588315.3450395186,0.12240931228627776,-0.3188927335640138,0.41362552864282975,4816093
577,33,TAMIL NADU,KRISHNAGIRI,-0.08882737408688851,0.13016532103034129,0.1537870049980596,0.17937716262977954,263800.66554705333,0.044871532596986084,-0.2761399461745483,0.3278123798539023,5891097
501,36,TELANGANA,ADILABAD,-0.08421376393694556,0.07535563244905348,0.09356401384082677,0.11909265667051414,59166.26771832853,0.012493211280401576,-0.2288965782391388,0.2761399461745483,4743469
507,36,TELANGANA,HYDERABAD,0.01993079584775082,0.19986159169548448,0.20693579392538974,0.22145328719723592,32650.913727457064,0.14568298918765346,-0.07535563244905807,0.2761399461745483,225991
508,36,TELANGANA,KARIMNAGAR,-9.225287957913514E-4,0.20693579392538078,0.22145328719720297,0.24415224913493264,345382.6167918901,0.14642350227767437,-0.16000000000000003,0.3278123798539023,2364683
690,36,TELANGANA,BHADRADRI KOTHAGUDEM,-0.07535563244905777,0.16633602460587957,0.19291041906957315,0.22145328719721968,579726.8537528552,0.071570975621184,-0.21413302575932336,0.33685505574778934,8112200
512,36,TELANGANA,MAHABUBNAGAR,-0.0711111111111143,0.10851211072665645,0.13016532103037926,0.15378700499808307,110537.27243867339,0.03380854496638522,-0.2288965782391388,0.2599000384467512,3277821
692,36,TELANGANA,SIDDIPET,-0.06698961937716191,0.1476970396001741,0.1663360246059179,0.1860822760476911,327829.8400412476,0.07528884171840255,-0.17279507881584008,0.3014225297962323,4362172
514,36,TELANGANA,NALGONDA,-0.07972318339100788,0.17279507881577516,0.19291041906956027,0.21413302575930712,627050.3986296842,0.07455250065703224,-0.2364628988850442,0.36472126105344094,8420108
516,36,TELANGANA,NIZAMABAD,-0.08421376393694582,0.14769703960016448,0.16633602460589056,0.18608227604769764,363010.0341063147,0.07308775001418767,-0.1929104190695886,0.3014225297962323,4973584
518,36,TELANGANA,RANGAREDDY,-0.0629911572472113,0.1301653210303471,0.15378700499806577,0.17937716262979064,291154.3941848548,0.04983778679300096,-0.2519646289888504,0.28444444444444444,5852435
720,36,TELANGANA,MULUGU,-0.09356401384082476,0.1358861976163343,0.1600000000000077,0.18608227604769828,219046.90535308732,0.04339872463821862,-0.2069357939254133,0.3014225297962323,5054976
695,36,TELANGANA,JOGULAMBA GADWAL,-0.07972318339100776,0.09842368319876238,0.12456747404845393,0.15378700499808276,64232.842580291705,0.021473679864946093,-0.2069357939254133,0.2679584775086506,2996596
699,36,TELANGANA,KUMURAM BHEEM,-0.07972318339100978,0.09356401384084015,0.1190926566705233,0.14769703960016278,136432.92703902355,0.025402306393143566,-0.19986159169550174,0.2679584775086506,5379788
684,36,TELANGANA,MANCHERIAL,-0.07535563244905602,0.14769703960017355,0.16633602460591462,0.1929104190695816,258259.84247028612,0.056696030108533656,-0.2519646289888504,0.3014225297962323,4563416
680,36,TELANGANA,NIRMAL,-0.08882737408688635,0.11909265667052925,0.14173010380621354,0.16633602460592495,156238.1616589819,0.03558144365765989,-0.1929104190695886,0.3014225297962323,4400168
685,36,TELANGANA,KAMAREDDY,-0.09356401384082802,0.1245674740484709,0.14769703960016695,0.16633602460592486,204693.81124487013,0.04643355882820717,-0.2069357939254133,0.2761399461745483,4417377
691,36,TELANGANA,SANGAREDDY,-0.11374086889657574,0.1190926566705267,0.14173010380623455,0.16633602460591101,163521.25707790416,0.03131083885702327,-0.22145328719723184,0.2761399461745483,5234286
694,36,TELANGANA,NAGARKURNOOL,-0.10340638216071271,0.09356401384084512,0.11909265667052463,0.14173010380622567,123191.87999807257,0.017060792765156027,-0.2519646289888504,0.2761399461745483,7230954
693,36,TELANGANA,WANAPARTHY,-0.07535563244905694,0.11909265667052606,0.1417301038062188,0.16633602460592445,98348.74708136407,0.03875446375772894,-0.19986159169550174,0.2599000384467512,2543857
721,36,TELANGANA,NARAYANPET,-0.09842368319876516,0.09356401384082857,0.11909265667051777,0.1417301038062368,17593.859900994925,0.006267305521394622,-0.2288965782391388,0.2679584775086506,2813898
698,36,TELANGANA,VIKARABAD,-0.0935640138408247,0.08421376393696048,0.10340638216072152,0.1245674740484445,38444.59338360318,0.008870900872488801,-0.24415224913494812,0.24415224913494812,4341820
700,36,TELANGANA,MEDCHAL-MALKAJGIRI,-0.029773164167628187,0.17937716262980943,0.19291041906960438,0.20693579392539255,131846.66296097403,0.10464858547157821,-0.21413302575932336,0.28444444444444444,1263977
697,36,TELANGANA,YADADRI BHUVANAGIRI,-0.044844290657438085,0.15999999999998746,0.17937716262979778,0.19986159169548645,300621.8480251705,0.07950768987735947,-0.21413302575932336,0.3278123798539023,3788544
696,36,TELANGANA,SURYAPET,-0.005714421198102782,0.2069357939253764,0.2214532871972457,0.2441522491349285,583262.9425904398,0.13884905911236436,-0.21413302575932336,0.36472126105344094,4207558
509,36,TELANGANA,KHAMMAM,-0.02586420412045109,0.19291041906957487,0.20693579392538378,0.22889657823914503,629408.3624625866,0.11503651532672114,-0.2069357939254133,0.33685505574778934,5483474
688,36,TELANGANA,MAHABUBABAD,-0.04822760476739443,0.17937716262982095,0.19986159169548373,0.22145328719721655,385744.42754869047,0.09288933806242518,-0.186082276047674,0.3278123798539023,4159758
689,36,TELANGANA,JANGAON,-0.036889765791928146,0.17279507881585107,0.1860822760477068,0.20693579392539413,258146.31507279002,0.09080718047764091,-0.2288965782391388,0.34602076124567477,2848930
686,36,TELANGANA,WARANGAL (URBAN),-0.016794675994100457,0.20693579392538286,0.22145328719721785,0.23646289888505856,179548.24293457076,0.13128696133442347,-0.1929104190695886,0.33685505574778934,1371299
522,36,TELANGANA,WARANGAL (RURAL),-0.012056901191849356,0.18608227604771385,0.1998615916954844,0.22145328719723406,314195.34705027204,0.11967537143134065,-0.16000000000000003,0.33685505574778934,2631366
687,36,TELANGANA,JAYASHANKAR BHUPALAPALLY,-0.08421376393694778,0.15378700499807826,0.17279507881585068,0.19291041906957856,232526.06004365103,0.06867784054864708,-0.2069357939254133,0.3014225297962323,3392864
682,36,TELANGANA,PEDDAPALLI,-0.05536332179930675,0.2069357939253762,0.22889657823911258,0.24415224913493086,330523.22856934293,0.1278127011169299,-0.17279507881584008,0.33685505574778934,2590845
681,36,TELANGANA,JAGTIAL,-0.048227604767395564,0.1860822760476225,0.1998615916954839,0.22145328719720994,357233.7769390801,0.10491787754447168,-0.186082276047674,0.31009611687812383,3410637
683,36,TELANGANA,RANJANNA SIRCILLA,-0.07535563244905935,0.14769703960017003,0.16633602460591046,0.18608227604768876,154450.66997692038,0.07254144176777282,-0.16633602460592078,0.29287197231833906,2133794
513,36,TELANGANA,MEDAK,-0.04484429065743851,0.135886197616333,0.15378700499808245,0.17279507881584888,238028.50686783638,0.07376379613974679,-0.19986159169550174,0.2679584775086506,3235035
269,16,TRIPURA,DHALAI,-0.06698961937716397,0.14769703960016733,0.17279507881584982,0.1998615916954909,169468.99701213263,0.06093672674604971,-0.2288965782391388,0.34602076124567477,2787504
654,16,TRIPURA,GOMATI,-0.04158400615148088,0.17937716262979025,0.20693579392539205,0.23646289888505803,181325.47798230196,0.09202876288040689,-0.17279507881584008,0.3553094963475586,1976295
652,16,TRIPURA,KHOWAI,-0.04158400615148085,0.19986159169548678,0.2288965782391291,0.2519646289888452,135445.99792759752,0.10547741288682783,-0.15378700499807765,0.3553094963475586,1288086
270,16,TRIPURA,NORTH TRIPURA,-0.07972318339100347,0.1793771626297513,0.2069357939254054,0.23646289888505348,110138.51672103819,0.06694917016891656,-0.19986159169550174,0.34602076124567477,1650811
653,16,TRIPURA,SEPAHIJALA,0.009672885603160123,0.22145328719720828,0.24415224913492858,0.2679584775086507,180839.92059414467,0.14024048455342727,-0.15378700499807765,0.36472126105344094,1294414
271,16,TRIPURA,SOUTH TRIPURA,-0.013840830449826971,0.18608227604770705,0.20693579392539177,0.22889657823912687,196143.1565606075,0.11049676241956398,-0.14173010380622836,0.33685505574778934,1781389
655,16,TRIPURA,UNOKOTI,-0.04822760476739587,0.19291041906960746,0.22145328719721646,0.24415224913493208,77442.11837644527,0.0918258511352778,-0.14769703960015382,0.33685505574778934,846595
272,16,TRIPURA,WEST TRIPURA,-0.0017016668265590186,0.2441522491349257,0.267958477508658,0.28444444444445605,181706.98113365017,0.15782540956725422,-0.14173010380622836,0.37425605536332185,1154860
118,09,UTTAR PRADESH,AGRA,0.0711111111111102,0.24415224913493438,0.26795847750868573,0.29287197231832296,845169.1536165514,0.16673496681057726,-0.13588619761630144,0.39369473279507883,5084762
119,09,UTTAR PRADESH,ALIGARH,0.10340638216071772,0.24415224913492548,0.28444444444446854,0.31009611687809824,829925.4222747927,0.17711374994045334,-0.07111111111111111,0.40359861591695495,4695914
121,09,UTTAR PRADESH,AMBEDKARNAGAR,0.07535563244905848,0.2599000384467941,0.27613994617453413,0.2928719723183219,533829.5451306604,0.1840628663564508,-0.09356401384083046,0.37425605536332185,2907631
640,09,UTTAR PRADESH,AMETHI,0.10851211072664346,0.25990003844680565,0.2761399461745574,0.2928719723183332,564281.2404077651,0.18688668552110793,-0.0629911572472126,0.37425605536332185,3027141
154,09,UTTAR PRADESH,AMROHA,0.09356401384082971,0.26795847750870083,0.29287197231830886,0.31889273356404396,660830.5606633306,0.2112634214647967,-0.044844290657439445,0.41362552864282975,3135410
122,09,UTTAR PRADESH,AURAIYA,0.06698961937716252,0.22889657823911197,0.25196462898884453,0.27613994617453996,387435.8253657885,0.15378545591669468,-0.11909265667051133,0.3839138792772011,2525028
123,09,UTTAR PRADESH,AZAMGARH,0.084213763936944,0.2599000384468232,0.2844444444444776,0.30142252979617906,948087.8131604659,0.181141113387835,-0.1085121107266436,0.3839138792772011,5243512
133,09,UTTAR PRADESH,BUDAUN,0.07535563244905731,0.24415224913496303,0.27613994617454113,0.31009611687811994,945438.1465487061,0.17575019947610068,-0.09842368319876971,0.41362552864282975,5388312
124,09,UTTAR PRADESH,BAGHPAT,0.10851211072664298,0.267958477508696,0.3014225297962257,0.3368550557477914,354660.4306570441,0.21021445491048493,-0.04822760476739715,0.42377547097270285,1691561
125,09,UTTAR PRADESH,BAHRAICH,-0.004485758813005294,0.24415224913502728,0.26795847750869023,0.28444444444446965,1050877.7686158572,0.16860680914815976,-0.1085121107266436,0.37425605536332185,6244557
126,09,UTTAR PRADESH,BALLIA,-0.05536332179930671,0.25990003844678705,0.2761399461745334,0.2928719723183189,605803.8528656536,0.16333863782253785,-0.14769703960015382,0.3839138792772011,3717530
127,09,UTTAR PRADESH,BALRAMPUR,0.01683069284629008,0.22889657823909554,0.25196462898887967,0.26795847750867335,648927.4513211147,0.15437536208729827,-0.11909265667051133,0.39369473279507883,4212204
128,09,UTTAR PRADESH,BANDA,0.04158400615148051,0.206935793925382,0.22889657823911558,0.2599000384467812,817121.0436108008,0.14847522987362305,-0.11909265667051133,0.37425605536332185,5516307
129,09,UTTAR PRADESH,BARABANKI,0.05173394848135339,0.2599000384467995,0.2761399461745252,0.29287197231832274,907918.0669928568,0.18870187911092587,-0.1085121107266436,0.40359861591695495,4821092
130,09,UTTAR PRADESH,BAREILLY,0.0888273740868845,0.2679584775087074,0.29287197231835804,0.3100961168781183,1030684.1962185797,0.19718757680314075,-0.08882737408688965,0.40359861591695495,5236856
131,09,UTTAR PRADESH,BASTI,-0.0017251026146813825,0.24415224913501107,0.2679584775086899,0.2844444444444701,603505.257862741,0.17328244565678957,-0.13588619761630144,0.37425605536332185,3489747
179,09,UTTAR PRADESH,BHADOHI,0.017777777777777757,0.2844444444444812,0.3014225297962129,0.31889273356405184,253740.2570601041,0.2024920005381365,-0.11374086889657825,0.3839138792772011,1258326
132,09,UTTAR PRADESH,BIJNOR,0.05911572472126193,0.25990003844689674,0.27613994617447973,0.3014225297961827,1188054.3268239202,0.201720562519415,-0.1085121107266436,0.39369473279507883,5897437
134,09,UTTAR PRADESH,BULANDSHAHR,0.1034063821607127,0.2679584775086937,0.29287197231833967,0.3278123798539025,867757.5967962138,0.1946610187123638,-0.07972318339100345,0.41362552864282975,4465675
135,09,UTTAR PRADESH,CHANDAULI,-0.021065361309463286,0.2519646289889234,0.2761399461744995,0.3014225297961947,484577.69389918237,0.154208613003201,-0.14769703960015382,0.3839138792772011,3149762
136,09,UTTAR PRADESH,CHITRAKOOT,-0.0057163659241373805,0.19291041906956272,0.21413302575930507,0.2441522491349373,475515.612571515,0.120786819654745,-0.13588619761630144,0.36472126105344094,3947058
137,09,UTTAR PRADESH,DEORIA,0.07111111111111029,0.267958477508699,0.2844444444444777,0.30142252979619194,576447.6893394545,0.18243629609686635,-0.13588619761630144,0.3839138792772011,3167421
140,09,UTTAR PRADESH,AYODHYA,0.012056901191849347,0.2519646289889482,0.26795847750869,0.28444444444446954,629323.1663817738,0.18752239680546634,-0.12456747404844293,0.37425605536332185,3363207
138,09,UTTAR PRADESH,ETAH,0.0984236831987695,0.24415224913492864,0.27613994617452553,0.3014225297962119,546927.5738195998,0.17947522099315819,-0.041584006151480196,0.40359861591695495,3057112
139,09,UTTAR PRADESH,ETAWAH,0.048227604767397424,0.2364628988850388,0.25990003844674275,0.28444444444446015,475486.7625293704,0.16363384422683677,-0.13588619761630144,0.3839138792772011,2912455
141,09,UTTAR PRADESH,FARRUKHABAD,0.032541330257593516,0.2519646289889038,0.2844444444444751,0.3100961168781295,486623.8984534188,0.17763926782005113,-0.10340638216070744,0.41362552864282975,2746061
142,09,UTTAR PRADESH,FATEHPUR,0.02712802768166085,0.2288965782391081,0.2519646289888468,0.27613994617454857,826710.5401849253,0.15989189289783098,-0.1085121107266436,0.37425605536332185,5179341
143,09,UTTAR PRADESH,FIROZABAD,0.09842368319877215,0.24415224913492486,0.276139946174544,0.3014225297962068,537135.5508631581,0.17696863024379897,-0.07535563244905807,0.39369473279507883,3043033
144,09,UTTAR PRADESH,GAUTAMBUDHNAGAR,0.09356401384082529,0.2844444444444767,0.30142252979618067,0.3188927335640361,339891.4421477187,0.1895976568755295,-0.019930795847750864,0.39369473279507883,1799130
146,09,UTTAR PRADESH,GAZIPUR,-0.013010870647185542,0.26795847750870344,0.28444444444447975,0.3014225297962019,791123.2430539776,0.18913067779480158,-0.12456747404844293,0.3839138792772011,4191005
145,09,UTTAR PRADESH,GHAZIABAD,0.10340638216070683,0.2928719723183647,0.31889273356405634,0.3368550557477834,253639.51903305654,0.21865954050255743,-0.03844675124951941,0.41362552864282975,1164347
147,09,UTTAR PRADESH,GONDA,0.09356401384082766,0.25196462898898814,0.26795847750869806,0.2844444444444713,953450.4582129578,0.1911472160870807,-0.11374086889657825,0.36472126105344094,4997607
148,09,UTTAR PRADESH,GORAKHPUR,0.04158400615148071,0.25990003844679355,0.28444444444447897,0.3014225297962198,708452.733727497,0.17043746073082158,-0.13588619761630144,0.3839138792772011,4167218
149,09,UTTAR PRADESH,HAMIRPUR,0.037074526757330584,0.20693579392538167,0.22889657823911852,0.2519646289888447,653910.9388515016,0.13549390896479108,-0.17937716262975778,0.3553094963475586,4836349
661,09,UTTAR PRADESH,HAPUR,0.10340638216070874,0.27613994617454896,0.3014225297962006,0.3278123798538857,294206.10963435925,0.20709551731381398,-0.029773164167627833,0.41362552864282975,1425629
150,09,UTTAR PRADESH,HARDOI,0.07111111111111382,0.25196462898893446,0.2679584775086947,0.29287197231834017,1278580.8824148162,0.170072347283305,-0.09842368319876971,0.39369473279507883,7529334
163,09,UTTAR PRADESH,HATHRAS,0.0935640138408235,0.22889657823912546,0.26795847750866325,0.2928719723183544,375621.4840120996,0.16745086598356368,-0.05536332179930796,0.41362552864282975,2250134
151,09,UTTAR PRADESH,JALAUN,0.04158400615148096,0.2069357939253846,0.23646289888504815,0.25990003844676096,726962.4604848118,0.12820597399014172,-0.13588619761630144,0.36472126105344094,5680240
152,09,UTTAR PRADESH,JAUNPUR,0.0935640138408281,0.25990003844681064,0.276139946174532,0.2928719723183176,916334.319110853,0.1833486317035993,-0.07111111111111111,0.37425605536332185,5008032
153,09,UTTAR PRADESH,JHANSI,0.013003503156988989,0.18608227604770716,0.21413302575932758,0.24415224913493533,701066.7447151546,0.11289684155652917,-0.14173010380622836,0.37425605536332185,6229627
155,09,UTTAR PRADESH,KANNAUJ,0.07535563244905685,0.2364628988849869,0.26795847750868296,0.2928719723183546,430819.60261029773,0.16458856946510386,-0.08421376393694734,0.40359861591695495,2623727
157,09,UTTAR PRADESH,KANPUR,0.0591157247212613,0.2441522491349505,0.26795847750868523,0.2844444444444705,598635.247285528,0.16031045468275187,-0.09842368319876971,0.3839138792772011,3743531
156,09,UTTAR PRADESH,KANPUR DEHAT,0.0753556324490561,0.22145328719721388,0.24415224913492642,0.2761399461745409,605505.4078002218,0.15390107494315283,-0.13016532103037293,0.3839138792772011,3941798
633,09,UTTAR PRADESH,KASGANJ,0.06698961937716363,0.2519646289888949,0.2761399461745549,0.3014225297962169,463557.30911653076,0.18774148146733183,-0.08882737408688965,0.39369473279507883,2475748
158,09,UTTAR PRADESH,KAUSHAMBI,0.015747789311803075,0.25196462898884936,0.27613994617454646,0.3014225297962051,396098.72871662857,0.17900711500823593,-0.09356401384083046,0.39369473279507883,2218096
159,09,UTTAR PRADESH,KHERI,0.006830699639474444,0.2599000384468928,0.2761399461745095,0.29287197231832657,1831214.9379991228,0.1883180607501546,-0.1085121107266436,0.3839138792772011,9738027
160,09,UTTAR PRADESH,KUSHINAGAR,0.029773164167627705,0.2761399461744494,0.29287197231833173,0.3100961168780986,781301.6700071788,0.2173084279825447,-0.11374086889657825,0.39369473279507883,3604253
161,09,UTTAR PRADESH,LALITPUR,-0.05536332179930809,0.11909265667052953,0.14173010380622214,0.1663360246059248,332457.57116784627,0.053670002114496546,-0.2519646289888504,0.3278123798539023,6203252
162,09,UTTAR PRADESH,LUCKNOW,0.09842368319876714,0.2844444444444016,0.30142252979628265,0.3188927335640594,639730.8745907076,0.20226474976972536,-0.0271280276816609,0.39369473279507883,3170059
165,09,UTTAR PRADESH,MAHOBA,0.02712802768166145,0.179377162629799,0.1998615916954863,0.2214532871972286,471530.8820148877,0.11687404626611336,-0.11909265667051133,0.33685505574778934,4045255
166,09,UTTAR PRADESH,MAINPURI,0.08421376393695176,0.2441522491349581,0.27613994617455473,0.3014225297962094,591057.3670634372,0.1720964612967041,-0.044844290657439445,0.39369473279507883,3441554
167,09,UTTAR PRADESH,MATHURA,0.0797231833910048,0.2364628988850242,0.2761399461745566,0.3100961168780978,667721.3553185476,0.1587690220921591,-0.06698961937716265,0.41362552864282975,4213749
168,09,UTTAR PRADESH,MAU,0.055363321799307405,0.26795847750870133,0.29287197231833106,0.3100961168781019,406930.72172063653,0.18876514422831975,-0.11909265667051133,0.39369473279507883,2161729
169,09,UTTAR PRADESH,MEERUT,0.10340638216070515,0.2761399461744961,0.30142252979624584,0.32781237985393247,714650.6815919332,0.21605511372201347,-0.05536332179930796,0.41362552864282975,3314219
170,09,UTTAR PRADESH,MIRZAPUR,-0.021080394391585874,0.2214532871972209,0.25196462898884453,0.28444444444446954,721129.1840293491,0.13264508113708812,-0.186082276047674,0.39369473279507883,5447558
171,09,UTTAR PRADESH,MORADABAD,0.11374086889657323,0.2761399461745319,0.3014225297961934,0.327812379853936,512639.78022861376,0.20657679526660472,-0.05536332179930796,0.40359861591695495,2489342
172,09,UTTAR PRADESH,MUZAFFARNAGAR,0.12456747404843889,0.27613994617448623,0.3014225297961888,0.32781237985390266,776606.688111338,0.22158414105234725,-0.06698961937716265,0.41362552864282975,3511799
173,09,UTTAR PRADESH,PILIBHIT,-0.013018085049935617,0.24415224913501185,0.2599000384467711,0.2844444444444665,809320.4287981793,0.16939670038541524,-0.13016532103037293,0.40359861591695495,4788939
174,09,UTTAR PRADESH,PRATAPGARH,0.10340638216070587,0.2599000384468143,0.27613994617453913,0.2928719723183129,873463.6719118704,0.1897404259608088,-0.08882737408688965,0.39369473279507883,4613609
175,09,UTTAR PRADESH,RAIBEARELI,0.08421376393694813,0.25196462898891053,0.26795847750869295,0.2928719723183398,863744.8662599053,0.176761647735418,-0.10340638216070744,0.39369473279507883,4896223
176,09,UTTAR PRADESH,RAMPUR,0.09356401384082566,0.25990003844682175,0.2844444444444732,0.3100961168781078,571050.5925184855,0.18963369744233052,-0.06698961937716265,0.41362552864282975,3018922
177,09,UTTAR PRADESH,SAHARANPUR,0.0325413302575918,0.26795847750870727,0.2928719723183007,0.3188927335640497,939658.2217887547,0.19645485681033625,-0.13588619761630144,0.42377547097270285,4790695
659,09,UTTAR PRADESH,SAMBHAL,0.10340638216071474,0.25990003844678194,0.28444444444447053,0.3188927335640378,581714.040943132,0.1888493147484789,-0.06698961937716265,0.4340484429065744,3088314
178,09,UTTAR PRADESH,SANTKABIRNAGAR,0.05173394848135307,0.2519646289888444,0.2761399461745427,0.292871972318357,344522.1001347936,0.16796428360271637,-0.1085121107266436,0.37425605536332185,2058853
180,09,UTTAR PRADESH,SHAHJAHANPUR,0.07535563244905438,0.24415224913500364,0.2599000384467662,0.2928719723183533,921228.0790786158,0.1690473819088355,-0.09356401384083046,0.40359861591695495,5462736
660,09,UTTAR PRADESH,SHAMLI,0.09842368319877134,0.2519646289889007,0.2844444444444657,0.31889273356402725,314102.48081153823,0.19399811057290345,-0.06698961937716265,0.41362552864282975,1623202
181,09,UTTAR PRADESH,SHRAWASTI,0.01777777777777789,0.22145328719721624,0.24415224913492645,0.26795847750866303,349157.2433270453,0.1435005596981462,-0.12456747404844293,0.37425605536332185,2439319
182,09,UTTAR PRADESH,SIDDHARTHNAGAR,0.07972318339100563,0.23646289888501118,0.26795847750868645,0.29287197231835704,601847.831853149,0.16567414978828926,-0.06698961937716265,0.39369473279507883,3640380
183,09,UTTAR PRADESH,SITAPUR,0.09356401384082617,0.2599000384468765,0.2761399461745159,0.29287197231833395,1472241.044665279,0.20393269747388698,-0.09842368319876971,0.3839138792772011,7230057
184,09,UTTAR PRADESH,SONBHADRA,-0.13588619761632326,0.16633602460584543,0.19291041906957868,0.21413302575931095,724572.973615316,0.08586006877819627,-0.17937716262975778,0.34602076124567477,8450002
185,09,UTTAR PRADESH,SULTANPUR,0.09842368319877168,0.2519646289889113,0.26795847750868995,0.2844444444444701,606343.203956887,0.18224934235745177,-0.05536332179930796,0.37425605536332185,3335749
186,09,UTTAR PRADESH,UNNAO,0.06698961937716393,0.24415224913496286,0.2679584775086872,0.2928719723183404,947321.6060401929,0.16614046800204713,-0.1085121107266436,0.3839138792772011,5712341
187,09,UTTAR PRADESH,VARANASI,0.03844675124951943,0.28444444444422357,0.30142252979623724,0.3188927335640579,409056.182678034,0.21601826195280951,-0.08882737408688965,0.3839138792772011,1899363
120,09,UTTAR PRADESH,PRAYAGRAJ,0.013840830449826832,0.26795847750870344,0.2844444444444793,0.3100961168780954,1233870.4453184681,0.18264748335734976,-0.10340638216070744,0.39369473279507883,6766620
164,09,UTTAR PRADESH,MAHARAJGANJ,0.06299115724721134,0.24415224913494363,0.2679584775086871,0.2844444444444709,641434.4365596944,0.17368655599391664,-0.1085121107266436,0.37425605536332185,3700747
045,05,UTTARAKHAND,ALMORA,-0.10340638216070537,0.11909265667052679,0.13588619761632337,0.15378700499807763,124500.68936844556,0.030836225272147907,-0.2288965782391388,0.24415224913494812,4045433
046,05,UTTARAKHAND,BAGESHWAR,-0.1727950788158495,0.08882737408688393,0.11374086889658114,0.13588619761629536,-58617.190292701984,-0.02037777784508713,-0.28444444444444444,0.24415224913494812,2883079
048,05,UTTARAKHAND,CHAMPAWAT,-0.119092656670517,0.09356401384082191,0.11374086889657341,0.14173010380623255,19116.79637979444,0.008456274844249104,-0.24415224913494812,0.3278123798539023,2266165
049,05,UTTARAKHAND,DEHRADUN,-0.10851211072664678,0.16000000000000333,0.19986159169548642,0.23646289888501335,216537.1758107919,0.05402413038240451,-0.2288965782391388,0.34602076124567477,4018513
050,05,UTTARAKHAND,HARIDWAR,0.012999380518525278,0.2599000384468373,0.2844444444444736,0.3100961168780859,543303.4026423211,0.18448556359858775,-0.12456747404844293,0.41362552864282975,2950783
051,05,UTTARAKHAND,NAINITAL,-0.09842368319876511,0.15999999999999623,0.1929104190695973,0.22145328719722998,318036.3407208233,0.06232433390236039,-0.2599000384467512,0.36472126105344094,5111706
052,05,UTTARAKHAND,PAURI GARHWAL,-0.0984236831987682,0.12456747404846887,0.14173010380621917,0.1600000000000008,236357.29294672297,0.03481340658365169,-0.2288965782391388,0.34602076124567477,6797764
054,05,UTTARAKHAND,RUDRAPRAYAG,-0.17279507881584982,0.07111111111111806,0.09842368319877436,0.11909265667051919,-76551.71744288049,-0.029769684472648616,-0.2761399461745483,0.2288965782391388,2576527
055,05,UTTARAKHAND,TEHRI GARHWAL,-0.14769703960016678,0.09842368319876063,0.12456747404845848,0.14769703960016292,-4091.1801348512217,-8.094660671686773E-4,-0.28444444444444444,0.29287197231833906,5065420
056,05,UTTARAKHAND,UDHAM SINGH NAGAR,0.025882807435618396,0.2519646289888528,0.2761399461745541,0.30142252979620243,569791.9532204453,0.16728103604745867,-0.11909265667051133,0.42377547097270285,3417188
047,05,UTTARAKHAND,CHAMOLI,-0.16633602460591887,0.05173394848134645,0.07535563244904683,0.10340638216070944,-383426.1287659065,-0.037890668671867175,-0.3014225297962323,0.2069357939254133,10130102
053,05,UTTARAKHAND,PITHORAGARH,-0.17279507881585043,0.05536332179930375,0.07972318339101242,0.09842368319876994,-371468.0973367639,-0.03985156597553479,-0.28444444444444444,0.21413302575932336,9333695
057,05,UTTARAKHAND,UTTARKASHI,-0.16633602460592417,0.07111111111111874,0.0935640138408223,0.11374086889657387,-275574.3108679016,-0.026555114878048753,-0.29287197231833906,0.2364628988850442,10391325
664,19,WEST BENGAL,ALIPUR DUAR,-0.08882737408688293,0.1793771626298075,0.1929104190695812,0.21413302575932033,330311.0598515627,0.09457374441017397,-0.2519646289888504,0.3014225297962323,3499191
305,19,WEST BENGAL,BANKURA,0.03844675124951955,0.23646289888506034,0.2519646289889171,0.2679584775086899,1471398.096023849,0.17604193211770158,-0.11374086889657825,0.36472126105344094,8367774
306,19,WEST BENGAL,PURBA BARDDHAMAN,0.09356401384082594,0.25196462898896316,0.2761399461745253,0.29287197231831946,1190409.441332816,0.18792287293209856,-0.13016532103037293,0.36472126105344094,6345416
307,19,WEST BENGAL,BIRBHUM,0.06698961937716401,0.23646289888502992,0.25196462898887617,0.26795847750868423,936389.6785405718,0.16853864415340578,-0.13588619761630144,0.3553094963475586,5568338
310,19,WEST BENGAL,DAKSHIN DINAJPUR,0.07972318339100273,0.2441522491350317,0.259900038446785,0.2679584775086839,499769.9686430879,0.18109202754380077,-0.07111111111111111,0.3553094963475586,2766684
309,19,WEST BENGAL,DARJILING,-0.1860822760476925,0.1663360246059038,0.18608227604770874,0.2069357939253944,58653.42166833031,0.02287617392598901,-0.3014225297962323,0.31009611687812383,2570580
317,19,WEST BENGAL,PURBA MEDINIPUR,0.027128027681660373,0.26795847750871277,0.2844444444444572,0.2928719723183307,969737.637947426,0.20343604128324178,-0.07111111111111111,0.39369473279507883,4774369
313,19,WEST BENGAL,HAORA,0.017777777777777604,0.2761399461744628,0.2844444444444535,0.3014225297961998,378015.9459682675,0.2130235952450784,-0.03844675124951941,0.3839138792772011,1779421
312,19,WEST BENGAL,HUGLI,0.10851211072664639,0.27613994617448756,0.2844444444444425,0.3014225297962165,803362.5830769797,0.21022667508555595,-0.04822760476739715,0.3839138792772011,3830421
314,19,WEST BENGAL,JALPAIGURI,-0.0797231833910057,0.1793771626298243,0.19291041906957318,0.21413302575933338,445233.4958399519,0.10393887136633148,-0.17937716262975778,0.31009611687812383,4291724
308,19,WEST BENGAL,KOCH BIHAR,-0.03543252595155647,0.2214532871973124,0.23646289888505106,0.25196462898884475,665637.2641485846,0.15864670121724614,-0.14173010380622836,0.3278123798539023,4209471
315,19,WEST BENGAL,KOLKATA,0.029773164167627715,0.25196462898884503,0.26795847750864193,0.2844444444444385,43870.847703524065,0.1958504077347595,-0.012056901191849288,0.3553094963475586,225875
316,19,WEST BENGAL,MALDAH,-0.0415840061514812,0.2364628988850696,0.2519646289889203,0.26795847750868695,745112.1630981968,0.16843560077836503,-0.11374086889657825,0.3553094963475586,4432769
319,19,WEST BENGAL,MURSHIDABAD,-0.015747789311803012,0.2441522491350544,0.2599000384468068,0.2761399461745222,1184967.1029163522,0.18113240224767696,-0.12456747404844293,0.3553094963475586,6553296
320,19,WEST BENGAL,NADIA,0.10851211072664642,0.2599000384468346,0.26795847750870244,0.28444444444447436,967820.4471656717,0.20417316724687226,-0.05536332179930796,0.37425605536332185,4752532
303,19,WEST BENGAL,NORTH TWENTY-FOUR PARGANAS,-0.010396001537870195,0.25990003844690535,0.2761399461744897,0.28444444444447803,912197.5937868629,0.18817078162446163,-0.08421376393694734,0.37425605536332185,4858451
318,19,WEST BENGAL,PASCHIM MEDINIPUR,0.09356401384082647,0.2599000384468554,0.27613994617448195,0.2928719723183397,1497020.5461712647,0.1975251888665774,-0.11374086889657825,0.3839138792772011,7589470
321,19,WEST BENGAL,PURULIYA,0.0157477893118029,0.1998615916954826,0.21413302575927465,0.22889657823912413,1018554.0947972921,0.1339591961822893,-0.13588619761630144,0.33685505574778934,7614827
304,19,WEST BENGAL,SOUTH TWENTY-FOUR PARGANAS,-0.06299115724721135,0.2599000384468768,0.26795847750870777,0.284444444444478,1674961.1361073873,0.18134575103527148,-0.14769703960015382,0.37425605536332185,9269362
311,19,WEST BENGAL,UTTAR DINAJPUR,0.10340638216070822,0.24415224913505837,0.25990003844683396,0.27613994617455184,740249.754815695,0.19034505093910822,-0.10340638216070744,0.3553094963475586,3902218
703,19,WEST BENGAL,JHARGRAM,0.017777777777777726,0.21413302575923202,0.22889657823910714,0.2519646289888447,573373.620704334,0.15322704324718484,-0.14173010380622836,0.34602076124567477,3751531
704,19,WEST BENGAL,PASCHIM BARDDHAMAN,0.025935586058356816,0.2441522491350006,0.2599000384467444,0.2761399461745344,399388.91094254993,0.18113131397861668,-0.13588619761630144,0.36472126105344094,2210746
702,19,WEST BENGAL,KALIMPONG,-0.19291041906960948,0.0369300541301353,0.05911572472126478,0.07972318339100283,-72218.92361481808,-0.052751271470731,-0.29287197231833906,0.21413302575932336,1372509
