di_code,st_code,state23,dist23,A24_p2,A24_p90,A24_p95,A24_p98,A24_sum,A24_mean,A24_min,A24_max,A24_count
603,35,ANDAMAN & NICOBAR,NICOBAR,-0.20693579392541747,-0.012056901191848901,0.0026393138281317384,0.01993079584775113,-167621.72217269483,-0.08355878994009819,-0.3278123798539023,0.12456747404844293,2020602
632,35,ANDAMAN & NICOBAR,NORTH & MIDDLE ANDAMAN,-0.1663360246059239,-0.022206843521720736,-9.308291279106061E-4,0.01777777777777804,-314331.43113689055,-0.07911722810854521,-0.31009611687812383,0.15378700499807765,4003957
602,35,ANDAMAN & NICOBAR,SOUTH ANDAMAN,-0.17937716262975428,-0.005811085442010177,0.009639069211942741,0.029773164167627455,-218438.71141806158,-0.0754877229531639,-0.31009611687812383,0.2069357939254133,2916597
502,28,ANDHRA PRADESH,ANANTAPUR,-0.05911572472125893,0.08421376393696206,0.09356401384087047,0.10851211072665935,846129.1521269494,0.03777091357343029,-0.2599000384467512,0.19986159169550174,22430270
503,28,ANDHRA PRADESH,CHITTOOR,-0.11909265667051652,0.03691515311826556,0.05536332179930607,0.07111111111111867,-391023.1650411994,-0.02267385341924123,-0.3188927335640138,0.1929104190695886,17269415
504,28,ANDHRA PRADESH,Y S R KADAPA,-0.09356401384085096,0.06698961937717682,0.0797231833910186,0.09842368319876861,265381.1464820744,0.014985486672685497,-0.2761399461745483,0.2288965782391388,17724326
505,28,ANDHRA PRADESH,EAST GODAVARI,-0.16000000000000741,0.04158400615146256,0.05536332179930554,0.06698961937716888,-252915.84236217063,-0.016732923374586265,-0.28444444444444444,0.22145328719723184,15133939
506,28,ANDHRA PRADESH,GUNTUR,-0.10851211072664273,0.07111111111110269,0.08421376393696567,0.09842368319876832,286626.0600003843,0.021588763931563833,-0.2599000384467512,0.2288965782391388,13291974
510,28,ANDHRA PRADESH,KRISHNA,-0.15378700499805667,0.07111111111110965,0.08421376393695786,0.10851211072664457,23256.762297814304,0.002277912227438304,-0.2599000384467512,0.2364628988850442,10225813
511,28,ANDHRA PRADESH,KURNOOL,-0.05911572472125862,0.07535563244904654,0.08882737408688426,0.0984236831987503,528211.4761211451,0.02618928925005943,-0.2599000384467512,0.1929104190695886,20185908
515,28,ANDHRA PRADESH,POTTI SRIRAMULU NELLORE,-0.13588619761630139,0.0888273740868743,0.10340638216073249,0.11374086889659184,333705.85013911594,0.021881495218019853,-0.28444444444444444,0.24415224913494812,15263341
517,28,ANDHRA PRADESH,PRAKASAM,-0.06299115724721123,0.07535563244905451,0.08882737408687784,0.10340638216072205,568526.4532363021,0.02781278505206404,-0.2519646289888504,0.2288965782391388,20457221
519,28,ANDHRA PRADESH,SRIKAKULAM,-0.11374086889657896,0.06698961937717361,0.07972318339101572,0.09356401384082527,52834.504275750274,0.0076773732063794,-0.2761399461745483,0.19986159169550174,6895077
520,28,ANDHRA PRADESH,VISAKHAPATNAM,-0.10851211072664299,0.025846902917678796,0.036871648910586335,0.05173394848134919,-279637.9437327537,-0.020570119954268426,-0.3014225297962323,0.2364628988850442,13613577
521,28,ANDHRA PRADESH,VIZIANAGARAM,-0.09842368319877016,0.048227604767393246,0.06299115724722698,0.07535563244906829,-19806.88178564025,-0.0027355490008745672,-0.2761399461745483,0.2069357939254133,7256513
523,28,ANDHRA PRADESH,WEST GODAVARI,-0.16633602460588778,0.04822760476738822,0.05911572472125945,0.07111111111111704,-220565.5061569425,-0.0226926326096604,-0.2679584775086506,0.19986159169550174,9731922
628,12,ARUNACHAL PRADESH,ANJAW,-0.13016532103035625,0.13588619761634457,0.15378700499805817,0.17279507881585024,396807.4883439427,0.052191986435106336,-0.2519646289888504,0.2599000384467512,7611073
229,12,ARUNACHAL PRADESH,CHANGLANG,-0.044844290657438675,0.08421376393696385,0.09842368319876549,0.11374086889658014,239673.87815746872,0.038561604029707854,-0.24415224913494812,0.2069357939254133,6227191
230,12,ARUNACHAL PRADESH,DIBANG VALLEY,-0.14769703960016708,0.1301653210303306,0.14769703960017455,0.16633602460590144,446638.5467610771,0.03662534326629644,-0.28444444444444444,0.2599000384467512,12207130
231,12,ARUNACHAL PRADESH,EAST KAMENG,-0.11374086889658401,0.07535563244906082,0.08882737408688746,0.10340638216071056,96649.52255746585,0.01741370929614594,-0.28444444444444444,0.17937716262975778,5558425
233,12,ARUNACHAL PRADESH,KURUNG KUMEY,-0.11374086889658777,0.0842137639369705,0.09842368319875111,0.11374086889658667,136269.76654717448,0.024272953441331683,-0.24415224913494812,0.1929104190695886,5621269
234,12,ARUNACHAL PRADESH,LOHIT,-0.09842368319877191,0.1034063821607317,0.11909265667052116,0.13016532103036946,184135.63239808183,0.04775814086056024,-0.2599000384467512,0.21413302575932336,3863405
235,12,ARUNACHAL PRADESH,LOWER DIBANG VALLEY,-0.09842368319876492,0.10851211072666302,0.12456747404846526,0.14173010380623594,226368.04091877508,0.05049204114627744,-0.2599000384467512,0.22145328719723184,4491587
237,12,ARUNACHAL PRADESH,PAPUMPARE,-0.04484429065744183,0.09356401384086745,0.10340638216073333,0.11909265667051673,173987.9484130775,0.0402290192829021,-0.2288965782391388,0.19986159169550174,4333778
238,12,ARUNACHAL PRADESH,TAWANG,-0.15378700499807949,0.10851211072666313,0.13016532103034925,0.14769703960016597,31988.88156401876,0.01033959675564026,-0.2679584775086506,0.2288965782391388,3100277
239,12,ARUNACHAL PRADESH,TIRAP,-0.0246059207996918,0.09356401384084427,0.10340638216072293,0.11374086889657377,71106.23920387459,0.048336845762031316,-0.1929104190695886,0.17937716262975778,1474824
240,12,ARUNACHAL PRADESH,UPPER SIANG,-0.11374086889657438,0.11909265667053423,0.13016532103033876,0.14769703960016672,497330.55196492287,0.0583017953241154,-0.2599000384467512,0.2364628988850442,8540336
241,12,ARUNACHAL PRADESH,UPPER SUBANSIRI,-0.09356401384082448,0.10340638216073723,0.11374086889657745,0.13016532103035627,317132.78856796667,0.03862694532735447,-0.28444444444444444,0.22145328719723184,8220067
242,12,ARUNACHAL PRADESH,WEST KAMENG,-0.09356401384082624,0.0842137639369664,0.09842368319875501,0.11909265667052162,183799.37218135555,0.029783001006248498,-0.2679584775086506,0.21413302575932336,6178998
719,12,ARUNACHAL PRADESH,LOWER SIANG,-0.022206843521722412,0.10851211072665863,0.1190926566705182,0.13016532103036713,143594.02967814804,0.06281858247141578,-0.22145328719723184,0.19986159169550174,2292082
236,12,ARUNACHAL PRADESH,LOWER SUBANSIRI,-0.06299115724721134,0.06698961937717263,0.07972318339101354,0.09842368319876903,44485.156491086316,0.01819829094217802,-0.2599000384467512,0.17279507881584008,2449933
679,12,ARUNACHAL PRADESH,SIANG,-0.07111111111111218,0.10851211072666457,0.1190926566705277,0.13588619761629833,246537.15329710057,0.05634547611252393,-0.3014225297962323,0.21413302575932336,4383418
243,12,ARUNACHAL PRADESH,WEST SIANG,-0.06698961937716254,0.07972318339101808,0.08882737408688884,0.10340638216070266,49652.51598210647,0.029437619121048864,-0.2679584775086506,0.16633602460592078,1691102
725,12,ARUNACHAL PRADESH,SHI YOMI,-0.09842368319876946,0.11909265667053215,0.13016532103034642,0.14769703960016728,194533.29459507027,0.05847087605612648,-0.3278123798539023,0.2364628988850442,3331997
724,12,ARUNACHAL PRADESH,LEPA RADA,-0.05911572472126096,0.09356401384085934,0.10851211072665938,0.12456747404845228,39296.93162618678,0.04060514977475267,-0.2679584775086506,0.1929104190695886,970650
723,12,ARUNACHAL PRADESH,PAKKE KESSANG,-0.05173394848135204,0.07535563244906643,0.08882737408688163,0.09842368319877191,72112.10710200855,0.030130417777870802,-0.24415224913494812,0.17279507881584008,2399368
677,12,ARUNACHAL PRADESH,KRA DAADI,-0.059115724721262766,0.07111111111111959,0.08421376393695851,0.09842368319877269,57162.23854291255,0.025700299799069702,-0.2364628988850442,0.16000000000000003,2229870
678,12,ARUNACHAL PRADESH,NAMSAI,-0.05536332179930819,0.10340638216073246,0.11909265667052711,0.1301653210303543,82783.02580356682,0.04897776007796389,-0.22145328719723184,0.19986159169550174,1693784
718,12,ARUNACHAL PRADESH,KAMLE,-0.04158400615148091,0.10340638216073224,0.11909265667052155,0.13016532103037587,82137.27633966699,0.04726826044385198,-0.22145328719723184,0.19986159169550174,1742339
232,12,ARUNACHAL PRADESH,EAST SIANG,-0.14173010380624154,0.11374086889659824,0.12456747404846777,0.1358861976163067,103913.81923583751,0.04894828115413382,-0.22145328719723184,0.2069357939254133,2127307
666,12,ARUNACHAL PRADESH,LONGDING,-0.027128027681661514,0.08882737408686935,0.10340638216072592,0.11374086889657314,56487.758912833044,0.04825185135911486,-0.1929104190695886,0.17937716262975778,1174145
616,18,ASSAM,BAKSA,-0.07972318339100447,0.10851211072666325,0.113740868896582,0.12456747404845456,200543.5996402756,0.06584305335374395,-0.2364628988850442,0.19986159169550174,3055457
280,18,ASSAM,BARPETA,-0.12456747404844089,0.10340638216073793,0.11374086889658858,0.12456747404845961,98128.4156100986,0.034427346981010576,-0.2069357939254133,0.1929104190695886,2859045
705,18,ASSAM,BISWANATH,-0.0935640138408265,0.10851211072666339,0.1190926566705248,0.1301653210303699,156409.68082794713,0.05636598617474166,-0.2069357939254133,0.19986159169550174,2780367
281,18,ASSAM,BONGAIGAON,-0.12456747404843922,0.10340638216073282,0.11374086889660152,0.12456747404845261,64801.79374694221,0.04656880017074479,-0.2288965782391388,0.1929104190695886,1397646
282,18,ASSAM,CACHAR,-0.0935640138408257,0.0935640138408628,0.10340638216073193,0.11909265667051655,197578.1840799796,0.04247541172026413,-0.22145328719723184,0.1929104190695886,4659875
708,18,ASSAM,CHARAIDEO,-0.019930795847750978,0.0984236831987478,0.10851211072665826,0.11909265667051343,75969.89907115883,0.059876840553490775,-0.2069357939254133,0.186082276047674,1273387
612,18,ASSAM,CHIRANG,-0.07111111111110957,0.10851211072666475,0.11909265667052717,0.13588619761631343,160460.71418604848,0.06719044576722441,-0.21413302575932336,0.19986159169550174,2393821
283,18,ASSAM,DARRANG,-0.11909265667051167,0.0984236831987519,0.10851211072665613,0.11909265667051225,67889.10173152489,0.03440385357658546,-0.21413302575932336,0.186082276047674,1980527
284,18,ASSAM,DHEMAJI,-0.11909265667051928,0.1245674740484746,0.13588619761633466,0.14769703960016384,207199.62392733613,0.06641397621473921,-0.22145328719723184,0.22145328719723184,3127982
285,18,ASSAM,DHUBRI,-0.11909265667051347,0.10851211072665853,0.11909265667052366,0.1358861976163068,91378.5656701969,0.04430036156886211,-0.22145328719723184,0.2069357939254133,2073149
286,18,ASSAM,DIBRUGARH,-0.11909265667051726,0.11374086889655939,0.12456747404847408,0.1358861976163157,196338.68769732962,0.04624543716346771,-0.2288965782391388,0.2069357939254133,4254504
299,18,ASSAM,DIMA HASAO,-0.055363321799309057,0.07972318339099735,0.08882737408687752,0.10340638216071381,212398.4785092694,0.035214942909020344,-0.2679584775086506,0.186082276047674,6041285
287,18,ASSAM,GOALPARA,-0.10340638216070445,0.10340638216073306,0.11374086889658756,0.1301653210303705,125786.8760955828,0.05180152765733914,-0.21413302575932336,0.2069357939254133,2434900
288,18,ASSAM,GOLAGHAT,-0.07972318339100457,0.10340638216074129,0.11374086889660556,0.12456747404846097,230748.7088413791,0.05741719995997459,-0.2288965782391388,0.2069357939254133,4029611
289,18,ASSAM,HAILAKANDI,-0.09356401384083143,0.09356401384085003,0.10340638216072814,0.11374086889657305,66281.6701630602,0.04065760348684545,-0.22145328719723184,0.186082276047674,1635070
709,18,ASSAM,HOJAI,-0.0325413302575935,0.093564013840867,0.10340638216073086,0.10851211072665091,102622.3824766224,0.0567958194136126,-0.2069357939254133,0.17937716262975778,1811736
290,18,ASSAM,JORHAT,-0.0271280276816612,0.10340638216073583,0.10851211072665942,0.12456747404844937,147035.50426290135,0.0631149235838928,-0.2069357939254133,0.21413302575932336,2335717
618,18,ASSAM,KAMRUP METRO,-0.10340638216070595,0.10340638216073464,0.11374086889658139,0.12456747404844316,69180.32506923928,0.057265184049529044,-0.2069357939254133,0.22145328719723184,1212134
291,18,ASSAM,KAMRUP RURAL,-0.09842368319876799,0.1034063821607375,0.11374086889660194,0.12456747404845377,213043.90393082396,0.05488902271100479,-0.21413302575932336,0.1929104190695886,3891403
292,18,ASSAM,KARBI ANGLONG,-0.01777777777777882,0.08882737408689252,0.10340638216073524,0.11374086889659847,491368.4589952222,0.05396496966917852,-0.22145328719723184,0.21413302575932336,9120022
293,18,ASSAM,KARIMGANJ,-0.08882737408688965,0.10340638216073453,0.11374086889660565,0.12456747404845567,103688.01857162746,0.046607627199611666,-0.21413302575932336,0.186082276047674,2229526
294,18,ASSAM,KOKRAJHAR,-0.04822760476739747,0.11909265667053383,0.12456747404847185,0.1358861976163189,312905.8167296052,0.08082703077433126,-0.21413302575932336,0.2069357939254133,3879174
295,18,ASSAM,LAKHIMPUR,-0.10851211072664643,0.11909265667053444,0.13016532103034711,0.13588619761632048,249457.3934805515,0.06640875940017676,-0.22145328719723184,0.21413302575932336,3763908
706,18,ASSAM,MAJULI,-0.11909265667050947,0.10851211072666031,0.11909265667052159,0.13016532103037168,38790.51372371188,0.02440447950797456,-0.186082276047674,0.1929104190695886,1595085
296,18,ASSAM,MARIGAON,-0.10851211072664195,0.09356401384085627,0.10340638216072723,0.11374086889657793,68610.91436695095,0.0364881422976697,-0.1929104190695886,0.1929104190695886,1884753
297,18,ASSAM,NAGAON,-0.07972318339100294,0.10340638216073708,0.1137408688965937,0.12456747404844937,173727.8924565177,0.054118099115045996,-0.2069357939254133,0.21413302575932336,3221993
298,18,ASSAM,NALBARI,-0.09842368319877,0.10851211072666288,0.11909265667052411,0.13016532103036718,68126.80537404973,0.05233029901993259,-0.2069357939254133,0.19986159169550174,1306375
300,18,ASSAM,SIBSAGAR,-0.08882737408688969,0.108512110726663,0.12456747404846083,0.13588619761630058,135214.64926921774,0.0662616177005773,-0.21413302575932336,0.2069357939254133,2046198
301,18,ASSAM,SONITPUR,-0.11374086889657589,0.09842368319874031,0.10851211072666109,0.11909265667051941,159427.01447046976,0.042455649478349344,-0.24415224913494812,0.1929104190695886,3761187
707,18,ASSAM,SOUTH SALMARA MANCACHAR,-0.13016532103036843,0.09842368319876502,0.11374086889657442,0.12456747404843926,11420.373890341902,0.016424031185683488,-0.22145328719723184,0.1929104190695886,699403
302,18,ASSAM,TINSUKIA,-0.11909265667051054,0.10851211072666615,0.1190926566705297,0.13016532103035328,265781.7824324949,0.05540744553376508,-0.22145328719723184,0.2069357939254133,4805197
617,18,ASSAM,UDALGURI,-0.06299115724721156,0.10340638216073897,0.11374086889660222,0.11909265667052504,156071.1489762963,0.06202613695303053,-0.21413302575932336,0.186082276047674,2524545
710,18,ASSAM,WEST KARBI ANGLONG,-0.05911572472126231,0.07972318339100153,0.08882737408686651,0.10340638216071886,143476.07760547532,0.03765503007528218,-0.2364628988850442,0.17279507881584008,3818912
188,10,BIHAR,ARARIA,-0.008858131487889177,0.09356401384085784,0.10851211072665323,0.12456747404844615,212372.102037199,0.06121674324834899,-0.17937716262975778,0.19986159169550174,3476505
611,10,BIHAR,ARWAL,-0.03254133025759322,0.07535563244905204,0.08882737408688539,0.0984236831987672,34015.757726737276,0.04325065463506859,-0.186082276047674,0.16633602460592078,790200
189,10,BIHAR,AURANGABAD,-0.006779831717474333,0.07535563244905714,0.0888273740868806,0.09842368319876807,195934.7090200882,0.04821161936036169,-0.19986159169550174,0.2288965782391388,4071463
190,10,BIHAR,BANKA,-0.004476929240957467,0.09356401384087175,0.10340638216073329,0.11909265667051576,229257.08611158098,0.06160633253115314,-0.19986159169550174,0.21413302575932336,3727975
191,10,BIHAR,BEGUSARAI,-0.09842368319877157,0.07111111111111916,0.08882737408688325,0.10340638216070289,67091.40626545734,0.028212697198264112,-0.2069357939254133,0.2069357939254133,2385201
200,10,BIHAR,KAIMUR,-0.01205690119184938,0.07111111111111748,0.07972318339101642,0.09356401384082308,166776.00784291196,0.04020036751350411,-0.2069357939254133,0.17937716262975778,4155971
192,10,BIHAR,BHAGALPUR,-0.09356401384082418,0.08421376393696377,0.09842368319876556,0.11909265667051694,142721.70904061315,0.04524441803397857,-0.1929104190695886,0.2288965782391388,3161985
193,10,BIHAR,BHOJPUR,-0.05911572472126144,0.07111111111111973,0.08421376393695551,0.09842368319876732,114463.61003660485,0.03875721347627137,-0.2069357939254133,0.1929104190695886,2959033
194,10,BIHAR,BUXAR,-0.02220684352172242,0.06299115724721113,0.07535563244904993,0.08882737408688482,70728.00547387419,0.033644191741482685,-0.1929104190695886,0.1929104190695886,2107650
195,10,BIHAR,DARBHANGA,-0.0553633217993078,0.08421376393696216,0.09356401384083798,0.10851211072664886,113350.1014753682,0.03624875802877294,-0.1929104190695886,0.1929104190695886,3135810
196,10,BIHAR,GAYA,-0.012056901191848756,0.07535563244906049,0.08882737408689095,0.10340638216071081,234786.207064632,0.0384714253774483,-0.19986159169550174,0.2069357939254133,6114662
197,10,BIHAR,GOPALGANJ,-0.05173394848135368,0.07111111111111887,0.0842137639369552,0.09842368319877261,66662.4640789558,0.026278871227787316,-0.19986159169550174,0.17937716262975778,2543564
199,10,BIHAR,JAHANABAD,-0.0067806623542227325,0.06698961937717056,0.08421376393694327,0.09842368319876868,41806.4348531552,0.03618303548143123,-0.17279507881584008,0.17279507881584008,1159636
198,10,BIHAR,JAMUI,-0.0026427955953286213,0.08882737408688159,0.0984236831987527,0.10851211072665141,210713.71592986656,0.05528471687805509,-0.19986159169550174,0.19986159169550174,3819342
201,10,BIHAR,KATIHAR,-0.09842368319876807,0.09842368319874617,0.11374086889659275,0.13016532103037523,199563.93762256816,0.05300875194098451,-0.186082276047674,0.22145328719723184,3773694
202,10,BIHAR,KHAGARIA,-0.1034063821607075,0.07972318339101565,0.08882737408688832,0.10340638216070397,72334.07079209837,0.039198962631515996,-0.19986159169550174,0.186082276047674,1851170
203,10,BIHAR,KISHANGANJ,-0.059115724721261406,0.11374086889657058,0.12456747404846459,0.13588619761631002,182252.48183775003,0.07590686382059578,-0.19986159169550174,0.2069357939254133,2408235
204,10,BIHAR,LAKHISARAI,-0.024605920799692423,0.07111111111111931,0.08421376393695276,0.09842368319876571,58866.18945142007,0.039114468739628164,-0.1929104190695886,0.17937716262975778,1509373
205,10,BIHAR,MADHEPURA,-0.006796583140849151,0.09356401384082842,0.10851211072664893,0.12456747404843871,109337.33970475639,0.04879750682565189,-0.17279507881584008,0.19986159169550174,2247230
206,10,BIHAR,MADHUBANI,-0.04158400615148064,0.08421376393696628,0.09356401384083911,0.10851211072664649,174191.58878666555,0.03993657220226886,-0.19986159169550174,0.1929104190695886,4370352
207,10,BIHAR,MUNGER,-0.09842368319876235,0.07972318339101916,0.09356401384082935,0.10851211072664138,70709.1843287618,0.040609137544638435,-0.17937716262975778,0.2069357939254133,1746408
208,10,BIHAR,MUZAFFARPUR,-0.06299115724721178,0.07972318339101682,0.09356401384083855,0.10851211072665111,130434.0726203025,0.03301501605817448,-0.1929104190695886,0.19986159169550174,3958875
209,10,BIHAR,NALANDA,-0.012056901191848822,0.0629911572472111,0.07972318339101052,0.09842368319877089,93020.62997186549,0.03183649548667637,-0.1929104190695886,0.2069357939254133,2929383
210,10,BIHAR,NAWADA,-0.004455410841058296,0.0753556324490559,0.08882737408688172,0.10340638216071012,131657.27419775823,0.04297314260444087,-0.19986159169550174,0.21413302575932336,3071041
211,10,BIHAR,PASHCHIMI CHAMPARAN,-0.06698961937716312,0.07535563244907391,0.08421376393696578,0.09842368319876448,219646.72858984853,0.033529614786393554,-0.22145328719723184,0.186082276047674,6560379
212,10,BIHAR,PATNA,-0.09842368319877151,0.07111111111111888,0.08882737408688683,0.10851211072665322,105066.19157652075,0.026611701955481768,-0.22145328719723184,0.22145328719723184,3959090
213,10,BIHAR,PURBI CHAMPARAN,-0.05173394848135358,0.07111111111112008,0.08882737408688791,0.10340638216071016,146949.8473475092,0.02964107841021938,-0.1929104190695886,0.17937716262975778,4966698
214,10,BIHAR,PURNIA,-0.013840830449827039,0.09842368319875491,0.11374086889658186,0.12456747404844967,236222.95975505305,0.059022998319222024,-0.186082276047674,0.19986159169550174,4010639
215,10,BIHAR,ROHTAS,-0.048227604767397396,0.07111111111111344,0.08421376393696053,0.09842368319876944,189140.31516531896,0.039937521608676446,-0.2288965782391388,0.17937716262975778,4743839
216,10,BIHAR,SAHARSA,-0.0797231833910049,0.09356401384085032,0.10340638216072492,0.11909265667051783,97811.0268611402,0.04730771430306964,-0.186082276047674,0.186082276047674,2073256
217,10,BIHAR,SAMASTIPUR,-0.0711111111111104,0.07535563244904725,0.08882737408688773,0.10340638216070905,90476.63876951612,0.027315799444334606,-0.19986159169550174,0.19986159169550174,3321029
218,10,BIHAR,SARAN,-0.08421376393694581,0.07535563244904951,0.08882737408688872,0.10340638216070906,95062.49193317642,0.029017162718836278,-0.1929104190695886,0.1929104190695886,3282541
219,10,BIHAR,SHEIKHPURA,-0.004462390762936279,0.06299115724721115,0.07972318339100638,0.09842368319877184,30620.35294788276,0.03660860183458595,-0.17937716262975778,0.19986159169550174,840498
220,10,BIHAR,SHEOHAR,-0.029773164167627746,0.07972318339101064,0.09356401384082497,0.10340638216070462,20009.078573779538,0.0361383421801558,-0.1929104190695886,0.17937716262975778,556991
221,10,BIHAR,SITAMARHI,-0.027128027681661792,0.07972318339101828,0.09356401384082862,0.10851211072664675,93266.22841250217,0.03413899718210211,-0.19986159169550174,0.1929104190695886,2739355
222,10,BIHAR,SIWAN,-0.029773164167627892,0.07111111111111948,0.08421376393695727,0.09842368319876924,80836.62412766175,0.029283629913516348,-0.19986159169550174,0.186082276047674,2766570
223,10,BIHAR,SUPAUL,-0.0984236831987721,0.09356401384083628,0.10340638216072581,0.11909265667051096,131043.87665379126,0.04350620000891703,-0.19986159169550174,0.1929104190695886,3018897
224,10,BIHAR,VAISHALI,-0.10340638216070494,0.07111111111111924,0.08421376393695075,0.09842368319876585,53649.00808629872,0.021250794956684516,-0.2069357939254133,0.19986159169550174,2529599
044,04,CHANDIGARH,CHANDIGARH,-0.06698961937716257,0.1245674740484409,0.13588619761630463,0.1476970396001565,9353.584481380909,0.0628839176214622,-0.2069357939254133,0.19986159169550174,150026
646,22,CHHATTISGARH,BALOD,-0.10851211072664567,0.07111111111111279,0.07972318339101742,0.08882737408689062,133395.2378461439,0.03315870721220066,-0.22145328719723184,0.1929104190695886,4030747
644,22,CHHATTISGARH,BALODA BAZAR,-0.09842368319876936,0.08421376393697257,0.09356401384086435,0.10340638216072857,230752.35827914832,0.0411724219133069,-0.2364628988850442,0.19986159169550174,5614038
649,22,CHHATTISGARH,BALRAMPUR,-0.048227604767395,0.05536332179930354,0.06698961937717085,0.07535563244904996,145115.43538289226,0.0189999255547067,-0.2761399461745483,0.16633602460592078,7650578
374,22,CHHATTISGARH,BASTAR,-0.06698961937716258,0.05536332179931358,0.06299115724722357,0.07535563244904646,83523.96825720137,0.013087174941568408,-0.28444444444444444,0.19986159169550174,6393305
650,22,CHHATTISGARH,BEMETARA,-0.07535563244905837,0.04822760476738808,0.05911572472125426,0.07535563244904708,38494.14242331664,0.014310057304797162,-0.22145328719723184,0.1929104190695886,2697016
636,22,CHHATTISGARH,BIJAPUR,-0.05911572472126344,0.04822760476738537,0.059115724721254655,0.07111111111111716,163397.7076196068,0.014967149870147979,-0.29287197231833906,0.16000000000000003,10931393
375,22,CHHATTISGARH,BILASPUR,-0.10340638216070662,0.08421376393696861,0.09842368319876511,0.10340638216072244,174943.41888434847,0.04093841930701447,-0.2288965782391388,0.1929104190695886,4282196
734,22,CHHATTISGARH,GAURELA-PENDRA-MARWAHI,-0.044844290657438717,0.07111111111111389,0.0797231833910162,0.08882737408689016,82708.23259393936,0.03424816605138185,-0.2519646289888504,0.14173010380622836,2420209
376,22,CHHATTISGARH,DAKSHIN BASTAR DANTEWADA,-0.07535563244905116,0.04822760476738924,0.05911572472126043,0.06698961937716952,28730.0163042004,0.008633682344233515,-0.28444444444444444,0.14173010380622836,3336766
377,22,CHHATTISGARH,DHAMTARI,-0.08882737408688968,0.07111111111111475,0.07972318339101822,0.09356401384082239,165856.35808825077,0.03402523548337008,-0.24415224913494812,0.186082276047674,4882863
378,22,CHHATTISGARH,DURG,-0.11374086889657847,0.07535563244906861,0.08421376393696292,0.09356401384082182,82891.15888369331,0.030122960727380386,-0.21413302575932336,0.22145328719723184,2758101
645,22,CHHATTISGARH,GARIYABAND,-0.048227604767395856,0.06299115724724436,0.07111111111111172,0.08421376393695511,165226.99062099512,0.028615259408803037,-0.24415224913494812,0.17279507881584008,5784384
379,22,CHHATTISGARH,JANJGIR - CHAMPA,-0.11374086889657874,0.07535563244907563,0.08421376393696638,0.09842368319876718,196967.78723516784,0.03645539672037268,-0.2364628988850442,0.1929104190695886,5413703
380,22,CHHATTISGARH,JASHPUR,-0.05536332179930931,0.055363321799315295,0.0669896193771748,0.07972318339101415,103848.16189587135,0.01465790528829271,-0.28444444444444444,0.14769703960015382,7094864
382,22,CHHATTISGARH,KABIRDHAM,-0.06698961937716295,0.05536332179931057,0.06698961937717432,0.07972318339101332,71096.91472667835,0.014064192697542475,-0.2519646289888504,0.16000000000000003,5063228
381,22,CHHATTISGARH,UTTAR BASTAR KANKER,-0.038446751249519205,0.0629911572472542,0.07111111111110556,0.07972318339101529,264297.6608712779,0.030899602323334992,-0.2679584775086506,0.16633602460592078,8566278
643,22,CHHATTISGARH,KONDAGAON,-0.05173394848135372,0.048227604767391796,0.05911572472125886,0.07111111111111701,82889.75924325228,0.013755911777436285,-0.29287197231833906,0.14769703960015382,6035251
383,22,CHHATTISGARH,KORBA,-0.12456747404843982,0.06299115724725508,0.07535563244906723,0.08421376393695648,216362.39417670362,0.027130669581246013,-0.2679584775086506,0.1929104190695886,7984432
384,22,CHHATTISGARH,KOREA,-0.048227604767395744,0.059115724721272016,0.07111111111109071,0.08421376393696259,164910.58870593325,0.020526035084464173,-0.3014225297962323,0.15378700499807765,8044955
385,22,CHHATTISGARH,MAHASAMUND,-0.0591157247212611,0.0711111111111138,0.07972318339101284,0.09356401384083783,195669.32268826218,0.034381141091122135,-0.24415224913494812,0.21413302575932336,5701522
647,22,CHHATTISGARH,MUNGELI,-0.05536332179930789,0.06299115724722998,0.07535563244906598,0.08882737408688429,95318.94950667786,0.028459969702972873,-0.24415224913494812,0.186082276047674,3357558
637,22,CHHATTISGARH,NARAINPUR,-0.059115724721264064,0.03543252595155824,0.044844290657444115,0.05536332179930815,8168.405887207808,0.001766627842634938,-0.2679584775086506,0.16633602460592078,4632332
386,22,CHHATTISGARH,RAIGARH,-0.06299115724721165,0.07111111111110403,0.07972318339101454,0.09356401384083667,266414.6815131384,0.03138305513749476,-0.2599000384467512,0.2069357939254133,8502955
387,22,CHHATTISGARH,RAIPUR,-0.10851211072664631,0.08421376393696828,0.0935640138408489,0.10340638216071721,152702.59111312716,0.04387495199464958,-0.21413302575932336,0.22145328719723184,3486230
388,22,CHHATTISGARH,RAJ NANDGAON,-0.059115724721261184,0.06299115724724175,0.07111111111111644,0.07972318339101353,253989.2557831224,0.026302988750706528,-0.2364628988850442,0.1929104190695886,9670842
642,22,CHHATTISGARH,SUKMA,-0.048227604767394995,0.0553633217993184,0.06299115724722197,0.07535563244904969,123959.03047796742,0.019231140494631208,-0.2679584775086506,0.16000000000000003,6458280
648,22,CHHATTISGARH,SURAJPUR,-0.04822760476739736,0.06299115724724455,0.07535563244907327,0.08882737408688895,170138.79645075492,0.025642670875345788,-0.2679584775086506,0.16000000000000003,6646511
389,22,CHHATTISGARH,SURGUJA,-0.06299115724721142,0.055363321799305115,0.06698961937717307,0.07972318339101159,78875.68360171416,0.016245237294450897,-0.2761399461745483,0.14173010380622836,4864080
463,38,DADRA & NAGAR HAVELI & DAMAN & DIU,DAMAN,-0.1476970396001535,0.09356401384083206,0.10851211072664417,0.1245674740484423,1885.4647441484476,0.022138206144653207,-0.21413302575932336,0.22145328719723184,86148
464,38,DADRA & NAGAR HAVELI & DAMAN & DIU,DIU,-0.14173010380622766,0.10340638216070733,0.11374086889657788,0.12456747404844269,1643.6335888910269,0.035595812883645564,-0.1929104190695886,0.21413302575932336,47012
465,38,DADRA & NAGAR HAVELI & DAMAN & DIU,DADRA & NAGAR HAVELI,-0.08421376393694752,0.1034063821607182,0.11374086889657373,0.12456747404843925,37907.726489028355,0.0649972023831191,-0.22145328719723184,0.2288965782391388,587628
077,07,DELHI,CENTRAL,-0.12456747404844237,0.10851211072663824,0.11909265667051146,0.13016532103037495,6634.659813432471,0.049022503086808646,-0.21413302575932336,0.2069357939254133,137139
078,07,DELHI,EAST,-0.06299115724721269,0.1034063821607099,0.11374086889657947,0.12456747404844254,2243.2333456063516,0.0560596793552727,-0.16000000000000003,0.17937716262975778,40526
079,07,DELHI,NEW DELHI,-0.10851211072664324,0.10340638216071096,0.11374086889657477,0.1301653210303747,10774.031298366683,0.05417535281076199,-0.19986159169550174,0.2069357939254133,200534
080,07,DELHI,NORTH,-0.06299115724721231,0.08421376393694241,0.09842368319876377,0.11909265667051411,12777.269789744814,0.03442281449174635,-0.2069357939254133,0.1929104190695886,373407
081,07,DELHI,NORTH EAST,-0.10340638216070741,0.11909265667051376,0.13016532103037423,0.14173010380622722,2562.750445967515,0.05714137250769622,-0.186082276047674,0.186082276047674,45774
082,07,DELHI,NORTH WEST,-0.07535563244905821,0.09356401384082391,0.10851211072664502,0.12456747404844211,7766.801973416617,0.039762879303930215,-0.2069357939254133,0.21413302575932336,197251
671,07,DELHI,SHAHADRA,-0.017777777777777774,0.11374086889658017,0.1190926566705133,0.13016532103037376,2872.084431116329,0.06560875964736136,-0.14769703960015382,0.17937716262975778,44424
083,07,DELHI,SOUTH,-9.2834923851121E-4,0.11909265667051229,0.1301653210303651,0.13588619761630347,15265.36699037892,0.07550594468484202,-0.17937716262975778,0.17937716262975778,203572
084,07,DELHI,SOUTH WEST,-0.05173394848135332,0.0753556324490595,0.0888273740868897,0.10851211072664546,9744.720743603182,0.027084303869477876,-0.186082276047674,0.19986159169550174,362148
085,07,DELHI,WEST,-0.06299115724721276,0.0984236831987651,0.10851211072664388,0.12456747404844248,7638.3332040880405,0.045699333539515115,-0.186082276047674,0.186082276047674,168657
670,07,DELHI,SOUTH EAST,-0.08882737408688966,0.11909265667051311,0.13016532103037423,0.14173010380622703,7902.615090003585,0.061320862766079356,-0.2069357939254133,0.19986159169550174,130060
551,30,GOA,NORTH GOA,-0.15999999999999762,0.05536332179930267,0.06698961937716745,0.0842137639369468,7244.824276157171,0.0035834013479623906,-0.2599000384467512,0.2069357939254133,2026943
552,30,GOA,SOUTH GOA,-0.13016532103037343,0.04822760476739453,0.06299115724721122,0.07535563244905792,5571.242199635221,0.0024621634268578167,-0.2761399461745483,0.19986159169550174,2268792
673,24,GUJARAT,MORBI,-0.10851211072664606,0.08421376393696323,0.10340638216072184,0.11909265667051301,175566.89888255275,0.029095483855947624,-0.2519646289888504,0.22145328719723184,6044416
438,24,GUJARAT,AHMADABAD,-0.11374086889658241,0.09356401384085211,0.10851211072665734,0.1301653210303712,382227.26935935946,0.04359328344535996,-0.2288965782391388,0.2519646289888504,8784863
440,24,GUJARAT,ANAND,-0.12456747404847517,0.07111111111112006,0.0842137639369527,0.10340638216070773,53912.968624002766,0.014059814213331074,-0.2288965782391388,0.21413302575932336,3842291
674,24,GUJARAT,DEVBHUMI DWARKA,-0.10851211072664481,0.10851211072666173,0.12456747404846863,0.1417301038062175,257844.50430955715,0.0514445409268053,-0.24415224913494812,0.2519646289888504,5023982
447,24,GUJARAT,JAMNAGAR,-0.07111111111111067,0.07535563244905873,0.09356401384083564,0.10851211072664978,188964.4229216402,0.02646607232511078,-0.2288965782391388,0.2288965782391388,7153837
449,24,GUJARAT,KACHCHH,-0.13016532103034534,0.10340638216074512,0.12456747404847689,0.14173010380623371,80762.38426115176,0.0016285140606832461,-0.2761399461745483,0.2679584775086506,49630741
443,24,GUJARAT,BHAVNAGAR,-0.12456747404846387,0.08421376393696604,0.09842368319876667,0.113740868896575,230307.74777886545,0.02836163888957123,-0.21413302575932336,0.2069357939254133,8129986
442,24,GUJARAT,BHARUCH,-0.11909265667051486,0.09356401384085469,0.10340638216072712,0.11909265667051472,272498.4519437888,0.0459739582567334,-0.22145328719723184,0.2519646289888504,5942322
459,24,GUJARAT,SURAT,-0.11374086889657457,0.08882737408687795,0.10340638216072984,0.1190926566705187,201646.77587914484,0.038832906758325514,-0.2288965782391388,0.2599000384467512,5202601
453,24,GUJARAT,NAVSARI,-0.10851211072663992,0.0842137639369642,0.0984236831987658,0.1085121107266473,99340.08898457699,0.03771614971049521,-0.2364628988850442,0.22145328719723184,2640202
462,24,GUJARAT,VALSAD,-0.09356401384083136,0.09842368319874431,0.1085121107266577,0.11909265667052124,192240.24198939465,0.05469981057123631,-0.2288965782391388,0.2364628988850442,3524114
672,24,GUJARAT,ARAVALLI,-0.029773164167628284,0.11374086889658562,0.12456747404846942,0.13588619761632176,248602.54528108463,0.06482897420478594,-0.22145328719723184,0.19986159169550174,3843076
441,24,GUJARAT,BANAS KANTHA,-0.04484429065743895,0.08882737408687894,0.10340638216073143,0.11909265667051788,603855.4860687404,0.04581609544119821,-0.24415224913494812,0.21413302575932336,13197838
668,24,GUJARAT,CHHOTA UDEPUR,-0.059115724721261496,0.09356401384086524,0.10340638216073146,0.11909265667051609,232183.9916663156,0.05568512369777989,-0.2364628988850442,0.2069357939254133,4179280
445,24,GUJARAT,DAHOD,-0.05173394848135389,0.0984236831987482,0.11374086889658203,0.12456747404845085,224983.5234137697,0.05098497755033135,-0.2364628988850442,0.19986159169550174,4420485
444,24,GUJARAT,DANGS,-0.019930795847751103,0.10851211072666754,0.11374086889660567,0.1245674740484588,141232.3402698055,0.06693879253988905,-0.2364628988850442,0.17937716262975778,2115144
675,24,GUJARAT,GIR SOMNATH,-0.06698961937716254,0.07972318339101701,0.09356401384082368,0.10851211072664166,108316.68895676552,0.03426283732200363,-0.2364628988850442,0.19986159169550174,3168667
448,24,GUJARAT,JUNAGADH,-0.0448442906574403,0.08882737408688905,0.09842368319874009,0.11374086889660141,224689.3174069716,0.030497780154840105,-0.24415224913494812,0.1929104190695886,7380122
669,24,GUJARAT,MAHISAGAR,-0.11909265667050688,0.1137408688965882,0.1245674740484701,0.135886197616304,187844.62413721503,0.061593536962616206,-0.21413302575932336,0.2069357939254133,3057162
452,24,GUJARAT,NARMADA,-0.12456747404843825,0.09842368319874954,0.10851211072665895,0.11909265667052071,175820.27797728765,0.051901525407509655,-0.2288965782391388,0.186082276047674,3395262
454,24,GUJARAT,PANCH MAHALS,-0.10340638216070673,0.10340638216073998,0.11909265667052836,0.1301653210303674,240899.75230224288,0.06061917320444003,-0.21413302575932336,0.19986159169550174,3982812
458,24,GUJARAT,SABAR KANTHA,-0.035432525951556784,0.10851211072666322,0.11909265667052678,0.1301653210303643,319739.3672572378,0.06176994802536797,-0.24415224913494812,0.21413302575932336,5187838
641,24,GUJARAT,TAPI,-0.1301653210303672,0.09356401384085747,0.10851211072665615,0.11909265667051995,131083.3818784022,0.03485275478776794,-0.22145328719723184,0.22145328719723184,3771978
461,24,GUJARAT,VADODARA,-0.07972318339100372,0.09356401384086867,0.10340638216073418,0.11909265667052257,252243.26779019355,0.05109009194645411,-0.2288965782391388,0.22145328719723184,4946678
439,24,GUJARAT,AMRELI,-0.05173394848135352,0.06299115724722819,0.07972318339101507,0.09842368319876642,162085.44076742165,0.018471811486192813,-0.22145328719723184,0.2288965782391388,8788427
456,24,GUJARAT,PORBANDAR,-0.048227604767397514,0.09842368319874682,0.11374086889660041,0.13016532103037565,132452.20446361828,0.0476438401153274,-0.22145328719723184,0.22145328719723184,2788240
457,24,GUJARAT,RAJKOT,-0.059115724721263384,0.05536332179930119,0.07111111111111784,0.08882737408688701,108854.2583360756,0.011754109467992126,-0.24415224913494812,0.22145328719723184,9279397
460,24,GUJARAT,SURENDRANAGAR,-0.05911572472126247,0.09356401384086047,0.10851211072665776,0.12456747404845615,473381.55330052355,0.04261664749487109,-0.2364628988850442,0.2364628988850442,11127032
676,24,GUJARAT,BOTAD,-0.038446751249519094,0.05536332179930142,0.07111111111111756,0.08421376393694592,64546.7913005437,0.021601712113741196,-0.2069357939254133,0.186082276047674,2995174
450,24,GUJARAT,KHEDA,-0.04484429065743966,0.09356401384085633,0.10851211072665687,0.1245674740484564,201175.48412390047,0.04825653041834562,-0.2288965782391388,0.22145328719723184,4177913
451,24,GUJARAT,MAHESANA,-0.006795605109519986,0.10340638216073483,0.11909265667052532,0.13588619761629622,318652.94106652355,0.05921095503946838,-0.2288965782391388,0.21413302575932336,5393193
446,24,GUJARAT,GANDHINAGAR,-0.008858131487889161,0.1137408688966106,0.12456747404846652,0.13588619761629747,169178.15674861654,0.06621355919737744,-0.24415224913494812,0.21413302575932336,2563098
455,24,GUJARAT,PATAN,-0.06698961937716283,0.09842368319875094,0.11374086889659148,0.13016532103036885,356409.8230076628,0.05051273546849813,-0.2364628988850442,0.2519646289888504,7069966
058,06,HARYANA,AMBALA,-0.006809570999504213,0.10340638216073089,0.12456747404845658,0.14173010380623924,127065.96573391127,0.06497707569602636,-0.2288965782391388,0.22145328719723184,1963507
059,06,HARYANA,BHIWANI,-0.006784168494955996,0.07111111111111985,0.0842137639369561,0.10340638216070454,172161.90269323572,0.041117214844988044,-0.21413302575932336,0.1929104190695886,4194676
060,06,HARYANA,FARIDABAD,-0.0448442906574395,0.098423683198774,0.1137408688965729,0.13588619761630388,46641.58837055702,0.04950795881640228,-0.1929104190695886,0.21413302575932336,945230
061,06,HARYANA,FATEHABAD,-0.019930795847750725,0.0629911572472478,0.07111111111108821,0.07972318339101513,103299.61091766156,0.03188207455024494,-0.2069357939254133,0.1929104190695886,3246738
062,06,HARYANA,GURUGRAM,-0.041584006151480876,0.08882737408686996,0.10340638216072948,0.11374086889657274,58994.712195767665,0.0372449130683764,-0.2069357939254133,0.2069357939254133,1589083
063,06,HARYANA,HISAR,-0.017777777777778166,0.059115724721256764,0.07535563244904561,0.09356401384082422,167647.25709587807,0.03220583041101972,-0.22145328719723184,0.21413302575932336,5213950
064,06,HARYANA,JHAJJAR,-0.03844675124951929,0.06299115724721276,0.07972318339101062,0.09842368319876717,73362.51658065859,0.031068837363595222,-0.19986159169550174,0.21413302575932336,2367667
065,06,HARYANA,JIND,-0.012056901191849356,0.06698961937717651,0.07535563244904399,0.09356401384082608,148170.50979443616,0.04238745249248608,-0.2069357939254133,0.1929104190695886,3503951
066,06,HARYANA,KAITHAL,9.138400332423697E-4,0.08421376393697196,0.09356401384085364,0.10851211072663898,174674.0376083069,0.05977209955477663,-0.186082276047674,0.2288965782391388,2929802
067,06,HARYANA,KARNAL,-0.015747789311802995,0.08421376393696897,0.09356401384084068,0.10851211072664187,178273.7485394956,0.05606901514664087,-0.186082276047674,0.21413302575932336,3186602
068,06,HARYANA,KURUKSHETRA,0.0026580744270335876,0.08882737408688467,0.09842368319876206,0.11374086889657414,131216.24670798733,0.06078433579340101,-0.19986159169550174,0.2069357939254133,2164099
069,06,HARYANA,MAHENDRAGARH,-0.013840830449827386,0.08421376393694986,0.10851211072664661,0.12456747404844747,102697.09488322363,0.04196212226231178,-0.2364628988850442,0.2069357939254133,2455293
604,06,HARYANA,MEWAT,-0.04484429065743901,0.0797231833910099,0.09842368319876398,0.11374086889657485,57095.36942338596,0.02983879234793935,-0.186082276047674,0.19986159169550174,1920287
619,06,HARYANA,PALWAL,-0.03543252595155664,0.07111111111111283,0.08421376393695733,0.09356401384082381,72781.04615496885,0.04235359462085264,-0.186082276047674,0.21413302575932336,1723336
070,06,HARYANA,PANCHKULA,-0.0415840061514804,0.12456747404846825,0.135886197616297,0.14769703960015376,80767.96262021177,0.07075562225450706,-0.24415224913494812,0.2069357939254133,1145979
071,06,HARYANA,PANIPAT,-0.04822760476739744,0.07535563244904236,0.08882737408687735,0.1085121107266469,76664.3170951055,0.04600330131984768,-0.2364628988850442,0.22145328719723184,1670732
072,06,HARYANA,REWARI,-0.022206843521722405,0.06698961937716495,0.08882737408688784,0.1085121107266435,54982.62192083804,0.027962326815538785,-0.22145328719723184,0.2069357939254133,1972079
073,06,HARYANA,ROHTAK,-0.04158400615148075,0.059115724721258596,0.07111111111111675,0.09356401384082523,63843.33105708838,0.030032542133684042,-0.19986159169550174,0.1929104190695886,2130843
074,06,HARYANA,SIRSA,-0.032541330257592344,0.041584006151464105,0.051733948481346756,0.06698961937716093,84816.95821936398,0.015479932119910821,-0.2364628988850442,0.186082276047674,5487960
075,06,HARYANA,SONIPAT,-0.03844675124951871,0.06698961937717553,0.07972318339101331,0.09842368319876643,109841.14521377016,0.039501288652447716,-0.19986159169550174,0.19986159169550174,2786505
076,06,HARYANA,YAMUNANAGAR,-0.03844675124951914,0.1137408688965714,0.1245674740484658,0.13588619761631407,151486.34706288797,0.06823756084531886,-0.24415224913494812,0.19986159169550174,2225647
701,06,HARYANA,CHARKHI DADRI,-0.0068078878450531745,0.07111111111111894,0.08882737408688081,0.11374086889657546,74431.00727341473,0.04237187379505543,-0.2069357939254133,0.2069357939254133,1761774
015,02,HIMACHAL PRADESH,BILASPUR,-0.11909265667051086,0.13016532103035391,0.1417301038062282,0.15378700499808415,97793.47549302978,0.0642560215069958,-0.24415224913494812,0.22145328719723184,1527049
016,02,HIMACHAL PRADESH,CHAMBA,-0.14769703960015856,0.13016532103032938,0.1537870049980496,0.17279507881585024,287585.6199660987,0.03335180257820141,-0.3014225297962323,0.2679584775086506,8634536
017,02,HIMACHAL PRADESH,HAMIRPUR,-0.04822760476739675,0.11374086889658726,0.1245674740484638,0.13588619761629644,88854.32165276588,0.06083449796785412,-0.2599000384467512,0.19986159169550174,1464411
018,02,HIMACHAL PRADESH,KANGRA,-0.1417301038062238,0.10851211072666571,0.11909265667052861,0.13588619761630596,272546.17509061296,0.036080950766101794,-0.31009611687812383,0.2599000384467512,7565612
020,02,HIMACHAL PRADESH,KULLU,-0.1537870049980881,0.15999999999994988,0.1727950788157938,0.1929104190695729,305052.1953381809,0.042353058783314614,-0.3014225297962323,0.2761399461745483,7211360
022,02,HIMACHAL PRADESH,MANDI,-0.021064241203910414,0.1417301038062628,0.16000000000000628,0.1727950788158501,466587.9514108019,0.09024026298039622,-0.2679584775086506,0.2519646289888504,5177402
023,02,HIMACHAL PRADESH,SHIMLA,-0.09842368319876695,0.15378700499801198,0.1727950788158458,0.18608227604770125,589744.8966455886,0.08830718305706617,-0.2761399461745483,0.2761399461745483,6689722
024,02,HIMACHAL PRADESH,SIRMAUR,-0.01777777777777761,0.1358861976163564,0.14769703960017733,0.1663360246059251,305975.0736315998,0.08352354027704963,-0.24415224913494812,0.2364628988850442,3670428
025,02,HIMACHAL PRADESH,SOLAN,-0.02460592079969248,0.13588619761634474,0.14769703960017,0.16000000000000475,211590.89191251685,0.08401734189856885,-0.2364628988850442,0.2288965782391388,2524974
026,02,HIMACHAL PRADESH,UNA,-0.09356401384083173,0.10340638216073479,0.11374086889658569,0.13016532103035977,91564.87410113044,0.04538370207328492,-0.24415224913494812,0.22145328719723184,2022495
019,02,HIMACHAL PRADESH,KINNAUR,-0.15378700499808526,0.08882737408688361,0.13016532103034573,0.16633602460590255,-179306.03718972256,-0.021073576202063068,-0.31009611687812383,0.28444444444444444,8518904
021,02,HIMACHAL PRADESH,LAHUL & SPITI,-0.1599999999999962,0.03254133025758933,0.0482276047673972,0.0669896193771658,-672306.9533922642,-0.036467378768022585,-0.29287197231833906,0.24415224913494812,18455211
,01,JAMMU & KASHMIR,MIRPUR,-0.10340638216070659,0.0888273740868759,0.10340638216072288,0.12456747404844376,125310.52571716529,0.025954534910065875,-0.29287197231833906,0.2288965782391388,4837249
,01,JAMMU & KASHMIR,MUZAFFARABAD,-0.17279507881584943,0.12456747404847386,0.1417301038062249,0.166336024605925,138234.0610632407,0.021280230696665865,-0.3278123798539023,0.2761399461745483,6508506
010,01,JAMMU & KASHMIR,PUNCH,-0.14173010380623144,0.10340638216073535,0.124567474048467,0.1417301038062246,176623.76432368578,0.031031264674839878,-0.3188927335640138,0.2519646289888504,5700333
001,01,JAMMU & KASHMIR,ANANTNAG,-0.1998615916954897,0.09842368319875244,0.11374086889659565,0.13016532103037248,-34298.80796104333,-0.009373252858226452,-0.3188927335640138,0.2288965782391388,3666744
003,01,JAMMU & KASHMIR,BARAMULA,-0.18608227604768396,0.12456747404846777,0.14173010380624032,0.16633602460592475,44811.43428019085,0.01613396741942246,-0.34602076124567477,0.2519646289888504,2783290
007,01,JAMMU & KASHMIR,KATHUA,-0.1663360246059245,0.0842137639369634,0.10340638216072354,0.11909265667051884,55507.904212048175,0.016778621945222616,-0.33685505574778934,0.22145328719723184,3314635
014,01,JAMMU & KASHMIR,UDHAMPUR,-0.14769703960015645,0.0629911572472167,0.07972318339101274,0.09356401384082423,-12031.180599673156,-0.0039741234899931255,-0.34602076124567477,0.186082276047674,3033474
002,01,JAMMU & KASHMIR,BADGAM,-0.19986159169549264,0.0629911572472237,0.084213763936962,0.10340638216071087,-62688.1738605888,-0.03734391687392277,-0.3278123798539023,0.19986159169550174,1682823
623,01,JAMMU & KASHMIR,BANDIPURA,-0.19986159169548814,0.09842368319874979,0.12456747404846485,0.147697039600165,-135201.5662694555,-0.024701867899499776,-0.3278123798539023,0.2679584775086506,5482179
626,01,JAMMU & KASHMIR,GANDERBAL,-0.19986159169549378,0.1301653210303408,0.1537870049980553,0.17279507881584977,10001.774460818844,0.004577039654232311,-0.3278123798539023,0.2599000384467512,2192068
622,01,JAMMU & KASHMIR,KULGAM,-0.19986159169549025,0.07972318339101356,0.10340638216071502,0.13016532103036707,-45069.15781762859,-0.026618748380532072,-0.3278123798539023,0.2364628988850442,1698369
008,01,JAMMU & KASHMIR,KUPWARA,-0.15999999999999442,0.12456747404846963,0.14173010380621565,0.16000000000000103,117420.75588423807,0.031636878220367724,-0.3188927335640138,0.2599000384467512,3717596
011,01,JAMMU & KASHMIR,PULWAMA,-0.16633602460592398,0.10340638216071467,0.13588619761629805,0.1663360246059245,6102.081138395366,0.005066046250673149,-0.3553094963475586,0.24415224913494812,1208381
012,01,JAMMU & KASHMIR,RAJAURI,-0.13588619761630222,0.07111111111111865,0.088827374086886,0.10851211072664269,3163.4978308082036,9.001012753543594E-4,-0.3278123798539023,0.2364628988850442,3521026
621,01,JAMMU & KASHMIR,RAMBAN,-0.13588619761630555,0.10340638216073474,0.12456747404846455,0.14173010380623638,47806.74158275647,0.02781561754659097,-0.3278123798539023,0.2519646289888504,1722238
627,01,JAMMU & KASHMIR,RIASI,-0.1727950788158481,0.10340638216073392,0.11909265667052184,0.1358861976162965,68796.46911742049,0.026708326728010042,-0.3014225297962323,0.2288965782391388,2582725
625,01,JAMMU & KASHMIR,SHUPIYAN,-0.15999999999999767,0.0669896193771643,0.07972318339100493,0.0935640138408301,1535.166296882709,0.002265610413296974,-0.3188927335640138,0.16000000000000003,681043
013,01,JAMMU & KASHMIR,SRINAGAR,-0.21413302575932017,0.07111111111111151,0.10340638216070831,0.14173010380622622,-11348.19323922049,-0.029972997334572888,-0.33685505574778934,0.2288965782391388,381957
620,01,JAMMU & KASHMIR,KISHTWAR,-0.19291041906958517,0.10340638216073564,0.12456747404847089,0.14769703960016986,-268925.85899829736,-0.024604024710684028,-0.33685505574778934,0.2599000384467512,10942149
004,01,JAMMU & KASHMIR,DODA,-0.1476970396001516,0.11374086889661113,0.13016532103035133,0.1476970396001659,126567.55613906146,0.039497940923962145,-0.33685505574778934,0.2599000384467512,3210495
624,01,JAMMU & KASHMIR,SAMBA,-0.09842368319876993,0.08421376393695933,0.09842368319877505,0.10851211072665112,32211.665219810886,0.02623821789630733,-0.28444444444444444,0.19986159169550174,1231705
005,01,JAMMU & KASHMIR,JAMMU,-0.12456747404843889,0.07972318339101543,0.09356401384082495,0.1085121107266493,63709.14082750861,0.019926831302939735,-0.3278123798539023,0.19986159169550174,3204791
322,20,JHARKHAND,BOKARO,-0.10340638216070547,0.07972318339097817,0.08882737408687208,0.09842368319876911,144238.3987518204,0.04109714629739119,-0.2288965782391388,0.19986159169550174,3518062
323,20,JHARKHAND,CHATRA,-0.02712802768166164,0.06698961937717454,0.07535563244906335,0.08882737408689002,156237.77810628028,0.03355706350978815,-0.24415224913494812,0.17279507881584008,4666877
325,20,JHARKHAND,DHANBAD,-0.08421376393694786,0.09356401384085687,0.09842368319875805,0.10851211072664826,138457.1701216586,0.05568494072720627,-0.22145328719723184,0.1929104190695886,2490976
324,20,JHARKHAND,DEOGHAR,-0.01574778931180301,0.08882737408688894,0.09842368319875205,0.10851211072664775,181322.92907220614,0.059554198231075925,-0.1929104190695886,0.16633602460592078,3050828
326,20,JHARKHAND,DUMKA,-0.006803779919676945,0.10340638216074359,0.11374086889659486,0.11909265667052547,321963.1746877252,0.0699053396475993,-0.19986159169550174,0.21413302575932336,4613615
328,20,JHARKHAND,GARHWA,-0.027128027681661303,0.07535563244906021,0.0842137639369646,0.09842368319877196,193845.4748247927,0.03864793055022497,-0.2519646289888504,0.17937716262975778,5023969
329,20,JHARKHAND,GIRIDIH,-0.02460592079969265,0.07972318339098627,0.08882737408686749,0.09842368319877336,292146.27164025174,0.0480619642959666,-0.21413302575932336,0.17937716262975778,6087886
330,20,JHARKHAND,GODDA,-0.00885813148788913,0.09356401384086346,0.1034063821607284,0.11374086889657349,159319.59157192596,0.056738709443403194,-0.2069357939254133,0.2069357939254133,2814180
331,20,JHARKHAND,GUMLA,-0.06698961937716225,0.055363321799323774,0.066989619377176,0.0753556324490597,92779.47709107728,0.01426267597881119,-0.2679584775086506,0.13588619761630144,6516036
332,20,JHARKHAND,HAZARIBAGH,-0.055363321799307474,0.066989619377175,0.07972318339101472,0.08882737408689048,164764.7970179496,0.031076363427114867,-0.2519646289888504,0.19986159169550174,5315097
333,20,JHARKHAND,JAMTARA,-0.059115724721260754,0.10340638216074081,0.10851211072666304,0.1137408688965985,155666.21413838165,0.0705005523849112,-0.19986159169550174,0.186082276047674,2214404
606,20,JHARKHAND,KHUNTI,-0.04484429065743862,0.06299115724723266,0.07111111111111919,0.08421376393694717,98589.67988869044,0.03084051561384287,-0.2519646289888504,0.14769703960015382,3204257
334,20,JHARKHAND,KODARMA,-0.01993079584775103,0.07972318339101657,0.08882737408689129,0.09842368319876627,91567.21325552129,0.04556164103303388,-0.2069357939254133,0.17937716262975778,2016064
335,20,JHARKHAND,LATEHAR,-0.044844290657438515,0.05911572472125143,0.07111111111111904,0.08421376393694657,127006.95440389097,0.02455497213232808,-0.2519646289888504,0.16000000000000003,5182155
336,20,JHARKHAND,LOHARDAGA,-0.05911572472126356,0.05173394848134461,0.0629911572472111,0.07111111111111859,16874.404961252727,0.009204366740252956,-0.2761399461745483,0.12456747404844293,1838361
337,20,JHARKHAND,PAKUR,-0.010396001537870066,0.10340638216073403,0.11374086889658606,0.12456747404844609,138774.3582556939,0.06280076538169575,-0.2288965782391388,0.1929104190695886,2216228
338,20,JHARKHAND,PALAMU,-0.01777777777777745,0.07972318339101518,0.088827374086881,0.09842368319877068,237980.36926708103,0.04400680086039449,-0.2288965782391388,0.17279507881584008,5416996
343,20,JHARKHAND,WEST SINGHBHUM,-0.0271280276816615,0.07111111111109676,0.08421376393696474,0.09356401384083804,327579.7783220087,0.037550016689482484,-0.2519646289888504,0.17937716262975778,8734513
327,20,JHARKHAND,EAST SINGHBHUM,-0.008858131487889172,0.09356401384087644,0.10340638216073608,0.11374086889658311,265722.969610542,0.06181836610706539,-0.2069357939254133,0.2288965782391388,4306723
607,20,JHARKHAND,RAMGARH,-0.0842137639369463,0.07535563244906557,0.08421376393696131,0.09356401384082301,68845.4561542774,0.04053047846307217,-0.2288965782391388,0.22145328719723184,1705200
339,20,JHARKHAND,RANCHI,-0.048227604767396466,0.07535563244903239,0.08421376393696464,0.0935640138408636,213049.67899090878,0.03515370376793618,-0.24415224913494812,0.19986159169550174,6072574
340,20,JHARKHAND,SAHIBGANJ,-0.09842368319876348,0.09842368319875265,0.10851211072665695,0.12456747404844752,142621.348635034,0.05285186155408431,-0.2288965782391388,0.22145328719723184,2704649
341,20,JHARKHAND,SARAIKELA-KHARSAWAN,-0.10340638216070518,0.07972318339101186,0.08882737408687924,0.09842368319876574,138410.2821643874,0.04296501057240773,-0.2069357939254133,0.2288965782391388,3228630
342,20,JHARKHAND,SIMDEGA,-0.048227604767395967,0.059115724721267734,0.06698961937717333,0.07972318339101117,123468.71073509229,0.02702886447310218,-0.2679584775086506,0.14173010380622836,4575865
524,29,KARNATAKA,BAGALKOT,-0.11374086889659392,0.05911572472125364,0.07535563244906614,0.08882737408688114,-135251.0682977529,-0.017736509704637162,-0.2679584775086506,0.17937716262975778,7637876
528,29,KARNATAKA,BALLARI,-0.05911572472126349,0.07535563244905852,0.08882737408687301,0.09842368319876048,273419.6098251951,0.027909242092102642,-0.2519646289888504,0.21413302575932336,9811668
527,29,KARNATAKA,BELAGAVI,-0.10340638216070613,0.02712802768166478,0.041584006151474735,0.059115724721258596,-334022.9427709405,-0.021374421540454987,-0.2761399461745483,0.17937716262975778,15647841
526,29,KARNATAKA,BENGALURU RURAL,-0.11909265667051326,0.029773164167631053,0.041584006151481265,0.0553633217993095,-42078.843700505255,-0.01594667155895579,-0.3014225297962323,0.13588619761630144,2647699
525,29,KARNATAKA,BENGALURU URBAN,-0.14769703960015634,0.016756264659267096,0.025815019364755058,0.04158400615148114,-70315.19435508687,-0.027912381512426435,-0.33685505574778934,0.17279507881584008,2525378
529,29,KARNATAKA,BIDAR,-0.08882737408688718,0.017777777777779624,0.027128027681662455,0.03844675124952112,-145690.18077143584,-0.02276954694007816,-0.2364628988850442,0.14769703960015382,6408943
531,29,KARNATAKA,CHAMARAJANAGAR,-0.1085121107266482,0.0325413302575894,0.0482276047673985,0.06698961937716404,-107279.30319405775,-0.016621833296247262,-0.3014225297962323,0.17279507881584008,6464990
630,29,KARNATAKA,CHIK BALLAPUR,-0.08421376393694704,0.051733948481344876,0.06299115724722265,0.07535563244904629,11092.832137802958,0.0022731989653299463,-0.3014225297962323,0.15378700499807765,4888990
532,29,KARNATAKA,CHIKKAMAGALURU,-0.14769703960016706,0.016764787505367428,0.032541330257593204,0.048227604767393926,-342195.14407247154,-0.041333129320268926,-0.3278123798539023,0.186082276047674,8290158
533,29,KARNATAKA,CHITRADURGA,-0.09356401384082572,0.07535563244904217,0.08421376393697177,0.09842368319874933,108650.95042032642,0.011172631318782206,-0.3014225297962323,0.2069357939254133,9737571
534,29,KARNATAKA,DAKSHINA KANNADA,-0.09842368319877054,0.02584435444711137,0.04484429065744377,0.06299115724721127,-108640.0881456152,-0.019504629764480825,-0.2761399461745483,0.2364628988850442,5579048
535,29,KARNATAKA,DAVANGERE,-0.08421376393694859,0.06698961937717396,0.07972318339101585,0.093564013840823,67092.34211340587,0.009814702197724479,-0.28444444444444444,0.17937716262975778,6847089
536,29,KARNATAKA,DHARWAD,-0.07111111111111516,0.035432525951564736,0.048227604767389826,0.05911572472125717,-42937.89252701431,-0.008698593786689865,-0.28444444444444444,0.14769703960015382,4944779
537,29,KARNATAKA,GADAG,-0.07535563244905277,0.05911572472126977,0.07535563244907344,0.0888273740868874,-33181.14115070898,-0.0061450213416369475,-0.2679584775086506,0.16000000000000003,5409858
539,29,KARNATAKA,HASSAN,-0.1663360246059153,8.977969606107053E-4,0.0157477893118028,0.035432525951558325,-420660.64294514415,-0.05381587246529202,-0.3278123798539023,0.14769703960015382,7828705
540,29,KARNATAKA,HAVERI,-0.05536332179930833,0.06299115724724669,0.0753556324490712,0.08421376393696217,109688.61982925345,0.019678576688999867,-0.2679584775086506,0.17937716262975778,5582700
538,29,KARNATAKA,KALABURAGI,-0.07972318339100733,0.02712802768166382,0.0415840061514773,0.055363321799305254,-205531.33164656747,-0.016033847124055846,-0.24415224913494812,0.22145328719723184,12835141
541,29,KARNATAKA,KODAGU,-0.17279507881584985,0.016784889898872377,0.04158400615148122,0.06299115724721123,-330977.91246408684,-0.07049450210540521,-0.34602076124567477,0.16000000000000003,4703960
542,29,KARNATAKA,KOLAR,-0.12456747404844035,0.010396001537870318,0.022206843521722027,0.03543252595155982,-155310.8240434256,-0.03400390308484676,-0.31009611687812383,0.13016532103037293,4576751
543,29,KARNATAKA,KOPPAL,-0.06698961937716617,0.071111111111108,0.0842137639369601,0.09356401384082252,143452.1649269625,0.022202706709124016,-0.2761399461745483,0.17937716262975778,6471180
544,29,KARNATAKA,MANDYA,-0.1301653210303687,0.004479255020521925,0.017777777777778874,0.03254133025759362,-245443.66003778178,-0.043171782638104485,-0.31009611687812383,0.16633602460592078,5695228
545,29,KARNATAKA,MYSURU,-0.1358861976163014,0.015747789311802787,0.02977316416762983,0.04484429065744128,-235667.7955606431,-0.03266298388244397,-0.3188927335640138,0.17279507881584008,7227650
546,29,KARNATAKA,RAICHUR,-0.06299115724721127,0.07111111111109511,0.08421376393696853,0.09356401384084868,210691.99198586488,0.0214578349901121,-0.2519646289888504,0.2069357939254133,9829398
631,29,KARNATAKA,RAMANAGARAM,-0.09842368319876882,0.022206843521721528,0.03543252595155715,0.04822760476739841,-76642.93751799586,-0.019039911636234377,-0.3014225297962323,0.15378700499807765,4034113
547,29,KARNATAKA,SHIVAMOGGA,-0.15378700499808368,0.03254133025759037,0.04822760476739617,0.066989619377165,-217759.10169374847,-0.022292590603522084,-0.31009611687812383,0.2069357939254133,9782492
548,29,KARNATAKA,TUMAKURU,-0.09842368319876899,0.05911572472125603,0.07535563244905563,0.08421376393696012,4457.012214111368,3.6580081632185576E-4,-0.3014225297962323,0.16633602460592078,12204538
549,29,KARNATAKA,UDUPI,-0.11374086889657924,0.02977316416762993,0.041584006151481244,0.05911572472126364,-56972.79308627203,-0.013834620452860382,-0.28444444444444444,0.1929104190695886,4125180
550,29,KARNATAKA,UTTARA KANNADA,-0.1245674740484397,0.04484429065745296,0.05911572472125569,0.07535563244904966,-40248.63607370901,-0.00338836410706208,-0.29287197231833906,0.1929104190695886,11893283
530,29,KARNATAKA,VIJAYAPURA,-0.10340638216071929,0.008858131487889697,0.02220684352172046,0.041584006151481154,-420894.99107433547,-0.03436145764279067,-0.29287197231833906,0.2069357939254133,12262243
635,29,KARNATAKA,YADGIR,-0.06698961937716175,0.07972318339100062,0.08882737408688017,0.0984236831987672,182582.96139657666,0.029688301967104255,-0.24415224913494812,0.16633602460592078,6160245
554,32,KERALA,ALAPPUZHA,-0.17279507881584577,0.01993079584775115,0.03844675124952019,0.0553633217993077,-72468.84789736281,-0.0450027258445898,-0.28444444444444444,0.19986159169550174,1615612
555,32,KERALA,ERNAKULAM,-0.1727950788158487,0.008858131487889923,0.02712802768165991,0.051733948481353126,-179432.90641251625,-0.05162817276479235,-0.29287197231833906,0.2069357939254133,3482949
556,32,KERALA,IDUKKI,-0.22145328719720506,-0.009668142695685273,0.012968329090081707,0.03687398275422646,-455979.55350189324,-0.09221321915688922,-0.37425605536332185,0.14769703960015382,4955513
557,32,KERALA,KANNUR,-0.14173010380623052,0.012056901191848603,0.02977316416762737,0.04822760476739507,-129480.09456484098,-0.03818246028575498,-0.2761399461745483,0.186082276047674,3397343
558,32,KERALA,KASARAGOD,-0.13016532103037293,0.008858131487889859,0.02220684352172103,0.03844675124951927,-82099.58740065983,-0.03598099928184975,-0.29287197231833906,0.17279507881584008,2288384
559,32,KERALA,KOLLAM,-0.17937716262975162,-9.259981514090156E-4,0.01777777777777817,0.041584006151481,-187218.67256090906,-0.0665747490105156,-0.31009611687812383,0.17279507881584008,2818601
560,32,KERALA,KOTTAYAM,-0.15999999999999445,-0.010396001537870278,0.006815378543737187,0.027128027681661268,-172182.22192204942,-0.06882874508876964,-0.3014225297962323,0.15378700499807765,2507427
561,32,KERALA,KOZHIKODE,-0.14769703960015745,0.006817405607381255,0.02220684352172165,0.041584006151481036,-112865.72365101037,-0.04213109500344818,-0.2679584775086506,0.1929104190695886,2684454
562,32,KERALA,MALAPPURAM,-0.12456747404843792,0.0120569011918493,0.029773164167628537,0.04822760476739449,-152741.72554333182,-0.0377076028969849,-0.28444444444444444,0.16633602460592078,4058183
563,32,KERALA,PALAKKAD,-0.14173010380623502,0.021055469876566688,0.03688029002340722,0.05536332179930642,-177958.14266957526,-0.03487696261405004,-0.34602076124567477,0.1929104190695886,5112539
564,32,KERALA,PATTANAMTHITTA,-0.1727950788158481,0.010396001537870294,0.03254133025759315,0.055363321799308744,-181307.77296934804,-0.06036131395169517,-0.3188927335640138,0.17279507881584008,3011006
565,32,KERALA,THIRUVANANTHAPURAM,-0.17937716262975162,-0.012999825045644122,0.0057251784183797415,0.029773164167628766,-190273.67708141377,-0.07671274612544948,-0.3188927335640138,0.186082276047674,2485730
566,32,KERALA,TRISSUR,-0.1537870049980772,0.013840830449827375,0.032541330257592004,0.04822760476739468,-139792.45543868095,-0.040567948260914054,-0.29287197231833906,0.186082276047674,3453173
567,32,KERALA,WAYANAD,-0.17937716262975142,-0.010396001537870287,0.010396001537870243,0.03543252595155706,-187919.51042690076,-0.07722618596476118,-0.3188927335640138,0.17279507881584008,2438701
009,37,LADAKH,LEH,-0.1860822760476868,0.06299115724722322,0.08421376393696321,0.10340638216072551,-7421964.790746764,-0.0354197618695815,-0.39369473279507883,0.2761399461745483,209611635
006,37,LADAKH,KARGIL,-0.1793771626297645,0.03691519999311298,0.05173394848134687,0.06698961937716681,-723877.7348540111,-0.037967015457069334,-0.3553094963475586,0.186082276047674,19084969
553,31,LAKSHADWEEP,LAKSHADWEEP,-0.17279507881584,0.004499982723108869,0.013840830449826985,0.022206843521722412,-1615.5057560666778,-0.051290398696306735,-0.2288965782391388,0.07972318339100345,33702
667,23,MADHYA PRADESH,AGAR MALWA,-0.09356401384082844,0.022206843521721704,0.03254133025759286,0.04484429065743802,-58483.91334519156,-0.017544080264313606,-0.2519646289888504,0.13016532103037293,3340865
639,23,MADHYA PRADESH,ALIRAJPUR,-0.0482276047673971,0.0984236831987467,0.10851211072665971,0.11909265667051941,202032.49551578102,0.050232640739226016,-0.2288965782391388,0.186082276047674,4031207
390,23,MADHYA PRADESH,ANUPPUR,-0.08882737408688375,0.06698961937717571,0.07535563244906912,0.08882737408688429,46379.088604864795,0.010130668424186055,-0.28444444444444444,0.17279507881584008,4589056
391,23,MADHYA PRADESH,ASHOKNAGAR,-0.06299115724721162,0.059115724721272335,0.07111111111110265,0.08421376393695904,100374.20222001371,0.017263477477138175,-0.2288965782391388,0.16633602460592078,5822740
392,23,MADHYA PRADESH,BALAGHAT,-0.05536332179930773,0.05536332179932635,0.06299115724722752,0.07535563244904753,270568.9776520847,0.024313857324251044,-0.28444444444444444,0.16000000000000003,11141974
393,23,MADHYA PRADESH,BARWANI,-0.06698961937716276,0.05911572472125228,0.07111111111111863,0.08882737408688432,88135.29218544552,0.0135022036938983,-0.2364628988850442,0.17937716262975778,6536978
394,23,MADHYA PRADESH,BETUL,-0.05911572472125832,0.059115724721263585,0.07111111111111995,0.07972318339101488,166584.96876582882,0.013771564613044287,-0.2599000384467512,0.14769703960015382,12110448
395,23,MADHYA PRADESH,BHIND,-0.024605920799692916,0.059115724721256556,0.07111111111111797,0.08882737408688639,153979.41428980677,0.027694696924674297,-0.2288965782391388,0.17279507881584008,5571431
396,23,MADHYA PRADESH,BHOPAL,-0.08882737408688965,0.04158400615147408,0.05536332179930325,0.0669896193771663,-8002.509098061166,-0.002376651880008156,-0.2519646289888504,0.15378700499807765,3374356
397,23,MADHYA PRADESH,BURHANPUR,-0.05911572472126312,0.06698961937717711,0.07972318339101866,0.08882737408688506,81808.04211694085,0.02115387638327525,-0.2519646289888504,0.15378700499807765,3873783
398,23,MADHYA PRADESH,CHHATARPUR,-0.01777777777777826,0.08882737408689263,0.09842368319874607,0.11374086889658025,569141.8201418775,0.053353605429207425,-0.2364628988850442,0.2069357939254133,10687142
399,23,MADHYA PRADESH,CHHINDWARA,-0.06698961937716323,0.05536332179931872,0.06299115724724033,0.07111111111111905,144918.93283638277,0.010180204918978928,-0.2761399461745483,0.14769703960015382,14251129
400,23,MADHYA PRADESH,DAMOH,-0.032541330257592614,0.07111111111110588,0.08421376393696496,0.09356401384084065,310006.273157532,0.03479184535414996,-0.2519646289888504,0.17937716262975778,8922849
401,23,MADHYA PRADESH,DATIA,-0.024605920799692475,0.07111111111111842,0.08421376393695224,0.09842368319876714,120447.6380166021,0.036176351094773754,-0.24415224913494812,0.16000000000000003,3340498
402,23,MADHYA PRADESH,DEWAS,-0.06698961937716233,0.05536332179932323,0.06698961937717439,0.07535563244905474,65928.07945937887,0.007764836000740782,-0.2364628988850442,0.17279507881584008,8505726
403,23,MADHYA PRADESH,DHAR,-0.08421376393694883,0.044844290657450825,0.06299115724721115,0.07972318339101353,-10746.95404118249,-0.0010904162208481187,-0.2599000384467512,0.17279507881584008,9867234
404,23,MADHYA PRADESH,DINDORI,-0.0888273740868849,0.029773164167631948,0.04158400615148024,0.051733948481349656,-80479.8439546596,-0.011558919704256198,-0.2599000384467512,0.13588619761630144,6974940
405,23,MADHYA PRADESH,EAST NIMAR,-0.13588619761630577,0.06698961937717347,0.0753556324490506,0.08421376393696604,78017.50514385893,0.008677659918349566,-0.2519646289888504,0.19986159169550174,9002549
406,23,MADHYA PRADESH,GUNA,-0.04822760476739412,0.059115724721259075,0.0711111111111191,0.07972318339101252,165586.7494144257,0.02115023976175955,-0.2679584775086506,0.17279507881584008,7842335
407,23,MADHYA PRADESH,GWALIOR,-0.024605920799692888,0.08421376393697368,0.09356401384086237,0.10340638216072742,235808.9581154114,0.04161491289123475,-0.24415224913494812,0.186082276047674,5674029
408,23,MADHYA PRADESH,HARDA,-0.05536332179930746,0.0669896193771776,0.0753556324490664,0.08421376393696249,118737.92699860325,0.029465845350478765,-0.2519646289888504,0.16000000000000003,4035848
409,23,MADHYA PRADESH,HOSHANGABAD,-0.08882737408688711,0.051733948481344084,0.05911572472125378,0.07111111111111783,155521.2668271241,0.019237874591666447,-0.2519646289888504,0.17937716262975778,8095645
410,23,MADHYA PRADESH,INDORE,-0.08882737408688655,0.03844675124952194,0.05536332179930326,0.07111111111111605,-39541.22165098338,-0.008360647365703869,-0.2599000384467512,0.15378700499807765,4738802
411,23,MADHYA PRADESH,JABALPUR,-0.07535563244905613,0.055363321799316356,0.06698961937717302,0.07535563244904744,121973.96540784625,0.019713933914731512,-0.2599000384467512,0.186082276047674,6198352
412,23,MADHYA PRADESH,JHABUA,-0.07111111111110967,0.07972318339101714,0.0935640138408454,0.10851211072665702,92782.1896357304,0.02223657588921343,-0.24415224913494812,0.186082276047674,4179358
413,23,MADHYA PRADESH,KATNI,-0.03844675124951916,0.07111111111111093,0.08421376393696178,0.09356401384082569,231387.19382785412,0.03754187358430979,-0.22145328719723184,0.2069357939254133,6175594
415,23,MADHYA PRADESH,MANDLA,-0.08882737408688855,0.05173394848134406,0.05911572472125997,0.07111111111111763,50994.11014103393,0.005611801736734217,-0.2519646289888504,0.17279507881584008,9100880
416,23,MADHYA PRADESH,MANDSAUR,-0.10851211072665297,0.038446751249514396,0.055363321799305996,0.07535563244905226,-116295.84901467126,-0.017130443029356356,-0.24415224913494812,0.22145328719723184,6799773
417,23,MADHYA PRADESH,MORENA,-0.03543252595155684,0.09356401384086109,0.10851211072666235,0.1245674740484647,254340.36048213893,0.040951061770886255,-0.24415224913494812,0.19986159169550174,6223463
418,23,MADHYA PRADESH,NARSHIMAPURA,-0.04484429065743879,0.051733948481344307,0.05911572472125116,0.07111111111111687,112359.07381892452,0.018048150984972148,-0.2519646289888504,0.16633602460592078,6236392
419,23,MADHYA PRADESH,NIMACH,-0.1034063821607374,0.07972318339099926,0.08882737408686889,0.09842368319876373,88223.0251027646,0.016766158829110846,-0.2288965782391388,0.186082276047674,5274602
420,23,MADHYA PRADESH,PANNA,-0.01205690119184896,0.09356401384087891,0.1034063821607359,0.11374086889659352,465197.3395773132,0.053465230164915764,-0.2288965782391388,0.2288965782391388,8717597
421,23,MADHYA PRADESH,RAISEN,-0.05911572472126354,0.0517339484813442,0.059115724721261115,0.07111111111111804,135828.47388249415,0.013191310830484663,-0.24415224913494812,0.186082276047674,10312010
422,23,MADHYA PRADESH,RAJGARH,-0.09356401384083009,0.027128027681664675,0.03844675124952021,0.051733948481349754,-95329.24828995926,-0.012666595786934421,-0.2519646289888504,0.14769703960015382,7535187
423,23,MADHYA PRADESH,RATLAM,-0.08421376393694403,0.03254133025758601,0.04822760476739609,0.06698961937717073,-72784.78142465174,-0.012316373801970475,-0.2679584775086506,0.14769703960015382,5920371
424,23,MADHYA PRADESH,REWA,-0.004477112420525891,0.08882737408687091,0.09842368319875143,0.11374086889657792,429505.4225654902,0.055495959714944997,-0.21413302575932336,0.19986159169550174,7751995
425,23,MADHYA PRADESH,SAGAR,-0.05911572472126396,0.051733948481344515,0.06299115724721802,0.07111111111111762,128655.39469030843,0.010268176576555921,-0.24415224913494812,0.16633602460592078,12549508
426,23,MADHYA PRADESH,SATNA,-0.08421376393694696,0.08421376393695269,0.09356401384085221,0.10851211072665529,440350.17711477424,0.04770280483121366,-0.2288965782391388,0.2069357939254133,9250027
427,23,MADHYA PRADESH,SEHORE,-0.06698961937716308,0.04484429065745417,0.05911572472126883,0.06698961937717388,11413.854521465864,0.0014332768387379964,-0.2519646289888504,0.14173010380622836,7979648
428,23,MADHYA PRADESH,SEONI,-0.07535563244905939,0.05173394848134387,0.05911572472126477,0.07111111111111744,118860.5987775905,0.011241509615711104,-0.2679584775086506,0.14769703960015382,10587279
429,23,MADHYA PRADESH,SHAHDOL,-0.09842368319876875,0.07111111111110782,0.0797231833910177,0.09356401384082318,237327.50662542265,0.03428901472782419,-0.2679584775086506,0.186082276047674,6933487
430,23,MADHYA PRADESH,SHAJAPUR,-0.0669896193771626,0.013840830449825736,0.022206843521721975,0.035432525951558116,-68707.589337391,-0.016315762384822657,-0.22145328719723184,0.15378700499807765,4219787
431,23,MADHYA PRADESH,SHEOPUR,-0.01384083044982688,0.10340638216074365,0.11374086889658021,0.12456747404846687,492558.3252253349,0.060174159023631484,-0.2599000384467512,0.19986159169550174,8196536
432,23,MADHYA PRADESH,SHIVPURI,-0.04158400615148101,0.08421376393697184,0.0935640138408517,0.10851211072665376,497976.25985238695,0.03920636126604019,-0.2599000384467512,0.1929104190695886,12718231
433,23,MADHYA PRADESH,SIDHI,-0.03543252595155669,0.07972318339099128,0.08882737408686912,0.10340638216072076,251124.97581533255,0.042963205586402924,-0.2599000384467512,0.19986159169550174,5855562
638,23,MADHYA PRADESH,SINGRAULI,-0.0591157247212616,0.08882737408688017,0.09842368319874824,0.10851211072665519,335177.5761113142,0.047499465866675264,-0.2761399461745483,0.22145328719723184,7066555
434,23,MADHYA PRADESH,TIKAMGARH,-0.027128027681661167,0.07535563244906254,0.08882737408687967,0.10340638216071338,177101.2095630729,0.038662754661720415,-0.2288965782391388,0.17279507881584008,4588875
435,23,MADHYA PRADESH,UJJAIN,-0.07535563244905431,0.015747789311804664,0.02460592079969157,0.035432525951558366,-122766.880138132,-0.016550531714637585,-0.2519646289888504,0.13588619761630144,7431237
436,23,MADHYA PRADESH,UMARIA,-0.06698961937716283,0.06299115724723717,0.07111111111111963,0.07972318339101282,167285.61851102507,0.030003260126257737,-0.2519646289888504,0.186082276047674,5584765
437,23,MADHYA PRADESH,VIDISHA,-0.04484429065743821,0.04158400615146532,0.051733948481346326,0.0629911572472149,88745.28951412285,0.009952748233928476,-0.2364628988850442,0.16000000000000003,8929692
414,23,MADHYA PRADESH,WEST NIMAR,-0.066989619377162,0.051733948481344647,0.06299115724722126,0.0797231833910094,120452.07797248803,0.01246881841223043,-0.2288965782391388,0.1929104190695886,9673296
722,23,MADHYA PRADESH,NIVARI,-0.10340638216070698,0.0797231833910157,0.0935640138408231,0.10851211072664349,66066.98307947995,0.040494450484760046,-0.2599000384467512,0.17937716262975778,1640914
466,27,MAHARASHTRA,AHAMADNAGAR,-0.08882737408688808,0.02460592079969093,0.038446751249518824,0.05536332179930519,-351147.6069061048,-0.017364988166331825,-0.2599000384467512,0.17937716262975778,20247712
467,27,MAHARASHTRA,AKOLA,-0.04822760476739493,0.04484429065744842,0.06299115724721657,0.0753556324490631,62121.250104065526,0.009561981084648535,-0.24415224913494812,0.186082276047674,6508098
468,27,MAHARASHTRA,AMARAVATI,-0.04822760476739526,0.06698961937715286,0.07972318339100255,0.09356401384086407,300351.6767368447,0.020548400033813766,-0.2599000384467512,0.16000000000000003,14634927
469,27,MAHARASHTRA,AURANGABAD,-0.07972318339100523,0.029773164167631226,0.044844290657444476,0.06299115724721124,-111767.32674333618,-0.009288051082308336,-0.24415224913494812,0.1929104190695886,12049449
471,27,MAHARASHTRA,BHANDARA,-0.10851211072664083,0.06698961937717682,0.07535563244906172,0.08421376393695384,138095.16011252318,0.027885394756699888,-0.2364628988850442,0.16633602460592078,4961610
470,27,MAHARASHTRA,BID,-0.09356401384083615,0.019930795847753785,0.032541330257590484,0.04822760476739748,-287536.00480183505,-0.02295313013167602,-0.2519646289888504,0.17937716262975778,12544794
472,27,MAHARASHTRA,BULDHANA,-0.07972318339101367,0.03543252595155857,0.0517339484813464,0.0669896193771702,-131240.88051589654,-0.01129833821420865,-0.24415224913494812,0.16000000000000003,11630150
473,27,MAHARASHTRA,CHANDRAPUR,-0.06299115724721198,0.07535563244903848,0.08882737408688532,0.09842368319874825,531755.5281590862,0.03933878417218135,-0.24415224913494812,0.2288965782391388,13530633
474,27,MAHARASHTRA,DHULE,-0.07535563244905226,0.04822760476739259,0.06299115724721115,0.07972318339100809,58470.644129352746,0.0067943906099661834,-0.21413302575932336,0.17937716262975778,8617611
475,27,MAHARASHTRA,GADCHIROLI,-0.03844675124951998,0.06698961937717712,0.07535563244905434,0.08882737408687663,611521.7114387162,0.0355133500584718,-0.2761399461745483,0.19986159169550174,17237884
476,27,MAHARASHTRA,GONDIA,-0.10851211072664083,0.06698961937717725,0.07535563244905684,0.08421376393695217,198536.73460002334,0.031993135087612264,-0.24415224913494812,0.2288965782391388,6215661
477,27,MAHARASHTRA,HINGOLI,-0.10340638216070609,0.019930795847753337,0.03543252595155734,0.04822760476739699,-113683.6663271274,-0.02034786731062406,-0.24415224913494812,0.17279507881584008,5596711
478,27,MAHARASHTRA,JALGAON,-0.07111111111111018,0.05911572472125847,0.07111111111111927,0.08882737408688389,203119.78725463265,0.014407768720427946,-0.2288965782391388,0.1929104190695886,14113319
479,27,MAHARASHTRA,JALNA,-0.07111111111111401,0.01205690119184846,0.022206843521722242,0.0325413302575926,-151164.64618404352,-0.01658599273971734,-0.2519646289888504,0.14173010380622836,9127228
480,27,MAHARASHTRA,KOLHAPUR,-0.11909265667051251,0.02460592079969011,0.03844675124952192,0.05173394848134952,-159214.1558169755,-0.017802302492716287,-0.2679584775086506,0.186082276047674,8961350
481,27,MAHARASHTRA,LATUR,-0.08421376393694593,0.01574778931180278,0.02977316416762971,0.04484429065743831,-196433.5367732084,-0.023163935517463836,-0.2519646289888504,0.16633602460592078,8490449
482,27,MAHARASHTRA,MUMBAI CITY,-0.02712802768166094,0.14769703960015784,0.16633602460592295,0.1860822760476722,6867.780666197277,0.09102034142945004,-0.17937716262975778,0.2679584775086506,76546
484,27,MAHARASHTRA,NAGPUR,-0.09842368319877147,0.0629911572472549,0.0753556324490586,0.08421376393695858,284179.8335934972,0.023975225518410536,-0.2519646289888504,0.2288965782391388,11865192
485,27,MAHARASHTRA,NANDED,-0.06698961937716495,0.03543252595155254,0.04822760476739943,0.05911572472126223,-63782.01064632604,-0.005122460315556166,-0.24415224913494812,0.17937716262975778,12472028
486,27,MAHARASHTRA,NANDURBAR,-0.06698961937716308,0.0797231833910182,0.09356401384082905,0.1085121107266451,194435.20943646246,0.027195787355344468,-0.2519646289888504,0.1929104190695886,7163183
487,27,MAHARASHTRA,NASHIK,-0.09356401384082633,0.055363321799318764,0.07111111111111146,0.08882737408687359,-66853.23475990293,-0.0036196691237848594,-0.2519646289888504,0.1929104190695886,18486361
488,27,MAHARASHTRA,USMANABAD,-0.08882737408688723,0.017777777777779627,0.03254133025758983,0.048227604767397236,-221185.80821885378,-0.02482472563317046,-0.2599000384467512,0.186082276047674,8925215
665,27,MAHARASHTRA,PALGHAR,-0.09842368319876701,0.10340638216074305,0.11374086889658476,0.12456747404846157,384158.3113128506,0.06139505992327779,-0.22145328719723184,0.2288965782391388,6266083
489,27,MAHARASHTRA,PARBHANI,-0.06299115724721135,0.022206843521719127,0.03254133025759242,0.0448442906574378,-66160.74419209384,-0.008865255964365954,-0.24415224913494812,0.17937716262975778,7474260
490,27,MAHARASHTRA,PUNE,-0.13588619761630327,0.04158400615146552,0.055363321799306996,0.07111111111111793,-231951.2311482877,-0.012576407047906909,-0.28444444444444444,0.186082276047674,18462996
491,27,MAHARASHTRA,RAYGAD,-0.10340638216070544,0.08882737408688118,0.09842368319875315,0.11374086889657743,363976.4160051851,0.044253513814976636,-0.2288965782391388,0.24415224913494812,8238352
492,27,MAHARASHTRA,RATNAGIRI,-0.06698961937716269,0.06698961937717667,0.07972318339101522,0.08882737408687895,271684.9084128561,0.027999664188767853,-0.2599000384467512,0.2288965782391388,9717129
493,27,MAHARASHTRA,SANGLI,-0.08882737408688574,0.019930795847753813,0.03254133025759172,0.044844290657440646,-206146.1311495821,-0.020491092344235257,-0.2679584775086506,0.17279507881584008,10078127
494,27,MAHARASHTRA,SATARA,-0.11374086889657736,0.02712802768166401,0.04158400615148054,0.0591157247212643,-240133.03599841945,-0.019546215689645895,-0.2761399461745483,0.16633602460592078,12298534
495,27,MAHARASHTRA,SINDHUDURG,-0.08882737408688965,0.05536332179930665,0.06698961937717232,0.07972318339101027,80376.76770602929,0.013530149931454447,-0.2679584775086506,0.17279507881584008,5951789
496,27,MAHARASHTRA,SOLAPUR,-0.09356401384082484,0.019930795847753844,0.032541330257591046,0.04484429065744049,-386563.4135992676,-0.02217389722859278,-0.24415224913494812,0.22145328719723184,17457025
483,27,MAHARASHTRA,SUB URBAN MUMBAI,-0.1301653210303745,0.11909265667050956,0.13588619761630377,0.15378700499807607,25136.38763853314,0.049261419404845186,-0.2069357939254133,0.2519646289888504,512479
497,27,MAHARASHTRA,THANE,-0.11374086889657689,0.10340638216074256,0.11374086889660384,0.12456747404846398,297864.40085254057,0.05885658746881945,-0.22145328719723184,0.2519646289888504,5069267
498,27,MAHARASHTRA,WARDHA,-0.07535563244905535,0.0629911572472394,0.07535563244905145,0.0842137639369629,137583.1308268542,0.01826179644536563,-0.2288965782391388,0.17937716262975778,7543509
499,27,MAHARASHTRA,WASHIM,-0.07972318339100434,0.02712802768166296,0.04158400615148124,0.0591157247212637,-86007.4482596036,-0.01407822832658042,-0.2364628988850442,0.14769703960015382,6120783
500,27,MAHARASHTRA,YAVATMAL,-0.07972318339100516,0.05911572472126217,0.07111111111111995,0.08421376393695851,225260.90838425656,0.013944036854666506,-0.2364628988850442,0.17937716262975778,16172960
252,14,MANIPUR,BISHNUPUR,-0.20693579392541936,0.013840830449827228,0.029773164167628163,0.05173394848135384,-32181.543719732214,-0.054620890792197306,-0.29287197231833906,0.16633602460592078,592328
253,14,MANIPUR,CHANDEL,-0.05536332179930965,0.05911572472124974,0.07111111111111791,0.0842137639369444,42161.235894163416,0.01747698228871849,-0.2761399461745483,0.16633602460592078,2417211
254,14,MANIPUR,CHURACHANDPUR,-0.05911572472126365,0.07535563244905027,0.08882737408688456,0.10340638216070948,84446.56119588511,0.02831910977470186,-0.2679584775086506,0.186082276047674,2987741
256,14,MANIPUR,IMPHAL WEST,-0.16633602460592364,0.038446751249520225,0.05536332179930818,0.07535563244905924,-12455.198370216876,-0.02078585415713834,-0.2679584775086506,0.15378700499807765,603204
255,14,MANIPUR,IMPHAL EAST,-0.09842368319877111,0.04158400615148123,0.0591157247212648,0.07535563244905978,-2919.8572644310016,-0.005485496083825967,-0.2761399461745483,0.14769703960015382,535890
713,14,MANIPUR,JIRIBAM,-0.04484429065743936,0.08421376393694376,0.093564013840825,0.10851211072664703,15890.534962261736,0.04384637919114203,-0.2069357939254133,0.16633602460592078,365087
260,14,MANIPUR,UKHRUL,-0.05911572472126263,0.07535563244906193,0.0888273740868791,0.1034063821607168,83353.37593122853,0.032311669017947096,-0.24415224913494812,0.186082276047674,2585246
257,14,MANIPUR,SENAPATI,-0.05911572472126315,0.08421376393696225,0.09842368319877501,0.11374086889657467,79799.19843841896,0.036918403866943915,-0.2288965782391388,0.186082276047674,2166467
258,14,MANIPUR,TAMENGLONG,-0.03543252595155787,0.08882737408687334,0.10340638216072415,0.11909265667051555,164732.67624034654,0.04432370188257902,-0.2364628988850442,0.19986159169550174,3724282
259,14,MANIPUR,THOUBAL,-0.1860822760476714,0.02712802768166076,0.04158400615148094,0.0591157247212615,-15776.7221077991,-0.032684676241334885,-0.3014225297962323,0.14173010380622836,485328
717,14,MANIPUR,KAMJONG,-0.03543252595155875,0.07111111111111942,0.08421376393695641,0.09842368319876833,87929.59355031021,0.03001518909108911,-0.2069357939254133,0.16633602460592078,2934321
714,14,MANIPUR,NONEI,-0.032541330257593606,0.09356401384083284,0.10851211072664907,0.1190926566705094,76154.57693849577,0.0525972084477976,-0.2364628988850442,0.1929104190695886,1452211
715,14,MANIPUR,PHERZAWL,-0.01777777777777741,0.09356401384085433,0.10851211072665395,0.11909265667051458,142392.89468997702,0.054196536201857784,-0.2069357939254133,0.2069357939254133,2632958
716,14,MANIPUR,TENGNOUPAL,-0.04158400615148113,0.059115724721244,0.07111111111111883,0.084213763936945,33345.5572330383,0.02211747660235677,-0.186082276047674,0.16000000000000003,1511379
712,14,MANIPUR,KANGPOKPI,-0.05911572472126309,0.07535563244905918,0.08882737408688834,0.10340638216071209,52606.07635300708,0.024666077792962267,-0.2761399461745483,0.1929104190695886,2143163
711,14,MANIPUR,KAKCHING,-0.2069357939254206,0.015747789311802835,0.029773164167628673,0.04822760476739758,-19333.95755997616,-0.04927462426882313,-0.2761399461745483,0.13588619761630144,394750
273,17,MEGHALAYA,EAST GARO HILLS,-0.03844675124951931,0.08421376393697089,0.09356401384085504,0.10340638216071821,85960.44210584184,0.043922139428416475,-0.21413302575932336,0.16633602460592078,1961933
274,17,MEGHALAYA,EAST KHASI HILLS,-0.07972318339100527,0.08882737408687871,0.10340638216072513,0.11909265667051472,92555.12146703684,0.02634728238916847,-0.28444444444444444,0.19986159169550174,3519450
657,17,MEGHALAYA,EAST JAINTIA HILLS,-0.088827374086884,0.07111111111111935,0.08882737408686897,0.10851211072665523,23913.848242830292,0.00962453373342336,-0.2599000384467512,0.2069357939254133,2489782
277,17,MEGHALAYA,SOUTH GARO HILLS,-0.027128027681661563,0.10340638216073553,0.11374086889659651,0.12456747404844884,150806.45170173928,0.06655282753314827,-0.2364628988850442,0.1929104190695886,2271292
278,17,MEGHALAYA,WEST GARO HILLS,-0.02460592079969283,0.09356401384087193,0.10340638216073282,0.11374086889657585,186649.23077834927,0.05670213483630183,-0.21413302575932336,0.1929104190695886,3298747
279,17,MEGHALAYA,WEST KHASI HILLS,-0.07111111111111391,0.07535563244904553,0.08882737408688489,0.1034063821607206,112807.94777681517,0.023253193288802466,-0.2761399461745483,0.17937716262975778,4859806
276,17,MEGHALAYA,RI-BHOI,-0.055363321799308716,0.08421376393696985,0.09356401384085011,0.10851211072665,113065.82107830865,0.03845354530711121,-0.24415224913494812,0.16633602460592078,2948155
658,17,MEGHALAYA,SOUTH WEST KHASI HILLS,-0.07111111111111429,0.09356401384083385,0.10340638216071787,0.1190926566705124,56839.60022666013,0.03525681210941804,-0.2761399461745483,0.1929104190695886,1617098
663,17,MEGHALAYA,SOUTH WEST GARO HILLS,-8.917024562211252E-4,0.09842368319876346,0.10851211072664839,0.11909265667050728,69824.77607000589,0.06750035630055858,-0.19986159169550174,0.17937716262975778,1037207
656,17,MEGHALAYA,NORTH GARO HILLS,-0.024605920799692677,0.08882737408686005,0.09842368319876066,0.10851211072664957,82696.64333335552,0.05344542801356212,-0.2069357939254133,0.17937716262975778,1552862
275,17,MEGHALAYA,WEST JAINTIA HILLS,-0.11909265667050796,0.044844290657441804,0.06299115724721124,0.08421376393694918,-15384.565586623143,-0.006919863919406481,-0.2679584775086506,0.17279507881584008,2229213
262,15,MIZORAM,CHAMPHAI,-0.04158400615148104,0.07972318339101744,0.09356401384083113,0.10851211072664627,141200.00144856068,0.03409947576453982,-0.2599000384467512,0.17937716262975778,4148573
267,15,MIZORAM,SAIHA,-0.02977316416762843,0.09356401384083743,0.1085121107266478,0.11909265667050738,97202.64977994544,0.052643841560956264,-0.2288965782391388,0.1929104190695886,1851831
264,15,MIZORAM,LAWNGTLAI,-0.029773164167628357,0.0888273740868772,0.10340638216072091,0.11374086889657425,144860.8278729083,0.04943210862877154,-0.22145328719723184,0.19986159169550174,2939881
268,15,MIZORAM,SERCHHIP,-0.04822760476739709,0.08421376393695798,0.09356401384082964,0.10851211072664577,66341.56657357159,0.037764492429434145,-0.24415224913494812,0.17279507881584008,1762727
263,15,MIZORAM,KOLASIB,-0.06299115724721185,0.08882737408688508,0.09842368319877107,0.11374086889657456,88098.85563725836,0.04830960139795984,-0.2288965782391388,0.186082276047674,1828823
266,15,MIZORAM,MAMIT,-0.029773164167628527,0.08421376393696861,0.0935640138408392,0.10851211072664574,172996.91068478682,0.046247679853127104,-0.22145328719723184,0.186082276047674,3748513
265,15,MIZORAM,LUNGLEI,-0.02712802768166165,0.08882737408689098,0.10340638216073149,0.11374086889658179,285245.0925045903,0.0518576115377935,-0.22145328719723184,0.186082276047674,5509505
261,15,MIZORAM,AIZAWL,-0.03543252595155683,0.0888273740868745,0.10340638216072576,0.11909265667051183,185914.92680128396,0.047815079881643366,-0.22145328719723184,0.186082276047674,3898664
613,13,NAGALAND,PAREN,-0.027128027681661906,0.0797231833910181,0.09356401384082165,0.10851211072664216,93482.51059803861,0.041382524953886696,-0.21413302575932336,0.19986159169550174,2264628
248,13,NAGALAND,PHEK,-0.04822760476739638,0.08421376393696564,0.0984236831987778,0.11374086889657417,92867.8488908603,0.040074362060981195,-0.2599000384467512,0.1929104190695886,2323275
250,13,NAGALAND,WOKHA,-0.03254133025759362,0.08882737408687533,0.0984236831987592,0.11374086889657413,94363.92477583027,0.04720855265147897,-0.22145328719723184,0.1929104190695886,2003896
244,13,NAGALAND,DIMAPUR,-0.029773164167627753,0.09356401384082294,0.10340638216070931,0.11909265667051461,51900.803584296234,0.054922419964061865,-0.2069357939254133,0.186082276047674,949846
245,13,NAGALAND,KOHIMA,-0.041584006151480904,0.08421376393695733,0.09842368319876982,0.11374086889657518,66643.62659362762,0.0409236904249125,-0.2069357939254133,0.186082276047674,1632851
614,13,NAGALAND,KIPHIRE,-0.035432525951558436,0.0935640138408342,0.1085121107266459,0.12456747404843924,66418.99037415313,0.047422246400653234,-0.2364628988850442,0.19986159169550174,1404480
251,13,NAGALAND,ZUNHEBOTO,-0.027128027681661705,0.09356401384085761,0.10340638216072921,0.11374086889657303,100992.69875279906,0.05165870695033488,-0.19986159169550174,0.186082276047674,1960862
246,13,NAGALAND,MOKOKCHUNG,-0.027128027681661705,0.08421376393696191,0.09356401384084026,0.10851211072664715,89249.63211187418,0.044639441775157336,-0.24415224913494812,0.17937716262975778,2005010
247,13,NAGALAND,MON,-0.017777777777777344,0.09356401384086598,0.10340638216073163,0.11909265667051867,149360.60116664937,0.054950580662656165,-0.2288965782391388,0.1929104190695886,2724066
249,13,NAGALAND,TUENSANG,-0.024605920799692736,0.0935640138408522,0.1034063821607268,0.11909265667051225,134140.76959564933,0.05059316995738195,-0.21413302575932336,0.22145328719723184,2656787
615,13,NAGALAND,LONGLENG,-0.019930795847750826,0.09356401384083861,0.10340638216071811,0.1190926566705098,39905.86529088825,0.0546121578198897,-0.21413302575932336,0.186082276047674,734358
344,21,ODISHA,ANUGUL,-0.1085121107266477,0.06698961937717603,0.07535563244904757,0.0888273740868823,197044.13005329005,0.025849963618872155,-0.24415224913494812,0.22145328719723184,7634552
345,21,ODISHA,BOLANGIR (BALANGIR),-0.03844675124951925,0.07535563244907044,0.0888273740868777,0.09842368319877418,306227.71817571495,0.039198638475779216,-0.2364628988850442,0.16633602460592078,7823364
346,21,ODISHA,BALASORE (BALESHWAR),-0.0842137639369474,0.11909265667053708,0.13016532103033443,0.14173010380621487,341527.93706120254,0.0765639159245228,-0.19986159169550174,0.2069357939254133,4471001
347,21,ODISHA,BARAGARH,-0.08882737408688417,0.07535563244906053,0.08421376393696488,0.09842368319877158,284296.35573237855,0.04065830467156101,-0.2288965782391388,0.21413302575932336,7004326
348,21,ODISHA,BHADRAK,-0.12456747404844512,0.1245674740484764,0.1301653210303401,0.1417301038062188,223861.84753051304,0.07473673073617901,-0.19986159169550174,0.19986159169550174,3001803
350,21,ODISHA,CUTTACK,-0.14173010380623727,0.10340638216073626,0.11374086889659199,0.12456747404846448,168714.60385275708,0.03671717512382793,-0.2519646289888504,0.2519646289888504,4607070
351,21,ODISHA,DEOGARH,-0.09356401384082252,0.07535563244905502,0.08882737408687265,0.09842368319876149,120230.07645860246,0.033904130037592996,-0.2364628988850442,0.186082276047674,3554240
352,21,ODISHA,DHENKANAL,-0.08882737408688969,0.07535563244906748,0.088827374086875,0.10340638216072073,174158.72005694333,0.032690249482956554,-0.2364628988850442,0.2288965782391388,5335603
353,21,ODISHA,GAJAPATI,-0.07535563244905265,0.044844290657445156,0.06299115724721116,0.07972318339101113,-9953.835953200243,-0.0020364417994606396,-0.3014225297962323,0.16000000000000003,4897594
354,21,ODISHA,GANJAM,-0.1034063821607248,0.07535563244906424,0.08882737408688073,0.0984236831987574,175008.4422121881,0.017585187192531365,-0.2599000384467512,0.186082276047674,9965454
355,21,ODISHA,JAGATSINGHPUR,-0.14769703960015698,0.10340638216074127,0.113740868896599,0.1190926566705157,113107.44461796212,0.05482702576062911,-0.2288965782391388,0.22145328719723184,2068255
356,21,ODISHA,JAJAPUR,-0.08882737408688969,0.11909265667053406,0.1301653210303374,0.1358861976163334,236220.09617012975,0.06821835228727689,-0.2288965782391388,0.2599000384467512,3471072
357,21,ODISHA,JHARSUGUDA,-0.11374086889658012,0.08421376393695816,0.09842368319876989,0.11374086889657457,81483.17787426195,0.03269899338122736,-0.2069357939254133,0.21413302575932336,2499034
358,21,ODISHA,KALAHANDI,-0.08421376393694774,0.05911572472125665,0.07111111111111965,0.08421376393695179,144330.0750673217,0.01538656901466363,-0.2519646289888504,0.17937716262975778,9392589
359,21,ODISHA,KANDHAMAL,-0.07535563244905341,0.032541330257586716,0.041584006151478135,0.055363321799306954,-54677.25479465447,-0.005731553258926319,-0.29287197231833906,0.12456747404844293,9552404
360,21,ODISHA,KENDRAPARHA,-0.14173010380623172,0.11374086889654952,0.12456747404847568,0.13588619761632528,190410.83847988665,0.0630484094812771,-0.2364628988850442,0.2069357939254133,3027614
361,21,ODISHA,KEONJHAR (KENDUJHAR),-0.04822760476739555,0.08421376393696924,0.09842368319874725,0.11374086889657767,387573.0418651791,0.038885164554716634,-0.2599000384467512,0.2069357939254133,9980176
362,21,ODISHA,KHORDHA,-0.09842368319877162,0.09842368319875368,0.10851211072665783,0.11909265667051742,119823.22656566718,0.03498609832284926,-0.2679584775086506,0.2069357939254133,3436743
363,21,ODISHA,KORAPUT,-0.14173010380623124,0.032541330257586605,0.04822760476739233,0.0629911572472112,-148019.7527325833,-0.014950441843748864,-0.31009611687812383,0.15378700499807765,9916232
364,21,ODISHA,MALKANGIRI,-0.13588619761631102,0.06698961937717603,0.0753556324490663,0.08882737408687821,107538.94399779743,0.015811242673516412,-0.2761399461745483,0.186082276047674,6811277
365,21,ODISHA,MAYURBHANJ,-0.01993079584775193,0.10851211072661258,0.11909265667053603,0.13016532103033504,752354.7238808863,0.06005326710280511,-0.22145328719723184,0.22145328719723184,12543165
366,21,ODISHA,NABARANGAPUR,-0.05536332179930784,0.05911572472126206,0.0711111111111192,0.07972318339101474,125152.65316106,0.019354927302400866,-0.2679584775086506,0.15378700499807765,6477055
367,21,ODISHA,NAYAGARH,-0.07535563244905699,0.05911572472125961,0.07111111111111892,0.07972318339101432,59705.03861138659,0.012872148669629699,-0.2599000384467512,0.16633602460592078,4646759
368,21,ODISHA,NUAPARHA,-0.06698961937716166,0.06299115724724365,0.07535563244904865,0.08421376393694964,133587.76393922308,0.02914014236078791,-0.24415224913494812,0.14769703960015382,4592599
369,21,ODISHA,PURI,-0.12456747404844942,0.09842368319874555,0.10851211072665978,0.11909265667052217,84402.92243189506,0.02047009350620123,-0.2288965782391388,0.2069357939254133,4132506
370,21,ODISHA,RAYAGARHA,-0.07535563244905841,0.04822760476738962,0.059115724721253884,0.07535563244905022,45204.35703890696,0.005200398784104102,-0.2761399461745483,0.16000000000000003,8707900
371,21,ODISHA,SAMBALPUR,-0.09842368319877381,0.07535563244906593,0.08882737408687776,0.09842368319875931,295531.7454929435,0.037038078728760214,-0.24415224913494812,0.21413302575932336,7991881
372,21,ODISHA,SUBARNAPUR,-0.1358861976163018,0.07972318339101832,0.09356401384084076,0.10340638216072302,96999.33346112263,0.03434655033810681,-0.24415224913494812,0.16633602460592078,2830803
373,21,ODISHA,SUNDARGARH,-0.048227604767397333,0.07535563244906436,0.08421376393696664,0.09842368319876219,453807.704162161,0.038733538612197554,-0.2519646289888504,0.19986159169550174,11732129
349,21,ODISHA,BAUDH (BAUDA),-0.11374086889657867,0.07535563244905355,0.08882737408688639,0.0984236831987723,117610.84729374458,0.03177095705642234,-0.2519646289888504,0.16633602460592078,3710015
598,34,PUDUCHERRY,KARAIKAL,-0.16633602460592045,0.048227604767395425,0.05911572472126237,0.07535563244905888,-3088.9980890006236,-0.017066448631791013,-0.28444444444444444,0.16000000000000003,183071
599,34,PUDUCHERRY,MAHE,-0.14173010380622839,-0.0026782876695220885,0.013840830449826983,0.032541330257593225,-438.4036725543009,-0.043198037843310555,-0.22145328719723184,0.09356401384083046,10600
600,34,PUDUCHERRY,PUDUCHERRY,-0.15999999999999845,0.027128027681661834,0.04484429065743867,0.06698961937716214,-10153.249497339406,-0.029794224729154627,-0.2599000384467512,0.16000000000000003,347013
601,34,PUDUCHERRY,YANAM,-0.18608227604767366,0.03543252595155698,0.05173394848135333,0.07111111111111099,-1793.0865617599056,-0.04064557155189809,-0.2519646289888504,0.17279507881584008,44886
027,03,PUNJAB,AMRITSAR,-0.03844675124952061,0.06299115724724694,0.07111111111111934,0.08882737408688482,120592.81483393475,0.03437344733436787,-0.2288965782391388,0.1929104190695886,3515937
605,03,PUNJAB,BARNALA,-0.008858131487889446,0.07111111111112005,0.07535563244905917,0.08882737408688429,83153.02563648752,0.04516195967125082,-0.17937716262975778,0.186082276047674,1846179
028,03,PUNJAB,BATHINDA,-0.022206843521721843,0.06698961937717669,0.07535563244905627,0.0935640138408247,156788.770242737,0.035990540611595165,-0.24415224913494812,0.21413302575932336,4365070
029,03,PUNJAB,FARIDKOT,-0.022206843521722416,0.06698961937717494,0.07535563244904597,0.08882737408688803,74062.77967010892,0.03914156802361826,-0.2069357939254133,0.19986159169550174,1896994
030,03,PUNJAB,FATEHGARH SAHIB,-0.008858131487889135,0.07535563244905548,0.08421376393695885,0.09842368319876624,75513.37303613122,0.05062736706548534,-0.1929104190695886,0.1929104190695886,1496589
651,03,PUNJAB,FAZILKA,-0.041584006151481064,0.05173394848134419,0.05911572472125178,0.07111111111111557,77585.95151637745,0.020897472196062614,-0.2679584775086506,0.19986159169550174,3719961
031,03,PUNJAB,FIROZPUR,-0.044844290657439535,0.07111111111110952,0.07535563244905986,0.08421376393694971,125699.53238735741,0.04079562017220745,-0.2364628988850442,0.21413302575932336,3088898
032,03,PUNJAB,GURDASPUR,-0.03254133025759366,0.06299115724724204,0.07535563244904493,0.08882737408688321,123608.75659869198,0.036164251553492635,-0.2288965782391388,0.19986159169550174,3424574
033,03,PUNJAB,HOSHIARPUR,-0.04158400615148105,0.0935640138408558,0.10851211072665806,0.11909265667051985,195501.21108036445,0.04415684554811268,-0.24415224913494812,0.19986159169550174,4436125
034,03,PUNJAB,JALANDHAR,-0.029773164167627993,0.07111111111109361,0.07972318339101514,0.09356401384082459,132929.2492756429,0.03864594195484487,-0.21413302575932336,0.19986159169550174,3448570
035,03,PUNJAB,KAPURTHALA,-0.03844675124951959,0.07535563244905258,0.08421376393694915,0.09842368319877147,87437.14916795553,0.041057691000518655,-0.22145328719723184,0.2069357939254133,2138434
036,03,PUNJAB,LUDHIANA,-0.022206843521722325,0.07972318339101216,0.08882737408688114,0.10340638216071212,234667.22319614212,0.04900257907890267,-0.1929104190695886,0.2288965782391388,4796983
037,03,PUNJAB,MANSA,-0.015747789311802856,0.05536332179931591,0.06698961937716931,0.0797231833910055,88034.32451796645,0.03151664926726691,-0.2069357939254133,0.17937716262975778,2800307
038,03,PUNJAB,MOGA,-0.013840830449827052,0.07111111111111582,0.07535563244905602,0.08421376393694488,127664.35038051307,0.04373448494628538,-0.19986159169550174,0.186082276047674,2925171
039,03,PUNJAB,SRI MUKTSAR SAHIB,-0.032541330257593634,0.059115724721264376,0.06698961937717303,0.07535563244905119,98566.25956851341,0.028906145599559962,-0.2364628988850442,0.1929104190695886,3417177
040,03,PUNJAB,SHAHID BHAGAT SINGH NAGAR,-0.022206843521722416,0.09842368319874169,0.11374086889661165,0.12456747404846219,95558.33440820605,0.058070200259896974,-0.21413302575932336,0.1929104190695886,1650822
662,03,PUNJAB,PATHANKOT,-0.14173010380622608,0.08882737408688574,0.10340638216070726,0.11909265667050715,40241.64327362988,0.03213797921942764,-0.2679584775086506,0.19986159169550174,1257220
041,03,PUNJAB,PATIALA,-9.07762603955346E-4,0.08421376393696937,0.09356401384083982,0.11909265667051136,247832.11702512318,0.057893293658705554,-0.19986159169550174,0.22145328719723184,4293984
042,03,PUNJAB,RUPNAGAR,-0.06299115724721234,0.11374086889659626,0.1301653210303651,0.14173010380624065,110212.62287279229,0.06160286583963004,-0.2288965782391388,0.19986159169550174,1795740
043,03,PUNJAB,SANGRUR,-0.004470618247705431,0.07972318339098933,0.08421376393696904,0.09356401384082258,247299.46121533265,0.05314127208034281,-0.19986159169550174,0.1929104190695886,4664151
608,03,PUNJAB,SAS NAGAR (SAHIBZADA AJIT SINGH NAGAR),-0.02712802768166121,0.10851211072664921,0.1245674740484496,0.14173010380623374,82348.78589575678,0.05812666299859123,-0.21413302575932336,0.21413302575932336,1423227
609,03,PUNJAB,TARN TARAN,-0.022206843521722416,0.0711111111110988,0.07535563244906322,0.08882737408688356,138074.20477168658,0.04380914693258021,-0.2519646289888504,0.21413302575932336,3158113
086,08,RAJASTHAN,AJMER,-0.035432525951557076,0.07972318339101436,0.09356401384083182,0.1085121107266441,402169.75340663496,0.038152970084961296,-0.2599000384467512,0.2288965782391388,10557272
087,08,RAJASTHAN,ALWAR,-0.015747789311802807,0.09842368319874711,0.1137408688965715,0.1301653210303489,457670.1103937557,0.04338671099336688,-0.21413302575932336,0.2069357939254133,10566667
088,08,RAJASTHAN,BANSWARA,-0.10340638216070498,0.08882737408688253,0.09842368319875436,0.11374086889657513,209960.01639334904,0.038253300347748556,-0.2364628988850442,0.19986159169550174,5496965
089,08,RAJASTHAN,BARAN,-0.04158400615148086,0.07972318339100289,0.08882737408688067,0.10340638216072076,314867.5923543894,0.03656285657901505,-0.22145328719723184,0.186082276047674,8624299
090,08,RAJASTHAN,BARMER,-0.035432525951558345,0.0711111111110963,0.0842137639369631,0.09842368319875572,1152761.9951917753,0.032783860857202696,-0.2599000384467512,0.2364628988850442,35184293
091,08,RAJASTHAN,BHARATPUR,-0.01993079584775261,0.07111111111111819,0.09356401384083833,0.11374086889658552,168146.62638307727,0.02648170099514132,-0.21413302575932336,0.21413302575932336,6364210
092,08,RAJASTHAN,BHILWARA,-0.029773164167628097,0.08882737408688689,0.10340638216073014,0.11374086889658593,632537.8637343992,0.048796522233538475,-0.2364628988850442,0.22145328719723184,12977374
093,08,RAJASTHAN,BIKANER,-0.01384083044982654,0.07111111111109732,0.07972318339101063,0.09356401384082798,1444593.6312002689,0.037742588146669406,-0.2679584775086506,0.22145328719723184,38299184
094,08,RAJASTHAN,BUNDI,-0.027128027681661285,0.09842368319874209,0.11374086889658376,0.12456747404846646,364317.5674562934,0.05101811452826509,-0.2519646289888504,0.1929104190695886,7150747
095,08,RAJASTHAN,CHITTAURGARH,-0.08882737408687892,0.0753556324490607,0.0888273740868761,0.09842368319876994,275653.2055372445,0.028687061037886822,-0.2519646289888504,0.1929104190695886,9628634
096,08,RAJASTHAN,CHURU,-0.004466230865206715,0.06698961937717754,0.07535563244905533,0.08882737408688234,696048.9613478748,0.039660779380697564,-0.28444444444444444,0.186082276047674,17570047
097,08,RAJASTHAN,DAUSA,-0.012056901191848718,0.09356401384085443,0.10851211072665597,0.12456747404844612,206180.5758140822,0.04825968457383242,-0.17937716262975778,0.2069357939254133,4282491
098,08,RAJASTHAN,DHAULPUR,-0.048227604767397424,0.08421376393696894,0.09842368319874484,0.11374086889657932,132696.60056962402,0.03502731614777985,-0.22145328719723184,0.1929104190695886,3796325
099,08,RAJASTHAN,DUNGARPUR,-0.01993079584775082,0.10851211072660402,0.1190926566705322,0.1301653210303477,330700.64893012115,0.07194198408075804,-0.21413302575932336,0.21413302575932336,4604348
101,08,RAJASTHAN,HANUMANGARH,-0.022206843521721024,0.05911572472126735,0.07111111111111958,0.08421376393694827,365334.0058765332,0.0294371424282535,-0.24415224913494812,0.186082276047674,12428490
102,08,RAJASTHAN,JAIPUR,-0.013840830449827016,0.10340638216074145,0.11374086889658432,0.12456747404846569,809250.7807907523,0.05804321485998662,-0.2519646289888504,0.2288965782391388,13958482
103,08,RAJASTHAN,JAISALMER,-0.06299115724722562,0.05173394848134393,0.0629911572472339,0.07535563244905388,594653.9493976536,0.012344637070035514,-0.2599000384467512,0.1929104190695886,48195167
104,08,RAJASTHAN,JALOR,-0.027128027681661285,0.0984236831987338,0.1137408688965862,0.12456747404846209,723851.3604846997,0.055192686463422604,-0.24415224913494812,0.21413302575932336,13130168
105,08,RAJASTHAN,JHALAWAR,-0.07972318339100579,0.05911572472126538,0.0753556324490598,0.088827374086878,47000.069935059735,0.006048710037256258,-0.2599000384467512,0.1929104190695886,7785147
106,08,RAJASTHAN,JHUNJHUNUN,0.0026609025385991854,0.08882737408689309,0.10340638216073418,0.124567474048463,393719.4101132749,0.05256830591289325,-0.2288965782391388,0.2288965782391388,7500078
107,08,RAJASTHAN,JODHPUR,-0.022206843521721205,0.07535563244903923,0.08882737408689531,0.0984236831987512,1031421.4848834844,0.03640234677686111,-0.2519646289888504,0.2069357939254133,28354930
108,08,RAJASTHAN,KARAULI,-0.029773164167627535,0.0984236831987451,0.10851211072665841,0.12456747404844971,296724.4464006647,0.04743732837910559,-0.2288965782391388,0.2069357939254133,6265890
100,08,RAJASTHAN,GANGANAGAR,-0.01993079584775111,0.07111111111109901,0.07972318339099592,0.09356401384084317,517093.4531609935,0.03696414657017859,-0.2599000384467512,0.2069357939254133,14004924
109,08,RAJASTHAN,KOTA,-0.06698961937716247,0.07972318339100351,0.09356401384084366,0.10340638216071686,234246.89581531697,0.0373452314125767,-0.24415224913494812,0.1929104190695886,6284796
110,08,RAJASTHAN,NAGAUR,-0.020989576482997842,0.07111111111111514,0.0797231833910154,0.09356401384083922,787461.2173284572,0.03529685426459656,-0.3278123798539023,0.19986159169550174,22328531
111,08,RAJASTHAN,PALI,-0.013840830449826813,0.10851211072665397,0.11909265667053118,0.1301653210303447,970542.6070470687,0.0632764282525361,-0.2288965782391388,0.24415224913494812,15355856
629,08,RAJASTHAN,PRATAPGARH,-0.06698961937716377,0.07972318339099616,0.09356401384085344,0.10340638216072481,118896.91708763655,0.021916863928687167,-0.2288965782391388,0.2069357939254133,5433909
112,08,RAJASTHAN,RAJ SAMAND,-0.05173394848135413,0.07535563244906208,0.08882737408688807,0.10340638216070681,202353.40100246746,0.035438852822895585,-0.28444444444444444,0.1929104190695886,5723908
113,08,RAJASTHAN,SAWAI MADHOPUR,-0.02460592079969221,0.09842368319874348,0.10851211072665957,0.1245674740484554,290187.9148607672,0.04642919530047182,-0.21413302575932336,0.21413302575932336,6261504
114,08,RAJASTHAN,SIKAR,-0.008858131487889507,0.09842368319875171,0.10851211072666218,0.12456747404846524,520680.11399571033,0.05349664889074155,-0.22145328719723184,0.21413302575932336,9747199
115,08,RAJASTHAN,SIROHI,-0.019930795847751002,0.10851211072666708,0.11909265667053112,0.13016532103036665,385347.6847505558,0.06104680482479508,-0.2519646289888504,0.1929104190695886,6321547
116,08,RAJASTHAN,TONK,-0.051733948481353605,0.079723183391017,0.09842368319876599,0.11909265667051575,310972.3727795685,0.03476380604364486,-0.2288965782391388,0.24415224913494812,8958642
117,08,RAJASTHAN,UDAIPUR,-0.0384467512495203,0.09356401384086266,0.10340638216073939,0.11909265667052484,708313.1587268669,0.049340195057154874,-0.2599000384467512,0.2069357939254133,14373207
225,11,SIKKIM,EAST,-0.10340638216070525,0.09356401384084603,0.10851211072665286,0.11909265667050707,46236.923070600795,0.03926315943763141,-0.28444444444444444,0.186082276047674,1180616
226,11,SIKKIM,NORTH,-0.16000000000000797,0.08421376393696813,0.09842368319874635,0.11909265667052044,-106523.67795238768,-0.019991716557197496,-0.31009611687812383,0.19986159169550174,5335204
227,11,SIKKIM,SOUTH,-0.07111111111111076,0.10340638216072538,0.11909265667051697,0.13016532103037315,46361.99463550539,0.05043358454273883,-0.2364628988850442,0.2069357939254133,922577
228,11,SIKKIM,WEST,-0.11374086889657406,0.08421376393696742,0.09842368319875777,0.11909265667051824,35505.33335040796,0.023528981418215557,-0.2761399461745483,0.1929104190695886,1512801
610,33,TAMIL NADU,ARIYALUR,-0.10340638216070953,0.03254133025758929,0.04484429065744474,0.05911572472126418,-40460.699231480845,-0.018349251913925474,-0.3014225297962323,0.17937716262975778,2209715
730,33,TAMIL NADU,CHENGALPATTU,-0.1600000000000037,0.0517339484813459,0.06698961937716762,0.08421376393694706,-16996.242325617644,-0.005449586518474244,-0.29287197231833906,0.186082276047674,3125557
568,33,TAMIL NADU,CHENNAI,-0.17279507881584139,0.07535563244905759,0.08882737408688968,0.10340638216070838,4553.175653526231,0.011878477905457157,-0.2679584775086506,0.19986159169550174,385506
569,33,TAMIL NADU,COIMBATORE,-0.15378700499808368,0.005734658864318485,0.021035977468386476,0.036841236289606276,-256843.94415085355,-0.04779721001513219,-0.33685505574778934,0.17279507881584008,5383851
570,33,TAMIL NADU,CUDDALORE,-0.14173010380623424,0.04822760476740133,0.06698961937717056,0.08421376393695504,-78661.93935205926,-0.01862357974103915,-0.3014225297962323,0.2069357939254133,4233341
571,33,TAMIL NADU,DHARMAPURI,-0.11909265667051923,0.032541330257589214,0.0482276047673944,0.06299115724721123,-117089.54020247498,-0.022776630699088415,-0.29287197231833906,0.16000000000000003,5150772
572,33,TAMIL NADU,DINDIGUL,-0.16633602460592492,0.009644308042073738,0.0210464458168935,0.03683013147660937,-350049.7458808746,-0.05088226007714211,-0.34602076124567477,0.16633602460592078,6891183
573,33,TAMIL NADU,ERODE,-0.13588619761632487,0.024605920799691653,0.03844675124952155,0.05536332179930701,-192516.9958001664,-0.0330257308489173,-0.31009611687812383,0.186082276047674,5843263
574,33,TAMIL NADU,KANCHIPURAM,-0.16633602460592448,0.04484429065744395,0.05911572472126484,0.07111111111111325,-24890.404158647605,-0.01243014989898143,-0.2761399461745483,0.21413302575932336,2010389
729,33,TAMIL NADU,KALLAKKURICHI,-0.14173010380620518,0.03543252595155367,0.051733948481347866,0.07111111111111625,-97418.71544331056,-0.024150737155890143,-0.29287197231833906,0.17937716262975778,4041352
575,33,TAMIL NADU,KANYAKUMARI,-0.18608227604767635,-0.0068327521853901296,0.012056901191848622,0.029773164167627097,-127703.2143180125,-0.06730063039324757,-0.3553094963475586,0.14173010380622836,1902020
576,33,TAMIL NADU,KARUR,-0.08882737408688435,0.055363321799310104,0.0669896193771734,0.079723183391015,26769.541887117983,0.00809881653425984,-0.28444444444444444,0.1929104190695886,3313874
578,33,TAMIL NADU,MADURAI,-0.16633602460592434,0.02106628684668779,0.03687919941286461,0.05536332179930517,-158627.31252354506,-0.037700998182941724,-0.31009611687812383,0.19986159169550174,4217505
587,33,TAMIL NADU,NILGIRIS,-0.17937716262975842,0.005745398213968434,0.025850234211356543,0.048227604767395064,-190917.42130890503,-0.06885126800594638,-0.33685505574778934,0.16633602460592078,2779224
579,33,TAMIL NADU,NAGAPATTINAM,-0.1600000000000017,0.05173394848134853,0.06299115724721116,0.07972318339100355,-64177.63895648964,-0.021972212725627466,-0.3188927335640138,0.15378700499807765,2930267
580,33,TAMIL NADU,NAMAKKAL,-0.15378700499808637,0.03844675124950993,0.05173394848134701,0.06698961937716812,-64232.97601844231,-0.01647931726696934,-0.3278123798539023,0.16633602460592078,3905479
581,33,TAMIL NADU,PERAMBALUR,-0.09356401384082436,0.03254133025759145,0.04484429065743934,0.05911572472126364,-26565.150071803128,-0.013270146710870194,-0.2761399461745483,0.16633602460592078,2007167
582,33,TAMIL NADU,PUDUKKOTTAI,-0.11909265667051734,0.059115724721252275,0.07535563244905423,0.08882737408688986,-9362.047963043298,-0.001770447541355119,-0.3278123798539023,0.2069357939254133,5299699
583,33,TAMIL NADU,RAMANATHAPURAM,-0.14769703960015568,0.04822760476739892,0.06299115724721117,0.07535563244905508,-54965.180373730254,-0.011805007677666315,-0.29287197231833906,0.17937716262975778,4668989
731,33,TAMIL NADU,RANIPPETTAI,-0.14769703960015182,0.041584006151481286,0.05173394848134751,0.06698961937716104,-20139.713316176334,-0.009491916178666394,-0.2761399461745483,0.19986159169550174,2128423
584,33,TAMIL NADU,SALEM,-0.1417301038062374,0.02977316416763174,0.044844290657444566,0.05911572472126449,-162911.90298198332,-0.023765632086401894,-0.3553094963475586,0.17937716262975778,6871944
585,33,TAMIL NADU,SIVAGANGA,-0.10851211072664273,0.062991157247224,0.07972318339101299,0.09842368319877307,18233.57242568998,0.0037871979278670982,-0.28444444444444444,0.19986159169550174,4827074
588,33,TAMIL NADU,TENI,-0.17937716262976983,0.0026403948423747306,0.017777777777778666,0.035432525951558144,-208946.10540974647,-0.06421280885820511,-0.3553094963475586,0.14173010380622836,3260399
733,33,TAMIL NADU,TENKASI,-0.17937716262975162,-0.010396001537870297,0.002642562621949402,0.01777777777777768,-220534.26567130123,-0.0693152040249164,-0.3278123798539023,0.11909265667051133,3188221
586,33,TAMIL NADU,THANJAVUR,-0.14769703960015956,0.029773164167629245,0.04822760476739834,0.07111111111111505,-163089.0957010723,-0.041844306262807184,-0.3188927335640138,0.17279507881584008,3908681
590,33,TAMIL NADU,THIRUVARUR,-0.13588619761630305,0.04484429065745127,0.05911572472125033,0.07535563244904774,-58492.31687552441,-0.022704483627785738,-0.3188927335640138,0.15378700499807765,2584269
591,33,TAMIL NADU,TIRUCHIRAPALLI,-0.12456747404844601,0.05173394848134517,0.06698961937717311,0.07972318339101427,-43182.959653405625,-0.008439289037697091,-0.3014225297962323,0.2069357939254133,5131417
592,33,TAMIL NADU,TIRUNELVELI,-0.20693579392539738,-0.005829424680794274,0.009637988574823378,0.02582226270854845,-311904.1990975479,-0.07104216812202194,-0.3553094963475586,0.17937716262975778,4398780
634,33,TAMIL NADU,TIRUPPUR,-0.130165321030363,0.022206843521720004,0.032541330257590935,0.04484429065743827,-177886.24196911222,-0.03007059031573565,-0.3188927335640138,0.16633602460592078,5928070
732,33,TAMIL NADU,TIRUPPATTUR,-0.12456747404845055,0.01777777777777932,0.029773164167629873,0.044844290657441464,-83937.70597065629,-0.03463319113470433,-0.3188927335640138,0.14769703960015382,2429659
589,33,TAMIL NADU,TIRUVALLUR,-0.15999999999999745,0.05173394848134723,0.07111111111111654,0.09842368319877083,-37110.15262364636,-0.010006122614170254,-0.2599000384467512,0.21413302575932336,3721243
593,33,TAMIL NADU,TIRUVANNAMALAI,-0.12456747404844701,0.03254133025758688,0.04484429065744823,0.05911572472126316,-144423.3631591644,-0.02041910075430191,-0.29287197231833906,0.17937716262975778,7086228
594,33,TAMIL NADU,TUTICORIN,-0.17279507881584805,0.009638382278434707,0.02582503408653008,0.0415840061514811,-254691.06492890153,-0.04748076365370068,-0.3278123798539023,0.24415224913494812,5373009
595,33,TAMIL NADU,VELLORE,-0.11374086889657516,0.012056901191849758,0.024605920799691847,0.038446751249520496,-84744.13178468152,-0.035056250349978495,-0.29287197231833906,0.14173010380622836,2425418
596,33,TAMIL NADU,VILLUPURAM,-0.11909265667051616,0.0384467512495204,0.05173394848134762,0.06698961937716381,-46663.12637620496,-0.011147253115734381,-0.2679584775086506,0.186082276047674,4197052
597,33,TAMIL NADU,VIRUDHUNAGAR,-0.16633602460592456,0.022206843521718044,0.038446751249510344,0.055363321799300765,-184863.43207759561,-0.03846407505481511,-0.29287197231833906,0.17937716262975778,4816093
577,33,TAMIL NADU,KRISHNAGIRI,-0.11909265667051695,0.019930795847753095,0.03254133025759305,0.051733948481350926,-162219.18503467643,-0.027592892664031827,-0.31009611687812383,0.16633602460592078,5891097
501,36,TELANGANA,ADILABAD,-0.05173394848135093,0.0669896193771757,0.079723183391017,0.08882737408688694,102095.26879602602,0.021557854043969375,-0.2519646289888504,0.17279507881584008,4743469
507,36,TELANGANA,HYDERABAD,-0.14769703960015632,0.07972318339101075,0.08882737408688225,0.09842368319877273,6447.882744099511,0.028769388811988542,-0.24415224913494812,0.17937716262975778,225991
508,36,TELANGANA,KARIMNAGAR,-0.088827374086889,0.06698961937717242,0.07972318339101184,0.09356401384082536,65287.172592929055,0.027678221196128637,-0.22145328719723184,0.1929104190695886,2364683
690,36,TELANGANA,BHADRADRI KOTHAGUDEM,-0.09356401384082585,0.0553633217993033,0.06698961937717138,0.08421376393694617,67785.11579536376,0.008368504647772185,-0.2679584775086506,0.22145328719723184,8112200
512,36,TELANGANA,MAHABUBNAGAR,-0.041584006151480855,0.10340638216073655,0.10851211072666181,0.1190926566705233,175007.28486346902,0.05352711831237032,-0.22145328719723184,0.17937716262975778,3277821
692,36,TELANGANA,SIDDIPET,-0.13016532103036985,0.07111111111111988,0.07972318339101547,0.09356401384082381,83802.96138556588,0.01924604512663465,-0.2519646289888504,0.17279507881584008,4362172
514,36,TELANGANA,NALGONDA,-0.10340638216071704,0.09842368319873226,0.1085121107266636,0.11909265667052478,436712.55478297017,0.05192248198636316,-0.2288965782391388,0.2599000384467512,8420108
516,36,TELANGANA,NIZAMABAD,-0.10851211072664188,0.06698961937717579,0.07535563244905213,0.08882737408688596,100767.33681336277,0.02028830398791005,-0.24415224913494812,0.2069357939254133,4973584
518,36,TELANGANA,RANGAREDDY,-0.07972318339100462,0.07972318339100908,0.08882737408687148,0.10340638216071438,170553.65311439728,0.029194189648005412,-0.2679584775086506,0.2364628988850442,5852435
720,36,TELANGANA,MULUGU,-0.0842137639369458,0.04484429065745183,0.059115724721254655,0.07535563244904918,22502.02016010043,0.004458218549847588,-0.28444444444444444,0.16000000000000003,5054976
695,36,TELANGANA,JOGULAMBA GADWAL,-0.06698961937716272,0.0797231833910037,0.08882737408687126,0.10340638216071439,97437.43791656767,0.03257430723333608,-0.2288965782391388,0.186082276047674,2996596
699,36,TELANGANA,KUMURAM BHEEM,-0.06698961937716313,0.07535563244906753,0.08421376393696262,0.09356401384082387,178726.54568690306,0.033276911759199446,-0.2599000384467512,0.186082276047674,5379788
684,36,TELANGANA,MANCHERIAL,-0.08421376393694707,0.0753556324490552,0.08882737408687649,0.09842368319877173,163500.8821690403,0.03589350496600824,-0.24415224913494812,0.2069357939254133,4563416
680,36,TELANGANA,NIRMAL,-0.10340638216070842,0.07535563244907274,0.08421376393696402,0.09842368319876627,105122.98378032369,0.02394055002176,-0.2364628988850442,0.22145328719723184,4400168
685,36,TELANGANA,KAMAREDDY,-0.11374086889657481,0.06698961937717555,0.07972318339101563,0.0888273740868873,74630.36915024625,0.016929449968388445,-0.2288965782391388,0.16000000000000003,4417377
691,36,TELANGANA,SANGAREDDY,-0.12456747404844147,0.04822760476739098,0.062991157247226,0.07972318339101084,-30619.49357708999,-0.005862981036276973,-0.28444444444444444,0.17279507881584008,5234286
694,36,TELANGANA,NAGARKURNOOL,-0.059115724721261365,0.088827374086896,0.10340638216073238,0.1137408688965883,302298.4481988893,0.041865187689563606,-0.2599000384467512,0.22145328719723184,7230954
693,36,TELANGANA,WANAPARTHY,-0.05911572472126108,0.10340638216073757,0.11374086889660551,0.12456747404845384,141318.9063455695,0.05568691617108604,-0.2288965782391388,0.19986159169550174,2543857
721,36,TELANGANA,NARAYANPET,-0.05911572472126112,0.09356401384087464,0.10340638216073551,0.11374086889658552,124464.83517645365,0.044337010361026434,-0.21413302575932336,0.16633602460592078,2813898
698,36,TELANGANA,VIKARABAD,-0.07535563244905226,0.06698961937717504,0.0797231833910114,0.09356401384084173,31159.478593234533,0.00718989645906651,-0.2519646289888504,0.15378700499807765,4341820
700,36,TELANGANA,MEDCHAL-MALKAJGIRI,-0.11909265667051284,0.06299115724721381,0.07111111111111788,0.08421376393694814,22405.698493889027,0.017783723920128218,-0.2519646289888504,0.17937716262975778,1263977
697,36,TELANGANA,YADADRI BHUVANAGIRI,-0.05536332179930687,0.07972318339101206,0.08882737408687176,0.10340638216071786,134281.18245923764,0.035514340296518544,-0.24415224913494812,0.186082276047674,3788544
696,36,TELANGANA,SURYAPET,-0.07111111111111046,0.08882737408688131,0.09842368319876015,0.1137408688965859,168245.00163307198,0.040051679047804385,-0.22145328719723184,0.21413302575932336,4207558
509,36,TELANGANA,KHAMMAM,-0.07972318339100468,0.0753556324490477,0.09842368319875507,0.1137408688965955,107993.10781720378,0.01973782291990515,-0.2364628988850442,0.186082276047674,5483474
688,36,TELANGANA,MAHABUBABAD,-0.07972318339100448,0.06299115724722305,0.07535563244905777,0.09356401384082376,70707.47317223735,0.017026740789941222,-0.2288965782391388,0.17937716262975778,4159758
689,36,TELANGANA,JANGAON,-0.07111111111111006,0.07535563244905541,0.08882737408687297,0.09842368319876972,72499.1066701968,0.025502744294498083,-0.2288965782391388,0.16633602460592078,2848930
686,36,TELANGANA,WARANGAL (URBAN),-0.10851211072664367,0.06698961937717035,0.0797231833910094,0.08882737408688601,30479.08850838458,0.022286527838464826,-0.2288965782391388,0.16000000000000003,1371299
522,36,TELANGANA,WARANGAL (RURAL),-0.11374086889657871,0.05911572472126001,0.0711111111111178,0.0888273740868856,33436.79012119628,0.012735899225731331,-0.2288965782391388,0.16000000000000003,2631366
687,36,TELANGANA,JAYASHANKAR BHUPALAPALLY,-0.08882737408688965,0.05536332179930188,0.06698961937716892,0.08421376393694573,52022.66195109639,0.015365177054661576,-0.2519646289888504,0.1929104190695886,3392864
682,36,TELANGANA,PEDDAPALLI,-0.10340638216070798,0.06299115724722217,0.07535563244905105,0.09356401384082506,64469.51442311176,0.024930238076704643,-0.24415224913494812,0.2069357939254133,2590845
681,36,TELANGANA,JAGTIAL,-0.08882737408688969,0.07535563244906668,0.08882737408689284,0.09842368319876672,118050.04421487433,0.03467074191354473,-0.2364628988850442,0.186082276047674,3410637
683,36,TELANGANA,RANJANNA SIRCILLA,-0.08882737408688543,0.08421376393696597,0.09842368319875777,0.10851211072664857,85232.03023606808,0.04003125631661352,-0.2288965782391388,0.21413302575932336,2133794
513,36,TELANGANA,MEDAK,-0.09356401384083096,0.07535563244905605,0.08421376393695802,0.09356401384082662,80267.49844831433,0.024874480246504262,-0.2364628988850442,0.17937716262975778,3235035
269,16,TRIPURA,DHALAI,-0.07972318339100462,0.08421376393696615,0.0935640138408347,0.10340638216071313,122218.39231585077,0.04394661505761619,-0.22145328719723184,0.1929104190695886,2787504
654,16,TRIPURA,GOMATI,-0.051733948481354056,0.10340638216073557,0.11374086889659005,0.13016532103037157,114931.18349416826,0.05833143114274153,-0.21413302575932336,0.21413302575932336,1976295
652,16,TRIPURA,KHOWAI,-0.038446751249519615,0.09842368319875984,0.11374086889657353,0.12456747404844135,76359.33080071345,0.059464176024854404,-0.22145328719723184,0.2069357939254133,1288086
270,16,TRIPURA,NORTH TRIPURA,-0.04158400615148066,0.0842137639369553,0.09842368319876578,0.10851211072664385,75167.63334862918,0.0456916510778725,-0.2069357939254133,0.17279507881584008,1650811
653,16,TRIPURA,SEPAHIJALA,-0.05911572472126139,0.11909265667052743,0.13016532103036763,0.1417301038062387,84029.05668121716,0.06516412740519008,-0.2069357939254133,0.21413302575932336,1294414
271,16,TRIPURA,SOUTH TRIPURA,-0.027128027681661372,0.11374086889659926,0.12456747404846887,0.14173010380624074,124480.93617824392,0.07012602770263954,-0.186082276047674,0.2288965782391388,1781389
655,16,TRIPURA,UNOKOTI,-0.08421376393694537,0.08882737408686706,0.09842368319876675,0.10851211072664839,32439.679674798826,0.03846487233489992,-0.2288965782391388,0.17937716262975778,846595
272,16,TRIPURA,WEST TRIPURA,-0.024605920799692385,0.10340638216072832,0.11374086889657277,0.12456747404843754,73190.67363807975,0.0635712946820511,-0.186082276047674,0.2069357939254133,1154860
118,09,UTTAR PRADESH,AGRA,-0.03844675124951959,0.06698961937716999,0.08421376393694756,0.10340638216070556,151790.78000735719,0.02994528439470332,-0.24415224913494812,0.186082276047674,5084762
119,09,UTTAR PRADESH,ALIGARH,-9.026206081510147E-4,0.07972318339101507,0.08421376393696636,0.09842368319876306,245335.62345213146,0.052356887856844975,-0.1929104190695886,0.186082276047674,4695914
121,09,UTTAR PRADESH,AMBEDKARNAGAR,-0.03543252595155667,0.0753556324490541,0.08882737408688944,0.09842368319876994,102017.93447828831,0.03517548552926627,-0.186082276047674,0.22145328719723184,2907631
640,09,UTTAR PRADESH,AMETHI,-9.011460169014434E-4,0.08882737408686861,0.09842368319875199,0.1137408688965738,153458.7065604959,0.050824636687767356,-0.1929104190695886,0.2364628988850442,3027141
154,09,UTTAR PRADESH,AMROHA,-0.013840830449827079,0.10851211072662788,0.11909265667053033,0.12456747404846394,234378.60161092275,0.07492938166291084,-0.21413302575932336,0.22145328719723184,3135410
122,09,UTTAR PRADESH,AURAIYA,-0.03543252595155646,0.05173394848134506,0.066989619377168,0.08421376393694627,59001.03527492184,0.023419365260670733,-0.22145328719723184,0.17937716262975778,2525028
123,09,UTTAR PRADESH,AZAMGARH,-0.017777777777777535,0.07535563244907167,0.08882737408688036,0.10340638216071568,224249.22768541914,0.04284492872436469,-0.1929104190695886,0.19986159169550174,5243512
133,09,UTTAR PRADESH,BUDAUN,-0.0044781591645663985,0.08421376393697402,0.09356401384084978,0.10340638216071624,305788.1403792678,0.056843831471436776,-0.2288965782391388,0.17937716262975778,5388312
124,09,UTTAR PRADESH,BAGHPAT,-0.002616601075269823,0.103406382160735,0.10851211072665969,0.12456747404844547,110573.03021700383,0.06553888527064071,-0.186082276047674,0.19986159169550174,1691561
125,09,UTTAR PRADESH,BAHRAICH,-0.07111111111111004,0.0888273740868717,0.09842368319875965,0.10851211072664922,293991.6429527142,0.04716913261926838,-0.2364628988850442,0.2288965782391388,6244557
126,09,UTTAR PRADESH,BALLIA,-0.0935640138408289,0.07535563244904596,0.08882737408688662,0.10340638216070834,121556.52186979214,0.03277443120696115,-0.19986159169550174,0.2364628988850442,3717530
127,09,UTTAR PRADESH,BALRAMPUR,-0.0354325259515566,0.08421376393697022,0.09356401384085193,0.10851211072664889,197245.6522161667,0.046923379368564035,-0.21413302575932336,0.19986159169550174,4212204
128,09,UTTAR PRADESH,BANDA,-0.01574778931180308,0.08421376393696975,0.09842368319876911,0.10851211072664702,297368.18752487155,0.054033377729147916,-0.21413302575932336,0.1929104190695886,5516307
129,09,UTTAR PRADESH,BARABANKI,-0.048227604767397,0.07972318339101765,0.09356401384083032,0.10340638216071463,188883.5075863885,0.03925758734228906,-0.2069357939254133,0.2069357939254133,4821092
130,09,UTTAR PRADESH,BAREILLY,-0.004482445721458427,0.09356401384086895,0.10340638216073664,0.11374086889659678,319498.79659702495,0.06112560348128796,-0.22145328719723184,0.17937716262975778,5236856
131,09,UTTAR PRADESH,BASTI,-0.05173394848135431,0.07972318339101885,0.08882737408687683,0.10340638216071271,152852.9449099406,0.04388815470081799,-0.1929104190695886,0.19986159169550174,3489747
179,09,UTTAR PRADESH,BHADOHI,-0.0629911572472125,0.07972318339101715,0.09356401384082202,0.10340638216070434,48787.97571295217,0.038934203499216904,-0.186082276047674,0.16633602460592078,1258326
132,09,UTTAR PRADESH,BIJNOR,-0.027128027681660897,0.1190926566705387,0.1301653210303279,0.1358861976163415,508724.90551893937,0.08637675213325988,-0.2364628988850442,0.19986159169550174,5897437
134,09,UTTAR PRADESH,BULANDSHAHR,-9.105459151821296E-4,0.09356401384086227,0.10340638216072906,0.11374086889657369,270928.31082330353,0.060776397899135415,-0.2288965782391388,0.2069357939254133,4465675
135,09,UTTAR PRADESH,CHANDAULI,-0.10340638216070817,0.0711111111111201,0.08421376393696099,0.0984236831987693,115128.79163168595,0.03663778068569239,-0.2069357939254133,0.17937716262975778,3149762
136,09,UTTAR PRADESH,CHITRAKOOT,-9.28529173771116E-4,0.09356401384086427,0.10851211072665651,0.11909265667051856,240851.26778908755,0.06117918713275051,-0.1929104190695886,0.21413302575932336,3947058
137,09,UTTAR PRADESH,DEORIA,-0.03254133025759343,0.07111111111111966,0.08421376393695441,0.0984236831987676,111016.20184966546,0.03513481803596644,-0.1929104190695886,0.19986159169550174,3167421
140,09,UTTAR PRADESH,AYODHYA,-0.05173394848135433,0.08421376393696375,0.0935640138408344,0.10851211072664266,138632.61520389683,0.04130901525190949,-0.19986159169550174,0.21413302575932336,3363207
138,09,UTTAR PRADESH,ETAH,-0.00264034314737167,0.07111111111110452,0.07972318339101549,0.08882737408688493,136177.68157401256,0.044686939669443974,-0.19986159169550174,0.1929104190695886,3057112
139,09,UTTAR PRADESH,ETAWAH,-0.07972318339100329,0.07972318339101499,0.09356401384084244,0.10851211072664933,97526.7439728906,0.03356281875507485,-0.2288965782391388,0.17279507881584008,2912455
141,09,UTTAR PRADESH,FARRUKHABAD,-0.06299115724721181,0.07111111111112049,0.08421376393695768,0.09356401384082236,102634.2201108644,0.037466034388611374,-0.22145328719723184,0.186082276047674,2746061
142,09,UTTAR PRADESH,FATEHPUR,-0.038446751249519566,0.07972318339101772,0.09356401384082338,0.10851211072664332,231047.4449371385,0.04468627351955961,-0.2069357939254133,0.2069357939254133,5179341
143,09,UTTAR PRADESH,FIROZABAD,-0.024605920799692607,0.0629911572472322,0.07535563244904783,0.08882737408688493,99149.67976704368,0.03266658293104712,-0.22145328719723184,0.17279507881584008,3043033
144,09,UTTAR PRADESH,GAUTAMBUDHNAGAR,-0.02712802768166109,0.08882737408689054,0.10340638216071207,0.11909265667050804,95188.71105418706,0.053098002299899374,-0.21413302575932336,0.21413302575932336,1799130
146,09,UTTAR PRADESH,GAZIPUR,-0.0591157247212614,0.07111111111111974,0.08421376393695719,0.09842368319876847,139799.58452520208,0.03342132898866065,-0.2069357939254133,0.17937716262975778,4191005
145,09,UTTAR PRADESH,GHAZIABAD,-0.022206843521722423,0.09842368319876024,0.10851211072664985,0.12456747404843894,71684.79815909885,0.06179859150594069,-0.186082276047674,0.21413302575932336,1164347
147,09,UTTAR PRADESH,GONDA,-0.008858131487889135,0.08421376393697212,0.09842368319875736,0.10851211072665057,247677.58621360417,0.049654264344927396,-0.2069357939254133,0.2069357939254133,4997607
148,09,UTTAR PRADESH,GORAKHPUR,-0.06698961937716266,0.07111111111112033,0.08421376393695854,0.09842368319877234,145730.91497089667,0.03505951196904086,-0.2069357939254133,0.2069357939254133,4167218
149,09,UTTAR PRADESH,HAMIRPUR,-0.05173394848135303,0.07972318339101407,0.09356401384083188,0.10851211072664801,227428.6091203916,0.04712444681575406,-0.2519646289888504,0.17279507881584008,4836349
661,09,UTTAR PRADESH,HAPUR,-0.006813229661443825,0.09842368319875687,0.10851211072665286,0.11909265667051408,92966.98272288509,0.06544067152115933,-0.186082276047674,0.17937716262975778,1425629
150,09,UTTAR PRADESH,HARDOI,-0.029773164167628322,0.07111111111111099,0.0842137639369604,0.0984236831987639,292379.9460372157,0.03889135556852676,-0.21413302575932336,0.19986159169550174,7529334
163,09,UTTAR PRADESH,HATHRAS,-0.010396001537870247,0.06299115724722562,0.07111111111111866,0.08421376393694575,82405.2395128113,0.03673599435957379,-0.186082276047674,0.17279507881584008,2250134
151,09,UTTAR PRADESH,JALAUN,-0.027128027681661213,0.0711111111111201,0.08421376393695673,0.10340638216071137,203628.7062386107,0.03591164335812216,-0.2599000384467512,0.17279507881584008,5680240
152,09,UTTAR PRADESH,JAUNPUR,-0.010396001537870233,0.0753556324490663,0.0888273740868824,0.10340638216071524,196057.3747173001,0.039228969864074426,-0.21413302575932336,0.1929104190695886,5008032
153,09,UTTAR PRADESH,JHANSI,-0.05173394848135301,0.07535563244906124,0.08882737408688063,0.10340638216071298,247934.4923294601,0.03992632842439329,-0.2519646289888504,0.19986159169550174,6229627
155,09,UTTAR PRADESH,KANNAUJ,-0.024605920799692715,0.06299115724721914,0.07111111111111765,0.08882737408688302,77620.39208225686,0.029653779021971003,-0.21413302575932336,0.16633602460592078,2623727
157,09,UTTAR PRADESH,KANPUR,-0.048227604767397445,0.0753556324490459,0.09356401384082272,0.10851211072664849,136801.79062360237,0.03663459068895105,-0.2364628988850442,0.21413302575932336,3743531
156,09,UTTAR PRADESH,KANPUR DEHAT,-0.02712802768166119,0.05911572472126158,0.07535563244904682,0.08882737408688204,124690.58153391241,0.0316925568065074,-0.21413302575932336,0.2069357939254133,3941798
633,09,UTTAR PRADESH,KASGANJ,-0.03543252595155678,0.0797231833909891,0.08882737408687301,0.10340638216071318,124729.90609238727,0.05051581949531793,-0.21413302575932336,0.17279507881584008,2475748
158,09,UTTAR PRADESH,KAUSHAMBI,-0.051733948481352966,0.07972318339101812,0.09356401384082155,0.10340638216070464,96858.34679371242,0.04377275655538302,-0.1929104190695886,0.1929104190695886,2218096
159,09,UTTAR PRADESH,KHERI,-0.08421376393694782,0.0797231833909979,0.09356401384084373,0.1034063821607214,400386.34124831174,0.041174838502091665,-0.2519646289888504,0.1929104190695886,9738027
160,09,UTTAR PRADESH,KUSHINAGAR,-0.0629911572472118,0.05911572472124973,0.0711111111111183,0.07972318339100982,88298.02502150273,0.024558894148031005,-0.21413302575932336,0.16000000000000003,3604253
161,09,UTTAR PRADESH,LALITPUR,-0.10851211072664603,0.05536332179930831,0.0669896193771708,0.08421376393694865,128975.65725132186,0.020821074319592757,-0.24415224913494812,0.186082276047674,6203252
162,09,UTTAR PRADESH,LUCKNOW,-0.024605920799692597,0.10340638216073651,0.11909265667052871,0.1358861976163137,170459.27718275756,0.05389438655334131,-0.2069357939254133,0.2288965782391388,3170059
165,09,UTTAR PRADESH,MAHOBA,-0.048227604767397375,0.07972318339100935,0.09356401384082987,0.10851211072664646,192541.5125565485,0.047723503390751404,-0.22145328719723184,0.17937716262975778,4045255
166,09,UTTAR PRADESH,MAINPURI,-0.0067878536962998415,0.06698961937717698,0.07972318339101536,0.0888273740868884,141686.83817230983,0.04125454620914357,-0.19986159169550174,0.17279507881584008,3441554
167,09,UTTAR PRADESH,MATHURA,-0.03844675124951936,0.06698961937717793,0.07972318339101725,0.09356401384082369,167763.26029013217,0.03989030539026219,-0.2288965782391388,0.1929104190695886,4213749
168,09,UTTAR PRADESH,MAU,-0.029773164167628027,0.07535563244904228,0.08882737408688679,0.10340638216070687,82635.07718748756,0.038332378046214685,-0.19986159169550174,0.186082276047674,2161729
169,09,UTTAR PRADESH,MEERUT,-0.002640438162661661,0.108512110726668,0.11909265667052779,0.12456747404845994,245027.0169433161,0.07407722594306897,-0.186082276047674,0.2069357939254133,3314219
170,09,UTTAR PRADESH,MIRZAPUR,-0.08421376393694621,0.098423683198732,0.10851211072666404,0.11909265667052471,298118.6678299008,0.05483618713338388,-0.19986159169550174,0.24415224913494812,5447558
171,09,UTTAR PRADESH,MORADABAD,9.024284645577017E-4,0.10340638216074097,0.11374086889660119,0.12456747404845206,170526.4293369236,0.06871648404844677,-0.2288965782391388,0.1929104190695886,2489342
172,09,UTTAR PRADESH,MUZAFFARNAGAR,0.01993079584775113,0.11374086889655625,0.124567474048471,0.13588619761631815,294344.1714652313,0.0839833102216827,-0.17279507881584008,0.22145328719723184,3511799
173,09,UTTAR PRADESH,PILIBHIT,-0.08421376393694782,0.09356401384087334,0.10851211072666268,0.11909265667052378,252142.9886850416,0.05277537646243489,-0.2288965782391388,0.1929104190695886,4788939
174,09,UTTAR PRADESH,PRATAPGARH,-0.006787153123499678,0.08421376393696765,0.09842368319875484,0.10851211072665289,216249.73409993548,0.046975412923839756,-0.2069357939254133,0.19986159169550174,4613609
175,09,UTTAR PRADESH,RAIBEARELI,-0.012056901191849372,0.08882737408687195,0.09842368319875743,0.11374086889657366,235806.14687224693,0.0482567071544668,-0.19986159169550174,0.2069357939254133,4896223
176,09,UTTAR PRADESH,RAMPUR,9.149231208384169E-4,0.1034063821607392,0.11374086889658319,0.12456747404846107,206052.58998646436,0.06842566143635845,-0.19986159169550174,0.186082276047674,3018922
177,09,UTTAR PRADESH,SAHARANPUR,-0.015747789311803026,0.11374086889655809,0.12456747404847265,0.13016532103035394,356767.88279784424,0.07458965579650303,-0.2364628988850442,0.22145328719723184,4790695
659,09,UTTAR PRADESH,SAMBHAL,0.013840830449826667,0.09356401384087605,0.10340638216073275,0.11374086889659027,194960.9094709379,0.06329266884573306,-0.2069357939254133,0.1929104190695886,3088314
178,09,UTTAR PRADESH,SANTKABIRNAGAR,-0.04822760476739743,0.07111111111111917,0.08421376393694505,0.10340638216070556,79153.78983692298,0.038589714851956065,-0.186082276047674,0.1929104190695886,2058853
180,09,UTTAR PRADESH,SHAHJAHANPUR,-0.01574778931180294,0.07972318339099253,0.08882737408688601,0.09842368319876768,271192.2972166082,0.049764383955993294,-0.2069357939254133,0.1929104190695886,5462736
660,09,UTTAR PRADESH,SHAMLI,-0.004490472271049868,0.10340638216073685,0.10851211072666254,0.11909265667052085,105210.32671017438,0.06498071757280419,-0.186082276047674,0.1929104190695886,1623202
181,09,UTTAR PRADESH,SHRAWASTI,-0.03844675124951962,0.07972318339101839,0.08882737408688585,0.10340638216070981,110642.2698809028,0.04547300094047073,-0.2069357939254133,0.2069357939254133,2439319
182,09,UTTAR PRADESH,SIDDHARTHNAGAR,-0.04484429065743952,0.06698961937717382,0.07972318339101318,0.0935640138408246,132859.42817463324,0.03657298679039094,-0.21413302575932336,0.2069357939254133,3640380
183,09,UTTAR PRADESH,SITAPUR,-0.0271280276816612,0.07972318339099285,0.09356401384084581,0.10340638216071919,317775.06102712563,0.04401774126595176,-0.21413302575932336,0.21413302575932336,7230057
184,09,UTTAR PRADESH,SONBHADRA,-0.11374086889660948,0.08421376393696932,0.09356401384085548,0.10851211072665654,334041.6529976361,0.03958309286372362,-0.22145328719723184,0.2288965782391388,8450002
185,09,UTTAR PRADESH,SULTANPUR,-0.010396001537870164,0.0842137639369676,0.09842368319876627,0.10851211072664822,150592.27397179644,0.04526370991934884,-0.21413302575932336,0.2069357939254133,3335749
186,09,UTTAR PRADESH,UNNAO,-0.03254133025759362,0.07972318339101057,0.09356401384083302,0.1085121107266446,242166.29319928936,0.04247092120555294,-0.21413302575932336,0.2069357939254133,5712341
187,09,UTTAR PRADESH,VARANASI,-0.06698961937716255,0.08882737408686797,0.09842368319874574,0.11374086889660022,77528.83941965502,0.04094216357520338,-0.19986159169550174,0.21413302575932336,1899363
120,09,UTTAR PRADESH,PRAYAGRAJ,-0.059115724721262294,0.08882737408687698,0.09842368319876074,0.11374086889658444,311819.83569053665,0.04615809420338206,-0.21413302575932336,0.22145328719723184,6766620
164,09,UTTAR PRADESH,MAHARAJGANJ,-0.04158400615148068,0.05536332179931252,0.06698961937717068,0.08421376393694562,99378.90925930432,0.02690965670670562,-0.22145328719723184,0.17279507881584008,3700747
045,05,UTTARAKHAND,ALMORA,9.226632758108928E-4,0.12456747404847189,0.13588619761631687,0.14769703960016067,313061.6369439599,0.07753884102844193,-0.22145328719723184,0.2364628988850442,4045433
046,05,UTTARAKHAND,BAGESHWAR,-0.09842368319876318,0.12456747404846892,0.13588619761633025,0.15378700499808579,159688.2197045468,0.055514279162265874,-0.2519646289888504,0.24415224913494812,2883079
048,05,UTTARAKHAND,CHAMPAWAT,-0.03844675124951927,0.1137408688965825,0.13016532103035672,0.14173010380623208,147745.83345702224,0.06535506002071406,-0.24415224913494812,0.2069357939254133,2266165
049,05,UTTARAKHAND,DEHRADUN,-0.02977316416762822,0.1301653210303433,0.14769703960017094,0.16000000000001863,310284.92163589445,0.0774133725508592,-0.2364628988850442,0.2364628988850442,4018513
050,05,UTTARAKHAND,HARIDWAR,-0.05173394848135438,0.11909265667053578,0.13016532103033981,0.14173010380621995,239349.97307254758,0.08127432014017008,-0.2288965782391388,0.21413302575932336,2950783
051,05,UTTARAKHAND,NAINITAL,-0.024605920799692607,0.11374086889658122,0.13016532103034056,0.14769703960017103,340963.6571901932,0.06681731015747468,-0.24415224913494812,0.2288965782391388,5111706
052,05,UTTARAKHAND,PAURI GARHWAL,-0.024605920799692333,0.14173010380626033,0.15378700499803596,0.16633602460590402,610033.7266180321,0.08985274746432666,-0.2364628988850442,0.2288965782391388,6797764
054,05,UTTARAKHAND,RUDRAPRAYAG,-0.12456747404843775,0.15378700499799744,0.1727950788158508,0.18608227604770797,206101.0020869416,0.08014923775162888,-0.2761399461745483,0.2679584775086506,2576527
055,05,UTTARAKHAND,TEHRI GARHWAL,-0.09356401384082737,0.13588619761634924,0.15378700499808456,0.16633602460592506,395881.77886769106,0.07832773332905894,-0.2519646289888504,0.2519646289888504,5065420
056,05,UTTARAKHAND,UDHAM SINGH NAGAR,-0.07535563244905852,0.09356401384084702,0.10851211072665377,0.11909265667051193,178325.0793923477,0.0523531507691479,-0.2599000384467512,0.19986159169550174,3417188
047,05,UTTARAKHAND,CHAMOLI,-0.1358861976163195,0.1417301038062586,0.15999999999998063,0.17937716262979223,355090.1592809262,0.035090471317797356,-0.29287197231833906,0.28444444444444444,10130102
053,05,UTTARAKHAND,PITHORAGARH,-0.13016532103037612,0.11374086889659174,0.1358861976163364,0.16000000000000136,240597.08759697032,0.025811558996948758,-0.28444444444444444,0.2679584775086506,9333695
057,05,UTTARAKHAND,UTTARKASHI,-0.1358861976163051,0.13016532103033043,0.14769703960017697,0.17279507881585038,295502.4484330757,0.028475446206038278,-0.28444444444444444,0.2679584775086506,10391325
664,19,WEST BENGAL,ALIPUR DUAR,-0.07111111111111101,0.11909265667053628,0.13016532103034972,0.1417301038062424,278302.423766997,0.07968277630758046,-0.2069357939254133,0.19986159169550174,3499191
305,19,WEST BENGAL,BANKURA,-0.05911572472126118,0.10851211072662854,0.11374086889658233,0.12456747404846388,595633.0137809741,0.07126309790833975,-0.2069357939254133,0.21413302575932336,8367774
306,19,WEST BENGAL,PURBA BARDDHAMAN,-0.04158400615148045,0.10851211072664378,0.11909265667053101,0.13016532103035258,447698.863333461,0.07067556227701072,-0.19986159169550174,0.2288965782391388,6345416
307,19,WEST BENGAL,BIRBHUM,-0.029773164167627965,0.11909265667053548,0.12456747404847494,0.13588619761631773,409688.9145910816,0.07373897403213382,-0.19986159169550174,0.21413302575932336,5568338
310,19,WEST BENGAL,DAKSHIN DINAJPUR,-0.06698961937716376,0.10340638216072882,0.11374086889660179,0.13016532103037762,148468.4435853044,0.053797653244619444,-0.186082276047674,0.1929104190695886,2766684
309,19,WEST BENGAL,DARJILING,-0.03254133025759155,0.11909265667053269,0.13016532103035403,0.14173010380623777,174997.7634970813,0.06825312420911801,-0.28444444444444444,0.2364628988850442,2570580
317,19,WEST BENGAL,PURBA MEDINIPUR,-0.10340638216072139,0.11374086889656533,0.11909265667053351,0.13016532103035755,307964.3608342107,0.06460618622274436,-0.17937716262975778,0.2288965782391388,4774369
313,19,WEST BENGAL,HAORA,-0.10340638216071418,0.12456747404847428,0.1358861976163329,0.14173010380622442,142629.30475486774,0.08037599368556378,-0.16633602460592078,0.22145328719723184,1779421
312,19,WEST BENGAL,HUGLI,-0.05536332179930822,0.11374086889658229,0.12456747404846154,0.1358861976162974,275047.43683569494,0.07197535627724395,-0.1929104190695886,0.21413302575932336,3830421
314,19,WEST BENGAL,JALPAIGURI,-0.08882737408688966,0.11909265667053495,0.13016532103034234,0.14173010380622675,311298.5644378969,0.0726720288297115,-0.2069357939254133,0.2288965782391388,4291724
308,19,WEST BENGAL,KOCH BIHAR,-0.08882737408688966,0.11909265667053268,0.13016532103034884,0.13588619761631834,274810.92281794624,0.06549790510797247,-0.2069357939254133,0.19986159169550174,4209471
315,19,WEST BENGAL,KOLKATA,-0.12456747404844247,0.14769703960016908,0.16000000000000064,0.16633602460592387,21520.940444075317,0.09607484654254933,-0.16000000000000003,0.22145328719723184,225875
316,19,WEST BENGAL,MALDAH,-0.10340638216072189,0.1034063821607393,0.11909265667052565,0.1301653210303689,240285.4224733914,0.054317486006808254,-0.186082276047674,0.22145328719723184,4432769
319,19,WEST BENGAL,MURSHIDABAD,-0.08421376393694613,0.1034063821607391,0.1137408688965883,0.13016532103036776,378495.2882886278,0.05785625663228706,-0.1929104190695886,0.21413302575932336,6553296
320,19,WEST BENGAL,NADIA,-0.05536332179930823,0.1085121107266639,0.11909265667052821,0.13016532103036887,290221.5633208169,0.06122567048473044,-0.17279507881584008,0.2069357939254133,4752532
303,19,WEST BENGAL,NORTH TWENTY-FOUR PARGANAS,-0.12456747404846527,0.11374086889657092,0.12456747404847396,0.1358861976163372,219376.9916613157,0.045253726026576235,-0.186082276047674,0.2364628988850442,4858451
318,19,WEST BENGAL,PASCHIM MEDINIPUR,-0.012056901191849339,0.10851211072665268,0.11909265667053148,0.1301653210303558,549751.5447926224,0.07253726610004214,-0.2069357939254133,0.22145328719723184,7589470
321,19,WEST BENGAL,PURULIYA,-0.05536332179930739,0.0935640138408565,0.10340638216073449,0.10851211072665636,449946.9252750259,0.059176560913567,-0.22145328719723184,0.19986159169550174,7614827
304,19,WEST BENGAL,SOUTH TWENTY-FOUR PARGANAS,-0.13016532103034348,0.10851211072661564,0.11909265667053429,0.1301653210303484,425612.41349149804,0.046080473815603665,-0.186082276047674,0.21413302575932336,9269362
311,19,WEST BENGAL,UTTAR DINAJPUR,-0.015747789311802995,0.10851211072666324,0.11909265667052608,0.13588619761630158,262099.25220561947,0.06739522058281815,-0.1929104190695886,0.1929104190695886,3902218
703,19,WEST BENGAL,JHARGRAM,-0.006809711752827136,0.11374086889657531,0.12456747404847347,0.13588619761630932,286246.2218557121,0.0764957797705271,-0.21413302575932336,0.19986159169550174,3751531
704,19,WEST BENGAL,PASCHIM BARDDHAMAN,-0.06698961937716286,0.11374086889660552,0.11909265667052943,0.13016532103037515,160875.259172723,0.07296033085104207,-0.1929104190695886,0.2069357939254133,2210746
702,19,WEST BENGAL,KALIMPONG,-0.03844675124952011,0.10851211072666535,0.1245674740484654,0.13588619761629706,76269.69141425203,0.05571009640410333,-0.22145328719723184,0.19986159169550174,1372509
