di_code,st_code,state23,dist23,A29_p2,A29_p90,A29_p95,A29_p98,A29_sum,A29_mean,A29_min,A29_max,A29_count
603,35,ANDAMAN & NICOBAR,NICOBAR,-0.019930795847751093,0.22145328719722507,0.23646289888505032,0.2599000384467502,260326.41377729736,0.1297717255420235,-0.07972318339100345,0.36472126105344094,2020602
632,35,ANDAMAN & NICOBAR,NORTH & MIDDLE ANDAMAN,0.02977316416762808,0.23646289888505662,0.2441522491349935,0.2599000384467555,729024.2913488192,0.18349543011559746,-0.13016532103037293,0.37425605536332185,4003957
602,35,ANDAMAN & NICOBAR,SOUTH ANDAMAN,0.02977316416762835,0.22889657823910853,0.24415224913492736,0.26795847750866547,497010.57089984004,0.17175616921249964,-0.1085121107266436,0.36472126105344094,2916597
502,28,ANDHRA PRADESH,ANANTAPUR,-0.001692165130424864,0.19291041906953443,0.21413302575926307,0.22889657823911846,2834775.436036876,0.12654339792628655,-0.17937716262975778,0.41362552864282975,22430270
503,28,ANDHRA PRADESH,CHITTOOR,0.05173394848135078,0.23646289888508842,0.2519646289889567,0.27613994617453963,2950073.183953072,0.17106282422408026,-0.22145328719723184,0.454963475586313,17269415
504,28,ANDHRA PRADESH,Y S R KADAPA,-0.0017044115648395188,0.24415224913510888,0.2599000384468285,0.2761399461745145,2854851.371168275,0.16120714580615408,-0.14769703960015382,0.454963475586313,17724326
505,28,ANDHRA PRADESH,EAST GODAVARI,0.005825336351199918,0.21413302575925255,0.22889657823910348,0.2519646289888563,2177847.804165241,0.14408650754437136,-0.21413302575932336,0.40359861591695495,15133939
506,28,ANDHRA PRADESH,GUNTUR,-0.055363321799307905,0.199861591695483,0.22889657823910914,0.2519646289889085,1201025.4678478837,0.09046161155454323,-0.19986159169550174,0.41362552864282975,13291974
510,28,ANDHRA PRADESH,KRISHNA,-0.04158400615148117,0.19986159169555537,0.21413302575929732,0.23646289888503494,1016374.9251864246,0.09955009386501898,-0.21413302575932336,0.39369473279507883,10225813
511,28,ANDHRA PRADESH,KURNOOL,-0.032541330257592156,0.19291041906953918,0.21413302575925378,0.2364628988850137,2170788.403390772,0.10763000799330757,-0.17937716262975778,0.41362552864282975,20185908
515,28,ANDHRA PRADESH,POTTI SRIRAMULU NELLORE,0.0017517739716570386,0.23646289888505498,0.2519646289889318,0.27613994617453563,2302831.161909698,0.15099941770942202,-0.2069357939254133,0.46560553633217994,15263341
517,28,ANDHRA PRADESH,PRAKASAM,-0.02977316416763019,0.22889657823909515,0.2519646289889234,0.26795847750868884,2711172.5202734773,0.13263280559099605,-0.14173010380622836,0.4444444444444444,20457221
519,28,ANDHRA PRADESH,SRIKAKULAM,-0.0016833283612822055,0.20693579392537798,0.22889657823910736,0.2441522491349271,871739.2650445711,0.12667229054468163,-0.16000000000000003,0.3839138792772011,6895077
520,28,ANDHRA PRADESH,VISAKHAPATNAM,0.01300539217275549,0.2141330257592954,0.23646289888505004,0.2599000384467611,1923709.3952156184,0.14150773850116657,-0.19986159169550174,0.41362552864282975,13613577
521,28,ANDHRA PRADESH,VIZIANAGARAM,0.012999790484182363,0.20693579392537653,0.22889657823911347,0.24415224913493144,992721.3692428179,0.1371057786464817,-0.1929104190695886,0.39369473279507883,7256513
523,28,ANDHRA PRADESH,WEST GODAVARI,0.0017435364547868548,0.2069357939253756,0.22145328719722399,0.2364628988850314,1354911.940540973,0.13939858240236702,-0.16633602460592078,0.3839138792772011,9731922
628,12,ARUNACHAL PRADESH,ANJAW,-0.25990003844678733,0.09356401384082252,0.13016532103037368,0.1663360246059246,-355751.38058252865,-0.04679188718721951,-0.37425605536332185,0.3014225297962323,7611073
229,12,ARUNACHAL PRADESH,CHANGLANG,-0.19986159169548834,0.09356401384083472,0.11909265667051716,0.1417301038062336,-104836.51390320424,-0.01686735395642175,-0.34602076124567477,0.29287197231833906,6227191
230,12,ARUNACHAL PRADESH,DIBANG VALLEY,-0.25196462898884464,0.09356401384082229,0.13588619761629703,0.17279507881584852,-600648.039356966,-0.049254460420418734,-0.41362552864282975,0.3014225297962323,12207130
231,12,ARUNACHAL PRADESH,EAST KAMENG,-0.25990003844677184,0.059115724721264966,0.09356401384082401,0.12456747404844014,-348848.9565754525,-0.06285343328475153,-0.3553094963475586,0.2679584775086506,5558425
233,12,ARUNACHAL PRADESH,KURUNG KUMEY,-0.27613994617454357,0.06698961937716713,0.10340638216071267,0.1358861976163003,-398609.02462820866,-0.0710019437271558,-0.37425605536332185,0.28444444444444444,5621269
234,12,ARUNACHAL PRADESH,LOHIT,-0.23646289888505775,0.07972318339100902,0.10851211072664352,0.1476970396001534,-106747.67117962151,-0.02768649527708814,-0.33685505574778934,0.29287197231833906,3863405
235,12,ARUNACHAL PRADESH,LOWER DIBANG VALLEY,-0.2519646289888447,0.07111111111111705,0.10340638216070672,0.14173010380623305,-185209.77661967016,-0.041311572180495075,-0.34602076124567477,0.29287197231833906,4491587
237,12,ARUNACHAL PRADESH,PAPUMPARE,-0.20693579392540018,0.11909265667052372,0.14769703960016628,0.17937716262975914,-65901.25947275391,-0.0152375096222336,-0.33685505574778934,0.34602076124567477,4333778
238,12,ARUNACHAL PRADESH,TAWANG,-0.19291041906959133,0.13016532103037093,0.15999999999999978,0.19291041906957992,6165.601956168584,0.0019928748635674727,-0.31009611687812383,0.3014225297962323,3100277
239,12,ARUNACHAL PRADESH,TIRAP,-0.1663360246059244,0.11374086889657722,0.14173010380624143,0.1663360246059243,24087.406717241553,0.01637422083258172,-0.2761399461745483,0.3014225297962323,1474824
240,12,ARUNACHAL PRADESH,UPPER SIANG,-0.2679584775086828,0.09356401384082325,0.1358861976162977,0.17937716262975364,-513324.1331482529,-0.06017671431504821,-0.3839138792772011,0.3278123798539023,8540336
241,12,ARUNACHAL PRADESH,UPPER SUBANSIRI,-0.2679584775086883,0.0888273740868844,0.11909265667051067,0.15378700499808057,-450308.8240427873,-0.05484785854300967,-0.39369473279507883,0.3014225297962323,8220067
242,12,ARUNACHAL PRADESH,WEST KAMENG,-0.2214532871972373,0.08882737408688986,0.11909265667051841,0.14769703960015668,-162261.10853601224,-0.026292923101144665,-0.3278123798539023,0.29287197231833906,6178998
719,12,ARUNACHAL PRADESH,LOWER SIANG,-0.17937716262975378,0.11374086889657353,0.14173010380623793,0.1663360246059242,6075.385345786439,0.002657820079604569,-0.3014225297962323,0.3278123798539023,2292082
236,12,ARUNACHAL PRADESH,LOWER SUBANSIRI,-0.20693579392540695,0.06698961937716473,0.09356401384082463,0.1245674740484393,-102203.37741829958,-0.04181005405486489,-0.31009611687812383,0.28444444444444444,2449933
679,12,ARUNACHAL PRADESH,SIANG,-0.25990003844677034,0.07535563244905183,0.10851211072664262,0.1476970396001517,-277535.1462064164,-0.06342999317475846,-0.37425605536332185,0.3188927335640138,4383418
243,12,ARUNACHAL PRADESH,WEST SIANG,-0.22889657823915674,0.08421376393694618,0.11374086889657388,0.14173010380623574,-61737.18930085922,-0.03660229151122434,-0.3278123798539023,0.31009611687812383,1691102
725,12,ARUNACHAL PRADESH,SHI YOMI,-0.24415224913494143,0.084213763936949,0.11909265667051046,0.15378700499807632,-151013.1364134771,-0.045390021283807015,-0.3553094963475586,0.3278123798539023,3331997
724,12,ARUNACHAL PRADESH,LEPA RADA,-0.20693579392541217,0.0984236831987667,0.12456747404843962,0.15378700499807724,-18191.487627289236,-0.018797093034088296,-0.3014225297962323,0.3014225297962323,970650
723,12,ARUNACHAL PRADESH,PAKKE KESSANG,-0.18608227604768546,0.09356401384084044,0.11909265667052382,0.14769703960016387,-31856.39279685557,-0.013310475347883403,-0.3188927335640138,0.3014225297962323,2399368
677,12,ARUNACHAL PRADESH,KRA DAADI,-0.2679584775086752,0.055363321799308904,0.08421376393694488,0.11909265667050976,-174108.02584057619,-0.07827944768411776,-0.36472126105344094,0.3014225297962323,2229870
678,12,ARUNACHAL PRADESH,NAMSAI,-0.05536332179930684,0.0888273740868796,0.10340638216071617,0.11909265667051205,67134.68132677021,0.03971957153070673,-0.2364628988850442,0.2599000384467512,1693784
718,12,ARUNACHAL PRADESH,KAMLE,-0.2288965782391448,0.08882737408688104,0.11374086889657432,0.141730103806233,-73997.46837689469,-0.04258397360244073,-0.3188927335640138,0.29287197231833906,1742339
232,12,ARUNACHAL PRADESH,EAST SIANG,-0.18608227604768077,0.06698961937716862,0.08882737408688215,0.11374086889657643,-16650.33011749522,-0.007843086183278513,-0.3188927335640138,0.2761399461745483,2127307
666,12,ARUNACHAL PRADESH,LONGDING,-0.11909265667050845,0.14769703960017097,0.1727950788158501,0.19986159169549106,60502.65552158882,0.05168137658929507,-0.2519646289888504,0.34602076124567477,1174145
616,18,ASSAM,BAKSA,-0.029773164167627666,0.1358861976163384,0.14769703960017055,0.16633602460592478,232963.91567890954,0.07648738507266213,-0.19986159169550174,0.2761399461745483,3055457
280,18,ASSAM,BARPETA,-0.08421376393694738,0.13588619761635126,0.15378700499806988,0.16633602460592503,177019.31143970907,0.06210540768832367,-0.17279507881584008,0.2761399461745483,2859045
705,18,ASSAM,BISWANATH,-0.09842368319876724,0.1358861976163391,0.1537870049980739,0.16633602460592495,170219.5045271048,0.06134268792096283,-0.17937716262975778,0.31009611687812383,2780367
281,18,ASSAM,BONGAIGAON,-0.07535563244905834,0.159999999999986,0.17279507881584996,0.19291041906957657,108931.75214542956,0.07828210771015855,-0.2069357939254133,0.34602076124567477,1397646
282,18,ASSAM,CACHAR,-0.09356401384082484,0.17279507881582232,0.19291041906957562,0.21413302575933116,384559.6043011795,0.08267272826569921,-0.21413302575932336,0.3553094963475586,4659875
708,18,ASSAM,CHARAIDEO,-0.08421376393694618,0.11374086889659603,0.13016532103036374,0.14173010380623657,65637.71120208253,0.05173336829448576,-0.186082276047674,0.28444444444444444,1273387
612,18,ASSAM,CHIRANG,-0.015747789311802887,0.14769703960017774,0.1600000000000071,0.17279507881584974,210229.90367802323,0.08803052518729965,-0.12456747404844293,0.3014225297962323,2393821
283,18,ASSAM,DARRANG,-0.07972318339100352,0.12456747404846469,0.14173010380621712,0.15999999999999553,103548.24106494283,0.052474674621552815,-0.22145328719723184,0.2761399461745483,1980527
284,18,ASSAM,DHEMAJI,-0.10851211072664407,0.1085121107266551,0.13016532103037423,0.14769703960015265,74857.64032355779,0.023994220885670055,-0.2599000384467512,0.31009611687812383,3127982
285,18,ASSAM,DHUBRI,-0.06299115724721144,0.14173010380621281,0.15378700499808678,0.17279507881584813,141367.02140012113,0.068534782922085,-0.16633602460592078,0.3014225297962323,2073149
286,18,ASSAM,DIBRUGARH,-0.13016532103036826,0.09842368319873336,0.11374086889659939,0.13016532103037212,70955.77527478435,0.01671285921964429,-0.2364628988850442,0.2519646289888504,4254504
299,18,ASSAM,DIMA HASAO,-0.06299115724721137,0.15999999999995573,0.1793771626298006,0.1998615916954881,582277.6061784357,0.09653964003268405,-0.24415224913494812,0.3278123798539023,6041285
287,18,ASSAM,GOALPARA,-0.07111111111111316,0.1727950788158512,0.1860822760477052,0.19986159169548895,223898.77004261414,0.09220594937100902,-0.19986159169550174,0.33685505574778934,2434900
288,18,ASSAM,GOLAGHAT,-0.07972318339100848,0.14173010380624262,0.15378700499806405,0.1663360246059249,287068.154939658,0.07143116742482745,-0.16000000000000003,0.3014225297962323,4029611
289,18,ASSAM,HAILAKANDI,-0.07535563244905968,0.19291041906957201,0.20693579392538686,0.22889657823913986,181568.19839304674,0.11137510261773031,-0.16633602460592078,0.3278123798539023,1635070
709,18,ASSAM,HOJAI,-0.059115724721263675,0.15378700499802972,0.16633602460588123,0.17937716262978554,140480.27414228034,0.07774807102317381,-0.17279507881584008,0.29287197231833906,1811736
290,18,ASSAM,JORHAT,-0.05911572472126375,0.13588619761634602,0.14769703960017236,0.16633602460592473,160177.18960837153,0.06875598606401237,-0.17279507881584008,0.3278123798539023,2335717
618,18,ASSAM,KAMRUP METRO,-0.01384083044982703,0.17279507881585054,0.19291041906959452,0.21413302575932955,127332.12720968397,0.10540132173103677,-0.16000000000000003,0.33685505574778934,1212134
291,18,ASSAM,KAMRUP RURAL,-0.036898162135295294,0.15999999999996992,0.17937716262979064,0.19986159169548964,350546.254057028,0.09031538075100955,-0.186082276047674,0.3188927335640138,3891403
292,18,ASSAM,KARBI ANGLONG,-0.0448442906574379,0.15999999999995662,0.17937716262980558,0.1929104190696014,878153.911990995,0.09644401946834219,-0.1929104190695886,0.3278123798539023,9120022
293,18,ASSAM,KARIMGANJ,-0.09842368319876656,0.17937716262980485,0.19986159169548584,0.21413302575933046,211307.73145198775,0.09498254579053937,-0.17937716262975778,0.33685505574778934,2229526
294,18,ASSAM,KOKRAJHAR,0.0026500810468638816,0.15378700499801384,0.1663360246058884,0.1793771626297697,385307.1822443423,0.09952910368472463,-0.14769703960015382,0.3188927335640138,3879174
295,18,ASSAM,LAKHIMPUR,-0.07972318339100612,0.13016532103034248,0.14769703960017105,0.16633602460592478,205354.22582440122,0.05466793019965326,-0.21413302575932336,0.29287197231833906,3763908
706,18,ASSAM,MAJULI,-0.11909265667051058,0.10851211072665372,0.13016532103036307,0.15378700499808176,20902.013840699085,0.013150193680959824,-0.17937716262975778,0.2761399461745483,1595085
296,18,ASSAM,MARIGAON,-0.08421376393694788,0.13016532103034356,0.1476970396001694,0.16633602460592478,98613.8187596759,0.0524440620653336,-0.1929104190695886,0.31009611687812383,1884753
297,18,ASSAM,NAGAON,-0.0553633217993086,0.13588619761634224,0.1537870049980882,0.16633602460592478,229720.22731840413,0.07156031109892097,-0.17279507881584008,0.3014225297962323,3221993
298,18,ASSAM,NALBARI,-0.04822760476739607,0.13016532103034678,0.14769703960016484,0.1599999999999993,89808.51197030745,0.06898468613253889,-0.14769703960015382,0.2519646289888504,1306375
300,18,ASSAM,SIBSAGAR,-0.0753556324490568,0.11909265667052844,0.1358861976162993,0.14769703960015307,92895.73397115553,0.045523333778395195,-0.1929104190695886,0.2761399461745483,2046198
301,18,ASSAM,SONITPUR,-0.08421376393694463,0.12456747404847557,0.13588619761634016,0.14769703960016753,197830.1145748963,0.052682451769861194,-0.2069357939254133,0.31009611687812383,3761187
707,18,ASSAM,SOUTH SALMARA MANCACHAR,-0.07972318339100481,0.12456747404845564,0.14769703960016076,0.1727950788158467,30796.43464283409,0.04428940837125498,-0.16000000000000003,0.3014225297962323,699403
302,18,ASSAM,TINSUKIA,-0.10340638216071221,0.09356401384085994,0.10851211072665846,0.12456747404845334,132121.30500167835,0.0275432873680489,-0.2519646289888504,0.29287197231833906,4805197
617,18,ASSAM,UDALGURI,-0.03254133025759165,0.13016532103032824,0.1417301038062325,0.16000000000000625,177739.31972447448,0.07063754870442523,-0.15378700499807765,0.2599000384467512,2524545
710,18,ASSAM,WEST KARBI ANGLONG,-0.021071621266417217,0.17279507881583242,0.18608227604770727,0.2069357939253911,408378.1847542251,0.10717809606765172,-0.17279507881584008,0.3278123798539023,3818912
188,10,BIHAR,ARARIA,0.010396001537870247,0.15999999999998232,0.17279507881585085,0.1860822760476966,324052.0567240989,0.09340874514725045,-0.13588619761630144,0.28444444444444444,3476505
611,10,BIHAR,ARWAL,0.004496072588581324,0.15378700499808676,0.16633602460592495,0.1860822760476845,69760.61794946106,0.08869984371065516,-0.1085121107266436,0.2761399461745483,790200
189,10,BIHAR,AURANGABAD,0.038446751249519524,0.15999999999999703,0.17279507881585113,0.19291041906958445,427248.65040081646,0.10512863906741791,-0.13016532103037293,0.33685505574778934,4071463
190,10,BIHAR,BANKA,0.06299115724721113,0.1998615916955628,0.2141330257592441,0.22889657823911913,521327.644992542,0.1400920023883663,-0.09842368319876971,0.3553094963475586,3727975
191,10,BIHAR,BEGUSARAI,-0.05173394848135301,0.1663360246058882,0.17937716262979544,0.1929104190695815,199649.2016723884,0.0839547534653224,-0.16633602460592078,0.3014225297962323,2385201
200,10,BIHAR,KAIMUR,0.032541330257592385,0.1793771626298239,0.19291041906955775,0.21413302575931595,475381.33025792293,0.11458785009068782,-0.1085121107266436,0.37425605536332185,4155971
192,10,BIHAR,BHAGALPUR,-0.05911572472126446,0.1600000000000005,0.17279507881585104,0.1929104190695828,220714.5177530558,0.0699690325635435,-0.16633602460592078,0.3014225297962323,3161985
193,10,BIHAR,BHOJPUR,-0.027128027681661723,0.15378700499806075,0.17279507881585043,0.19291041906958478,246944.62821257132,0.0836150953948803,-0.14173010380622836,0.3188927335640138,2959033
194,10,BIHAR,BUXAR,0.004506994287139187,0.14769703960016883,0.1727950788158503,0.18608227604768812,174565.6700286775,0.0830381237895173,-0.13016532103037293,0.33685505574778934,2107650
195,10,BIHAR,DARBHANGA,0.022206843521722416,0.17279507881582645,0.1860822760477118,0.20693579392540049,339785.77769764635,0.10866167984910846,-0.11909265667051133,0.33685505574778934,3135810
196,10,BIHAR,GAYA,0.02712802768166224,0.16633602460584096,0.18608227604770736,0.19986159169548762,654205.5873568365,0.107196337255791,-0.12456747404844293,0.36472126105344094,6114662
197,10,BIHAR,GOPALGANJ,0.010396001537870144,0.15378700499802114,0.1727950788158504,0.18608227604769725,251092.86511322306,0.09898279578611574,-0.14173010380622836,0.29287197231833906,2543564
199,10,BIHAR,JAHANABAD,0.027128027681661285,0.15378700499808823,0.1663360246059251,0.1860822760476812,109267.71129416906,0.09457007010090254,-0.05536332179930796,0.34602076124567477,1159636
198,10,BIHAR,JAMUI,0.05911572472126432,0.19291041906954579,0.2069357939253792,0.22145328719722387,535665.7254537768,0.1405420043128409,-0.14769703960015382,0.34602076124567477,3819342
201,10,BIHAR,KATIHAR,-0.04484429065743779,0.1476970396001762,0.16633602460590405,0.18608227604769606,265598.29595629964,0.07054898973241905,-0.16000000000000003,0.29287197231833906,3773694
202,10,BIHAR,KHAGARIA,-0.05173394848135476,0.1537870049980886,0.17279507881585035,0.186082276047686,136692.03259651506,0.07407554723661533,-0.15378700499807765,0.3014225297962323,1851170
203,10,BIHAR,KISHANGANJ,0.0026500769240535038,0.15378700499804104,0.16633602460589036,0.18608227604769542,211382.5305879834,0.08803932216231411,-0.1085121107266436,0.28444444444444444,2408235
204,10,BIHAR,LAKHISARAI,-0.07535563244904889,0.17279507881585113,0.19291041906956896,0.20693579392538933,131024.19988830062,0.0870608751547463,-0.13588619761630144,0.3278123798539023,1509373
205,10,BIHAR,MADHEPURA,-0.019930795847750885,0.16633602460587277,0.17937716262979508,0.19291041906959572,227022.6314629013,0.1013207239018498,-0.11909265667051133,0.28444444444444444,2247230
206,10,BIHAR,MADHUBANI,0.035432525951556486,0.17937716262982378,0.19291041906955408,0.20693579392539022,510728.1456911356,0.11709366455750653,-0.13016532103037293,0.3278123798539023,4370352
207,10,BIHAR,MUNGER,-0.07535563244904896,0.192910419069526,0.20693579392537748,0.2214532871972079,167029.5383921179,0.09592707882254478,-0.15378700499807765,0.36472126105344094,1746408
208,10,BIHAR,MUZAFFARPUR,0.017777777777777413,0.17279507881575512,0.18608227604769,0.19986159169548565,453909.77538501594,0.11489205406414703,-0.13588619761630144,0.31009611687812383,3958875
209,10,BIHAR,NALANDA,0.006831041749396807,0.16633602460587274,0.1860822760477057,0.2069357939253976,314812.4807232252,0.10774519721835586,-0.12456747404844293,0.37425605536332185,2929383
210,10,BIHAR,NAWADA,0.04484429065743802,0.18608227604771432,0.1998615916954845,0.21413302575932822,379984.92425744917,0.12402768048444883,-0.09356401384083046,0.3839138792772011,3071041
211,10,BIHAR,PASHCHIMI CHAMPARAN,-0.0157477893118029,0.13016532103033304,0.14769703960017444,0.16000000000001482,503671.6674145796,0.07688672212717808,-0.17279507881584008,0.3188927335640138,6560379
212,10,BIHAR,PATNA,-0.055363321799304185,0.15378700499806985,0.16633602460591665,0.1860822760476957,309970.2464629468,0.07851084816309783,-0.16000000000000003,0.31009611687812383,3959090
213,10,BIHAR,PURBI CHAMPARAN,0.01384083044982675,0.15999999999994785,0.17279507881584086,0.18608227604770863,496818.6035695056,0.1002126878650958,-0.13588619761630144,0.31009611687812383,4966698
214,10,BIHAR,PURNIA,-0.0157477893118029,0.15999999999999429,0.17279507881585082,0.18608227604770172,349372.53324348596,0.08729470862525465,-0.13588619761630144,0.3014225297962323,4010639
215,10,BIHAR,ROHTAS,0.021191598022676075,0.1727950788158231,0.18608227604771033,0.1998615916954863,482915.8314746028,0.10196906692172678,-0.15378700499807765,0.3839138792772011,4743839
216,10,BIHAR,SAHARSA,-0.027128027681661837,0.16633602460587094,0.17937716262979406,0.19291041906959447,203011.2312743788,0.09818931093604873,-0.14769703960015382,0.3014225297962323,2073256
217,10,BIHAR,SAMASTIPUR,-0.010396001537870184,0.17937716262982586,0.19291041906956935,0.19986159169548448,366442.81032181997,0.11063273846929972,-0.1929104190695886,0.3014225297962323,3321029
218,10,BIHAR,SARAN,-0.04158400615148096,0.15999999999997036,0.17279507881585102,0.1860822760477016,287424.7616714196,0.08773440406659072,-0.17937716262975778,0.31009611687812383,3282541
219,10,BIHAR,SHEIKHPURA,0.004510873155117284,0.160000000000006,0.179377162629752,0.19986159169549164,85585.46706843468,0.10232293181166731,-0.09842368319876971,0.37425605536332185,840498
220,10,BIHAR,SHEOHAR,0.0271280276816615,0.16633602460592506,0.17937716262975933,0.19291041906957895,58949.11973776311,0.10646784420617426,-0.07111111111111111,0.3014225297962323,556991
221,10,BIHAR,SITAMARHI,0.03543252595155963,0.17279507881583142,0.18608227604771505,0.19986159169548487,316869.85402385343,0.11598645337912428,-0.09842368319876971,0.3278123798539023,2739355
222,10,BIHAR,SIWAN,0.01777777777777755,0.15999999999994804,0.17937716262980455,0.19291041906960063,283062.986314663,0.10254153761248988,-0.14173010380622836,0.31009611687812383,2766570
223,10,BIHAR,SUPAUL,-0.03844675124951972,0.15999999999998077,0.17279507881585093,0.18608227604769922,283231.61355335347,0.09403210239769712,-0.14769703960015382,0.28444444444444444,3018897
224,10,BIHAR,VAISHALI,-0.03543252595155983,0.1727950788158331,0.18608227604771138,0.19986159169548698,254105.62010580502,0.10065323894755683,-0.16633602460592078,0.31009611687812383,2529599
044,04,CHANDIGARH,CHANDIGARH,-0.06299115724721234,0.07972318339100504,0.09356401384083174,0.10851211072664352,4391.870658253474,0.02952643804388402,-0.19986159169550174,0.21413302575932336,150026
646,22,CHHATTISGARH,BALOD,0.048227604767397916,0.19291041906953574,0.20693579392538086,0.2214532871972108,543021.979939836,0.1349816315285728,-0.10340638216070744,0.34602076124567477,4030747
644,22,CHHATTISGARH,BALODA BAZAR,0.0371082743162067,0.17279507881574635,0.1860822760476679,0.19986159169548592,662213.2638003434,0.11815664245906653,-0.16633602460592078,0.33685505574778934,5614038
649,22,CHHATTISGARH,BALRAMPUR,0.05173394848135125,0.19986159169550255,0.20693579392537903,0.2214532871972151,1102407.373614223,0.14433790571185007,-0.13588619761630144,0.37425605536332185,7650578
374,22,CHHATTISGARH,BASTAR,0.04158400615148111,0.19986159169548204,0.21413302575924176,0.22889657823911833,916947.7983534179,0.14367440268623158,-0.15378700499807765,0.37425605536332185,6393305
650,22,CHHATTISGARH,BEMETARA,0.01384083044982665,0.1358861976163397,0.16000000000001155,0.1793771626297517,227379.91986263084,0.08452765741375584,-0.13016532103037293,0.31009611687812383,2697016
636,22,CHHATTISGARH,BIJAPUR,0.06299115724721131,0.19291041906952358,0.19986159169548254,0.21413302575929938,1589102.958166481,0.1455610515010629,-0.16000000000000003,0.40359861591695495,10931393
375,22,CHHATTISGARH,BILASPUR,0.044844290657438106,0.1860822760476638,0.19986159169548368,0.21413302575930124,562004.0909566553,0.13151428773122859,-0.14173010380622836,0.33685505574778934,4282196
734,22,CHHATTISGARH,GAURELA-PENDRA-MARWAHI,0.05911572472126381,0.19986159169548207,0.20693579392537698,0.22145328719720866,360931.25802697043,0.1494559038485321,-0.1085121107266436,0.3278123798539023,2420209
376,22,CHHATTISGARH,DAKSHIN BASTAR DANTEWADA,0.04822760476739665,0.19986159169548248,0.2141330257592477,0.2288965782391256,504194.17432016955,0.15151583259829254,-0.14769703960015382,0.36472126105344094,3336766
377,22,CHHATTISGARH,DHAMTARI,0.04158400615148115,0.1998615916955518,0.21413302575924328,0.22145328719721286,691226.9177134586,0.14180438373746368,-0.16000000000000003,0.33685505574778934,4882863
378,22,CHHATTISGARH,DURG,0.02597868561682957,0.16633602460587138,0.18608227604770705,0.20693579392539718,293575.8115853721,0.10668656056918384,-0.2069357939254133,0.34602076124567477,2758101
645,22,CHHATTISGARH,GARIYABAND,0.055363321799307814,0.19986159169550308,0.21413302575924711,0.22889657823911153,856184.9406864189,0.14828058108164413,-0.12456747404844293,0.36472126105344094,5784384
379,22,CHHATTISGARH,JANJGIR - CHAMPA,0.025990474837729958,0.16633602460586616,0.17937716262979717,0.19986159169548845,594330.16315679,0.11000043298905539,-0.16633602460592078,0.3839138792772011,5413703
380,22,CHHATTISGARH,JASHPUR,0.044844290657437974,0.17937716262983056,0.19291041906955758,0.20693579392538977,930465.5494921757,0.13133285798694305,-0.11374086889657825,0.36472126105344094,7094864
382,22,CHHATTISGARH,KABIRDHAM,0.01993079584775232,0.17279507881575903,0.18608227604766103,0.20693579392538647,572992.7235958659,0.11334781698927952,-0.14173010380622836,0.34602076124567477,5063228
381,22,CHHATTISGARH,UTTAR BASTAR KANKER,0.06299115724721129,0.1998615916955763,0.21413302575923138,0.22145328719722696,1306824.8987790341,0.1527836816466238,-0.13588619761630144,0.36472126105344094,8566278
643,22,CHHATTISGARH,KONDAGAON,0.05173394848135116,0.2069357939253743,0.22145328719724075,0.2288965782391098,937434.3766315018,0.15557126356509077,-0.11374086889657825,0.33685505574778934,6035251
383,22,CHHATTISGARH,KORBA,0.044844290657438834,0.19986159169553508,0.21413302575923904,0.22889657823912254,1226388.1356751658,0.15378241405569454,-0.186082276047674,0.39369473279507883,7984432
384,22,CHHATTISGARH,KOREA,0.07111111111111525,0.1998615916956234,0.21413302575923043,0.2288965782391277,1287915.6645318996,0.16030384903393194,-0.14769703960015382,0.37425605536332185,8044955
385,22,CHHATTISGARH,MAHASAMUND,0.05911572472126409,0.19291041906953538,0.20693579392537964,0.22145328719721072,795107.1163516523,0.13970861438199939,-0.15378700499807765,0.3839138792772011,5701522
647,22,CHHATTISGARH,MUNGELI,0.027128027681659197,0.1727950788157966,0.18608227604768807,0.19986159169548628,368761.94921250903,0.11010354138934329,-0.15378700499807765,0.33685505574778934,3357558
637,22,CHHATTISGARH,NARAINPUR,0.05536332179930886,0.19291041906953937,0.20693579392538072,0.221453287197214,667538.5137135616,0.14437237089361113,-0.11909265667051133,0.3839138792772011,4632332
386,22,CHHATTISGARH,RAIGARH,0.05911572472126371,0.1860822760476147,0.1998615916954829,0.2141330257592866,1207200.357543913,0.142205508974308,-0.186082276047674,0.37425605536332185,8502955
387,22,CHHATTISGARH,RAIPUR,0.02598580247929744,0.17279507881584552,0.19291041906958661,0.2069357939253907,376575.92986013845,0.1081988899108717,-0.15378700499807765,0.3553094963475586,3486230
388,22,CHHATTISGARH,RAJ NANDGAON,0.04158400615148117,0.19291041906953832,0.2069357939253794,0.22145328719722626,1318666.3274371556,0.1365603653964476,-0.16000000000000003,0.34602076124567477,9670842
642,22,CHHATTISGARH,SUKMA,0.05911572472126264,0.19291041906952305,0.2069357939253776,0.22145328719722474,973661.2651318808,0.15105488088872795,-0.12456747404844293,0.3839138792772011,6458280
648,22,CHHATTISGARH,SURAJPUR,0.0669896193771655,0.206935793925374,0.22145328719726798,0.22889657823911058,1036036.0721877182,0.15614740769478253,-0.13588619761630144,0.37425605536332185,6646511
389,22,CHHATTISGARH,SURGUJA,0.05173394848135032,0.18608227604769975,0.1998615916955065,0.21413302575928175,653611.714053559,0.1346178810550695,-0.13588619761630144,0.3839138792772011,4864080
463,38,DADRA & NAGAR HAVELI & DAMAN & DIU,DAMAN,0.008858131487889274,0.1998615916955017,0.21413302575932075,0.22889657823913934,11881.113658181883,0.13950223371144432,-0.14173010380622836,0.33685505574778934,86148
464,38,DADRA & NAGAR HAVELI & DAMAN & DIU,DIU,0.03844675124951941,0.22145328719723112,0.23646289888504676,0.2519646289888511,7237.404388960056,0.1567388827618913,-0.07535563244905807,0.33685505574778934,47012
465,38,DADRA & NAGAR HAVELI & DAMAN & DIU,DADRA & NAGAR HAVELI,0.07111111111111132,0.22145328719722437,0.22889657823913853,0.24415224913494904,101719.49236120735,0.17440989063860357,-0.15378700499807765,0.33685505574778934,587628
077,07,DELHI,CENTRAL,-0.038446751249519365,0.11909265667050914,0.13588619761630794,0.1537870049980782,8362.146718467073,0.06178664390425136,-0.17279507881584008,0.2519646289888504,137139
078,07,DELHI,EAST,-0.06299115724721276,0.10340638216070798,0.11909265667051068,0.13588619761630133,1752.2601357247581,0.04378997911570561,-0.186082276047674,0.2519646289888504,40526
079,07,DELHI,NEW DELHI,-0.029773164167627698,0.13016532103036577,0.14173010380623113,0.15999999999999756,14865.182520032147,0.07474699908670204,-0.186082276047674,0.2519646289888504,200534
080,07,DELHI,NORTH,-0.04484429065743963,0.1301653210303712,0.1476970396001503,0.16000000000000256,22168.74484993102,0.05972407282943295,-0.2069357939254133,0.2679584775086506,373407
081,07,DELHI,NORTH EAST,-0.01574778931180318,0.11909265667051278,0.1358861976163013,0.1476970396001536,3057.28015776751,0.06816784858247411,-0.11374086889657825,0.24415224913494812,45774
082,07,DELHI,NORTH WEST,-0.055363321799308446,0.11909265667050785,0.13588619761630488,0.15378700499807563,9258.302477082874,0.04739875758588204,-0.17279507881584008,0.24415224913494812,197251
671,07,DELHI,SHAHADRA,-0.06299115724721277,0.10851211072664446,0.11909265667051129,0.13588619761630127,2118.4463532127775,0.048392949771237696,-0.1929104190695886,0.21413302575932336,44424
083,07,DELHI,SOUTH,-0.0068059125117419465,0.1358861976162941,0.14769703960014943,0.16633602460592403,17775.510808488325,0.08792168158789976,-0.16000000000000003,0.29287197231833906,203572
084,07,DELHI,SOUTH WEST,-0.05536332179930651,0.1301653210303655,0.14173010380623147,0.15999999999999756,18751.572975816438,0.05211778909529961,-0.21413302575932336,0.29287197231833906,362148
085,07,DELHI,WEST,-0.03844675124951948,0.13016532103036388,0.14769703960015357,0.15999999999999748,11868.37648867881,0.07100723171364032,-0.1929104190695886,0.2599000384467512,168657
670,07,DELHI,SOUTH EAST,-0.055363321799307925,0.11374086889657951,0.13016532103037393,0.14769703960015365,7678.383867683209,0.05958092581417452,-0.186082276047674,0.2288965782391388,130060
551,30,GOA,NORTH GOA,0.04158400615148071,0.2141330257592423,0.22145328719720048,0.2441522491349384,310054.22527273843,0.15335758141715658,-0.17937716262975778,0.37425605536332185,2026943
552,30,GOA,SOUTH GOA,0.037061458594249454,0.21413302575924523,0.22889657823911497,0.24415224913493463,347102.5979815934,0.15339906101615322,-0.17937716262975778,0.41362552864282975,2268792
673,24,GUJARAT,MORBI,-0.0016886275789694963,0.1860822760476632,0.20693579392538203,0.22889657823912396,677613.9475259173,0.11229625741691864,-0.16000000000000003,0.36472126105344094,6044416
438,24,GUJARAT,AHMADABAD,-0.041584006151481105,0.17279507881579995,0.1929104190695614,0.21413302575930815,753538.1728261851,0.08594154783871955,-0.16000000000000003,0.3553094963475586,8784863
440,24,GUJARAT,ANAND,-0.025842280253082887,0.1727950788158458,0.19291041906957979,0.2069357939253905,366504.5936578122,0.09557972092204658,-0.17937716262975778,0.33685505574778934,3842291
674,24,GUJARAT,DEVBHUMI DWARKA,0.03254133025759365,0.19291041906954876,0.2141330257593002,0.2364628988850582,699251.1631881164,0.13951297965055728,-0.17279507881584008,0.40359861591695495,5023982
447,24,GUJARAT,JAMNAGAR,0.005859494444769548,0.1998615916954829,0.21413302575927762,0.23646289888503905,864179.3338422832,0.1210356552715759,-0.2288965782391388,0.3839138792772011,7153837
449,24,GUJARAT,KACHCHH,-0.23646289888511027,0.17279507881571013,0.1929104190695347,0.21413302575927032,1709446.5987680648,0.03446973300192716,-0.33685505574778934,0.42377547097270285,49630741
443,24,GUJARAT,BHAVNAGAR,0.01301502402443145,0.18608227604761804,0.2069357939253794,0.22145328719720778,954448.8483091849,0.11753722501903753,-0.16000000000000003,0.39369473279507883,8129986
442,24,GUJARAT,BHARUCH,-0.01676106157277414,0.1727950788158065,0.19291041906957945,0.20693579392539185,612183.5351114578,0.10328315661213122,-0.186082276047674,0.3553094963475586,5942322
459,24,GUJARAT,SURAT,0.025951486044783877,0.18608227604766936,0.19986159169548354,0.21413302575933194,704676.0068000251,0.13570570393496034,-0.17279507881584008,0.3553094963475586,5202601
453,24,GUJARAT,NAVSARI,0.044844290657438675,0.20693579392537634,0.21413302575924065,0.22889657823912354,413526.1424508946,0.15700221388268493,-0.14769703960015382,0.3553094963475586,2640202
462,24,GUJARAT,VALSAD,0.06299115724721151,0.21413302575926202,0.22889657823911366,0.2441522491349323,598753.3863000331,0.17036857876669187,-0.16000000000000003,0.3839138792772011,3524114
672,24,GUJARAT,ARAVALLI,-0.029773164167627136,0.1727950788158424,0.1860822760477118,0.20693579392539768,415387.7900429359,0.10832215854921692,-0.14173010380622836,0.36472126105344094,3843076
441,24,GUJARAT,BANAS KANTHA,-0.0167493178834245,0.16633602460585206,0.18608227604766847,0.20693579392539221,1240708.1156950875,0.09413577048612655,-0.16000000000000003,0.39369473279507883,13197838
668,24,GUJARAT,CHHOTA UDEPUR,0.022206843521722416,0.19986159169548265,0.21413302575927692,0.22889657823912793,580743.0923126196,0.13928070880328058,-0.13016532103037293,0.36472126105344094,4179280
445,24,GUJARAT,DAHOD,0.05911572472126389,0.19291041906954284,0.20693579392538144,0.2214532871972214,628565.2645067918,0.14244325723736745,-0.12456747404844293,0.37425605536332185,4420485
444,24,GUJARAT,DANGS,0.05536332179930711,0.19986159169548198,0.2141330257593228,0.236462898885058,328850.8221201013,0.1558628633952872,-0.14769703960015382,0.37425605536332185,2115144
675,24,GUJARAT,GIR SOMNATH,0.029773164167628586,0.20693579392537859,0.2214532871972048,0.2364628988850442,449777.79038298916,0.142274135328248,-0.13588619761630144,0.37425605536332185,3168667
448,24,GUJARAT,JUNAGADH,-0.01294823412297835,0.20693579392537462,0.2214532871972782,0.23646289888501182,906420.7791852343,0.12303131261598832,-0.13016532103037293,0.42377547097270285,7380122
669,24,GUJARAT,MAHISAGAR,0.04158400615148087,0.1860822760475933,0.19986159169548415,0.21413302575931617,421043.2213959768,0.13805846900877186,-0.17937716262975778,0.39369473279507883,3057162
452,24,GUJARAT,NARMADA,0.02977316416762844,0.1998615916954828,0.22145328719720328,0.23646289888503855,475119.2357727208,0.14025352121351964,-0.15378700499807765,0.39369473279507883,3395262
454,24,GUJARAT,PANCH MAHALS,0.04822760476739455,0.1929104190695291,0.19986159169548326,0.21413302575930607,569564.2716573076,0.14332316619129049,-0.15378700499807765,0.41362552864282975,3982812
458,24,GUJARAT,SABAR KANTHA,-0.036929957244092725,0.1727950788158513,0.1860822760477095,0.2069357939253975,530854.4066482502,0.10255493212795085,-0.17937716262975778,0.37425605536332185,5187838
641,24,GUJARAT,TAPI,0.0325413302575943,0.19291041906952872,0.20693579392538067,0.22145328719721719,520129.326193831,0.13829319631512638,-0.17937716262975778,0.37425605536332185,3771978
461,24,GUJARAT,VADODARA,-0.016761816541134213,0.17937716262982195,0.19291041906954365,0.21413302575930565,523497.26686412276,0.10603067321523671,-0.17279507881584008,0.34602076124567477,4946678
439,24,GUJARAT,AMRELI,-0.0016816758956438615,0.17937716262981676,0.19291041906956038,0.2141330257593127,879929.3128592129,0.10027975561132266,-0.14173010380622836,0.3839138792772011,8788427
456,24,GUJARAT,PORBANDAR,-0.055363321799310056,0.19291041906955894,0.21413302575926768,0.2364628988850113,317104.31536279246,0.1140642948315375,-0.16000000000000003,0.39369473279507883,2788240
457,24,GUJARAT,RAJKOT,0.005843369697215553,0.18608227604766173,0.20693579392538233,0.22889657823913,1049797.5790254334,0.11335739962511528,-0.16633602460592078,0.4340484429065744,9279397
460,24,GUJARAT,SURENDRANAGAR,-0.013840830449827046,0.17279507881577547,0.19291041906955717,0.20693579392538844,1110571.587097107,0.09998031717786539,-0.13588619761630144,0.3553094963475586,11127032
676,24,GUJARAT,BOTAD,0.002656029464837217,0.172795078815851,0.18608227604770614,0.20693579392539957,299180.7304514698,0.10012606171388434,-0.09842368319876971,0.33685505574778934,2995174
450,24,GUJARAT,KHEDA,-0.012966313671413683,0.18608227604763738,0.1998615916954835,0.2141330257593089,511535.31780176144,0.12270341851572625,-0.17937716262975778,0.34602076124567477,4177913
451,24,GUJARAT,MAHESANA,-0.009646976894131434,0.17279507881581768,0.18608227604769895,0.20693579392539396,546789.144109018,0.10160241207737515,-0.15378700499807765,0.3553094963475586,5393193
446,24,GUJARAT,GANDHINAGAR,-0.004488975056638176,0.19291041906954295,0.20693579392537995,0.22889657823912907,328096.0099884974,0.12841140367829645,-0.14173010380622836,0.3553094963475586,2563098
455,24,GUJARAT,PATAN,-0.012946555712214978,0.16633602460587685,0.1793771626297953,0.1998615916954876,658110.0866813512,0.09327167370740719,-0.14173010380622836,0.36472126105344094,7069966
058,06,HARYANA,AMBALA,-0.06299115724721133,0.06698961937716985,0.08882737408689116,0.1085121107266469,17164.56991125209,0.00877735868901921,-0.16633602460592078,0.2364628988850442,1963507
059,06,HARYANA,BHIWANI,-0.07972318339101285,0.07535563244905273,0.11374086889657567,0.15378700499808087,18924.229980197724,0.0045196505016456565,-0.14769703960015382,0.3278123798539023,4194676
060,06,HARYANA,FARIDABAD,-0.027128027681661657,0.13016532103035525,0.1476970396001662,0.16633602460592462,61474.682355327364,0.06525262429141865,-0.17279507881584008,0.29287197231833906,945230
061,06,HARYANA,FATEHABAD,-0.04822760476739373,0.06299115724721122,0.10340638216070644,0.14769703960015523,38502.92190917828,0.011883423527017383,-0.12456747404844293,0.28444444444444444,3246738
062,06,HARYANA,GURUGRAM,-0.05173394848135181,0.1417301038062191,0.16000000000002615,0.17937716262975067,100215.05538525245,0.06326839960809277,-0.2069357939254133,0.3278123798539023,1589083
063,06,HARYANA,HISAR,-0.05536332179930604,0.07972318339101273,0.11909265667051765,0.15378700499808276,83927.65650764845,0.01612289946821981,-0.16000000000000003,0.28444444444444444,5213950
064,06,HARYANA,JHAJJAR,-0.05911572472126374,0.1085121107266536,0.13016532103037315,0.15378700499808332,69866.74727198867,0.029588388039146242,-0.1929104190695886,0.28444444444444444,2367667
065,06,HARYANA,JIND,-0.04484429065744146,0.0669896193771637,0.11374086889657498,0.14769703960015537,41785.1185390761,0.011953557623748522,-0.11909265667051133,0.28444444444444444,3503951
066,06,HARYANA,KAITHAL,-0.055363321799303485,0.04822760476739481,0.09356401384082487,0.13016532103036993,-4751.175347749608,-0.0016258153173553513,-0.16633602460592078,0.2761399461745483,2929802
067,06,HARYANA,KARNAL,-0.06698961937716884,0.055363321799308744,0.08882737408688368,0.11909265667051115,-20760.341710130415,-0.006529351199101879,-0.16000000000000003,0.2599000384467512,3186602
068,06,HARYANA,KURUKSHETRA,-0.07111111111111533,0.06299115724721123,0.09356401384082359,0.12456747404844691,2076.6813302302085,9.61997454427386E-4,-0.15378700499807765,0.24415224913494812,2164099
069,06,HARYANA,MAHENDRAGARH,-0.05911572472126415,0.12456747404845891,0.14769703960016342,0.17279507881584855,74155.60789595774,0.030300045863074908,-0.12456747404844293,0.34602076124567477,2455293
604,06,HARYANA,MEWAT,-0.04822760476739521,0.13588619761630374,0.15378700499808676,0.17937716262975195,100224.59761743373,0.05237869527187008,-0.14173010380622836,0.34602076124567477,1920287
619,06,HARYANA,PALWAL,-0.03543252595155875,0.10340638216071721,0.1245674740484527,0.1476970396001553,57010.79896521801,0.03317638857845574,-0.13588619761630144,0.2761399461745483,1723336
070,06,HARYANA,PANCHKULA,-0.07111111111111205,0.0888273740868803,0.10851211072664155,0.14173010380622564,29277.600557979957,0.025648224597909802,-0.2288965782391388,0.29287197231833906,1145979
071,06,HARYANA,PANIPAT,-0.04158400615148111,0.09356401384082358,0.11909265667051147,0.14173010380623524,33092.480633473475,0.019857521930500527,-0.16000000000000003,0.2599000384467512,1670732
072,06,HARYANA,REWARI,-0.07111111111111688,0.11374086889658395,0.14173010380622617,0.15999999999999476,25023.326351892338,0.01272602878907657,-0.15378700499807765,0.3188927335640138,1972079
073,06,HARYANA,ROHTAK,-0.041584006151480994,0.10340638216072173,0.13588619761631265,0.15999999999999862,69562.75947146075,0.032723018523169944,-0.16633602460592078,0.31009611687812383,2130843
074,06,HARYANA,SIRSA,-0.05911572472126147,0.07111111111111751,0.10851211072664342,0.14769703960015357,58167.3139714648,0.010616108980789235,-0.186082276047674,0.2761399461745483,5487960
075,06,HARYANA,SONIPAT,-0.038446751249520725,0.09842368319877115,0.12456747404845345,0.14173010380623882,69298.43982441,0.02492124121012104,-0.1929104190695886,0.2761399461745483,2786505
076,06,HARYANA,YAMUNANAGAR,-0.06299115724721122,0.05911572472125994,0.07972318339100863,0.09842368319876899,7710.956959599878,0.0034734278362913776,-0.186082276047674,0.2599000384467512,2225647
701,06,HARYANA,CHARKHI DADRI,-0.0797231833910095,0.09356401384082498,0.14173010380623619,0.17279507881584732,16085.513268949378,0.009157115604480836,-0.14769703960015382,0.37425605536332185,1761774
015,02,HIMACHAL PRADESH,BILASPUR,-0.09356401384082892,0.10851211072664421,0.1358861976163015,0.17279507881584488,33006.69051268626,0.021687322234591085,-0.3014225297962323,0.3278123798539023,1527049
016,02,HIMACHAL PRADESH,CHAMBA,-0.19986159169548787,0.1476970396001695,0.17937716262977704,0.20693579392539896,-13868.610030933878,-0.001608366732106759,-0.3553094963475586,0.34602076124567477,8634536
017,02,HIMACHAL PRADESH,HAMIRPUR,-0.0935640138408268,0.07535563244904664,0.10851211072664581,0.1417301038062376,2472.6006710557635,0.0016928768089241755,-0.2519646289888504,0.31009611687812383,1464411
018,02,HIMACHAL PRADESH,KANGRA,-0.16000000000000233,0.09356401384082429,0.13588619761630968,0.17279507881584863,-31983.930839260924,-0.004234183926940476,-0.29287197231833906,0.34602076124567477,7565612
020,02,HIMACHAL PRADESH,KULLU,-0.22145328719723803,0.11374086889657876,0.14769703960016498,0.18608227604768762,-252578.95794216677,-0.03506774124766976,-0.3278123798539023,0.3188927335640138,7211360
022,02,HIMACHAL PRADESH,MANDI,-0.17937716262975476,0.1245674740484617,0.15999999999999995,0.1929104190695734,-27580.317346661803,-0.005334160650569953,-0.3188927335640138,0.36472126105344094,5177402
023,02,HIMACHAL PRADESH,SHIMLA,-0.20693579392540137,0.12456747404845596,0.1599999999999952,0.19291041906957637,-127583.80081766628,-0.01910413488612628,-0.34602076124567477,0.33685505574778934,6689722
024,02,HIMACHAL PRADESH,SIRMAUR,-0.17279507881584935,0.12456747404845794,0.15999999999999437,0.1929104190695743,14854.80416165727,0.004054989901555592,-0.31009611687812383,0.36472126105344094,3670428
025,02,HIMACHAL PRADESH,SOLAN,-0.13588619761629944,0.11374086889657684,0.14769703960015906,0.17937716262975253,47404.5207937208,0.018823125112164867,-0.29287197231833906,0.3278123798539023,2524974
026,02,HIMACHAL PRADESH,UNA,-0.05911572472126404,0.09356401384083474,0.11374086889657357,0.14173010380623063,59218.18351419709,0.029351216001904087,-0.186082276047674,0.31009611687812383,2022495
019,02,HIMACHAL PRADESH,KINNAUR,-0.19291041906959222,0.14769703960017083,0.1793771626297857,0.20693579392539338,-52473.74768927606,-0.0061671627897712114,-0.31009611687812383,0.3278123798539023,8518904
021,02,HIMACHAL PRADESH,LAHUL & SPITI,-0.21413302575931514,0.10851211072665437,0.13588619761630913,0.16633602460592486,-702771.9254712579,-0.03811986454160596,-0.31009611687812383,0.28444444444444444,18455211
,01,JAMMU & KASHMIR,MIRPUR,-0.1301653210303698,0.11909265667051924,0.15378700499808365,0.19291041906957876,116106.7771957421,0.0240482384442613,-0.28444444444444444,0.36472126105344094,4837249
,01,JAMMU & KASHMIR,MUZAFFARABAD,-0.20693579392539638,0.14769703960016678,0.17937716262976594,0.2141330257593296,-82990.28317104002,-0.012775811966150711,-0.34602076124567477,0.3553094963475586,6508506
010,01,JAMMU & KASHMIR,PUNCH,-0.16000000000000614,0.1727950788158503,0.20693579392539255,0.24415224913493383,139754.1576486061,0.0245535943139313,-0.31009611687812383,0.40359861591695495,5700333
001,01,JAMMU & KASHMIR,ANANTNAG,-0.1600000000000034,0.1600000000000007,0.19291041906957668,0.22889657823914264,63346.93275046676,0.01731158759621014,-0.3014225297962323,0.40359861591695495,3666744
003,01,JAMMU & KASHMIR,BARAMULA,-0.17279507881584794,0.13016532103036504,0.16633602460592475,0.2069357939254097,17340.93600439959,0.006243453283996991,-0.3188927335640138,0.42377547097270285,2783290
007,01,JAMMU & KASHMIR,KATHUA,-0.13016532103037243,0.11374086889657303,0.16000000000000525,0.1998615916954911,56540.64381293397,0.017090792753634468,-0.3014225297962323,0.41362552864282975,3314635
014,01,JAMMU & KASHMIR,UDHAMPUR,-0.11374086889657571,0.1727950788158504,0.20693579392539682,0.24415224913493908,156469.02889015485,0.05168464042387246,-0.2599000384467512,0.40359861591695495,3033474
002,01,JAMMU & KASHMIR,BADGAM,-0.14769703960015726,0.10851211072665216,0.15378700499808423,0.20693579392540676,2901.4901603814296,0.0017284441496214808,-0.28444444444444444,0.3839138792772011,1682823
623,01,JAMMU & KASHMIR,BANDIPURA,-0.1663360246059248,0.16000000000001738,0.18608227604770908,0.20693579392538966,52446.84936053169,0.009582249528580371,-0.28444444444444444,0.37425605536332185,5482179
626,01,JAMMU & KASHMIR,GANDERBAL,-0.15378700499807832,0.16633602460592498,0.19986159169548784,0.22889657823913828,41942.66769336201,0.019193919437880385,-0.28444444444444444,0.36472126105344094,2192068
622,01,JAMMU & KASHMIR,KULGAM,-0.14769703960016017,0.1663360246059249,0.20693579392539938,0.24415224913494535,42747.83874796044,0.02524773078849138,-0.2679584775086506,0.39369473279507883,1698369
008,01,JAMMU & KASHMIR,KUPWARA,-0.17937716262975523,0.13588619761630008,0.17279507881584927,0.20693579392541006,-15708.727155845403,-0.0042324296440096046,-0.3278123798539023,0.3553094963475586,3717596
011,01,JAMMU & KASHMIR,PULWAMA,-0.11909265667051418,0.15378700499808323,0.19986159169549128,0.24415224913494404,28257.922752964325,0.02346018356158919,-0.2761399461745483,0.37425605536332185,1208381
012,01,JAMMU & KASHMIR,RAJAURI,-0.10851211072664138,0.18608227604770206,0.22145328719721707,0.25990003844676707,214647.41387214712,0.06107303412579713,-0.2679584775086506,0.40359861591695495,3521026
621,01,JAMMU & KASHMIR,RAMBAN,-0.1537870049980825,0.19986159169548712,0.23646289888504507,0.2679584775086647,87159.73192361809,0.05071254991210738,-0.3188927335640138,0.39369473279507883,1722238
627,01,JAMMU & KASHMIR,RIASI,-0.1476970396001529,0.19291041906959566,0.22889657823912593,0.25990003844676773,123090.29989697995,0.047786405158180105,-0.3014225297962323,0.40359861591695495,2582725
625,01,JAMMU & KASHMIR,SHUPIYAN,-0.1034063821607067,0.10340638216070401,0.13016532103037262,0.17279507881584452,22633.081131344497,0.03340207793793633,-0.2364628988850442,0.3553094963475586,681043
013,01,JAMMU & KASHMIR,SRINAGAR,-0.17937716262975834,0.03687556539005574,0.05911572472126121,0.09842368319876921,-14896.184711815664,-0.03934399910634808,-0.29287197231833906,0.31009611687812383,381957
620,01,JAMMU & KASHMIR,KISHTWAR,-0.2069357939253941,0.14173010380621895,0.17279507881585038,0.19986159169548767,-153528.58291241617,-0.014046328835180201,-0.3188927335640138,0.3553094963475586,10942149
004,01,JAMMU & KASHMIR,DODA,-0.17279507881584852,0.16633602460592506,0.1998615916954874,0.22889657823914858,70347.56809008354,0.02195336761905758,-0.36472126105344094,0.37425605536332185,3210495
624,01,JAMMU & KASHMIR,SAMBA,-0.0591157247212639,0.07972318339101386,0.09842368319876377,0.1301653210303748,27259.855968519463,0.022204690004168835,-0.2288965782391388,0.3014225297962323,1231705
005,01,JAMMU & KASHMIR,JAMMU,-0.07111111111111065,0.09356401384083934,0.1245674740484517,0.16000000000000142,78304.88610335732,0.02449206244677167,-0.21413302575932336,0.36472126105344094,3204791
322,20,JHARKHAND,BOKARO,0.04822760476739458,0.19291041906954712,0.20693579392538303,0.22145328719722485,500276.18876032194,0.14254126429925276,-0.16633602460592078,0.34602076124567477,3518062
323,20,JHARKHAND,CHATRA,0.04822760476739471,0.18608227604759806,0.1998615916954836,0.2141330257593258,651731.8490522719,0.13998027439382563,-0.14173010380622836,0.36472126105344094,4666877
325,20,JHARKHAND,DHANBAD,0.041584006151480946,0.18608227604769526,0.19291041906957299,0.2069357939253912,341900.6771835702,0.13750619723651714,-0.21413302575932336,0.33685505574778934,2490976
324,20,JHARKHAND,DEOGHAR,0.05536332179930581,0.19291041906953035,0.20693579392537964,0.2214532871972224,424803.91247181623,0.13952375765234135,-0.13588619761630144,0.3839138792772011,3050828
326,20,JHARKHAND,DUMKA,0.05911572472126362,0.19986159169551754,0.2069357939253769,0.22145328719721058,692652.013246587,0.15039010063979877,-0.19986159169550174,0.34602076124567477,4613615
328,20,JHARKHAND,GARHWA,0.05173394848135285,0.1929104190695343,0.1998615916954826,0.21413302575931772,713940.7112830796,0.14234188882451865,-0.12456747404844293,0.33685505574778934,5023969
329,20,JHARKHAND,GIRIDIH,0.05536332179930953,0.19291041906952863,0.20693579392537892,0.22145328719721635,864738.802627851,0.142261084572097,-0.11374086889657825,0.34602076124567477,6087886
330,20,JHARKHAND,GODDA,0.05911572472126476,0.19291041906954054,0.206935793925381,0.21413302575929408,385268.7354087183,0.13720629472059598,-0.13016532103037293,0.34602076124567477,2814180
331,20,JHARKHAND,GUMLA,0.02977316416762741,0.17937716262981207,0.19291041906955247,0.2069357939253851,827602.2089967517,0.12722449529093363,-0.14173010380622836,0.3553094963475586,6516036
332,20,JHARKHAND,HAZARIBAGH,0.04484429065743876,0.1929104190695479,0.19986159169548323,0.214133025759321,738835.9510060389,0.13935218530922222,-0.13588619761630144,0.34602076124567477,5315097
333,20,JHARKHAND,JAMTARA,0.051733948481351905,0.19291041906954276,0.19986159169548384,0.21413302575931975,302938.25355408835,0.13719941949058795,-0.08882737408688965,0.31009611687812383,2214404
606,20,JHARKHAND,KHUNTI,0.027128027681661223,0.16633602460583666,0.17937716262980566,0.19291041906960774,371676.9924177401,0.11626683544268612,-0.11909265667051133,0.3014225297962323,3204257
334,20,JHARKHAND,KODARMA,0.06299115724721144,0.19291041906956843,0.20693579392538822,0.2141330257593257,292229.46961520676,0.1454063492871353,-0.14769703960015382,0.34602076124567477,2016064
335,20,JHARKHAND,LATEHAR,0.05173394848135408,0.192910419069549,0.19986159169548307,0.21413302575931809,733112.0652424133,0.1417366979343098,-0.16000000000000003,0.36472126105344094,5182155
336,20,JHARKHAND,LOHARDAGA,0.03254133025759098,0.17937716262981934,0.19291041906959105,0.20693579392539146,219209.5597873536,0.1195707455098565,-0.11909265667051133,0.36472126105344094,1838361
337,20,JHARKHAND,PAKUR,0.05536332179930831,0.19986159169548334,0.21413302575926757,0.22889657823912896,320855.9981282909,0.14519975097011742,-0.11374086889657825,0.34602076124567477,2216228
338,20,JHARKHAND,PALAMU,0.048227604767395245,0.1860822760476086,0.19291041906953935,0.20693579392538516,734549.1057237718,0.13583118774594785,-0.11374086889657825,0.3553094963475586,5416996
343,20,JHARKHAND,WEST SINGHBHUM,0.032541330257592586,0.1727950788157865,0.1860822760477138,0.1998615916954856,1060801.4851555545,0.12159820632353929,-0.13016532103037293,0.3553094963475586,8734513
327,20,JHARKHAND,EAST SINGHBHUM,0.05173394848135416,0.19291041906953374,0.20693579392538095,0.22145328719722504,602402.0065822527,0.1401441051223865,-0.16633602460592078,0.36472126105344094,4306723
607,20,JHARKHAND,RAMGARH,0.05173394848135461,0.1929104190695488,0.20693579392538344,0.22145328719722582,242720.2445867043,0.14289349210974495,-0.16633602460592078,0.34602076124567477,1705200
339,20,JHARKHAND,RANCHI,0.037107733020775885,0.17279507881582054,0.1860822760477113,0.19986159169548665,743132.6541849332,0.12261865546679397,-0.186082276047674,0.34602076124567477,6072574
340,20,JHARKHAND,SAHIBGANJ,-0.016765840650666154,0.19291041906952075,0.20693579392538053,0.22145328719720733,329734.02456288645,0.1221910827702541,-0.15378700499807765,0.36472126105344094,2704649
341,20,JHARKHAND,SARAIKELA-KHARSAWAN,0.02712802768166043,0.17937716262982248,0.19291041906958764,0.20693579392539335,405824.10441764625,0.12597501185738041,-0.16633602460592078,0.3188927335640138,3228630
342,20,JHARKHAND,SIMDEGA,0.04484429065743823,0.18608227604761227,0.19986159169548354,0.21413302575931162,642371.7908321321,0.1406233204540204,-0.08882737408688965,0.36472126105344094,4575865
524,29,KARNATAKA,BAGALKOT,0.009683083311072987,0.18608227604763436,0.1998615916954829,0.2141330257592851,951367.6522804331,0.12476013542608093,-0.16633602460592078,0.3839138792772011,7637876
528,29,KARNATAKA,BALLARI,-0.03693927526818257,0.19291041906951722,0.2069357939253788,0.2214532871972536,1113177.5890214015,0.11362733947050853,-0.15378700499807765,0.39369473279507883,9811668
527,29,KARNATAKA,BELAGAVI,0.025952667064907294,0.19291041906952167,0.1998615916954944,0.21413302575927293,2100142.4579014997,0.1343899608146893,-0.186082276047674,0.40359861591695495,15647841
526,29,KARNATAKA,BENGALURU RURAL,0.05173394848135266,0.1793771626298033,0.19291041906958922,0.20693579392540185,349513.33849821694,0.13245550315438637,-0.17279507881584008,0.3839138792772011,2647699
525,29,KARNATAKA,BENGALURU URBAN,0.0058238939352100345,0.18608227604766586,0.19986159169548393,0.21413302575933255,333356.2796276184,0.13232940251207667,-0.22145328719723184,0.36472126105344094,2525378
529,29,KARNATAKA,BIDAR,0.013840830449827306,0.1727950788158028,0.19291041906956208,0.20693579392538747,694623.9984836405,0.10856101389558424,-0.08882737408688965,0.36472126105344094,6408943
531,29,KARNATAKA,CHAMARAJANAGAR,0.009673374074904382,0.19986159169551734,0.2141330257592534,0.23646289888501995,889987.4390901569,0.13789447179341865,-0.16633602460592078,0.40359861591695495,6464990
630,29,KARNATAKA,CHIK BALLAPUR,0.06299115724721129,0.19291041906953565,0.2069357939253815,0.22145328719721874,700835.9828733057,0.14361883523905297,-0.186082276047674,0.40359861591695495,4888990
532,29,KARNATAKA,CHIKKAMAGALURU,-0.012938783865065242,0.17279507881574718,0.1860822760476657,0.20693579392539407,923512.7882255368,0.11154943068556251,-0.24415224913494812,0.37425605536332185,8290158
533,29,KARNATAKA,CHITRADURGA,0.021145325220740422,0.1860822760476328,0.20693579392538317,0.2214532871972183,1261156.4138444732,0.12968534184645086,-0.16000000000000003,0.3839138792772011,9737571
534,29,KARNATAKA,DAKSHINA KANNADA,0.0017102948266830243,0.22145328719723756,0.236462898885068,0.25990003844675147,869519.9582807362,0.15610871777240068,-0.2288965782391388,0.39369473279507883,5579048
535,29,KARNATAKA,DAVANGERE,0.021162581371168165,0.17937716262982753,0.19291041906955897,0.21413302575933238,832402.864502,0.12176928046140614,-0.16633602460592078,0.36472126105344094,6847089
536,29,KARNATAKA,DHARWAD,-0.0056786419396591325,0.17937716262982348,0.19986159169548307,0.21413302575922702,446553.7342096903,0.09046530486738985,-0.19986159169550174,0.34602076124567477,4944779
537,29,KARNATAKA,GADAG,-0.005700998495414604,0.1537870049980265,0.17937716262980066,0.1998615916954872,459838.01616993395,0.08516025444169703,-0.12456747404844293,0.3839138792772011,5409858
539,29,KARNATAKA,HASSAN,0.016845166161879227,0.17279507881573292,0.18608227604768324,0.1998615916954854,926107.2462360521,0.11847856529597284,-0.22145328719723184,0.3553094963475586,7828705
540,29,KARNATAKA,HAVERI,0.005856642820653261,0.1793771626298172,0.19291041906957387,0.21413302575931695,596519.1756002107,0.10701792366227841,-0.15378700499807765,0.34602076124567477,5582700
538,29,KARNATAKA,KALABURAGI,-0.005697936389881711,0.15378700499804282,0.17279507881585088,0.19291041906959092,1115621.8825273002,0.08703155168309766,-0.17937716262975778,0.3553094963475586,12835141
541,29,KARNATAKA,KODAGU,-0.06698961937716182,0.1358861976163335,0.15378700499808848,0.1793771626297606,319803.57265136146,0.06811449579141848,-0.2519646289888504,0.33685505574778934,4703960
542,29,KARNATAKA,KOLAR,0.06299115724721124,0.19986159169548207,0.2141330257592469,0.22889657823912113,688719.8626298027,0.1507889975197394,-0.17937716262975778,0.37425605536332185,4576751
543,29,KARNATAKA,KOPPAL,-0.0016908044385302154,0.17279507881577713,0.1860822760476392,0.20693579392539127,708196.5547304363,0.10961061762363543,-0.14173010380622836,0.39369473279507883,6471180
544,29,KARNATAKA,MANDYA,0.0629911572472113,0.19291041906952788,0.20693579392537934,0.2214532871972223,839591.3097557336,0.1476781006445082,-0.17279507881584008,0.37425605536332185,5695228
545,29,KARNATAKA,MYSURU,0.02115057672470471,0.18608227604763541,0.19986159169548293,0.21413302575926838,908621.082922234,0.12593267449264514,-0.186082276047674,0.36472126105344094,7227650
546,29,KARNATAKA,RAICHUR,-0.02977316416762885,0.159999999999953,0.17937716262980588,0.1998615916954871,854826.1969714648,0.0870594050915298,-0.16000000000000003,0.36472126105344094,9829398
631,29,KARNATAKA,RAMANAGARAM,0.0711111111111116,0.1998615916954825,0.21413302575924173,0.22889657823911785,621530.4321079085,0.15440280461310005,-0.1929104190695886,0.41362552864282975,4034113
547,29,KARNATAKA,SHIVAMOGGA,0.021138570689342478,0.19291041906952577,0.20693579392537892,0.22145328719721455,1332684.6679890058,0.13643054860159978,-0.19986159169550174,0.36472126105344094,9782492
548,29,KARNATAKA,TUMAKURU,0.07111111111111325,0.20693579392537487,0.21413302575925036,0.23646289888504093,1923422.0678397391,0.1578612148110366,-0.16633602460592078,0.4340484429065744,12204538
549,29,KARNATAKA,UDUPI,0.03254133025759366,0.2288965782390905,0.24415224913499875,0.25990003844675996,694234.6210806394,0.16857998296383775,-0.1929104190695886,0.3839138792772011,4125180
550,29,KARNATAKA,UTTARA KANNADA,0.005828406050083248,0.19986159169552092,0.21413302575926013,0.228896578239123,1592686.141756468,0.1340815759982471,-0.2364628988850442,0.40359861591695495,11893283
530,29,KARNATAKA,VIJAYAPURA,0.0058631304253062184,0.15999999999994902,0.17937716262981124,0.1929104190695945,1261529.7099226292,0.10299005835631958,-0.17279507881584008,0.36472126105344094,12262243
635,29,KARNATAKA,YADGIR,-0.016752127964892123,0.16633602460584967,0.18608227604766522,0.1998615916954858,606167.7015450732,0.09856390557214983,-0.13016532103037293,0.3839138792772011,6160245
554,32,KERALA,ALAPPUZHA,-0.11374086889658012,0.21413302575930912,0.22889657823913026,0.25196462898884514,200922.9722933432,0.12477197720603594,-0.186082276047674,0.3839138792772011,1615612
555,32,KERALA,ERNAKULAM,-0.06299115724721142,0.19986159169548226,0.22145328719720017,0.236462898885049,429215.4575766891,0.12349802631042357,-0.29287197231833906,0.37425605536332185,3482949
556,32,KERALA,IDUKKI,-0.10851211072664346,0.1537870049980521,0.17937716262977876,0.2069357939254028,291244.93825126794,0.05889876665092029,-0.28444444444444444,0.3839138792772011,4955513
557,32,KERALA,KANNUR,0.005830481492816694,0.22145328719731752,0.23646289888502808,0.2599000384467608,536112.8554051842,0.15809463129438892,-0.2519646289888504,0.3839138792772011,3397343
558,32,KERALA,KASARAGOD,0.06698961937716347,0.2519646289889676,0.2599000384468098,0.27613994617455984,434136.8895224547,0.19026501356091327,-0.16633602460592078,0.39369473279507883,2288384
559,32,KERALA,KOLLAM,-0.029773164167628582,0.2141330257592669,0.22889657823912146,0.24415224913493475,399143.294407069,0.14193490574897563,-0.2599000384467512,0.40359861591695495,2818601
560,32,KERALA,KOTTAYAM,-0.036919716049844946,0.19291041906955878,0.20693579392539163,0.2288965782391356,298379.7741636923,0.11927541174869388,-0.2679584775086506,0.40359861591695495,2507427
561,32,KERALA,KOZHIKODE,-0.029773164167628246,0.199861591695483,0.21413302575928728,0.236462898885058,365924.732444436,0.13659425703411843,-0.2761399461745483,0.3839138792772011,2684454
562,32,KERALA,MALAPPURAM,-0.04822760476739719,0.21413302575924356,0.22889657823910475,0.25196462898884475,588099.574516302,0.1451851165152338,-0.2679584775086506,0.3839138792772011,4058183
563,32,KERALA,PALAKKAD,-0.03694815275612256,0.21413302575925872,0.22889657823910733,0.2519646289888448,700706.3534444218,0.1373272890237159,-0.2519646289888504,0.39369473279507883,5112539
564,32,KERALA,PATTANAMTHITTA,-0.09842368319876436,0.19291041906956474,0.20693579392538528,0.22889657823914233,298561.764456306,0.09939772632564342,-0.2761399461745483,0.3839138792772011,3011006
565,32,KERALA,THIRUVANANTHAPURAM,0.005839267353190025,0.1998615916954833,0.22145328719721538,0.23646289888505864,336380.7327144141,0.13561881047357008,-0.22145328719723184,0.3839138792772011,2485730
566,32,KERALA,TRISSUR,-0.025890055621669864,0.22145328719725887,0.23646289888499844,0.25990003844676374,526055.273978258,0.1526619091864512,-0.22145328719723184,0.39369473279507883,3453173
567,32,KERALA,WAYANAD,-0.04484429065743874,0.14769703960017733,0.1663360246059252,0.186082276047685,213947.73047598774,0.087922574845704,-0.22145328719723184,0.34602076124567477,2438701
009,37,LADAKH,LEH,-0.19986159169549192,0.14769703960017436,0.1793771626297995,0.21413302575930615,1082432.5581230817,0.005165681127509626,-0.33685505574778934,0.37425605536332185,209611635
006,37,LADAKH,KARGIL,-0.19986159169548617,0.14173010380622397,0.179377162629789,0.21413302575929696,-136829.89246373138,-0.007176657592883878,-0.3014225297962323,0.3553094963475586,19084969
553,31,LAKSHADWEEP,LAKSHADWEEP,0.00885813148788927,0.1929104190695885,0.21413302575932344,0.2364628988850442,4061.104036305793,0.12893525410670686,-0.03254133025759323,0.31009611687812383,33702
667,23,MADHYA PRADESH,AGAR MALWA,0.0068501351954765284,0.17279507881579872,0.19291041906956943,0.20693579392539396,363412.5457595105,0.10901696735359782,-0.08882737408688965,0.3553094963475586,3340865
639,23,MADHYA PRADESH,ALIRAJPUR,0.06698961937716112,0.20693579392537642,0.22145328719720705,0.2364628988850404,622367.5643212601,0.1547432564572514,-0.17279507881584008,0.37425605536332185,4031207
390,23,MADHYA PRADESH,ANUPPUR,0.05173394848135059,0.17937716262981998,0.19986159169548434,0.21413302575932774,588824.2681047148,0.1286179526101597,-0.17279507881584008,0.3553094963475586,4589056
391,23,MADHYA PRADESH,ASHOKNAGAR,-0.010396001537870254,0.15378700499802053,0.17279507881580147,0.18608227604769928,449107.65814387327,0.07724255605222749,-0.16000000000000003,0.3278123798539023,5822740
392,23,MADHYA PRADESH,BALAGHAT,0.05536332179930876,0.1860822760476289,0.19986159169548318,0.20693579392538305,1510249.6381265717,0.13571398518801445,-0.17937716262975778,0.36472126105344094,11141974
393,23,MADHYA PRADESH,BARWANI,0.044844290657438134,0.2069357939253774,0.22145328719721066,0.2441522491349309,966644.6183141303,0.14808860573838678,-0.12456747404844293,0.39369473279507883,6536978
394,23,MADHYA PRADESH,BETUL,0.04158400615148119,0.17937716262983114,0.18608227604767882,0.19986159169548456,1537256.3052548706,0.12708484259697397,-0.16000000000000003,0.36472126105344094,12110448
395,23,MADHYA PRADESH,BHIND,-0.02460592079969331,0.1245674740484664,0.14173010380622314,0.16000000000000567,306223.71137643117,0.05507731612589082,-0.16633602460592078,0.28444444444444444,5571431
396,23,MADHYA PRADESH,BHOPAL,0.0017411709729701623,0.17279507881582482,0.18608227604770144,0.2069357939253912,326678.5635453178,0.0970197237759403,-0.17937716262975778,0.33685505574778934,3374356
397,23,MADHYA PRADESH,BURHANPUR,0.016827133837126692,0.19291041906952444,0.2069357939253777,0.22145328719722002,507359.72609354777,0.13119278557349537,-0.17279507881584008,0.34602076124567477,3873783
398,23,MADHYA PRADESH,CHHATARPUR,0.005851011351568409,0.17279507881575054,0.18608227604765157,0.2069357939253895,1126298.3960022817,0.10558366665249623,-0.16633602460592078,0.3839138792772011,10687142
399,23,MADHYA PRADESH,CHHINDWARA,0.02977316416762833,0.17937716262980655,0.19291041906955028,0.20693579392538825,1759144.553062379,0.12357565489734681,-0.21413302575932336,0.37425605536332185,14251129
400,23,MADHYA PRADESH,DAMOH,-0.01675175976494089,0.18608227604768263,0.19986159169554155,0.2141330257592888,956933.078082647,0.10739610952970569,-0.1929104190695886,0.3839138792772011,8922849
401,23,MADHYA PRADESH,DATIA,-9.07920635532153E-4,0.1358861976163261,0.15378700499808595,0.1727950788158477,263246.6694142487,0.079065925194374,-0.11374086889657825,0.3278123798539023,3340498
402,23,MADHYA PRADESH,DEWAS,-0.008858131487889642,0.18608227604761238,0.20693579392537878,0.21413302575924917,907355.9955312381,0.10686600546175425,-0.13016532103037293,0.34602076124567477,8505726
403,23,MADHYA PRADESH,DHAR,0.016853164423647014,0.1793771626298238,0.19986159169548443,0.21413302575932744,1145411.411266688,0.11621666730904782,-0.14173010380622836,0.37425605536332185,9867234
404,23,MADHYA PRADESH,DINDORI,0.051733948481349976,0.16633602460582517,0.17937716262981096,0.19986159169548745,851638.9919501789,0.12231667261322843,-0.08882737408688965,0.3553094963475586,6974940
405,23,MADHYA PRADESH,EAST NIMAR,0.015747789311802842,0.18608227604764346,0.19986159169548356,0.21413302575928336,1010074.5990145106,0.1123476564169671,-0.10340638216070744,0.3188927335640138,9002549
406,23,MADHYA PRADESH,GUNA,0.008858131487889267,0.16633602460586341,0.17937716262980466,0.19986159169548673,769770.7712352535,0.09832209660975331,-0.14769703960015382,0.3278123798539023,7842335
407,23,MADHYA PRADESH,GWALIOR,-0.013840830449826879,0.1537870049979995,0.16633602460586713,0.1860822760477006,505033.6421667824,0.08912694069759386,-0.14173010380622836,0.3553094963475586,5674029
408,23,MADHYA PRADESH,HARDA,-0.010396001537870255,0.17279507881575185,0.1860822760476922,0.1998615916954855,379626.0358549458,0.09420748994252465,-0.13016532103037293,0.3188927335640138,4035848
409,23,MADHYA PRADESH,HOSHANGABAD,0.03706799568954357,0.17937716262983106,0.19291041906955794,0.20693579392539202,1016369.6086163617,0.1257242270992903,-0.186082276047674,0.39369473279507883,8095645
410,23,MADHYA PRADESH,INDORE,0.026023283942187506,0.18608227604766617,0.19986159169548418,0.22145328719722246,531435.6791874575,0.1123674516295367,-0.14173010380622836,0.39369473279507883,4738802
411,23,MADHYA PRADESH,JABALPUR,0.032541330257593565,0.17279507881578682,0.18608227604767294,0.19986159169548626,734155.230850759,0.1186571876691262,-0.15378700499807765,0.3839138792772011,6198352
412,23,MADHYA PRADESH,JHABUA,0.059115724721263786,0.18608227604768998,0.19986159169548345,0.22145328719723692,573987.7210698124,0.13756434903246048,-0.11909265667051133,0.34602076124567477,4179358
413,23,MADHYA PRADESH,KATNI,0.048227604767395,0.18608227604765357,0.1998615916954829,0.21413302575931148,850190.0720848894,0.13794077226500304,-0.17279507881584008,0.37425605536332185,6175594
415,23,MADHYA PRADESH,MANDLA,0.04484429065743892,0.17279507881579786,0.1860822760477137,0.19986159169548584,1127823.5529687924,0.1241147684659195,-0.15378700499807765,0.33685505574778934,9100880
416,23,MADHYA PRADESH,MANDSAUR,0.002657936674069977,0.17279507881582742,0.18608227604769362,0.20693579392539432,672051.5370582909,0.09899356396560695,-0.09842368319876971,0.3839138792772011,6799773
417,23,MADHYA PRADESH,MORENA,-0.03543252595156015,0.1417301038062277,0.16000000000001177,0.17937716262975462,410517.30520407954,0.06609693990982053,-0.15378700499807765,0.3188927335640138,6223463
418,23,MADHYA PRADESH,NARSHIMAPURA,0.03254133025759339,0.17279507881583084,0.18608227604771274,0.1998615916954858,742701.7594607311,0.11929960826442887,-0.16633602460592078,0.3553094963475586,6236392
419,23,MADHYA PRADESH,NIMACH,-0.0026383575911477167,0.17937716262982592,0.1929104190695383,0.20693579392538386,558760.3579546778,0.10618843434541657,-0.14173010380622836,0.3553094963475586,5274602
420,23,MADHYA PRADESH,PANNA,-0.0016765504102242152,0.18608227604760955,0.19986159169548298,0.21413302575928278,1030240.156167861,0.11840572245039487,-0.13588619761630144,0.39369473279507883,8717597
421,23,MADHYA PRADESH,RAISEN,0.00885813148788962,0.17279507881576261,0.18608227604765262,0.19986159169548456,1128662.848302201,0.10961282291704638,-0.16000000000000003,0.33685505574778934,10312010
422,23,MADHYA PRADESH,RAJGARH,-0.006805399497495292,0.15378700499803732,0.17279507881585096,0.1860822760477022,637873.0188343403,0.08475551667406993,-0.1085121107266436,0.33685505574778934,7535187
423,23,MADHYA PRADESH,RATLAM,0.016847322624522168,0.17279507881582698,0.18608227604771002,0.2069357939253942,642570.3939353481,0.10873340567739484,-0.13588619761630144,0.3839138792772011,5920371
424,23,MADHYA PRADESH,REWA,0.029773164167627358,0.17279507881583422,0.1860822760477121,0.20693579392539382,846675.8995486735,0.10939813363078901,-0.11374086889657825,0.36472126105344094,7751995
425,23,MADHYA PRADESH,SAGAR,-0.00963363721011397,0.1727950788158313,0.18608227604768154,0.19986159169548462,1188834.2482551208,0.09488261266249304,-0.17937716262975778,0.3278123798539023,12549508
426,23,MADHYA PRADESH,SATNA,0.026038704207671938,0.17937716262981568,0.19291041906955977,0.2069357939253866,1072256.992440093,0.11615679678934726,-0.186082276047674,0.37425605536332185,9250027
427,23,MADHYA PRADESH,SEHORE,9.21678114555451E-4,0.1599999999999509,0.17937716262980874,0.1929104190695825,733340.3706964047,0.09208806422527495,-0.11909265667051133,0.3553094963475586,7979648
428,23,MADHYA PRADESH,SEONI,0.022206843521720754,0.17279507881572562,0.1860822760476442,0.19986159169548467,1199467.2742375336,0.11344232685805895,-0.17279507881584008,0.3188927335640138,10587279
429,23,MADHYA PRADESH,SHAHDOL,0.04822760476739515,0.19986159169552736,0.21413302575922993,0.22145328719720067,1018551.8725138679,0.14716010231719057,-0.186082276047674,0.36472126105344094,6933487
430,23,MADHYA PRADESH,SHAJAPUR,-0.005689033884116723,0.1417301038062425,0.15999999999998912,0.18608227604769373,323247.2753439124,0.07676045378559758,-0.13588619761630144,0.37425605536332185,4219787
431,23,MADHYA PRADESH,SHEOPUR,-0.008858131487889305,0.18608227604765293,0.19291041906950582,0.20693579392537945,967928.9143470587,0.11824855135449262,-0.1085121107266436,0.34602076124567477,8196536
432,23,MADHYA PRADESH,SHIVPURI,-0.012942777923179584,0.1599999999999501,0.17937716262981496,0.19291041906957393,1186308.9705318983,0.09339974979049172,-0.15378700499807765,0.34602076124567477,12718231
433,23,MADHYA PRADESH,SIDHI,0.0482276047673948,0.1998615916955085,0.20693579392537817,0.221453287197213,844981.070562412,0.14456186738625165,-0.16633602460592078,0.37425605536332185,5855562
638,23,MADHYA PRADESH,SINGRAULI,0.03707295444907779,0.2069357939253748,0.22145328719725366,0.23646289888503086,1039931.6115160732,0.14737321230725653,-0.17279507881584008,0.3839138792772011,7066555
434,23,MADHYA PRADESH,TIKAMGARH,0.013011435067612397,0.16633602460584015,0.1860822760477117,0.19986159169548573,495481.4177119936,0.10816795966386529,-0.14769703960015382,0.37425605536332185,4588875
435,23,MADHYA PRADESH,UJJAIN,0.010396001537870242,0.14769703960017663,0.16633602460589716,0.19291041906959008,671502.2782955711,0.09052701950947656,-0.14173010380622836,0.3553094963475586,7431237
436,23,MADHYA PRADESH,UMARIA,0.059115724721263224,0.1998615916955869,0.21413302575923132,0.22145328719722426,851828.2165540932,0.1527783666739665,-0.1929104190695886,0.3553094963475586,5584765
437,23,MADHYA PRADESH,VIDISHA,-0.001666879676324984,0.14769703960017308,0.16633602460588404,0.1929104190695578,676900.1016441623,0.07591407192505491,-0.16633602460592078,0.3553094963475586,8929692
414,23,MADHYA PRADESH,WEST NIMAR,0.02115619976531368,0.18608227604765626,0.1998615916954831,0.22145328719722004,1185752.7014725362,0.12274537197979844,-0.13016532103037293,0.3839138792772011,9673296
722,23,MADHYA PRADESH,NIVARI,0.03543252595155668,0.17937716262980868,0.19291041906958112,0.20693579392540065,200327.82110457023,0.1227869754954572,-0.07535563244905807,0.33685505574778934,1640914
466,27,MAHARASHTRA,AHAMADNAGAR,0.048227604767397604,0.19291041906951548,0.20693579392537725,0.22889657823912127,2906046.9717275947,0.1437101386493225,-0.16000000000000003,0.41362552864282975,20247712
467,27,MAHARASHTRA,AKOLA,-0.016732857981093703,0.15999999999999398,0.1793771626298027,0.19986159169548615,521478.0940595542,0.08026824416931196,-0.17279507881584008,0.33685505574778934,6508098
468,27,MAHARASHTRA,AMARAVATI,-0.025825347621718283,0.1727950788157437,0.18608227604763442,0.19986159169548476,1377036.6133139092,0.09420922666056557,-0.15378700499807765,0.36472126105344094,14634927
469,27,MAHARASHTRA,AURANGABAD,0.044844290657439057,0.17937716262982778,0.1929104190695562,0.2141330257593111,1529212.1090431488,0.1270800742787209,-0.16000000000000003,0.37425605536332185,12049449
471,27,MAHARASHTRA,BHANDARA,0.029773164167628773,0.1929104190695466,0.19986159169548312,0.21413302575931417,643876.9228814993,0.13001731671587807,-0.22145328719723184,0.33685505574778934,4961610
470,27,MAHARASHTRA,BID,0.02116167627028215,0.17279507881579068,0.18608227604768893,0.2069357939253892,1439891.684186415,0.1149422008051703,-0.13588619761630144,0.37425605536332185,12544794
472,27,MAHARASHTRA,BULDHANA,0.0017620058970466502,0.1727950788157993,0.1929104190695533,0.21413302575927823,1175531.6380987666,0.10119982414422968,-0.13016532103037293,0.37425605536332185,11630150
473,27,MAHARASHTRA,CHANDRAPUR,0.005841353878986258,0.1929104190695102,0.20693579392537553,0.22145328719720175,1700087.1947417436,0.12577088471344727,-0.1929104190695886,0.36472126105344094,13530633
474,27,MAHARASHTRA,DHULE,0.041584006151481084,0.1860822760476245,0.19986159169548315,0.2214532871972237,1175828.758166551,0.13663334810783193,-0.186082276047674,0.3839138792772011,8617611
475,27,MAHARASHTRA,GADCHIROLI,0.05173394848135213,0.19986159169550782,0.20693579392537548,0.2214532871972034,2542177.691229746,0.14763375456789024,-0.16000000000000003,0.3839138792772011,17237884
476,27,MAHARASHTRA,GONDIA,0.06299115724721131,0.19291041906952036,0.20693579392537848,0.22145328719720508,912582.704436885,0.14705783189437208,-0.1929104190695886,0.37425605536332185,6215661
477,27,MAHARASHTRA,HINGOLI,-0.0026388140103903984,0.15999999999997322,0.17937716262980244,0.1929104190695716,518813.9086046982,0.09286080324694422,-0.15378700499807765,0.3278123798539023,5596711
478,27,MAHARASHTRA,JALGAON,0.009672978866699882,0.1860822760476535,0.19986159169548298,0.2214532871972255,1778809.0758322482,0.12617515067727444,-0.16633602460592078,0.3839138792772011,14113319
479,27,MAHARASHTRA,JALNA,0.01993079584775127,0.1537870049980132,0.17279507881585102,0.1860822760477013,917230.6418665051,0.10063980666565399,-0.13016532103037293,0.33685505574778934,9127228
480,27,MAHARASHTRA,KOLHAPUR,0.05536332179930784,0.19986159169550996,0.21413302575924298,0.22889657823911896,1365801.6595695845,0.15271515377478292,-0.186082276047674,0.40359861591695495,8961350
481,27,MAHARASHTRA,LATUR,0.015747789311802828,0.14769703960016242,0.16633602460589325,0.17937716262978015,817980.3581344243,0.09645829618317016,-0.14769703960015382,0.33685505574778934,8490449
482,27,MAHARASHTRA,MUMBAI CITY,-0.05173394848135344,0.17279507881584366,0.19291041906958997,0.22145328719723317,7189.464844258542,0.09528369885781135,-0.17279507881584008,0.3553094963475586,76546
484,27,MAHARASHTRA,NAGPUR,-0.005708837757983984,0.17937716262978862,0.1929104190695413,0.20693579392538433,1256005.7073302441,0.10596466225231263,-0.2288965782391388,0.3553094963475586,11865192
485,27,MAHARASHTRA,NANDED,-0.005716788423526722,0.1727950788158126,0.1929104190695767,0.20693579392538775,1292443.5675722018,0.10379871719151879,-0.17279507881584008,0.3553094963475586,12472028
486,27,MAHARASHTRA,NANDURBAR,0.009687996777940935,0.2069357939253803,0.228896578239113,0.2599000384467496,956970.8464001874,0.1338521748164555,-0.14173010380622836,0.40359861591695495,7163183
487,27,MAHARASHTRA,NASHIK,0.05536332179930793,0.19291041906952314,0.2141330257592758,0.2364628988850507,2656852.4495609067,0.143851330644898,-0.16000000000000003,0.41362552864282975,18486361
488,27,MAHARASHTRA,USMANABAD,0.017777777777777694,0.1537870049980008,0.16633602460586927,0.18608227604770056,926870.4461238213,0.10402703820740368,-0.16000000000000003,0.33685505574778934,8925215
665,27,MAHARASHTRA,PALGHAR,0.05911572472126279,0.2141330257592564,0.22889657823910264,0.24415224913492906,1045760.0907480201,0.1671303250408145,-0.1929104190695886,0.3839138792772011,6266083
489,27,MAHARASHTRA,PARBHANI,0.002651837995021815,0.1537870049980587,0.16633602460591446,0.1860822760476951,657958.1370350707,0.08816356844048782,-0.17279507881584008,0.3188927335640138,7474260
490,27,MAHARASHTRA,PUNE,0.0482276047673949,0.21413302575920434,0.22889657823910517,0.2519646289888447,2923220.5116279894,0.1584971584889804,-0.17937716262975778,0.42377547097270285,18462996
491,27,MAHARASHTRA,RAYGAD,0.04484429065743868,0.22889657823909462,0.2441522491349541,0.26795847750866264,1383706.2978486752,0.16823580615411135,-0.2069357939254133,0.40359861591695495,8238352
492,27,MAHARASHTRA,RATNAGIRI,0.07535563244905945,0.24415224913509964,0.25196462898896654,0.2761399461745284,1862143.743404781,0.19191128352008868,-0.17279507881584008,0.40359861591695495,9717129
493,27,MAHARASHTRA,SANGLI,0.05536332179930832,0.19986159169549772,0.20693579392537703,0.22145328719720764,1487518.3503866554,0.147860528410306,-0.17279507881584008,0.36472126105344094,10078127
494,27,MAHARASHTRA,SATARA,0.04822760476739492,0.20693579392537564,0.2214532871972078,0.24415224913493355,1892765.7914224106,0.1540663001877395,-0.17279507881584008,0.40359861591695495,12298534
495,27,MAHARASHTRA,SINDHUDURG,0.06698961937716312,0.2214532871973008,0.2364628988849943,0.2599000384467724,1023942.5008069109,0.17236442758902693,-0.17937716262975778,0.40359861591695495,5951789
496,27,MAHARASHTRA,SOLAPUR,0.032541330257592885,0.1860822760476294,0.19986159169551315,0.2141330257592503,2311593.2357783793,0.13259669446523414,-0.16000000000000003,0.3839138792772011,17457025
483,27,MAHARASHTRA,SUB URBAN MUMBAI,-0.009677331729172461,0.18608227604768318,0.2069357939254169,0.22889657823913706,61005.02354934186,0.11955552619898878,-0.16633602460592078,0.3839138792772011,512479
497,27,MAHARASHTRA,THANE,0.03707807553810494,0.21413302575924792,0.22889657823910445,0.25196462898884486,811286.4408082025,0.16030633814926365,-0.186082276047674,0.40359861591695495,5069267
498,27,MAHARASHTRA,WARDHA,-0.02712802768166178,0.16633602460581878,0.1793771626297614,0.1998615916954852,617296.9584755147,0.08193556386073207,-0.14769703960015382,0.33685505574778934,7543509
499,27,MAHARASHTRA,WASHIM,-0.006814986580365347,0.15378700499805184,0.17279507881585057,0.19291041906959383,501181.7626658861,0.08203651463570236,-0.14769703960015382,0.33685505574778934,6120783
500,27,MAHARASHTRA,YAVATMAL,-0.001672102198543239,0.1860822760476277,0.1998615916954826,0.21413302575930038,1753724.6921536475,0.10855856844284226,-0.16000000000000003,0.34602076124567477,16172960
252,14,MANIPUR,BISHNUPUR,-0.10340638216070619,0.11909265667051291,0.14173010380623408,0.17279507881584372,19073.639540025004,0.03237318853932565,-0.22145328719723184,0.3188927335640138,592328
253,14,MANIPUR,CHANDEL,-0.04158400615148092,0.19291041906956108,0.21413302575929796,0.24415224913493297,264101.9188516535,0.10947744913772536,-0.19986159169550174,0.39369473279507883,2417211
254,14,MANIPUR,CHURACHANDPUR,-0.05911572472126169,0.19291041906956444,0.21413302575929508,0.2441522491349382,299800.4341166195,0.10053791751872451,-0.2364628988850442,0.37425605536332185,2987741
256,14,MANIPUR,IMPHAL WEST,-0.11374086889657417,0.10340638216070565,0.13016532103037473,0.17279507881583905,7500.878936996913,0.012517839620088995,-0.2288965782391388,0.34602076124567477,603204
255,14,MANIPUR,IMPHAL EAST,-0.11374086889657611,0.14769703960016153,0.17937716262975079,0.21413302575932686,15556.250839264078,0.02922531662671075,-0.2364628988850442,0.36472126105344094,535890
713,14,MANIPUR,JIRIBAM,-0.06299115724721191,0.17279507881584974,0.19291041906957926,0.21413302575931695,34157.2959040989,0.09424942281125037,-0.16633602460592078,0.3278123798539023,365087
260,14,MANIPUR,UKHRUL,-0.09842368319876986,0.1537870049980796,0.1727950788158506,0.19986159169548892,166009.3888859352,0.06435300751321285,-0.2364628988850442,0.33685505574778934,2585246
257,14,MANIPUR,SENAPATI,-0.13016532103037343,0.1358861976163271,0.1600000000000076,0.18608227604768676,95035.05159444764,0.043967138579558696,-0.2679584775086506,0.33685505574778934,2166467
258,14,MANIPUR,TAMENGLONG,-0.13016532103036907,0.14173010380622603,0.16633602460592503,0.1998615916954918,155059.80193269794,0.041721075573428655,-0.2679584775086506,0.3553094963475586,3724282
259,14,MANIPUR,THOUBAL,-0.13016532103037007,0.1358861976162992,0.17279507881584427,0.2069357939254146,11688.066978039202,0.02421419877044039,-0.21413302575932336,0.34602076124567477,485328
717,14,MANIPUR,KAMJONG,-0.08421376393694911,0.1793771626297971,0.19986159169548573,0.22889657823914147,239667.8635191528,0.08181177635569009,-0.2288965782391388,0.37425605536332185,2934321
714,14,MANIPUR,NONEI,-0.10340638216070605,0.16000000000000153,0.18608227604768576,0.21413302575932483,94396.33399543242,0.0651961294443999,-0.2288965782391388,0.3553094963475586,1452211
715,14,MANIPUR,PHERZAWL,-0.08882737408688965,0.17279507881585077,0.19986159169548665,0.22145328719722268,197579.7103360247,0.07520133604484323,-0.21413302575932336,0.3553094963475586,2632958
716,14,MANIPUR,TENGNOUPAL,-0.04158400615148097,0.19986159169548373,0.22145328719721924,0.24415224913494096,166297.39698123204,0.11030191401693078,-0.22145328719723184,0.36472126105344094,1511379
712,14,MANIPUR,KANGPOKPI,-0.09356401384082826,0.17279507881584943,0.1998615916954902,0.2288965782391425,157587.03219370285,0.07388982917426287,-0.28444444444444444,0.36472126105344094,2143163
711,14,MANIPUR,KAKCHING,-0.11909265667051368,0.1663360246059247,0.19291041906958256,0.22145328719722876,19223.59278599992,0.04899334803485382,-0.2288965782391388,0.34602076124567477,394750
273,17,MEGHALAYA,EAST GARO HILLS,0.009677377008750224,0.17937716262981176,0.19291041906955744,0.21413302575933021,238936.54648401838,0.12208643943796284,-0.17937716262975778,0.3278123798539023,1961933
274,17,MEGHALAYA,EAST KHASI HILLS,-0.10340638216070432,0.16633602460590627,0.19291041906958575,0.2141330257593296,283778.2822278655,0.08078198612092524,-0.24415224913494812,0.33685505574778934,3519450
657,17,MEGHALAYA,EAST JAINTIA HILLS,-0.05911572472126239,0.1599999999999651,0.17937716262979966,0.1998615916954874,225038.71872767253,0.09057064834264894,-0.24415224913494812,0.33685505574778934,2489782
277,17,MEGHALAYA,SOUTH GARO HILLS,-0.009638270024956609,0.1793771626298096,0.19986159169548615,0.21413302575933008,279899.6267937167,0.1235233067179178,-0.186082276047674,0.3553094963475586,2271292
278,17,MEGHALAYA,WEST GARO HILLS,0.019930795847751065,0.19986159169548517,0.21413302575927337,0.2288965782391319,483127.02327768074,0.14676906785372,-0.16633602460592078,0.3278123798539023,3298747
279,17,MEGHALAYA,WEST KHASI HILLS,-0.029773164167628246,0.1599999999999972,0.17937716262978293,0.19986159169549048,462808.2707534621,0.09539904224459698,-0.21413302575932336,0.33685505574778934,4859806
276,17,MEGHALAYA,RI-BHOI,-0.012970128081944173,0.17937716262981027,0.19291041906958228,0.2141330257593316,309574.84090884327,0.10528601886316417,-0.2069357939254133,0.33685505574778934,2948155
658,17,MEGHALAYA,SOUTH WEST KHASI HILLS,-0.08421376393694713,0.1663360246059172,0.1860822760476892,0.20693579392541323,147300.0352116446,0.09136815960101931,-0.24415224913494812,0.36472126105344094,1617098
663,17,MEGHALAYA,SOUTH WEST GARO HILLS,0.017777777777777743,0.19986159169548384,0.21413302575933296,0.23646289888505506,151784.99932383565,0.1467321789212304,-0.09356401384083046,0.33685505574778934,1037207
656,17,MEGHALAYA,NORTH GARO HILLS,0.029773164167628274,0.1929104190695803,0.20693579392538686,0.22145328719724,214690.7999886966,0.13875099681756775,-0.1085121107266436,0.3188927335640138,1552862
275,17,MEGHALAYA,WEST JAINTIA HILLS,-0.02585966801383122,0.15378700499807763,0.1727950788158496,0.1929104190695774,212811.2687893705,0.09572093617119254,-0.19986159169550174,0.3278123798539023,2229213
262,15,MIZORAM,CHAMPHAI,-0.07535563244905953,0.18608227604770894,0.20693579392538983,0.2364628988850569,361398.7463262192,0.08727696646784704,-0.2288965782391388,0.37425605536332185,4148573
267,15,MIZORAM,SAIHA,-0.08421376393694952,0.1860822760477017,0.2141330257593313,0.23646289888505442,160565.52988556764,0.08696045153689591,-0.2069357939254133,0.3839138792772011,1851831
264,15,MIZORAM,LAWNGTLAI,-0.05173394848135466,0.20693579392538336,0.22889657823912996,0.25196462898884503,352272.578951336,0.12020900781360648,-0.21413302575932336,0.3553094963475586,2939881
268,15,MIZORAM,SERCHHIP,-0.08421376393694688,0.1793771626297831,0.19986159169548715,0.22889657823914009,139702.3931733991,0.07952465161521183,-0.21413302575932336,0.3553094963475586,1762727
263,15,MIZORAM,KOLASIB,-0.07535563244905936,0.17279507881585082,0.19986159169548798,0.2214532871972325,164488.7979558804,0.09019854124322456,-0.2069357939254133,0.34602076124567477,1828823
266,15,MIZORAM,MAMIT,-0.07535563244905959,0.18608227604771174,0.20693579392538844,0.22889657823915055,381458.2745919102,0.1019761572089408,-0.2288965782391388,0.3553094963475586,3748513
265,15,MIZORAM,LUNGLEI,-0.07535563244905928,0.186082276047699,0.20693579392538675,0.22889657823913864,520128.7737400969,0.09455950902225872,-0.21413302575932336,0.3553094963475586,5509505
261,15,MIZORAM,AIZAWL,-0.09356401384082799,0.1860822760477079,0.20693579392538977,0.23646289888505706,312100.4700686975,0.0802684817415648,-0.2288965782391388,0.3553094963475586,3898664
613,13,NAGALAND,PAREN,-0.10851211072664403,0.15999999999997772,0.17937716262977985,0.19986159169548998,174408.86633916298,0.07720673329467613,-0.2679584775086506,0.3278123798539023,2264628
248,13,NAGALAND,PHEK,-0.1476970396001485,0.141730103806213,0.166336024605925,0.19291041906957399,90717.4918928798,0.03914643936301164,-0.2599000384467512,0.3278123798539023,2323275
250,13,NAGALAND,WOKHA,-0.059115724721262905,0.16633602460592403,0.19291041906958548,0.22145328719723725,165351.34687618964,0.08272226683599045,-0.2364628988850442,0.3553094963475586,2003896
244,13,NAGALAND,DIMAPUR,-0.03685630125705671,0.16633602460592503,0.18608227604768204,0.2141330257593226,92803.168011294,0.09820608190070271,-0.2679584775086506,0.34602076124567477,949846
245,13,NAGALAND,KOHIMA,-0.1085121107266466,0.14173010380624426,0.16633602460592498,0.1998615916954936,91489.68183467604,0.05618084740955603,-0.24415224913494812,0.33685505574778934,1632851
614,13,NAGALAND,KIPHIRE,-0.14173010380623144,0.15378700499808037,0.1793771626297798,0.19986159169549064,65839.84872186245,0.047008747219453736,-0.2679584775086506,0.3188927335640138,1404480
251,13,NAGALAND,ZUNHEBOTO,-0.12456747404844233,0.14769703960017042,0.17279507881584982,0.1929104190695742,91092.27075023006,0.04659454572696301,-0.24415224913494812,0.3188927335640138,1960862
246,13,NAGALAND,MOKOKCHUNG,-0.0797231833910038,0.1476970396001667,0.1727950788158489,0.1998615916954925,131156.7216591747,0.06559985404294236,-0.2364628988850442,0.33685505574778934,2005010
247,13,NAGALAND,MON,-0.10851211072664128,0.14769703960017047,0.17279507881584977,0.1998615916954909,160115.13187420758,0.05890723122859302,-0.2519646289888504,0.34602076124567477,2724066
249,13,NAGALAND,TUENSANG,-0.13588619761629794,0.1417301038062212,0.16633602460592503,0.19291041906958098,91263.95540752923,0.03442154701239921,-0.2679584775086506,0.3014225297962323,2656787
615,13,NAGALAND,LONGLENG,-0.12456747404844139,0.13588619761629497,0.15999999999999998,0.18608227604767114,30330.359085657314,0.04150784214414846,-0.2519646289888504,0.3278123798539023,734358
344,21,ODISHA,ANUGUL,0.02591553491072308,0.1793771626298303,0.19291041906958148,0.2069357939253921,994091.4640075328,0.13041356863295717,-0.1929104190695886,0.3839138792772011,7634552
345,21,ODISHA,BOLANGIR (BALANGIR),0.05536332179930852,0.18608227604762273,0.19986159169548268,0.2141330257593158,1123610.6135137498,0.14382762765257354,-0.14173010380622836,0.3839138792772011,7823364
346,21,ODISHA,BALASORE (BALESHWAR),0.025932684585311658,0.19291041906954712,0.20693579392537953,0.22145328719721666,573229.9263526564,0.12850699203216348,-0.14769703960015382,0.39369473279507883,4471001
347,21,ODISHA,BARAGARH,0.05173394848135252,0.18608227604761854,0.1998615916954834,0.2141330257593173,992853.9962521556,0.14199183162234094,-0.16633602460592078,0.36472126105344094,7004326
348,21,ODISHA,BHADRAK,0.0045034443086282485,0.17937716262980546,0.1998615916954848,0.21413302575930707,311171.46608873206,0.10388522354478368,-0.13016532103037293,0.31009611687812383,3001803
350,21,ODISHA,CUTTACK,-0.009633370701624426,0.1998615916954837,0.21413302575928375,0.22889657823912693,564316.6653640084,0.12281162006312177,-0.16000000000000003,0.34602076124567477,4607070
351,21,ODISHA,DEOGARH,0.032541330257594106,0.18608227604762548,0.192910419069541,0.20693579392538786,469771.3797268599,0.13247259267678313,-0.07972318339100345,0.36472126105344094,3554240
352,21,ODISHA,DHENKANAL,0.025945337633127435,0.1860822760476319,0.19986159169548381,0.21413302575931842,711479.2915477789,0.13354734999803303,-0.17937716262975778,0.39369473279507883,5335603
353,21,ODISHA,GAJAPATI,0.03704632382387938,0.21413302575924817,0.2288965782391142,0.2519646289888447,741470.1262908123,0.15169636764452643,-0.17279507881584008,0.37425605536332185,4897594
354,21,ODISHA,GANJAM,0.02597331387037937,0.19291041906954123,0.20693579392538006,0.2288965782391378,1309397.7925876873,0.1315708259617789,-0.2069357939254133,0.3839138792772011,9965454
355,21,ODISHA,JAGATSINGHPUR,-0.006790078441130335,0.19291041906958206,0.20693579392538408,0.22145328719723167,220261.06326985607,0.10676802955587399,-0.14173010380622836,0.3278123798539023,2068255
356,21,ODISHA,JAJAPUR,0.005838901751672879,0.19291041906955436,0.2069357939253834,0.22889657823913265,420663.17385650804,0.12148394253365827,-0.17279507881584008,0.34602076124567477,3471072
357,21,ODISHA,JHARSUGUDA,0.021193528111588093,0.17279507881579892,0.186082276047682,0.19986159169548692,294242.17603046144,0.11807864172093253,-0.22145328719723184,0.37425605536332185,2499034
358,21,ODISHA,KALAHANDI,0.03254133025759319,0.18608227604764752,0.19986159169548331,0.22145328719722632,1260987.9358984896,0.13442990238389535,-0.186082276047674,0.3839138792772011,9392589
359,21,ODISHA,KANDHAMAL,0.02114341537289024,0.19291041906953002,0.20693579392538178,0.22145328719721466,1305186.9971171455,0.13681646627888838,-0.19986159169550174,0.3553094963475586,9552404
360,21,ODISHA,KENDRAPARHA,0.002657605694265784,0.1860822760477112,0.20693579392538533,0.22145328719722393,317467.72003717907,0.10511919893733257,-0.14173010380622836,0.33685505574778934,3027614
361,21,ODISHA,KEONJHAR (KENDUJHAR),0.029773164167627663,0.18608227604761843,0.1929104190695451,0.20693579392538355,1298403.622074397,0.13026870563501672,-0.17937716262975778,0.36472126105344094,9980176
362,21,ODISHA,KHORDHA,0.009681585561994185,0.19986159169548348,0.21413302575928786,0.22889657823913315,444445.4974055029,0.12976961409777232,-0.17279507881584008,0.3553094963475586,3436743
363,21,ODISHA,KORAPUT,0.021146525933549185,0.1998615916954829,0.21413302575927015,0.23646289888506003,1354651.0487533237,0.1368238451225422,-0.1929104190695886,0.40359861591695495,9916232
364,21,ODISHA,MALKANGIRI,0.025923428713139417,0.19986159169548443,0.2141330257592586,0.2288965782391308,983075.7681922496,0.14453972634936402,-0.17937716262975778,0.3553094963475586,6811277
365,21,ODISHA,MAYURBHANJ,0.03254133025759236,0.18608227604762126,0.19986159169549192,0.214133025759287,1630779.0184882132,0.13016945979650418,-0.14173010380622836,0.36472126105344094,12543165
366,21,ODISHA,NABARANGAPUR,0.029773164167627698,0.18608227604764294,0.19986159169548337,0.2214532871972224,816302.5316958914,0.1262416397789608,-0.11909265667051133,0.3553094963475586,6477055
367,21,ODISHA,NAYAGARH,0.012996796172109727,0.17937716262981906,0.19291041906957984,0.21413302575933044,572564.1045705598,0.12344235006524329,-0.15378700499807765,0.36472126105344094,4646759
368,21,ODISHA,NUAPARHA,0.04822760476739549,0.19291041906953113,0.20693579392537895,0.22145328719722635,663351.2718358687,0.14470000789369714,-0.2069357939254133,0.36472126105344094,4592599
369,21,ODISHA,PURI,-0.00447219846894671,0.1860822760476797,0.19986159169548373,0.22145328719722865,426523.95249674364,0.10344410997484035,-0.16633602460592078,0.3278123798539023,4132506
370,21,ODISHA,RAYAGARHA,-0.0017060273594133961,0.19986159169548257,0.2214532871972087,0.24415224913493577,1218599.5332341157,0.14019010436286375,-0.186082276047674,0.40359861591695495,8707900
371,21,ODISHA,SAMBALPUR,0.029773164167629557,0.1793771626298284,0.1929104190695513,0.20693579392538958,1023648.0904098128,0.12829064606884671,-0.22145328719723184,0.3553094963475586,7991881
372,21,ODISHA,SUBARNAPUR,0.021158534032346434,0.17937716262981587,0.1929104190695684,0.20693579392539455,360967.07078816835,0.12781503980327763,-0.16000000000000003,0.34602076124567477,2830803
373,21,ODISHA,SUNDARGARH,0.03706906265877558,0.179377162629827,0.19291041906955456,0.20693579392538636,1545240.0040027255,0.13188981326496937,-0.17937716262975778,0.3839138792772011,11732129
349,21,ODISHA,BAUDH (BAUDA),0.02220684352172241,0.17937716262982428,0.1929104190695723,0.2069357939253935,474097.5194010323,0.12807094138031683,-0.14173010380622836,0.33685505574778934,3710015
598,34,PUDUCHERRY,KARAIKAL,0.032541330257593204,0.22145328719724153,0.2364628988850533,0.2599000384467469,27511.17657829114,0.15199688324360208,-0.16000000000000003,0.40359861591695495,183071
599,34,PUDUCHERRY,MAHE,0.03844675124951942,0.18608227604767286,0.1998615916955017,0.22145328719723176,1413.6857909552994,0.13929731003490503,-0.12456747404844293,0.31009611687812383,10600
600,34,PUDUCHERRY,PUDUCHERRY,0.0017239686529175713,0.2288965782391547,0.2519646289888457,0.2679584775086526,51758.11050505559,0.15188169820392383,-0.17279507881584008,0.39369473279507883,347013
601,34,PUDUCHERRY,YANAM,0.02977316416762783,0.21413302575932355,0.22889657823913978,0.2519646289888511,6248.438915107887,0.14163921387175554,-0.15378700499807765,0.33685505574778934,44886
027,03,PUNJAB,AMRITSAR,-0.07111111111111632,0.055363321799303485,0.07972318339101372,0.10340638216071674,-9704.856057892011,-0.002766245725775199,-0.186082276047674,0.2364628988850442,3515937
605,03,PUNJAB,BARNALA,-0.055363321799307946,0.0629911572472113,0.09842368319876864,0.13016532103037295,12011.72763415713,0.006523793389880166,-0.15378700499807765,0.2679584775086506,1846179
028,03,PUNJAB,BATHINDA,-0.041584006151481154,0.08421376393694818,0.11909265667051802,0.1476970396001588,83668.55856938625,0.019205946002657782,-0.14173010380622836,0.2761399461745483,4365070
029,03,PUNJAB,FARIDKOT,-0.051733948481351176,0.07535563244905663,0.11374086889657495,0.14173010380623616,15472.680555140441,0.008177184020831046,-0.14769703960015382,0.2519646289888504,1896994
030,03,PUNJAB,FATEHGARH SAHIB,-0.0842137639369464,0.051733948481349365,0.07535563244905241,0.09842368319876568,-1694.792297984548,-0.001136260616099967,-0.17937716262975778,0.22145328719723184,1496589
651,03,PUNJAB,FAZILKA,-0.035432525951557464,0.10340638216072838,0.13016532103035794,0.1537870049980839,131367.38719653944,0.03538329127573549,-0.11909265667051133,0.28444444444444444,3719961
031,03,PUNJAB,FIROZPUR,-0.05173394848135113,0.0629911572472112,0.09842368319876887,0.12456747404844487,27191.157093539117,0.008824854760894998,-0.24415224913494812,0.2519646289888504,3088898
032,03,PUNJAB,GURDASPUR,-0.06299115724721117,0.035432525951559705,0.05911572472126448,0.07972318339100587,-38062.93623540964,-0.011136084843494579,-0.17937716262975778,0.21413302575932336,3424574
033,03,PUNJAB,HOSHIARPUR,-0.06698961937716504,0.06698961937717118,0.08882737408688267,0.10851211072664585,32205.124085546988,0.0072740045048556275,-0.19986159169550174,0.3188927335640138,4436125
034,03,PUNJAB,JALANDHAR,-0.11909265667052005,0.03844675124952132,0.06299115724721124,0.08421376393694598,-96502.80467985467,-0.028055840294441158,-0.2069357939254133,0.21413302575932336,3448570
035,03,PUNJAB,KAPURTHALA,-0.1190926566705142,0.024605920799692635,0.051733948481353875,0.07972318339100525,-72228.32031246454,-0.03391611100196388,-0.2288965782391388,0.1929104190695886,2138434
036,03,PUNJAB,LUDHIANA,-0.09842368319876996,0.07111111111111816,0.093564013840835,0.1137408688965773,-26099.0528560912,-0.005449934098364082,-0.1929104190695886,0.2364628988850442,4796983
037,03,PUNJAB,MANSA,-0.029773164167628232,0.07535563244905175,0.1085121107266452,0.1417301038062355,63743.3747428338,0.02282038961373358,-0.12456747404844293,0.29287197231833906,2800307
038,03,PUNJAB,MOGA,-0.071111111111114,0.059115724721264286,0.09842368319876828,0.13016532103037123,5248.093707313552,0.0017978603623884835,-0.16000000000000003,0.2519646289888504,2925171
039,03,PUNJAB,SRI MUKTSAR SAHIB,-0.04158400615148122,0.07111111111111666,0.10851211072664119,0.1417301038062347,55578.49319057698,0.01629928966975002,-0.1085121107266436,0.28444444444444444,3417177
040,03,PUNJAB,SHAHID BHAGAT SINGH NAGAR,-0.06299115724721127,0.07972318339101477,0.09842368319877505,0.12456747404843836,16266.031012762975,0.009884764988784964,-0.16633602460592078,0.3188927335640138,1650822
662,03,PUNJAB,PATHANKOT,-0.07535563244905943,0.05911572472126503,0.07972318339100717,0.1034063821607059,5171.508595637921,0.004130095648668851,-0.28444444444444444,0.2679584775086506,1257220
041,03,PUNJAB,PATIALA,-0.05911572472126398,0.0629911572472112,0.08882737408688773,0.11909265667051197,27865.71305675389,0.006509398089192539,-0.17279507881584008,0.2679584775086506,4293984
042,03,PUNJAB,RUPNAGAR,-0.041584006151481105,0.07972318339101368,0.09842368319876796,0.12456747404843885,47704.77238423122,0.026664374882791764,-0.17937716262975778,0.29287197231833906,1795740
043,03,PUNJAB,SANGRUR,-0.05911572472126493,0.044844290657438154,0.07972318339100726,0.10851211072664124,-28824.879267490305,-0.006194072337678688,-0.15378700499807765,0.2519646289888504,4664151
608,03,PUNJAB,SAS NAGAR (SAHIBZADA AJIT SINGH NAGAR),-0.0448442906574383,0.09356401384082272,0.10851211072664246,0.13016532103037168,43157.393387706485,0.030463050961314853,-0.186082276047674,0.2761399461745483,1423227
609,03,PUNJAB,TARN TARAN,-0.07111111111111684,0.04158400615148127,0.0711111111111146,0.10340638216070427,-10144.61517696765,-0.0032187542748998176,-0.17937716262975778,0.2288965782391388,3158113
086,08,RAJASTHAN,AJMER,-0.006810240268380943,0.14173010380624632,0.16000000000000233,0.17937716262976497,945285.1111850397,0.0896771432045917,-0.13016532103037293,0.36472126105344094,10557272
087,08,RAJASTHAN,ALWAR,-0.0517339484813486,0.1537870049980105,0.17279507881583347,0.1929104190695907,671598.3095589719,0.06366691007066128,-0.16000000000000003,0.37425605536332185,10566667
088,08,RAJASTHAN,BANSWARA,0.05173394848134976,0.19291041906953266,0.20693579392538072,0.22145328719721746,771888.8298527235,0.14063294407498322,-0.16000000000000003,0.36472126105344094,5496965
089,08,RAJASTHAN,BARAN,-0.009622485902176466,0.16633602460588276,0.17937716262980108,0.19986159169548734,769172.8528641473,0.08931740638487345,-0.14769703960015382,0.3553094963475586,8624299
090,08,RAJASTHAN,BARMER,-0.00572849501898349,0.13588619761630483,0.15378700499804668,0.17279507881585005,3142045.8243521987,0.08935790175436917,-0.2599000384467512,0.39369473279507883,35184293
091,08,RAJASTHAN,BHARATPUR,-0.06299115724721116,0.13016532103034978,0.15378700499807577,0.17937716262976108,185698.50507441963,0.029245976517078876,-0.12456747404844293,0.39369473279507883,6364210
092,08,RAJASTHAN,BHILWARA,0.02115084900103071,0.15999999999996825,0.17279507881580142,0.192910419069569,1395283.3500781686,0.10763778568481724,-0.14173010380622836,0.36472126105344094,12977374
093,08,RAJASTHAN,BIKANER,-0.055363321799306274,0.11374086889657059,0.13016532103034043,0.1476970396001682,2009217.6524830342,0.0524943989208077,-0.16000000000000003,0.3014225297962323,38299184
094,08,RAJASTHAN,BUNDI,-0.008858131487889708,0.17279507881581158,0.18608227604769606,0.20693579392538944,752866.3032551245,0.10542950083940013,-0.14173010380622836,0.3553094963475586,7150747
095,08,RAJASTHAN,CHITTAURGARH,0.001741002715886445,0.17279507881580194,0.1860822760476599,0.20693579392538705,999813.7395965186,0.10405000630565102,-0.11909265667051133,0.3839138792772011,9628634
096,08,RAJASTHAN,CHURU,-0.06299115724721749,0.10340638216073847,0.11909265667052762,0.14173010380623027,854675.3497331558,0.04869929038073224,-0.15378700499807765,0.3188927335640138,17570047
097,08,RAJASTHAN,DAUSA,-0.02583042746115054,0.15378700499801992,0.17279507881585088,0.1860822760476995,375577.52682116727,0.08790960499476723,-0.14173010380622836,0.36472126105344094,4282491
098,08,RAJASTHAN,DHAULPUR,-0.0415840061514812,0.1537870049980274,0.1727950788158421,0.18608227604769947,259907.22292653876,0.06860652365968263,-0.11909265667051133,0.33685505574778934,3796325
099,08,RAJASTHAN,DUNGARPUR,0.0629911572472113,0.17937716262982908,0.19291041906955755,0.20693579392539063,637517.092639121,0.13868809957958733,-0.11909265667051133,0.33685505574778934,4604348
101,08,RAJASTHAN,HANUMANGARH,-0.07111111111111618,0.08421376393695998,0.10851211072664693,0.14769703960015543,242534.25883744084,0.019542433516417546,-0.16000000000000003,0.29287197231833906,12428490
102,08,RAJASTHAN,JAIPUR,-0.021054793631838528,0.16633602460581362,0.1793771626298212,0.19986159169548515,1382525.4562046402,0.09916113028086927,-0.2288965782391388,0.37425605536332185,13958482
103,08,RAJASTHAN,JAISALMER,-0.0591157247212606,0.14173010380622336,0.15378700499798623,0.1727950788157919,3409460.8641598653,0.0707782349973059,-0.186082276047674,0.34602076124567477,48195167
104,08,RAJASTHAN,JALOR,-0.02104883407191557,0.14769703960014963,0.15999999999999023,0.18608227604769562,1089616.7729354957,0.08308180407873439,-0.2288965782391388,0.41362552864282975,13130168
105,08,RAJASTHAN,JHALAWAR,0.002653036426560344,0.17937716262981293,0.1929104190695803,0.21413302575930013,832867.8991262546,0.10718657287349215,-0.15378700499807765,0.33685505574778934,7785147
106,08,RAJASTHAN,JHUNJHUNUN,-0.029773164167628857,0.14173010380625062,0.15999999999999895,0.18608227604769192,541379.7270660328,0.07228349524159342,-0.16633602460592078,0.3839138792772011,7500078
107,08,RAJASTHAN,JODHPUR,-0.02583550562801304,0.12456747404847779,0.13588619761632176,0.15999999999998454,2007118.767905817,0.07083799831831843,-0.16633602460592078,0.37425605536332185,28354930
108,08,RAJASTHAN,KARAULI,-0.02977316416762774,0.1793771626297912,0.19291041906955236,0.2141330257593056,625078.2423132772,0.09993123991951154,-0.16633602460592078,0.37425605536332185,6265890
100,08,RAJASTHAN,GANGANAGAR,-0.08421376393695623,0.08421376393695852,0.11374086889658346,0.1476970396001562,165628.02451512392,0.011839829989880065,-0.17937716262975778,0.29287197231833906,14004924
109,08,RAJASTHAN,KOTA,-0.004476827708063187,0.17937716262978026,0.19291041906953948,0.20693579392538433,627560.7499067582,0.10004999788426483,-0.14769703960015382,0.34602076124567477,6284796
110,08,RAJASTHAN,NAGAUR,-0.009638657940709412,0.11909265667053645,0.13588619761633386,0.15378700499808676,1682743.457231787,0.07542663596325322,-0.1929104190695886,0.34602076124567477,22328531
111,08,RAJASTHAN,PALI,-0.029773164167628617,0.14173010380623832,0.16000000000000789,0.18608227604768987,1257232.67317368,0.08196774923963787,-0.13016532103037293,0.40359861591695495,15355856
629,08,RAJASTHAN,PRATAPGARH,0.001748045601470251,0.17279507881573677,0.1860822760476648,0.206935793925387,601275.5801685224,0.11083613769802493,-0.14173010380622836,0.37425605536332185,5433909
112,08,RAJASTHAN,RAJ SAMAND,0.016829765769666098,0.15999999999997996,0.1727950788158506,0.19986159169549145,633424.9991693954,0.11093391664631938,-0.186082276047674,0.37425605536332185,5723908
113,08,RAJASTHAN,SAWAI MADHOPUR,-0.03683800632237782,0.15999999999996328,0.17937716262980433,0.19291041906960588,461553.4687891586,0.07384716952911019,-0.14769703960015382,0.3839138792772011,6261504
114,08,RAJASTHAN,SIKAR,-0.0016823151859637236,0.14769703960014638,0.1663360246058977,0.18608227604769834,902367.9302269402,0.09271270216786787,-0.15378700499807765,0.39369473279507883,9747199
115,08,RAJASTHAN,SIROHI,-0.012948846917113057,0.17279507881584863,0.19986159169548573,0.22889657823914072,660756.8984100776,0.10467715003916027,-0.14769703960015382,0.41362552864282975,6321547
116,08,RAJASTHAN,TONK,-0.04484429065744066,0.1301653210303549,0.15378700499808223,0.1727950788158496,424855.22735932696,0.047494845244717754,-0.15378700499807765,0.36472126105344094,8958642
117,08,RAJASTHAN,UDAIPUR,0.021141220835797593,0.1727950788157919,0.19291041906957165,0.21413302575931084,1739013.3523440864,0.12113746152320272,-0.1929104190695886,0.40359861591695495,14373207
225,11,SIKKIM,EAST,-0.19291041906957793,0.11909265667052255,0.15378700499808542,0.18608227604768338,5923.213541455908,0.005029834647651841,-0.3014225297962323,0.3188927335640138,1180616
226,11,SIKKIM,NORTH,-0.22145328719721552,0.12456747404845919,0.16000000000001202,0.19291041906958398,-57125.970092891155,-0.010721054925107594,-0.3553094963475586,0.29287197231833906,5335204
227,11,SIKKIM,SOUTH,-0.2069357939254192,0.10851211072664295,0.14173010380623383,0.17279507881584374,-8450.226431521318,-0.009192339813892282,-0.3278123798539023,0.29287197231833906,922577
228,11,SIKKIM,WEST,-0.19986159169548953,0.1137408688965725,0.1417301038062434,0.17279507881584882,-11747.799654492252,-0.007785133491002453,-0.31009611687812383,0.31009611687812383,1512801
610,33,TAMIL NADU,ARIYALUR,-0.005740531847619123,0.2441522491351318,0.2599000384468859,0.2761399461744877,348602.74125769536,0.15809414169109307,-0.19986159169550174,0.41362552864282975,2209715
730,33,TAMIL NADU,CHENGALPATTU,0.037051219946926825,0.244152249135004,0.2599000384467423,0.2761399461745404,539525.6206659894,0.1729906818474346,-0.22145328719723184,0.4444444444444444,3125557
568,33,TAMIL NADU,CHENNAI,-0.025889384364460442,0.20693579392540157,0.22889657823914258,0.2519646289888458,48390.56912588265,0.12624294556901894,-0.22145328719723184,0.36472126105344094,385506
569,33,TAMIL NADU,COIMBATORE,-0.04158400615148082,0.1929104190695348,0.21413302575928495,0.22889657823912965,693497.5587210921,0.1290559859947679,-0.2679584775086506,0.40359861591695495,5383851
570,33,TAMIL NADU,CUDDALORE,-0.012960715194069643,0.23646289888507452,0.25196462898895045,0.27613994617454757,598252.9587114863,0.1416391684930445,-0.22145328719723184,0.41362552864282975,4233341
571,33,TAMIL NADU,DHARMAPURI,0.037017783312893064,0.21413302575925308,0.22889657823911072,0.24415224913493216,817071.2957976436,0.15893931368273648,-0.186082276047674,0.41362552864282975,5150772
572,33,TAMIL NADU,DINDIGUL,-0.0753556324490529,0.21413302575923918,0.22889657823910856,0.2519646289888732,885219.5112918977,0.12867305269875332,-0.28444444444444444,0.4340484429065744,6891183
573,33,TAMIL NADU,ERODE,0.009673977805619502,0.20693579392537834,0.22145328719724747,0.24415224913492994,832001.1614000676,0.1427273800330178,-0.21413302575932336,0.39369473279507883,5843263
574,33,TAMIL NADU,KANCHIPURAM,0.025974494626131328,0.2288965782391122,0.24415224913492778,0.259900038446772,310363.91931201925,0.15499427071148814,-0.21413302575932336,0.40359861591695495,2010389
729,33,TAMIL NADU,KALLAKKURICHI,0.025958691040734467,0.2069357939253791,0.22145328719720417,0.24415224913493538,559408.3899492773,0.13868100115040463,-0.17937716262975778,0.42377547097270285,4041352
575,33,TAMIL NADU,KANYAKUMARI,-0.012965786312890701,0.22889657823910398,0.2519646289888447,0.2761399461745227,294828.81262203987,0.1553771771017765,-0.24415224913494812,0.46560553633217994,1902020
576,33,TAMIL NADU,KARUR,0.05536332179930703,0.22145328719726887,0.23646289888501065,0.25196462898884464,553435.6353604421,0.16743557634292786,-0.16633602460592078,0.3839138792772011,3313874
578,33,TAMIL NADU,MADURAI,-0.03694259040265263,0.2288965782391065,0.24415224913493164,0.26795847750866825,612182.8910363329,0.14549768066683377,-0.22145328719723184,0.4444444444444444,4217505
587,33,TAMIL NADU,NILGIRIS,-0.08882737408688793,0.15999999999999592,0.1860822760476987,0.22145328719723534,196171.09557091113,0.07074592032289789,-0.2679584775086506,0.3839138792772011,2779224
579,33,TAMIL NADU,NAGAPATTINAM,-0.048227604767396196,0.21413302575930973,0.22889657823913148,0.2519646289888449,366415.1427750925,0.12544792226469687,-0.186082276047674,0.47637062668204533,2930267
580,33,TAMIL NADU,NAMAKKAL,0.04158400615148079,0.22889657823910342,0.24415224913494968,0.2599000384467657,650193.0027459639,0.1668105300607251,-0.17279507881584008,0.41362552864282975,3905479
581,33,TAMIL NADU,PERAMBALUR,-0.03689678874963951,0.19986159169548426,0.22145328719721682,0.2441522491349394,227250.55692100714,0.11351896083092725,-0.186082276047674,0.41362552864282975,2007167
582,33,TAMIL NADU,PUDUKKOTTAI,0.055363321799310285,0.23646289888506294,0.2519646289888769,0.26795847750867174,920630.5660290982,0.17409952700058076,-0.16633602460592078,0.41362552864282975,5299699
583,33,TAMIL NADU,RAMANATHAPURAM,-0.0016903064863963877,0.20693579392538475,0.22889657823912982,0.251964628988845,564730.2098899377,0.12128850334396504,-0.15378700499807765,0.42377547097270285,4668989
731,33,TAMIL NADU,RANIPPETTAI,0.03254133025759298,0.20693579392538014,0.2214532871972094,0.24415224913493744,305618.34824583743,0.14403897903958449,-0.17937716262975778,0.40359861591695495,2128423
584,33,TAMIL NADU,SALEM,0.0017401846558339656,0.22145328719729301,0.23646289888500494,0.2519646289888446,1062212.893324322,0.15495590167509182,-0.2288965782391388,0.41362552864282975,6871944
585,33,TAMIL NADU,SIVAGANGA,0.051733948481352814,0.23646289888508354,0.2519646289889053,0.2679584775086877,817003.9483338256,0.16969552581092814,-0.14769703960015382,0.4444444444444444,4827074
588,33,TAMIL NADU,TENI,-0.09356401384083009,0.19986159169548431,0.22145328719721907,0.25990003844675624,366260.1280484092,0.11255817163298602,-0.2761399461745483,0.42377547097270285,3260399
733,33,TAMIL NADU,TENKASI,-0.07535563244905931,0.19291041906956072,0.2141330257592952,0.23646289888505687,321386.29634600104,0.10101358459749898,-0.2679584775086506,0.39369473279507883,3188221
586,33,TAMIL NADU,THANJAVUR,-0.016761180262186218,0.22145328719725893,0.23646289888505792,0.25990003844675014,533893.6599328681,0.13698285419982908,-0.19986159169550174,0.42377547097270285,3908681
590,33,TAMIL NADU,THIRUVARUR,-0.03689429953493978,0.20693579392538128,0.22889657823912693,0.2441522491349357,292610.5435394676,0.11358023839690425,-0.16000000000000003,0.40359861591695495,2584269
591,33,TAMIL NADU,TIRUCHIRAPALLI,0.025941776077043784,0.2288965782391014,0.24415224913492378,0.2599000384467773,814643.48737421,0.15920659231809506,-0.19986159169550174,0.42377547097270285,5131417
592,33,TAMIL NADU,TIRUNELVELI,-0.051733948481354305,0.19291041906955952,0.21413302575928547,0.24415224913493494,472103.66509072116,0.1075306714158996,-0.3014225297962323,0.41362552864282975,4398780
634,33,TAMIL NADU,TIRUPPUR,0.021127414145387307,0.2141330257592215,0.2288965782391072,0.2441522491349301,900762.9859424883,0.15226851960006305,-0.2761399461745483,0.4340484429065744,5928070
732,33,TAMIL NADU,TIRUPPATTUR,0.04822760476739634,0.22145328719725,0.23646289888501343,0.2519646289888447,393903.5182008056,0.16252690821989021,-0.17279507881584008,0.41362552864282975,2429659
589,33,TAMIL NADU,TIRUVALLUR,0.0017309995461334622,0.22889657823910578,0.24415224913496794,0.2679584775086693,550337.9215623094,0.14838927714005715,-0.19986159169550174,0.4340484429065744,3721243
593,33,TAMIL NADU,TIRUVANNAMALAI,0.041584006151481036,0.21413302575921417,0.22889657823910256,0.2519646289888446,1077395.8037775224,0.15232614023362978,-0.17937716262975778,0.42377547097270285,7086228
594,33,TAMIL NADU,TUTICORIN,-0.07535563244905152,0.18608227604762878,0.20693579392538514,0.2364628988850046,396746.4503768509,0.07396342877613955,-0.22145328719723184,0.41362552864282975,5373009
595,33,TAMIL NADU,VELLORE,0.059115724721262676,0.22145328719730564,0.23646289888497787,0.2519646289888447,393718.9822654623,0.1628704067074024,-0.17279507881584008,0.42377547097270285,2425418
596,33,TAMIL NADU,VILLUPURAM,0.01682917977376312,0.22145328719727522,0.24415224913494052,0.25990003844676746,628485.0846958442,0.15013743961529466,-0.1929104190695886,0.42377547097270285,4197052
597,33,TAMIL NADU,VIRUDHUNAGAR,-0.05173394848135444,0.19291041906955975,0.21413302575929696,0.2441522491349354,521786.96940784005,0.10856691844552231,-0.2519646289888504,0.41362552864282975,4816093
577,33,TAMIL NADU,KRISHNAGIRI,0.037042812659042815,0.21413302575926935,0.22889657823910617,0.2441522491349474,904472.9871727823,0.15384756153990004,-0.2069357939254133,0.40359861591695495,5891097
501,36,TELANGANA,ADILABAD,-0.016754232467283678,0.17937716262982675,0.1929104190695638,0.2069357939253874,521032.21308110404,0.11001818727026066,-0.16000000000000003,0.34602076124567477,4743469
507,36,TELANGANA,HYDERABAD,0.01300418889423403,0.19986159169548556,0.22145328719724128,0.23646289888505215,30128.843558011577,0.1344299282689676,-0.16000000000000003,0.3553094963475586,225991
508,36,TELANGANA,KARIMNAGAR,0.05536332179930743,0.20693579392537773,0.22145328719721485,0.24415224913493475,376729.1153164213,0.15971271799077852,-0.13588619761630144,0.3839138792772011,2364683
690,36,TELANGANA,BHADRADRI KOTHAGUDEM,0.005833196182458355,0.19986159169548254,0.2141330257592594,0.22889657823912535,1069749.7493138926,0.13206742577695407,-0.1929104190695886,0.37425605536332185,8112200
512,36,TELANGANA,MAHABUBNAGAR,0.041584006151480966,0.19291041906953824,0.2069357939253833,0.22145328719721927,456638.20248723164,0.13966576939669034,-0.186082276047674,0.3839138792772011,3277821
692,36,TELANGANA,SIDDIPET,0.04822760476739555,0.21413302575923607,0.22145328719724103,0.23646289888503585,692012.555238334,0.1589264227195758,-0.14173010380622836,0.36472126105344094,4362172
514,36,TELANGANA,NALGONDA,0.04822760476739538,0.21413302575922852,0.22889657823910578,0.24415224913498523,1285166.4032340453,0.15279851401240493,-0.16000000000000003,0.42377547097270285,8420108
516,36,TELANGANA,NIZAMABAD,0.016808739728452537,0.20693579392537587,0.22145328719722568,0.23646289888502592,728067.8212962014,0.1465877907404802,-0.1929104190695886,0.36472126105344094,4973584
518,36,TELANGANA,RANGAREDDY,0.041584006151480994,0.21413302575924265,0.228896578239095,0.24415224913492384,929055.1491809922,0.1590292070756956,-0.17937716262975778,0.3839138792772011,5852435
720,36,TELANGANA,MULUGU,-0.025869516967529354,0.20693579392537534,0.2214532871972691,0.2364628988850044,728388.8569024432,0.1443122302015687,-0.186082276047674,0.39369473279507883,5054976
695,36,TELANGANA,JOGULAMBA GADWAL,-0.035432525951557776,0.16633602460585212,0.18608227604770167,0.20693579392539727,278715.20778741967,0.09317727357368029,-0.15378700499807765,0.33685505574778934,2996596
699,36,TELANGANA,KUMURAM BHEEM,0.021154924535292552,0.1998615916954826,0.2141330257592479,0.22889657823911622,709737.5898251494,0.13214531203536317,-0.15378700499807765,0.36472126105344094,5379788
684,36,TELANGANA,MANCHERIAL,0.027128027681661098,0.21413302575925777,0.2288965782390949,0.2364628988850136,693059.0182808313,0.152147908833181,-0.14173010380622836,0.3553094963475586,4563416
680,36,TELANGANA,NIRMAL,-0.01384083044982778,0.19291041906955372,0.20693579392538136,0.22145328719721818,531286.4242563884,0.12099437019759327,-0.14173010380622836,0.3553094963475586,4400168
685,36,TELANGANA,KAMAREDDY,0.013840830449827424,0.21413302575923857,0.22145328719721916,0.23646289888504066,650705.4939468835,0.14760862406765818,-0.1085121107266436,0.36472126105344094,4417377
691,36,TELANGANA,SANGAREDDY,0.016833512425608294,0.19986159169548282,0.2141330257592714,0.22889657823912796,685767.9683341644,0.13130996381461074,-0.19986159169550174,0.39369473279507883,5234286
694,36,TELANGANA,NAGARKURNOOL,0.013005736358638225,0.2214532871972067,0.24415224913507919,0.25990003844682324,1058909.153997168,0.14664789297602265,-0.14173010380622836,0.4340484429065744,7230954
693,36,TELANGANA,WANAPARTHY,-0.041584006151480904,0.18608227604770167,0.19986159169548517,0.21413302575933119,315510.64835485595,0.12432742002020669,-0.15378700499807765,0.36472126105344094,2543857
721,36,TELANGANA,NARAYANPET,0.0384467512495203,0.1860822760476674,0.1998615916954841,0.21413302575931495,368001.03978287947,0.13108976435465294,-0.11374086889657825,0.3839138792772011,2813898
698,36,TELANGANA,VIKARABAD,0.008858131487889106,0.19291041906953715,0.20693579392538297,0.2214532871972205,535739.6388762761,0.12361928717813817,-0.1085121107266436,0.3553094963475586,4341820
700,36,TELANGANA,MEDCHAL-MALKAJGIRI,0.05173394848135413,0.22145328719728322,0.2364628988850219,0.251964628988845,215530.9884619328,0.1710700336383067,-0.16633602460592078,0.37425605536332185,1263977
697,36,TELANGANA,YADADRI BHUVANAGIRI,0.07111111111111362,0.22145328719729154,0.22889657823909895,0.2441522491349258,634287.743466318,0.16775478406448913,-0.14173010380622836,0.40359861591695495,3788544
696,36,TELANGANA,SURYAPET,0.0058135651118376725,0.1998615916954831,0.21413302575927218,0.2364628988850509,572716.3161009941,0.1363383747229785,-0.17279507881584008,0.40359861591695495,4207558
509,36,TELANGANA,KHAMMAM,-0.01674785598835668,0.19291041906956263,0.21413302575929044,0.22889657823912662,612388.9163441792,0.11192588335705321,-0.17279507881584008,0.37425605536332185,5483474
688,36,TELANGANA,MAHABUBABAD,0.02594033736446859,0.20693579392537828,0.22145328719720264,0.2364628988850503,595396.8252795109,0.14337476586801037,-0.14769703960015382,0.3553094963475586,4159758
689,36,TELANGANA,JANGAON,0.05536332179930738,0.20693579392537728,0.22145328719719898,0.23646289888504773,435638.6965598384,0.15324302316846525,-0.08421376393694734,0.3839138792772011,2848930
686,36,TELANGANA,WARANGAL (URBAN),0.05173394848135385,0.21413302575929624,0.22889657823913206,0.2441522491349419,213393.55589726358,0.15603489660608053,-0.13588619761630144,0.36472126105344094,1371299
522,36,TELANGANA,WARANGAL (RURAL),0.02220684352172242,0.1929104190695756,0.2069357939253846,0.2288965782391469,337293.50761297374,0.12847334049954515,-0.1085121107266436,0.3553094963475586,2631366
687,36,TELANGANA,JAYASHANKAR BHUPALAPALLY,-0.012959834307582511,0.21413302575922102,0.2288965782391064,0.244152249134928,482420.77543730434,0.14248560822222775,-0.14769703960015382,0.3553094963475586,3392864
682,36,TELANGANA,PEDDAPALLI,0.041584006151480966,0.20693579392537761,0.2288965782391239,0.2441522491349387,401021.15866690496,0.15507411601936702,-0.17937716262975778,0.3553094963475586,2590845
681,36,TELANGANA,JAGTIAL,0.06698961937716358,0.21413302575921286,0.22145328719725316,0.23646289888502028,555365.9985063003,0.1631083777209113,-0.15378700499807765,0.3839138792772011,3410637
683,36,TELANGANA,RANJANNA SIRCILLA,0.03844675124952011,0.2069357939253786,0.22145328719720703,0.23646289888505642,340028.4635379091,0.15970247970310758,-0.13588619761630144,0.3553094963475586,2133794
513,36,TELANGANA,MEDAK,0.06299115724721148,0.22145328719729876,0.2364628988850422,0.2519646289888447,553279.7639435591,0.1714585208839734,-0.14769703960015382,0.3839138792772011,3235035
269,16,TRIPURA,DHALAI,0.02111264573651303,0.20693579392537925,0.22145328719720664,0.23646289888505884,418987.70080563286,0.1506572853093632,-0.17937716262975778,0.34602076124567477,2787504
654,16,TRIPURA,GOMATI,0.04484429065743884,0.22145328719719584,0.2364628988850494,0.25196462898884475,323360.6253972391,0.16411636495146661,-0.16000000000000003,0.3553094963475586,1976295
652,16,TRIPURA,KHOWAI,0.04822760476739743,0.2141330257592972,0.22889657823913429,0.24415224913494118,202180.66931219678,0.15744646767767398,-0.11909265667051133,0.34602076124567477,1288086
270,16,TRIPURA,NORTH TRIPURA,0.0026374833559869785,0.19986159169548512,0.21413302575933188,0.23646289888505506,227935.20161687804,0.13855346026845267,-0.13588619761630144,0.3553094963475586,1650811
653,16,TRIPURA,SEPAHIJALA,0.04158400615148073,0.22145328719719673,0.23646289888505614,0.2519646289888448,217006.3483508948,0.16828737451284137,-0.15378700499807765,0.3553094963475586,1294414
271,16,TRIPURA,SOUTH TRIPURA,0.06299115724721153,0.22889657823910145,0.24415224913492636,0.2599000384467731,312119.3364625105,0.17583165669607884,-0.13588619761630144,0.37425605536332185,1781389
655,16,TRIPURA,UNOKOTI,-0.01993079584775082,0.19291041906954312,0.21413302575932255,0.22889657823914422,114110.472499092,0.13530481190794622,-0.16000000000000003,0.3188927335640138,846595
272,16,TRIPURA,WEST TRIPURA,0.04822760476739757,0.21413302575926185,0.22889657823912546,0.2441522491349409,188292.66692786058,0.1635455450913154,-0.10340638216070744,0.3278123798539023,1154860
118,09,UTTAR PRADESH,AGRA,-0.051733948481351245,0.13016532103035675,0.14769703960016678,0.16633602460592475,240432.70486551424,0.04743256293061161,-0.15378700499807765,0.34602076124567477,5084762
119,09,UTTAR PRADESH,ALIGARH,-0.0753556324490503,0.06698961937716763,0.08882737408688932,0.11374086889657545,22550.98612051151,0.00481258870912915,-0.186082276047674,0.2599000384467512,4695914
121,09,UTTAR PRADESH,AMBEDKARNAGAR,0.01777777777777785,0.14769703960017694,0.16000000000000705,0.17937716262975578,263279.4477396228,0.09077798380724185,-0.16000000000000003,0.28444444444444444,2907631
640,09,UTTAR PRADESH,AMETHI,0.022206843521721017,0.15999999999996836,0.17279507881585088,0.18608227604770075,300408.12337867747,0.09949343423376458,-0.15378700499807765,0.28444444444444444,3027141
154,09,UTTAR PRADESH,AMROHA,-0.059115724721264,0.044844290657450575,0.05911572472125912,0.07535563244905388,14142.305646683424,0.004521207184062733,-0.186082276047674,0.186082276047674,3135410
122,09,UTTAR PRADESH,AURAIYA,-0.019930795847751273,0.11374086889659261,0.1301653210303719,0.14769703960015454,140185.38037804075,0.05564398339760741,-0.13588619761630144,0.2761399461745483,2525028
123,09,UTTAR PRADESH,AZAMGARH,0.022206843521722416,0.16633602460582908,0.17937716262981585,0.19986159169548612,534903.2447537248,0.10219830691258551,-0.13016532103037293,0.3278123798539023,5243512
133,09,UTTAR PRADESH,BUDAUN,-0.07535563244905141,0.08421376393695984,0.1034063821607207,0.12456747404844769,106754.5756597301,0.0198449132137038,-0.17279507881584008,0.2599000384467512,5388312
124,09,UTTAR PRADESH,BAGHPAT,-0.03254133025759179,0.0888273740868823,0.11374086889657421,0.1417301038062316,69525.92080313904,0.041209428175297165,-0.16633602460592078,0.2519646289888504,1691561
125,09,UTTAR PRADESH,BAHRAICH,-0.01574778931180291,0.13016532103033696,0.14769703960017247,0.1600000000000149,448207.61166896264,0.07191212669667373,-0.16000000000000003,0.2761399461745483,6244557
126,09,UTTAR PRADESH,BALLIA,-0.03254133025759335,0.15378700499804843,0.1727950788158507,0.19291041906959613,304594.0196855203,0.08212554613012248,-0.17279507881584008,0.3188927335640138,3717530
127,09,UTTAR PRADESH,BALRAMPUR,0.013840830449826763,0.1417301038062567,0.16000000000001274,0.17279507881585002,372692.6973979897,0.08866102056705284,-0.14769703960015382,0.3014225297962323,4212204
128,09,UTTAR PRADESH,BANDA,0.002650821824569716,0.1537870049980494,0.17279507881585074,0.18608227604769975,482145.182834996,0.08760833834060837,-0.1085121107266436,0.3553094963475586,5516307
129,09,UTTAR PRADESH,BARABANKI,-0.04822760476739827,0.13588619761633905,0.1537870049980686,0.1663360246059249,305980.0232263552,0.06359495140839865,-0.14769703960015382,0.31009611687812383,4821092
130,09,UTTAR PRADESH,BAREILLY,-0.035432525951557645,0.07972318339101173,0.09842368319875774,0.11374086889658017,178314.76378861323,0.034114674804079655,-0.2069357939254133,0.24415224913494812,5236856
131,09,UTTAR PRADESH,BASTI,0.0026511329381597743,0.14173010380624795,0.16000000000000925,0.17279507881585024,302018.9568474464,0.08671769267193476,-0.16000000000000003,0.28444444444444444,3489747
179,09,UTTAR PRADESH,BHADOHI,0.01574778931180301,0.15999999999999734,0.1727950788158508,0.18608227604769775,123085.08378070605,0.09822542603184782,-0.13016532103037293,0.2761399461745483,1258326
132,09,UTTAR PRADESH,BIJNOR,-0.055363321799309584,0.03844675124951831,0.05173394848134724,0.07111111111111494,9028.470216491241,0.001532950177143136,-0.1929104190695886,0.19986159169550174,5897437
134,09,UTTAR PRADESH,BULANDSHAHR,-0.08882737408688655,0.05173394848134812,0.07111111111111648,0.09356401384082524,-17856.534730843403,-0.00400569381842587,-0.1929104190695886,0.22145328719723184,4465675
135,09,UTTAR PRADESH,CHANDAULI,0.02120421409811106,0.1727950788157716,0.19291041906956016,0.20693579392538947,342279.4115528907,0.1089246037934726,-0.17937716262975778,0.3278123798539023,3149762
136,09,UTTAR PRADESH,CHITRAKOOT,0.010396001537870238,0.17279507881578554,0.18608227604766867,0.20693579392539316,404680.14709319413,0.1027937393694934,-0.1085121107266436,0.3553094963475586,3947058
137,09,UTTAR PRADESH,DEORIA,0.0103960015378702,0.1599999999999818,0.17279507881585104,0.19291041906959033,297427.0605146527,0.09413081582727734,-0.11374086889657825,0.31009611687812383,3167421
140,09,UTTAR PRADESH,AYODHYA,0.006836310070389634,0.15378700499804596,0.16633602460591362,0.17937716262976147,317525.99889507925,0.09461472188159319,-0.16000000000000003,0.2761399461745483,3363207
138,09,UTTAR PRADESH,ETAH,-0.0448442906574386,0.09356401384082941,0.1190926566705179,0.1358861976162968,106829.88900490991,0.03505641122448683,-0.13016532103037293,0.2599000384467512,3057112
139,09,UTTAR PRADESH,ETAWAH,-0.035432525951557374,0.12456747404846746,0.1417301038062102,0.15378700499808545,178633.562716969,0.061474890320438395,-0.13016532103037293,0.28444444444444444,2912455
141,09,UTTAR PRADESH,FARRUKHABAD,-0.06698961937716463,0.09842368319877451,0.11909265667051881,0.14173010380623857,81259.19257865887,0.029663202977079514,-0.14769703960015382,0.2679584775086506,2746061
142,09,UTTAR PRADESH,FATEHPUR,0.00265046701299577,0.14173010380622392,0.1600000000000155,0.17279507881584985,405206.39398475154,0.0783698939341376,-0.13588619761630144,0.3278123798539023,5179341
143,09,UTTAR PRADESH,FIROZABAD,-0.06698961937716208,0.11374086889659024,0.13016532103036144,0.15378700499808393,110998.38613927948,0.03657034490227761,-0.15378700499807765,0.2679584775086506,3043033
144,09,UTTAR PRADESH,GAUTAMBUDHNAGAR,-0.04158400615148087,0.1137408688965866,0.13016532103037162,0.14769703960015595,79745.21895994696,0.04448334022855737,-0.21413302575932336,0.3014225297962323,1799130
146,09,UTTAR PRADESH,GAZIPUR,0.00265021938343236,0.16633602460585,0.179377162629806,0.19986159169548715,404473.2371482862,0.0966958032940684,-0.13016532103037293,0.3278123798539023,4191005
145,09,UTTAR PRADESH,GHAZIABAD,-0.04158400615148088,0.10851211072666049,0.12456747404846395,0.1417301038062415,48370.94326443716,0.04170000112048252,-0.1929104190695886,0.2761399461745483,1164347
147,09,UTTAR PRADESH,GONDA,0.010396001537870214,0.14173010380626253,0.15378700499803855,0.17279507881585007,452428.12560400344,0.09070253828477949,-0.17279507881584008,0.28444444444444444,4997607
148,09,UTTAR PRADESH,GORAKHPUR,-0.029773164167628405,0.15378700499802916,0.17279507881585124,0.186082276047704,344524.2560971665,0.08288462528816021,-0.17279507881584008,0.31009611687812383,4167218
149,09,UTTAR PRADESH,HAMIRPUR,-0.012056901191848714,0.13588619761632742,0.15378700499808884,0.1727950788158496,323150.3511461538,0.06695851324499785,-0.14173010380622836,0.3188927335640138,4836349
661,09,UTTAR PRADESH,HAPUR,-0.07972318339100398,0.05536332179930504,0.07535563244904935,0.09842368319876231,-2130.3543610836787,-0.001499584216720289,-0.1929104190695886,0.22145328719723184,1425629
150,09,UTTAR PRADESH,HARDOI,-0.013840830449827344,0.13588619761634924,0.14769703960017605,0.16633602460592506,544556.561605599,0.07243500503923747,-0.14173010380622836,0.3014225297962323,7529334
163,09,UTTAR PRADESH,HATHRAS,-0.07972318339100885,0.06698961937716728,0.0935640138408251,0.11909265667050707,4586.166218665657,0.002044498351525048,-0.16000000000000003,0.2679584775086506,2250134
151,09,UTTAR PRADESH,JALAUN,-0.02712802768166132,0.11909265667052718,0.14173010380622228,0.16000000000000006,318949.13502976764,0.056249375631493036,-0.14173010380622836,0.31009611687812383,5680240
152,09,UTTAR PRADESH,JAUNPUR,0.029773164167627604,0.1599999999999629,0.17279507881585113,0.18608227604770416,502620.73976196593,0.10056899864956269,-0.09842368319876971,0.31009611687812383,5008032
153,09,UTTAR PRADESH,JHANSI,-0.0016813161346129876,0.1476970396001465,0.16633602460589259,0.18608227604769453,534459.8686457427,0.08606717058493144,-0.16633602460592078,0.37425605536332185,6229627
155,09,UTTAR PRADESH,KANNAUJ,-0.07972318339101266,0.10340638216072526,0.12456747404845783,0.14769703960015806,85248.82792867789,0.03256811563899463,-0.13588619761630144,0.29287197231833906,2623727
157,09,UTTAR PRADESH,KANPUR,-0.04822760476739473,0.12456747404846769,0.1476970396001672,0.16633602460592475,230451.04771227372,0.061713225889036716,-0.16633602460592078,0.29287197231833906,3743531
156,09,UTTAR PRADESH,KANPUR DEHAT,-0.015747789311802846,0.1190926566705279,0.13588619761631898,0.15378700499808623,232074.88274955362,0.058986383048533646,-0.16000000000000003,0.28444444444444444,3941798
633,09,UTTAR PRADESH,KASGANJ,-0.041584006151481126,0.09356401384082687,0.11374086889657302,0.1358861976163008,85829.19443676324,0.03476096655107402,-0.14769703960015382,0.2288965782391388,2475748
158,09,UTTAR PRADESH,KAUSHAMBI,0.006860901199043931,0.1537870049980682,0.17279507881585096,0.18608227604769756,191077.61355298618,0.0863528455534342,-0.11909265667051133,0.3014225297962323,2218096
159,09,UTTAR PRADESH,KHERI,-0.032541330257592205,0.10851211072666454,0.12456747404846685,0.1417301038062337,542252.6164186917,0.05576404988932783,-0.17937716262975778,0.2679584775086506,9738027
160,09,UTTAR PRADESH,KUSHINAGAR,-0.006797522199384517,0.14769703960015232,0.1663360246058929,0.17937716262977213,342342.094433867,0.09521779516098047,-0.15378700499807765,0.29287197231833906,3604253
161,09,UTTAR PRADESH,LALITPUR,-0.021034652333955434,0.15999999999997827,0.17279507881585118,0.1929104190695982,526168.3329975081,0.08494153237466882,-0.16633602460592078,0.33685505574778934,6203252
162,09,UTTAR PRADESH,LUCKNOW,0.005873204835569845,0.15999999999997486,0.17279507881585127,0.18608227604770367,317974.01875527174,0.10053436201270877,-0.21413302575932336,0.3553094963475586,3170059
165,09,UTTAR PRADESH,MAHOBA,-0.01294210427203177,0.14173010380623186,0.16633602460591707,0.18608227604769303,292766.0205509664,0.0725652353559723,-0.16633602460592078,0.3839138792772011,4045255
166,09,UTTAR PRADESH,MAINPURI,-0.035432525951558436,0.10340638216072458,0.12456747404845603,0.1476970396001565,155650.36856292986,0.04532026690115343,-0.14769703960015382,0.28444444444444444,3441554
167,09,UTTAR PRADESH,MATHURA,-0.05173394848135216,0.09842368319876103,0.12456747404845682,0.1476970396001608,112928.73129009947,0.026851895764938797,-0.13588619761630144,0.3014225297962323,4213749
168,09,UTTAR PRADESH,MAU,0.004491919120093541,0.16633602460586544,0.18608227604770838,0.19986159169548715,227334.0699816957,0.10545467868991693,-0.15378700499807765,0.3188927335640138,2161729
169,09,UTTAR PRADESH,MEERUT,-0.06698961937716143,0.06299115724721209,0.08421376393695977,0.10851211072665304,33955.93670751802,0.010265649996356358,-0.17937716262975778,0.24415224913494812,3314219
170,09,UTTAR PRADESH,MIRZAPUR,-0.0026342748920811804,0.17937716262982192,0.19291041906957135,0.20693579392538555,583869.4099972338,0.10739740808963684,-0.11909265667051133,0.34602076124567477,5447558
171,09,UTTAR PRADESH,MORADABAD,-0.04158400615148106,0.06698961937717463,0.07972318339101576,0.09842368319876713,57941.28182397085,0.02334841105678007,-0.17937716262975778,0.22145328719723184,2489342
172,09,UTTAR PRADESH,MUZAFFARNAGAR,-0.059115724721264265,0.0553633217993031,0.07535563244905136,0.09842368319876818,43310.707287936384,0.012357562740164236,-0.17279507881584008,0.24415224913494812,3511799
173,09,UTTAR PRADESH,PILIBHIT,-0.041584006151481064,0.07972318339101828,0.09842368319876858,0.113740868896574,164233.34817934615,0.03437524407501138,-0.17279507881584008,0.2288965782391388,4788939
174,09,UTTAR PRADESH,PRATAPGARH,0.017777777777778087,0.1663360246058342,0.17937716262980982,0.19291041906958808,471355.09075121407,0.10239133987355431,-0.1085121107266436,0.3014225297962323,4613609
175,09,UTTAR PRADESH,RAIBEARELI,0.012056901191848931,0.15378700499802925,0.16633602460589295,0.17937716262977357,441918.45318026945,0.09043669838186526,-0.14769703960015382,0.3188927335640138,4896223
176,09,UTTAR PRADESH,RAMPUR,-0.04822760476739659,0.07111111111111933,0.0842137639369592,0.09842368319876967,68467.6477329036,0.022736642540738126,-0.16633602460592078,0.2364628988850442,3018922
177,09,UTTAR PRADESH,SAHARANPUR,-0.05536332179930822,0.06299115724721224,0.08421376393695174,0.10851211072664618,67427.32018280217,0.014097066597683675,-0.1929104190695886,0.33685505574778934,4790695
659,09,UTTAR PRADESH,SAMBHAL,-0.09842368319876686,0.05911572472125699,0.07972318339101117,0.10340638216070848,13267.466595252114,0.004307188409788852,-0.17279507881584008,0.24415224913494812,3088314
178,09,UTTAR PRADESH,SANTKABIRNAGAR,-0.012056901191849252,0.15378700499808845,0.16633602460592514,0.1860822760476834,160040.9465550472,0.07802449516214467,-0.16000000000000003,0.31009611687812383,2058853
180,09,UTTAR PRADESH,SHAHJAHANPUR,-0.03543252595155865,0.09842368319875117,0.11374086889659843,0.1358861976163075,234599.13752816545,0.04304945854111644,-0.17937716262975778,0.2599000384467512,5462736
660,09,UTTAR PRADESH,SHAMLI,-0.06299115724721133,0.06698961937716966,0.08882737408688086,0.11909265667051283,24304.23698614366,0.015010948153118655,-0.16633602460592078,0.2519646289888504,1623202
181,09,UTTAR PRADESH,SHRAWASTI,0.0026620946560862824,0.135886197616332,0.14769703960017158,0.16633602460592498,179564.95379808516,0.07379961855198051,-0.13588619761630144,0.28444444444444444,2439319
182,09,UTTAR PRADESH,SIDDHARTHNAGAR,-0.006793185637106631,0.14173010380621906,0.16000000000001505,0.17279507881584946,242827.47978636864,0.06684453134103141,-0.14769703960015382,0.3014225297962323,3640380
183,09,UTTAR PRADESH,SITAPUR,-0.002636294206845321,0.1358861976163384,0.15378700499804496,0.16633602460591637,619009.8989450356,0.08574435477962083,-0.16000000000000003,0.3014225297962323,7230057
184,09,UTTAR PRADESH,SONBHADRA,0.02611674298046106,0.19291041906952203,0.1998615916954826,0.21413302575928947,1128872.7167840356,0.13376856801778148,-0.17937716262975778,0.37425605536332185,8450002
185,09,UTTAR PRADESH,SULTANPUR,0.027128027681660304,0.15999999999997647,0.17279507881585104,0.18608227604770347,335361.70081392303,0.10080008982760819,-0.11374086889657825,0.3014225297962323,3335749
186,09,UTTAR PRADESH,UNNAO,-0.005698764329867779,0.1417301038062483,0.15999999999999606,0.17279507881585046,455447.24695944507,0.07987595582917138,-0.1929104190695886,0.31009611687812383,5712341
187,09,UTTAR PRADESH,VARANASI,0.024605920799692704,0.17279507881571166,0.18608227604762714,0.19986159169548665,224484.71852820134,0.11854801561475516,-0.14769703960015382,0.29287197231833906,1899363
120,09,UTTAR PRADESH,PRAYAGRAJ,-0.005722477500638438,0.1599999999999793,0.17279507881585107,0.19291041906958878,603256.2497001179,0.0892988694602217,-0.15378700499807765,0.34602076124567477,6766620
164,09,UTTAR PRADESH,MAHARAJGANJ,0.0045124923868107856,0.14173010380623044,0.15378700499807987,0.17279507881584996,284642.1764991398,0.0770749378407394,-0.15378700499807765,0.29287197231833906,3700747
045,05,UTTARAKHAND,ALMORA,-0.1727950788158477,0.10340638216071515,0.1301653210303719,0.1600000000000051,-29882.79159236691,-0.007401344506421817,-0.29287197231833906,0.31009611687812383,4045433
046,05,UTTARAKHAND,BAGESHWAR,-0.22889657823913725,0.08882737408688611,0.12456747404844552,0.15999999999999837,-124632.0544821361,-0.043327295387782655,-0.3188927335640138,0.31009611687812383,2883079
048,05,UTTARAKHAND,CHAMPAWAT,-0.18608227604768315,0.09842368319877,0.12456747404844437,0.153787004998079,-14103.136260761494,-0.006238492790190882,-0.3278123798539023,0.29287197231833906,2266165
049,05,UTTARAKHAND,DEHRADUN,-0.17279507881584905,0.10851211072664863,0.1537870049980842,0.1929104190695793,-8993.786489740842,-0.0022438710218416536,-0.3014225297962323,0.3553094963475586,4018513
050,05,UTTARAKHAND,HARIDWAR,-0.0629911572472113,0.06299115724721327,0.08421376393695354,0.10851211072664543,32212.133098259572,0.010938038489071355,-0.2069357939254133,0.3188927335640138,2950783
051,05,UTTARAKHAND,NAINITAL,-0.15378700499808512,0.08882737408688235,0.11374086889657518,0.14769703960015476,46873.82615111753,0.009185679805339823,-0.29287197231833906,0.3278123798539023,5111706
052,05,UTTARAKHAND,PAURI GARHWAL,-0.15378700499808529,0.11909265667052572,0.15378700499808737,0.17937716262975095,64855.48883321284,0.009552658493347433,-0.29287197231833906,0.33685505574778934,6797764
054,05,UTTARAKHAND,RUDRAPRAYAG,-0.2364628988850402,0.10340638216071459,0.1417301038062397,0.17937716262975248,-105467.70219033757,-0.041014628033712704,-0.36472126105344094,0.3188927335640138,2576527
055,05,UTTARAKHAND,TEHRI GARHWAL,-0.19986159169549092,0.12456747404845396,0.1600000000000028,0.19291041906957695,-69743.50747629059,-0.013799197504520345,-0.3278123798539023,0.3553094963475586,5065420
056,05,UTTARAKHAND,UDHAM SINGH NAGAR,-0.08421376393694834,0.06698961937717003,0.0842137639369469,0.10340638216070398,45268.58200362439,0.013290070621681624,-0.19986159169550174,0.22145328719723184,3417188
047,05,UTTARAKHAND,CHAMOLI,-0.22145328719722604,0.11909265667052268,0.15378700499808745,0.18608227604769256,-311765.584064765,-0.03080908045341211,-0.3553094963475586,0.33685505574778934,10130102
053,05,UTTARAKHAND,PITHORAGARH,-0.21413302575933138,0.12456747404846297,0.16000000000001396,0.18608227604769456,-183408.18735328142,-0.01967626165252163,-0.3553094963475586,0.3278123798539023,9333695
057,05,UTTARAKHAND,UTTARKASHI,-0.2069357939253948,0.11909265667052182,0.1537870049980866,0.18608227604768787,-240326.8549697709,-0.023158570992713606,-0.34602076124567477,0.34602076124567477,10391325
664,19,WEST BENGAL,ALIPUR DUAR,-0.016765653262187458,0.14769703960014147,0.15999999999999862,0.17279507881585002,333256.9449344852,0.09541720203771828,-0.19986159169550174,0.31009611687812383,3499191
305,19,WEST BENGAL,BANKURA,0.02220684352172165,0.19291041906953013,0.20693579392537875,0.22145328719722118,1077062.2121860187,0.1288625514444864,-0.14769703960015382,0.3278123798539023,8367774
306,19,WEST BENGAL,PURBA BARDDHAMAN,0.006850838754286876,0.1727950788158512,0.1860822760477088,0.2069357939253945,611162.5058078073,0.09648059729028413,-0.15378700499807765,0.31009611687812383,6345416
307,19,WEST BENGAL,BIRBHUM,0.02460592079969265,0.17937716262981462,0.19291041906957493,0.2141330257593296,610979.5527759914,0.10996881724584087,-0.12456747404844293,0.33685505574778934,5568338
310,19,WEST BENGAL,DAKSHIN DINAJPUR,-0.017777777777779204,0.15999999999997702,0.17937716262979114,0.19291041906959697,244680.8842512003,0.08866030416066042,-0.13588619761630144,0.3188927335640138,2766684
309,19,WEST BENGAL,DARJILING,-0.10851211072664158,0.1476970396001754,0.16633602460592511,0.18608227604768388,174806.75146934923,0.06817862515613755,-0.2761399461745483,0.3278123798539023,2570580
317,19,WEST BENGAL,PURBA MEDINIPUR,0.01574778931180286,0.17279507881578438,0.18608227604769365,0.1998615916954861,562015.860693189,0.11790228342566907,-0.16633602460592078,0.31009611687812383,4774369
313,19,WEST BENGAL,HAORA,0.0068619803890562275,0.1793771626298128,0.186082276047711,0.20693579392539568,206564.9945711717,0.11640571850115802,-0.14769703960015382,0.3188927335640138,1779421
312,19,WEST BENGAL,HUGLI,-9.035021548891738E-4,0.17279507881582035,0.19291041906957326,0.2069357939253997,378970.19206673634,0.09917021916751433,-0.16633602460592078,0.3278123798539023,3830421
314,19,WEST BENGAL,JALPAIGURI,-0.051733948481352585,0.1417301038062505,0.15378700499806802,0.16633602460592498,353268.1344487918,0.08246974121977559,-0.17937716262975778,0.29287197231833906,4291724
308,19,WEST BENGAL,KOCH BIHAR,-0.024605920799692798,0.14173010380624573,0.1537870049980573,0.1727950788158494,349649.85671868257,0.08333487221520619,-0.16000000000000003,0.2761399461745483,4209471
315,19,WEST BENGAL,KOLKATA,-9.430155648542486E-4,0.17279507881584816,0.18608227604767547,0.20693579392541753,24917.784610494855,0.11123920624447652,-0.15378700499807765,0.3278123798539023,225875
316,19,WEST BENGAL,MALDAH,-0.027128027681661702,0.17279507881580283,0.18608227604769328,0.19986159169548504,438659.81576051546,0.0991608153297748,-0.17279507881584008,0.31009611687812383,4432769
319,19,WEST BENGAL,MURSHIDABAD,0.0017409523500965568,0.1793771626298199,0.19291041906955855,0.20693579392538894,703608.0243302817,0.10755253152093824,-0.17279507881584008,0.3278123798539023,6553296
320,19,WEST BENGAL,NADIA,0.032541330257592475,0.1860822760477025,0.19986159169548415,0.21413302575933207,580270.2176565871,0.12241486377451648,-0.16633602460592078,0.31009611687812383,4752532
303,19,WEST BENGAL,NORTH TWENTY-FOUR PARGANAS,-0.009633005762411856,0.18608227604765865,0.19986159169548362,0.21413302575932439,586416.9937555646,0.12096780875595509,-0.19986159169550174,0.3278123798539023,4858451
318,19,WEST BENGAL,PASCHIM MEDINIPUR,0.021151327787749887,0.1929104190695271,0.20693579392537886,0.22145328719720558,964723.4589808945,0.1272909606528664,-0.15378700499807765,0.34602076124567477,7589470
321,19,WEST BENGAL,PURULIYA,0.051733948481353105,0.18608227604759484,0.1998615916954828,0.21413302575930884,1055885.9602683336,0.13886904507105288,-0.17279507881584008,0.37425605536332185,7614827
304,19,WEST BENGAL,SOUTH TWENTY-FOUR PARGANAS,0.02220684352172215,0.17279507881573328,0.1860822760476465,0.19986159169548484,1128996.2302505758,0.12223487750085593,-0.15378700499807765,0.31009611687812383,9269362
311,19,WEST BENGAL,UTTAR DINAJPUR,-0.012056901191848737,0.15999999999999248,0.17279507881585063,0.18608227604769612,351789.3131913912,0.09045778712337577,-0.11374086889657825,0.3014225297962323,3902218
703,19,WEST BENGAL,JHARGRAM,0.02977316416762869,0.1998615916954826,0.20693579392537884,0.22145328719721985,514341.6351258338,0.13745147164678095,-0.13588619761630144,0.3278123798539023,3751531
704,19,WEST BENGAL,PASCHIM BARDDHAMAN,0.029773164167628346,0.1793771626298086,0.19291041906960485,0.2069357939254004,272924.6704112708,0.12377710751184416,-0.19986159169550174,0.31009611687812383,2210746
702,19,WEST BENGAL,KALIMPONG,-0.13016532103036393,0.1358861976163173,0.16000000000000353,0.18608227604768696,53871.650421244485,0.0393497703054148,-0.2599000384467512,0.3278123798539023,1372509
