di_code,st_code,state23,dist23,A08_p2,A08_p90,A08_p95,A08_p98,A08_sum,A08_mean,A08_min,A08_max,A08_count
603,35,ANDAMAN & NICOBAR,NICOBAR,-0.11374086889657864,0.08421376393695051,0.10340638216070955,0.12456747404843838,12982.709045065556,0.006471831000712388,-0.36472126105344094,0.21413302575932336,2020602
632,35,ANDAMAN & NICOBAR,NORTH & MIDDLE ANDAMAN,-0.1301653210303718,0.04484429065744778,0.05911572472126042,0.07972318339100702,-61348.48792938604,-0.01544141575682829,-0.34602076124567477,0.2069357939254133,4003957
602,35,ANDAMAN & NICOBAR,SOUTH ANDAMAN,-0.14769703960015648,0.04822760476739757,0.06698961937716763,0.08421376393694578,-64257.66245128416,-0.02220606681503884,-0.3839138792772011,0.1929104190695886,2916597
502,28,ANDHRA PRADESH,ANANTAPUR,-0.22889657823912857,-0.03703532335612466,-0.016825537234441818,0.009636191800119506,-2369099.3586582686,-0.1057557784149304,-0.47637062668204533,0.17937716262975778,22430270
503,28,ANDHRA PRADESH,CHITTOOR,-0.22889657823913484,-0.021134981679584063,0.001686217261999376,0.036913605129789584,-1625355.4335325132,-0.09424779437351373,-0.4982698961937717,0.186082276047674,17269415
504,28,ANDHRA PRADESH,Y S R KADAPA,-0.24415224913493144,-0.005807994081431646,0.021073157762503122,0.05173394848135058,-1771019.1877057867,-0.10000553839731045,-0.47637062668204533,0.16633602460592078,17724326
505,28,ANDHRA PRADESH,EAST GODAVARI,-0.1998615916954868,0.021065162386354586,0.04484429065744678,0.066989619377171,-942389.4122502721,-0.06234852541037895,-0.47637062668204533,0.1929104190695886,15133939
506,28,ANDHRA PRADESH,GUNTUR,-0.25196462898884475,-0.0017233112546905115,0.016767824199018753,0.03687286407221973,-1360837.9955001557,-0.1024987408120392,-0.48725874663590923,0.14173010380622836,13291974
510,28,ANDHRA PRADESH,KRISHNA,-0.2364628988850502,0.0016852382950092908,0.02104789393556503,0.048227604767394926,-893088.5322207793,-0.08747465626037872,-0.46560553633217994,0.15378700499807765,10225813
511,28,ANDHRA PRADESH,KURNOOL,-0.2141330257593282,-0.0017428012542949748,0.021070985950426464,0.048227604767396744,-1585772.1018364057,-0.0786242748162923,-0.454963475586313,0.14769703960015382,20185908
515,28,ANDHRA PRADESH,POTTI SRIRAMULU NELLORE,-0.27613994617453763,-0.0448442906574457,-0.016821010089333645,0.012961321485769159,-2026233.9416668713,-0.1328626042566825,-0.47637062668204533,0.14769703960015382,15263341
517,28,ANDHRA PRADESH,PRAKASAM,-0.25990003844676374,-0.02111298648099903,0.009645620518821911,0.03691382291948725,-2382539.705368862,-0.11655581605081405,-0.47637062668204533,0.15378700499807765,20457221
519,28,ANDHRA PRADESH,SRIKAKULAM,-0.20693579392540642,0.029773164167630376,0.048227604767397604,0.06698961937716397,-406120.6572782309,-0.05901332652753096,-0.42377547097270285,0.19986159169550174,6895077
520,28,ANDHRA PRADESH,VISAKHAPATNAM,-0.20693579392538852,0.048227604767391234,0.06698961937717267,0.0842137639369544,-577644.3523591259,-0.04249142108657684,-0.454963475586313,0.2069357939254133,13613577
521,28,ANDHRA PRADESH,VIZIANAGARAM,-0.19291041906958917,0.012966683072775884,0.029773164167627618,0.051733948481353514,-488087.37085855973,-0.06741025337262434,-0.4444444444444444,0.186082276047674,7256513
523,28,ANDHRA PRADESH,WEST GODAVARI,-0.2069357939253969,-0.0017375408487599752,0.012955636920936956,0.03687471067989044,-789453.068327926,-0.08122198595000422,-0.4340484429065744,0.14173010380622836,9731922
628,12,ARUNACHAL PRADESH,ANJAW,-0.04484429065743823,0.13588619761633944,0.15378700499807177,0.17279507881584974,517188.69959517085,0.06802569605305558,-0.2519646289888504,0.2679584775086506,7611073
229,12,ARUNACHAL PRADESH,CHANGLANG,-0.05911572472126452,0.14173010380623693,0.1600000000000162,0.17937716262975706,443506.5333128807,0.07135664284183403,-0.2679584775086506,0.2761399461745483,6227191
230,12,ARUNACHAL PRADESH,DIBANG VALLEY,-0.025840515810186936,0.13016532103032824,0.14769703960017602,0.16633602460591934,919943.8099076566,0.07543741593265618,-0.2519646289888504,0.2679584775086506,12207130
231,12,ARUNACHAL PRADESH,EAST KAMENG,-0.02585261576981309,0.15999999999998565,0.17279507881585118,0.18608227604770172,519962.26923441165,0.09368356471734048,-0.2679584775086506,0.2761399461745483,5558425
233,12,ARUNACHAL PRADESH,KURUNG KUMEY,-0.04158400615148094,0.15999999999998513,0.17279507881585104,0.19291041906958803,509935.25933987164,0.09083184863140684,-0.21413302575932336,0.2761399461745483,5621269
234,12,ARUNACHAL PRADESH,LOHIT,-0.08421376393694555,0.14173010380623394,0.160000000000008,0.17937716262976666,220412.10480342666,0.057166949229128516,-0.2599000384467512,0.28444444444444444,3863405
235,12,ARUNACHAL PRADESH,LOWER DIBANG VALLEY,-0.09356401384082501,0.13016532103034079,0.1537870049980804,0.17279507881585018,214108.52020460396,0.04775751986924046,-0.28444444444444444,0.2761399461745483,4491587
237,12,ARUNACHAL PRADESH,PAPUMPARE,-0.08421376393694578,0.14173010380626677,0.15999999999997402,0.17937716262978964,266241.67872521223,0.06155967539728597,-0.31009611687812383,0.2761399461745483,4333778
238,12,ARUNACHAL PRADESH,TAWANG,-0.08421376393694571,0.13588619761634382,0.15378700499806644,0.17279507881584957,184672.37159582644,0.05969067253530813,-0.2599000384467512,0.2679584775086506,3100277
239,12,ARUNACHAL PRADESH,TIRAP,-0.041584006151480994,0.13588619761632673,0.16000000000001724,0.17937716262976186,80852.72635713212,0.05496234658338482,-0.2288965782391388,0.2679584775086506,1474824
240,12,ARUNACHAL PRADESH,UPPER SIANG,-0.021053250952871864,0.13016532103033499,0.14769703960017275,0.16000000000000472,656531.1612888135,0.0769647978354322,-0.24415224913494812,0.2599000384467512,8540336
241,12,ARUNACHAL PRADESH,UPPER SUBANSIRI,-0.012946822899647938,0.1476970396001784,0.16633602460589822,0.17937716262977874,737606.2522244345,0.08984084082394363,-0.28444444444444444,0.2761399461745483,8220067
242,12,ARUNACHAL PRADESH,WEST KAMENG,-0.04158400615148097,0.15378700499800638,0.172795078815848,0.18608227604770544,545877.9283735468,0.08845450720036448,-0.3188927335640138,0.2761399461745483,6178998
719,12,ARUNACHAL PRADESH,LOWER SIANG,-0.044844290657438786,0.11909265667052193,0.13588619761630047,0.15378700499808123,132256.00815416037,0.05785849853363842,-0.22145328719723184,0.2364628988850442,2292082
236,12,ARUNACHAL PRADESH,LOWER SUBANSIRI,-0.02977316416762845,0.15378700499805373,0.1663360246058916,0.18608227604769415,221499.65401448452,0.0906125877775669,-0.31009611687812383,0.2679584775086506,2449933
679,12,ARUNACHAL PRADESH,SIANG,-0.025863064267162006,0.13588619761634396,0.15378700499807757,0.17279507881584943,359726.9987060638,0.0822147442750602,-0.2519646289888504,0.2761399461745483,4383418
243,12,ARUNACHAL PRADESH,WEST SIANG,-0.029773164167628693,0.13016532103033915,0.14769703960017078,0.1600000000000037,131481.17479738564,0.07795159356412708,-0.28444444444444444,0.2519646289888504,1691102
725,12,ARUNACHAL PRADESH,SHI YOMI,-0.009628953959088055,0.14769703960017638,0.16633602460592173,0.17937716262976677,298562.96001284395,0.08973907456921071,-0.2679584775086506,0.2761399461745483,3331997
724,12,ARUNACHAL PRADESH,LEPA RADA,-0.036885813593487485,0.14173010380622492,0.16000000000001838,0.17279507881584932,76406.73209265279,0.07895035749697345,-0.2761399461745483,0.24415224913494812,970650
723,12,ARUNACHAL PRADESH,PAKKE KESSANG,-0.05536332179931013,0.1417301038062383,0.15999999999999345,0.1793771626297815,158585.91631869922,0.0662615489186805,-0.2679584775086506,0.2599000384467512,2399368
677,12,ARUNACHAL PRADESH,KRA DAADI,-0.0016677634626888003,0.15378700499806938,0.16633602460592498,0.17937716262975456,209832.28517091382,0.09434117301700762,-0.2364628988850442,0.2761399461745483,2229870
678,12,ARUNACHAL PRADESH,NAMSAI,-0.08882737408688164,0.05536332179930467,0.07535563244904894,0.09842368319876711,-15820.649270907334,-0.009360130977898222,-0.2288965782391388,0.22145328719723184,1693784
718,12,ARUNACHAL PRADESH,KAMLE,-0.02583023459027958,0.14769703960017366,0.16000000000002068,0.17937716262975106,141738.5979344116,0.08156755690807645,-0.2761399461745483,0.2761399461745483,1742339
232,12,ARUNACHAL PRADESH,EAST SIANG,-0.10340638216070402,0.09356401384083501,0.11374086889657932,0.13588619761629817,26220.37651352593,0.012351026754569372,-0.29287197231833906,0.2761399461745483,2127307
666,12,ARUNACHAL PRADESH,LONGDING,-0.05911572472126419,0.10340638216071998,0.13588619761629578,0.15999999999999243,35033.57852649118,0.029925687550229455,-0.2364628988850442,0.2679584775086506,1174145
616,18,ASSAM,BAKSA,-0.12456747404844044,0.0711111111111184,0.08421376393695686,0.09842368319877277,-68741.95612659387,-0.02256955740797944,-0.3014225297962323,0.17937716262975778,3055457
280,18,ASSAM,BARPETA,-0.1663360246059249,0.04158400615148122,0.06299115724721116,0.07972318339100719,-142407.30551406307,-0.049962140824159826,-0.31009611687812383,0.17279507881584008,2859045
705,18,ASSAM,BISWANATH,-0.1358861976162995,0.08421376393695608,0.09842368319876496,0.10851211072665026,-41947.16990432548,-0.015116670441247277,-0.3014225297962323,0.17279507881584008,2780367
281,18,ASSAM,BONGAIGAON,-0.16633602460592395,0.051733948481350774,0.07111111111111516,0.08421376393694817,-62284.85692747623,-0.04476004271187225,-0.31009611687812383,0.16633602460592078,1397646
282,18,ASSAM,CACHAR,-0.16000000000001674,0.06698961937717138,0.08421376393695496,0.10340638216070956,-74463.45717385228,-0.016008174264286707,-0.3278123798539023,0.2069357939254133,4659875
708,18,ASSAM,CHARAIDEO,-0.10851211072664455,0.08882737408689122,0.10340638216072154,0.11374086889657427,-2812.6322233192586,-0.0022168192037947984,-0.3014225297962323,0.16633602460592078,1273387
612,18,ASSAM,CHIRANG,-0.13016532103037337,0.03254133025759145,0.06299115724721124,0.08421376393694446,-96555.74477862095,-0.040431226833128296,-0.3014225297962323,0.14769703960015382,2393821
283,18,ASSAM,DARRANG,-0.15378700499808207,0.05911572472126007,0.07535563244904739,0.08882737408688729,-72775.46356944653,-0.036880093104085465,-0.31009611687812383,0.17937716262975778,1980527
284,18,ASSAM,DHEMAJI,-0.11909265667050759,0.08421376393695983,0.098423683198765,0.1137408688965738,774.4508387227115,2.4823577672347885E-4,-0.33685505574778934,0.22145328719723184,3127982
285,18,ASSAM,DHUBRI,-0.19291041906957776,0.016783597709973386,0.04484429065743832,0.06698961937716173,-130645.89285847521,-0.06333717594130409,-0.3553094963475586,0.15378700499807765,2073149
286,18,ASSAM,DIBRUGARH,-0.12456747404844523,0.0842137639369665,0.09842368319875892,0.10851211072665472,-24856.60067828632,-0.00585470127281865,-0.36472126105344094,0.19986159169550174,4254504
299,18,ASSAM,DIMA HASAO,-0.08421376393694431,0.07535563244905238,0.09842368319877445,0.12456747404845074,57205.50344026893,0.00948447725176582,-0.3014225297962323,0.2288965782391388,6041285
287,18,ASSAM,GOALPARA,-0.16633602460592414,0.06299115724721123,0.08421376393694566,0.10340638216070347,-91248.47803176151,-0.03757793106222459,-0.31009611687812383,0.16000000000000003,2434900
288,18,ASSAM,GOLAGHAT,-0.14173010380623513,0.07535563244905198,0.09842368319876058,0.11374086889659656,-110654.28042152285,-0.027534103992569524,-0.3278123798539023,0.17279507881584008,4029611
289,18,ASSAM,HAILAKANDI,-0.16000000000000097,0.038446751249521696,0.05536332179930891,0.07111111111111458,-56844.33651128021,-0.03486868222636436,-0.31009611687812383,0.15378700499807765,1635070
709,18,ASSAM,HOJAI,-0.1663360246059243,0.09842368319877155,0.11374086889658401,0.1301653210303744,-23532.32436995348,-0.013023841515303924,-0.34602076124567477,0.17937716262975778,1811736
290,18,ASSAM,JORHAT,-0.14173010380623732,0.09356401384083973,0.10851211072665913,0.11909265667052074,-31523.34664912006,-0.013531382266084233,-0.3014225297962323,0.17279507881584008,2335717
618,18,ASSAM,KAMRUP METRO,-0.19986159169548876,0.036923690154831705,0.05911572472126425,0.07972318339100233,-57541.479698269686,-0.04763093295826121,-0.36472126105344094,0.16633602460592078,1212134
291,18,ASSAM,KAMRUP RURAL,-0.16000000000000228,0.05173394848134821,0.06698961937716849,0.08421376393694956,-142234.7114914113,-0.03664561231416548,-0.3553094963475586,0.17279507881584008,3891403
292,18,ASSAM,KARBI ANGLONG,-0.103406382160714,0.07111111111111935,0.09356401384083807,0.1190926566705268,-11156.667291090396,-0.0012252907180976863,-0.33685505574778934,0.21413302575932336,9120022
293,18,ASSAM,KARIMGANJ,-0.1663360246059247,0.03844675124952131,0.05536332179930599,0.07111111111111494,-103338.73841607284,-0.046450626231683376,-0.33685505574778934,0.13588619761630144,2229526
294,18,ASSAM,KOKRAJHAR,-0.13588619761631263,0.04484429065744504,0.06698961937717272,0.0842137639369572,-157693.44346150564,-0.0407339593133471,-0.33685505574778934,0.15378700499807765,3879174
295,18,ASSAM,LAKHIMPUR,-0.13588619761629778,0.06698961937717288,0.08421376393695713,0.09842368319876774,-88741.3199901814,-0.023624078187690623,-0.3278123798539023,0.186082276047674,3763908
706,18,ASSAM,MAJULI,-0.14173010380623044,0.06299115724721123,0.08421376393694582,0.09842368319877037,-29376.05588462483,-0.018481512231770487,-0.2761399461745483,0.19986159169550174,1595085
296,18,ASSAM,MARIGAON,-0.15999999999999817,0.03844675124952162,0.0591157247212644,0.07535563244905469,-80287.24020075165,-0.042697758398382954,-0.3014225297962323,0.16000000000000003,1884753
297,18,ASSAM,NAGAON,-0.17279507881584938,0.05173394848134872,0.07535563244904978,0.09356401384082483,-122189.40068571907,-0.03806330695442526,-0.31009611687812383,0.17937716262975778,3221993
298,18,ASSAM,NALBARI,-0.14769703960015057,0.0629911572472111,0.0753556324490471,0.08421376393694736,-48408.41407277345,-0.03718399489892832,-0.29287197231833906,0.14769703960015382,1306375
300,18,ASSAM,SIBSAGAR,-0.14173010380623388,0.08421376393696217,0.0984236831987673,0.10851211072664613,-18806.336135326976,-0.009216000352642839,-0.31009611687812383,0.17937716262975778,2046198
301,18,ASSAM,SONITPUR,-0.13588619761630363,0.08421376393696084,0.10340638216072896,0.11374086889659862,-66225.70263104,-0.017636002447261705,-0.3278123798539023,0.17937716262975778,3761187
707,18,ASSAM,SOUTH SALMARA MANCACHAR,-0.20693579392541755,0.022206843521722416,0.051733948481354194,0.07111111111110953,-44101.17635552158,-0.06342341351897098,-0.3188927335640138,0.13588619761630144,699403
302,18,ASSAM,TINSUKIA,-0.09842368319876525,0.07535563244904718,0.09842368319876324,0.11374086889657925,-14706.372855344562,-0.003065832975925295,-0.2599000384467512,0.2364628988850442,4805197
617,18,ASSAM,UDALGURI,-0.13016532103036965,0.0888273740868772,0.10340638216073007,0.11374086889659141,-28245.81123001885,-0.011225512000098642,-0.29287197231833906,0.186082276047674,2524545
710,18,ASSAM,WEST KARBI ANGLONG,-0.10340638216071539,0.04484429065744914,0.0629911572472112,0.08421376393694725,-43678.08047767045,-0.011463231093756297,-0.28444444444444444,0.16633602460592078,3818912
188,10,BIHAR,ARARIA,-0.199861591695488,-0.0026478351759126307,0.010396001537870271,0.024605920799691882,-276996.48611813865,-0.07984486949429362,-0.37425605536332185,0.08882737408688965,3476505
611,10,BIHAR,ARWAL,-0.2441522491349506,-0.02712802768166302,-0.017777777777778628,-0.0068455195001925154,-74941.88847835652,-0.09528777110643306,-0.3839138792772011,0.07972318339100345,790200
189,10,BIHAR,AURANGABAD,-0.23646289888505861,-0.037040391313285265,-0.025986726112738345,-0.016867973471606137,-416692.0592989793,-0.10253108830936117,-0.40359861591695495,0.13016532103037293,4071463
190,10,BIHAR,BANKA,-0.21413302575933219,-0.048227604767395967,-0.03543252595155852,-0.022206843521721836,-382569.37567045947,-0.10280465731087121,-0.3839138792772011,0.07972318339100345,3727975
191,10,BIHAR,BEGUSARAI,-0.24415224913493191,-0.08421376393695786,-0.06698961937716545,-0.04158400615148079,-350498.7679396642,-0.14738870682067642,-0.40359861591695495,0.03844675124951941,2385201
200,10,BIHAR,KAIMUR,-0.2441522491349294,-0.05173394848134508,-0.0415840061514741,-0.02977316416762806,-463875.81307210843,-0.1118145134142377,-0.40359861591695495,0.07535563244905807,4155971
192,10,BIHAR,BHAGALPUR,-0.22889657823914397,-0.05173394848134738,-0.03254133025759209,-0.01039600153787018,-366787.19593127223,-0.11627574623215145,-0.3839138792772011,0.08882737408688965,3161985
193,10,BIHAR,BHOJPUR,-0.25196462898884486,-0.03844675124950189,-0.02977316416763237,-0.019930795847752574,-324335.1296296146,-0.10981940769550427,-0.39369473279507883,0.08421376393694734,2959033
194,10,BIHAR,BUXAR,-0.25990003844676013,-0.048227604767384184,-0.04158400615146552,-0.03254133025759221,-242254.90360686393,-0.11523681987998924,-0.42377547097270285,0.07972318339100345,2107650
195,10,BIHAR,DARBHANGA,-0.236462898885054,-0.06299115724721271,-0.048227604767397556,-0.035432525951558706,-419257.86042211915,-0.13407642813098847,-0.37425605536332185,0.08882737408688965,3135810
196,10,BIHAR,GAYA,-0.24415224913492972,-0.07535563244905656,-0.05911572472125963,-0.04158400615148105,-792902.1839004238,-0.12992278201054536,-0.42377547097270285,0.10340638216070744,6114662
197,10,BIHAR,GOPALGANJ,-0.26795847750866897,-0.08421376393696504,-0.0711111111111184,-0.05173394848135211,-379657.2063109562,-0.14966387716377044,-0.42377547097270285,0.04822760476739715,2543564
199,10,BIHAR,JAHANABAD,-0.23646289888505573,-0.03844675124952185,-0.027128027681659637,-0.015747789311802856,-124311.47758118247,-0.10759029369206302,-0.36472126105344094,0.06698961937716265,1159636
198,10,BIHAR,JAMUI,-0.22145328719721774,-0.048227604767398215,-0.03254133025759268,-0.016836802566284313,-403492.9230405544,-0.10586397716995567,-0.3839138792772011,0.11909265667051133,3819342
201,10,BIHAR,KATIHAR,-0.22145328719724514,-0.022206843521722367,-0.006841111905077407,0.012056901191849075,-351960.16488618334,-0.09348867984778544,-0.37425605536332185,0.09356401384083046,3773694
202,10,BIHAR,KHAGARIA,-0.23646289888505714,-0.04484429065744097,-0.02460592079969193,-0.0045024297311210895,-213300.31707352572,-0.11559077301604048,-0.39369473279507883,0.10340638216070744,1851170
203,10,BIHAR,KISHANGANJ,-0.19291041906958942,0.024605920799692378,0.03844675124952116,0.05173394848135195,-151950.97134695773,-0.06328649998691928,-0.34602076124567477,0.10340638216070744,2408235
204,10,BIHAR,LAKHISARAI,-0.2364628988850567,-0.0517339484813458,-0.041584006151481244,-0.02712802768166135,-170058.6895273452,-0.11299789161499751,-0.37425605536332185,0.0629911572472126,1509373
205,10,BIHAR,MADHEPURA,-0.2214532871972311,-0.03844675124952192,-0.02712802768166037,-0.013840830449826695,-240394.71105928076,-0.1072887138597132,-0.3553094963475586,0.07972318339100345,2247230
206,10,BIHAR,MADHUBANI,-0.22145328719722135,-0.03844675124951165,-0.024605920799693315,-0.010396001537870236,-494922.00291076757,-0.11346982045122976,-0.36472126105344094,0.08882737408688965,4370352
207,10,BIHAR,MUNGER,-0.23646289888505875,-0.04822760476738689,-0.03254133025759271,-0.017777777777778028,-191244.07814932923,-0.10983378111186436,-0.3839138792772011,0.05536332179930796,1746408
208,10,BIHAR,MUZAFFARPUR,-0.24415224913493033,-0.0842137639369624,-0.06698961937716981,-0.048227604767395314,-591675.911844802,-0.1497629364656563,-0.40359861591695495,0.07111111111111111,3958875
209,10,BIHAR,NALANDA,-0.2441522491349337,-0.07535563244906002,-0.06299115724721115,-0.05173394848135103,-387395.0752225328,-0.13258673444388713,-0.4340484429065744,0.08421376393694734,2929383
210,10,BIHAR,NAWADA,-0.23646289888503322,-0.07535563244904328,-0.06299115724721117,-0.037080426749513534,-391775.16103399976,-0.12787603242266218,-0.40359861591695495,0.11909265667051133,3071041
211,10,BIHAR,PASHCHIMI CHAMPARAN,-0.22889657823912823,-0.029773164167631178,-0.005819148028671815,0.021061342300471464,-690276.3598553904,-0.10537238861100387,-0.3839138792772011,0.14173010380622836,6560379
212,10,BIHAR,PATNA,-0.2599000384467561,-0.05173394848134636,-0.03543252595155682,-0.019930795847753112,-501683.18135353184,-0.12706888008341571,-0.41362552864282975,0.0629911572472126,3959090
213,10,BIHAR,PURBI CHAMPARAN,-0.24415224913492983,-0.05536332179930625,-0.04158400615147433,-0.027128027681661324,-636988.9150693789,-0.1284862741868787,-0.39369473279507883,0.06698961937716265,4966698
214,10,BIHAR,PURNIA,-0.2214532871972338,-0.022206843521721722,-0.004497634046693134,0.010396001537870224,-384540.1489186103,-0.09608173814616264,-0.3553094963475586,0.09356401384083046,4010639
215,10,BIHAR,ROHTAS,-0.2441522491349362,-0.03704530062197866,-0.026025933063253348,-0.016915442401909404,-464995.70898384583,-0.09818518151062766,-0.42377547097270285,0.07972318339100345,4743839
216,10,BIHAR,SAHARSA,-0.22145328719723337,-0.03543252595155533,-0.01993079584775195,-0.002653664050291845,-213148.65516575694,-0.10309242225808068,-0.33685505574778934,0.08882737408688965,2073256
217,10,BIHAR,SAMASTIPUR,-0.24415224913493647,-0.09842368319876252,-0.07972318339101053,-0.06299115724721131,-527932.3099742861,-0.15938802872836885,-0.3839138792772011,0.0629911572472126,3321029
218,10,BIHAR,SARAN,-0.25990003844673565,-0.08421376393695551,-0.06299115724721123,-0.022206843521722423,-497666.46369720285,-0.1519092174331037,-0.41362552864282975,0.06698961937716265,3282541
219,10,BIHAR,SHEIKHPURA,-0.2364628988850565,-0.07111111111111895,-0.05911572472126488,-0.048227604767394495,-103322.41682036234,-0.12352859630330654,-0.4340484429065744,0.0629911572472126,840498
220,10,BIHAR,SHEOHAR,-0.2364628988850557,-0.07111111111111622,-0.05911572472126367,-0.0415840061514808,-74331.77714105684,-0.1342504197421016,-0.37425605536332185,0.11374086889657825,556991
221,10,BIHAR,SITAMARHI,-0.23646289888506003,-0.05911572472124876,-0.044844290657443074,-0.032541330257592364,-339315.5373458666,-0.12420242965181601,-0.36472126105344094,0.0629911572472126,2739355
222,10,BIHAR,SIWAN,-0.26795847750868185,-0.09356401384085529,-0.07972318339101513,-0.06299115724721129,-441617.2695555409,-0.15997893064731228,-0.39369473279507883,0.06698961937716265,2766570
223,10,BIHAR,SUPAUL,-0.21413302575933127,-0.03543252595155721,-0.022206843521720757,-0.006836870272618592,-314190.40188402747,-0.1043103334111648,-0.36472126105344094,0.07111111111111111,3018897
224,10,BIHAR,VAISHALI,-0.25196462898884475,-0.09842368319875387,-0.07535563244904965,-0.04822760476739495,-405419.20353393763,-0.16058974197516132,-0.41362552864282975,0.041584006151480196,2529599
044,04,CHANDIGARH,CHANDIGARH,-0.3368550557477819,-0.1727950788158466,-0.1537870049980784,-0.124567474048443,-34246.19937875755,-0.2302363532257341,-0.41362552864282975,-0.03543252595155709,150026
646,22,CHHATTISGARH,BALOD,-0.19291041906957587,-0.029773164167630543,-0.009679541312700124,0.009639788533921112,-338736.86269167793,-0.08420148000281448,-0.36472126105344094,0.15378700499807765,4030747
644,22,CHHATTISGARH,BALODA BAZAR,-0.19986159169549045,-0.0058248919807438165,0.009643376829157564,0.025825455890831316,-392798.8267825847,-0.07008586670121994,-0.40359861591695495,0.13016532103037293,5614038
649,22,CHHATTISGARH,BALRAMPUR,-0.16000000000000192,-0.005827707766283226,0.0167631882132278,0.03690044401079291,-510108.56883396953,-0.06678837993415826,-0.36472126105344094,0.16633602460592078,7650578
374,22,CHHATTISGARH,BASTAR,-0.1417301038062424,0.016759375214144542,0.029773164167628558,0.0448442906574378,-241407.97222636786,-0.037825649699580306,-0.41362552864282975,0.17937716262975778,6393305
650,22,CHHATTISGARH,BEMETARA,-0.19291041906957496,-0.032541330257589374,-0.021182447654103813,-0.0059074612649791585,-209097.67987943222,-0.07773130125799023,-0.41362552864282975,0.09356401384083046,2697016
636,22,CHHATTISGARH,BIJAPUR,-0.13016532103036108,-0.005823445015188925,0.012955174565797867,0.02977316416762818,-620136.5546927254,-0.05680420422819623,-0.3278123798539023,0.17279507881584008,10931393
375,22,CHHATTISGARH,BILASPUR,-0.21413302575930832,-0.01682416239910954,0.001670184778590211,0.016739845317613244,-354062.8375234967,-0.08285406216481024,-0.40359861591695495,0.13588619761630144,4282196
734,22,CHHATTISGARH,GAURELA-PENDRA-MARWAHI,-0.15999999999999767,-0.021141643892034358,-0.009685648637716265,0.005668365966513119,-164369.79992059903,-0.06806292463231274,-0.36472126105344094,0.14173010380622836,2420209
376,22,CHHATTISGARH,DAKSHIN BASTAR DANTEWADA,-0.11909265667051627,0.012957405496474925,0.029773164167628107,0.05173394848135062,-120574.23106944966,-0.0362338677058684,-0.3553094963475586,0.16000000000000003,3336766
377,22,CHHATTISGARH,DHAMTARI,-0.19986159169548773,-0.021140796888957956,-0.0017616795153376928,0.01672500003497059,-354582.2911959057,-0.07274213720377269,-0.42377547097270285,0.14173010380622836,4882863
378,22,CHHATTISGARH,DURG,-0.2441522491349345,-0.021137046457660475,-0.0058223495080488704,0.009623680641542827,-254795.79654566984,-0.09259375639344226,-0.42377547097270285,0.09842368319876971,2758101
645,22,CHHATTISGARH,GARIYABAND,-0.1537870049980842,-0.0017464326522714946,0.012958063218984996,0.029773164167628728,-307782.3228709589,-0.05330406961535094,-0.39369473279507883,0.15378700499807765,5784384
379,22,CHHATTISGARH,JANJGIR - CHAMPA,-0.2069357939254013,-0.0017490010839472693,0.01295664157550345,0.03254133025759098,-390727.5180688498,-0.07231703661147325,-0.40359861591695495,0.12456747404844293,5413703
380,22,CHHATTISGARH,JASHPUR,-0.13588619761630585,0.005740702328337451,0.021057920196825834,0.04484429065743838,-365135.86437981424,-0.05153800336692325,-0.34602076124567477,0.16000000000000003,7094864
382,22,CHHATTISGARH,KABIRDHAM,-0.1663360246059248,0.005751167392263866,0.021073609203254243,0.04158400615148121,-289922.55837109947,-0.05735166911210004,-0.37425605536332185,0.15378700499807765,5063228
381,22,CHHATTISGARH,UTTAR BASTAR KANKER,-0.15378700499808579,-0.013000601887258448,0.00572657434827578,0.021053573054361938,-563992.2243036567,-0.0659375318986412,-0.3839138792772011,0.15378700499807765,8566278
643,22,CHHATTISGARH,KONDAGAON,-0.11374086889657405,0.009634686033764142,0.025819562156208533,0.03683690914890321,-203660.8326379407,-0.03379839043886222,-0.36472126105344094,0.15378700499807765,6035251
383,22,CHHATTISGARH,KORBA,-0.18608227604770342,-0.016826137441878247,-0.0017611187397596829,0.021040010475971302,-584952.5980024694,-0.0733498800356925,-0.41362552864282975,0.17279507881584008,7984432
384,22,CHHATTISGARH,KOREA,-0.1476970396001641,-0.0017489527374549806,0.012949893697112552,0.025802927118042895,-451479.4815324612,-0.0561945946016599,-0.36472126105344094,0.15378700499807765,8044955
385,22,CHHATTISGARH,MAHASAMUND,-0.17937716262975545,-0.02113707806177241,-0.0017572601456950956,0.021058063884427613,-441360.9033170894,-0.077551714701981,-0.39369473279507883,0.14769703960015382,5701522
647,22,CHHATTISGARH,MUNGELI,-0.18608227604768765,-0.009676696635861485,0.005701444201345787,0.021033622907209136,-201363.36832325274,-0.06012230927247946,-0.3839138792772011,0.11909265667051133,3357558
637,22,CHHATTISGARH,NARAINPUR,-0.10340638216070873,0.01676112840741046,0.029773164167629162,0.041584006151481175,-139080.793464687,-0.03007979837231912,-0.34602076124567477,0.15378700499807765,4632332
386,22,CHHATTISGARH,RAIGARH,-0.17937716262976805,-0.025951010969426334,-0.01300654211106347,0.005708481372659754,-686710.7421426367,-0.08089299344078942,-0.3839138792772011,0.12456747404844293,8502955
387,22,CHHATTISGARH,RAIPUR,-0.24415224913493366,-0.005812215509668344,0.01295917733278314,0.02582612667196629,-304804.8156023062,-0.08757740490717553,-0.454963475586313,0.1085121107266436,3486230
388,22,CHHATTISGARH,RAJ NANDGAON,-0.1793771626297732,-0.021140040060967716,-0.005836397663019252,0.016749464794897955,-728151.8983885912,-0.07540701331270017,-0.3839138792772011,0.13016532103037293,9670842
642,22,CHHATTISGARH,SUKMA,-0.13588619761629736,-0.012056901191849302,0.004480017000212616,0.024605920799692697,-391987.2471990081,-0.06081333319501668,-0.33685505574778934,0.14769703960015382,6458280
648,22,CHHATTISGARH,SURAJPUR,-0.1600000000000147,-0.012992867276689949,0.005713067133950356,0.021029940983272516,-450488.61364676064,-0.06789592670110506,-0.40359861591695495,0.14769703960015382,6646511
389,22,CHHATTISGARH,SURGUJA,-0.1600000000000063,-0.0017570950674766284,0.01675730010004589,0.03689078249215443,-287496.4627454427,-0.05921277693387214,-0.3839138792772011,0.16000000000000003,4864080
463,38,DADRA & NAGAR HAVELI & DAMAN & DIU,DAMAN,-0.3278123798539005,-0.09842368319877179,-0.08421376393694596,-0.0629911572472128,-15628.014715304944,-0.18349651589765023,-0.4340484429065744,-9.84236831987697E-4,86148
464,38,DADRA & NAGAR HAVELI & DAMAN & DIU,DIU,-0.3460207612456748,-0.11374086889657795,-0.09842368319876998,-0.07972318339100332,-9766.689729167592,-0.21151506177641274,-0.454963475586313,0.06698961937716265,47012
465,38,DADRA & NAGAR HAVELI & DAMAN & DIU,DADRA & NAGAR HAVELI,-0.2761399461745457,-0.021113701269677904,0.0016605483692489608,0.02106836216090795,-60914.73388977198,-0.10444539025291562,-0.4340484429065744,0.12456747404844293,587628
077,07,DELHI,CENTRAL,-0.3368550557477808,-0.17279507881584716,-0.13016532103037362,-0.07535563244905769,-31538.669206611285,-0.2330344813466863,-0.4444444444444444,-0.0271280276816609,137139
078,07,DELHI,EAST,-0.3368550557477858,-0.20693579392541764,-0.18608227604767236,-0.16000000000000014,-10299.490876241065,-0.25739014497778956,-0.40359861591695495,-0.006151480199923107,40526
079,07,DELHI,NEW DELHI,-0.3460207612456652,-0.1929104190695715,-0.17937716262975154,-0.15378700499807615,-50072.1567763718,-0.25177917942070244,-0.454963475586313,-0.05536332179930796,200534
080,07,DELHI,NORTH,-0.3460207612456618,-0.11374086889657554,-0.0935640138408285,-0.07972318339100554,-80364.723987503,-0.21650791061190108,-0.4444444444444444,0.01574778931180315,373407
081,07,DELHI,NORTH EAST,-0.35530949634755865,-0.179377162629759,-0.15378700499807774,-0.08421376393694749,-11116.529747383738,-0.24786407443130035,-0.40359861591695495,-0.05173394848135333,45774
082,07,DELHI,NORTH WEST,-0.35530949634755865,-0.12456747404843928,-0.10851211072664674,-0.09356401384083128,-43538.53672133145,-0.22289966792580307,-0.41362552864282975,0.0015378700499807767,197251
671,07,DELHI,SHAHADRA,-0.3368550557477849,-0.1998615916955005,-0.18608227604767172,-0.1663360246059203,-10983.33886134457,-0.25089904449619316,-0.3839138792772011,0.004982698961937716,44424
083,07,DELHI,SOUTH,-0.327812379853908,-0.2069357939253949,-0.19291041906957826,-0.17937716262975503,-50838.74958546854,-0.2514599102967022,-0.4340484429065744,-0.05536332179930796,203572
084,07,DELHI,SOUTH WEST,-0.3460207612456667,-0.14173010380623732,-0.11909265667051527,-0.10340638216070905,-80964.40017938582,-0.22503101676956483,-0.454963475586313,0.01384083044982699,362148
085,07,DELHI,WEST,-0.35530949634755865,-0.17937716262975492,-0.14173010380622628,-0.10851211072664334,-42445.098906435574,-0.2539445033642644,-0.4444444444444444,0.029773164167627833,168657
670,07,DELHI,SOUTH EAST,-0.3368550557477899,-0.18608227604767166,-0.1663360246059226,-0.1085121107266435,-31413.922189929803,-0.24375840017688458,-0.42377547097270285,-0.004982698961937716,130060
551,30,GOA,NORTH GOA,-0.17279507881584907,0.02586261599703699,0.04822760476739373,0.0711111111111124,-97033.83554349517,-0.04799442523800673,-0.39369473279507883,0.186082276047674,2026943
552,30,GOA,SOUTH GOA,-0.16633602460592434,0.048227604767398596,0.0669896193771656,0.08882737408688579,-65620.78410166557,-0.029000551199772392,-0.3839138792772011,0.2069357939254133,2268792
673,24,GUJARAT,MORBI,-0.34602076124566145,-0.10340638216073703,-0.08882737408688031,-0.07111111111111518,-1047645.7766312974,-0.17361906472539967,-0.5435447904652058,0.07111111111111111,6044416
438,24,GUJARAT,AHMADABAD,-0.33685505574778873,-0.08421376393696522,-0.06299115724723106,-0.03705148452774934,-1464972.6272088117,-0.16708113757724904,-0.4982698961937717,0.09842368319876971,8784863
440,24,GUJARAT,ANAND,-0.3100961168781214,-0.08421376393696871,-0.07111111111111983,-0.05911572472126099,-632291.3349358577,-0.16489351124210494,-0.48725874663590923,0.07535563244905807,3842291
674,24,GUJARAT,DEVBHUMI DWARKA,-0.3100961168781213,-0.09356401384085675,-0.0797231833910122,-0.051733948481354125,-803697.971677914,-0.16035196603274027,-0.4982698961937717,0.1085121107266436,5023982
447,24,GUJARAT,JAMNAGAR,-0.30142252979620754,-0.08882737408687522,-0.07535563244904708,-0.05911572472126428,-1072996.1296987566,-0.15028222103452413,-0.4982698961937717,0.09842368319876971,7153837
449,24,GUJARAT,KACHCHH,-0.3368550557478201,-0.07972318339099754,-0.05911572472126922,-0.03706137437574732,-9238361.090113709,-0.1862847545990048,-0.5206612841214917,0.08882737408688965,49630741
443,24,GUJARAT,BHAVNAGAR,-0.2928719723183473,-0.08421376393697091,-0.06698961937717308,-0.05173394848134886,-1195728.2220416784,-0.14724998342729306,-0.48725874663590923,0.10340638216070744,8129986
442,24,GUJARAT,BHARUCH,-0.29287197231835455,-0.07535563244905738,-0.059115724721253766,-0.037075530926495556,-847717.746268904,-0.14302077682444259,-0.48725874663590923,0.1085121107266436,5942322
459,24,GUJARAT,SURAT,-0.31889273356405834,-0.07111111111111905,-0.05536332179930405,-0.03707753318218181,-741278.7028019086,-0.14275460950137694,-0.47637062668204533,0.08882737408688965,5202601
453,24,GUJARAT,NAVSARI,-0.2519646289888449,-0.07111111111111741,-0.04484429065744396,-0.016827776379093506,-361285.3273902811,-0.13716810237780905,-0.4444444444444444,0.12456747404844293,2640202
462,24,GUJARAT,VALSAD,-0.2441522491349347,-0.02110507003997885,0.0016823066512080662,0.021062680337990115,-391074.6741633228,-0.1112759242007292,-0.4444444444444444,0.14173010380622836,3524114
672,24,GUJARAT,ARAVALLI,-0.2761399461745403,-0.10340638216072795,-0.07972318339100688,-0.0448442906574385,-631281.4831890594,-0.1646215284857601,-0.47637062668204533,0.13588619761630144,3843076
441,24,GUJARAT,BANAS KANTHA,-0.3460207612457339,-0.16633602460584576,-0.14173010380625786,-0.11374086889658357,-3109327.527894344,-0.2359128136822714,-0.5320415224913494,0.07535563244905807,13197838
668,24,GUJARAT,CHHOTA UDEPUR,-0.22145328719723195,-0.059115724721253086,-0.04158400615148119,-0.02599450054139905,-473744.30530752626,-0.11361898834128621,-0.454963475586313,0.11374086889657825,4179280
445,24,GUJARAT,DAHOD,-0.22145328719723165,-0.05911572472125459,-0.04158400615148124,-0.02596808421538795,-533102.6571298866,-0.12080985573242094,-0.454963475586313,0.10340638216070744,4420485
444,24,GUJARAT,DANGS,-0.13588619761629728,0.010396001537870313,0.024605920799691712,0.03844675124951988,-92462.0089002185,-0.04382349835575392,-0.3839138792772011,0.11374086889657825,2115144
675,24,GUJARAT,GIR SOMNATH,-0.27613994617455695,-0.07111111111111923,-0.0553633217993035,-0.03710542428054597,-426201.1387701681,-0.1348163466293147,-0.46560553633217994,0.13588619761630144,3168667
448,24,GUJARAT,JUNAGADH,-0.2679584775086512,-0.04822760476739189,-0.0370705130775655,-0.021168873180889232,-796025.7362937032,-0.10804704995880156,-0.4982698961937717,0.11909265667051133,7380122
669,24,GUJARAT,MAHISAGAR,-0.2441522491349376,-0.07972318339101579,-0.0629911572472112,-0.04822760476739441,-434905.99770485354,-0.1426040205725023,-0.454963475586313,0.11909265667051133,3057162
452,24,GUJARAT,NARMADA,-0.206935793925397,-0.032541330257589096,-0.016854123194314993,-0.001781446855927599,-317095.448430623,-0.09360545701931858,-0.4340484429065744,0.11374086889657825,3395262
454,24,GUJARAT,PANCH MAHALS,-0.2519646289888448,-0.07972318339101564,-0.06299115724721117,-0.04822760476739476,-572901.1403803912,-0.1441628441949079,-0.46560553633217994,0.09356401384083046,3982812
458,24,GUJARAT,SABAR KANTHA,-0.292871972318351,-0.11909265667052704,-0.09842368319876432,-0.0711111111111149,-922292.9909113486,-0.17817633969019991,-0.5094040753556325,0.12456747404844293,5187838
641,24,GUJARAT,TAPI,-0.19986159169549148,-0.037082380096297496,-0.021139936820794725,0.0016677666400160408,-349804.3198277767,-0.09300678703856506,-0.4340484429065744,0.11374086889657825,3771978
461,24,GUJARAT,VADODARA,-0.3278123798539287,-0.09356401384085866,-0.07535563244906275,-0.05911572472126167,-804599.8588154924,-0.1629660173970583,-0.47637062668204533,0.09842368319876971,4946678
439,24,GUJARAT,AMRELI,-0.2599000384467542,-0.05536332179930884,-0.04484429065744828,-0.029773164167627663,-990032.4449478968,-0.11282748531703932,-0.47637062668204533,0.10340638216070744,8788427
456,24,GUJARAT,PORBANDAR,-0.3100961168781147,-0.06299115724721116,-0.037031101489660045,-0.012998909068569467,-393099.5626927779,-0.14140023407073013,-0.4982698961937717,0.11374086889657825,2788240
457,24,GUJARAT,RAJKOT,-0.31889273356403475,-0.07111111111111497,-0.05911572472126127,-0.04484429065744116,-1246966.0889824503,-0.134647703606798,-0.5206612841214917,0.09356401384083046,9279397
460,24,GUJARAT,SURENDRANAGAR,-0.3100961168781151,-0.09356401384085691,-0.0753556324490451,-0.05173394848135115,-1844484.1377776894,-0.16605152812038418,-0.5094040753556325,0.08882737408688965,11127032
676,24,GUJARAT,BOTAD,-0.28444444444445377,-0.09356401384085786,-0.08421376393696074,-0.06698961937716269,-445756.5147497023,-0.14918021036262707,-0.48725874663590923,0.06698961937716265,2995174
450,24,GUJARAT,KHEDA,-0.2928719723183556,-0.1190926566705278,-0.10340638216072112,-0.0797231833910048,-752587.768294181,-0.18052534925575633,-0.48725874663590923,0.07535563244905807,4177913
451,24,GUJARAT,MAHESANA,-0.3278123798538943,-0.1599999999999687,-0.1417301038062214,-0.1245674740484409,-1121240.8543371232,-0.20834498370661728,-0.4982698961937717,0.08882737408688965,5393193
446,24,GUJARAT,GANDHINAGAR,-0.33685505574778596,-0.1476970396001763,-0.13016532103036288,-0.11374086889657446,-523973.3088300036,-0.20507456972482288,-0.4982698961937717,0.0629911572472126,2563098
455,24,GUJARAT,PATAN,-0.33685505574780916,-0.15378700499803363,-0.13588619761632528,-0.11374086889657462,-1535697.6512744904,-0.21764913369616756,-0.5094040753556325,0.0629911572472126,7069966
058,06,HARYANA,AMBALA,-0.29287197231835893,-0.08421376393696445,-0.07111111111111755,-0.0629911572472113,-294911.2050845075,-0.1508072408351305,-0.4340484429065744,0.029773164167627833,1963507
059,06,HARYANA,BHIWANI,-0.3553094963475522,-0.15378700499803086,-0.11374086889659821,-0.08882737408689054,-1003885.2177321671,-0.2397566681796605,-0.46560553633217994,0.03254133025759323,4194676
060,06,HARYANA,FARIDABAD,-0.3188927335640273,-0.1301653210303601,-0.11374086889657371,-0.0984236831987721,-202102.63062565052,-0.21452289819566822,-0.42377547097270285,0.012056901191849288,945230
061,06,HARYANA,FATEHABAD,-0.3014225297962168,-0.07111111111112016,-0.05911572472126085,-0.048227604767392254,-469113.5191070442,-0.14478575529795532,-0.454963475586313,-0.003014225297962322,3246738
062,06,HARYANA,GURUGRAM,-0.3647212610535014,-0.17279507881585068,-0.15378700499808515,-0.1301653210303685,-393224.40828581067,-0.2482529087415305,-0.47637062668204533,0.01384083044982699,1589083
063,06,HARYANA,HISAR,-0.3278123798539128,-0.10340638216073558,-0.09356401384085901,-0.07972318339101547,-993250.4881713551,-0.19080811300965642,-0.47637062668204533,0.008858131487889272,5213950
064,06,HARYANA,JHAJJAR,-0.3368550557477811,-0.10340638216073944,-0.08882737408687306,-0.07972318339101553,-441940.0556506921,-0.18716047858545684,-0.47637062668204533,0.029773164167627833,2367667
065,06,HARYANA,JIND,-0.3014225297962144,-0.07972318339101941,-0.06698961937717061,-0.05911572472125566,-486973.66377257486,-0.13930959046364164,-0.46560553633217994,0.029773164167627833,3503951
066,06,HARYANA,KAITHAL,-0.28444444444446654,-0.06698961937717791,-0.059115724721252164,-0.051733948481346395,-353496.69479935645,-0.1209638245221784,-0.4340484429065744,0.03543252595155709,2929802
067,06,HARYANA,KARNAL,-0.2844444444444598,-0.06299115724724208,-0.05536332179930487,-0.04484429065744361,-384014.0126962305,-0.12077654545765688,-0.454963475586313,0.03543252595155709,3186602
068,06,HARYANA,KURUKSHETRA,-0.28444444444446565,-0.06698961937717583,-0.05911572472124399,-0.05173394848134724,-270273.13968105894,-0.12520075593131744,-0.4444444444444444,0.029773164167627833,2164099
069,06,HARYANA,MAHENDRAGARH,-0.3647212610534777,-0.2141330257592297,-0.1998615916954838,-0.1860822760476965,-644508.3703246232,-0.2633466805015062,-0.48725874663590923,-0.012056901191849288,2455293
604,06,HARYANA,MEWAT,-0.31889273356403464,-0.14173010380622442,-0.11909265667052316,-0.08882737408688599,-401132.82295547606,-0.20963729859340574,-0.47637062668204533,0.05173394848135333,1920287
619,06,HARYANA,PALWAL,-0.3100961168781171,-0.12456747404847537,-0.10851211072665423,-0.09356401384082554,-323661.0922264973,-0.18834863496624238,-0.46560553633217994,0.03254133025759323,1723336
070,06,HARYANA,PANCHKULA,-0.28444444444444855,-0.08421376393695237,-0.0629911572472113,-0.03702286604660305,-177151.04241689746,-0.15519064530798846,-0.42377547097270285,0.08421376393694734,1145979
071,06,HARYANA,PANIPAT,-0.31889273356402453,-0.07972318339101761,-0.07111111111111826,-0.06299115724721122,-245760.88040646797,-0.147471630379808,-0.454963475586313,0.019930795847750864,1670732
072,06,HARYANA,REWARI,-0.3553094963475511,-0.18608227604764982,-0.16633602460592511,-0.14769703960015743,-471093.2336177167,-0.23958229889388252,-0.48725874663590923,0.019930795847750864,1972079
073,06,HARYANA,ROHTAK,-0.32781237985389106,-0.09356401384087316,-0.07972318339101721,-0.07111111111111768,-355007.26050067425,-0.1669989697000074,-0.47637062668204533,0.03543252595155709,2130843
074,06,HARYANA,SIRSA,-0.3368550557477797,-0.1085121107266652,-0.0935640138408629,-0.07972318339101671,-1067592.4723851425,-0.19484616462556392,-0.47637062668204533,0.03254133025759323,5487960
075,06,HARYANA,SONIPAT,-0.310096116878126,-0.07972318339101912,-0.07111111111111927,-0.06299115724721117,-419716.0782540845,-0.15093912146419858,-0.47637062668204533,0.05536332179930796,2786505
076,06,HARYANA,YAMUNANAGAR,-0.27613994617455795,-0.08421376393696522,-0.0711111111111179,-0.051733948481352474,-321621.74809493474,-0.14487565401319624,-0.41362552864282975,0.07972318339100345,2225647
701,06,HARYANA,CHARKHI DADRI,-0.36472126105345837,-0.17279507881585035,-0.13588619761633175,-0.11374086889657263,-428204.2689981438,-0.24376691797067654,-0.48725874663590923,0.01384083044982699,1761774
015,02,HIMACHAL PRADESH,BILASPUR,-0.21413302575932835,-0.0384467512495208,-0.012056901191849092,0.008858131487889684,-172182.8468217199,-0.11313418050369596,-0.37425605536332185,0.11909265667051133,1527049
016,02,HIMACHAL PRADESH,CHAMBA,-0.17279507881584927,0.059115724721258034,0.07972318339101295,0.1034063821607109,-300915.7691277674,-0.034897723070437286,-0.3278123798539023,0.2288965782391388,8634536
017,02,HIMACHAL PRADESH,HAMIRPUR,-0.1998615916954916,-0.05173394848134789,-0.0325413302575924,-0.010396001537870188,-161922.77142969368,-0.11086113006392388,-0.33685505574778934,0.09356401384083046,1464411
018,02,HIMACHAL PRADESH,KANGRA,-0.1998615916954857,0.01296998625317665,0.041584006151480425,0.07535563244905208,-615433.5533482779,-0.08147400245401976,-0.41362552864282975,0.21413302575932336,7565612
020,02,HIMACHAL PRADESH,KULLU,-0.17279507881584927,0.059115724721249784,0.07972318339101457,0.103406382160712,-251972.58288650357,-0.03498355290623274,-0.36472126105344094,0.2288965782391388,7211360
022,02,HIMACHAL PRADESH,MANDI,-0.17937716262975123,0.04158400615148077,0.06698961937717038,0.0984236831987692,-291961.19566386216,-0.05646664256356083,-0.3553094963475586,0.2069357939254133,5177402
023,02,HIMACHAL PRADESH,SHIMLA,-0.18608227604769567,0.06698961937717025,0.08882737408688438,0.10851211072664038,-286719.4267095458,-0.04293277490737286,-0.34602076124567477,0.2288965782391388,6689722
024,02,HIMACHAL PRADESH,SIRMAUR,-0.19986159169549025,0.009655189806234206,0.03691537568087583,0.06698961937716409,-281245.0225967601,-0.07677285503610458,-0.40359861591695495,0.1929104190695886,3670428
025,02,HIMACHAL PRADESH,SOLAN,-0.23646289888505825,-0.025931731512648673,0.0016930930782854516,0.025861921523385695,-265550.99126339186,-0.1054435199115508,-0.41362552864282975,0.13588619761630144,2524974
026,02,HIMACHAL PRADESH,UNA,-0.2364628988850242,-0.07111111111111784,-0.04484429065743806,-0.005767481872063091,-283205.10340720357,-0.14036928641949276,-0.40359861591695495,0.10340638216070744,2022495
019,02,HIMACHAL PRADESH,KINNAUR,-0.21413302575928206,0.01677856446485905,0.04484429065744363,0.07111111111111695,-629317.7527349576,-0.07396279470243829,-0.37425605536332185,0.19986159169550174,8518904
021,02,HIMACHAL PRADESH,LAHUL & SPITI,-0.21413302575926466,-0.016814445915760555,0.005731029450501321,0.032541330257592704,-1814946.3159947658,-0.09844660153379564,-0.36472126105344094,0.17937716262975778,18455211
,01,JAMMU & KASHMIR,MIRPUR,-0.2519646289888447,-0.01299133641234823,0.009644765082439319,0.032541330257592684,-546404.9948857347,-0.11317235670054751,-0.4340484429065744,0.16000000000000003,4837249
,01,JAMMU & KASHMIR,MUZAFFARABAD,-0.17279507881584955,0.059115724721261406,0.07972318339101003,0.1034063821607044,-191548.18383213252,-0.02948759162628035,-0.36472126105344094,0.24415224913494812,6508506
010,01,JAMMU & KASHMIR,PUNCH,-0.17279507881584938,0.04822760476739859,0.0753556324490501,0.09842368319877058,-245443.59725252818,-0.04312231289063641,-0.3553094963475586,0.21413302575932336,5700333
001,01,JAMMU & KASHMIR,ANANTNAG,-0.22145328719721422,0.05173394848134876,0.07111111111111598,0.0935640138408261,-164588.3572015327,-0.04497906432556773,-0.37425605536332185,0.19986159169550174,3666744
003,01,JAMMU & KASHMIR,BARAMULA,-0.23646289888505742,0.059115724721265195,0.07972318339101211,0.10340638216070304,-126193.61604693807,-0.04543491460482963,-0.37425605536332185,0.2069357939254133,2783290
007,01,JAMMU & KASHMIR,KATHUA,-0.2441522491349335,0.01296856572244684,0.04484429065744209,0.07535563244905219,-308184.37667438644,-0.09315626700460526,-0.41362552864282975,0.19986159169550174,3314635
014,01,JAMMU & KASHMIR,UDHAMPUR,-0.18608227604770142,0.05536332179930311,0.07972318339101303,0.10340638216070798,-134548.60585773556,-0.04444391559541379,-0.37425605536332185,0.21413302575932336,3033474
002,01,JAMMU & KASHMIR,BADGAM,-0.2761399461745588,0.04484429065744137,0.06698961937716474,0.08882737408688827,-122545.4869131611,-0.07300146414755516,-0.40359861591695495,0.2069357939254133,1682823
623,01,JAMMU & KASHMIR,BANDIPURA,-0.17279507881584869,0.0629911572472111,0.08421376393695541,0.10851211072664516,-106427.35133240446,-0.019444703534478473,-0.3553094963475586,0.21413302575932336,5482179
626,01,JAMMU & KASHMIR,GANDERBAL,-0.20693579392541428,0.0553633217993053,0.07535563244905069,0.09842368319876604,-80484.91704984283,-0.036831730044287504,-0.33685505574778934,0.2069357939254133,2192068
622,01,JAMMU & KASHMIR,KULGAM,-0.22889657823914258,0.04158400615148123,0.06299115724721117,0.08421376393694727,-82426.69310426837,-0.04868285785281854,-0.37425605536332185,0.21413302575932336,1698369
008,01,JAMMU & KASHMIR,KUPWARA,-0.19291041906958514,0.07972318339101314,0.1034063821607109,0.12456747404844078,-51405.95437446452,-0.013850395580403706,-0.36472126105344094,0.21413302575932336,3717596
011,01,JAMMU & KASHMIR,PULWAMA,-0.27613994617452015,0.012974686218415684,0.0448442906574383,0.07111111111111298,-114499.57199934825,-0.09505939273424903,-0.3839138792772011,0.186082276047674,1208381
012,01,JAMMU & KASHMIR,RAJAURI,-0.1663360246059249,0.036923950827420546,0.05911572472126447,0.07972318339100731,-169169.5298440193,-0.0481333377506371,-0.36472126105344094,0.1929104190695886,3521026
621,01,JAMMU & KASHMIR,RAMBAN,-0.1998615916954897,0.0369550740741978,0.06299115724721126,0.08421376393694957,-92709.6107297384,-0.05394166156435717,-0.37425605536332185,0.17937716262975778,1722238
627,01,JAMMU & KASHMIR,RIASI,-0.19986159169548953,0.04158400615148127,0.06299115724721116,0.0888273740868885,-144664.05977435116,-0.056161820858265224,-0.37425605536332185,0.22145328719723184,2582725
625,01,JAMMU & KASHMIR,SHUPIYAN,-0.22889657823913476,0.04158400615148121,0.05911572472126409,0.07535563244905949,-26639.112989359877,-0.03931421104817259,-0.37425605536332185,0.15378700499807765,681043
013,01,JAMMU & KASHMIR,SRINAGAR,-0.3100961168781271,-0.0517339484813547,-0.015747789311802988,0.008858131487889135,-60369.05096445085,-0.1594475319114738,-0.40359861591695495,0.08882737408688965,381957
620,01,JAMMU & KASHMIR,KISHTWAR,-0.1663360246059247,0.05911572472125484,0.07972318339101352,0.1034063821607126,-298247.7819987185,-0.02728668721385262,-0.37425605536332185,0.2288965782391388,10942149
004,01,JAMMU & KASHMIR,DODA,-0.17937716262975723,0.0669896193771697,0.08882737408688361,0.10851211072664035,-94077.12686314837,-0.029358651715247385,-0.34602076124567477,0.21413302575932336,3210495
624,01,JAMMU & KASHMIR,SAMBA,-0.29287197231835577,-0.09842368319877526,-0.07535563244905655,-0.051733948481354285,-207821.6110339776,-0.16928242227345322,-0.42377547097270285,0.05536332179930796,1231705
005,01,JAMMU & KASHMIR,JAMMU,-0.2761399461745418,-0.0711111111111169,-0.04822760476739411,-0.021120953412585016,-469545.10661938146,-0.14686347998410387,-0.4340484429065744,0.13588619761630144,3204791
322,20,JHARKHAND,BOKARO,-0.19986159169548876,-0.04158400615148129,-0.025967984280940184,-0.009681399586482516,-339757.7368037364,-0.0968055215249501,-0.41362552864282975,0.10340638216070744,3518062
323,20,JHARKHAND,CHATRA,-0.19291041906957773,-0.051733948481346256,-0.037058484094430896,-0.01684357098445973,-475152.31598540564,-0.10205416793305164,-0.41362552864282975,0.11374086889657825,4666877
325,20,JHARKHAND,DHANBAD,-0.20693579392540257,-0.05173394848134681,-0.03844675124952132,-0.022206843521721798,-275865.8941661368,-0.11094821562365664,-0.36472126105344094,0.09356401384083046,2490976
324,20,JHARKHAND,DEOGHAR,-0.1998615916954876,-0.03254133025758981,-0.017777777777778624,-0.0026568849203232664,-288713.4134561393,-0.09482582233210282,-0.39369473279507883,0.08882737408688965,3050828
326,20,JHARKHAND,DUMKA,-0.17937716262976602,-0.013840830449827009,8.988144323730945E-4,0.017777777777777937,-351977.6251770032,-0.07642214194284336,-0.3839138792772011,0.10340638216070744,4613615
328,20,JHARKHAND,GARHWA,-0.22889657823913553,-0.055363321799300445,-0.0370630337492054,-0.013003404484866608,-561553.5446177379,-0.11195970611248546,-0.39369473279507883,0.13588619761630144,5023969
329,20,JHARKHAND,GIRIDIH,-0.19986159169548676,-0.03254133025759177,-0.015747789311802807,8.972691603885614E-4,-574181.1695871429,-0.09446047254744909,-0.36472126105344094,0.11374086889657825,6087886
330,20,JHARKHAND,GODDA,-0.21413302575933085,-0.024605920799694002,-0.010396001537870285,0.004476081528404016,-239533.73228607548,-0.08530548380133077,-0.39369473279507883,0.07972318339100345,2814180
331,20,JHARKHAND,GUMLA,-0.14769703960017003,0.005731076396029414,0.021045018958501787,0.03684380853607326,-353465.972536845,-0.0543371313774437,-0.36472126105344094,0.14173010380622836,6516036
332,20,JHARKHAND,HAZARIBAGH,-0.1998615916954896,-0.03703454784023985,-0.025966368841801646,-0.009690553497498,-508786.40281542897,-0.0959624352217922,-0.41362552864282975,0.09356401384083046,5315097
333,20,JHARKHAND,JAMTARA,-0.1929104190695865,-0.02220684352172227,-0.008858131487889838,0.004486918254526119,-180440.50132455063,-0.08172071946634785,-0.3278123798539023,0.09842368319876971,2214404
606,20,JHARKHAND,KHUNTI,-0.15378700499808604,-0.019930795847753157,-0.0044980757841525006,0.012056901191849045,-227745.27139385414,-0.07124256419466034,-0.36472126105344094,0.1085121107266436,3204257
334,20,JHARKHAND,KODARMA,-0.21413302575932688,-0.0482276047673917,-0.032541330257593724,-0.013840830449826825,-209743.4653493126,-0.10436329923684493,-0.37425605536332185,0.10340638216070744,2016064
335,20,JHARKHAND,LATEHAR,-0.15378700499808423,-0.013003899741757474,0.009638983758359974,0.03254133025759288,-351146.4243668815,-0.06788912233321982,-0.36472126105344094,0.15378700499807765,5182155
336,20,JHARKHAND,LOHARDAGA,-0.159999999999996,0.012952672990971309,0.029773164167628582,0.051733948481352245,-92765.508273913,-0.050600169959159086,-0.37425605536332185,0.13588619761630144,1838361
337,20,JHARKHAND,PAKUR,-0.18608227604768307,-0.004502168601426903,0.010396001537870266,0.027128027681661195,-148276.61938573327,-0.067100906123285,-0.34602076124567477,0.10340638216070744,2216228
338,20,JHARKHAND,PALAMU,-0.22145328719723206,-0.05911572472125189,-0.04158400615148121,-0.021144803709144372,-604601.3568708019,-0.11180153889868792,-0.41362552864282975,0.13588619761630144,5416996
343,20,JHARKHAND,WEST SINGHBHUM,-0.16633602460591224,-0.016823285915874016,0.0016711323497465738,0.016740921523228723,-617044.1881141898,-0.07073092142781787,-0.41362552864282975,0.14173010380622836,8734513
327,20,JHARKHAND,EAST SINGHBHUM,-0.19986159169548673,-0.02112131388081672,-0.0017559467294286188,0.012928667223378702,-385805.41922021843,-0.08975460678616137,-0.3839138792772011,0.11909265667051133,4306723
607,20,JHARKHAND,RAMGARH,-0.2069357939254053,-0.04158400615148117,-0.0246059207996925,-0.004519795887599054,-175336.18133806283,-0.10322336024028428,-0.3839138792772011,0.09356401384083046,1705200
339,20,JHARKHAND,RANCHI,-0.19291041906959172,-0.016812910596071304,-0.0017484506462813727,0.016737641879937905,-491441.4094470775,-0.08108900144241378,-0.40359861591695495,0.11909265667051133,6072574
340,20,JHARKHAND,SAHIBGANJ,-0.19986159169549186,-0.012056901191848825,0.006811228056745114,0.02460592079969304,-206532.33378086868,-0.07653565483636894,-0.39369473279507883,0.09842368319876971,2704649
341,20,JHARKHAND,SARAIKELA-KHARSAWAN,-0.1998615916954887,-0.02712802768166272,-0.01039600153787027,0.010396001537870228,-298271.102466086,-0.09258864927158147,-0.3839138792772011,0.10340638216070744,3228630
342,20,JHARKHAND,SIMDEGA,-0.16000000000000436,-0.04158400615147089,-0.02596959260172963,-0.013030979763536444,-383486.23191992,-0.08394999290227585,-0.39369473279507883,0.12456747404844293,4575865
524,29,KARNATAKA,BAGALKOT,-0.19291041906958142,-0.0017436261382893835,0.01676323826365017,0.041584006151481064,-498228.1124487714,-0.06533647284852913,-0.4340484429065744,0.16000000000000003,7637876
528,29,KARNATAKA,BALLARI,-0.20693579392539613,0.00573421183355551,0.03694084318732893,0.0669896193771653,-640249.1066796858,-0.0653532763396154,-0.4340484429065744,0.17937716262975778,9811668
527,29,KARNATAKA,BELAGAVI,-0.1600000000000034,0.029773164167630452,0.048227604767397354,0.06698961937716676,-509644.02362316987,-0.03261256878383187,-0.42377547097270285,0.2364628988850442,15647841
526,29,KARNATAKA,BENGALURU RURAL,-0.214133025759325,-0.013004883331305572,0.005723815351723811,0.021043981944298136,-194714.66924621337,-0.07379125957643154,-0.42377547097270285,0.17937716262975778,2647699
525,29,KARNATAKA,BENGALURU URBAN,-0.3014225297961893,-0.044844290657440694,-0.02594788267943848,-0.0017626367813492088,-346906.96736712806,-0.13770849545791863,-0.4444444444444444,0.16000000000000003,2525378
529,29,KARNATAKA,BIDAR,-0.16000000000000053,0.0016755746358089497,0.01674741463874297,0.03685749674126731,-309852.3681236808,-0.04842603669738719,-0.3839138792772011,0.13016532103037293,6408943
531,29,KARNATAKA,CHAMARAJANAGAR,-0.1476970396001564,0.036930894359070876,0.06299115724721122,0.08421376393695182,-246065.25550031045,-0.03812530036223428,-0.41362552864282975,0.2069357939254133,6464990
630,29,KARNATAKA,CHIK BALLAPUR,-0.18608227604768354,-0.021142847224355634,-0.005862557649816389,0.012934130020699064,-375882.41520181345,-0.0770277154389282,-0.42377547097270285,0.1929104190695886,4888990
532,29,KARNATAKA,CHIKKAMAGALURU,-0.0935640138408252,0.07535563244906064,0.0984236831987634,0.12456747404845299,88777.16495538408,0.010723232352504124,-0.3839138792772011,0.2519646289888504,8290158
533,29,KARNATAKA,CHITRADURGA,-0.18608227604769118,0.0016795315739744682,0.021061940126439138,0.04158400615148116,-622959.2976289835,-0.0640592146878639,-0.4340484429065744,0.186082276047674,9737571
534,29,KARNATAKA,DAKSHINA KANNADA,-0.1476970396001723,0.029773164167629717,0.05536332179930651,0.08421376393694557,-184228.0186604178,-0.03307526123689308,-0.41362552864282975,0.2364628988850442,5579048
535,29,KARNATAKA,DAVANGERE,-0.15378700499808065,0.02106689661548837,0.04822760476739699,0.07972318339100971,-286082.5640124752,-0.041850009722389135,-0.39369473279507883,0.19986159169550174,6847089
536,29,KARNATAKA,DHARWAD,-0.15378700499808173,0.041584006151473694,0.05173394848134672,0.06299115724721119,-59469.35142153255,-0.01204762740622076,-0.37425605536332185,0.19986159169550174,4944779
537,29,KARNATAKA,GADAG,-0.17937716262975217,0.021053553631608872,0.03254133025759136,0.044844290657438536,-230740.14532901542,-0.04273219872032384,-0.39369473279507883,0.14769703960015382,5409858
539,29,KARNATAKA,HASSAN,-0.10340638216070551,0.06698961937717265,0.08882737408688234,0.11374086889657642,43503.590105361494,0.005565492508406054,-0.39369473279507883,0.2761399461745483,7828705
540,29,KARNATAKA,HAVERI,-0.15378700499808073,0.0057254064231477145,0.02582483508537547,0.04822760476739508,-252726.0553934586,-0.04534006417539271,-0.41362552864282975,0.19986159169550174,5582700
538,29,KARNATAKA,KALABURAGI,-0.19291041906958328,-0.009673396856895573,0.005721403626910575,0.025824293876945216,-810738.2268629414,-0.06324706156967871,-0.42377547097270285,0.15378700499807765,12835141
541,29,KARNATAKA,KODAGU,-0.04822760476739441,0.09842368319875808,0.11909265667052148,0.13588619761629758,187245.16963526793,0.03988107516543906,-0.3188927335640138,0.2761399461745483,4703960
542,29,KARNATAKA,KOLAR,-0.19291041906957576,-0.02114516145578628,-0.005852322834140169,0.009635048582614596,-346680.97250407765,-0.07590266977846286,-0.40359861591695495,0.2069357939254133,4576751
543,29,KARNATAKA,KOPPAL,-0.20693579392540318,0.001696291457070753,0.02977316416762779,0.055363321799306905,-495327.58898894687,-0.0766639749832877,-0.41362552864282975,0.14173010380622836,6471180
544,29,KARNATAKA,MANDYA,-0.16000000000000317,0.021055367383245593,0.04484429065743964,0.07535563244905923,-229283.05810262443,-0.04032924845352564,-0.40359861591695495,0.2288965782391388,5695228
545,29,KARNATAKA,MYSURU,-0.17279507881584844,0.05173394848134657,0.07535563244904894,0.09842368319876983,-140680.7991819728,-0.01949801696629226,-0.41362552864282975,0.2288965782391388,7227650
546,29,KARNATAKA,RAICHUR,-0.20693579392540223,0.012971234643344988,0.04158400615147734,0.05911572472125743,-724168.6499996551,-0.07375264361137822,-0.4340484429065744,0.14769703960015382,9829398
631,29,KARNATAKA,RAMANAGARAM,-0.17279507881584766,-0.013004515860778049,0.0016591949289004176,0.021033265379239996,-255128.61100778639,-0.06337995863379961,-0.4444444444444444,0.15378700499807765,4034113
547,29,KARNATAKA,SHIVAMOGGA,-0.11374086889657527,0.04822760476739833,0.07972318339100884,0.1190926566705117,-137946.61247847156,-0.014121969337704893,-0.39369473279507883,0.2599000384467512,9782492
548,29,KARNATAKA,TUMAKURU,-0.1793771626297526,-0.0017573612961828574,0.01675627707305952,0.03685415803246407,-714206.9123789624,-0.05861717648961516,-0.4444444444444444,0.21413302575932336,12204538
549,29,KARNATAKA,UDUPI,-0.1476970396001578,0.02977316416762875,0.055363321799309334,0.0842137639369497,-179250.4771432926,-0.043527132565124624,-0.40359861591695495,0.19986159169550174,4125180
550,29,KARNATAKA,UTTARA KANNADA,-0.11374086889657495,0.0553633217993021,0.07535563244904628,0.09356401384082386,-81789.61628215658,-0.006885525254404011,-0.39369473279507883,0.24415224913494812,11893283
530,29,KARNATAKA,VIJAYAPURA,-0.1929104190695777,-0.021142229562536453,-0.0017538726066630144,0.02585006119630187,-941782.5761060974,-0.07688621338777722,-0.42377547097270285,0.16000000000000003,12262243
635,29,KARNATAKA,YADGIR,-0.1998615916954913,-0.005808184352874473,0.03697958054621058,0.06299115724721123,-482929.42004866234,-0.07852515011004767,-0.4340484429065744,0.14769703960015382,6160245
554,32,KERALA,ALAPPUZHA,-0.19291041906958045,0.03694827941527535,0.059115724721264626,0.0842137639369455,-113452.46974872262,-0.07045331256989917,-0.42377547097270285,0.19986159169550174,1615612
555,32,KERALA,ERNAKULAM,-0.23646289888506006,0.05536332179930044,0.08882737408688995,0.12456747404844992,-166541.8624913092,-0.047919036820950896,-0.40359861591695495,0.2599000384467512,3482949
556,32,KERALA,IDUKKI,-0.05911572472126361,0.14173010380624448,0.15999999999997938,0.1793771626297866,334757.93910420063,0.0676984460510378,-0.31009611687812383,0.28444444444444444,4955513
557,32,KERALA,KANNUR,-0.1537870049980849,0.05173394848134727,0.07535563244904805,0.10340638216070425,-82910.4430839715,-0.024449508713810523,-0.3839138792772011,0.2069357939254133,3397343
558,32,KERALA,KASARAGOD,-0.14173010380623366,0.04158400615147493,0.0629911572472112,0.08421376393694521,-57640.08464292022,-0.02526136744173215,-0.37425605536332185,0.17279507881584008,2288384
559,32,KERALA,KOLLAM,-0.15378700499808595,0.07535563244904568,0.10340638216072207,0.13016532103037276,-39572.064991657295,-0.014071781722468396,-0.41362552864282975,0.24415224913494812,2818601
560,32,KERALA,KOTTAYAM,-0.15378700499808337,0.05173394848134847,0.07535563244905166,0.09842368319876621,-64597.342750127944,-0.0258223757826363,-0.3839138792772011,0.2761399461745483,2507427
561,32,KERALA,KOZHIKODE,-0.1599999999999957,0.07535563244904925,0.10340638216070981,0.13016532103037265,-54971.714491907536,-0.02052012294646952,-0.37425605536332185,0.2364628988850442,2684454
562,32,KERALA,MALAPPURAM,-0.1358861976162969,0.05911572472126472,0.09356401384082522,0.14173010380623652,-89671.49287463904,-0.022137350042817527,-0.36472126105344094,0.2519646289888504,4058183
563,32,KERALA,PALAKKAD,-0.1600000000000167,0.08421376393695734,0.10851211072665365,0.1358861976163036,-65996.749348274,-0.012934312109237957,-0.4340484429065744,0.2519646289888504,5112539
564,32,KERALA,PATTANAMTHITTA,-0.1137408688965799,0.12456747404847285,0.14769703960017708,0.1663360246059096,74528.5249056533,0.02481217223349499,-0.3553094963475586,0.2761399461745483,3011006
565,32,KERALA,THIRUVANANTHAPURAM,-0.1860822760476964,0.06299115724721113,0.09356401384082272,0.13016532103036788,-59418.08929911513,-0.023955624706364337,-0.42377547097270285,0.24415224913494812,2485730
566,32,KERALA,TRISSUR,-0.1793771626297517,0.05911572472126283,0.08421376393694827,0.11374086889657763,-129066.76505902827,-0.037455339279128225,-0.39369473279507883,0.2599000384467512,3453173
567,32,KERALA,WAYANAD,-0.059115724721263876,0.09356401384082426,0.11374086889657338,0.1417301038062375,87147.94770759037,0.03581375664945453,-0.2599000384467512,0.2599000384467512,2438701
009,37,LADAKH,LEH,-0.21413302575927637,0.009642819238925241,0.032541330257591074,0.059115724721263925,-1.512301598697471E7,-0.07217140475744878,-0.4340484429065744,0.2069357939254133,209611635
006,37,LADAKH,KARGIL,-0.22145328719722268,-0.021124145474047444,0.001675677772310479,0.025849244770024184,-1919895.6982220002,-0.10069754343950958,-0.39369473279507883,0.17937716262975778,19084969
553,31,LAKSHADWEEP,LAKSHADWEEP,-0.21413302575932344,-0.08882737408688969,-0.07535563244905814,-0.0629911572472126,-4257.866781494276,-0.13518223874999805,-0.2599000384467512,-0.006151480199923107,33702
667,23,MADHYA PRADESH,AGAR MALWA,-0.2288965782391434,-0.04158400615147337,-0.0297731641676295,-0.013025730158974359,-337260.84767776134,-0.10117194700610041,-0.47637062668204533,0.08882737408688965,3340865
639,23,MADHYA PRADESH,ALIRAJPUR,-0.18608227604770128,-0.05173394848134653,-0.03704346821607913,-0.021174375366171217,-422454.8197298977,-0.10503766304460085,-0.40359861591695495,0.13016532103037293,4031207
390,23,MADHYA PRADESH,ANUPPUR,-0.16000000000001127,0.01676576334490155,0.032541330257593336,0.055363321799309285,-231191.42171887087,-0.050499561470562775,-0.40359861591695495,0.15378700499807765,4589056
391,23,MADHYA PRADESH,ASHOKNAGAR,-0.2069357939254029,-0.051733948481345285,-0.03706982143619075,-0.016848231879278072,-581583.9217599455,-0.10002730494794997,-0.42377547097270285,0.14769703960015382,5822740
392,23,MADHYA PRADESH,BALAGHAT,-0.14769703960016597,-0.005838033892059713,0.0096326795090658,0.021026879654108425,-633511.2377076299,-0.05692855840531474,-0.3839138792772011,0.16000000000000003,11141974
393,23,MADHYA PRADESH,BARWANI,-0.18608227604769476,-0.01682934696009257,-0.0017558129246745,0.016747414090984403,-507307.18269417057,-0.0777187520034741,-0.42377547097270285,0.13016532103037293,6536978
394,23,MADHYA PRADESH,BETUL,-0.13588619761630663,0.005717655397843933,0.016740049296376753,0.03254133025759269,-562436.9207885244,-0.04649661042521191,-0.39369473279507883,0.14769703960015382,12110448
395,23,MADHYA PRADESH,BHIND,-0.28444444444446243,-0.13016532103034809,-0.11374086889659048,-0.09356401384082348,-1038218.1366832445,-0.18673364079061802,-0.4444444444444444,0.08421376393694734,5571431
396,23,MADHYA PRADESH,BHOPAL,-0.2519646289888451,-0.025957859815012276,-0.013015267835185243,0.0016428441005636829,-292345.4284408165,-0.08682318302943164,-0.42377547097270285,0.11909265667051133,3374356
397,23,MADHYA PRADESH,BURHANPUR,-0.16633602460592467,-0.009678641859979088,0.005707649434363422,0.016740705767282652,-251898.52413171052,-0.06513577519670559,-0.4340484429065744,0.12456747404844293,3873783
398,23,MADHYA PRADESH,CHHATARPUR,-0.24415224913492914,-0.07111111111111516,-0.04822760476739502,-0.029773164167628142,-1508513.028320721,-0.14141397811494344,-0.4444444444444444,0.11909265667051133,10687142
399,23,MADHYA PRADESH,CHHINDWARA,-0.13016532103037357,0.009636095873808738,0.02582986908582619,0.04158400615148111,-559142.7677545146,-0.03927842858967662,-0.40359861591695495,0.17937716262975778,14251129
400,23,MADHYA PRADESH,DAMOH,-0.1929104190695878,-0.04158400615147044,-0.02977316416762982,-0.016866852048640982,-788853.0594888263,-0.08853257507771978,-0.40359861591695495,0.15378700499807765,8922849
401,23,MADHYA PRADESH,DATIA,-0.2761399461745385,-0.08421376393696473,-0.07111111111111854,-0.05911572472126389,-509681.66969357134,-0.15308247910069978,-0.454963475586313,0.07972318339100345,3340498
402,23,MADHYA PRADESH,DEWAS,-0.1998615916954904,-0.021131729291329948,-0.005842461425100378,0.009629877195728878,-655529.9308526013,-0.07720659312976974,-0.4444444444444444,0.1085121107266436,8505726
403,23,MADHYA PRADESH,DHAR,-0.21413302575932777,-0.03254133025758742,-0.016827466012263117,0.0016592614701867534,-898726.0343988959,-0.09118727429667435,-0.4444444444444444,0.11374086889657825,9867234
404,23,MADHYA PRADESH,DINDORI,-0.1137408688965748,0.029773164167631306,0.041584006151478614,0.059115724721263946,-171225.10252371483,-0.024592209852440518,-0.3278123798539023,0.14769703960015382,6974940
405,23,MADHYA PRADESH,EAST NIMAR,-0.17279507881584796,-0.016826145603346953,-0.0017671603791007899,0.00961655565425215,-575667.4040297584,-0.06402980906705642,-0.41362552864282975,0.11909265667051133,9002549
406,23,MADHYA PRADESH,GUNA,-0.21413302575932927,-0.048227604767397854,-0.03705420921492106,-0.016841995958793668,-814639.0898672207,-0.10405308474817047,-0.454963475586313,0.12456747404844293,7842335
407,23,MADHYA PRADESH,GWALIOR,-0.26795847750866536,-0.08421376393696826,-0.06698961937717351,-0.048227604767394606,-855098.882810091,-0.15090548639851872,-0.4444444444444444,0.10340638216070744,5674029
408,23,MADHYA PRADESH,HARDA,-0.1929104190695807,-0.02596476603698914,-0.013018074162429076,0.0016509069757453187,-304005.7242962252,-0.07544165444187205,-0.40359861591695495,0.10340638216070744,4035848
409,23,MADHYA PRADESH,HOSHANGABAD,-0.19291041906958445,-0.029773164167630678,-0.013017380841455943,0.009629900215075468,-649272.0937044579,-0.08031451498166813,-0.42377547097270285,0.14769703960015382,8095645
410,23,MADHYA PRADESH,INDORE,-0.2679584775086609,-0.04158400615147714,-0.02595724890688343,-0.009698678942988327,-480710.8565698546,-0.10164212912086525,-0.4444444444444444,0.09356401384083046,4738802
411,23,MADHYA PRADESH,JABALPUR,-0.2069357939253952,-0.029773164167630244,-0.01683297386183634,0.0016530275577480733,-531457.8852248635,-0.08589640906363416,-0.41362552864282975,0.13588619761630144,6198352
412,23,MADHYA PRADESH,JHABUA,-0.19291041906958434,-0.037045674456506396,-0.021149528093834774,-0.005868094233561727,-406523.836921175,-0.09742923923182287,-0.4444444444444444,0.12456747404844293,4179358
413,23,MADHYA PRADESH,KATNI,-0.19986159169548826,-0.04484429065745161,-0.025954050641748584,-0.009678860265906801,-622650.6470695919,-0.10102318755317995,-0.4444444444444444,0.11909265667051133,6175594
415,23,MADHYA PRADESH,MANDLA,-0.1301653210303601,0.005723601353752238,0.021041947482718176,0.03684938242973012,-389624.6698911695,-0.04287743021934472,-0.41362552864282975,0.16000000000000003,9100880
416,23,MADHYA PRADESH,MANDSAUR,-0.2599000384467519,-0.05536332179930779,-0.04158400615147929,-0.025985422986030387,-824551.6315053651,-0.1214569124172572,-0.46560553633217994,0.08882737408688965,6799773
417,23,MADHYA PRADESH,MORENA,-0.29287197231834844,-0.14173010380624423,-0.1301653210303537,-0.10340638216070593,-1220324.246258259,-0.19648306503262025,-0.47637062668204533,0.07111111111111111,6223463
418,23,MADHYA PRADESH,NARSHIMAPURA,-0.1727950788158491,-0.0259502471805666,-0.013018959771105678,0.001648379925601529,-468400.5940633647,-0.07523882456284893,-0.4340484429065744,0.11909265667051133,6236392
419,23,MADHYA PRADESH,NIMACH,-0.2599000384467576,-0.06698961937717411,-0.051733948481347006,-0.03254133025759196,-701170.5527165935,-0.1332524796043687,-0.46560553633217994,0.11909265667051133,5274602
420,23,MADHYA PRADESH,PANNA,-0.22145328719722981,-0.059115724721260796,-0.0370381309269506,-0.021148383673579428,-1003259.9034516987,-0.11530487621019948,-0.4340484429065744,0.11909265667051133,8717597
421,23,MADHYA PRADESH,RAISEN,-0.17279507881584763,-0.012999168934654554,0.0016668826548811254,0.016742936876253244,-673834.0309679934,-0.06544102202272355,-0.4444444444444444,0.13588619761630144,10312010
422,23,MADHYA PRADESH,RAJGARH,-0.21413302575932922,-0.02977316416763219,-0.01684226409691417,-0.005888081582554704,-666281.5617185124,-0.08853021894084005,-0.4444444444444444,0.11374086889657825,7535187
423,23,MADHYA PRADESH,RATLAM,-0.22889657823914306,-0.03705499179421046,-0.025972066797038024,-0.00969317527845639,-563607.0365629031,-0.0953715159111336,-0.4444444444444444,0.10340638216070744,5920371
424,23,MADHYA PRADESH,REWA,-0.2519646289888447,-0.07972318339101721,-0.06698961937716913,-0.04484429065743803,-1068919.1377722074,-0.13811395687162725,-0.4444444444444444,0.12456747404844293,7751995
425,23,MADHYA PRADESH,SAGAR,-0.1793771626297586,-0.013007022552977645,0.0016675730330265016,0.016738685716051707,-829652.1755148994,-0.06621576231464849,-0.42377547097270285,0.12456747404844293,12549508
426,23,MADHYA PRADESH,SATNA,-0.23646289888504707,-0.06698961937717426,-0.05173394848134778,-0.032541330257593225,-1107392.2662326465,-0.11996297468031372,-0.4444444444444444,0.13016532103037293,9250027
427,23,MADHYA PRADESH,SEHORE,-0.19291041906957798,-0.0211464384841411,-0.00968433022003184,0.005683536126149587,-578867.364363783,-0.07269035928954215,-0.42377547097270285,0.11374086889657825,7979648
428,23,MADHYA PRADESH,SEONI,-0.14173010380623827,-0.009683633050026721,0.005694609743139143,0.0167265772643766,-561583.0147178468,-0.05311298213955272,-0.4444444444444444,0.14173010380622836,10587279
429,23,MADHYA PRADESH,SHAHDOL,-0.1727950788158498,-0.03704532436421564,-0.021150760356796812,-0.0058702428109762474,-619257.6933817719,-0.0894701860336801,-0.3839138792772011,0.12456747404844293,6933487
430,23,MADHYA PRADESH,SHAJAPUR,-0.20693579392540812,-0.03254133025758973,-0.021160618420806535,-0.005887388026654655,-360276.92685872514,-0.08555376179036092,-0.4444444444444444,0.11374086889657825,4219787
431,23,MADHYA PRADESH,SHEOPUR,-0.2679584775086827,-0.09842368319874184,-0.08882737408687169,-0.07111111111111612,-1275842.4559267052,-0.15586529127674822,-0.454963475586313,0.10340638216070744,8196536
432,23,MADHYA PRADESH,SHIVPURI,-0.2288965782391323,-0.07535563244905895,-0.05536332179930522,-0.029773164167628357,-1668653.933784067,-0.13137543740605218,-0.4340484429065744,0.16633602460592078,12718231
433,23,MADHYA PRADESH,SIDHI,-0.20693579392539588,-0.04484429065745141,-0.025952288265431677,-0.005838643657014473,-607833.3796136944,-0.1039899371451799,-0.41362552864282975,0.13588619761630144,5855562
638,23,MADHYA PRADESH,SINGRAULI,-0.22889657823913337,-0.06299115724722348,-0.04484429065744424,-0.02113953255241276,-847526.6996884784,-0.12010667900283174,-0.4340484429065744,0.11374086889657825,7066555
434,23,MADHYA PRADESH,TIKAMGARH,-0.2288965782391318,-0.09356401384083483,-0.07535563244905341,-0.041584006151480814,-666932.1592468816,-0.14559716736316475,-0.4444444444444444,0.11909265667051133,4588875
435,23,MADHYA PRADESH,UJJAIN,-0.2364628988850566,-0.03254133025758802,-0.021149124455357732,-0.005883762593472738,-702462.9001948385,-0.09470090381827534,-0.47637062668204533,0.09356401384083046,7431237
436,23,MADHYA PRADESH,UMARIA,-0.16633602460592498,-0.03704560044545127,-0.01683683079018018,0.001671794889018202,-463834.32740875625,-0.08319030712024736,-0.40359861591695495,0.13588619761630144,5584765
437,23,MADHYA PRADESH,VIDISHA,-0.19291041906958,-0.0370514011756456,-0.021156603480185127,-0.005888193472966313,-716651.8341388619,-0.08037221260551611,-0.4340484429065744,0.11374086889657825,8929692
414,23,MADHYA PRADESH,WEST NIMAR,-0.19986159169548998,-0.016825106263473066,0.0016711642958090363,0.021052773908662288,-710465.5443335703,-0.07354514766001055,-0.46560553633217994,0.13016532103037293,9673296
722,23,MADHYA PRADESH,NIVARI,-0.23646289888505503,-0.1034063821607252,-0.0842137639369453,-0.05173394848135364,-244090.65212942765,-0.14961053715071052,-0.42377547097270285,0.09356401384083046,1640914
466,27,MAHARASHTRA,AHAMADNAGAR,-0.1929104190695866,-0.009672546660237404,0.009639036845749106,0.032541330257592364,-1477700.62170904,-0.07307540562627297,-0.4340484429065744,0.17937716262975778,20247712
467,27,MAHARASHTRA,AKOLA,-0.21413302575932808,-0.029773164167631507,-0.01685483243259404,-0.0059008902581248355,-517450.616523361,-0.07964831678608295,-0.4444444444444444,0.1085121107266436,6508098
468,27,MAHARASHTRA,AMARAVATI,-0.1727950788158478,-0.00968119014479445,0.0016638531770658879,0.016740879951373525,-872967.5444502344,-0.05972360971906975,-0.42377547097270285,0.16633602460592078,14634927
469,27,MAHARASHTRA,AURANGABAD,-0.1929104190695897,-0.021146762297183666,-0.005850990066535056,0.016755104038528187,-854884.9972288829,-0.07104236770371086,-0.454963475586313,0.13588619761630144,12049449
471,27,MAHARASHTRA,BHANDARA,-0.18608227604768446,-0.041584006151474694,-0.0259728777486939,-0.009694737974275345,-437087.3331659575,-0.08826053584031888,-0.37425605536332185,0.13588619761630144,4961610
470,27,MAHARASHTRA,BID,-0.1663360246059245,-0.001751684580854603,0.012946250202668026,0.032541330257593024,-686876.5699739907,-0.054831280367402736,-0.40359861591695495,0.14769703960015382,12544794
472,27,MAHARASHTRA,BULDHANA,-0.1860822760476835,-0.01300452556181093,0.0016728347435357768,0.02104254906168606,-787631.9915459129,-0.06780610274661004,-0.4444444444444444,0.14173010380622836,11630150
473,27,MAHARASHTRA,CHANDRAPUR,-0.19986159169548828,-0.048227604767390034,-0.03254133025759089,-0.016846710467960966,-1307618.568929496,-0.09673641727945449,-0.41362552864282975,0.13016532103037293,13530633
474,27,MAHARASHTRA,DHULE,-0.2069357939254006,-0.02594820772701173,-0.009676919058711096,0.009632965277891252,-751051.3012694296,-0.08727346833496197,-0.46560553633217994,0.14769703960015382,8617611
475,27,MAHARASHTRA,GADCHIROLI,-0.1537870049980853,-0.021138298087378785,-0.005833486458879376,0.0167515656743828,-1233166.4691911968,-0.07161458322996185,-0.40359861591695495,0.16000000000000003,17237884
476,27,MAHARASHTRA,GONDIA,-0.1727950788158486,-0.029773164167630664,-0.01683520461982668,0.0016583311329039035,-490148.2691004752,-0.07898477739085866,-0.3839138792772011,0.14769703960015382,6215661
477,27,MAHARASHTRA,HINGOLI,-0.1663360246059242,-0.016832406160928556,-0.005873441175702726,0.005664984482055899,-348589.0644003514,-0.062392815586563975,-0.41362552864282975,0.1085121107266436,5596711
478,27,MAHARASHTRA,JALGAON,-0.1998615916954897,-0.025951834327663268,-0.009680846857784909,0.00571651594696158,-1158740.5297168868,-0.08219221664612245,-0.4444444444444444,0.13588619761630144,14113319
479,27,MAHARASHTRA,JALNA,-0.1663360246059242,-0.016827228443640024,-0.0017684424927132936,0.012932175300571586,-578025.3740349513,-0.06342173847609675,-0.41362552864282975,0.13016532103037293,9127228
480,27,MAHARASHTRA,KOLHAPUR,-0.16633602460592448,0.05173394848134651,0.07111111111111774,0.09356401384082451,-160227.03853176508,-0.0179155565208258,-0.40359861591695495,0.2364628988850442,8961350
481,27,MAHARASHTRA,LATUR,-0.1793771626297527,-0.005853154608260116,0.0056945116649852875,0.021010854107420516,-485967.5620402975,-0.05730651423171795,-0.41362552864282975,0.13588619761630144,8490449
482,27,MAHARASHTRA,MUMBAI CITY,-0.34602076124567704,-0.1727950788158432,-0.1537870049980781,-0.13016532103037273,-18241.224175439558,-0.24175531124801852,-0.41362552864282975,0.008858131487889272,76546
484,27,MAHARASHTRA,NAGPUR,-0.19986159169548717,-0.029773164167631424,-0.01301082674949023,0.0016642012964466258,-951926.5756825152,-0.0803106048742469,-0.4444444444444444,0.13588619761630144,11865192
485,27,MAHARASHTRA,NANDED,-0.17279507881584683,-0.016838011707619397,-0.005873959986468437,0.005670007435769785,-770525.3803353023,-0.06188242802163466,-0.4340484429065744,0.11909265667051133,12472028
486,27,MAHARASHTRA,NANDURBAR,-0.19291041906957704,-0.025941052906975876,-0.009675545008345672,0.00963458869846988,-597916.653750463,-0.08363101630998797,-0.42377547097270285,0.13016532103037293,7163183
487,27,MAHARASHTRA,NASHIK,-0.19986159169548903,-0.0058281223983053165,0.012954745786812168,0.03254133025759324,-1313820.7040747565,-0.07113487109199658,-0.42377547097270285,0.1929104190695886,18486361
488,27,MAHARASHTRA,USMANABAD,-0.16633602460592406,0.005723753653209671,0.02105055259706331,0.03687017665292173,-455754.7992178381,-0.05115150894034223,-0.4340484429065744,0.14769703960015382,8925215
665,27,MAHARASHTRA,PALGHAR,-0.23646289888505798,-0.005812258367718505,0.012948728785043839,0.03254133025759359,-572239.6102029439,-0.09145366408660499,-0.4340484429065744,0.15378700499807765,6266083
489,27,MAHARASHTRA,PARBHANI,-0.1860822760476772,-0.025964189929279145,-0.01684904093647068,-0.001785522124911392,-543088.5493083693,-0.07277153635025492,-0.41362552864282975,0.12456747404844293,7474260
490,27,MAHARASHTRA,PUNE,-0.2364628988850078,0.016777325974526504,0.03690655217664392,0.06299115724721124,-1231668.496931797,-0.06678112588070352,-0.46560553633217994,0.21413302575932336,18462996
491,27,MAHARASHTRA,RAYGAD,-0.21413302575931492,0.012959063927780212,0.029773164167628218,0.05173394848135117,-544202.2690749994,-0.06616599750328064,-0.48725874663590923,0.1929104190695886,8238352
492,27,MAHARASHTRA,RATNAGIRI,-0.1245674740484469,0.03691251643214816,0.0553633217993083,0.07111111111111458,-274703.6525193413,-0.02831077392889727,-0.37425605536332185,0.19986159169550174,9717129
493,27,MAHARASHTRA,SANGLI,-0.1793771626297518,0.005735136868933011,0.025851253345145608,0.04822760476739448,-594110.8509390668,-0.05905509961024211,-0.40359861591695495,0.1929104190695886,10078127
494,27,MAHARASHTRA,SATARA,-0.17937716262975342,0.03692555671853594,0.059115724721253156,0.08882737408688947,-510688.77009846957,-0.04156876128734895,-0.42377547097270285,0.2288965782391388,12298534
495,27,MAHARASHTRA,SINDHUDURG,-0.13016532103037362,0.04484429065744341,0.06299115724721115,0.08421376393694574,-169703.54639631105,-0.028566891804351402,-0.33685505574778934,0.22145328719723184,5951789
496,27,MAHARASHTRA,SOLAPUR,-0.18608227604768574,-0.009679025774893138,0.009631292920003948,0.03254133025759303,-1196907.718064106,-0.06865654585712007,-0.4340484429065744,0.16000000000000003,17457025
483,27,MAHARASHTRA,SUB URBAN MUMBAI,-0.32781237985390244,-0.08882737408688966,-0.06299115724721151,-0.03254133025759355,-91885.7308642222,-0.18007446378191366,-0.4340484429065744,0.07972318339100345,512479
497,27,MAHARASHTRA,THANE,-0.2679584775086712,0.0016866917117314396,0.02107087883867387,0.041584006151481105,-421170.0579653195,-0.08322119825307805,-0.47637062668204533,0.16000000000000003,5069267
498,27,MAHARASHTRA,WARDHA,-0.17937716262975995,-0.016827416031063636,-0.0017573394426558077,0.01294098717249022,-538688.5596777231,-0.07150164969469974,-0.40359861591695495,0.13588619761630144,7543509
499,27,MAHARASHTRA,WASHIM,-0.1663360246059238,-0.016834671475684793,-0.005872292476585102,0.009608726050720138,-372851.6498383484,-0.06103065216541135,-0.40359861591695495,0.1085121107266436,6120783
500,27,MAHARASHTRA,YAVATMAL,-0.18608227604768607,-0.0297731641676318,-0.016838676805577754,-0.001780993618418419,-1296325.240992328,-0.08024475736019357,-0.41362552864282975,0.13016532103037293,16172960
252,14,MANIPUR,BISHNUPUR,-0.1860822760476722,0.08421376393694596,0.10340638216070965,0.11909265667050602,-4851.820104182853,-0.008234867113955966,-0.3278123798539023,0.186082276047674,592328
253,14,MANIPUR,CHANDEL,-0.06299115724721141,0.09842368319874947,0.1137408688965937,0.13016532103037806,81354.7263359238,0.03372375313773265,-0.31009611687812383,0.2364628988850442,2417211
254,14,MANIPUR,CHURACHANDPUR,-0.07111111111111268,0.08882737408688435,0.1034063821607189,0.11909265667050647,94980.49729031486,0.03185165969021442,-0.31009611687812383,0.2288965782391388,2987741
256,14,MANIPUR,IMPHAL WEST,-0.22145328719722668,0.07535563244905218,0.08882737408688283,0.10340638216070634,-13102.198578572941,-0.021865600265613457,-0.3553094963475586,0.186082276047674,603204
255,14,MANIPUR,IMPHAL EAST,-0.22889657823913334,0.10340638216072678,0.11909265667051941,0.13016532103036782,521.3272428834139,9.794103924412342E-4,-0.3553094963475586,0.2069357939254133,535890
713,14,MANIPUR,JIRIBAM,-0.11374086889657992,0.07535563244905989,0.08882737408688966,0.10340638216070702,1701.2722812191203,0.004694280571854048,-0.2519646289888504,0.17937716262975778,365087
260,14,MANIPUR,UKHRUL,-0.04484429065743836,0.11909265667053123,0.135886197616326,0.16000000000001,146273.3365433514,0.05670239008002585,-0.28444444444444444,0.2599000384467512,2585246
257,14,MANIPUR,SENAPATI,-0.051733948481354486,0.11374086889660256,0.13016532103037248,0.1537870049980847,108361.80113235439,0.050132643137273364,-0.3278123798539023,0.2599000384467512,2166467
258,14,MANIPUR,TAMENGLONG,-0.0517339484813533,0.11374086889658139,0.13588619761631657,0.1537870049980859,174682.49235805537,0.047000843379050326,-0.29287197231833906,0.2599000384467512,3724282
259,14,MANIPUR,THOUBAL,-0.22145328719722696,0.07111111111111756,0.08421376393694173,0.0984236831987658,-12798.884057560857,-0.026515481404401634,-0.34602076124567477,0.17937716262975778,485328
717,14,MANIPUR,KAMJONG,-0.055363321799309216,0.1034063821607311,0.11909265667052388,0.13588619761629675,112522.92977602941,0.03841024253544896,-0.2364628988850442,0.2599000384467512,2934321
714,14,MANIPUR,NONEI,-0.044844290657439,0.08882737408689026,0.10851211072664385,0.12456747404843915,54068.350224303096,0.037343051481632535,-0.24415224913494812,0.2519646289888504,1452211
715,14,MANIPUR,PHERZAWL,-0.051733948481352356,0.08421376393696184,0.09842368319877404,0.1137408688965741,74799.34208468546,0.028469575395556227,-0.21413302575932336,0.2519646289888504,2632958
716,14,MANIPUR,TENGNOUPAL,-0.06698961937716023,0.09356401384085046,0.10851211072665799,0.12456747404845835,38950.54983145743,0.025835162043495292,-0.31009611687812383,0.21413302575932336,1511379
712,14,MANIPUR,KANGPOKPI,-0.06299115724721162,0.10340638216072295,0.12456747404845377,0.1417301038062368,83474.065347382,0.03913954303941628,-0.34602076124567477,0.2761399461745483,2143163
711,14,MANIPUR,KAKCHING,-0.19986159169550197,0.09356401384082476,0.1085121107266466,0.12456747404844036,-880.7458163144065,-0.0022446733443271206,-0.3278123798539023,0.22145328719723184,394750
273,17,MEGHALAYA,EAST GARO HILLS,-0.08421376393695168,0.04822760476739438,0.06299115724721123,0.08882737408688582,-10706.952060157359,-0.00547079830813996,-0.2599000384467512,0.2288965782391388,1961933
274,17,MEGHALAYA,EAST KHASI HILLS,-0.09356401384082946,0.10340638216073375,0.11909265667052785,0.13588619761630907,122079.80085309813,0.03475195036328228,-0.31009611687812383,0.24415224913494812,3519450
657,17,MEGHALAYA,EAST JAINTIA HILLS,-0.07535563244905934,0.09356401384083711,0.11374086889657299,0.13016532103037187,78927.99366946696,0.031765909437472595,-0.31009611687812383,0.2364628988850442,2489782
277,17,MEGHALAYA,SOUTH GARO HILLS,-0.10340638216070526,0.04822760476739658,0.06698961937716576,0.08421376393694695,-15416.170959281817,-0.006803354601192961,-0.28444444444444444,0.19986159169550174,2271292
278,17,MEGHALAYA,WEST GARO HILLS,-0.1190926566705083,0.029773164167629967,0.048227604767398576,0.0711111111111131,-84211.87139643653,-0.025582708628510125,-0.3188927335640138,0.21413302575932336,3298747
279,17,MEGHALAYA,WEST KHASI HILLS,-0.06698961937716132,0.07972318339100508,0.09356401384085665,0.10851211072665498,106806.15155948233,0.022016038192268324,-0.28444444444444444,0.2069357939254133,4859806
276,17,MEGHALAYA,RI-BHOI,-0.09356401384082726,0.048227604767395196,0.06299115724721117,0.07972318339100798,-16632.844494739846,-0.005656809752627515,-0.33685505574778934,0.17937716262975778,2948155
658,17,MEGHALAYA,SOUTH WEST KHASI HILLS,-0.07972318339100411,0.0842137639369634,0.10340638216072322,0.12456747404843799,35768.08795508058,0.02218644662377342,-0.2679584775086506,0.22145328719723184,1617098
663,17,MEGHALAYA,SOUTH WEST GARO HILLS,-0.13016532103037373,0.01993079584775149,0.03254133025759163,0.04822760476739654,-34537.32546330549,-0.033387601158994716,-0.3014225297962323,0.11909265667051133,1037207
656,17,MEGHALAYA,NORTH GARO HILLS,-0.09842368319876882,0.03844675124952174,0.05536332179930813,0.07111111111111386,-24309.07024899107,-0.01571053686945772,-0.2364628988850442,0.14769703960015382,1552862
275,17,MEGHALAYA,WEST JAINTIA HILLS,-0.075355632449059,0.08421376393695894,0.09842368319876801,0.1137408688965741,55409.22034562533,0.024922657875079874,-0.28444444444444444,0.2069357939254133,2229213
262,15,MIZORAM,CHAMPHAI,-0.05911572472126342,0.08421376393696274,0.0984236831987678,0.11374086889657391,116316.42677016021,0.028090149681137832,-0.3278123798539023,0.22145328719723184,4148573
267,15,MIZORAM,SAIHA,-0.07535563244905957,0.07535563244904968,0.09356401384082581,0.10851211072664908,27026.030796371546,0.014636988667352633,-0.29287197231833906,0.21413302575932336,1851831
264,15,MIZORAM,LAWNGTLAI,-0.09842368319876701,0.048227604767398374,0.06698961937716534,0.08882737408688583,-31791.967359776165,-0.010848646988470809,-0.29287197231833906,0.1929104190695886,2939881
268,15,MIZORAM,SERCHHIP,-0.059115724721262655,0.07972318339101538,0.09842368319877157,0.1137408688965747,42308.41431137444,0.024083781473435383,-0.29287197231833906,0.22145328719723184,1762727
263,15,MIZORAM,KOLASIB,-0.0797231833910037,0.07111111111111908,0.08421376393694555,0.09842368319876521,25347.951968512032,0.013899720342514493,-0.2599000384467512,0.19986159169550174,1828823
266,15,MIZORAM,MAMIT,-0.07535563244905906,0.0711111111111195,0.08882737408688524,0.10340638216070853,50557.311835494955,0.013515607664595709,-0.2761399461745483,0.2069357939254133,3748513
265,15,MIZORAM,LUNGLEI,-0.07535563244905366,0.06698961937717356,0.084213763936953,0.10340638216070795,55957.679767109315,0.010173116720219488,-0.2679584775086506,0.2069357939254133,5509505
261,15,MIZORAM,AIZAWL,-0.0669896193771626,0.07535563244904979,0.09356401384082241,0.10851211072664428,80830.26050281068,0.020788569424159024,-0.3014225297962323,0.21413302575932336,3898664
613,13,NAGALAND,PAREN,-0.0753556324490525,0.0888273740868864,0.11374086889657338,0.1358861976163012,46661.81254450197,0.02065609502422746,-0.2599000384467512,0.24415224913494812,2264628
248,13,NAGALAND,PHEK,-0.05173394848135437,0.11909265667052663,0.14173010380623843,0.16000000000000236,120924.85605918932,0.05218153022563345,-0.2679584775086506,0.2599000384467512,2323275
250,13,NAGALAND,WOKHA,-0.06698961937716336,0.07972318339101375,0.09356401384082857,0.11374086889657627,44207.76821051177,0.022116341156094742,-0.24415224913494812,0.21413302575932336,2003896
244,13,NAGALAND,DIMAPUR,-0.17279507881584882,0.06299115724721122,0.0842137639369482,0.10851211072664675,-20342.606967145894,-0.021526934572386688,-0.3553094963475586,0.2364628988850442,949846
245,13,NAGALAND,KOHIMA,-0.07972318339100395,0.10851211072665133,0.13016532103036424,0.1476970396001678,67855.92495337877,0.041668123543470145,-0.29287197231833906,0.2519646289888504,1632851
614,13,NAGALAND,KIPHIRE,-0.05536332179931148,0.12456747404844302,0.1476970396001571,0.1663360246059245,68133.97882116443,0.04864672458453259,-0.2679584775086506,0.2761399461745483,1404480
251,13,NAGALAND,ZUNHEBOTO,-0.036808252461437374,0.10851211072666142,0.12456747404846535,0.141730103806237,93007.85198711841,0.04757438338827941,-0.24415224913494812,0.2679584775086506,1960862
246,13,NAGALAND,MOKOKCHUNG,-0.059115724721262246,0.08882737408686919,0.1034063821607235,0.12456747404844516,64347.54814478817,0.0321843189805288,-0.2288965782391388,0.2288965782391388,2005010
247,13,NAGALAND,MON,-0.07111111111111298,0.08882737408688109,0.11374086889659282,0.1417301038062221,58079.75533340737,0.021367859096622113,-0.29287197231833906,0.2519646289888504,2724066
249,13,NAGALAND,TUENSANG,-0.051733948481353466,0.12456747404846817,0.14769703960017225,0.1663360246059249,131826.92156537875,0.04972046804129848,-0.2519646289888504,0.2599000384467512,2656787
615,13,NAGALAND,LONGLENG,-0.06698961937716366,0.07972318339101261,0.09842368319876336,0.11909265667051001,15618.317061411391,0.021374050907590012,-0.2519646289888504,0.2288965782391388,734358
344,21,ODISHA,ANUGUL,-0.17937716262979148,-0.016818918950538428,0.005736782510365338,0.029773164167627656,-610466.9431716128,-0.08008636576609758,-0.39369473279507883,0.16000000000000003,7634552
345,21,ODISHA,BOLANGIR (BALANGIR),-0.16633602460592492,-0.025932356406174376,-0.009677042230275408,0.009636328634962405,-639736.4213206008,-0.08188937581654779,-0.39369473279507883,0.13016532103037293,7823364
346,21,ODISHA,BALASORE (BALESHWAR),-0.19291041906958883,0.04484429065745014,0.06299115724721269,0.07535563244904384,-243777.66249918297,-0.05465020699761791,-0.36472126105344094,0.13016532103037293,4471001
347,21,ODISHA,BARAGARH,-0.1727950788158499,-0.02977316416763079,-0.013012108848605744,0.005693758667035114,-598361.3119139208,-0.08557393027708228,-0.39369473279507883,0.12456747404844293,7004326
348,21,ODISHA,BHADRAK,-0.1998615916954896,0.059115724721254675,0.07111111111111887,0.0842137639369509,-106751.9669948051,-0.03563936017172713,-0.41362552864282975,0.14173010380622836,3001803
350,21,ODISHA,CUTTACK,-0.20693579392539702,0.032541330257593336,0.04822760476739678,0.06698961937716423,-326885.69826951757,-0.07113977779488183,-0.42377547097270285,0.14173010380622836,4607070
351,21,ODISHA,DEOGARH,-0.16000000000000264,-0.015747789311802807,8.938065779957616E-4,0.019930795847751065,-264884.5437044949,-0.07469578560733846,-0.3278123798539023,0.11374086889657825,3554240
352,21,ODISHA,DHENKANAL,-0.1727950788158502,0.005767406731343956,0.0297731641676277,0.05173394848135157,-387535.08644167613,-0.07274179929110275,-0.37425605536332185,0.14173010380622836,5335603
353,21,ODISHA,GAJAPATI,-0.11909265667050926,0.04822760476739939,0.06299115724721113,0.08421376393694621,-94528.60162780002,-0.01933947841862151,-0.37425605536332185,0.186082276047674,4897594
354,21,ODISHA,GANJAM,-0.18608227604770153,0.029773164167629866,0.04822760476739837,0.06698961937716438,-522692.48259932984,-0.05252115289097765,-0.4340484429065744,0.16000000000000003,9965454
355,21,ODISHA,JAGATSINGHPUR,-0.21413302575932402,0.041584006151477636,0.051733948481348185,0.0629911572472112,-113810.62606080652,-0.055167881724721014,-0.42377547097270285,0.12456747404844293,2068255
356,21,ODISHA,JAJAPUR,-0.21413302575933282,0.04158400615148123,0.059115724721257326,0.07111111111111589,-225723.07219596038,-0.06518690114891931,-0.40359861591695495,0.14173010380622836,3471072
357,21,ODISHA,JHARSUGUDA,-0.18608227604769062,-0.04158400615148126,-0.025957832484583877,-0.009683027290790226,-231146.91357706056,-0.09275867233370216,-0.4340484429065744,0.10340638216070744,2499034
358,21,ODISHA,KALAHANDI,-0.16000000000000408,0.005741833550612881,0.025844553151735464,0.04484429065744076,-540656.2268753619,-0.05763763612085097,-0.3839138792772011,0.14769703960015382,9392589
359,21,ODISHA,KANDHAMAL,-0.10340638216071224,0.04158400615147556,0.055363321799302395,0.075355632449049,-176619.0630371662,-0.01851412566598261,-0.3188927335640138,0.16633602460592078,9552404
360,21,ODISHA,KENDRAPARHA,-0.19291041906957748,0.03543252595155524,0.048227604767399575,0.05911572472126485,-162574.13745106355,-0.05383118351302679,-0.3278123798539023,0.11909265667051133,3027614
361,21,ODISHA,KEONJHAR (KENDUJHAR),-0.16000000000001094,0.012056901191849176,0.03254133025759367,0.055363321799307634,-511478.7772967747,-0.05131661460692846,-0.3553094963475586,0.13588619761630144,9980176
362,21,ODISHA,KHORDHA,-0.2214532871972412,0.032541330257592704,0.05173394848134896,0.07111111111111475,-236689.82074175664,-0.06910891634144466,-0.42377547097270285,0.14769703960015382,3436743
363,21,ODISHA,KORAPUT,-0.1245674740484506,0.04158400615147854,0.05536332179930331,0.07535563244905166,-219704.83076771468,-0.022190851116456113,-0.40359861591695495,0.17937716262975778,9916232
364,21,ODISHA,MALKANGIRI,-0.14173010380622703,0.021067654231949964,0.04158400615148122,0.05911572472126441,-299904.3210494072,-0.04409435152204464,-0.36472126105344094,0.1929104190695886,6811277
365,21,ODISHA,MAYURBHANJ,-0.166336024605921,0.036920978652371685,0.05173394848134597,0.06698961937717078,-562133.6787256526,-0.04486974413061391,-0.39369473279507883,0.15378700499807765,12543165
366,21,ODISHA,NABARANGAPUR,-0.1417301038062385,0.01384083044982651,0.027128027681661927,0.041584006151481154,-279588.9802615922,-0.04323859103930861,-0.3553094963475586,0.13016532103037293,6477055
367,21,ODISHA,NAYAGARH,-0.16000000000000572,0.016771612389328255,0.036892225846953286,0.05536332179930822,-259466.68479560062,-0.055939897522618034,-0.36472126105344094,0.17937716262975778,4646759
368,21,ODISHA,NUAPARHA,-0.15378700499808437,-0.005831179566484547,0.009637248998101599,0.02581499639901097,-281004.1091890591,-0.06129677976690291,-0.3553094963475586,0.14769703960015382,4592599
369,21,ODISHA,PURI,-0.19986159169548864,0.029773164167629915,0.04484429065744284,0.059115724721264404,-289602.82859261177,-0.07023686870243867,-0.41362552864282975,0.14173010380622836,4132506
370,21,ODISHA,RAYAGARHA,-0.13588619761630333,0.03254133025759218,0.05173394848134914,0.07111111111111473,-321321.09344332,-0.03696541513048023,-0.39369473279507883,0.16000000000000003,8707900
371,21,ODISHA,SAMBALPUR,-0.1727950788158496,-0.021133790855394633,-0.001751388550821103,0.021048617999047215,-622785.1734215289,-0.07805173771032982,-0.41362552864282975,0.1085121107266436,7991881
372,21,ODISHA,SUBARNAPUR,-0.18608227604769031,-0.012994000238326949,0.005722374435454784,0.021026899308436136,-225501.4605511341,-0.07984794317417049,-0.39369473279507883,0.13016532103037293,2830803
373,21,ODISHA,SUNDARGARH,-0.17937716262979073,-0.016829901863140168,0.0016798387607153708,0.025853946499009225,-899832.178258226,-0.07680276051155012,-0.3839138792772011,0.14173010380622836,11732129
349,21,ODISHA,BAUDH (BAUDA),-0.16633602460592456,0.0057532368908177495,0.021061354647802205,0.041584006151480994,-232927.25693646827,-0.0629221032556271,-0.41362552864282975,0.15378700499807765,3710015
598,34,PUDUCHERRY,KARAIKAL,-0.3100961168781257,-0.04158400615148067,-0.016794386047698052,0.016712893773078618,-27827.05397760469,-0.15374207869339032,-0.454963475586313,0.11374086889657825,183071
599,34,PUDUCHERRY,MAHE,-0.19291041906958864,-0.04484429065743947,-0.032541330257593294,-0.019930795847750857,-882.4707871331732,-0.08695412206765486,-0.31009611687812383,0.029773164167627833,10600
600,34,PUDUCHERRY,PUDUCHERRY,-0.3014225297962353,-0.001770942464392897,0.03698300073361018,0.06299115724721199,-48435.73559803181,-0.1421323480436318,-0.454963475586313,0.13588619761630144,347013
601,34,PUDUCHERRY,YANAM,-0.2679584775086507,-0.024605920799692416,9.328233421622092E-4,0.02220684352172242,-4515.885026181784,-0.1023657930778661,-0.39369473279507883,0.07111111111111111,44886
027,03,PUNJAB,AMRITSAR,-0.27613994617454596,-0.041584006151464,-0.029773164167630296,-0.017777777777778527,-366176.32358490414,-0.10437390147307721,-0.41362552864282975,0.06698961937716265,3515937
605,03,PUNJAB,BARNALA,-0.3014225297962185,-0.04822760476738681,-0.04158400615147501,-0.035432525951559116,-185556.55403706836,-0.10077922656468162,-0.42377547097270285,0.019930795847750864,1846179
028,03,PUNJAB,BATHINDA,-0.33685505574777624,-0.06698961937717689,-0.05911572472126955,-0.05173394848134624,-617513.6489524895,-0.14174899150258766,-0.47637062668204533,-0.003936947327950788,4365070
029,03,PUNJAB,FARIDKOT,-0.3100961168781158,-0.059115724721253586,-0.05173394848134712,-0.044844290657438106,-220528.4786938053,-0.11654748158773683,-0.4444444444444444,9.84236831987697E-4,1896994
030,03,PUNJAB,FATEHGARH SAHIB,-0.29287197231835216,-0.059115724721265764,-0.04822760476739569,-0.038446751249521044,-172735.7716668674,-0.11580938535660462,-0.41362552864282975,0.022206843521722412,1496589
651,03,PUNJAB,FAZILKA,-0.3100961168781264,-0.06698961937717646,-0.05911572472125011,-0.04822760476739726,-600322.7564035433,-0.1616945834318803,-0.47637062668204533,6.151480199923106E-5,3719961
031,03,PUNJAB,FIROZPUR,-0.284444444444459,-0.04484429065745377,-0.03716268561269349,-0.029773164167628135,-309982.04817583313,-0.10060427161029041,-0.4444444444444444,0.07111111111111111,3088898
032,03,PUNJAB,GURDASPUR,-0.24415224913493888,-0.041584006151466034,-0.03543252595155952,-0.027128027681662278,-356876.3676782743,-0.10441142755051719,-0.40359861591695495,0.029773164167627833,3424574
033,03,PUNJAB,HOSHIARPUR,-0.2288965782391353,-0.06698961937717242,-0.05173394848134803,-0.035432525951558665,-577627.2698488611,-0.13046567843822388,-0.39369473279507883,0.04822760476739715,4436125
034,03,PUNJAB,JALANDHAR,-0.25990003844675025,-0.04158400615146889,-0.02977316416762907,-0.017777777777778205,-361436.3905779367,-0.10507882837493009,-0.40359861591695495,0.0629911572472126,3448570
035,03,PUNJAB,KAPURTHALA,-0.259900038446746,-0.035432525951555834,-0.027128027681661036,-0.013840830449826785,-207968.3373228159,-0.09765528511559841,-0.41362552864282975,0.05173394848135333,2138434
036,03,PUNJAB,LUDHIANA,-0.2844444444444614,-0.0517339484813439,-0.04158400615147394,-0.03254133025759387,-551133.48336659,-0.11508621329332029,-0.42377547097270285,0.044844290657439445,4796983
037,03,PUNJAB,MANSA,-0.3188927335640222,-0.06698961937717478,-0.05911572472126746,-0.04822760476739606,-369428.006270964,-0.1322567415255338,-0.46560553633217994,-0.0015378700499807767,2800307
038,03,PUNJAB,MOGA,-0.2928719723183554,-0.04822760476738508,-0.04158400615146823,-0.03543252595155476,-293049.3889886817,-0.10039109628524726,-0.4340484429065744,0.024605920799692427,2925171
039,03,PUNJAB,SRI MUKTSAR SAHIB,-0.3188927335640169,-0.059115724721260796,-0.05173394848134517,-0.04158400615148125,-411336.0259571264,-0.12063092490992047,-0.46560553633217994,0.022206843521722412,3417177
040,03,PUNJAB,SHAHID BHAGAT SINGH NAGAR,-0.2519646289888451,-0.059115724721267235,-0.04822760476739197,-0.041584006151481216,-216894.08096410282,-0.13180517214718385,-0.41362552864282975,0.024605920799692427,1650822
662,03,PUNJAB,PATHANKOT,-0.24415224913494177,-0.06299115724721113,-0.048227604767396105,-0.021150656031676065,-162843.00397361477,-0.13005048134211383,-0.41362552864282975,0.1085121107266436,1257220
041,03,PUNJAB,PATIALA,-0.3014225297962206,-0.05911572472126249,-0.05173394848134593,-0.044844290657445565,-520870.72030442447,-0.12167479312517299,-0.4444444444444444,0.041584006151480196,4293984
042,03,PUNJAB,RUPNAGAR,-0.2599000384467698,-0.09356401384083898,-0.07972318339101414,-0.06698961937716173,-292516.1174020373,-0.16350061060651566,-0.4340484429065744,0.044844290657439445,1795740
043,03,PUNJAB,SANGRUR,-0.2928719723183511,-0.04822760476738393,-0.0415840061514661,-0.03543252595155436,-474602.9695186513,-0.10198568734999569,-0.42377547097270285,0.03844675124951941,4664151
608,03,PUNJAB,SAS NAGAR (SAHIBZADA AJIT SINGH NAGAR),-0.3278123798538857,-0.10851211072665128,-0.0935640138408233,-0.07972318339100311,-259836.7892178905,-0.18340823507250453,-0.4340484429065744,0.05536332179930796,1423227
609,03,PUNJAB,TARN TARAN,-0.2679584775086463,-0.041584006151462675,-0.03254133025759131,-0.024605920799691525,-302854.3129260767,-0.09609172919795664,-0.41362552864282975,0.04822760476739715,3158113
086,08,RAJASTHAN,AJMER,-0.3188927335640411,-0.13016532103033832,-0.10340638216071424,-0.04484429065743904,-2070691.6272788122,-0.19644201246250398,-0.48725874663590923,0.11909265667051133,10557272
087,08,RAJASTHAN,ALWAR,-0.33685505574781865,-0.1727950788157388,-0.1537870049980198,-0.13016532103035267,-2435362.972740857,-0.23087019899846184,-0.47637062668204533,0.11374086889657825,10566667
088,08,RAJASTHAN,BANSWARA,-0.23646289888505886,-0.051733948481345986,-0.03703470692954885,-0.0168409927379848,-674059.3525614749,-0.12280907245423435,-0.46560553633217994,0.11374086889657825,5496965
089,08,RAJASTHAN,BARAN,-0.27613994617454474,-0.09356401384084859,-0.0753556324490458,-0.0553633217993092,-1319475.879885194,-0.1532193484727152,-0.4444444444444444,0.11374086889657825,8624299
090,08,RAJASTHAN,BARMER,-0.3647212610534546,-0.21413302575931287,-0.19986159169551837,-0.18608227604768462,-9257711.25231883,-0.26328376440072426,-0.5435447904652058,0.03543252595155709,35184293
091,08,RAJASTHAN,BHARATPUR,-0.3278123798539031,-0.1793771626298267,-0.1600000000000126,-0.13588619761630047,-1410144.8303640776,-0.2220861313772042,-0.47637062668204533,0.041584006151480196,6364210
092,08,RAJASTHAN,BHILWARA,-0.30142252979620315,-0.1301653210303465,-0.09842368319876772,-0.04484429065743911,-2466533.215428774,-0.19027832132586667,-0.47637062668204533,0.11909265667051133,12977374
093,08,RAJASTHAN,BIKANER,-0.3742560553633997,-0.23646289888510724,-0.221453287197265,-0.19986159169556014,-1.0911840928533273E7,-0.285091328933394,-0.5320415224913494,-0.002214532871972318,38299184
094,08,RAJASTHAN,BUNDI,-0.3188927335640574,-0.13016532103032746,-0.11374086889658803,-0.08882737408688968,-1456900.7323334517,-0.20402070901348554,-0.47637062668204533,0.08421376393694734,7150747
095,08,RAJASTHAN,CHITTAURGARH,-0.2761399461745485,-0.09356401384084159,-0.06698961937717304,-0.04158400615148103,-1556547.0542753753,-0.16198890293081472,-0.48725874663590923,0.13016532103037293,9628634
096,08,RAJASTHAN,CHURU,-0.3460207612457796,-0.2069357939253746,-0.19291041906958073,-0.17937716262969777,-4589470.882666197,-0.2615074545892289,-0.4982698961937717,0.003014225297962322,17570047
097,08,RAJASTHAN,DAUSA,-0.3278123798538976,-0.17279507881585046,-0.16000000000002335,-0.13588619761630147,-980024.1110969558,-0.2293894771102841,-0.454963475586313,0.05911572472126105,4282491
098,08,RAJASTHAN,DHAULPUR,-0.2928719723183368,-0.14769703960017067,-0.12456747404845371,-0.08421376393694646,-756401.291323819,-0.19966379735468004,-0.46560553633217994,0.08421376393694734,3796325
099,08,RAJASTHAN,DUNGARPUR,-0.25196462898884486,-0.08421376393696194,-0.06299115724721122,-0.03705727674175119,-678345.7659189327,-0.14757013767850669,-0.46560553633217994,0.16633602460592078,4604348
101,08,RAJASTHAN,HANUMANGARH,-0.3553094963475321,-0.1929104190695312,-0.15999999999997944,-0.12456747404846424,-3232371.8155234675,-0.2604514991325329,-0.48725874663590923,-0.01384083044982699,12428490
102,08,RAJASTHAN,JAIPUR,-0.34602076124569975,-0.17279507881579406,-0.14769703960015096,-0.11909265667051476,-3332433.460516028,-0.23901756531681922,-0.48725874663590923,0.10340638216070744,13958482
103,08,RAJASTHAN,JAISALMER,-0.3936947327950494,-0.22145328719722698,-0.19986159169548331,-0.17937716262980213,-1.3273849835008383E7,-0.27555666434454834,-0.5551710880430604,0.03543252595155709,48195167
104,08,RAJASTHAN,JALOR,-0.3742560553633637,-0.19986159169549056,-0.17937716262980835,-0.15378700499808592,-3534021.157009851,-0.2694643297255633,-0.5094040753556325,0.044844290657439445,13130168
105,08,RAJASTHAN,JHALAWAR,-0.2679584775086575,-0.07111111111111944,-0.05536332179930561,-0.03707497060687481,-1076217.808330244,-0.13850467602528269,-0.4444444444444444,0.09356401384083046,7785147
106,08,RAJASTHAN,JHUNJHUNUN,-0.3460207612456627,-0.21413302575923981,-0.19986159169548345,-0.17937716262977285,-1975387.1793131416,-0.2637481284162864,-0.48725874663590923,0.008858131487889272,7500078
107,08,RAJASTHAN,JODHPUR,-0.37425605536342804,-0.2069357939253747,-0.19291041906953577,-0.1663360246058789,-7732674.032086934,-0.2729121758213675,-0.5320415224913494,0.07111111111111111,28354930
108,08,RAJASTHAN,KARAULI,-0.30142252979619255,-0.14173010380625214,-0.11909265667052514,-0.08882737408688124,-1262498.8323375299,-0.20183565059875233,-0.47637062668204533,0.08421376393694734,6265890
100,08,RAJASTHAN,GANGANAGAR,-0.364721261053461,-0.21413302575926596,-0.19291041906956138,-0.17279507881585005,-3822327.3828767478,-0.2732370111363097,-0.4982698961937717,-0.0271280276816609,14004924
109,08,RAJASTHAN,KOTA,-0.31889273356402775,-0.11374086889659435,-0.10340638216072336,-0.08421376393694908,-1124373.9891989385,-0.17925533943477226,-0.47637062668204533,0.08882737408688965,6284796
110,08,RAJASTHAN,NAGAUR,-0.34602076124571013,-0.18608227604765443,-0.16633602460584646,-0.14769703960017078,-5465671.235607542,-0.24499111424933545,-0.5320415224913494,0.0629911572472126,22328531
111,08,RAJASTHAN,PALI,-0.34602076124567,-0.1537870049980354,-0.13588619761632184,-0.10340638216070622,-3406104.17625024,-0.22206764027074746,-0.4982698961937717,0.10340638216070744,15355856
629,08,RAJASTHAN,PRATAPGARH,-0.22145328719722845,-0.05173394848134584,-0.03705763435425917,-0.021164059458867054,-617107.3167790276,-0.11375448096163962,-0.46560553633217994,0.13016532103037293,5433909
112,08,RAJASTHAN,RAJ SAMAND,-0.3014225297962104,-0.11374086889659069,-0.08882737408688264,-0.05911572472126359,-1055143.21026565,-0.18479088935711033,-0.4982698961937717,0.11909265667051133,5723908
113,08,RAJASTHAN,SAWAI MADHOPUR,-0.31889273356405073,-0.16633602460587518,-0.14173010380623324,-0.08882737408688966,-1397426.8423535018,-0.22358410002319573,-0.46560553633217994,0.10340638216070744,6261504
114,08,RAJASTHAN,SIKAR,-0.3368550557478089,-0.1998615916954824,-0.1860822760477122,-0.16633602460592492,-2445417.8971316675,-0.251251505708678,-0.4982698961937717,0.0629911572472126,9747199
115,08,RAJASTHAN,SIROHI,-0.3368550557478335,-0.1301653210303394,-0.10340638216072391,-0.07972318339100956,-1308774.7790579887,-0.20733618407098037,-0.48725874663590923,0.08421376393694734,6321547
116,08,RAJASTHAN,TONK,-0.3188927335640545,-0.14769703960017055,-0.10340638216072172,-0.05173394848135106,-1914959.828949812,-0.21407461852622964,-0.4982698961937717,0.1085121107266436,8958642
117,08,RAJASTHAN,UDAIPUR,-0.2599000384467519,-0.08421376393696527,-0.06698961937717061,-0.04484429065743811,-2153207.026723369,-0.1499896668416048,-0.48725874663590923,0.13016532103037293,14373207
225,11,SIKKIM,EAST,-0.06698961937716383,0.1358861976163431,0.153787004998083,0.1727950788158486,71645.99156031627,0.06083986136803587,-0.2519646289888504,0.2679584775086506,1180616
226,11,SIKKIM,NORTH,-0.14173010380623086,0.11374086889659056,0.13016532103034342,0.15378700499808665,119924.5667009278,0.02250671392327695,-0.2679584775086506,0.2599000384467512,5335204
227,11,SIKKIM,SOUTH,-0.07972318339100505,0.13016532103036033,0.14769703960016525,0.16633602460592473,42239.867133553504,0.045949444731669786,-0.29287197231833906,0.2599000384467512,922577
228,11,SIKKIM,WEST,-0.09356401384082609,0.13016532103033976,0.14769703960017488,0.16633602460592514,76079.46800674024,0.05041699992989217,-0.24415224913494812,0.24415224913494812,1512801
610,33,TAMIL NADU,ARIYALUR,-0.29287197231836126,-0.07111111111111697,-0.04158400615148113,-0.013022188088232044,-383656.5543033036,-0.17399132731405076,-0.47637062668204533,0.11909265667051133,2209715
730,33,TAMIL NADU,CHENGALPATTU,-0.2928719723183555,-0.059115724721261635,-0.032541330257592205,-0.005862495715573988,-487549.1910814048,-0.15632523047788993,-0.48725874663590923,0.12456747404844293,3125557
568,33,TAMIL NADU,CHENNAI,-0.3460207612456676,-0.14769703960015249,-0.09842368319877057,-0.059115724721260886,-84134.16156842058,-0.21949203266750028,-0.4444444444444444,0.05536332179930796,385506
569,33,TAMIL NADU,COIMBATORE,-0.3100961168781062,0.04822760476739775,0.08882737408688915,0.12456747404844733,-457097.0653565652,-0.0850631869183424,-0.47637062668204533,0.28444444444444444,5383851
570,33,TAMIL NADU,CUDDALORE,-0.2844444444444639,0.009659641293766211,0.044844290657439397,0.07535563244905742,-516809.26789468445,-0.12235699616389839,-0.47637062668204533,0.16633602460592078,4233341
571,33,TAMIL NADU,DHARMAPURI,-0.19986159169548914,-0.009666071954552014,0.02586360399033886,0.06299115724721142,-436010.8727732643,-0.08481422518844214,-0.4340484429065744,0.17279507881584008,5150772
572,33,TAMIL NADU,DINDIGUL,-0.24415224913493636,0.06698961937716987,0.10340638216072597,0.13588619761634196,-565426.8409687486,-0.0821888771962129,-0.48725874663590923,0.2519646289888504,6891183
573,33,TAMIL NADU,ERODE,-0.259900038446754,0.016774460385252047,0.04822760476739806,0.07535563244904886,-537508.1686045367,-0.09220796341458673,-0.47637062668204533,0.186082276047674,5843263
574,33,TAMIL NADU,KANCHIPURAM,-0.3014225297962321,-0.0517339484813497,-0.029773164167627257,-0.013017337662675236,-313826.9921254873,-0.15672371286550554,-0.47637062668204533,0.11909265667051133,2010389
729,33,TAMIL NADU,KALLAKKURICHI,-0.25196462898884464,0.0017042387782575917,0.029773164167630633,0.059115724721264175,-430141.4318876293,-0.1066348762052958,-0.47637062668204533,0.17937716262975778,4041352
575,33,TAMIL NADU,KANYAKUMARI,-0.1998615916954917,0.07111111111111844,0.10340638216071141,0.13588619761629703,-66460.41036888362,-0.035025175661446944,-0.454963475586313,0.2599000384467512,1902020
576,33,TAMIL NADU,KARUR,-0.28444444444445793,-0.0888273740868878,-0.05173394848135437,0.0057317480744973935,-519890.6010515968,-0.15728691262472186,-0.46560553633217994,0.15378700499807765,3313874
578,33,TAMIL NADU,MADURAI,-0.30142252979620454,-0.021109919966499233,0.009645743794109866,0.04158400615148088,-529485.2203038163,-0.12584290190004763,-0.48725874663590923,0.186082276047674,4217505
587,33,TAMIL NADU,NILGIRIS,-0.07972318339100364,0.11909265667052749,0.13588619761632847,0.16000000000002618,133571.14396316197,0.04817026423161496,-0.3278123798539023,0.2679584775086506,2779224
579,33,TAMIL NADU,NAGAPATTINAM,-0.27613994617454546,0.029773164167627143,0.06299115724721123,0.09356401384082268,-305647.0918100379,-0.10464303501056806,-0.4444444444444444,0.17937716262975778,2930267
580,33,TAMIL NADU,NAMAKKAL,-0.2599000384467579,0.005768797804635602,0.05911572472126477,0.09842368319877402,-411083.25115806924,-0.10546563056686079,-0.4444444444444444,0.21413302575932336,3905479
581,33,TAMIL NADU,PERAMBALUR,-0.2599000384467502,-0.041584006151481265,-0.025951192662581935,-0.005873966977084028,-230028.66574279964,-0.11490671552248004,-0.454963475586313,0.12456747404844293,2007167
582,33,TAMIL NADU,PUDUKKOTTAI,-0.2761399461745394,-0.03698234142041445,-0.005802034729941381,0.016757065767290094,-767672.7598599709,-0.14517382901951903,-0.48725874663590923,0.16000000000000003,5299699
583,33,TAMIL NADU,RAMANATHAPURAM,-0.355309496347547,-0.05536332179930558,-0.02591978136904876,0.005767702159479471,-870586.7631794561,-0.18697807145412393,-0.4982698961937717,0.11909265667051133,4668989
731,33,TAMIL NADU,RANIPPETTAI,-0.26795847750865626,-0.03701597993515761,-0.016824710241356525,0.005700662408711595,-264710.5187318098,-0.12475897824203364,-0.46560553633217994,0.13016532103037293,2128423
584,33,TAMIL NADU,SALEM,-0.2214532871972254,0.029773164167628104,0.05911572472126463,0.09356401384082541,-532429.7609399848,-0.07767099627919738,-0.4444444444444444,0.22145328719723184,6871944
585,33,TAMIL NADU,SIVAGANGA,-0.30142252979620104,-0.036981808597304475,-0.009658358837715238,0.012951377744696003,-750335.6170420751,-0.15584820284931603,-0.48725874663590923,0.16633602460592078,4827074
588,33,TAMIL NADU,TENI,-0.2364628988850587,0.06299115724721123,0.09842368319877227,0.13016532103037604,-198227.30521851935,-0.0609187332566579,-0.454963475586313,0.2679584775086506,3260399
733,33,TAMIL NADU,TENKASI,-0.30142252979622136,-0.005783944351661883,0.04484429065743817,0.09356401384082863,-428905.9352724745,-0.13480763327373466,-0.48725874663590923,0.2288965782391388,3188221
586,33,TAMIL NADU,THANJAVUR,-0.2928719723183356,0.021094643420566335,0.04484429065743812,0.06698961937716276,-439398.46577254025,-0.1127379111040891,-0.47637062668204533,0.16633602460592078,3908681
590,33,TAMIL NADU,THIRUVARUR,-0.25990003844675164,0.021081926097048592,0.036902418979828676,0.059115724721263606,-215357.2644304668,-0.08359346569894989,-0.4444444444444444,0.14769703960015382,2584269
591,33,TAMIL NADU,TIRUCHIRAPALLI,-0.2844444444444679,-0.009665154157435596,0.021061161428965296,0.05173394848135133,-606753.5185859501,-0.11857844758870557,-0.5206612841214917,0.186082276047674,5131417
592,33,TAMIL NADU,TIRUNELVELI,-0.336855055747817,0.048227604767397125,0.10340638216071879,0.14173010380623194,-646852.4185148138,-0.1473330541853137,-0.5206612841214917,0.2519646289888504,4398780
634,33,TAMIL NADU,TIRUPPUR,-0.29287197231832757,-0.048227604767397354,0.0057744853173821754,0.0753556324490514,-820710.353404526,-0.13873610759282537,-0.47637062668204533,0.2519646289888504,5928070
732,33,TAMIL NADU,TIRUPPATTUR,-0.2069357939254044,0.01296163873450403,0.036920124382345675,0.05911572472126308,-183842.53819841827,-0.07585451246833996,-0.4340484429065744,0.19986159169550174,2429659
589,33,TAMIL NADU,TIRUVALLUR,-0.2761399461745377,-0.021109976149067906,0.012962153818307183,0.04484429065743791,-480061.8257933847,-0.1294405210344042,-0.48725874663590923,0.13588619761630144,3721243
593,33,TAMIL NADU,TIRUVANNAMALAI,-0.2441522491349302,-0.0017335080117505668,0.025861430734885185,0.05173394848135021,-701146.8179400256,-0.09913068914824734,-0.47637062668204533,0.17279507881584008,7086228
594,33,TAMIL NADU,TUTICORIN,-0.3460207612456601,-0.0753556324490582,-0.05911572472125784,-0.04158400615148119,-965433.9035061435,-0.17998094675382992,-0.5320415224913494,0.13588619761630144,5373009
595,33,TAMIL NADU,VELLORE,-0.23646289888505595,-0.012994691534611878,0.012963514863068315,0.04158400615148098,-223431.6614217205,-0.09242735861419624,-0.4340484429065744,0.1929104190695886,2425418
596,33,TAMIL NADU,VILLUPURAM,-0.2599000384467724,-0.04822760476739612,-0.01682259090247279,0.021058605025180192,-560889.4408566332,-0.13398966277492952,-0.47637062668204533,0.15378700499807765,4197052
597,33,TAMIL NADU,VIRUDHUNAGAR,-0.336855055747816,-0.051733948481349254,-0.01681690134903056,0.03694868732631096,-794569.7820346362,-0.16532416059245245,-0.48725874663590923,0.21413302575932336,4816093
577,33,TAMIL NADU,KRISHNAGIRI,-0.20693579392540234,-0.013002074024055055,0.005732507672618687,0.02583243790887647,-480723.5736239443,-0.08176932935053166,-0.454963475586313,0.16633602460592078,5891097
501,36,TELANGANA,ADILABAD,-0.1727950788158475,-0.021139031862843313,-0.009682837875924527,0.005675272166947642,-345700.3052238052,-0.072996102668183,-0.40359861591695495,0.11909265667051133,4743469
507,36,TELANGANA,HYDERABAD,-0.3278123798539005,-0.1727950788158501,-0.1417301038062257,-0.08421376393694523,-51354.08661444071,-0.22913346032034787,-0.40359861591695495,0.012056901191849288,225991
508,36,TELANGANA,KARIMNAGAR,-0.251964628988845,-0.0797231833910148,-0.06299115724721122,-0.04484429065743861,-320430.4931386257,-0.13584515479593634,-0.4340484429065744,0.11374086889657825,2364683
690,36,TELANGANA,BHADRADRI KOTHAGUDEM,-0.19986159169548667,-0.02594120098107786,-0.0058250919780907275,0.016758962635002764,-760704.5808234403,-0.09391382968822722,-0.454963475586313,0.12456747404844293,8112200
512,36,TELANGANA,MAHABUBNAGAR,-0.22145328719724097,-0.048227604767399714,-0.0211334175035444,0.009636157141507857,-357615.2175811065,-0.10937894429195652,-0.42377547097270285,0.13588619761630144,3277821
692,36,TELANGANA,SIDDIPET,-0.22145328719723278,-0.07111111111111856,-0.05173394848135146,-0.02596547892201962,-538113.0037940807,-0.12358211431933477,-0.42377547097270285,0.13016532103037293,4362172
514,36,TELANGANA,NALGONDA,-0.2364628988850579,-0.05536332179930326,-0.029773164167627396,0.005747476642482666,-997833.5201380164,-0.1186363716987782,-0.454963475586313,0.13016532103037293,8420108
516,36,TELANGANA,NIZAMABAD,-0.21413302575932977,-0.029773164167630317,-0.013014562773673789,0.005713550485697253,-434727.26859142404,-0.0875271616372323,-0.42377547097270285,0.12456747404844293,4973584
518,36,TELANGANA,RANGAREDDY,-0.26795847750868224,-0.06299115724721939,-0.04822760476740009,-0.029773164167627438,-717460.9653937563,-0.12280998446100268,-0.4340484429065744,0.12456747404844293,5852435
720,36,TELANGANA,MULUGU,-0.1727950788158502,-0.0017473220094242454,0.01675976652525913,0.03686784111493858,-364778.6771561612,-0.07227186952618943,-0.40359861591695495,0.16000000000000003,5054976
695,36,TELANGANA,JOGULAMBA GADWAL,-0.21413302575933013,-0.029773164167628687,0.0057767312253801445,0.032541330257592135,-291433.5961464897,-0.09742915764185517,-0.40359861591695495,0.13588619761630144,2996596
699,36,TELANGANA,KUMURAM BHEEM,-0.17937716262978723,-0.01680758069088526,0.0016741600740590229,0.0210462146640177,-448611.4111387313,-0.08352649733848377,-0.40359861591695495,0.13016532103037293,5379788
684,36,TELANGANA,MANCHERIAL,-0.21413302575933058,-0.041584006151479,-0.016822545730258844,0.009642094891536883,-475604.99179684906,-0.10441001851763104,-0.4340484429065744,0.11374086889657825,4563416
680,36,TELANGANA,NIRMAL,-0.1860822760476881,-0.029773164167629713,-0.013018479617417734,0.009629269754008107,-360080.1285836058,-0.08200410624009635,-0.40359861591695495,0.14173010380622836,4400168
685,36,TELANGANA,KAMAREDDY,-0.1860822760476853,-0.025961152688068218,-0.005851630024295818,0.012947555614958276,-349546.0335131266,-0.07929241344225056,-0.39369473279507883,0.13588619761630144,4417377
691,36,TELANGANA,SANGAREDDY,-0.22145328719721688,-0.016827499612257324,-0.0017653469767647941,0.016752315434305106,-423100.87952711585,-0.08101480930290887,-0.4340484429065744,0.12456747404844293,5234286
694,36,TELANGANA,NAGARKURNOOL,-0.20693579392539224,0.0017119780295616015,0.025868333831589804,0.048227604767398964,-656998.4638571723,-0.09098744689234743,-0.41362552864282975,0.16000000000000003,7230954
693,36,TELANGANA,WANAPARTHY,-0.21413302575932927,-0.012973282134018783,0.012962510544181318,0.03254133025759292,-250747.89225453677,-0.09880756380827081,-0.42377547097270285,0.13016532103037293,2543857
721,36,TELANGANA,NARAYANPET,-0.19986159169549172,-0.03706751919983426,-0.013007902820921912,0.02587991623063572,-258860.46327154353,-0.09221157948636222,-0.4340484429065744,0.15378700499807765,2813898
698,36,TELANGANA,VIKARABAD,-0.18608227604768124,-0.01682741242251455,0.0016689595489965696,0.02104746849720112,-315174.4466671579,-0.07272495370228896,-0.39369473279507883,0.14769703960015382,4341820
700,36,TELANGANA,MEDCHAL-MALKAJGIRI,-0.31009611687812205,-0.09356401384083811,-0.07535563244904984,-0.05173394848135444,-215085.36639864906,-0.1707163370218715,-0.4340484429065744,0.13016532103037293,1263977
697,36,TELANGANA,YADADRI BHUVANAGIRI,-0.23646289888505923,-0.07535563244905406,-0.05911572472125918,-0.03706267596424246,-493181.5413998389,-0.13043538021086676,-0.42377547097270285,0.1085121107266436,3788544
696,36,TELANGANA,SURYAPET,-0.2441522491349395,-0.03705374904256374,-0.013000247215135298,0.012954038947733964,-451972.39147040487,-0.10759459708122997,-0.48725874663590923,0.12456747404844293,4207558
509,36,TELANGANA,KHAMMAM,-0.2141330257593309,0.005761267887238816,0.044844290657441145,0.07535563244904778,-509504.70750827674,-0.09312181024254575,-0.42377547097270285,0.17279507881584008,5483474
688,36,TELANGANA,MAHABUBABAD,-0.192910419069596,-0.021138532817125424,0.0016853043528865807,0.02584829427861694,-372540.3802490295,-0.08970973227730819,-0.40359861591695495,0.14173010380622836,4159758
689,36,TELANGANA,JANGAON,-0.22145328719722962,-0.07535563244905727,-0.059115724721264785,-0.03708591090844876,-361527.2217336921,-0.1271731020537502,-0.42377547097270285,0.11374086889657825,2848930
686,36,TELANGANA,WARANGAL (URBAN),-0.2519646289888452,-0.06698961937716448,-0.04822760476739488,-0.025929556859117492,-179790.45556496398,-0.13146406894473148,-0.42377547097270285,0.10340638216070744,1371299
522,36,TELANGANA,WARANGAL (RURAL),-0.20693579392539968,-0.029773164167629523,-0.0058360670860719555,0.025855557715701936,-258360.41420107993,-0.09840813628510571,-0.4340484429065744,0.13588619761630144,2631366
687,36,TELANGANA,JAYASHANKAR BHUPALAPALLY,-0.19291041906957807,-0.03703721271743359,-0.009669233602401555,0.02106517162741339,-329874.8175497875,-0.09743032723491475,-0.4340484429065744,0.14769703960015382,3392864
682,36,TELANGANA,PEDDAPALLI,-0.24415224913493278,-0.066989619377173,-0.0517339484813495,-0.025963829643004296,-329657.82287109445,-0.12747805038652923,-0.4340484429065744,0.13016532103037293,2590845
681,36,TELANGANA,JAGTIAL,-0.2288965782391285,-0.06698961937717109,-0.051733948481349726,-0.025951473772326993,-426318.9828033524,-0.12520787708233286,-0.4444444444444444,0.15378700499807765,3410637
683,36,TELANGANA,RANJANNA SIRCILLA,-0.2141330257593296,-0.05536332179930259,-0.03707122049089072,-0.009712650086225388,-237845.23806833438,-0.1117096901532014,-0.40359861591695495,0.14173010380622836,2133794
513,36,TELANGANA,MEDAK,-0.2069357939254055,-0.05911572472125204,-0.041584006151481195,-0.021180407877110854,-351580.677480887,-0.10895302315522164,-0.42377547097270285,0.14769703960015382,3235035
269,16,TRIPURA,DHALAI,-0.14173010380623288,0.015747789311802797,0.03254133025759396,0.05173394848135302,-108508.37187024306,-0.03901684156331186,-0.3188927335640138,0.16000000000000003,2787504
654,16,TRIPURA,GOMATI,-0.16633602460592434,0.00885813148788966,0.024605920799692437,0.04158400615148096,-101352.56991943119,-0.051439829240905545,-0.3188927335640138,0.16633602460592078,1976295
652,16,TRIPURA,KHOWAI,-0.16633602460592414,0.013840830449827288,0.03254133025759201,0.05173394848135452,-66301.17809142372,-0.051631475594948545,-0.3188927335640138,0.13588619761630144,1288086
270,16,TRIPURA,NORTH TRIPURA,-0.14769703960015618,0.03254133025759338,0.05536332179930878,0.07535563244905699,-54993.037459683794,-0.03342825319065427,-0.31009611687812383,0.186082276047674,1650811
653,16,TRIPURA,SEPAHIJALA,-0.17279507881584727,0.004490123430316575,0.024605920799693003,0.04484429065743886,-81061.28916059376,-0.06286263803400073,-0.34602076124567477,0.14173010380622836,1294414
271,16,TRIPURA,SOUTH TRIPURA,-0.1537870049980831,0.0016765728639979204,0.016741684643152687,0.0415840061514809,-105589.65484949239,-0.059483671061768426,-0.3278123798539023,0.17279507881584008,1781389
655,16,TRIPURA,UNOKOTI,-0.15999999999999792,0.01574778931180282,0.03844675124952067,0.059115724721263765,-41711.821332043924,-0.049459177725471,-0.3278123798539023,0.13588619761630144,846595
272,16,TRIPURA,WEST TRIPURA,-0.19291041906958095,-9.249394101402802E-4,0.015747789311802853,0.0354325259515568,-86215.59371302539,-0.07488436219648552,-0.34602076124567477,0.13016532103037293,1154860
118,09,UTTAR PRADESH,AGRA,-0.3188927335640348,-0.15378700499802636,-0.1358861976163163,-0.11909265667051816,-1029868.0230437678,-0.203172358937491,-0.4444444444444444,0.05536332179930796,5084762
119,09,UTTAR PRADESH,ALIGARH,-0.3100961168781069,-0.12456747404847486,-0.10851211072665795,-0.09842368319876198,-826649.2544741008,-0.17641458547453753,-0.454963475586313,0.019930795847750864,4695914
121,09,UTTAR PRADESH,AMBEDKARNAGAR,-0.284444444444467,-0.09842368319874585,-0.084213763936961,-0.0669896193771679,-482935.9711118987,-0.16651491083682024,-0.42377547097270285,0.04822760476739715,2907631
640,09,UTTAR PRADESH,AMETHI,-0.3014225297961993,-0.11374086889660477,-0.10340638216072896,-0.09356401384082284,-560209.6076960315,-0.18553818429926086,-0.4340484429065744,0.03844675124951941,3027141
154,09,UTTAR PRADESH,AMROHA,-0.26795847750865315,-0.11909265667053222,-0.10340638216072345,-0.08882737408688371,-508010.2553781036,-0.16240772004044926,-0.41362552864282975,0.029773164167627833,3135410
122,09,UTTAR PRADESH,AURAIYA,-0.3100961168781166,-0.11909265667053079,-0.10851211072665978,-0.09356401384082312,-472280.91977567,-0.1874631405082002,-0.4444444444444444,0.05536332179930796,2525028
123,09,UTTAR PRADESH,AZAMGARH,-0.28444444444447253,-0.10340638216073589,-0.09356401384084596,-0.07972318339100927,-881187.3072947455,-0.16835914113747036,-0.42377547097270285,0.06698961937716265,5243512
133,09,UTTAR PRADESH,BUDAUN,-0.2928719723183594,-0.12456747404847841,-0.10851211072665708,-0.09356401384082437,-936373.2040722847,-0.1740650914081787,-0.454963475586313,0.04822760476739715,5388312
124,09,UTTAR PRADESH,BAGHPAT,-0.2928719723183501,-0.14173010380623563,-0.12456747404845263,-0.10851211072664159,-322300.7167242593,-0.19103419391312107,-0.4444444444444444,-0.017777777777777778,1691561
125,09,UTTAR PRADESH,BAHRAICH,-0.27613994617453747,-0.09842368319876289,-0.07972318339100952,-0.05911572472126337,-1015022.6209547429,-0.1628540734645044,-0.42377547097270285,0.05911572472126105,6244557
126,09,UTTAR PRADESH,BALLIA,-0.26795847750867247,-0.08421376393695791,-0.06698961937716569,-0.044844290657438786,-562149.0843016179,-0.1515683091955771,-0.41362552864282975,0.07111111111111111,3717530
127,09,UTTAR PRADESH,BALRAMPUR,-0.2519646289888448,-0.0797231833910004,-0.06299115724721194,-0.04484429065743804,-583126.3727493817,-0.13872173962215859,-0.42377547097270285,0.13016532103037293,4212204
128,09,UTTAR PRADESH,BANDA,-0.27613994617453796,-0.11374086889655859,-0.09842368319874947,-0.08421376393695632,-932419.7147230017,-0.16942561027486647,-0.4444444444444444,0.07111111111111111,5516307
129,09,UTTAR PRADESH,BARABANKI,-0.30142252979620554,-0.12456747404847124,-0.11374086889659052,-0.09356401384082678,-895030.1354052003,-0.18602324874012727,-0.4340484429065744,0.05536332179930796,4821092
130,09,UTTAR PRADESH,BAREILLY,-0.28444444444446104,-0.10851211072666127,-0.08882737408688664,-0.07111111111111584,-853032.8957435248,-0.16319983391824477,-0.4444444444444444,0.05536332179930796,5236856
131,09,UTTAR PRADESH,BASTI,-0.26795847750867074,-0.07535563244905574,-0.06299115724721609,-0.04822760476739488,-505412.9918783505,-0.14511754149342374,-0.39369473279507883,0.07535563244905807,3489747
179,09,UTTAR PRADESH,BHADOHI,-0.2844444444444713,-0.1137408688966107,-0.09842368319876879,-0.07111111111110997,-229122.76844288976,-0.18284653877310109,-0.4340484429065744,0.03543252595155709,1258326
132,09,UTTAR PRADESH,BIJNOR,-0.2599000384467717,-0.11374086889660005,-0.09842368319877073,-0.0753556324490554,-952189.7477402999,-0.16167295316610594,-0.40359861591695495,0.05173394848135333,5897437
134,09,UTTAR PRADESH,BULANDSHAHR,-0.29287197231835643,-0.11374086889658612,-0.09842368319875955,-0.08421376393695129,-742039.5325460486,-0.16645912621630685,-0.4444444444444444,0.0271280276816609,4465675
135,09,UTTAR PRADESH,CHANDAULI,-0.2599000384467493,-0.05536332179929961,-0.044844290657448924,-0.029773164167626834,-393738.70190315397,-0.12530064811195932,-0.41362552864282975,0.11374086889657825,3149762
136,09,UTTAR PRADESH,CHITRAKOOT,-0.26795847750866036,-0.09356401384085318,-0.07535563244905734,-0.05536332179930599,-604148.5753745507,-0.15346117580411134,-0.4340484429065744,0.10340638216070744,3947058
137,09,UTTAR PRADESH,DEORIA,-0.2761399461745382,-0.07972318339101633,-0.06299115724721115,-0.0482276047673982,-482881.5317709096,-0.15282413259529817,-0.41362552864282975,0.05536332179930796,3167421
140,09,UTTAR PRADESH,AYODHYA,-0.2844444444444649,-0.12456747404846996,-0.10851211072665198,-0.08882737408688582,-615922.0766199653,-0.1835292107824763,-0.42377547097270285,0.0629911572472126,3363207
138,09,UTTAR PRADESH,ETAH,-0.3014225297962322,-0.12456747404847024,-0.11374086889659867,-0.09842368319877108,-537154.3704849482,-0.1762681275638621,-0.4444444444444444,0.024605920799692427,3057112
139,09,UTTAR PRADESH,ETAWAH,-0.3100961168781251,-0.12456747404847096,-0.10851211072665647,-0.08882737408688664,-546502.5560427633,-0.18807319398202152,-0.454963475586313,0.06698961937716265,2912455
141,09,UTTAR PRADESH,FARRUKHABAD,-0.2928719723183566,-0.10851211072666313,-0.0935640138408271,-0.07535563244905479,-457057.63099774736,-0.16684627117584697,-0.42377547097270285,0.0271280276816609,2746061
142,09,UTTAR PRADESH,FATEHPUR,-0.31009611687811656,-0.13016532103033981,-0.11374086889659438,-0.07972318339100513,-988764.6294157009,-0.19123434448088047,-0.46560553633217994,0.0629911572472126,5179341
143,09,UTTAR PRADESH,FIROZABAD,-0.32781237985388734,-0.13588619761633147,-0.1245674740484625,-0.10340638216071345,-585967.9537971467,-0.19305731296988957,-0.46560553633217994,0.05536332179930796,3043033
144,09,UTTAR PRADESH,GAUTAMBUDHNAGAR,-0.3368550557477864,-0.12456747404846437,-0.10851211072664305,-0.09842368319876875,-364675.5097978154,-0.20342266266152614,-0.454963475586313,0.004982698961937716,1799130
146,09,UTTAR PRADESH,GAZIPUR,-0.27613994617456655,-0.08421376393696066,-0.06698961937717032,-0.05173394848134961,-676835.5510070545,-0.16180837516974356,-0.4444444444444444,0.06698961937716265,4191005
145,09,UTTAR PRADESH,GHAZIABAD,-0.33685505574782104,-0.14769703960016872,-0.13016532103036782,-0.11374086889657786,-244431.87782209693,-0.21072174514647002,-0.4340484429065744,0.019930795847750864,1164347
147,09,UTTAR PRADESH,GONDA,-0.2761399461745515,-0.10851211072666384,-0.08882737408688039,-0.06698961937716608,-848313.8784213464,-0.17006949320911333,-0.41362552864282975,0.07535563244905807,4997607
148,09,UTTAR PRADESH,GORAKHPUR,-0.28444444444447214,-0.07972318339101733,-0.06299115724722056,-0.048227604767399346,-635134.6207769092,-0.1527988062349518,-0.41362552864282975,0.07535563244905807,4167218
149,09,UTTAR PRADESH,HAMIRPUR,-0.2761399461745385,-0.12456747404847629,-0.11374086889659729,-0.0888273740868866,-860343.9763580806,-0.17826795896060188,-0.42377547097270285,0.05911572472126105,4836349
661,09,UTTAR PRADESH,HAPUR,-0.3100961168781346,-0.1245674740484627,-0.11374086889657332,-0.09356401384082856,-253195.21550644026,-0.17822741411405787,-0.4444444444444444,0.019930795847750864,1425629
150,09,UTTAR PRADESH,HARDOI,-0.30142252979619494,-0.12456747404847583,-0.1085121107266613,-0.09356401384082272,-1399320.3393507146,-0.1861326866276701,-0.47637062668204533,0.03844675124951941,7529334
163,09,UTTAR PRADESH,HATHRAS,-0.31889273356402414,-0.13016532103034756,-0.11909265667052367,-0.10340638216071578,-410179.9329907828,-0.1828569129080332,-0.4444444444444444,0.029773164167627833,2250134
151,09,UTTAR PRADESH,JALAUN,-0.28444444444446626,-0.11374086889656204,-0.09842368319875065,-0.08421376393694989,-970726.8908510855,-0.171195891514106,-0.4340484429065744,0.0629911572472126,5680240
152,09,UTTAR PRADESH,JAUNPUR,-0.28444444444447253,-0.11909265667053331,-0.10340638216073045,-0.08882737408688707,-922029.4908416676,-0.18448817425088174,-0.42377547097270285,0.05911572472126105,5008032
153,09,UTTAR PRADESH,JHANSI,-0.26795847750866353,-0.09842368319874883,-0.07972318339101268,-0.05536332179930738,-954718.2832938986,-0.1537438190766644,-0.4444444444444444,0.11374086889657825,6229627
155,09,UTTAR PRADESH,KANNAUJ,-0.30142252979620365,-0.119092656670529,-0.10340638216072716,-0.08882737408688819,-467004.982074401,-0.1784126847223105,-0.4340484429065744,0.041584006151480196,2623727
157,09,UTTAR PRADESH,KANPUR,-0.3368550557478066,-0.13016532103034978,-0.11374086889657611,-0.08882737408688968,-735473.7451705118,-0.1969548753270704,-0.454963475586313,0.05911572472126105,3743531
156,09,UTTAR PRADESH,KANPUR DEHAT,-0.31009611687811167,-0.13016532103033826,-0.11374086889658845,-0.09842368319877055,-754743.2881550041,-0.1918328091819601,-0.47637062668204533,0.05911572472126105,3941798
633,09,UTTAR PRADESH,KASGANJ,-0.2928719723183494,-0.13016532103034462,-0.11374086889657867,-0.09842368319876953,-445547.092459398,-0.18044731375546488,-0.454963475586313,0.03543252595155709,2475748
158,09,UTTAR PRADESH,KAUSHAMBI,-0.3014225297962194,-0.1358861976163462,-0.11374086889657332,-0.08421376393694797,-424086.5136202972,-0.191655508622902,-0.42377547097270285,0.04822760476739715,2218096
159,09,UTTAR PRADESH,KHERI,-0.25990003844676535,-0.07111111111111947,-0.051733948481346166,-0.03707551314777624,-1412276.5952369021,-0.14523537578196172,-0.4340484429065744,0.09842368319876971,9738027
160,09,UTTAR PRADESH,KUSHINAGAR,-0.24415224913493144,-0.06299115724721871,-0.051733948481347346,-0.03543252595155834,-486629.9869483738,-0.13534950907239926,-0.39369473279507883,0.07535563244905807,3604253
161,09,UTTAR PRADESH,LALITPUR,-0.22145328719721885,-0.059115724721256535,-0.041584006151481216,-0.021157228700156225,-735796.209599974,-0.11878262837074005,-0.41362552864282975,0.1085121107266436,6203252
162,09,UTTAR PRADESH,LUCKNOW,-0.3553094963475644,-0.14173010380622963,-0.12456747404846102,-0.10851211072664685,-670563.354383211,-0.21201310498863005,-0.46560553633217994,0.024605920799692427,3170059
165,09,UTTAR PRADESH,MAHOBA,-0.25990003844676557,-0.1190926566705304,-0.10340638216071438,-0.06299115724721158,-660615.8516409998,-0.16374080798037818,-0.4444444444444444,0.09356401384083046,4045255
166,09,UTTAR PRADESH,MAINPURI,-0.3014225297962175,-0.11909265667053216,-0.10851211072665856,-0.09356401384082323,-615124.1514751299,-0.17910391719327945,-0.4340484429065744,0.03543252595155709,3441554
167,09,UTTAR PRADESH,MATHURA,-0.32781237985391565,-0.12456747404847635,-0.1137408688965712,-0.09842368319876109,-803842.6961356001,-0.19113559535697053,-0.47637062668204533,0.029773164167627833,4213749
168,09,UTTAR PRADESH,MAU,-0.2761399461745568,-0.09356401384083742,-0.07535563244904933,-0.05911572472126364,-350096.7139463735,-0.16240124712755644,-0.40359861591695495,0.05536332179930796,2161729
169,09,UTTAR PRADESH,MEERUT,-0.30142252979617773,-0.1301653210303338,-0.11909265667052704,-0.09842368319876621,-590094.1145678873,-0.17839883780094729,-0.41362552864282975,0.022206843521722412,3314219
170,09,UTTAR PRADESH,MIRZAPUR,-0.27613994617454035,-0.08421376393695694,-0.06698961937716705,-0.041584006151480876,-841968.7278833668,-0.15487240386104617,-0.47637062668204533,0.1085121107266436,5447558
171,09,UTTAR PRADESH,MORADABAD,-0.30142252979619344,-0.11909265667053387,-0.10340638216072846,-0.08882737408688329,-428040.7125943839,-0.17248618242608665,-0.4340484429065744,0.029773164167627833,2489342
172,09,UTTAR PRADESH,MUZAFFARNAGAR,-0.2761399461745405,-0.13016532103033884,-0.11909265667052368,-0.10340638216070372,-613434.1781162178,-0.17502718883428872,-0.41362552864282975,0.022206843521722412,3511799
173,09,UTTAR PRADESH,PILIBHIT,-0.2441522491349442,-0.05911572472125362,-0.04822760476739752,-0.03543252595156003,-597695.8696170474,-0.12510212833434775,-0.42377547097270285,0.0629911572472126,4788939
174,09,UTTAR PRADESH,PRATAPGARH,-0.29287197231832124,-0.1245674740484734,-0.11374086889660337,-0.09842368319876856,-882579.8397609378,-0.1917207093159554,-0.46560553633217994,0.08421376393694734,4613609
175,09,UTTAR PRADESH,RAIBEARELI,-0.3014225297962013,-0.11909265667053462,-0.10340638216073028,-0.09356401384083025,-917206.6485884468,-0.18770237005332255,-0.4444444444444444,0.0629911572472126,4896223
176,09,UTTAR PRADESH,RAMPUR,-0.27613994617452964,-0.07972318339101697,-0.06299115724721115,-0.04822760476740124,-454011.3386534018,-0.15076746256383522,-0.41362552864282975,0.022206843521722412,3018922
177,09,UTTAR PRADESH,SAHARANPUR,-0.2761399461745356,-0.10851211072665988,-0.08882737408688889,-0.06299115724721131,-790909.4505371992,-0.16535587009439034,-0.4444444444444444,0.09356401384083046,4790695
659,09,UTTAR PRADESH,SAMBHAL,-0.2928719723183577,-0.11374086889656933,-0.09356401384083422,-0.07535563244904987,-509171.7443613727,-0.1652989755173077,-0.4340484429065744,0.03844675124951941,3088314
178,09,UTTAR PRADESH,SANTKABIRNAGAR,-0.27613994617455145,-0.07535563244905528,-0.06299115724721115,-0.05173394848135256,-293838.7627773754,-0.14325472085912794,-0.39369473279507883,0.044844290657439445,2058853
180,09,UTTAR PRADESH,SHAHJAHANPUR,-0.27613994617453563,-0.08882737408687386,-0.06698961937717147,-0.05173394848134762,-832694.1652453251,-0.15280121368670618,-0.4340484429065744,0.04822760476739715,5462736
660,09,UTTAR PRADESH,SHAMLI,-0.29287197231835294,-0.10340638216072429,-0.08882737408689213,-0.07535563244905237,-263893.8786304209,-0.16298793219902566,-0.41362552864282975,-5.536332179930795E-4,1623202
181,09,UTTAR PRADESH,SHRAWASTI,-0.26795847750866325,-0.09356401384085344,-0.0797231833910153,-0.06698961937716597,-373119.9024694497,-0.15334900209626093,-0.41362552864282975,0.13588619761630144,2439319
182,09,UTTAR PRADESH,SIDDHARTHNAGAR,-0.25196462898884486,-0.06698961937717672,-0.05911572472124814,-0.048227604767394475,-439868.29967322503,-0.12108510276226009,-0.40359861591695495,0.06698961937716265,3640380
183,09,UTTAR PRADESH,SITAPUR,-0.2844444444444648,-0.13016532103032943,-0.11374086889659514,-0.09356401384082493,-1299344.074158186,-0.1799832595008471,-0.4340484429065744,0.05173394848135333,7230057
184,09,UTTAR PRADESH,SONBHADRA,-0.23646289888505137,-0.07535563244906347,-0.05911572472125938,-0.037096850097116454,-1081884.8910491324,-0.12820062925074904,-0.4444444444444444,0.13588619761630144,8450002
185,09,UTTAR PRADESH,SULTANPUR,-0.2928719723183416,-0.11909265667052944,-0.1034063821607228,-0.08882737408688943,-614517.3278553886,-0.18470624909793892,-0.4444444444444444,0.05536332179930796,3335749
186,09,UTTAR PRADESH,UNNAO,-0.3100961168781005,-0.13016532103033965,-0.11374086889658487,-0.09356401384082462,-1115258.0097230761,-0.1955930134993269,-0.46560553633217994,0.0629911572472126,5712341
187,09,UTTAR PRADESH,VARANASI,-0.2844444444444633,-0.11909265667052205,-0.10340638216071196,-0.07535563244905909,-358002.5127182101,-0.18905735653675812,-0.41362552864282975,0.05536332179930796,1899363
120,09,UTTAR PRADESH,PRAYAGRAJ,-0.2928719723183256,-0.10340638216073571,-0.08421376393696409,-0.06698961937716848,-1167184.492320713,-0.1727760892117652,-0.48725874663590923,0.08882737408688965,6766620
164,09,UTTAR PRADESH,MAHARAJGANJ,-0.236462898885058,-0.041584006151463564,-0.03543252595155222,-0.024605920799690924,-374087.4824580519,-0.10129478987292727,-0.39369473279507883,0.07535563244905807,3700747
045,05,UTTARAKHAND,ALMORA,-0.14173010380623685,0.03692420891415591,0.05536332179930657,0.07535563244905605,-137611.32955594256,-0.03408345752712206,-0.3188927335640138,0.1929104190695886,4045433
046,05,UTTARAKHAND,BAGESHWAR,-0.13016532103037004,0.06299115724721116,0.08421376393695648,0.10851211072665082,-28719.721580632173,-0.009984171933531613,-0.31009611687812383,0.2364628988850442,2883079
048,05,UTTARAKHAND,CHAMPAWAT,-0.1663360246059244,0.04158400615148129,0.05911572472126503,0.07535563244905635,-73465.24971080551,-0.032497199358810326,-0.39369473279507883,0.17937716262975778,2266165
049,05,UTTARAKHAND,DEHRADUN,-0.25990003844675397,0.016771084071968163,0.04822760476739622,0.07972318339100798,-329495.71718451515,-0.08220629792075163,-0.39369473279507883,0.19986159169550174,4018513
050,05,UTTARAKHAND,HARIDWAR,-0.2844444444444602,-0.08882737408689066,-0.0629911572472112,-0.032541330257592316,-463662.86497687065,-0.1574426085847796,-0.42377547097270285,0.11374086889657825,2950783
051,05,UTTARAKHAND,NAINITAL,-0.21413302575933146,0.025865352987197544,0.04484429065743955,0.06698961937716362,-327717.17773245554,-0.06422144954958425,-0.40359861591695495,0.186082276047674,5111706
052,05,UTTARAKHAND,PAURI GARHWAL,-0.16633602460592486,0.029773164167629616,0.051733948481348484,0.0753556324490503,-331338.2485124045,-0.04880328852292895,-0.36472126105344094,0.2069357939254133,6797764
054,05,UTTARAKHAND,RUDRAPRAYAG,-0.14173010380623788,0.0797231833910144,0.09842368319876682,0.11909265667051784,-22123.372308981852,-0.008603410022782886,-0.3188927335640138,0.21413302575932336,2576527
055,05,UTTARAKHAND,TEHRI GARHWAL,-0.1663360246059247,0.059115724721259366,0.08421376393695817,0.1085121107266555,-182690.7445740848,-0.03614652829846115,-0.3553094963475586,0.2364628988850442,5065420
056,05,UTTARAKHAND,UDHAM SINGH NAGAR,-0.25990003844675985,-0.059115724721252226,-0.04158400615148117,-0.025942696654393322,-418007.1289802855,-0.12271964392588196,-0.41362552864282975,0.09356401384083046,3417188
047,05,UTTARAKHAND,CHAMOLI,-0.18608227604770142,0.05911572472125528,0.08421376393695776,0.10851211072664896,-383923.0504116004,-0.03793977511511733,-0.3553094963475586,0.2288965782391388,10130102
053,05,UTTARAKHAND,PITHORAGARH,-0.1727950788158491,0.055363321799303936,0.07972318339101434,0.10340638216072112,-293483.81200304214,-0.031485313491639,-0.33685505574778934,0.2288965782391388,9333695
057,05,UTTARAKHAND,UTTARKASHI,-0.1793771626297722,0.05911572472125111,0.0842137639369583,0.10340638216071828,-392392.7851507746,-0.03781207128552427,-0.33685505574778934,0.22145328719723184,10391325
664,19,WEST BENGAL,ALIPUR DUAR,-0.14769703960015823,0.009641415121246354,0.03693028537511393,0.06299115724721134,-182479.8884120471,-0.05224713436611365,-0.3014225297962323,0.22145328719723184,3499191
305,19,WEST BENGAL,BANKURA,-0.21413302575933083,-0.02977316416763107,-0.013840830449827392,0.004482199899719214,-857665.9751111539,-0.10261340950364589,-0.3839138792772011,0.10340638216070744,8367774
306,19,WEST BENGAL,PURBA BARDDHAMAN,-0.21413302575932244,8.995543435810634E-4,0.015747789311802804,0.03254133025758884,-476126.8909507859,-0.07516332626488649,-0.37425605536332185,0.10340638216070744,6345416
307,19,WEST BENGAL,BIRBHUM,-0.21413302575933216,0.010396001537870304,0.027128027681662493,0.0415840061514812,-389774.35145679954,-0.0701545972000542,-0.37425605536332185,0.1085121107266436,5568338
310,19,WEST BENGAL,DAKSHIN DINAJPUR,-0.20693579392539635,-9.377593127137875E-4,0.01993079584775258,0.038446751249520614,-206472.99204688348,-0.07481564541447625,-0.33685505574778934,0.11374086889657825,2766684
309,19,WEST BENGAL,DARJILING,-0.1537870049980841,0.09842368319875212,0.12456747404846273,0.15378700499808617,-10761.980001252097,-0.004197417973137436,-0.3278123798539023,0.2599000384467512,2570580
317,19,WEST BENGAL,PURBA MEDINIPUR,-0.19986159169548778,-0.012056901191849764,0.0026388807478610154,0.022206843521721375,-445399.65346771583,-0.09343799677837422,-0.37425605536332185,0.1085121107266436,4774369
313,19,WEST BENGAL,HAORA,-0.22145328719723148,-0.0211181604458287,-0.0017473884480540573,0.021064773750741096,-199441.05195863917,-0.11239115804722234,-0.37425605536332185,0.15378700499807765,1779421
312,19,WEST BENGAL,HUGLI,-0.2214532871972347,-0.016815093597022438,-0.0017547606433135766,0.01293786834315694,-383870.1782608278,-0.10045246435449269,-0.40359861591695495,0.10340638216070744,3830421
314,19,WEST BENGAL,JALPAIGURI,-0.15378700499808587,0.010396001537870294,0.02977316416762836,0.051733948481350385,-223955.99714720898,-0.052282080743471064,-0.33685505574778934,0.15378700499807765,4291724
308,19,WEST BENGAL,KOCH BIHAR,-0.17279507881584927,9.04789457185998E-4,0.017777777777778142,0.03543252595155718,-300995.772816368,-0.07173875173399719,-0.3014225297962323,0.14769703960015382,4209471
315,19,WEST BENGAL,KOLKATA,-0.2599000384467463,-0.12456747404843926,-0.09842368319877036,-0.0711111111111112,-39646.04207912099,-0.1769898215493464,-0.3553094963475586,0.0271280276816609,225875
316,19,WEST BENGAL,MALDAH,-0.21413302575933077,-0.029773164167630727,-0.013840830449827545,0.0026410385725497386,-437487.9401401994,-0.09889590813335392,-0.34602076124567477,0.09842368319876971,4432769
319,19,WEST BENGAL,MURSHIDABAD,-0.21413302575933155,-0.0354325259515537,-0.017777777777779193,8.976712872104204E-4,-714890.7100816981,-0.10927718697249467,-0.37425605536332185,0.07972318339100345,6553296
320,19,WEST BENGAL,NADIA,-0.20693579392539452,-0.07111111111111802,-0.0517339484813499,-0.03254133025759271,-610551.9630494927,-0.1288031560292828,-0.3839138792772011,0.07535563244905807,4752532
303,19,WEST BENGAL,NORTH TWENTY-FOUR PARGANAS,-0.21413302575931734,-0.03844675124951979,-0.017777777777778288,0.012056901191848851,-563700.6275927023,-0.11628181045290316,-0.3839138792772011,0.1085121107266436,4858451
318,19,WEST BENGAL,PASCHIM MEDINIPUR,-0.21413302575932255,-0.019930795847753802,-0.006842192148292937,0.0068011566963202385,-755792.9662804678,-0.09972351334148026,-0.37425605536332185,0.11374086889657825,7589470
321,19,WEST BENGAL,PURULIYA,-0.19291041906958736,-0.027128027681663808,-0.013840830449827307,8.937241077422572E-4,-668886.7917419202,-0.0879713089529432,-0.3553094963475586,0.10340638216070744,7614827
304,19,WEST BENGAL,SOUTH TWENTY-FOUR PARGANAS,-0.19291041906959702,-0.0325413302575921,-0.008858131487889631,0.012056901191848959,-1008296.2417640791,-0.10916685485234176,-0.36472126105344094,0.09842368319876971,9269362
311,19,WEST BENGAL,UTTAR DINAJPUR,-0.1998615916954884,0.012056901191848666,0.027128027681660647,0.044844290657437905,-283641.6624714723,-0.07293455531778992,-0.34602076124567477,0.10340638216070744,3902218
703,19,WEST BENGAL,JHARGRAM,-0.19986159169548665,-0.004489642000552987,0.013840830449827184,0.03543252595155804,-316488.77231897874,-0.08457772916688706,-0.33685505574778934,0.11909265667051133,3751531
704,19,WEST BENGAL,PASCHIM BARDDHAMAN,-0.23646289888505645,-0.03702245667728081,-0.009654395857854077,0.012953815571436203,-258723.42917233493,-0.11733654440340625,-0.39369473279507883,0.1085121107266436,2210746
702,19,WEST BENGAL,KALIMPONG,-0.07972318339100448,0.11374086889660408,0.1358861976163326,0.15378700499808873,45407.38024751424,0.03316716619852609,-0.28444444444444444,0.2599000384467512,1372509
