di_code,st_code,state23,dist23,A61_p2,A61_p90,A61_p95,A61_p98,A61_sum,A61_mean,A61_min,A61_max,A61_count
603,35,ANDAMAN & NICOBAR,NICOBAR,-0.29287197231832474,-0.07111111111111262,-0.03701656061353405,0.00965609498698858,-333056.24968883727,-0.16602727167612796,-0.36472126105344094,0.16000000000000003,2020602
632,35,ANDAMAN & NICOBAR,NORTH & MIDDLE ANDAMAN,-0.2761399461745499,-0.12456747404846381,-0.10340638216071389,-0.07111111111111125,-739329.861113076,-0.18608934225119986,-0.3839138792772011,0.17937716262975778,4003957
602,35,ANDAMAN & NICOBAR,SOUTH ANDAMAN,-0.310096116878103,-0.11909265667051905,-0.0935640138408254,-0.06299115724721162,-593702.3205684721,-0.20517075934379292,-0.39369473279507883,0.13588619761630144,2916597
502,28,ANDHRA PRADESH,ANANTAPUR,-0.08421376393694995,0.06698961937717507,0.07972318339101654,0.09842368319876686,281271.60089607176,0.012555867270853638,-0.1929104190695886,0.1929104190695886,22430270
503,28,ANDHRA PRADESH,CHITTOOR,-0.1358861976163089,0.01676547462306208,0.03689630881398047,0.055363321799305996,-745969.3418105689,-0.04325574805696892,-0.2761399461745483,0.2364628988850442,17269415
504,28,ANDHRA PRADESH,Y S R KADAPA,-0.10851211072665012,0.06698961937717486,0.08421376393696352,0.10340638216072277,14990.621116671853,8.464872351975373E-4,-0.2364628988850442,0.22145328719723184,17724326
505,28,ANDHRA PRADESH,EAST GODAVARI,-0.18608227604765537,9.043699919254783E-4,0.017777777777779433,0.03543252595155875,-1164952.298978509,-0.07707329589081974,-0.2679584775086506,0.16633602460592078,15133939
506,28,ANDHRA PRADESH,GUNTUR,-0.10851211072664767,0.024605920799692243,0.04158400615148126,0.06299115724721126,-332584.3723199951,-0.025050358300756324,-0.22145328719723184,0.16633602460592078,13291974
510,28,ANDHRA PRADESH,KRISHNA,-0.13016532103037068,0.004481350107717079,0.019930795847752116,0.03543252595155882,-453964.83929829736,-0.04446414531062396,-0.2364628988850442,0.17279507881584008,10225813
511,28,ANDHRA PRADESH,KURNOOL,-0.12456747404847168,0.055363321799314136,0.07111111111111923,0.08882737408688453,-164519.6331552773,-0.008157059160579537,-0.2519646289888504,0.186082276047674,20185908
515,28,ANDHRA PRADESH,POTTI SRIRAMULU NELLORE,-0.1245674740484222,0.08421376393696604,0.1034063821607306,0.12456747404845704,143063.7626422171,0.009380863526433754,-0.2761399461745483,0.2364628988850442,15263341
517,28,ANDHRA PRADESH,PRAKASAM,-0.1245674740484618,0.05911572472126083,0.07535563244906511,0.09356401384083438,-136338.8747157796,-0.0066698106924044515,-0.24415224913494812,0.21413302575932336,20457221
519,28,ANDHRA PRADESH,SRIKAKULAM,-0.17937716262978445,-0.051733948481346693,-0.03543252595155966,-0.01039600153787017,-692953.1538895521,-0.10069290986779494,-0.2761399461745483,0.11909265667051133,6895077
520,28,ANDHRA PRADESH,VISAKHAPATNAM,-0.19291041906958561,-0.02712802768166205,-0.004499814486079666,0.019930795847751138,-1226689.204024938,-0.09023505085387845,-0.29287197231833906,0.19986159169550174,13613577
521,28,ANDHRA PRADESH,VIZIANAGARAM,-0.17279507881584927,-0.029773164167629547,-0.010396001537870259,0.015747789311802908,-603686.0844320853,-0.08337571168356873,-0.2679584775086506,0.19986159169550174,7256513
523,28,ANDHRA PRADESH,WEST GODAVARI,-0.16633602460586622,0.004485775863082102,0.01777777777777921,0.03254133025759096,-613711.056816317,-0.06314096788511256,-0.2519646289888504,0.13588619761630144,9731922
628,12,ARUNACHAL PRADESH,ANJAW,-0.06299115724721137,0.25990003844675097,0.2928719723183275,0.3188927335640396,1015115.9731178171,0.13351794171057166,-0.33685505574778934,0.4444444444444444,7611073
229,12,ARUNACHAL PRADESH,CHANGLANG,-0.14769703960016792,0.12456747404846114,0.1663360246059144,0.21413302575933188,-38208.87662705824,-0.006147501689543906,-0.29287197231833906,0.4340484429065744,6227191
230,12,ARUNACHAL PRADESH,DIBANG VALLEY,-0.036910801664694244,0.2679584775086974,0.30142252979619444,0.32781237985390665,1793657.4774480849,0.14708385850278427,-0.31009611687812383,0.46560553633217994,12207130
231,12,ARUNACHAL PRADESH,EAST KAMENG,-0.1301653210303731,0.22145328719722018,0.276139946174548,0.32781237985395156,403351.9304767263,0.07267343982154426,-0.3188927335640138,0.48725874663590923,5558425
233,12,ARUNACHAL PRADESH,KURUNG KUMEY,-0.08421376393695276,0.2519646289888913,0.2928719723183409,0.33685505574780833,656634.058557395,0.11696246596150635,-0.3188927335640138,0.46560553633217994,5621269
234,12,ARUNACHAL PRADESH,LOHIT,-0.17937716262976688,0.18608227604769953,0.2214532871972313,0.25990003844674797,89373.53471508595,0.02318027100209263,-0.3278123798539023,0.4340484429065744,3863405
235,12,ARUNACHAL PRADESH,LOWER DIBANG VALLEY,-0.17937716262979997,0.19291041906957582,0.23646289888500985,0.27613994617455834,120100.01146723778,0.0267886522145945,-0.3188927335640138,0.46560553633217994,4491587
237,12,ARUNACHAL PRADESH,PAPUMPARE,-0.14769703960016592,0.12456747404845826,0.16000000000001377,0.1929104190696037,4874.177432303542,0.001126994022866972,-0.2599000384467512,0.3553094963475586,4333778
238,12,ARUNACHAL PRADESH,TAWANG,-0.08882737408687899,0.2679584775086771,0.3014225297962047,0.3278123798538886,447882.2448850438,0.1447666057612704,-0.3014225297962323,0.4444444444444444,3100277
239,12,ARUNACHAL PRADESH,TIRAP,-0.14173010380624113,0.06299115724721124,0.09842368319876402,0.13588619761630166,-53123.56964340913,-0.036112524314773145,-0.24415224913494812,0.28444444444444444,1474824
240,12,ARUNACHAL PRADESH,UPPER SIANG,-0.11374086889657427,0.2441522491349278,0.2928719723183077,0.3368550557478188,866670.0603891732,0.10159926888608307,-0.3553094963475586,0.47637062668204533,8540336
241,12,ARUNACHAL PRADESH,UPPER SUBANSIRI,-0.13588619761629595,0.2519646289888746,0.2928719723183176,0.3368550557477893,836880.6136799743,0.10193251179138549,-0.3553094963475586,0.47637062668204533,8220067
242,12,ARUNACHAL PRADESH,WEST KAMENG,-0.1537870049980849,0.18608227604770547,0.22889657823911994,0.2844444444444676,281116.310386404,0.04555231748479514,-0.33685505574778934,0.454963475586313,6178998
719,12,ARUNACHAL PRADESH,LOWER SIANG,-0.1537870049980806,0.09356401384082522,0.12456747404843861,0.1537870049980784,-50723.040067559305,-0.022189985773271987,-0.29287197231833906,0.2679584775086506,2292082
236,12,ARUNACHAL PRADESH,LOWER SUBANSIRI,-0.16000000000001005,0.11374086889657313,0.14173010380623924,0.17937716262975217,14962.370887841125,0.0061209086373848545,-0.2761399461745483,0.31009611687812383,2449933
679,12,ARUNACHAL PRADESH,SIANG,-0.15999999999999867,0.18608227604770386,0.22889657823913023,0.292871972318359,227198.06717595155,0.051925574282295155,-0.36472126105344094,0.46560553633217994,4383418
243,12,ARUNACHAL PRADESH,WEST SIANG,-0.18608227604770491,0.15378700499808612,0.19291041906957435,0.22889657823914356,11017.939527457407,0.006532235092073179,-0.3188927335640138,0.40359861591695495,1691102
725,12,ARUNACHAL PRADESH,SHI YOMI,-0.11374086889657606,0.2519646289888445,0.2928719723183617,0.3278123798538891,367100.33777205594,0.11033935550575924,-0.31009611687812383,0.454963475586313,3331997
724,12,ARUNACHAL PRADESH,LEPA RADA,-0.16633602460592414,0.11909265667051454,0.1476970396001577,0.1793771626297523,-2706.6689422288528,-0.0027967755557951864,-0.29287197231833906,0.28444444444444444,970650
723,12,ARUNACHAL PRADESH,PAKKE KESSANG,-0.17279507881585005,0.07111111111111645,0.10340638216070626,0.13016532103036554,-90016.60753122515,-0.03761140952414218,-0.29287197231833906,0.24415224913494812,2399368
677,12,ARUNACHAL PRADESH,KRA DAADI,-0.10340638216070425,0.17279507881584924,0.20693579392539757,0.24415224913494546,125154.14892145105,0.056269649866214286,-0.2761399461745483,0.454963475586313,2229870
678,12,ARUNACHAL PRADESH,NAMSAI,-0.17937716262975065,-0.06698961937716935,-0.05173394848135211,-0.024605920799692708,-190915.15899928438,-0.11295306932729189,-0.29287197231833906,0.1929104190695886,1693784
718,12,ARUNACHAL PRADESH,KAMLE,-0.16633602460592453,0.13016532103036968,0.16000000000000303,0.18608227604767388,20760.598435772434,0.01194728407811113,-0.3553094963475586,0.29287197231833906,1742339
232,12,ARUNACHAL PRADESH,EAST SIANG,-0.1929104190696008,0.055363321799309306,0.11374086889657602,0.16000000000000483,-161539.1525196486,-0.07609251505795198,-0.28444444444444444,0.33685505574778934,2127307
666,12,ARUNACHAL PRADESH,LONGDING,-0.15378700499808495,0.03844675124952113,0.06698961937716325,0.09842368319877051,-63494.53016649886,-0.054237036318583905,-0.2519646289888504,0.24415224913494812,1174145
616,18,ASSAM,BAKSA,-0.19986159169548354,-0.059115724721258756,-0.044844290657439015,-0.024605920799692833,-337388.46028920176,-0.1107723529028448,-0.28444444444444444,0.12456747404844293,3055457
280,18,ASSAM,BARPETA,-0.16633602460592511,-0.04822760476740214,-0.03254133025759168,-0.012056901191849271,-274167.6342747737,-0.09618889918333776,-0.24415224913494812,0.07535563244905807,2859045
705,18,ASSAM,BISWANATH,-0.17937716262976017,-0.03543252595155929,-0.010396001537870216,0.0157477893118029,-255520.4959659475,-0.09208294951271505,-0.2519646289888504,0.1085121107266436,2780367
281,18,ASSAM,BONGAIGAON,-0.1727950788158486,-0.04484429065744164,-0.02977316416762764,-0.012056901191849382,-133841.33776125382,-0.0961829935931842,-0.24415224913494812,0.16633602460592078,1397646
282,18,ASSAM,CACHAR,-0.2141330257593049,-0.05536332179930524,-0.024605920799692538,0.015747789311802932,-583598.9892931826,-0.12546226935522156,-0.29287197231833906,0.2069357939254133,4659875
708,18,ASSAM,CHARAIDEO,-0.18608227604769864,-0.07972318339101402,-0.06698961937716531,-0.0517339484813545,-154732.306727056,-0.12195463955653821,-0.2599000384467512,0.0629911572472126,1273387
612,18,ASSAM,CHIRANG,-0.2069357939253781,-0.04484429065744164,-0.029773164167626907,-0.01039600153787016,-262160.6446923582,-0.10977572092243634,-0.2679584775086506,0.19986159169550174,2393821
283,18,ASSAM,DARRANG,-0.1663360246059247,-0.04484429065744768,-0.029773164167627614,-0.008858131487889135,-179854.32581372492,-0.09114396468052814,-0.2599000384467512,0.07535563244905807,1980527
284,18,ASSAM,DHEMAJI,-0.17279507881584905,-0.029773164167628128,-0.009681713499782212,0.016750119841413016,-262627.26025415247,-0.08418027159150768,-0.28444444444444444,0.22145328719723184,3127982
285,18,ASSAM,DHUBRI,-0.14173010380623657,-0.0199307958477521,-0.0068445047236421475,0.01205690119184939,-137345.82211687462,-0.06658530406036578,-0.2364628988850442,0.11374086889657825,2073149
286,18,ASSAM,DIBRUGARH,-0.17279507881585052,-0.04484429065744356,-0.022206843521721233,0.0026343826298142856,-427941.94382891717,-0.10079705892432522,-0.28444444444444444,0.14769703960015382,4254504
299,18,ASSAM,DIMA HASAO,-0.21413302575924334,-0.055363321799307384,-0.012988505759222722,0.036925052448916994,-794308.3869695493,-0.1316936199148338,-0.29287197231833906,0.2364628988850442,6041285
287,18,ASSAM,GOALPARA,-0.1860822760476859,-0.04484429065744023,-0.02977316416762802,-0.00683366123205479,-245213.47588579968,-0.10098376752275973,-0.2679584775086506,0.09356401384083046,2434900
288,18,ASSAM,GOLAGHAT,-0.1998615916954851,-0.06299115724721113,-0.04484429065744193,-0.019930795847750787,-485487.650291029,-0.12080388936876024,-0.29287197231833906,0.08421376393694734,4029611
289,18,ASSAM,HAILAKANDI,-0.2214532871972059,-0.0935640138408318,-0.07111111111111534,-0.0517339484813545,-239922.7182145919,-0.1471701410157203,-0.3014225297962323,0.11909265667051133,1635070
709,18,ASSAM,HOJAI,-0.1929104190695747,-0.06698961937717317,-0.05173394848134809,-0.035432525951557645,-215882.31894941,-0.11947893730138001,-0.2599000384467512,0.09842368319876971,1811736
290,18,ASSAM,JORHAT,-0.19291041906960002,-0.0753556324490647,-0.06299115724721117,-0.04158400615148094,-286675.82337018225,-0.12305546729045223,-0.2599000384467512,0.14173010380622836,2335717
618,18,ASSAM,KAMRUP METRO,-0.18608227604769204,-0.041584006151481265,-0.027128027681660744,-0.013840830449826712,-123223.47155668106,-0.10200031252892813,-0.2679584775086506,0.13016532103037293,1212134
291,18,ASSAM,KAMRUP RURAL,-0.16633602460592503,-0.05173394848134669,-0.03254133025759297,-0.010396001537870164,-379613.55839740316,-0.09780433442979962,-0.2519646289888504,0.17279507881584008,3891403
292,18,ASSAM,KARBI ANGLONG,-0.1998615916954836,-0.07111111111111953,-0.04822760476739808,-0.01993079584775087,-1163028.5023004147,-0.12773061986797626,-0.29287197231833906,0.1929104190695886,9120022
293,18,ASSAM,KARIMGANJ,-0.22145328719721258,-0.08882737408686946,-0.07111111111111713,-0.055363321799309646,-309910.7212794285,-0.1393044592956161,-0.28444444444444444,0.07972318339100345,2229526
294,18,ASSAM,KOKRAJHAR,-0.1860822760476537,-0.032541330257589256,-0.019930795847752224,-0.002652609238145342,-365706.7725140544,-0.09446610122277778,-0.2519646289888504,0.1085121107266436,3879174
295,18,ASSAM,LAKHIMPUR,-0.1793771626297641,-0.04822760476739491,-0.03254133025759309,-0.012056901191849153,-364450.92279234936,-0.09702151260061351,-0.2679584775086506,0.13588619761630144,3763908
706,18,ASSAM,MAJULI,-0.17279507881584838,-0.01993079584775096,-9.320334789614476E-4,0.017777777777777497,-135690.29674706727,-0.08536754862234694,-0.2599000384467512,0.10340638216070744,1595085
296,18,ASSAM,MARIGAON,-0.17937716262978662,-0.05536332179930215,-0.038446751249520864,-0.017777777777777466,-191367.79786053312,-0.10177178811787246,-0.24415224913494812,0.13016532103037293,1884753
297,18,ASSAM,NAGAON,-0.18608227604768787,-0.05173394848134667,-0.0384467512495211,-0.01574778931180293,-329002.7215086116,-0.10248787134846137,-0.2761399461745483,0.10340638216070744,3221993
298,18,ASSAM,NALBARI,-0.1599999999999994,-0.05173394848134826,-0.03543252595155785,-0.012056901191849368,-121743.42890207664,-0.09351488012946385,-0.2364628988850442,0.07535563244905807,1306375
300,18,ASSAM,SIBSAGAR,-0.19291041906958578,-0.06299115724721113,-0.04484429065744207,-0.02712802768166115,-231133.64867134785,-0.11326649552229395,-0.2761399461745483,0.05536332179930796,2046198
301,18,ASSAM,SONITPUR,-0.19291041906957332,-0.04484429065744509,-0.01777777777777785,0.008858131487889116,-388194.15774291044,-0.10337667769428621,-0.2599000384467512,0.13016532103037293,3761187
707,18,ASSAM,SOUTH SALMARA MANCACHAR,-0.15999999999999934,-0.02220684352172242,-0.004503404316606912,0.013840830449827065,-55176.66568857057,-0.0793514544000612,-0.2519646289888504,0.07972318339100345,699403
302,18,ASSAM,TINSUKIA,-0.16633602460591604,-0.05173394848134579,-0.03844675124952159,-0.019930795847750937,-474149.96523138275,-0.09884589580577083,-0.28444444444444444,0.186082276047674,4805197
617,18,ASSAM,UDALGURI,-0.18608227604770206,-0.0591157247212485,-0.04484429065744387,-0.02712802768166145,-264583.4406186103,-0.10515132893528208,-0.24415224913494812,0.10340638216070744,2524545
710,18,ASSAM,WEST KARBI ANGLONG,-0.19986159169548465,-0.06698961937717134,-0.04484429065743919,-0.019930795847750885,-483050.3693358056,-0.12677567221507166,-0.29287197231833906,0.16633602460592078,3818912
188,10,BIHAR,ARARIA,-0.14173010380623421,-0.024605920799688194,-0.017777777777779308,-0.006865007684936142,-226249.98577678748,-0.06521707491888083,-0.22145328719723184,0.10340638216070744,3476505
611,10,BIHAR,ARWAL,-0.10851211072664395,-0.024605920799691632,-0.012056901191849247,0.019930795847750822,-42471.49415391448,-0.05400202871395755,-0.21413302575932336,0.13016532103037293,790200
189,10,BIHAR,AURANGABAD,-0.11374086889657667,-0.01574778931180279,0.002633494860581862,0.024605920799692243,-216149.5893681276,-0.05318568506637711,-0.2069357939254133,0.16000000000000003,4071463
190,10,BIHAR,BANKA,-0.09842368319876924,0.017777777777779245,0.0384467512495215,0.05536332179930607,-107803.06563436237,-0.028969013006280058,-0.186082276047674,0.17279507881584008,3727975
191,10,BIHAR,BEGUSARAI,-0.1476970396001581,-0.017777777777779502,-0.006852994501888232,0.004468459809995747,-144523.69441416522,-0.060773852501293996,-0.2364628988850442,0.07535563244905807,2385201
200,10,BIHAR,KAIMUR,-0.13016532103037384,-0.01384083044982635,0.00448208864484382,0.027128027681660533,-215006.75770969279,-0.05182610370406422,-0.22145328719723184,0.186082276047674,4155971
192,10,BIHAR,BHAGALPUR,-0.1358861976163017,-0.008858131487889206,8.828913286207493E-4,0.010396001537870266,-154991.759889334,-0.04913416482603616,-0.2069357939254133,0.10340638216070744,3161985
193,10,BIHAR,BHOJPUR,-0.12456747404844802,-0.027128027681664182,-0.013840830449827545,0.004480259091173388,-182021.4187009837,-0.0616321901746045,-0.22145328719723184,0.12456747404844293,2959033
194,10,BIHAR,BUXAR,-0.12456747404845106,-0.03543252595155581,-0.02220684352172168,-0.00686476312947122,-146279.93344346242,-0.06958304699432091,-0.2364628988850442,0.08421376393694734,2107650
195,10,BIHAR,DARBHANGA,-0.16000000000000136,-0.02460592079969252,-0.013840830449826898,-0.0026582353301493997,-211198.9129091813,-0.06754028616064751,-0.2599000384467512,0.07535563244905807,3135810
196,10,BIHAR,GAYA,-0.11374086889657434,-0.015747789311802797,0.004479731366088399,0.03254133025759284,-327026.70684538374,-0.053585701247652454,-0.19986159169550174,0.14769703960015382,6114662
197,10,BIHAR,GOPALGANJ,-0.1358861976163043,-0.024605920799691636,-0.01384083044982651,-0.00450197784367766,-167479.68205706088,-0.06602181690786976,-0.2288965782391388,0.08421376393694734,2543564
199,10,BIHAR,JAHANABAD,-0.11374086889657439,-0.022206843521720587,-0.012056901191849023,8.77350067409522E-4,-63797.726053919105,-0.05521626978123838,-0.2069357939254133,0.09356401384083046,1159636
198,10,BIHAR,JAMUI,-0.11909265667051074,0.019930795847752706,0.04158400615148122,0.05911572472126454,-153503.2774709759,-0.04027447951067895,-0.19986159169550174,0.17937716262975778,3819342
201,10,BIHAR,KATIHAR,-0.15378700499808676,-0.0199307958477537,-0.008858131487889763,0.0026400981386378065,-270902.21762369096,-0.07195783278958955,-0.24415224913494812,0.07535563244905807,3773694
202,10,BIHAR,KHAGARIA,-0.1476970396001549,-0.0199307958477532,-0.008858131487889713,8.809571267776967E-4,-115719.1316996814,-0.06271000469868206,-0.2288965782391388,0.0629911572472126,1851170
203,10,BIHAR,KISHANGANJ,-0.13588619761630846,-0.01993079584775343,-0.010396001537870292,8.832056652014575E-4,-140652.3879166526,-0.0585807202622112,-0.2364628988850442,0.09356401384083046,2408235
204,10,BIHAR,LAKHISARAI,-0.13016532103037307,-0.006847348552259864,0.01777777777777796,0.044844290657437794,-84144.11265863162,-0.0559107408663837,-0.22145328719723184,0.13016532103037293,1509373
205,10,BIHAR,MADHEPURA,-0.15378700499808404,-0.032541330257589055,-0.024605920799693568,-0.013840830449827191,-165124.54902046308,-0.07369546698014469,-0.2288965782391388,0.1085121107266436,2247230
206,10,BIHAR,MADHUBANI,-0.16000000000000292,-0.02977316416763131,-0.0157477893118028,-0.002651295680226189,-316137.894717208,-0.07248033011346836,-0.24415224913494812,0.08882737408688965,4370352
207,10,BIHAR,MUNGER,-0.130165321030377,-0.010396001537870302,0.0026376445579402385,0.01777777777777848,-97339.8260746345,-0.055903436352159025,-0.2519646289888504,0.14769703960015382,1746408
208,10,BIHAR,MUZAFFARPUR,-0.16000000000000272,-0.024605920799689367,-0.01384083044982655,-0.004511594280064484,-284518.36585579783,-0.07201629320368715,-0.2599000384467512,0.07111111111111111,3958875
209,10,BIHAR,NALANDA,-0.10851211072664238,-0.015747789311802783,-0.004512691262586843,0.008858131487889116,-136718.5444642071,-0.04679219357142784,-0.2069357939254133,0.17937716262975778,2929383
210,10,BIHAR,NAWADA,-0.12456747404845678,-0.015747789311802787,-0.004504147501711581,0.013840830449826789,-158274.01828006198,-0.051660889985543974,-0.22145328719723184,0.17279507881584008,3071041
211,10,BIHAR,PASHCHIMI CHAMPARAN,-0.192910419069593,-0.0482276047673937,-0.0325413302575917,-0.013840830449827193,-623500.18510545,-0.09517884085980882,-0.3014225297962323,0.14769703960015382,6560379
212,10,BIHAR,PATNA,-0.1301653210303724,-0.006847728043395985,0.006806088927371831,0.024605920799691483,-200930.84478563367,-0.05089279124773545,-0.2288965782391388,0.09842368319876971,3959090
213,10,BIHAR,PURBI CHAMPARAN,-0.15999999999999992,-0.029773164167632492,-0.019930795847753355,-0.006853689726563791,-380180.9505979655,-0.07668584602267058,-0.2519646289888504,0.09356401384083046,4966698
214,10,BIHAR,PURNIA,-0.14769703960015987,-0.027128027681664283,-0.01777777777777906,-0.008858131487889522,-274282.25593915564,-0.06853254716677856,-0.2519646289888504,0.09356401384083046,4010639
215,10,BIHAR,ROHTAS,-0.12456747404845034,-0.013840830449826088,0.0026365623004086566,0.027128027681661355,-261475.647343938,-0.05521133507054647,-0.22145328719723184,0.19986159169550174,4743839
216,10,BIHAR,SAHARSA,-0.15378700499808567,-0.03543252595155762,-0.024605920799693252,-0.013840830449827427,-161241.0224282432,-0.07798654679087838,-0.2519646289888504,0.09842368319876971,2073256
217,10,BIHAR,SAMASTIPUR,-0.15378700499808534,-0.0271280276816644,-0.017777777777779315,-0.006865664982404318,-232683.90564342684,-0.07024959135221329,-0.24415224913494812,0.07111111111111111,3321029
218,10,BIHAR,SARAN,-0.14769703960015695,-0.019930795847753455,-0.010396001537870292,8.753724321140988E-4,-209652.7423275455,-0.06399503752589422,-0.2364628988850442,0.07111111111111111,3282541
219,10,BIHAR,SHEIKHPURA,-0.09842368319877023,-0.013840830449827523,-0.004510205983276429,0.008858131487889123,-37609.39360194965,-0.044964449559331404,-0.2069357939254133,0.07535563244905807,840498
220,10,BIHAR,SHEOHAR,-0.16633602460592384,-0.015747789311802818,-0.006863090160527411,8.910195117013968E-4,-38852.03497971068,-0.07017055429689159,-0.2679584775086506,0.07111111111111111,556991
221,10,BIHAR,SITAMARHI,-0.15378700499808703,-0.03543252595155491,-0.02712802768166309,-0.015747789311802825,-207692.27063406951,-0.07602329334645243,-0.2599000384467512,0.05536332179930796,2739355
222,10,BIHAR,SIWAN,-0.13588619761630127,-0.024605920799690508,-0.015747789311802797,-0.006866749587083069,-173391.91992930887,-0.0628124302319354,-0.2288965782391388,0.05911572472126105,2766570
223,10,BIHAR,SUPAUL,-0.15999999999999592,-0.029773164167631254,-0.019930795847751984,-0.006864341815208008,-226848.45187819898,-0.07531305064486264,-0.2519646289888504,0.08882737408688965,3018897
224,10,BIHAR,VAISHALI,-0.15999999999999628,-0.024605920799687025,-0.013840830449825701,-0.00451059394572472,-186259.05046882894,-0.07377867795752777,-0.2364628988850442,0.07972318339100345,2529599
044,04,CHANDIGARH,CHANDIGARH,-0.14173010380622622,0.0026530290924641014,0.013840830449826978,0.027128027681660838,-6362.502138211799,-0.04277494484837535,-0.2069357939254133,0.10340638216070744,150026
646,22,CHHATTISGARH,BALOD,-0.13016532103037634,-0.012056901191849115,0.00885813148788932,0.041584006151480966,-226440.66886837358,-0.05628746543861972,-0.21413302575932336,0.186082276047674,4030747
644,22,CHHATTISGARH,BALODA BAZAR,-0.14173010380623163,0.002636896208714666,0.024605920799692125,0.059115724721262815,-279777.89590906893,-0.04991989532973871,-0.2288965782391388,0.16000000000000003,5614038
649,22,CHHATTISGARH,BALRAMPUR,-0.1476970396001679,-0.024605920799691913,-0.010396001537870282,0.004473847987447507,-537130.5267935422,-0.07032635773934233,-0.2288965782391388,0.1085121107266436,7650578
374,22,CHHATTISGARH,BASTAR,-0.1998615916954841,-0.02220684352172256,-9.316227262394435E-4,0.019930795847751797,-574502.4528734762,-0.09001744363920466,-0.28444444444444444,0.11909265667051133,6393305
650,22,CHHATTISGARH,BEMETARA,-0.10340638216070906,-0.004512681945353009,0.010396001537870271,0.03543252595155686,-99236.93871122769,-0.036890970685714994,-0.2069357939254133,0.16000000000000003,2697016
636,22,CHHATTISGARH,BIJAPUR,-0.17937716262980802,-0.04822760476739363,-0.029773164167629176,-0.010396001537870224,-1149683.6353020847,-0.1053104570651764,-0.2761399461745483,0.15378700499807765,10931393
375,22,CHHATTISGARH,BILASPUR,-0.1301653210303694,-0.008858131487889838,0.008858131487889415,0.03543252595155729,-231212.98000334125,-0.05410603030948298,-0.21413302575932336,0.17279507881584008,4282196
734,22,CHHATTISGARH,GAURELA-PENDRA-MARWAHI,-0.13016532103036232,-0.010396001537870294,0.00679955453764246,0.027128027681661743,-141601.36407776782,-0.05863487681869451,-0.24415224913494812,0.11909265667051133,2420209
376,22,CHHATTISGARH,DAKSHIN BASTAR DANTEWADA,-0.17937716262977804,-0.03543252595155466,-0.019930795847751634,-0.002655486136682057,-297622.52499062795,-0.08943880546570047,-0.2519646289888504,0.13588619761630144,3336766
377,22,CHHATTISGARH,DHAMTARI,-0.1727950788158353,-0.024605920799692035,-0.006844262837877013,0.022206843521722416,-402556.48307771067,-0.08258398586557827,-0.2599000384467512,0.13588619761630144,4882863
378,22,CHHATTISGARH,DURG,-0.10851211072664377,0.006812083908995166,0.027128027681660345,0.05536332179930709,-93608.32052180986,-0.03401761781121905,-0.2069357939254133,0.16000000000000003,2758101
645,22,CHHATTISGARH,GARIYABAND,-0.16633602460589064,-0.041584006151471634,-0.022206843521722825,0.0044830236329361,-538172.0388412739,-0.0932047024528366,-0.2679584775086506,0.16000000000000003,5784384
379,22,CHHATTISGARH,JANJGIR - CHAMPA,-0.13588619761632573,-0.017777777777779107,-9.312550286187056E-4,0.027128027681661535,-327172.04427547986,-0.06055399635290414,-0.2288965782391388,0.14769703960015382,5413703
380,22,CHHATTISGARH,JASHPUR,-0.14173010380622214,-0.012056901191849241,0.004479081890742244,0.022206843521722072,-452343.0421147123,-0.06384707584698478,-0.21413302575932336,0.10340638216070744,7094864
382,22,CHHATTISGARH,KABIRDHAM,-0.15999999999996742,-0.01384083044982582,8.948858743289421E-4,0.015747789311802842,-349363.21420039743,-0.06911005329607438,-0.2288965782391388,0.14173010380622836,5063228
381,22,CHHATTISGARH,UTTAR BASTAR KANKER,-0.1793771626298045,-0.03543252595155535,-0.022206843521721132,-0.006858809329914009,-760214.3826338879,-0.08887828226110316,-0.2599000384467512,0.1085121107266436,8566278
643,22,CHHATTISGARH,KONDAGAON,-0.17937716262978887,-0.0482276047673976,-0.03543252595155919,-0.01777777777777767,-597571.940196177,-0.09916963162948517,-0.24415224913494812,0.10340638216070744,6035251
383,22,CHHATTISGARH,KORBA,-0.13588619761634416,-0.010396001537870134,0.004483765123978397,0.02220684352172122,-486215.72095931123,-0.06096881170477794,-0.24415224913494812,0.15378700499807765,7984432
384,22,CHHATTISGARH,KOREA,-0.13588619761633494,-9.290554515914999E-4,0.013840830449826588,0.02977316416762785,-461453.6673826667,-0.05743605817478048,-0.2288965782391388,0.13588619761630144,8044955
385,22,CHHATTISGARH,MAHASAMUND,-0.13016532103036518,-0.015747789311802807,0.006817926774104848,0.035432525951558325,-357932.08756932686,-0.06289240150009028,-0.22145328719723184,0.13588619761630144,5701522
647,22,CHHATTISGARH,MUNGELI,-0.16000000000001588,-0.024605920799687115,-0.013840830449825925,0.0026419915915682295,-261607.4998562537,-0.07810977311974943,-0.22145328719723184,0.11909265667051133,3357558
637,22,CHHATTISGARH,NARAINPUR,-0.20693579392538136,-0.07535563244906118,-0.05911572472125718,-0.04158400615148105,-614981.3352118051,-0.13300552941271163,-0.28444444444444444,0.07972318339100345,4632332
386,22,CHHATTISGARH,RAIGARH,-0.130165321030362,-0.01384083044982652,8.960737436428606E-4,0.019930795847751037,-493174.57405406923,-0.0580948645999679,-0.21413302575932336,0.13588619761630144,8502955
387,22,CHHATTISGARH,RAIPUR,-0.1034063821607041,0.01993079584775281,0.04822760476739508,0.079723183391006,-90656.14578654377,-0.026047587113029874,-0.2069357939254133,0.16633602460592078,3486230
388,22,CHHATTISGARH,RAJ NANDGAON,-0.1537870049980583,8.944271489734435E-4,0.015747789311802814,0.03844675124952002,-509468.0897698668,-0.05276023740745658,-0.24415224913494812,0.17937716262975778,9670842
642,22,CHHATTISGARH,SUKMA,-0.15378700499808667,-0.024605920799692597,-0.010396001537870287,0.004473083288358684,-483349.5823165365,-0.07498738647526605,-0.2288965782391388,0.13016532103037293,6458280
648,22,CHHATTISGARH,SURAJPUR,-0.14769703960017402,-0.006840955490919721,0.006815599464789045,0.024605920799691733,-405832.027629515,-0.06116545627610566,-0.24415224913494812,0.11909265667051133,6646511
389,22,CHHATTISGARH,SURGUJA,-0.13016532103036674,-0.012056901191849512,0.002637160708300069,0.019930795847751093,-280443.9681753837,-0.05776024501811775,-0.21413302575932336,0.13016532103037293,4864080
463,38,DADRA & NAGAR HAVELI & DAMAN & DIU,DAMAN,-0.11909265667051294,0.008858131487889189,0.019930795847750822,0.032541330257593225,-3596.5756072701993,-0.042229234174590395,-0.16000000000000003,0.09356401384083046,86148
464,38,DADRA & NAGAR HAVELI & DAMAN & DIU,DIU,-0.13588619761630133,0.029773164167627684,0.04158400615148021,0.059115724721261045,-935.497696421418,-0.02025986885396149,-0.186082276047674,0.12456747404844293,47012
465,38,DADRA & NAGAR HAVELI & DAMAN & DIU,DADRA & NAGAR HAVELI,-0.09842368319877168,0.004487961082974113,0.017777777777777577,0.03254133025759358,-20639.45091042871,-0.035388737129615495,-0.16633602460592078,0.1085121107266436,587628
077,07,DELHI,CENTRAL,-0.12456747404844265,0.019930795847751513,0.029773164167628607,0.04158400615148062,-3764.9175728787045,-0.02781840946303779,-0.17937716262975778,0.10340638216070744,137139
078,07,DELHI,EAST,-0.05173394848135339,0.04484429065743917,0.051733948481353285,0.06299115724721237,545.5948879993334,0.013634727095611676,-0.11374086889657825,0.11909265667051133,40526
079,07,DELHI,NEW DELHI,-0.09842368319877039,0.019930795847751367,0.0517339484813535,0.07535563244905902,-5177.64740378756,-0.026034904397617645,-0.15378700499807765,0.12456747404844293,200534
080,07,DELHI,NORTH,-0.08882737408688968,0.02220684352172242,0.03254133025759372,0.04158400615148083,-7447.435805532505,-0.020063887308601234,-0.16633602460592078,0.10340638216070744,373407
081,07,DELHI,NORTH EAST,-0.11374086889657814,0.02220684352172242,0.0297731641676277,0.03543252595155697,-626.8055407949997,-0.013975816081824247,-0.186082276047674,0.08882737408688965,45774
082,07,DELHI,NORTH WEST,-0.0984236831987688,0.01384083044982674,0.024605920799692618,0.03844675124951956,-5310.908267860244,-0.027189698562158034,-0.16000000000000003,0.09842368319876971,197251
671,07,DELHI,SHAHADRA,-0.029773164167627847,0.044844290657438904,0.05173394848135337,0.06299115724721259,828.2629533436264,0.018920510985679533,-0.11909265667051133,0.1085121107266436,44424
083,07,DELHI,SOUTH,-0.09842368319877036,0.004474666274420513,0.015747789311802932,0.029773164167627826,-6764.136214996463,-0.033456941795906484,-0.17279507881584008,0.10340638216070744,203572
084,07,DELHI,SOUTH WEST,-0.11909265667051469,0.010396001537870219,0.019930795847751145,0.03254133025759356,-13638.926463454169,-0.03790779012647901,-0.186082276047674,0.11374086889657825,362148
085,07,DELHI,WEST,-0.09842368319876925,0.017777777777777882,0.027128027681661872,0.038446751249519726,-3455.3499837013983,-0.020672990714311376,-0.17937716262975778,0.09356401384083046,168657
670,07,DELHI,SOUTH EAST,-0.09842368319876928,0.029773164167628055,0.04158400615148036,0.059115724721261295,-1539.3726114993622,-0.011944863261152553,-0.19986159169550174,0.15378700499807765,130060
551,30,GOA,NORTH GOA,-0.12456747404844529,0.022206843521721063,0.04158400615148117,0.06698961937716177,-79356.71274933778,-0.03925104883105271,-0.2069357939254133,0.186082276047674,2026943
552,30,GOA,SOUTH GOA,-0.1358861976162999,0.013840830449826279,0.03543252595155914,0.05911572472126288,-107513.73589653434,-0.047514787353281754,-0.2069357939254133,0.186082276047674,2268792
673,24,GUJARAT,MORBI,-0.11909265667050695,0.03844675124951912,0.05536332179930587,0.07535563244905759,-69605.60731617996,-0.01153525429247416,-0.29287197231833906,0.1929104190695886,6044416
438,24,GUJARAT,AHMADABAD,-0.11374086889657516,0.024605920799691886,0.03844675124952173,0.055363321799305996,-204156.3648974863,-0.02328417409115588,-0.2288965782391388,0.13588619761630144,8784863
440,24,GUJARAT,ANAND,-0.14769703960016942,-0.010396001537870311,0.006807496847082126,0.02460592079969167,-241993.67168335564,-0.0631088614021345,-0.2599000384467512,0.16000000000000003,3842291
674,24,GUJARAT,DEVBHUMI DWARKA,-0.14769703960015879,0.03543252595155801,0.048227604767398166,0.06698961937716165,-80208.21620257192,-0.01600295834168887,-0.3014225297962323,0.17279507881584008,5023982
447,24,GUJARAT,JAMNAGAR,-0.1190926566705135,0.024605920799690376,0.03844675124952036,0.05536332179930708,-183174.29699401362,-0.025655116012791544,-0.24415224913494812,0.16000000000000003,7153837
449,24,GUJARAT,KACHCHH,-0.1793771626298091,0.04484429065744966,0.06299115724721992,0.08421376393695579,-1981921.1952611932,-0.039963982777085114,-0.33685505574778934,0.1929104190695886,49630741
443,24,GUJARAT,BHAVNAGAR,-0.1301653210303552,0.03844675124951487,0.0553633217993031,0.07535563244904925,-121506.09258929314,-0.014963074208902392,-0.2679584775086506,0.15378700499807765,8129986
442,24,GUJARAT,BHARUCH,-0.12456747404845218,0.024605920799688118,0.038446751249519275,0.05536332179930739,-174856.2187883677,-0.029500470355570737,-0.2364628988850442,0.16633602460592078,5942322
459,24,GUJARAT,SURAT,-0.12456747404845339,0.006809656400988903,0.019930795847753015,0.03543252595155484,-232273.6310212145,-0.04473099168850832,-0.22145328719723184,0.15378700499807765,5202601
453,24,GUJARAT,NAVSARI,-0.12456747404843904,-9.305008909828127E-4,0.01777777777777866,0.03844675124952014,-135241.16725553497,-0.051346603001571685,-0.2069357939254133,0.13588619761630144,2640202
462,24,GUJARAT,VALSAD,-0.11909265667051047,-0.004501002341333749,0.010396001537870273,0.02712802768166162,-170845.9144896186,-0.04861229398560226,-0.2069357939254133,0.11374086889657825,3524114
672,24,GUJARAT,ARAVALLI,-0.11374086889657416,0.0044754536366970925,0.015747789311802804,0.029773164167628114,-134974.67679691446,-0.03519782884955147,-0.21413302575932336,0.12456747404844293,3843076
441,24,GUJARAT,BANAS KANTHA,-0.14173010380623316,0.0044818504389272625,0.02220684352172126,0.04484429065744021,-733063.5909492824,-0.05561945237270976,-0.2679584775086506,0.1929104190695886,13197838
668,24,GUJARAT,CHHOTA UDEPUR,-0.13588619761630535,-0.017777777777779526,-0.0044992867523963595,0.012056901191848901,-259647.01977201097,-0.062271633414518114,-0.24415224913494812,0.11374086889657825,4179280
445,24,GUJARAT,DAHOD,-0.12456747404845293,-0.0045044696527458275,0.006805943088923354,0.024605920799691993,-203080.66093154968,-0.0460214276200984,-0.22145328719723184,0.13016532103037293,4420485
444,24,GUJARAT,DANGS,-0.13016532103036907,-0.02712802768166319,-0.013840830449827528,0.004484627497372113,-151637.14309899174,-0.0718702759145241,-0.2069357939254133,0.11909265667051133,2115144
675,24,GUJARAT,GIR SOMNATH,-0.12456747404844427,0.027128027681663683,0.0415840061514812,0.05911572472126352,-71836.47502647217,-0.02272338160743287,-0.2364628988850442,0.16000000000000003,3168667
448,24,GUJARAT,JUNAGADH,-0.11909265667051391,0.029773164167631854,0.04484429065744383,0.06299115724721129,-151787.99199874437,-0.020602656430424054,-0.2364628988850442,0.1929104190695886,7380122
669,24,GUJARAT,MAHISAGAR,-0.13588619761629775,-0.013840830449827384,-9.366474901569234E-4,0.01777777777777742,-175933.6376495439,-0.0576879698490549,-0.2364628988850442,0.13588619761630144,3057162
452,24,GUJARAT,NARMADA,-0.14173010380623388,-0.017777777777779592,-0.004510273420302615,0.012056901191848993,-223966.1987287083,-0.06611403125663931,-0.2364628988850442,0.13016532103037293,3395262
454,24,GUJARAT,PANCH MAHALS,-0.1358861976162989,-0.004501221255453678,0.01205690119184847,0.032541330257592545,-214218.55054518755,-0.05390520868120426,-0.2364628988850442,0.13588619761630144,3982812
458,24,GUJARAT,SABAR KANTHA,-0.13588619761632728,0.006809550322515746,0.01777777777777949,0.0325413302575941,-223188.630814663,-0.043117462336701676,-0.2519646289888504,0.15378700499807765,5187838
641,24,GUJARAT,TAPI,-0.13588619761632803,-0.006842595300600452,0.008858131487889564,0.02977316416762782,-223047.09795138208,-0.059304281745141775,-0.2288965782391388,0.14769703960015382,3771978
461,24,GUJARAT,VADODARA,-0.1358861976163001,-0.01039600153786936,0.002634144166175796,0.019930795847752047,-295564.2056576643,-0.0598644418755734,-0.2364628988850442,0.12456747404844293,4946678
439,24,GUJARAT,AMRELI,-0.07972318339100408,0.03543252595156,0.04822760476739626,0.059115724721264494,-14121.307437532008,-0.0016093125186916384,-0.24415224913494812,0.16633602460592078,8788427
456,24,GUJARAT,PORBANDAR,-0.12456747404843872,0.038446751249518844,0.05173394848134787,0.06698961937716312,-33246.32547326709,-0.01195889960219997,-0.2679584775086506,0.14769703960015382,2788240
457,24,GUJARAT,RAJKOT,-0.08882737408688551,0.02460592079969114,0.035432525951556854,0.051733948481350794,-157908.64501626915,-0.017051014152639828,-0.2288965782391388,0.17279507881584008,9279397
460,24,GUJARAT,SURENDRANAGAR,-0.09842368319877128,0.041584006151475915,0.05911572472126041,0.08421376393694968,-104433.52820217313,-0.009401732760829083,-0.2599000384467512,0.21413302575932336,11127032
676,24,GUJARAT,BOTAD,-0.09356401384082509,0.024605920799692725,0.03844675124952148,0.055363321799307606,-65146.885858862915,-0.021802544248517273,-0.21413302575932336,0.13016532103037293,2995174
450,24,GUJARAT,KHEDA,-0.1358861976162967,-0.012056901191848445,0.002637800022526629,0.022206843521722416,-243069.23143736372,-0.058305701669876094,-0.2364628988850442,0.11374086889657825,4177913
451,24,GUJARAT,MAHESANA,-0.11374086889657466,8.932139089199904E-4,0.013840830449827101,0.03254133025759246,-214076.29964857557,-0.03977889584537472,-0.2519646289888504,0.13016532103037293,5393193
446,24,GUJARAT,GANDHINAGAR,-0.11374086889657396,8.916721757496446E-4,0.013840830449827516,0.029773164167627868,-107900.39991079317,-0.042230448978883485,-0.2364628988850442,0.13588619761630144,2563098
455,24,GUJARAT,PATAN,-0.13016532103036785,0.01777777777777927,0.0354325259515568,0.05536332179930772,-271786.66135177366,-0.03851938651094154,-0.24415224913494812,0.16633602460592078,7069966
058,06,HARYANA,AMBALA,-0.10340638216070874,0.015747789311802794,0.024605920799693082,0.03254133025759341,-51479.9769855146,-0.026325053621536053,-0.2069357939254133,0.09356401384083046,1963507
059,06,HARYANA,BHIWANI,-0.06698961937716717,0.06698961937717551,0.0842137639369491,0.11374086889658355,94932.79045892172,0.02267268123824633,-0.1929104190695886,0.1929104190695886,4194676
060,06,HARYANA,FARIDABAD,-0.07535563244905967,0.05173394848134605,0.05911572472126174,0.06698961937716345,8980.196945547104,0.009532077188520026,-0.16633602460592078,0.14173010380622836,945230
061,06,HARYANA,FATEHABAD,-0.0669896193771616,0.032541330257588846,0.04158400615147842,0.05536332179930742,1332.3337684604853,4.112074010203596E-4,-0.186082276047674,0.16633602460592078,3246738
062,06,HARYANA,GURUGRAM,-0.08882737408688508,0.032541330257588624,0.044844290657443,0.059115724721263904,-15390.700607388919,-0.009716553990151202,-0.1929104190695886,0.17279507881584008,1589083
063,06,HARYANA,HISAR,-0.07535563244905115,0.04484429065745151,0.0629911572472125,0.08882737408687946,6958.76257428014,0.0013368111785428518,-0.2069357939254133,0.17937716262975778,5213950
064,06,HARYANA,JHAJJAR,-0.09356401384082386,0.027128027681664117,0.03543252595155799,0.04822760476739406,-35542.250447165694,-0.015052051785397565,-0.186082276047674,0.13588619761630144,2367667
065,06,HARYANA,JIND,-0.07972318339100712,0.02220684352171996,0.02977316416763035,0.03543252595156024,-33801.15569139389,-0.009669568411742643,-0.1929104190695886,0.09842368319876971,3503951
066,06,HARYANA,KAITHAL,-0.08882737408688966,0.024605920799684197,0.032541330257587237,0.03844675124952177,-16044.280615331561,-0.005490228263772407,-0.22145328719723184,0.09842368319876971,2929802
067,06,HARYANA,KARNAL,-0.08882737408688307,0.027128027681666125,0.0325413302575862,0.03844675124952205,-34356.69369930396,-0.010805550425659016,-0.186082276047674,0.10340638216070744,3186602
068,06,HARYANA,KURUKSHETRA,-0.11909265667052248,0.019930795847754496,0.02712802768166552,0.03543252595155334,-55527.45614059359,-0.025722420999546348,-0.24415224913494812,0.07535563244905807,2164099
069,06,HARYANA,MAHENDRAGARH,-0.06299115724721138,0.051733948481345056,0.06299115724722154,0.0753556324490483,39047.37149387652,0.01595478994328999,-0.2519646289888504,0.1929104190695886,2455293
604,06,HARYANA,MEWAT,-0.08882737408688553,0.029773164167630806,0.0415840061514812,0.05173394848135138,-26908.211403684305,-0.014062585821541641,-0.17279507881584008,0.19986159169550174,1920287
619,06,HARYANA,PALWAL,-0.05911572472126298,0.055363321799327694,0.06299115724723027,0.07111111111111809,37299.68490261052,0.021705867355725692,-0.1929104190695886,0.14769703960015382,1723336
070,06,HARYANA,PANCHKULA,-0.16000000000000006,0.012056901191848471,0.027128027681661074,0.04822760476739758,-63715.718461938595,-0.05581724685029115,-0.2364628988850442,0.1929104190695886,1145979
071,06,HARYANA,PANIPAT,-0.07535563244905956,0.02712802768166478,0.03543252595155616,0.041584006151481195,-9694.781602849884,-0.005817464711160815,-0.19986159169550174,0.11909265667051133,1670732
072,06,HARYANA,REWARI,-0.0935640138408232,0.0246059207996917,0.03543252595155964,0.044844290657437946,-32156.46355186839,-0.016353704346145883,-0.1929104190695886,0.17279507881584008,1972079
073,06,HARYANA,ROHTAK,-0.09356401384082541,0.01574778931180279,0.024605920799691386,0.035432525951559185,-47551.532331965915,-0.022368716898621903,-0.19986159169550174,0.12456747404844293,2130843
074,06,HARYANA,SIRSA,-0.07972318339100773,0.027128027681664533,0.038446751249521946,0.051733948481350246,-49017.386344493694,-0.00894615686813174,-0.24415224913494812,0.14769703960015382,5487960
075,06,HARYANA,SONIPAT,-0.07972318339100631,0.02977316416763227,0.03543252595155281,0.044844290657441305,-21253.182216305573,-0.007643111184570098,-0.186082276047674,0.11374086889657825,2786505
076,06,HARYANA,YAMUNANAGAR,-0.14173010380622772,0.012056901191849724,0.019930795847752886,0.029773164167627094,-76268.81972506188,-0.0343555596097978,-0.2364628988850442,0.15378700499807765,2225647
701,06,HARYANA,CHARKHI DADRI,-0.07535563244904865,0.05173394848134604,0.05911572472125066,0.07111111111111705,16957.941429610786,0.009653769046009647,-0.2288965782391388,0.17937716262975778,1761774
015,02,HIMACHAL PRADESH,BILASPUR,-0.19986159169548773,-0.0058035632914116685,0.032541330257593676,0.07111111111110993,-145033.01647848802,-0.0952951572595498,-0.3014225297962323,0.2364628988850442,1527049
016,02,HIMACHAL PRADESH,CHAMBA,-0.17279507881585016,0.23646289888500668,0.2679584775086827,0.30142252979619905,730764.7377970732,0.08474805266338481,-0.3553094963475586,0.4444444444444444,8634536
017,02,HIMACHAL PRADESH,HAMIRPUR,-0.19291041906959702,-0.022206843521720858,0.006797338830301957,0.04484429065743868,-143569.2811601903,-0.09829533308596249,-0.2761399461745483,0.2069357939254133,1464411
018,02,HIMACHAL PRADESH,KANGRA,-0.19291041906956682,0.1599999999999805,0.22145328719724316,0.2679584775086841,-272530.8348218129,-0.03607891994881687,-0.3014225297962323,0.42377547097270285,7565612
020,02,HIMACHAL PRADESH,KULLU,-0.16000000000001074,0.23646289888501235,0.2679584775086812,0.30142252979620093,663759.5915930003,0.09215553741405466,-0.34602076124567477,0.41362552864282975,7211360
022,02,HIMACHAL PRADESH,MANDI,-0.2069357939253908,0.12456747404846054,0.16633602460592478,0.21413302575933085,-123930.08285978295,-0.023968649928987864,-0.3553094963475586,0.36472126105344094,5177402
023,02,HIMACHAL PRADESH,SHIMLA,-0.16633602460592492,0.18608227604770355,0.22889657823914228,0.26795847750865515,285560.82461107435,0.04275928822154995,-0.33685505574778934,0.4340484429065744,6689722
024,02,HIMACHAL PRADESH,SIRMAUR,-0.17937716262976447,0.0935640138408231,0.1301653210303739,0.17279507881584866,-156642.6548691566,-0.04275952592406468,-0.3014225297962323,0.34602076124567477,3670428
025,02,HIMACHAL PRADESH,SOLAN,-0.1929104190695947,0.04484429065743788,0.0842137639369456,0.11909265667051006,-150778.9272766152,-0.059870463088441864,-0.29287197231833906,0.2599000384467512,2524974
026,02,HIMACHAL PRADESH,UNA,-0.19291041906959538,-0.022206843521720854,-9.272886520701854E-4,0.02460592079969279,-192882.3377901358,-0.09560122961342177,-0.2761399461745483,0.22145328719723184,2022495
019,02,HIMACHAL PRADESH,KINNAUR,-0.05911572472126302,0.23646289888500704,0.26795847750868157,0.29287197231835504,1028082.6135322547,0.1208290453453284,-0.28444444444444444,0.41362552864282975,8518904
021,02,HIMACHAL PRADESH,LAHUL & SPITI,-0.016755792500365435,0.23646289888499736,0.26795847750868446,0.3014225297961952,2357459.379523049,0.127873679856371,-0.1929104190695886,0.42377547097270285,18455211
,01,JAMMU & KASHMIR,MIRPUR,-0.26795847750867957,-0.021115230877873387,0.009654605841716494,0.04158400615148085,-633326.4510149873,-0.1311756804806457,-0.3839138792772011,0.19986159169550174,4837249
,01,JAMMU & KASHMIR,MUZAFFARABAD,-0.2679584775086877,0.22889657823911616,0.26795847750868435,0.30142252979619266,308255.8085476564,0.04745396806710592,-0.42377547097270285,0.42377547097270285,6508506
010,01,JAMMU & KASHMIR,PUNCH,-0.30142252979621076,0.10851211072665498,0.160000000000013,0.2069357939253965,-513181.7059769265,-0.0901615782306159,-0.4340484429065744,0.4340484429065744,5700333
001,01,JAMMU & KASHMIR,ANANTNAG,-0.32781237985389095,0.21413302575932255,0.2599000384467709,0.2928719723183527,-4878.556535525437,-0.001333222543552273,-0.41362552864282975,0.4340484429065744,3666744
003,01,JAMMU & KASHMIR,BARAMULA,-0.3460207612457575,0.16000000000001152,0.1998615916954865,0.24415224913493253,-253722.49346207053,-0.09135057845941903,-0.42377547097270285,0.41362552864282975,2783290
007,01,JAMMU & KASHMIR,KATHUA,-0.22889657823911239,0.07111111111111669,0.12456747404845914,0.19291041906958362,-243783.34909233847,-0.07368948096715841,-0.33685505574778934,0.37425605536332185,3314635
014,01,JAMMU & KASHMIR,UDHAMPUR,-0.2679584775086869,0.08882737408689018,0.13588619761629658,0.19291041906957634,-268968.4996220744,-0.08884531518422488,-0.39369473279507883,0.39369473279507883,3033474
002,01,JAMMU & KASHMIR,BADGAM,-0.32781237985393735,0.18608227604769773,0.22145328719722426,0.25990003844674564,-152513.65709428297,-0.09085377642891462,-0.3839138792772011,0.4340484429065744,1682823
623,01,JAMMU & KASHMIR,BANDIPURA,-0.3188927335640822,0.24415224913492153,0.2761399461745536,0.31009611687812233,466182.6088213279,0.0851734305888008,-0.4444444444444444,0.4444444444444444,5482179
626,01,JAMMU & KASHMIR,GANDERBAL,-0.31009611687808364,0.2288965782391356,0.259900038446768,0.3014225297962253,78235.21420108111,0.03580221481282939,-0.40359861591695495,0.4444444444444444,2192068
622,01,JAMMU & KASHMIR,KULGAM,-0.318892733564059,0.22889657823910733,0.26795847750868584,0.30142252979620315,-29725.099822537886,-0.01755624003368536,-0.40359861591695495,0.4340484429065744,1698369
008,01,JAMMU & KASHMIR,KUPWARA,-0.3188927335640717,0.19291041906959255,0.22889657823913467,0.2599000384467628,-4509.9871948962245,-0.0012151336838694506,-0.40359861591695495,0.39369473279507883,3717596
011,01,JAMMU & KASHMIR,PULWAMA,-0.32781237985385603,0.0711111111111121,0.13588619761630097,0.19986159169549617,-211217.4106574927,-0.1753561034456622,-0.40359861591695495,0.40359861591695495,1208381
012,01,JAMMU & KASHMIR,RAJAURI,-0.2761399461745589,0.01678322447072168,0.07972318339100629,0.14769703960015496,-435948.7144855144,-0.12403928021574015,-0.37425605536332185,0.41362552864282975,3521026
621,01,JAMMU & KASHMIR,RAMBAN,-0.284444444444458,0.13588619761629733,0.18608227604768432,0.23646289888505415,-65815.68433642088,-0.03829384399478424,-0.42377547097270285,0.40359861591695495,1722238
627,01,JAMMU & KASHMIR,RIASI,-0.2519646289888448,0.12456747404845564,0.1727950788158492,0.22889657823915105,-133463.35816757742,-0.05181345818886611,-0.39369473279507883,0.42377547097270285,2582725
625,01,JAMMU & KASHMIR,SHUPIYAN,-0.3188927335640373,0.06299115724721129,0.1245674740484388,0.1860822760476712,-107506.04697395809,-0.15865826393608107,-0.40359861591695495,0.41362552864282975,681043
013,01,JAMMU & KASHMIR,SRINAGAR,-0.32781237985389683,-0.09356401384082753,-0.0669896193771643,-0.0370367716800907,-77826.72608535227,-0.20555697319752653,-0.3839138792772011,0.17937716262975778,381957
620,01,JAMMU & KASHMIR,KISHTWAR,-0.14173010380623674,0.25990003844676013,0.29287197231831225,0.3278123798539031,1376601.172463521,0.12594523037021707,-0.40359861591695495,0.4340484429065744,10942149
004,01,JAMMU & KASHMIR,DODA,-0.259900038446786,0.19291041906958617,0.22889657823914056,0.26795847750864976,83534.65203367021,0.026068661288715208,-0.42377547097270285,0.4340484429065744,3210495
624,01,JAMMU & KASHMIR,SAMBA,-0.23646289888505795,-0.022206843521719893,-9.322095647087874E-4,0.027128027681661383,-135879.92462387792,-0.11068186154568685,-0.3014225297962323,0.17937716262975778,1231705
005,01,JAMMU & KASHMIR,JAMMU,-0.2364628988850024,-0.02112394968303161,-0.005850630266044011,0.016740249371353957,-343453.0424538002,-0.10742462931635037,-0.3553094963475586,0.17279507881584008,3204791
322,20,JHARKHAND,BOKARO,-0.13588619761629858,-0.0026532879727175465,0.015747789311802828,0.035432525951557964,-200809.11853367102,-0.057215566684348615,-0.2069357939254133,0.14173010380622836,3518062
323,20,JHARKHAND,CHATRA,-0.13588619761632548,-0.006837663342607889,0.015747789311802846,0.044844290657438356,-275828.6954832663,-0.05924304073152921,-0.22145328719723184,0.13016532103037293,4666877
325,20,JHARKHAND,DHANBAD,-0.11374086889657371,0.004484435354706958,0.01993079584775107,0.03844675124951913,-109975.62782866949,-0.044230185491266186,-0.186082276047674,0.1929104190695886,2490976
324,20,JHARKHAND,DEOGHAR,-0.09842368319876892,0.04158400615148128,0.05911572472126474,0.07535563244905623,-55093.79047733171,-0.01809515507044227,-0.186082276047674,0.17279507881584008,3050828
326,20,JHARKHAND,DUMKA,-0.1137408688965843,0.022206843521721847,0.03844675124952149,0.05536332179930977,-152567.139151411,-0.033125706664391824,-0.1929104190695886,0.13588619761630144,4613615
328,20,JHARKHAND,GARHWA,-0.13588619761630738,-0.006837740273915038,0.012056901191848683,0.03844675124952013,-296475.43048867973,-0.059109772140572316,-0.2364628988850442,0.16000000000000003,5023969
329,20,JHARKHAND,GIRIDIH,-0.11909265667051872,0.015747789311802794,0.035432525951559296,0.05536332179930904,-271147.49349263735,-0.04460738478029047,-0.21413302575932336,0.13016532103037293,6087886
330,20,JHARKHAND,GODDA,-0.10851211072664399,0.01039600153787029,0.029773164167628274,0.05173394848135171,-106080.25553189353,-0.03777851008103304,-0.186082276047674,0.14173010380622836,2814180
331,20,JHARKHAND,GUMLA,-0.1476970396001699,-0.012056901191849398,0.004484258794618781,0.022206843521721666,-443579.74770354567,-0.06819001799339662,-0.2288965782391388,0.10340638216070744,6516036
332,20,JHARKHAND,HAZARIBAGH,-0.13588619761631435,-0.008858131487889836,0.008858131487889552,0.029773164167627028,-343779.3917150292,-0.06484038768624145,-0.2288965782391388,0.13588619761630144,5315097
333,20,JHARKHAND,JAMTARA,-0.09842368319876779,0.038446751249521904,0.05173394848134822,0.06698961937716305,-43323.04239864079,-0.019620817767071426,-0.17279507881584008,0.12456747404844293,2214404
606,20,JHARKHAND,KHUNTI,-0.15378700499808695,-0.017777777777779315,8.940912888769935E-4,0.019930795847750718,-235901.98057817103,-0.07379412047560692,-0.2288965782391388,0.11909265667051133,3204257
334,20,JHARKHAND,KODARMA,-0.13588619761633866,-0.006837818015684844,0.013840830449826686,0.035432525951556444,-132165.917106409,-0.06576257874311606,-0.19986159169550174,0.15378700499807765,2016064
335,20,JHARKHAND,LATEHAR,-0.14769703960017205,-0.01993079584775308,-0.006846212505095783,0.012056901191849021,-369516.42737885914,-0.0714406988130041,-0.22145328719723184,0.10340638216070744,5182155
336,20,JHARKHAND,LOHARDAGA,-0.16633602460592503,-0.038446751249522286,-0.024605920799690692,-0.008858131487889102,-161927.1757294983,-0.08832531363624703,-0.24415224913494812,0.08882737408688965,1838361
337,20,JHARKHAND,PAKUR,-0.09842368319876968,0.02460592079969343,0.041584006151481195,0.05911572472126339,-61197.37338886973,-0.027694178784017195,-0.17937716262975778,0.12456747404844293,2216228
338,20,JHARKHAND,PALAMU,-0.12456747404845869,0.006817756666221374,0.027128027681660293,0.04822760476739476,-257687.635134067,-0.04765102465575299,-0.2069357939254133,0.17279507881584008,5416996
343,20,JHARKHAND,WEST SINGHBHUM,-0.1599999999999804,-0.027128027681663416,-0.008858131487889562,0.012056901191849198,-682874.0504292143,-0.07827690745069635,-0.24415224913494812,0.14173010380622836,8734513
327,20,JHARKHAND,EAST SINGHBHUM,-0.13016532103037062,-0.004498340085014955,0.012056901191848567,0.02977316416762763,-233783.38830864985,-0.05438787286396859,-0.22145328719723184,0.186082276047674,4306723
607,20,JHARKHAND,RAMGARH,-0.13588619761630022,-0.012056901191848397,0.004486079546876028,0.022206843521722416,-103388.91684257747,-0.060866795014300944,-0.21413302575932336,0.11909265667051133,1705200
339,20,JHARKHAND,RANCHI,-0.1417301038062256,-0.027128027681663,-0.010396001537870262,0.008858131487889333,-435878.7678222018,-0.0719210334196681,-0.24415224913494812,0.17937716262975778,6072574
340,20,JHARKHAND,SAHIBGANJ,-0.13016532103037337,-0.004504009741061586,0.010396001537870276,0.027128027681661893,-134780.8116479303,-0.04994635701834686,-0.19986159169550174,0.11909265667051133,2704649
341,20,JHARKHAND,SARAIKELA-KHARSAWAN,-0.13588619761631932,-0.0026490329089687375,0.013840830449827493,0.029773164167627382,-180660.2392367634,-0.056080147857818674,-0.22145328719723184,0.13016532103037293,3228630
342,20,JHARKHAND,SIMDEGA,-0.13588619761632162,-0.006844794474962505,0.01205690119184878,0.029773164167627555,-276418.23631074146,-0.060511452680241495,-0.21413302575932336,0.1085121107266436,4575865
524,29,KARNATAKA,BAGALKOT,-0.12456747404847013,0.035432525951557665,0.048227604767391984,0.05911572472125303,-241857.36401013634,-0.03171661072916654,-0.2288965782391388,0.14769703960015382,7637876
528,29,KARNATAKA,BALLARI,-0.09842368319876847,0.05173394848134576,0.0711111111111182,0.09356401384082351,-60080.19523775527,-0.006132671738151209,-0.19986159169550174,0.2288965782391388,9811668
527,29,KARNATAKA,BELAGAVI,-0.12456747404846491,0.029773164167631382,0.04484429065744898,0.06299115724721191,-433272.6159590965,-0.027725495316638125,-0.21413302575932336,0.2069357939254133,15647841
526,29,KARNATAKA,BENGALURU RURAL,-0.09842368319876811,0.013840830449826608,0.02977316416762745,0.04822760476739585,-73631.69062566757,-0.027904293071723974,-0.19986159169550174,0.21413302575932336,2647699
525,29,KARNATAKA,BENGALURU URBAN,-0.10340638216070507,0.010396001537870313,0.02220684352172126,0.038446751249520426,-73181.87695918437,-0.029050342365048568,-0.2069357939254133,0.13588619761630144,2525378
529,29,KARNATAKA,BIDAR,-0.09356401384083066,0.012056901191849418,0.027128027681659832,0.048227604767394114,-182880.75623747054,-0.028581967168527917,-0.2069357939254133,0.16633602460592078,6408943
531,29,KARNATAKA,CHAMARAJANAGAR,-0.16633602460592478,0.01676851508741019,0.04158400615148121,0.06698961937716133,-312141.0677984607,-0.048363073205960325,-0.28444444444444444,0.24415224913494812,6464990
630,29,KARNATAKA,CHIK BALLAPUR,-0.0935640138408235,0.03254133025759008,0.04822760476739702,0.0669896193771642,-85427.56642455839,-0.01750624666402131,-0.19986159169550174,0.22145328719723184,4888990
532,29,KARNATAKA,CHIKKAMAGALURU,-0.1727950788158231,-0.005831677140333858,0.021064329444673246,0.05173394848135282,-631688.5776254177,-0.07630051484190119,-0.2519646289888504,0.2679584775086506,8290158
533,29,KARNATAKA,CHITRADURGA,-0.08421376393695629,0.07535563244906636,0.0888273740868683,0.10851211072665382,105510.63264383387,0.010849710878557458,-0.21413302575932336,0.19986159169550174,9737571
534,29,KARNATAKA,DAKSHINA KANNADA,-0.1663360246058761,-0.02112974377337262,-0.0017581729373968358,0.021051038216410023,-440094.8547680805,-0.07901215242019133,-0.2519646289888504,0.2599000384467512,5579048
535,29,KARNATAKA,DAVANGERE,-0.11909265667051899,0.032541330257585564,0.04822760476739671,0.06299115724721126,-168586.6232997526,-0.0246619427804476,-0.2288965782391388,0.186082276047674,6847089
536,29,KARNATAKA,DHARWAD,-0.10340638216072845,0.0482276047673899,0.05911572472125335,0.07111111111111709,-10829.029995114994,-0.002193804294705926,-0.22145328719723184,0.14173010380622836,4944779
537,29,KARNATAKA,GADAG,-0.07111111111111418,0.05911572472125911,0.0669896193771751,0.07535563244904414,80134.46983866792,0.01484059951774308,-0.2069357939254133,0.17937716262975778,5409858
539,29,KARNATAKA,HASSAN,-0.1537870049980597,-0.02115438149674495,-0.005859085987349322,0.01675105673928584,-559259.4082467335,-0.07154706173247985,-0.2364628988850442,0.2679584775086506,7828705
540,29,KARNATAKA,HAVERI,-0.11374086889658684,0.03543252595155981,0.051733948481346506,0.06299115724721117,-93690.30482207776,-0.0168084150509598,-0.21413302575932336,0.14173010380622836,5582700
538,29,KARNATAKA,KALABURAGI,-0.08882737408688407,0.029773164167632742,0.04158400615147362,0.05536332179930608,-130655.61080384675,-0.010192665384620957,-0.2364628988850442,0.15378700499807765,12835141
541,29,KARNATAKA,KODAGU,-0.17937716262979314,-0.005812613083888166,0.0258568361086911,0.06698961937716215,-392331.21853953914,-0.0835620531456241,-0.2519646289888504,0.2599000384467512,4703960
542,29,KARNATAKA,KOLAR,-0.10851211072664285,0.013840830449827132,0.02977316416762759,0.04822760476739404,-157631.33059075492,-0.0345119570484332,-0.2069357939254133,0.17937716262975778,4576751
543,29,KARNATAKA,KOPPAL,-0.09356401384084383,0.04822760476739123,0.06299115724721115,0.0753556324490538,14153.39179634874,0.0021905811400869937,-0.2069357939254133,0.16633602460592078,6471180
544,29,KARNATAKA,MANDYA,-0.1417301038062266,-0.006838125131527245,0.010396001537870282,0.02977316416762787,-351185.1213346642,-0.061770948663586,-0.24415224913494812,0.16633602460592078,5695228
545,29,KARNATAKA,MYSURU,-0.1727950788158188,-0.004499409802640021,0.015747789311802818,0.04158400615148108,-453518.0907123777,-0.06285650549789838,-0.29287197231833906,0.17279507881584008,7227650
546,29,KARNATAKA,RAICHUR,-0.10340638216071889,0.04822760476738838,0.0591157247212568,0.07535563244904993,-130121.28711153168,-0.013252146326128849,-0.22145328719723184,0.16633602460592078,9829398
631,29,KARNATAKA,RAMANAGARAM,-0.1190926566705203,8.942295275014209E-4,0.01384083044982761,0.029773164167628045,-168558.27359420812,-0.04187384694168833,-0.2288965782391388,0.16633602460592078,4034113
547,29,KARNATAKA,SHIVAMOGGA,-0.17279507881585082,-0.024605920799692427,-0.004495925798267851,0.015747789311802866,-855405.9184759756,-0.08757022687957827,-0.2599000384467512,0.186082276047674,9782492
548,29,KARNATAKA,TUMAKURU,-0.12456747404847035,0.03844675124952088,0.05911572472125777,0.07972318339101124,-363729.7654332629,-0.029852429996665944,-0.21413302575932336,0.17937716262975778,12204538
549,29,KARNATAKA,UDUPI,-0.1663360246059057,-0.022206843521720396,-0.002649078931212355,0.01777777777777771,-336698.99531331967,-0.08176012715342185,-0.24415224913494812,0.1929104190695886,4125180
550,29,KARNATAKA,UTTARA KANNADA,-0.16633602460587732,-0.008858131487889751,0.013840830449827049,0.04158400615148105,-936851.316557782,-0.0788695887449414,-0.2364628988850442,0.1929104190695886,11893283
530,29,KARNATAKA,VIJAYAPURA,-0.10340638216071868,0.038446751249506195,0.051733948481345104,0.06299115724721113,-179822.93461731964,-0.014680569458152706,-0.21413302575932336,0.16000000000000003,12262243
635,29,KARNATAKA,YADGIR,-0.10851211072665413,0.03254133025758835,0.0448442906574449,0.05911572472126443,-114680.88894531321,-0.018647308789505934,-0.19986159169550174,0.15378700499807765,6160245
554,32,KERALA,ALAPPUZHA,-0.1417301038062365,0.027128027681661303,0.05536332179930748,0.07972318339100488,-86502.7878124796,-0.05371771951212995,-0.2364628988850442,0.17937716262975778,1615612
555,32,KERALA,ERNAKULAM,-0.17279507881584988,0.012953278701245763,0.036920660186164654,0.06698961937716126,-218483.8993338346,-0.0628643024663501,-0.2761399461745483,0.28444444444444444,3482949
556,32,KERALA,IDUKKI,-0.1537870049980847,0.07535563244905018,0.11374086889657682,0.153787004998082,-107474.12820706118,-0.021734604681155276,-0.28444444444444444,0.31009611687812383,4955513
557,32,KERALA,KANNUR,-0.1600000000000121,-0.015747789311802807,0.006812445796082437,0.03543252595155645,-252088.28172313963,-0.07433845980532405,-0.2364628988850442,0.21413302575932336,3397343
558,32,KERALA,KASARAGOD,-0.15378700499808515,-0.012056901191848613,0.0068239044470007875,0.027128027681661566,-164451.47235439002,-0.07207257059412317,-0.24415224913494812,0.1929104190695886,2288384
559,32,KERALA,KOLLAM,-0.1793771626297514,-0.001740907523147492,0.02105185293346844,0.06299115724721147,-197403.10432253612,-0.07019632146945107,-0.28444444444444444,0.2599000384467512,2818601
560,32,KERALA,KOTTAYAM,-0.15999999999999906,0.006818904812324977,0.035432525951558734,0.06698961937716291,-160051.83511617803,-0.0639797003269505,-0.2364628988850442,0.24415224913494812,2507427
561,32,KERALA,KOZHIKODE,-0.14173010380623988,-0.0017383905493582343,0.029773164167628517,0.07535563244905918,-155449.48498938797,-0.05802697939168678,-0.2288965782391388,0.3014225297962323,2684454
562,32,KERALA,MALAPPURAM,-0.17279507881585057,-0.0017605121294263944,0.029773164167628655,0.07972318339100488,-258601.6831168834,-0.06384142604632942,-0.2519646289888504,0.2761399461745483,4058183
563,32,KERALA,PALAKKAD,-0.16633602460592486,0.016773255099911174,0.04158400615148114,0.07535563244905939,-296787.4067251008,-0.05816560643640545,-0.28444444444444444,0.2519646289888504,5112539
564,32,KERALA,PATTANAMTHITTA,-0.17937716262975914,0.03693452517418978,0.0753556324490495,0.11909265667051298,-167458.17185633795,-0.05575047952801339,-0.2679584775086506,0.28444444444444444,3011006
565,32,KERALA,THIRUVANANTHAPURAM,-0.1929104190696019,-0.0058192130595502,0.021088170299716172,0.05911572472126224,-205491.3017887106,-0.08284804449519577,-0.3014225297962323,0.31009611687812383,2485730
566,32,KERALA,TRISSUR,-0.17279507881585027,-0.0058288318877894926,0.016757952192159833,0.04158400615148086,-252698.21055612425,-0.07333334191245494,-0.2599000384467512,0.2599000384467512,3453173
567,32,KERALA,WAYANAD,-0.20693579392538833,-0.009660528675884782,0.025868741837190137,0.07535563244905921,-212492.80441363034,-0.08732466784604576,-0.2761399461745483,0.2761399461745483,2438701
009,37,LADAKH,LEH,-0.10340638216071263,0.2214532871972234,0.2519646289888639,0.29287197231832685,2.0975031810871642E7,0.1000989162430694,-0.42377547097270285,0.4340484429065744,209611635
006,37,LADAKH,KARGIL,-0.04158400615148105,0.2364628988850046,0.25990003844675824,0.29287197231835393,2321499.617521199,0.12176146276937735,-0.2761399461745483,0.42377547097270285,19084969
553,31,LAKSHADWEEP,LAKSHADWEEP,-0.24415224913494826,-0.11374086889657808,-0.09842368319876973,-0.07535563244905807,-5150.674708943029,-0.16352783540671456,-0.31009611687812383,0.019930795847750864,33702
667,23,MADHYA PRADESH,AGAR MALWA,-0.10851211072664915,-0.010396001537870311,8.889556460355729E-4,0.015747789311802866,-153858.6870062836,-0.0461547287074981,-0.22145328719723184,0.11374086889657825,3340865
639,23,MADHYA PRADESH,ALIRAJPUR,-0.12456747404844996,-0.004503167454605731,0.006805364190105705,0.022206843521721607,-190918.74460022443,-0.047469357260589824,-0.2069357939254133,0.11374086889657825,4031207
390,23,MADHYA PRADESH,ANUPPUR,-0.1417301038062283,0.004486224645457792,0.027128027681660602,0.055363321799310576,-255364.70929052116,-0.05577977650879447,-0.22145328719723184,0.15378700499807765,4589056
391,23,MADHYA PRADESH,ASHOKNAGAR,-0.11374086889657485,0.017777777777779707,0.027128027681663294,0.048227604767393836,-144161.26476326672,-0.024794466030836144,-0.2364628988850442,0.15378700499807765,5822740
392,23,MADHYA PRADESH,BALAGHAT,-0.18608227604770905,-0.019930795847753167,-0.0026492143252381884,0.019930795847751082,-982427.3603580556,-0.08828284335649624,-0.2599000384467512,0.14173010380622836,11141974
393,23,MADHYA PRADESH,BARWANI,-0.10851211072664756,-9.325722966581872E-4,0.008858131487889997,0.022206843521721715,-253145.68028065722,-0.03878156473558878,-0.21413302575932336,0.13588619761630144,6536978
394,23,MADHYA PRADESH,BETUL,-0.1476970396001668,-0.02220684352171918,-0.010396001537870308,0.0026390352763981033,-871503.7509150583,-0.07204713789698843,-0.2364628988850442,0.1085121107266436,12110448
395,23,MADHYA PRADESH,BHIND,-0.13016532103037334,-0.032541330257584766,-0.02460592079969124,-0.015747789311802818,-344314.7978353217,-0.06192836891029131,-0.24415224913494812,0.10340638216070744,5571431
396,23,MADHYA PRADESH,BHOPAL,-0.12456747404845527,-0.004503425710305013,0.006798094962265326,0.022206843521722135,-151355.1078658898,-0.044950701992385884,-0.2364628988850442,0.11909265667051133,3374356
397,23,MADHYA PRADESH,BURHANPUR,-0.1417301038062209,-0.008858131487889711,0.004477829168607277,0.02220684352172116,-235449.0376459165,-0.06088227646131921,-0.2288965782391388,0.11374086889657825,3873783
398,23,MADHYA PRADESH,CHHATARPUR,-0.11909265667052436,0.012056901191848197,0.02712802768166229,0.05173394848135246,-344125.38347707083,-0.03225967461613243,-0.24415224913494812,0.16000000000000003,10687142
399,23,MADHYA PRADESH,CHHINDWARA,-0.15378700499806489,-0.029773164167632333,-0.01574778931180279,-9.360689123577247E-4,-1110503.9001638496,-0.0780102160961751,-0.24415224913494812,0.11374086889657825,14251129
400,23,MADHYA PRADESH,DAMOH,-0.10340638216070677,0.03254133025759238,0.05536332179930547,0.08421376393695414,-165875.39893648724,-0.01861611111631784,-0.22145328719723184,0.1929104190695886,8922849
401,23,MADHYA PRADESH,DATIA,-0.13016532103037276,-0.02220684352172123,-0.01039600153787025,0.004473947198643,-200196.04377062185,-0.06012872055019001,-0.24415224913494812,0.14769703960015382,3340498
402,23,MADHYA PRADESH,DEWAS,-0.12456747404845958,0.002639307473584657,0.012056901191849278,0.024605920799692545,-389409.9743764266,-0.04586368377299171,-0.22145328719723184,0.11374086889657825,8505726
403,23,MADHYA PRADESH,DHAR,-0.10851211072665111,0.008858131487889168,0.022206843521720022,0.03543252595155484,-358420.64216432837,-0.03636636768010036,-0.22145328719723184,0.13016532103037293,9867234
404,23,MADHYA PRADESH,DINDORI,-0.15378700499806172,-0.024605920799691417,-0.006841386137193456,0.013840830449826784,-519985.97897893394,-0.07468299990420839,-0.2288965782391388,0.13016532103037293,6974940
405,23,MADHYA PRADESH,EAST NIMAR,-0.141730103806288,-0.002651127289208199,0.010396001537870294,0.02712802768166117,-480758.6883146658,-0.0534733889823042,-0.2364628988850442,0.11909265667051133,9002549
406,23,MADHYA PRADESH,GUNA,-0.10851211072664664,0.015747789311802783,0.027128027681662448,0.04484429065743789,-213037.72595886086,-0.027211108366243436,-0.2288965782391388,0.17937716262975778,7842335
407,23,MADHYA PRADESH,GWALIOR,-0.11374086889657703,0.02460592079969294,0.05536332179930455,0.07972318339101296,-237761.6607963236,-0.04195952046093051,-0.2364628988850442,0.16000000000000003,5674029
408,23,MADHYA PRADESH,HARDA,-0.1358861976163368,-0.006846617297847896,8.909336041173397E-4,0.01039600153787029,-222878.4584899421,-0.05530922053149024,-0.2364628988850442,0.09356401384083046,4035848
409,23,MADHYA PRADESH,HOSHANGABAD,-0.14769703960017097,-0.017777777777779856,-0.006858886506040972,0.0067951273752101405,-545788.0238097229,-0.06751360614465919,-0.24415224913494812,0.12456747404844293,8095645
410,23,MADHYA PRADESH,INDORE,-0.12456747404846394,0.019930795847754073,0.029773164167632194,0.04158400615147632,-178053.4685799238,-0.0376478571192591,-0.22145328719723184,0.1085121107266436,4738802
411,23,MADHYA PRADESH,JABALPUR,-0.13588619761630846,-0.0138408304498259,-9.40950998985114E-4,0.013840830449827021,-366677.9941156621,-0.059264005395019095,-0.22145328719723184,0.1085121107266436,6198352
412,23,MADHYA PRADESH,JHABUA,-0.10851211072664785,-0.013840830449826454,-9.38735650544309E-4,0.015747789311802853,-201123.04967368484,-0.04820200918621841,-0.2364628988850442,0.10340638216070744,4179358
413,23,MADHYA PRADESH,KATNI,-0.1245674740484663,0.015747789311802794,0.03254133025759139,0.05173394848135237,-215842.32626351432,-0.035019765755734567,-0.21413302575932336,0.17937716262975778,6175594
415,23,MADHYA PRADESH,MANDLA,-0.15999999999999767,-0.017777777777779263,8.953444597456059E-4,0.024605920799692926,-686686.4603688307,-0.07556849722903201,-0.2519646289888504,0.14173010380622836,9100880
416,23,MADHYA PRADESH,MANDSAUR,-0.14769703960017308,-0.010396001537870313,0.002638288671548504,0.029773164167628107,-335340.1239474708,-0.04939578615583045,-0.2364628988850442,0.15378700499807765,6799773
417,23,MADHYA PRADESH,MORENA,-0.09842368319877129,0.048227604767397195,0.0842137639369576,0.10851211072665545,-113198.04174211087,-0.018225892229361988,-0.22145328719723184,0.17279507881584008,6223463
418,23,MADHYA PRADESH,NARSHIMAPURA,-0.1537870049980711,-0.03543252595155519,-0.019930795847752366,-0.002647984204554638,-536107.3888825079,-0.08611451456340687,-0.2519646289888504,0.12456747404844293,6236392
419,23,MADHYA PRADESH,NIMACH,-0.15378700499802173,0.02712802768166075,0.06299115724721126,0.09356401384082437,-164742.4243238601,-0.03130812674910258,-0.2364628988850442,0.17279507881584008,5274602
420,23,MADHYA PRADESH,PANNA,-0.11374086889659611,0.03254133025759275,0.059115724721263134,0.08421376393694452,-179016.0630813796,-0.02057435458371182,-0.21413302575932336,0.19986159169550174,8717597
421,23,MADHYA PRADESH,RAISEN,-0.13016532103035497,-0.010396001537869902,0.0026350991871629446,0.022206843521722204,-572762.5474870059,-0.05562522039743755,-0.2519646289888504,0.13588619761630144,10312010
422,23,MADHYA PRADESH,RAJGARH,-0.10851211072664778,-0.010396001537870323,-9.416659850604555E-4,0.008858131487889397,-339815.34793008235,-0.04515197309995147,-0.2288965782391388,0.1085121107266436,7535187
423,23,MADHYA PRADESH,RATLAM,-0.11374086889658319,-0.012056901191849836,9.015208869744524E-4,0.015747789311802835,-304921.07366920926,-0.05159762590337582,-0.2519646289888504,0.1085121107266436,5920371
424,23,MADHYA PRADESH,REWA,-0.11374086889658726,0.041584006151481216,0.07111111111111672,0.09842368319876453,-192427.16414832833,-0.024863318571975494,-0.22145328719723184,0.17937716262975778,7751995
425,23,MADHYA PRADESH,SAGAR,-0.12456747404845869,0.002635973032590857,0.013840830449826522,0.03543252595155836,-515901.46097081556,-0.04117485559080529,-0.2364628988850442,0.17937716262975778,12549508
426,23,MADHYA PRADESH,SATNA,-0.11374086889658701,0.02460592079969146,0.04822760476739703,0.07535563244905187,-267860.25932131795,-0.029017101244659418,-0.2364628988850442,0.17937716262975778,9250027
427,23,MADHYA PRADESH,SEHORE,-0.1301653210303319,-0.0026541738934879942,0.006799464022409664,0.01574778931180281,-342777.66561348573,-0.04304376650644313,-0.2364628988850442,0.1085121107266436,7979648
428,23,MADHYA PRADESH,SEONI,-0.15999999999995718,8.992618701180331E-4,0.013840830449825973,0.027128027681661785,-614396.1753202232,-0.058107906099666935,-0.2364628988850442,0.12456747404844293,10587279
429,23,MADHYA PRADESH,SHAHDOL,-0.11374086889657588,0.03543252595155547,0.051733948481347575,0.07111111111111565,-155304.43301018135,-0.022438342973818828,-0.2288965782391388,0.15378700499807765,6933487
430,23,MADHYA PRADESH,SHAJAPUR,-0.10851211072664926,-0.006852474402579523,0.002634055094863206,0.012056901191848707,-174979.26980087234,-0.04155174436875705,-0.2069357939254133,0.09356401384083046,4219787
431,23,MADHYA PRADESH,SHEOPUR,-0.103406382160723,0.07535563244905488,0.10340638216072646,0.13016532103036704,-9026.582645374983,-0.0011027466022308305,-0.22145328719723184,0.21413302575932336,8196536
432,23,MADHYA PRADESH,SHIVPURI,-0.10851211072665115,0.029773164167628992,0.05536332179930671,0.079723183391009,-299807.0763723716,-0.023604226735336326,-0.2364628988850442,0.186082276047674,12718231
433,23,MADHYA PRADESH,SIDHI,-0.11909265667051831,0.006813667218469657,0.02460592079969162,0.0415840061514811,-256575.3788851144,-0.043895676707029326,-0.2364628988850442,0.16000000000000003,5855562
638,23,MADHYA PRADESH,SINGRAULI,-0.13588619761630205,0.006816926419080545,0.027128027681660515,0.048227604767394606,-329838.28077265597,-0.04674281120130927,-0.24415224913494812,0.14173010380622836,7066555
434,23,MADHYA PRADESH,TIKAMGARH,-0.10340638216070688,-0.006853891351677171,0.00679739969672938,0.029773164167628582,-183872.50472808746,-0.040140988064828916,-0.2364628988850442,0.14769703960015382,4588875
435,23,MADHYA PRADESH,UJJAIN,-0.10340638216071446,0.002638792528742947,0.013840830449826255,0.024605920799692274,-277012.4882369371,-0.03734479500299745,-0.22145328719723184,0.08421376393694734,7431237
436,23,MADHYA PRADESH,UMARIA,-0.1301653210303679,0.004479816366970586,0.02220684352172069,0.04158400615148112,-290612.8240703213,-0.052122425311973676,-0.2288965782391388,0.13016532103037293,5584765
437,23,MADHYA PRADESH,VIDISHA,-0.11909265667051817,0.00885813148788862,0.015747789311802783,0.024605920799692094,-268005.67851125204,-0.030056728172160402,-0.2288965782391388,0.11909265667051133,8929692
414,23,MADHYA PRADESH,WEST NIMAR,-0.10851211072665044,0.010396001537868604,0.022206843521721756,0.03543252595156002,-278013.73717856867,-0.028779103385637713,-0.21413302575932336,0.14173010380622836,9673296
722,23,MADHYA PRADESH,NIVARI,-0.11374086889657488,-0.002649937233870177,0.00885813148788931,0.02712802768166143,-62913.93198621603,-0.038561850183963936,-0.2069357939254133,0.11909265667051133,1640914
466,27,MAHARASHTRA,AHAMADNAGAR,-0.12456747404846666,-9.320111672010772E-4,0.019930795847752092,0.04484429065743972,-1049255.096965701,-0.05188787274618897,-0.2364628988850442,0.17279507881584008,20247712
467,27,MAHARASHTRA,AKOLA,-0.113740868896581,0.010396001537868859,0.01993079584775379,0.032541330257593905,-190971.0594118114,-0.029395120908739174,-0.21413302575932336,0.13016532103037293,6508098
468,27,MAHARASHTRA,AMARAVATI,-0.14769703960012406,0.004480458156034941,0.01777777777777969,0.03254133025759173,-792517.5390266231,-0.054219665435731375,-0.2364628988850442,0.13588619761630144,14634927
469,27,MAHARASHTRA,AURANGABAD,-0.10851211072665828,-0.006845527337713303,0.006800589600535896,0.027128027681660918,-542155.0934101436,-0.04505399161680579,-0.2069357939254133,0.13588619761630144,12049449
471,27,MAHARASHTRA,BHANDARA,-0.13588619761633366,0.00447856163238234,0.019930795847751884,0.041584006151480994,-235812.04308487815,-0.04761725106403226,-0.22145328719723184,0.14769703960015382,4961610
470,27,MAHARASHTRA,BID,-0.10851211072665856,-0.004503464690644592,0.006803242469235395,0.022206843521721767,-555242.8590470769,-0.04432335911175624,-0.21413302575932336,0.13588619761630144,12544794
472,27,MAHARASHTRA,BULDHANA,-0.11374086889659168,0.004480265158476617,0.015747789311802794,0.029773164167629592,-441593.54550138186,-0.038016151756021056,-0.2069357939254133,0.13016532103037293,11630150
473,27,MAHARASHTRA,CHANDRAPUR,-0.11374086889657277,0.02460592079969046,0.03844675124952177,0.05911572472126422,-400929.56897307205,-0.029660400215639725,-0.2761399461745483,0.16000000000000003,13530633
474,27,MAHARASHTRA,DHULE,-0.0935640138408255,0.035432525951561405,0.05173394848134647,0.0711111111111175,-116014.90352419735,-0.013481133701505279,-0.2069357939254133,0.16633602460592078,8617611
475,27,MAHARASHTRA,GADCHIROLI,-0.16633602460586053,-0.010396001537869856,0.006814077061993511,0.024605920799692274,-1392779.934074318,-0.08088393335508481,-0.2599000384467512,0.15378700499807765,17237884
476,27,MAHARASHTRA,GONDIA,-0.14173010380622914,-0.010396001537870311,0.006805975967449892,0.02977316416762748,-387021.17667343025,-0.062366396888841796,-0.22145328719723184,0.16633602460592078,6215661
477,27,MAHARASHTRA,HINGOLI,-0.11374086889658631,-0.0026511152485455022,0.008858131487889923,0.02460592079969229,-249843.42001397678,-0.04471865592589366,-0.22145328719723184,0.1085121107266436,5596711
478,27,MAHARASHTRA,JALGAON,-0.12456747404847109,0.010396001537870318,0.02712802768166198,0.048227604767394454,-491959.943950544,-0.034895886747205486,-0.22145328719723184,0.14769703960015382,14113319
479,27,MAHARASHTRA,JALNA,-0.10851211072665547,-9.337968934670969E-4,0.012056901191848721,0.027128027681660657,-360507.8268768285,-0.03955541424620169,-0.2069357939254133,0.14173010380622836,9127228
480,27,MAHARASHTRA,KOLHAPUR,-0.11374086889657377,0.01205690119184931,0.02712802768166085,0.04822760476739511,-307304.43767092767,-0.03436080497176898,-0.21413302575932336,0.1929104190695886,8961350
481,27,MAHARASHTRA,LATUR,-0.09356401384082558,-0.0026533284473321344,0.006798113118022931,0.017777777777778125,-300434.2470336758,-0.03542796021414934,-0.17937716262975778,0.11909265667051133,8490449
482,27,MAHARASHTRA,MUMBAI CITY,-0.07535563244905806,0.029773164167628534,0.03844675124951964,0.0482276047673974,-348.7363500312769,-0.004621886340217498,-0.16633602460592078,0.11374086889657825,76546
484,27,MAHARASHTRA,NAGPUR,-0.14173010380626175,0.008858131487888759,0.024605920799692364,0.04158400615148119,-561741.9547622518,-0.04739213855632976,-0.2364628988850442,0.13588619761630144,11865192
485,27,MAHARASHTRA,NANDED,-0.1245674740484626,-0.0026522685555097317,0.006802673121031129,0.019930795847752553,-589193.0546827994,-0.0473192677720611,-0.22145328719723184,0.13016532103037293,12472028
486,27,MAHARASHTRA,NANDURBAR,-0.12456747404846372,0.0026410304515476304,0.017777777777779218,0.03543252595155901,-346945.34964768135,-0.04852748625257246,-0.22145328719723184,0.14769703960015382,7163183
487,27,MAHARASHTRA,NASHIK,-0.12456747404846664,8.996799355981172E-4,0.019930795847753032,0.03844675124952117,-884283.1775474014,-0.047878199550793754,-0.2288965782391388,0.16633602460592078,18486361
488,27,MAHARASHTRA,USMANABAD,-0.09842368319876464,0.006805935054478806,0.019930795847752498,0.04158400615148105,-282501.64639553207,-0.031706491113340035,-0.1929104190695886,0.16000000000000003,8925215
665,27,MAHARASHTRA,PALGHAR,-0.11374086889657391,0.0138408304498263,0.029773164167628378,0.044844290657437995,-224449.54790818374,-0.03587087155939034,-0.2069357939254133,0.17279507881584008,6266083
489,27,MAHARASHTRA,PARBHANI,-0.10340638216070734,8.918001595652058E-4,0.01039600153787031,0.02220684352172164,-249808.57964085732,-0.03347327826574754,-0.21413302575932336,0.13016532103037293,7474260
490,27,MAHARASHTRA,PUNE,-0.1417301038062196,-0.008858131487889706,0.010396001537870278,0.03543252595155873,-1164282.0762940012,-0.06312743087228773,-0.2519646289888504,0.16000000000000003,18462996
491,27,MAHARASHTRA,RAYGAD,-0.1190926566705154,0.024605920799693138,0.03844675124952177,0.05911572472126419,-261394.39903730617,-0.03178123675131235,-0.21413302575932336,0.19986159169550174,8238352
492,27,MAHARASHTRA,RATNAGIRI,-0.1190926566705189,0.019930795847752633,0.04158400615148122,0.06299115724721126,-369715.0591666315,-0.03810258568527197,-0.22145328719723184,0.21413302575932336,9717129
493,27,MAHARASHTRA,SANGLI,-0.10340638216071604,0.027128027681663877,0.0448442906574447,0.06698961937716552,-231450.81254116414,-0.023006398162708823,-0.2069357939254133,0.17279507881584008,10078127
494,27,MAHARASHTRA,SATARA,-0.13016532103035408,0.012056901191848764,0.03543252595155717,0.05911572472125955,-561324.3020821089,-0.045690364237967934,-0.2364628988850442,0.17279507881584008,12298534
495,27,MAHARASHTRA,SINDHUDURG,-0.11374086889657455,0.03543252595155841,0.05536332179930623,0.07972318339100697,-161059.2862902872,-0.02711176815831531,-0.22145328719723184,0.19986159169550174,5951789
496,27,MAHARASHTRA,SOLAPUR,-0.11374086889659546,0.022206843521720164,0.04158400615147949,0.06299115724721124,-572077.0303850037,-0.03281525574416041,-0.21413302575932336,0.17937716262975778,17457025
483,27,MAHARASHTRA,SUB URBAN MUMBAI,-0.12456747404843921,0.019930795847750732,0.03254133025759272,0.04484429065743876,-18882.411094127994,-0.037005093399205,-0.1929104190695886,0.13016532103037293,512479
497,27,MAHARASHTRA,THANE,-0.10851211072664342,0.03543252595155395,0.05173394848134803,0.07111111111111451,-110600.4539061727,-0.02185412312041406,-0.2288965782391388,0.1929104190695886,5069267
498,27,MAHARASHTRA,WARDHA,-0.11909265667052923,0.006811346978720467,0.01993079584775298,0.03543252595155875,-283914.54924253636,-0.03768477774117451,-0.22145328719723184,0.14173010380622836,7543509
499,27,MAHARASHTRA,WASHIM,-0.10851211072664835,-0.002653654592397887,0.0067973970550640386,0.01993079584775145,-227657.39087808918,-0.03726436249266858,-0.22145328719723184,0.11909265667051133,6120783
500,27,MAHARASHTRA,YAVATMAL,-0.11374086889659037,0.0044785181801779385,0.017777777777779235,0.03543252595155932,-682558.9198603275,-0.04225156864669269,-0.2364628988850442,0.14769703960015382,16172960
252,14,MANIPUR,BISHNUPUR,-0.22889657823913553,-0.07535563244905047,-0.05911572472126323,-0.03543252595155661,-78352.10244662534,-0.1329849701539361,-0.3188927335640138,0.1085121107266436,592328
253,14,MANIPUR,CHANDEL,-0.21413302575932638,-0.009684596282789623,0.021062692985145137,0.05173394848135421,-247518.16671964366,-0.10260303153243507,-0.3188927335640138,0.22145328719723184,2417211
254,14,MANIPUR,CHURACHANDPUR,-0.2214532871972229,-0.009665198310872054,0.025874674329873348,0.06698961937716355,-321366.3324916245,-0.10777003016870168,-0.34602076124567477,0.2364628988850442,2987741
256,14,MANIPUR,IMPHAL WEST,-0.19986159169549128,-0.07111111111111414,-0.055363321799308376,-0.03254133025759347,-75477.39492900252,-0.12596042845102126,-0.2761399461745483,0.14769703960015382,603204
255,14,MANIPUR,IMPHAL EAST,-0.22889657823914786,-0.0842137639369446,-0.059115724721264286,-0.03254133025759365,-80933.44510435268,-0.15204856126999275,-0.3014225297962323,0.11909265667051133,535890
713,14,MANIPUR,JIRIBAM,-0.2214532871972332,-0.05173394848135447,-0.01993079584775082,0.013840830449827054,-48925.37762179173,-0.13499864317781052,-0.3014225297962323,0.13588619761630144,365087
260,14,MANIPUR,UKHRUL,-0.2141330257593314,0.021082053187291633,0.05911572472126385,0.09842368319876665,-231281.92835904995,-0.0896556982303384,-0.3188927335640138,0.2519646289888504,2585246
257,14,MANIPUR,SENAPATI,-0.2141330257593286,0.032541330257592226,0.07972318339100358,0.1301653210303748,-187168.6149404668,-0.08659192890165542,-0.3188927335640138,0.29287197231833906,2166467
258,14,MANIPUR,TAMENGLONG,-0.19986159169548798,0.02977316416762794,0.06698961937716379,0.10851211072664389,-284257.78983647545,-0.07648365717151438,-0.3188927335640138,0.3014225297962323,3724282
259,14,MANIPUR,THOUBAL,-0.2214532871972296,-0.08882737408688014,-0.07111111111111257,-0.048227604767397424,-72264.00303977744,-0.14970952312650332,-0.31009611687812383,0.1085121107266436,485328
717,14,MANIPUR,KAMJONG,-0.19986159169548598,-0.0017358900775744448,0.02977316416762772,0.06299115724721145,-277085.82729932864,-0.09458457801344938,-0.28444444444444444,0.2519646289888504,2934321
714,14,MANIPUR,NONEI,-0.20693579392541053,0.012976862481405492,0.05173394848135442,0.09356401384083114,-135384.14902336162,-0.09350492896126773,-0.3014225297962323,0.2364628988850442,1452211
715,14,MANIPUR,PHERZAWL,-0.22145328719721277,-0.009671831345239813,0.025875030464569692,0.06299115724721156,-291892.2195079661,-0.11109786956748784,-0.31009611687812383,0.2679584775086506,2632958
716,14,MANIPUR,TENGNOUPAL,-0.20693579392538797,-0.024605920799691476,9.046460995897705E-4,0.02712802768166168,-163673.05332125793,-0.10856123656804677,-0.2679584775086506,0.17937716262975778,1511379
712,14,MANIPUR,KANGPOKPI,-0.2069357939254007,0.016779401920239623,0.059115724721263044,0.10851211072664606,-191651.73884373892,-0.08986217994579497,-0.3014225297962323,0.31009611687812383,2143163
711,14,MANIPUR,KAKCHING,-0.2364628988850558,-0.09842368319876182,-0.07535563244905945,-0.04822760476739751,-61524.82921114544,-0.15680249804926355,-0.31009611687812383,0.11909265667051133,394750
273,17,MEGHALAYA,EAST GARO HILLS,-0.1860822760477049,-0.051733948481349656,-0.03254133025759214,-0.006837621385348545,-220833.45616365847,-0.1128365282269777,-0.2599000384467512,0.16633602460592078,1961933
274,17,MEGHALAYA,EAST KHASI HILLS,-0.16633602460592498,0.025866315307515632,0.059115724721264265,0.0984236831987657,-224547.97006905725,-0.06392113892293949,-0.2679584775086506,0.2679584775086506,3519450
657,17,MEGHALAYA,EAST JAINTIA HILLS,-0.17937716262977418,-0.032541330257593155,-0.006837531140979884,0.027128027681661334,-232105.29941563917,-0.09341471356881696,-0.2679584775086506,0.22145328719723184,2489782
277,17,MEGHALAYA,SOUTH GARO HILLS,-0.18608227604770364,-0.05173394848134951,-0.024605920799692454,0.010396001537870111,-259770.66328017315,-0.11464013612394744,-0.2519646289888504,0.1929104190695886,2271292
278,17,MEGHALAYA,WEST GARO HILLS,-0.18608227604770686,-0.06299115724721112,-0.04484429065743777,-0.022206843521722416,-389613.8653204272,-0.1183607231241491,-0.2599000384467512,0.17279507881584008,3298747
279,17,MEGHALAYA,WEST KHASI HILLS,-0.17937716262977982,-0.017777777777778607,0.012056901191848908,0.044844290657438446,-448725.6839115969,-0.09249618725703784,-0.28444444444444444,0.2069357939254133,4859806
276,17,MEGHALAYA,RI-BHOI,-0.19291041906958997,-0.04822760476739779,-0.02460592079969238,8.916884743474454E-4,-337100.4857654932,-0.11464745648868284,-0.2679584775086506,0.19986159169550174,2948155
658,17,MEGHALAYA,SOUTH WEST KHASI HILLS,-0.17279507881584952,0.02109390436313828,0.05536332179930847,0.09356401384082819,-112156.2977019511,-0.06956898885982886,-0.28444444444444444,0.2519646289888504,1617098
663,17,MEGHALAYA,SOUTH WEST GARO HILLS,-0.18608227604769484,-0.06698961937716491,-0.05173394848135345,-0.032541330257593655,-123767.78218322988,-0.11964763607006637,-0.2519646289888504,0.07535563244905807,1037207
656,17,MEGHALAYA,NORTH GARO HILLS,-0.1929104190695863,-0.05911572472126467,-0.035432525951557464,-0.013840830449826988,-179040.21640368935,-0.11571063360774131,-0.2599000384467512,0.13016532103037293,1552862
275,17,MEGHALAYA,WEST JAINTIA HILLS,-0.19291041906960754,-0.04158400615148117,-0.019930795847750957,0.010396001537870096,-239902.80345826957,-0.10790650827728236,-0.2761399461745483,0.19986159169550174,2229213
262,15,MIZORAM,CHAMPHAI,-0.2214532871972177,-0.005818148574921213,0.02588001011544804,0.06698961937716322,-451899.64976121543,-0.10913272660730325,-0.34602076124567477,0.2288965782391388,4148573
267,15,MIZORAM,SAIHA,-0.22145328719723525,0.0017039975204734587,0.03693426072261223,0.0797231833910031,-190283.34703481395,-0.10305528085568641,-0.3553094963475586,0.24415224913494812,1851831
264,15,MIZORAM,LAWNGTLAI,-0.22145328719721696,-0.037021950907680456,-0.0017358099048944411,0.036900284486891075,-369630.46034041245,-0.1261321872610065,-0.33685505574778934,0.24415224913494812,2939881
268,15,MIZORAM,SERCHHIP,-0.2288965782391325,-0.016802844392598496,0.01677921907869105,0.05536332179930721,-211848.39056277327,-0.12059327740962253,-0.36472126105344094,0.2364628988850442,1762727
263,15,MIZORAM,KOLASIB,-0.24415224913493178,-0.051733948481352175,-0.022206843521722412,0.010396001537870085,-260405.4281686426,-0.14279507203237582,-0.31009611687812383,0.17279507881584008,1828823
266,15,MIZORAM,MAMIT,-0.2364628988850263,-0.05536332179930757,-0.027128027681660862,0.004481782428475199,-529065.3769007474,-0.14143631857601427,-0.3188927335640138,0.16633602460592078,3748513
265,15,MIZORAM,LUNGLEI,-0.22889657823911908,-0.037012310323515714,-0.005817881985306028,0.032541330257593315,-717273.9648072347,-0.1304005418867915,-0.36472126105344094,0.2364628988850442,5509505
261,15,MIZORAM,AIZAWL,-0.22889657823913737,-0.02111807039751326,0.009647526061951918,0.044844290657438855,-458244.9301971895,-0.11785507661876121,-0.31009611687812383,0.22145328719723184,3898664
613,13,NAGALAND,PAREN,-0.20693579392538528,-0.009671311929074403,0.025880048792650427,0.07111111111110938,-250770.09248233348,-0.11101006534217293,-0.31009611687812383,0.24415224913494812,2264628
248,13,NAGALAND,PHEK,-0.20693579392539121,0.05173394848135082,0.0935640138408258,0.1301653210303712,-155515.54842831087,-0.067108116191561,-0.33685505574778934,0.29287197231833906,2323275
250,13,NAGALAND,WOKHA,-0.20693579392539713,-0.03254133025759379,-0.0017539433739862653,0.036914454472723464,-230130.1663386564,-0.11512993021539449,-0.28444444444444444,0.2288965782391388,2003896
244,13,NAGALAND,DIMAPUR,-0.2069357939254056,-0.041584006151481,-0.005824711308810309,0.05173394848135314,-107899.42909556147,-0.11418123322587664,-0.28444444444444444,0.2761399461745483,949846
245,13,NAGALAND,KOHIMA,-0.1998615916954862,0.025895404768557388,0.07972318339100468,0.14173010380623627,-148354.19313973302,-0.09109950018639341,-0.28444444444444444,0.3188927335640138,1632851
614,13,NAGALAND,KIPHIRE,-0.19986159169548712,0.07111111111111226,0.10851211072664502,0.14769703960015712,-78514.43491625179,-0.05605822758870893,-0.31009611687812383,0.34602076124567477,1404480
251,13,NAGALAND,ZUNHEBOTO,-0.1998615916954876,0.025853068150700098,0.06299115724721138,0.10340638216070538,-159561.30950355952,-0.08161709737484972,-0.3278123798539023,0.2761399461745483,1960862
246,13,NAGALAND,MOKOKCHUNG,-0.1929104190695819,-0.010396001537870214,0.022206843521722416,0.0591157247212626,-196805.02025914864,-0.0984347614106086,-0.2761399461745483,0.21413302575932336,2005010
247,13,NAGALAND,MON,-0.17937716262976736,0.016779164355757558,0.05911572472126385,0.10340638216070502,-213332.9871029989,-0.07848637073125478,-0.2761399461745483,0.2599000384467512,2724066
249,13,NAGALAND,TUENSANG,-0.17279507881584924,0.06698961937716674,0.09842368319876693,0.13588619761630213,-118395.6467214322,-0.04465466460978056,-0.3014225297962323,0.3278123798539023,2656787
615,13,NAGALAND,LONGLENG,-0.18608227604768762,0.01678325046666591,0.05536332179930672,0.098423683198771,-60181.20343965283,-0.08235945658814339,-0.2761399461745483,0.2519646289888504,734358
344,21,ODISHA,ANUGUL,-0.18608227604768224,-0.024605920799692833,-0.006841707757101956,0.013840830449826768,-696612.7735304968,-0.09138772541630605,-0.2761399461745483,0.15378700499807765,7634552
345,21,ODISHA,BOLANGIR (BALANGIR),-0.14769703960015987,-0.024605920799692163,-0.006842090169150128,0.012056901191849096,-546997.1318310315,-0.07001829535767068,-0.2364628988850442,0.11909265667051133,7823364
346,21,ODISHA,BALASORE (BALESHWAR),-0.1663360246059251,-0.041584006151479745,-0.02712802768166084,-0.008858131487889172,-391308.5030976242,-0.08772374989150143,-0.24415224913494812,0.14769703960015382,4471001
347,21,ODISHA,BARAGARH,-0.14769703960016742,-0.019930795847753046,-0.004501898234789269,0.013840830449826872,-469436.27087540645,-0.06713586910379084,-0.24415224913494812,0.14769703960015382,7004326
348,21,ODISHA,BHADRAK,-0.16000000000000256,-0.0384467512495119,-0.02712802768166254,-0.008858131487889127,-258027.5716263184,-0.08614302685283526,-0.24415224913494812,0.13016532103037293,3001803
350,21,ODISHA,CUTTACK,-0.17279507881584863,-0.017777777777778912,0.00448703634888476,0.035432525951557194,-373795.78621344134,-0.08134876904269592,-0.2679584775086506,0.17279507881584008,4607070
351,21,ODISHA,DEOGARH,-0.18608227604769637,-0.022206843521722176,-0.004506404969408886,0.015747789311802863,-309364.85281192063,-0.08723895474197468,-0.2599000384467512,0.10340638216070744,3554240
352,21,ODISHA,DHENKANAL,-0.1727950788158503,-0.019930795847752463,9.062692834003094E-4,0.027128027681661764,-454449.94891421654,-0.0853019716880396,-0.2599000384467512,0.14769703960015382,5335603
353,21,ODISHA,GAJAPATI,-0.21413302575932006,-0.07535563244904664,-0.05536332179930935,-0.03254133025759329,-643608.020383396,-0.13167489210583896,-0.29287197231833906,0.14173010380622836,4897594
354,21,ODISHA,GANJAM,-0.19986159169548545,-0.055363321799312915,-0.035432525951559234,-0.010396001537870198,-1089271.561691916,-0.10945211598780408,-0.28444444444444444,0.13016532103037293,9965454
355,21,ODISHA,JAGATSINGHPUR,-0.1727950788158483,-0.038446751249521495,-0.017777777777777632,0.0103960015378701,-185521.94239110115,-0.08992879601333989,-0.2519646289888504,0.14173010380622836,2068255
356,21,ODISHA,JAJAPUR,-0.16000000000000217,-9.327858911321883E-4,0.019930795847751433,0.041584006151481,-221947.34859288868,-0.06409650432379813,-0.2519646289888504,0.16633602460592078,3471072
357,21,ODISHA,JHARSUGUDA,-0.1476970396001637,0.006815234082535568,0.024605920799691972,0.04158400615148099,-120819.84040111613,-0.048484696653503294,-0.2069357939254133,0.12456747404844293,2499034
358,21,ODISHA,KALAHANDI,-0.17937716262978778,-0.0384467512495197,-0.022206843521720563,8.897752296979954E-4,-881198.6392335928,-0.09394177666623559,-0.28444444444444444,0.14769703960015382,9392589
359,21,ODISHA,KANDHAMAL,-0.2069357939253844,-0.06698961937717308,-0.04822760476739779,-0.02460592079969281,-1195696.070701542,-0.12533905984220742,-0.29287197231833906,0.13588619761630144,9552404
360,21,ODISHA,KENDRAPARHA,-0.16633602460592484,-0.035432525951552295,-0.01993079584775261,-0.0026573693021438066,-252815.6498886838,-0.08371175057422295,-0.2599000384467512,0.10340638216070744,3027614
361,21,ODISHA,KEONJHAR (KENDUJHAR),-0.17279507881585066,-0.032541330257592024,-0.012056901191848565,0.010396001537870226,-890349.6426998744,-0.08932869066693536,-0.2519646289888504,0.17937716262975778,9980176
362,21,ODISHA,KHORDHA,-0.18608227604770647,-0.008858131487889737,0.010396001537870255,0.032541330257593336,-251418.34657940664,-0.07340936515989016,-0.2679584775086506,0.14769703960015382,3436743
363,21,ODISHA,KORAPUT,-0.17937716262977405,-0.024605920799693145,-0.00684789110188516,0.01777777777777764,-857527.8718375228,-0.08661290362011584,-0.28444444444444444,0.1929104190695886,9916232
364,21,ODISHA,MALKANGIRI,-0.16000000000001102,-0.017777777777779575,-0.004495245683854698,0.013840830449826664,-490680.4910905494,-0.07214380234151997,-0.2679584775086506,0.15378700499807765,6811277
365,21,ODISHA,MAYURBHANJ,-0.19291041906952716,-0.027128027681662458,-0.006839912159098998,0.01777777777777781,-1149704.5725526926,-0.0917698973546344,-0.2761399461745483,0.2069357939254133,12543165
366,21,ODISHA,NABARANGAPUR,-0.16633602460592317,-0.03844675124951419,-0.022206843521721954,-0.0045094024272732255,-561422.0128550996,-0.08682422601775856,-0.2519646289888504,0.12456747404844293,6477055
367,21,ODISHA,NAYAGARH,-0.19986159169548542,-0.048227604767399415,-0.02977316416762678,-0.004499492055086527,-507969.6377984811,-0.10951606178432292,-0.2761399461745483,0.12456747404844293,4646759
368,21,ODISHA,NUAPARHA,-0.1600000000000029,-0.035432525951554265,-0.022206843521720303,-0.002653687528315302,-380151.6065024755,-0.08292430089034386,-0.24415224913494812,0.1085121107266436,4592599
369,21,ODISHA,PURI,-0.16633602460592492,-0.017777777777778718,0.006822043538193,0.02977316416762999,-344057.1986978138,-0.08344359206885074,-0.24415224913494812,0.13016532103037293,4132506
370,21,ODISHA,RAYAGARHA,-0.1860822760476974,-0.035432525951556194,-0.012056901191848811,0.024605920799692704,-832187.4913179874,-0.09573649757415835,-0.2679584775086506,0.186082276047674,8707900
371,21,ODISHA,SAMBALPUR,-0.1727950788158504,-0.02220684352172071,-0.006846399492795157,0.012056901191848933,-663146.1494694996,-0.08311005388526689,-0.2519646289888504,0.11374086889657825,7991881
372,21,ODISHA,SUBARNAPUR,-0.14769703960016758,-0.024605920799693294,-0.004495913155410144,0.01574778931180288,-214540.6090636492,-0.07596680890313655,-0.2288965782391388,0.1085121107266436,2830803
373,21,ODISHA,SUNDARGARH,-0.17279507881585085,-0.013840830449826256,0.004481620201986402,0.02460592079969178,-841024.7216049475,-0.07178340788251023,-0.2599000384467512,0.12456747404844293,11732129
349,21,ODISHA,BAUDH (BAUDA),-0.1860822760476989,-0.029773164167629373,-0.010396001537870252,0.012056901191849195,-342258.47494998015,-0.09245643203873742,-0.2599000384467512,0.11374086889657825,3710015
598,34,PUDUCHERRY,KARAIKAL,-0.14769703960015543,0.03543252595155647,0.05173394848135402,0.06698961937716266,-6461.454186277291,-0.035698978367593975,-0.24415224913494812,0.14769703960015382,183071
599,34,PUDUCHERRY,MAHE,-0.11909265667051132,-0.015747789311803182,-0.006151480199923111,0.003936947327950788,-512.9477204393496,-0.05054322403385972,-0.17279507881584008,0.05173394848135333,10600
600,34,PUDUCHERRY,PUDUCHERRY,-0.15378700499807627,0.004482401524864876,0.022206843521722412,0.041584006151480196,-19650.821818574273,-0.05766439616485328,-0.2599000384467512,0.16000000000000003,347013
601,34,PUDUCHERRY,YANAM,-0.13016532103037304,-9.580218210485884E-4,0.013840830449826983,0.0271280276816609,-2623.36438226648,-0.05946625610838226,-0.186082276047674,0.07972318339100345,44886
027,03,PUNJAB,AMRITSAR,-0.12456747404844827,0.010396001537869038,0.017777777777779433,0.024605920799692416,-116430.15179135514,-0.03318693320363903,-0.2519646289888504,0.13588619761630144,3515937
605,03,PUNJAB,BARNALA,-0.07535563244905658,0.02220684352172077,0.02977316416763044,0.0354325259515571,-7227.31822903216,-0.003925291375658882,-0.17937716262975778,0.09842368319876971,1846179
028,03,PUNJAB,BATHINDA,-0.08421376393694824,0.0222068435217197,0.02977316416763108,0.038446751249521106,-38307.76560692079,-0.008793469020012407,-0.21413302575932336,0.13016532103037293,4365070
029,03,PUNJAB,FARIDKOT,-0.09356401384082767,0.01777777777777963,0.024605920799692867,0.03254133025759293,-25585.15037192783,-0.013521540889201713,-0.21413302575932336,0.15378700499807765,1896994
030,03,PUNJAB,FATEHGARH SAHIB,-0.10851211072664096,0.029773164167632475,0.03543252595155224,0.04158400615148121,-15031.759577238174,-0.010077928970181664,-0.21413302575932336,0.08421376393694734,1496589
651,03,PUNJAB,FAZILKA,-0.15378700499806508,8.895113222172993E-4,0.008858131487889997,0.01777777777777819,-143548.4109900287,-0.0386642023307515,-0.2599000384467512,0.12456747404844293,3719961
031,03,PUNJAB,FIROZPUR,-0.09842368319876854,0.022206843521719408,0.027128027681664085,0.035432525951554966,-36221.95692191345,-0.01175578912996072,-0.2599000384467512,0.1085121107266436,3088898
032,03,PUNJAB,GURDASPUR,-0.1245674740484601,0.0068015605826372595,0.01205690119185005,0.019930795847751735,-112243.63989619893,-0.032839155899483705,-0.2519646289888504,0.10340638216070744,3424574
033,03,PUNJAB,HOSHIARPUR,-0.19291041906959147,-0.006836110846492705,0.006815620390185216,0.01777777777777857,-331456.32176351466,-0.07486432194039261,-0.28444444444444444,0.11374086889657825,4436125
034,03,PUNJAB,JALANDHAR,-0.12456747404846208,0.01777777777777958,0.027128027681664762,0.03543252595155211,-114563.59361823257,-0.03330657483762607,-0.22145328719723184,0.13588619761630144,3448570
035,03,PUNJAB,KAPURTHALA,-0.1358861976163133,0.00681263564629586,0.015747789311802804,0.022206843521721517,-92139.3557224092,-0.04326569692901165,-0.2288965782391388,0.08421376393694734,2138434
036,03,PUNJAB,LUDHIANA,-0.10851211072664661,0.024605920799686612,0.03254133025758578,0.038446751249521106,-70259.5333171284,-0.014671406984441538,-0.21413302575932336,0.12456747404844293,4796983
037,03,PUNJAB,MANSA,-0.07111111111111368,0.024605920799688933,0.03254133025759073,0.04158400615148115,-6930.363475159523,-0.002481098550335366,-0.1929104190695886,0.14769703960015382,2800307
038,03,PUNJAB,MOGA,-0.08421376393694299,0.022206843521718034,0.029773164167631462,0.035432525951557464,-24137.227634026727,-0.008268786199585274,-0.22145328719723184,0.14173010380622836,2925171
039,03,PUNJAB,SRI MUKTSAR SAHIB,-0.08882737408688804,0.006800154803345684,0.013840830449826178,0.022206843521720778,-72092.49644165643,-0.021142287511983236,-0.22145328719723184,0.10340638216070744,3417177
040,03,PUNJAB,SHAHID BHAGAT SINGH NAGAR,-0.15378700499808645,0.013840830449825446,0.022206843521723352,0.029773164167629193,-61468.08684178722,-0.03735377070562246,-0.24415224913494812,0.12456747404844293,1650822
662,03,PUNJAB,PATHANKOT,-0.19986159169548812,8.978239613275154E-4,0.012056901191848613,0.024605920799692784,-88618.87904054332,-0.07077324535899984,-0.28444444444444444,0.14173010380622836,1257220
041,03,PUNJAB,PATIALA,-0.098423683198772,0.032541330257582934,0.038446751249503926,0.04484429065745058,-13570.047650694656,-0.003169947313667396,-0.2069357939254133,0.14173010380622836,4293984
042,03,PUNJAB,RUPNAGAR,-0.159999999999998,0.015747789311802787,0.02460592079969235,0.032541330257592586,-79649.99583323843,-0.04452001848377539,-0.2288965782391388,0.11909265667051133,1795740
043,03,PUNJAB,SANGRUR,-0.07535563244905875,0.024605920799684548,0.029773164167632746,0.03844675124952165,-5368.607506671067,-0.0011536403306441566,-0.17937716262975778,0.11374086889657825,4664151
608,03,PUNJAB,SAS NAGAR (SAHIBZADA AJIT SINGH NAGAR),-0.15378700499808517,0.013840830449827693,0.024605920799691608,0.03543252595155728,-48658.21668637838,-0.034345858687241215,-0.24415224913494812,0.1085121107266436,1423227
609,03,PUNJAB,TARN TARAN,-0.11374086889657399,0.019930795847755,0.027128027681665386,0.032541330257591455,-54892.553777000816,-0.01741669240751851,-0.2364628988850442,0.08882737408688965,3158113
086,08,RAJASTHAN,AJMER,-0.09842368319876967,0.06299115724721241,0.08421376393695086,0.10851211072664337,16990.777882297778,0.0016118781553621294,-0.2519646289888504,0.2069357939254133,10557272
087,08,RAJASTHAN,ALWAR,-0.10851211072665597,0.03543252595155848,0.04822760476739374,0.06299115724721122,-166529.0973198542,-0.015786807251158778,-0.24415224913494812,0.2288965782391388,10566667
088,08,RAJASTHAN,BANSWARA,-0.12456747404843803,-0.002652303650971322,0.006798323924040451,0.01993079584775187,-241596.4938968587,-0.04401725339307172,-0.24415224913494812,0.10340638216070744,5496965
089,08,RAJASTHAN,BARAN,-0.09356401384082474,0.06299115724721116,0.09842368319875835,0.1245674740484607,-19131.6138724069,-0.0022215892366420505,-0.2364628988850442,0.2069357939254133,8624299
090,08,RAJASTHAN,BARMER,-0.059115724721263724,0.10851211072661328,0.12456747404846842,0.1358861976163021,1931008.5246637084,0.05491672613314737,-0.2761399461745483,0.22145328719723184,35184293
091,08,RAJASTHAN,BHARATPUR,-0.0711111111111166,0.038446751249512946,0.05173394848134747,0.07111111111111629,-35280.84273185662,-0.005556440519675283,-0.17937716262975778,0.16633602460592078,6364210
092,08,RAJASTHAN,BHILWARA,-0.09356401384082512,0.051733948481346374,0.07111111111111812,0.09356401384082706,-87055.85862044283,-0.006715840085291641,-0.24415224913494812,0.186082276047674,12977374
093,08,RAJASTHAN,BIKANER,-9.094471305989614E-4,0.13588619761631898,0.14769703960010516,0.16633602460585906,3421824.801436687,0.08940128310227846,-0.2519646289888504,0.2364628988850442,38299184
094,08,RAJASTHAN,BUNDI,-0.10340638216070487,0.024605920799691934,0.059115724721264404,0.0984236831987675,-160320.83625167186,-0.02245092610346407,-0.24415224913494812,0.1929104190695886,7150747
095,08,RAJASTHAN,CHITTAURGARH,-0.11909265667052764,0.013840830449827065,0.038446751249520524,0.07111111111111362,-319948.494558779,-0.03329684476006417,-0.29287197231833906,0.1929104190695886,9628634
096,08,RAJASTHAN,CHURU,0.00265248387504436,0.14173010380620354,0.1537870049979993,0.15999999999997094,1688737.9275103272,0.09622406769360813,-0.2069357939254133,0.2364628988850442,17570047
097,08,RAJASTHAN,DAUSA,-0.07535563244905825,0.06698961937717418,0.07972318339101496,0.10340638216070352,51113.809766711915,0.0119639608482455,-0.2069357939254133,0.19986159169550174,4282491
098,08,RAJASTHAN,DHAULPUR,-0.08421376393694711,0.04158400615147575,0.05536332179930496,0.07972318339100636,-21424.711996214257,-0.005655383463066016,-0.2069357939254133,0.15378700499807765,3796325
099,08,RAJASTHAN,DUNGARPUR,-0.11374086889658612,0.012056901191850135,0.02220684352172111,0.03543252595155928,-138013.16532819308,-0.030023953612119864,-0.2761399461745483,0.14769703960015382,4604348
101,08,RAJASTHAN,HANUMANGARH,-0.051733948481348026,0.11909265667053917,0.1301653210303197,0.14173010380627185,567512.1757193957,0.04572784486989626,-0.21413302575932336,0.22145328719723184,12428490
102,08,RAJASTHAN,JAIPUR,-0.0753556324490544,0.08882737408688235,0.10340638216073263,0.11909265667052164,345895.05502830184,0.0248091957086488,-0.2288965782391388,0.19986159169550174,13958482
103,08,RAJASTHAN,JAISALMER,-0.05911572472126161,0.1245674740484763,0.14769703960010785,0.16633602460580363,2969733.531640749,0.061649775772874955,-0.29287197231833906,0.24415224913494812,48195167
104,08,RAJASTHAN,JALOR,-0.09356401384082447,0.07535563244907333,0.088827374086869,0.10340638216072574,172911.13720211142,0.013184240166709897,-0.2288965782391388,0.19986159169550174,13130168
105,08,RAJASTHAN,JHALAWAR,-0.10851211072664503,0.0044784249995011615,0.02220684352172115,0.05536332179930724,-273760.3141853097,-0.03523179353781965,-0.24415224913494812,0.1929104190695886,7785147
106,08,RAJASTHAN,JHUNJHUNUN,-0.041584006151481064,0.11374086889657603,0.1301653210303347,0.14769703960017286,444920.1243977307,0.0594044809713938,-0.19986159169550174,0.2364628988850442,7500078
107,08,RAJASTHAN,JODHPUR,-0.04822760476739724,0.12456747404847004,0.13588619761630702,0.15378700499804684,1813435.8805240996,0.06400227525597647,-0.2761399461745483,0.2288965782391388,28354930
108,08,RAJASTHAN,KARAULI,-0.0797231833910081,0.05536332179930168,0.07535563244904789,0.09356401384082791,14540.49093951547,0.0023245878519891974,-0.2069357939254133,0.2069357939254133,6265890
100,08,RAJASTHAN,GANGANAGAR,-0.05536332179930774,0.11374086889658815,0.1301653210303427,0.1476970396001722,621013.9480949459,0.044392847094043356,-0.21413302575932336,0.24415224913494812,14004924
109,08,RAJASTHAN,KOTA,-0.12456747404844404,0.0415840061514812,0.07535563244904261,0.10340638216072083,-127978.45099511818,-0.020403194038498253,-0.28444444444444444,0.19986159169550174,6284796
110,08,RAJASTHAN,NAGAUR,-0.044844290657438744,0.13588619761627924,0.14769703960004604,0.15999999999995504,1710985.2417320528,0.07669253468911039,-0.2364628988850442,0.2364628988850442,22328531
111,08,RAJASTHAN,PALI,-0.10851211072665083,0.08421376393696718,0.09842368319875114,0.11374086889659518,140920.66831938564,0.00918759928051113,-0.2761399461745483,0.1929104190695886,15355856
629,08,RAJASTHAN,PRATAPGARH,-0.13016532103036946,-0.008858131487889094,8.887260811663036E-4,0.012056901191848844,-277476.8399113723,-0.051148694959156624,-0.2599000384467512,0.14173010380622836,5433909
112,08,RAJASTHAN,RAJ SAMAND,-0.16000000000000308,0.004479416121409735,0.027128027681661827,0.05536332179930634,-322098.52367113956,-0.05641023139865228,-0.31009611687812383,0.186082276047674,5723908
113,08,RAJASTHAN,SAWAI MADHOPUR,-0.10851211072665358,0.032541330257590734,0.05173394848134914,0.07972318339100613,-124856.78219175905,-0.01997671035939269,-0.21413302575932336,0.19986159169550174,6261504
114,08,RAJASTHAN,SIKAR,-0.04822760476739457,0.11909265667053318,0.13588619761626397,0.14769703960014327,598680.6544650577,0.06151072013067204,-0.2288965782391388,0.22145328719723184,9747199
115,08,RAJASTHAN,SIROHI,-0.13588619761631987,0.021072103884378867,0.041584006151481244,0.06299115724721126,-268349.44944780413,-0.04251193691713931,-0.3014225297962323,0.21413302575932336,6321547
116,08,RAJASTHAN,TONK,-0.09842368319877019,0.029773164167630647,0.04822760476739828,0.07111111111111451,-146908.7655257966,-0.016423027503058116,-0.24415224913494812,0.21413302575932336,8958642
117,08,RAJASTHAN,UDAIPUR,-0.16633602460589383,-0.008858131487888905,0.006809783327468792,0.022206843521720445,-994998.110898184,-0.06931030472659615,-0.29287197231833906,0.17937716262975778,14373207
225,11,SIKKIM,EAST,-0.15378700499808542,0.166336024605925,0.20693579392539202,0.251964628988845,25050.214518615947,0.021271972728147775,-0.29287197231833906,0.39369473279507883,1180616
226,11,SIKKIM,NORTH,-0.06698961937716325,0.2761399461745564,0.3100961168780812,0.3368550557477983,793910.4797197825,0.1489962944148496,-0.29287197231833906,0.454963475586313,5335204
227,11,SIKKIM,SOUTH,-0.16633602460592423,0.1600000000000051,0.2141330257593235,0.2761399461745498,2362.3204531601714,0.002569783488138654,-0.3188927335640138,0.42377547097270285,922577
228,11,SIKKIM,WEST,-0.1537870049980855,0.2141330257593344,0.2599000384467802,0.30142252979620693,86213.2484989693,0.05713254124152425,-0.28444444444444444,0.41362552864282975,1512801
610,33,TAMIL NADU,ARIYALUR,-0.1301653210303788,0.019930795847751974,0.04158400615148121,0.0629911572472113,-84933.53330319616,-0.038518039186716396,-0.2519646289888504,0.14769703960015382,2209715
730,33,TAMIL NADU,CHENGALPATTU,-0.13588619761629983,0.04484429065744381,0.06299115724721117,0.08882737408688302,-74252.40107436068,-0.023807902717959954,-0.2519646289888504,0.21413302575932336,3125557
568,33,TAMIL NADU,CHENNAI,-0.12456747404844344,0.04158400615148126,0.04822760476739369,0.05536332179930673,-977.4366965355114,-0.0025499697545796024,-0.2288965782391388,0.14173010380622836,385506
569,33,TAMIL NADU,COIMBATORE,-0.16000000000000597,0.03692431517920125,0.06299115724721123,0.09356401384082695,-226431.62254929874,-0.04213764841852514,-0.29287197231833906,0.3014225297962323,5383851
570,33,TAMIL NADU,CUDDALORE,-0.13588619761629472,0.024605920799692416,0.044844290657440854,0.06698961937716423,-171767.1238631579,-0.04066666490178173,-0.28444444444444444,0.17937716262975778,4233341
571,33,TAMIL NADU,DHARMAPURI,-0.13588619761631338,0.022206843521719918,0.03543252595155432,0.05911572472126331,-173151.52645562834,-0.033681987018170226,-0.24415224913494812,0.2288965782391388,5150772
572,33,TAMIL NADU,DINDIGUL,-0.16000000000000383,0.03691769098296208,0.06299115724721122,0.10340638216070908,-230222.51683067484,-0.03346450644469,-0.2761399461745483,0.3014225297962323,6891183
573,33,TAMIL NADU,ERODE,-0.1476970396001662,0.021068195865146567,0.04158400615148116,0.06698961937716162,-266545.615840907,-0.04572512536429833,-0.2679584775086506,0.2519646289888504,5843263
574,33,TAMIL NADU,KANCHIPURAM,-0.11374086889657431,0.041584006151481286,0.05911572472126469,0.07972318339100332,-35575.59271869617,-0.017766282436393062,-0.24415224913494812,0.186082276047674,2010389
729,33,TAMIL NADU,KALLAKKURICHI,-0.1301653210303537,0.029773164167628378,0.05173394848134974,0.07535563244905508,-134874.19607546795,-0.0334361959476472,-0.2599000384467512,0.21413302575932336,4041352
575,33,TAMIL NADU,KANYAKUMARI,-0.17279507881584924,0.025856486412491782,0.06299115724721126,0.11374086889657738,-109987.46146669034,-0.05796428485838986,-0.2679584775086506,0.33685505574778934,1902020
576,33,TAMIL NADU,KARUR,-0.09356401384082694,0.07535563244906518,0.08882737408687132,0.10340638216072401,47028.83236548666,0.014228031497685933,-0.19986159169550174,0.1929104190695886,3313874
578,33,TAMIL NADU,MADURAI,-0.1476970396001597,0.036916752708605734,0.06299115724721124,0.09356401384082708,-141279.3422057577,-0.033577901176355625,-0.3014225297962323,0.2679584775086506,4217505
587,33,TAMIL NADU,NILGIRIS,-0.1929104190696003,0.036925985633286425,0.0711111111111145,0.11374086889657631,-153265.38172699013,-0.055272671299308344,-0.28444444444444444,0.2761399461745483,2779224
579,33,TAMIL NADU,NAGAPATTINAM,-0.1537870049980826,0.02977316416762672,0.051733948481353924,0.07535563244905931,-127487.20844655702,-0.04364722837004441,-0.2599000384467512,0.1929104190695886,2930267
580,33,TAMIL NADU,NAMAKKAL,-0.11909265667051658,0.06299115724723355,0.07535563244905517,0.09356401384082343,-3271.435903461542,-8.393045677382053E-4,-0.22145328719723184,0.2519646289888504,3905479
581,33,TAMIL NADU,PERAMBALUR,-0.09356401384082301,0.041584006151481265,0.05911572472126473,0.07972318339100376,-20661.138854432826,-0.01032090325373322,-0.22145328719723184,0.22145328719723184,2007167
582,33,TAMIL NADU,PUDUKKOTTAI,-0.1537870049980873,0.04158400615148126,0.06698961937716498,0.08882737408688564,-194116.39330979352,-0.036709157294290376,-0.28444444444444444,0.17279507881584008,5299699
583,33,TAMIL NADU,RAMANATHAPURAM,-0.13588619761630133,0.03254133025759294,0.05911572472126423,0.08421376393694799,-172244.18603248303,-0.03699330966843605,-0.2519646289888504,0.19986159169550174,4668989
731,33,TAMIL NADU,RANIPPETTAI,-0.11909265667050821,0.02977316416762909,0.048227604767395765,0.07111111111111314,-60338.46415559098,-0.02843772575721413,-0.21413302575932336,0.16000000000000003,2128423
584,33,TAMIL NADU,SALEM,-0.14173010380623147,0.029773164167631202,0.04822760476739754,0.07111111111111228,-207298.6819666452,-0.030240787305517897,-0.2679584775086506,0.2288965782391388,6871944
585,33,TAMIL NADU,SIVAGANGA,-0.13016532103036646,0.05911572472125803,0.08421376393695289,0.10851211072664943,-102571.25649352992,-0.02130452776789414,-0.2519646289888504,0.19986159169550174,4827074
588,33,TAMIL NADU,TENI,-0.17937716262975106,0.03692107240615741,0.08882737408688966,0.14769703960015557,-187921.05543352372,-0.05775144164243491,-0.28444444444444444,0.31009611687812383,3260399
733,33,TAMIL NADU,TENKASI,-0.17279507881584955,0.0415840061514812,0.07111111111111383,0.11374086889657878,-131631.79388902645,-0.04137263940281619,-0.3278123798539023,0.29287197231833906,3188221
586,33,TAMIL NADU,THANJAVUR,-0.1727950788158494,0.0068125897730163705,0.027128027681662083,0.05173394848135201,-277968.3190102704,-0.07131924683268058,-0.29287197231833906,0.17279507881584008,3908681
590,33,TAMIL NADU,THIRUVARUR,-0.1600000000000011,0.01205690119184856,0.029773164167627195,0.048227604767394947,-140590.01660543896,-0.054571675405526425,-0.2679584775086506,0.16633602460592078,2584269
591,33,TAMIL NADU,TIRUCHIRAPALLI,-0.11374086889657477,0.06299115724722261,0.08421376393695792,0.10851211072664942,-15316.827086081235,-0.002993382851878539,-0.2364628988850442,0.21413302575932336,5131417
592,33,TAMIL NADU,TIRUNELVELI,-0.18608227604769847,0.07535563244904421,0.09842368319877212,0.13016532103036785,-114308.98737723191,-0.02603606595425036,-0.3553094963475586,0.3278123798539023,4398780
634,33,TAMIL NADU,TIRUPPUR,-0.13588619761630757,0.05173394848134562,0.06698961937717048,0.08882737408688304,-105649.93834243793,-0.017859481304517203,-0.2599000384467512,0.28444444444444444,5928070
732,33,TAMIL NADU,TIRUPPATTUR,-0.15378700499808493,-0.0068494281956749245,0.008858131487889456,0.02712802768166176,-151881.37216325017,-0.06266714739344785,-0.2364628988850442,0.16633602460592078,2429659
589,33,TAMIL NADU,TIRUVALLUR,-0.12456747404844117,0.03254133025759262,0.05173394848135097,0.07111111111111165,-113856.24747644574,-0.03069940412782618,-0.2288965782391388,0.22145328719723184,3721243
593,33,TAMIL NADU,TIRUVANNAMALAI,-0.15378700499808493,0.021061725618537162,0.04484429065744008,0.07111111111111271,-301452.4419762719,-0.04262044347049438,-0.2679584775086506,0.2364628988850442,7086228
594,33,TAMIL NADU,TUTICORIN,-0.14769703960017197,0.07111111111111927,0.0888273740868806,0.10851211072664697,-24693.068096288338,-0.004603403462512114,-0.3014225297962323,0.19986159169550174,5373009
595,33,TAMIL NADU,VELLORE,-0.14769703960015612,0.004487690289080075,0.024605920799692885,0.04484429065743831,-134031.78189182555,-0.05544515710883577,-0.2519646289888504,0.2069357939254133,2425418
596,33,TAMIL NADU,VILLUPURAM,-0.14769703960016067,0.012056901191848811,0.03543252595155865,0.0629911572472114,-208065.49543009736,-0.04970431521263622,-0.2761399461745483,0.2069357939254133,4197052
597,33,TAMIL NADU,VIRUDHUNAGAR,-0.14769703960016117,0.07111111111111912,0.09356401384082257,0.1190926566705082,-50072.53218289309,-0.010418467375738314,-0.29287197231833906,0.29287197231833906,4816093
577,33,TAMIL NADU,KRISHNAGIRI,-0.13588619761629525,-9.301392661413332E-4,0.01574778931180281,0.0354325259515577,-303706.01283313567,-0.05165928685768224,-0.2288965782391388,0.19986159169550174,5891097
501,36,TELANGANA,ADILABAD,-0.13016532103037176,-9.302731877800388E-4,0.01205690119184867,0.027128027681661386,-237740.19233636616,-0.050199861631316664,-0.22145328719723184,0.14173010380622836,4743469
507,36,TELANGANA,HYDERABAD,-0.11374086889657824,-0.004511864575000116,0.004453500502314095,0.013840830449826902,-8738.744539577408,-0.03899083611869481,-0.2069357939254133,0.09356401384083046,225991
508,36,TELANGANA,KARIMNAGAR,-0.09356401384082676,0.03254133025758826,0.04158400615148127,0.055363321799309466,-15652.816048125322,-0.006635945281680755,-0.17937716262975778,0.14769703960015382,2364683
690,36,TELANGANA,BHADRADRI KOTHAGUDEM,-0.1600000000000116,8.983389693847886E-4,0.0157477893118028,0.029773164167627323,-486274.4248293195,-0.06003367754894706,-0.2679584775086506,0.13016532103037293,8112200
512,36,TELANGANA,MAHABUBNAGAR,-0.0984236831987729,0.02460592079969302,0.03844675124952148,0.05536332179930963,-75846.9475280038,-0.023198283072221177,-0.17937716262975778,0.13588619761630144,3277821
692,36,TELANGANA,SIDDIPET,-0.10851211072664804,0.017777777777779273,0.029773164167628707,0.048227604767395134,-121409.72134991371,-0.02788274945514086,-0.21413302575932336,0.12456747404844293,4362172
514,36,TELANGANA,NALGONDA,-0.09356401384084669,0.03543252595155254,0.051733948481347075,0.06698961937716388,-65673.85770049866,-0.007808224554303772,-0.19986159169550174,0.15378700499807765,8420108
516,36,TELANGANA,NIZAMABAD,-0.13588619761630275,0.010396001537870313,0.022206843521721364,0.03543252595155886,-200331.5059565627,-0.040334364484897044,-0.22145328719723184,0.13016532103037293,4973584
518,36,TELANGANA,RANGAREDDY,-0.09842368319876846,0.03543252595155621,0.04822760476739689,0.06698961937716559,-85681.36822264068,-0.014666341456283948,-0.22145328719723184,0.16000000000000003,5852435
720,36,TELANGANA,MULUGU,-0.1600000000000215,-0.0045024181809548165,0.013840830449827023,0.035432525951558484,-348262.23686230555,-0.06899954553164951,-0.2364628988850442,0.15378700499807765,5054976
695,36,TELANGANA,JOGULAMBA GADWAL,-0.0984236831987684,0.04158400615146878,0.05536332179930266,0.06698961937716695,-42613.33588973964,-0.014246063168228093,-0.1929104190695886,0.17279507881584008,2996596
699,36,TELANGANA,KUMURAM BHEEM,-0.14173010380623996,0.01039600153787027,0.02460592079969,0.041584006151481216,-249678.39942193846,-0.04648736444723244,-0.21413302575932336,0.13016532103037293,5379788
684,36,TELANGANA,MANCHERIAL,-0.13016532103036563,0.019930795847752914,0.03543252595155831,0.055363321799308494,-179663.1705948929,-0.039441627594946856,-0.22145328719723184,0.15378700499807765,4563416
680,36,TELANGANA,NIRMAL,-0.1301653210303544,-0.006847600162099471,0.012056901191848714,0.03844675124952057,-252525.5907975284,-0.05750979777073553,-0.2288965782391388,0.13016532103037293,4400168
685,36,TELANGANA,KAMAREDDY,-0.12456747404845911,0.008858131487890055,0.024605920799691643,0.04158400615148114,-173219.12038694308,-0.03929371468410232,-0.21413302575932336,0.14173010380622836,4417377
691,36,TELANGANA,SANGAREDDY,-0.11909265667052217,0.012056901191849668,0.027128027681662756,0.04484429065744043,-213094.05180551726,-0.04080297348921431,-0.22145328719723184,0.13016532103037293,5234286
694,36,TELANGANA,NAGARKURNOOL,-0.13588619761632725,0.02460592079969229,0.04158400615148049,0.0629911572472113,-204327.30603203503,-0.02829720452784473,-0.2288965782391388,0.16633602460592078,7230954
693,36,TELANGANA,WANAPARTHY,-0.09356401384082495,0.03254133025759424,0.05173394848135012,0.06698961937716351,-44155.9828986412,-0.0173997279041753,-0.186082276047674,0.16000000000000003,2543857
721,36,TELANGANA,NARAYANPET,-0.11374086889657464,0.013840830449825646,0.027128027681663353,0.04158400615148114,-103031.94119930644,-0.0367021595938651,-0.19986159169550174,0.14769703960015382,2813898
698,36,TELANGANA,VIKARABAD,-0.113740868896577,8.999672224973374E-4,0.015747789311802814,0.03254133025759294,-188988.03850059738,-0.043608060537842226,-0.21413302575932336,0.13588619761630144,4341820
700,36,TELANGANA,MEDCHAL-MALKAJGIRI,-0.10851211072664571,0.010396001537870276,0.027128027681660317,0.04484429065743848,-43734.372292987406,-0.034712597908550843,-0.21413302575932336,0.13016532103037293,1263977
697,36,TELANGANA,YADADRI BHUVANAGIRI,-0.09356401384082424,0.03844675124952209,0.05173394848134774,0.06698961937716341,-40422.46133171626,-0.01069082816420102,-0.19986159169550174,0.13588619761630144,3788544
696,36,TELANGANA,SURYAPET,-0.0935640138408257,0.02460592079969003,0.03844675124952153,0.05911572472126338,-57579.186821883544,-0.013707052738797847,-0.22145328719723184,0.16000000000000003,4207558
509,36,TELANGANA,KHAMMAM,-0.1301653210303692,0.00885813148788926,0.022206843521722197,0.03543252595155861,-205449.99276136045,-0.03754994793633975,-0.2288965782391388,0.16633602460592078,5483474
688,36,TELANGANA,MAHABUBABAD,-0.16000000000001985,-9.33452139702672E-4,0.013840830449827302,0.029773164167628235,-220922.67954266196,-0.053199372434498356,-0.2519646289888504,0.13588619761630144,4159758
689,36,TELANGANA,JANGAON,-0.09842368319876613,0.02460592079968958,0.03844675124952126,0.05536332179930883,-44405.83595031471,-0.015620477705690774,-0.19986159169550174,0.14173010380622836,2848930
686,36,TELANGANA,WARANGAL (URBAN),-0.10851211072664653,0.022206843521720115,0.03543252595155915,0.04822760476739581,-28410.998345553682,-0.020774325497712187,-0.19986159169550174,0.13588619761630144,1371299
522,36,TELANGANA,WARANGAL (RURAL),-0.12456747404844196,-9.340343316243961E-4,0.012056901191848731,0.027128027681660016,-124850.46120717637,-0.04755489048013285,-0.22145328719723184,0.13588619761630144,2631366
687,36,TELANGANA,JAYASHANKAR BHUPALAPALLY,-0.14173010380621812,0.00681067765014713,0.02460592079969116,0.0482276047673947,-179545.1988074425,-0.053029654106975695,-0.22145328719723184,0.13588619761630144,3392864
682,36,TELANGANA,PEDDAPALLI,-0.10851211072664543,0.022206843521721715,0.03543252595155996,0.05536332179930647,-56169.24346769123,-0.021720539153555804,-0.21413302575932336,0.16000000000000003,2590845
681,36,TELANGANA,JAGTIAL,-0.13016532103036624,0.0026407661280134997,0.013840830449826386,0.02460592079969198,-151757.30087564467,-0.044570404417457014,-0.21413302575932336,0.11909265667051133,3410637
683,36,TELANGANA,RANJANNA SIRCILLA,-0.11374086889657457,0.027128027681664276,0.038446751249521516,0.051733948481349865,-37988.11122046618,-0.017842022688402136,-0.1929104190695886,0.11909265667051133,2133794
513,36,TELANGANA,MEDAK,-0.098423683198764,0.015747789311802787,0.027128027681661657,0.04158400615148109,-84423.8941658742,-0.026162525659301966,-0.19986159169550174,0.12456747404844293,3235035
269,16,TRIPURA,DHALAI,-0.22889657823913756,-0.09842368319877358,-0.07972318339100973,-0.05536332179930722,-424332.75581555127,-0.15257923069361942,-0.29287197231833906,0.16000000000000003,2787504
654,16,TRIPURA,GOMATI,-0.2599000384467816,-0.103406382160722,-0.08421376393694391,-0.06299115724721135,-324355.59817761945,-0.16462134701519524,-0.3188927335640138,0.08421376393694734,1976295
652,16,TRIPURA,KHOWAI,-0.2519646289888447,-0.0984236831987704,-0.07972318339100455,-0.05911572472126205,-203186.09534747354,-0.1582294346067282,-0.29287197231833906,0.09842368319876971,1288086
270,16,TRIPURA,NORTH TRIPURA,-0.22889657823914827,-0.09356401384082393,-0.07111111111111189,-0.04484429065743905,-246843.23588772886,-0.15004696173956059,-0.3014225297962323,0.13016532103037293,1650811
653,16,TRIPURA,SEPAHIJALA,-0.26795847750866375,-0.10340638216071918,-0.08882737408688444,-0.071111111111113,-224922.94418680732,-0.17442665632846258,-0.3188927335640138,0.05173394848135333,1294414
271,16,TRIPURA,SOUTH TRIPURA,-0.2599000384467766,-0.10340638216072398,-0.08421376393694809,-0.06299115724721151,-294855.4127329098,-0.16610606793616856,-0.31009611687812383,0.07535563244905807,1781389
655,16,TRIPURA,UNOKOTI,-0.2441522491349282,-0.10851211072665913,-0.09356401384082286,-0.07111111111111296,-139564.0601900513,-0.16548602857879183,-0.29287197231833906,0.03844675124951941,846595
272,16,TRIPURA,WEST TRIPURA,-0.24415224913493158,-0.07535563244905505,-0.059115724721263634,-0.03844675124951928,-169359.39608455438,-0.14710065559587718,-0.28444444444444444,0.07972318339100345,1154860
118,09,UTTAR PRADESH,AGRA,-0.13016532103036646,0.006816708486706073,0.019930795847753355,0.03254133025759341,-207464.06109570916,-0.040928509036517235,-0.2519646289888504,0.16000000000000003,5084762
119,09,UTTAR PRADESH,ALIGARH,-0.10851211072663762,0.02977316416763211,0.041584006151472286,0.051733948481347124,-95342.13951186193,-0.02034689310999387,-0.2288965782391388,0.13588619761630144,4695914
121,09,UTTAR PRADESH,AMBEDKARNAGAR,-0.13016532103037243,-0.03254133025758582,-0.024605920799692888,-0.015747789311802853,-181726.97776978713,-0.0626589306038035,-0.2364628988850442,0.07111111111111111,2907631
640,09,UTTAR PRADESH,AMETHI,-0.12456747404845271,-0.01777777777777974,-0.010396001537870299,0.004460540328813337,-160147.77987873033,-0.0530400191108108,-0.22145328719723184,0.10340638216070744,3027141
154,09,UTTAR PRADESH,AMROHA,-0.11909265667050992,-0.006850157339904467,0.002639651668978065,0.013840830449826808,-135813.83934476675,-0.04341884000256375,-0.22145328719723184,0.09356401384083046,3135410
122,09,UTTAR PRADESH,AURAIYA,-0.1301653210303699,-0.02460592079968929,-0.015747789311802797,-0.0045118590573418405,-150851.25667792856,-0.05987760492184489,-0.2288965782391388,0.08421376393694734,2525028
123,09,UTTAR PRADESH,AZAMGARH,-0.11374086889657388,-0.02220684352171771,-0.013840830449826414,-0.0026588112614467662,-277971.9972333349,-0.0531091702377618,-0.22145328719723184,0.09356401384083046,5243512
133,09,UTTAR PRADESH,BUDAUN,-0.1245674740484559,-0.006847391830313879,0.0026295354553867232,0.012056901191848593,-251335.04701061326,-0.0467213902979266,-0.22145328719723184,0.11374086889657825,5388312
124,09,UTTAR PRADESH,BAGHPAT,-0.07111111111111364,0.00885813148788992,0.019930795847751773,0.032541330257592226,-39782.00299368389,-0.023579602774044178,-0.186082276047674,0.11909265667051133,1691561
125,09,UTTAR PRADESH,BAHRAICH,-0.1793771626297744,-0.013840830449825746,-0.0026557704705368647,0.008858131487889397,-391570.0943873982,-0.0628249889227952,-0.3014225297962323,0.13016532103037293,6244557
126,09,UTTAR PRADESH,BALLIA,-0.12456747404844624,-0.013840830449826836,-0.004500422585714345,0.006806921385919746,-202938.60466154624,-0.054716910581244706,-0.2288965782391388,0.09842368319876971,3717530
127,09,UTTAR PRADESH,BALRAMPUR,-0.17937716262977899,-0.02712802768166535,-0.017777777777779294,-0.004513718221116673,-315780.97521112615,-0.07512211463585465,-0.2599000384467512,0.09356401384083046,4212204
128,09,UTTAR PRADESH,BANDA,-0.10340638216071558,0.013840830449827543,0.024605920799690255,0.03543252595155921,-179183.99993812304,-0.032558683671791336,-0.21413302575932336,0.13016532103037293,5516307
129,09,UTTAR PRADESH,BARABANKI,-0.12456747404845026,-0.010396001537870314,-9.386462076283273E-4,0.008858131487889385,-238887.55661627342,-0.04965043925055315,-0.2288965782391388,0.1085121107266436,4821092
130,09,UTTAR PRADESH,BAREILLY,-0.10851211072664498,-0.00684797808065259,0.0044761145868576725,0.01777777777777785,-236517.29741905932,-0.045249818442157766,-0.22145328719723184,0.11909265667051133,5236856
131,09,UTTAR PRADESH,BASTI,-0.12456747404845143,-0.02460592079969114,-0.013840830449827297,-9.427559241305776E-4,-208110.52703919288,-0.059754079392754116,-0.2599000384467512,0.07535563244905807,3489747
179,09,UTTAR PRADESH,BHADOHI,-0.11374086889657518,-0.015747789311802804,-0.0068728776364049,0.008858131487889153,-59758.3050034323,-0.0476888408213713,-0.22145328719723184,0.09356401384083046,1258326
132,09,UTTAR PRADESH,BIJNOR,-0.13016532103037032,-0.012056901191850052,-0.0026485792672636416,0.010396001537870249,-274616.2485666486,-0.04662728200816188,-0.24415224913494812,0.11374086889657825,5897437
134,09,UTTAR PRADESH,BULANDSHAHR,-0.11909265667050839,0.015747789311802787,0.027128027681663315,0.03543252595155359,-118400.63619857626,-0.026560399521364807,-0.2364628988850442,0.1085121107266436,4465675
135,09,UTTAR PRADESH,CHANDAULI,-0.11909265667052092,-0.015747789311802807,0.004478794728008701,0.02712802768165976,-172666.03429940896,-0.05494803000076745,-0.2288965782391388,0.13588619761630144,3149762
136,09,UTTAR PRADESH,CHITRAKOOT,-0.11909265667051899,0.022206843521721423,0.04822760476739538,0.08421376393694716,-113941.5559345663,-0.028942557939208934,-0.22145328719723184,0.16633602460592078,3947058
137,09,UTTAR PRADESH,DEORIA,-0.11909265667050876,-0.002655083697159605,0.006803377897913663,0.017777777777778257,-135935.8937520619,-0.04302149426804189,-0.2288965782391388,0.09842368319876971,3167421
140,09,UTTAR PRADESH,AYODHYA,-0.13016532103037276,-0.024605920799690286,-0.013840830449827188,-9.322630017629702E-4,-201354.20337930787,-0.059998463176925705,-0.2288965782391388,0.09842368319876971,3363207
138,09,UTTAR PRADESH,ETAH,-0.1301653210303705,-0.024605920799691088,-0.015747789311802804,-0.006869231192207155,-180981.41831119647,-0.05938936269059098,-0.2679584775086506,0.06698961937716265,3057112
139,09,UTTAR PRADESH,ETAWAH,-0.1599999999999992,-0.027128027681664318,-0.017777777777779162,-0.006862413330306323,-198687.71438820462,-0.0683763188969482,-0.2519646289888504,0.08421376393694734,2912455
141,09,UTTAR PRADESH,FARRUKHABAD,-0.17279507881585102,-0.027128027681662604,-0.013840830449827675,9.005071616381217E-4,-231465.94090209625,-0.08449531639898177,-0.24415224913494812,0.08882737408688965,2746061
142,09,UTTAR PRADESH,FATEHPUR,-0.10851211072664359,-9.383491283274721E-4,0.008858131487889897,0.022206843521721312,-188761.17619260712,-0.036507798437293085,-0.21413302575932336,0.11374086889657825,5179341
143,09,UTTAR PRADESH,FIROZABAD,-0.15378700499808767,-0.029773164167631462,-0.022206843521722707,-0.01039600153787025,-221466.3999752513,-0.07296594944360767,-0.2519646289888504,0.07111111111111111,3043033
144,09,UTTAR PRADESH,GAUTAMBUDHNAGAR,-0.059115724721262385,0.0482276047674019,0.055363321799307634,0.06698961937716288,24439.78124973237,0.013632956541123844,-0.17279507881584008,0.14769703960015382,1799130
146,09,UTTAR PRADESH,GAZIPUR,-0.11374086889657911,-0.022206843521719515,-0.013840830449827141,-0.004519445934865522,-224157.63735487568,-0.05358847216035643,-0.24415224913494812,0.08882737408688965,4191005
145,09,UTTAR PRADESH,GHAZIABAD,-0.07111111111110971,0.03254133025758633,0.04484429065744709,0.05536332179930893,-5100.843211374371,-0.004397374813777925,-0.17279507881584008,0.13588619761630144,1164347
147,09,UTTAR PRADESH,GONDA,-0.13016532103037376,-0.022206843521718807,-0.01205690119184911,8.829355535014481E-4,-296765.1566982872,-0.05949531309769832,-0.2519646289888504,0.08882737408688965,4997607
148,09,UTTAR PRADESH,GORAKHPUR,-0.1301653210303746,-0.010396001537870316,8.925126746982663E-4,0.013840830449827249,-211844.64420788045,-0.050964957165517265,-0.2519646289888504,0.09842368319876971,4167218
149,09,UTTAR PRADESH,HAMIRPUR,-0.10851211072664545,0.006806327675217855,0.013840830449826187,0.02460592079969304,-139236.0182480088,-0.02885046152347658,-0.2519646289888504,0.12456747404844293,4836349
661,09,UTTAR PRADESH,HAPUR,-0.1085121107266476,0.017777777777779717,0.029773164167631552,0.03844675124952197,-35292.9316863314,-0.024843154869168313,-0.19986159169550174,0.12456747404844293,1425629
150,09,UTTAR PRADESH,HARDOI,-0.14173010380623935,-0.010396001537869648,8.940440228560335E-4,0.012056901191848815,-411494.01766082016,-0.0547354918559687,-0.24415224913494812,0.11374086889657825,7529334
163,09,UTTAR PRADESH,HATHRAS,-0.12456747404844963,-0.002649860981419911,0.00885813148788971,0.019930795847751676,-109962.31144732275,-0.04902084960831312,-0.22145328719723184,0.09356401384083046,2250134
151,09,UTTAR PRADESH,JALAUN,-0.1190926566705154,-0.01993079584775395,-0.0103960015378703,8.848375616371251E-4,-312247.9421376305,-0.05506756362835424,-0.2288965782391388,0.1085121107266436,5680240
152,09,UTTAR PRADESH,JAUNPUR,-0.11909265667051144,-0.02220684352171912,-0.012056901191849021,-9.495141084025498E-4,-267075.68524436717,-0.05343896919453043,-0.22145328719723184,0.09842368319876971,5008032
153,09,UTTAR PRADESH,JHANSI,-0.11909265667051189,-0.0026558052692449265,0.008858131487889774,0.027128027681661133,-252544.87578876317,-0.04066876519641741,-0.22145328719723184,0.15378700499807765,6229627
155,09,UTTAR PRADESH,KANNAUJ,-0.17279507881585052,-0.03254133025759138,-0.01993079584775172,-0.006846260658429909,-236031.82905258628,-0.09017264037341775,-0.2364628988850442,0.1085121107266436,2623727
157,09,UTTAR PRADESH,KANPUR,-0.16000000000000208,-0.008858131487889352,8.854708689185123E-4,0.012056901191849123,-187675.7707690311,-0.05025829715397486,-0.2364628988850442,0.09842368319876971,3743531
156,09,UTTAR PRADESH,KANPUR DEHAT,-0.11374086889657396,-0.013840830449825852,-0.004506793050365906,0.006799953890694683,-191292.96474619006,-0.04862085874749888,-0.2364628988850442,0.09842368319876971,3941798
633,09,UTTAR PRADESH,KASGANJ,-0.13016532103037437,-0.017777777777779565,-0.00685365706304946,0.004470716396053859,-139483.74445055213,-0.05649114857808104,-0.22145328719723184,0.07972318339100345,2475748
158,09,UTTAR PRADESH,KAUSHAMBI,-0.10851211072664535,-0.0045126624382910464,0.004464077015830206,0.015747789311802842,-86150.57075899903,-0.03893363954448334,-0.21413302575932336,0.11374086889657825,2218096
159,09,UTTAR PRADESH,KHERI,-0.1860822760477001,-0.032541330257588374,-0.017777777777779058,-9.365593626292452E-4,-788039.7246740147,-0.08104024801525908,-0.29287197231833906,0.1085121107266436,9738027
160,09,UTTAR PRADESH,KUSHINAGAR,-0.1476970396001603,-0.044844290657451484,-0.03543252595155174,-0.024605920799691077,-305335.2694380448,-0.0849248503572232,-0.2519646289888504,0.07535563244905807,3604253
161,09,UTTAR PRADESH,LALITPUR,-0.12456747404844506,-0.006854441410571651,0.006803813659526555,0.02712802768166125,-270591.06856412033,-0.043682636466920007,-0.22145328719723184,0.13588619761630144,6203252
162,09,UTTAR PRADESH,LUCKNOW,-0.19291041906954975,-0.004498881545680777,0.006811732403913339,0.022206843521721004,-192373.1567916683,-0.06082293346522206,-0.2761399461745483,0.11909265667051133,3170059
165,09,UTTAR PRADESH,MAHOBA,-0.11374086889657431,0.006809214889798879,0.015747789311802797,0.027128027681659762,-128680.10762017647,-0.03189476113900448,-0.24415224913494812,0.11374086889657825,4045255
166,09,UTTAR PRADESH,MAINPURI,-0.14769703960016387,-0.029773164167632742,-0.02220684352172082,-0.012056901191848636,-240877.20221792278,-0.070135517157518,-0.22145328719723184,0.08421376393694734,3441554
167,09,UTTAR PRADESH,MATHURA,-0.08421376393694899,0.04822760476738425,0.055363321799306926,0.06698961937717136,3019.422378727494,7.179502865009368E-4,-0.21413302575932336,0.13588619761630144,4213749
168,09,UTTAR PRADESH,MAU,-0.11909265667050867,-0.02220684352171764,-0.012056901191849075,-0.0026456794227596087,-115608.51141178914,-0.05362794246252414,-0.21413302575932336,0.07111111111111111,2161729
169,09,UTTAR PRADESH,MEERUT,-0.10340638216070588,0.004478160874775039,0.015747789311802804,0.029773164167629654,-96583.89468211062,-0.02919950247969361,-0.19986159169550174,0.13016532103037293,3314219
170,09,UTTAR PRADESH,MIRZAPUR,-0.10851211072664552,0.04158400615148127,0.06698961937716838,0.09356401384082394,-135839.6281834976,-0.024986450279758182,-0.2519646289888504,0.1929104190695886,5447558
171,09,UTTAR PRADESH,MORADABAD,-0.10851211072664611,-0.00885813148788871,8.879906782356374E-4,0.010396001537870273,-115958.13867290888,-0.04672727633709494,-0.2364628988850442,0.08882737408688965,2489342
172,09,UTTAR PRADESH,MUZAFFARNAGAR,-0.0935640138408254,-0.002651259992526633,0.006808020555716723,0.01993079584775158,-117844.7234384872,-0.03362386935421934,-0.22145328719723184,0.11374086889657825,3511799
173,09,UTTAR PRADESH,PILIBHIT,-0.17937716262980977,-0.00684117105029018,0.0068126987068143794,0.01777777777777839,-313420.3269061082,-0.0656011726905915,-0.2761399461745483,0.08421376393694734,4788939
174,09,UTTAR PRADESH,PRATAPGARH,-0.11909265667050999,-0.008858131487888861,8.868309091860948E-4,0.015747789311802856,-204142.15505270244,-0.04434531246328168,-0.21413302575932336,0.1085121107266436,4613609
175,09,UTTAR PRADESH,RAIBEARELI,-0.1245674740484469,-0.013840830449825982,-0.004505428107172075,0.008858131487889618,-246529.29473395395,-0.05045115294394316,-0.2519646289888504,0.10340638216070744,4896223
176,09,UTTAR PRADESH,RAMPUR,-0.12456747404843962,0.006816982316514455,0.015747789311802794,0.02460592079969148,-103560.60083592679,-0.03439026226950352,-0.2288965782391388,0.08421376393694734,3018922
177,09,UTTAR PRADESH,SAHARANPUR,-0.1358861976163133,-0.00684324500731508,0.006806121161440496,0.022206843521721854,-238374.3611111469,-0.04983705765932582,-0.24415224913494812,0.1929104190695886,4790695
659,09,UTTAR PRADESH,SAMBHAL,-0.11909265667052098,-0.0026559866818922522,0.006802170757266674,0.015747789311802818,-126024.08761897952,-0.040912821272218826,-0.22145328719723184,0.08882737408688965,3088314
178,09,UTTAR PRADESH,SANTKABIRNAGAR,-0.12456747404843824,-0.015747789311802787,-0.006859279489003309,0.0026324470053680905,-104935.45300482398,-0.05115900600160589,-0.24415224913494812,0.08421376393694734,2058853
180,09,UTTAR PRADESH,SHAHJAHANPUR,-0.11909265667050956,-0.0026537064684751858,0.006800164264628859,0.015747789311802825,-226255.48625735575,-0.041518380152470905,-0.2761399461745483,0.09842368319876971,5462736
660,09,UTTAR PRADESH,SHAMLI,-0.10851211072664212,-0.012056901191849096,-9.379974060109534E-4,0.012056901191849288,-70964.1349308501,-0.04382935167992403,-0.21413302575932336,0.10340638216070744,1623202
181,09,UTTAR PRADESH,SHRAWASTI,-0.17937716262981226,-0.006849770893378145,0.004472553085352337,0.015747789311802828,-143547.89623216953,-0.05899692429841152,-0.2599000384467512,0.08882737408688965,2439319
182,09,UTTAR PRADESH,SIDDHARTHNAGAR,-0.1358861976162985,-0.013840830449828359,-0.006864516369813631,0.0026248292363810037,-177093.02423362088,-0.048749425802535655,-0.24415224913494812,0.07535563244905807,3640380
183,09,UTTAR PRADESH,SITAPUR,-0.14173010380623807,-0.022206843521722117,-0.008858131487889925,0.0044721082985978355,-477362.07845978375,-0.06612350381399527,-0.24415224913494812,0.10340638216070744,7230057
184,09,UTTAR PRADESH,SONBHADRA,-0.15999999999995962,-0.008858131487889963,0.01039600153787026,0.035432525951558505,-502146.20059636864,-0.0595030575109527,-0.2519646289888504,0.17279507881584008,8450002
185,09,UTTAR PRADESH,SULTANPUR,-0.13016532103037187,-0.01574778931180324,-0.006860053377475545,0.0067895907963401335,-175450.34985882256,-0.052735333173502215,-0.24415224913494812,0.1085121107266436,3335749
186,09,UTTAR PRADESH,UNNAO,-0.17279507881584946,-0.010396001537870314,8.910210664084456E-4,0.013840830449826962,-320264.41441476427,-0.05616770414187404,-0.2761399461745483,0.1085121107266436,5712341
187,09,UTTAR PRADESH,VARANASI,-0.11374086889657596,-0.019930795847753792,-0.010396001537870282,8.815735061280047E-4,-94261.34184552956,-0.04977842188205694,-0.22145328719723184,0.09842368319876971,1899363
120,09,UTTAR PRADESH,PRAYAGRAJ,-0.09842368319876824,0.0103960015378703,0.03543252595155872,0.0753556324490541,-201452.4243325225,-0.029820617278076746,-0.2364628988850442,0.1929104190695886,6766620
164,09,UTTAR PRADESH,MAHARAJGANJ,-0.19986159169548443,-0.03543252595156253,-0.027128027681664196,-0.017777777777778885,-303812.17976329674,-0.08226575962324548,-0.31009611687812383,0.06698961937716265,3700747
045,05,UTTARAKHAND,ALMORA,-0.13588619761630585,0.10340638216071427,0.13588619761629717,0.16633602460592442,-34159.48921846665,-0.008460593351454283,-0.2679584775086506,0.29287197231833906,4045433
046,05,UTTARAKHAND,BAGESHWAR,-0.12456747404844294,0.19291041906960324,0.23646289888505975,0.28444444444445877,146517.0887398299,0.05093544521564859,-0.2599000384467512,0.4340484429065744,2883079
048,05,UTTARAKHAND,CHAMPAWAT,-0.14769703960015695,0.09842368319876835,0.13016532103036907,0.15378700499808143,-44069.98075612659,-0.01949426369621575,-0.2761399461745483,0.2599000384467512,2266165
049,05,UTTARAKHAND,DEHRADUN,-0.1663360246059248,0.08882737408688647,0.1358861976162966,0.17937716262975326,-157991.37213988928,-0.03941746471856857,-0.34602076124567477,0.34602076124567477,4018513
050,05,UTTARAKHAND,HARIDWAR,-0.15378700499808734,8.952464318491272E-4,0.01384083044982701,0.027128027681660616,-150795.2317490819,-0.0512044341741842,-0.2761399461745483,0.17937716262975778,2950783
051,05,UTTARAKHAND,NAINITAL,-0.17279507881584866,0.06698961937716669,0.11374086889657355,0.15378700499808468,-239968.62945924897,-0.04702571081849578,-0.2679584775086506,0.31009611687812383,5111706
052,05,UTTARAKHAND,PAURI GARHWAL,-0.15378700499807074,0.09842368319877226,0.13016532103037332,0.16633602460592478,-149279.77280978297,-0.0219876330480463,-0.28444444444444444,0.33685505574778934,6797764
054,05,UTTARAKHAND,RUDRAPRAYAG,-0.1301653210303795,0.21413302575930296,0.25196462898884475,0.30142252979621587,169727.14127560976,0.06600405073850467,-0.31009611687812383,0.4340484429065744,2576527
055,05,UTTARAKHAND,TEHRI GARHWAL,-0.15378700499808412,0.16633602460591615,0.19986159169548795,0.24415224913493982,103665.36759308982,0.020510853749104167,-0.3014225297962323,0.40359861591695495,5065420
056,05,UTTARAKHAND,UDHAM SINGH NAGAR,-0.1793771626297518,0.010396001537870306,0.01993079584775318,0.03254133025759437,-183576.5634432089,-0.05389489541445162,-0.2761399461745483,0.07972318339100345,3417188
047,05,UTTARAKHAND,CHAMOLI,-0.10851211072665287,0.24415224913494565,0.27613994617457,0.3188927335640515,1110426.5191938162,0.1097337926829593,-0.31009611687812383,0.4340484429065744,10130102
053,05,UTTARAKHAND,PITHORAGARH,-0.10851211072664901,0.2519646289889076,0.2844444444444763,0.31889273356405407,972835.5037254625,0.10436701977373536,-0.29287197231833906,0.4340484429065744,9333695
057,05,UTTARAKHAND,UTTARKASHI,-0.1476970396001643,0.2364628988850075,0.2679584775086863,0.3014225297961882,1021887.8592441496,0.09847198532130122,-0.3188927335640138,0.42377547097270285,10391325
664,19,WEST BENGAL,ALIPUR DUAR,-0.18608227604770128,-0.02977316416762884,-0.012056901191848967,0.013840830449826924,-327634.1966502479,-0.09380731237990553,-0.2599000384467512,0.2364628988850442,3499191
305,19,WEST BENGAL,BANKURA,-0.13016532103036532,-0.0026544983519339706,0.01384083044982677,0.03254133025759305,-432663.1796566705,-0.05176495899292911,-0.22145328719723184,0.12456747404844293,8367774
306,19,WEST BENGAL,PURBA BARDDHAMAN,-0.13016532103037454,-0.022206843521719456,-0.012056901191848868,-9.439416853078775E-4,-367616.47050522786,-0.058033430243255316,-0.2288965782391388,0.09356401384083046,6345416
307,19,WEST BENGAL,BIRBHUM,-0.12456747404845178,-0.012056901191849104,0.004482067498759446,0.027128027681661036,-287178.3124794221,-0.05168856996691872,-0.21413302575932336,0.11374086889657825,5568338
310,19,WEST BENGAL,DAKSHIN DINAJPUR,-0.14173010380623302,-0.024605920799691497,-0.013840830449827321,-0.004506253557694325,-190312.97064316185,-0.06896004939077621,-0.2364628988850442,0.07972318339100345,2766684
309,19,WEST BENGAL,DARJILING,-0.16000000000000095,0.05536332179930555,0.09842368319876953,0.1417301038062334,-126025.4466148703,-0.049152802238285616,-0.3188927335640138,0.34602076124567477,2570580
317,19,WEST BENGAL,PURBA MEDINIPUR,-0.15378700499807313,-0.048227604767392976,-0.03543252595155693,-0.019930795847751197,-437355.2586827418,-0.09175040648019976,-0.2519646289888504,0.08421376393694734,4774369
313,19,WEST BENGAL,HAORA,-0.14769703960015826,-0.029773164167629904,-0.01384083044982753,0.0026360525242510925,-141864.7511913646,-0.07994514427142678,-0.22145328719723184,0.08421376393694734,1779421
312,19,WEST BENGAL,HUGLI,-0.14769703960015648,-0.03254133025758965,-0.024605920799692278,-0.010396001537870216,-270180.45461175195,-0.07070174768232886,-0.24415224913494812,0.1085121107266436,3830421
314,19,WEST BENGAL,JALPAIGURI,-0.17937716262980827,-0.03844675124952179,-0.024605920799691806,-0.006847724560923466,-408921.90529572626,-0.09546200299513447,-0.24415224913494812,0.13016532103037293,4291724
308,19,WEST BENGAL,KOCH BIHAR,-0.14173010380623952,-0.03254133025758823,-0.02460592079969256,-0.010396001537870212,-299529.93957132316,-0.0713893878666386,-0.2364628988850442,0.1085121107266436,4209471
315,19,WEST BENGAL,KOLKATA,-0.13588619761630522,0.019930795847751245,0.027128027681661896,0.03543252595155653,-4137.82623527913,-0.018472288495348696,-0.17937716262975778,0.10340638216070744,225875
316,19,WEST BENGAL,MALDAH,-0.14769703960016772,-0.027128027681662104,-0.010396001537870273,0.006814086990242977,-336673.7162676956,-0.07610644742402453,-0.2288965782391388,0.08882737408688965,4432769
319,19,WEST BENGAL,MURSHIDABAD,-0.1358861976163011,-0.010396001537870007,8.921395585003289E-4,0.010396001537870264,-340953.27047183603,-0.05211763666921402,-0.2288965782391388,0.11909265667051133,6553296
320,19,WEST BENGAL,NADIA,-0.1537870049980852,-0.019930795847753487,-0.010396001537870295,8.872359050086545E-4,-328727.68664575554,-0.0693489925127735,-0.24415224913494812,0.07535563244905807,4752532
303,19,WEST BENGAL,NORTH TWENTY-FOUR PARGANAS,-0.16000000000001158,-0.029773164167630397,-0.013840830449826737,8.933022110042048E-4,-402403.1509302017,-0.08300889626811991,-0.24415224913494812,0.09356401384083046,4858451
318,19,WEST BENGAL,PASCHIM MEDINIPUR,-0.1537870049980818,-0.01574778931180279,-9.454007457818475E-4,0.01777777777777813,-504157.020821707,-0.06652127187626851,-0.2364628988850442,0.14173010380622836,7589470
321,19,WEST BENGAL,PURULIYA,-0.1190926566705242,0.0068132400170131955,0.024605920799692593,0.04484429065743937,-344929.17177247914,-0.04536473303331021,-0.21413302575932336,0.17937716262975778,7614827
304,19,WEST BENGAL,SOUTH TWENTY-FOUR PARGANAS,-0.15378700499805079,-0.04484429065745355,-0.03254133025759036,-0.019930795847751856,-788594.2034113996,-0.0853800156892316,-0.2364628988850442,0.1085121107266436,9269362
311,19,WEST BENGAL,UTTAR DINAJPUR,-0.14173010380623396,-0.02460592079968997,-0.0157477893118028,-0.006874661068629809,-262718.7948638256,-0.06755452746278402,-0.2288965782391388,0.07111111111111111,3902218
703,19,WEST BENGAL,JHARGRAM,-0.13016532103037204,-0.004498018655071576,0.015747789311802835,0.038446751249520225,-213373.56265693312,-0.0570214584913719,-0.2069357939254133,0.13588619761630144,3751531
704,19,WEST BENGAL,PASCHIM BARDDHAMAN,-0.1190926566705063,0.01777777777777933,0.029773164167629308,0.04158400615148118,-77567.70733265502,-0.03517859501485657,-0.19986159169550174,0.11374086889657825,2210746
702,19,WEST BENGAL,KALIMPONG,-0.16633602460592442,0.07111111111111712,0.10340638216071055,0.14173010380623943,-58335.75957745221,-0.04261051447310787,-0.31009611687812383,0.2679584775086506,1372509
