di_code,st_code,state23,dist23,A54_p2,A54_p90,A54_p95,A54_p98,A54_sum,A54_mean,A54_min,A54_max,A54_count
603,35,ANDAMAN & NICOBAR,NICOBAR,0.004523363991323338,0.16633602460592498,0.19291041906958567,0.2141330257593276,184167.46169125437,0.09180677805831185,-0.09356401384083046,0.34602076124567477,2020602
632,35,ANDAMAN & NICOBAR,NORTH & MIDDLE ANDAMAN,0.006851274842254001,0.18608227604770214,0.21413302575933077,0.23646289888505628,420763.0956580461,0.10590608040192366,-0.1085121107266436,0.3553094963475586,4003957
602,35,ANDAMAN & NICOBAR,SOUTH ANDAMAN,0.013840830449826876,0.17937716262978284,0.2069357939253956,0.23646289888505465,298316.3604413472,0.10309172134921597,-0.08882737408688965,0.3553094963475586,2916597
502,28,ANDHRA PRADESH,ANANTAPUR,0.06698961937716776,0.1860822760476082,0.19986159169548273,0.21413302575928014,3192951.684862476,0.1425322621610664,-0.041584006151480196,0.3014225297962323,22430270
503,28,ANDHRA PRADESH,CHITTOOR,0.019930795847751342,0.2214532871972474,0.25196462898892663,0.28444444444431877,2472542.6737685753,0.14337275939122582,-0.08882737408688965,0.37425605536332185,17269415
504,28,ANDHRA PRADESH,Y S R KADAPA,0.041584006151481216,0.19986159169550252,0.2214532871972585,0.23646289888503405,2438010.299584322,0.13766905199031776,-0.08421376393694734,0.33685505574778934,17724326
505,28,ANDHRA PRADESH,EAST GODAVARI,0.038446751249521044,0.2761399461743577,0.2928719723183988,0.30142252979621814,2927977.053321058,0.19371509201709172,-0.07535563244905807,0.39369473279507883,15133939
506,28,ANDHRA PRADESH,GUNTUR,0.06299115724721122,0.2599000384469171,0.26795847750836094,0.28444444444440214,2633371.57597382,0.19834636563651187,-0.04822760476739715,0.34602076124567477,13291974
510,28,ANDHRA PRADESH,KRISHNA,0.059115724721261156,0.27613994617436544,0.28444444444450573,0.292871972318335,2129060.4780673664,0.20853345078051072,-0.09842368319876971,0.3553094963475586,10225813
511,28,ANDHRA PRADESH,KURNOOL,0.055363321799302555,0.2069357939253741,0.221453287197231,0.24415224913510333,3031456.5755112786,0.15030285537917973,-0.0629911572472126,0.3188927335640138,20185908
515,28,ANDHRA PRADESH,POTTI SRIRAMULU NELLORE,0.04484429065744065,0.2844444444443037,0.30142252979609996,0.31889273356399633,2720293.3814876326,0.17837291912568565,-0.11909265667051133,0.37425605536332185,15263341
517,28,ANDHRA PRADESH,PRAKASAM,0.04158400615148124,0.2364628988850618,0.25196462898905075,0.27613994617449156,3235553.8044316075,0.15828597240248565,-0.07111111111111111,0.36472126105344094,20457221
519,28,ANDHRA PRADESH,SRIKAKULAM,0.0629911572472113,0.276139946174373,0.2844444444443871,0.2928719723183896,1455632.361164052,0.21151770119037389,-0.0629911572472126,0.3553094963475586,6895077
520,28,ANDHRA PRADESH,VISAKHAPATNAM,0.019930795847751388,0.2599000384468711,0.2844444444442874,0.29287197231841255,2347476.3728889516,0.17267996587145834,-0.09356401384083046,0.3839138792772011,13613577
521,28,ANDHRA PRADESH,VIZIANAGARAM,0.05911572472126299,0.28444444444420985,0.292871972318454,0.3100961168781716,1538404.5649213414,0.21247065116339886,-0.07972318339100345,0.3839138792772011,7256513
523,28,ANDHRA PRADESH,WEST GODAVARI,0.059115724721263196,0.27613994617437426,0.2928719723184568,0.3014225297962738,2015341.701434433,0.20734615131088568,-0.0629911572472126,0.3839138792772011,9731922
628,12,ARUNACHAL PRADESH,ANJAW,0.044844290657439126,0.27613994617449034,0.30142252979621126,0.31889273356405295,1371969.264806641,0.1804547629809469,-0.1085121107266436,0.41362552864282975,7611073
229,12,ARUNACHAL PRADESH,CHANGLANG,0.037060066046023965,0.2441522491349259,0.26795847750868246,0.2928719723183496,985002.8228403132,0.1584790512613024,-0.09842368319876971,0.40359861591695495,6227191
230,12,ARUNACHAL PRADESH,DIBANG VALLEY,0.051733948481348484,0.28444444444444394,0.31009611687813593,0.3278123798538971,2280628.817386355,0.1870165795261408,-0.07111111111111111,0.42377547097270285,12207130
231,12,ARUNACHAL PRADESH,EAST KAMENG,0.04484429065743808,0.2928719723183571,0.31889273356406794,0.33685505574780933,1028503.7498753314,0.18530940284444813,-0.0629911572472126,0.42377547097270285,5558425
233,12,ARUNACHAL PRADESH,KURUNG KUMEY,0.05173394848135143,0.29287197231837125,0.31889273356404924,0.3368550557478243,1068270.660330391,0.19028493742934272,-0.05173394848135333,0.4340484429065744,5621269
234,12,ARUNACHAL PRADESH,LOHIT,0.022206843521722322,0.2519646289888661,0.2761399461745407,0.3014225297962013,588891.3884486554,0.152737183535992,-0.08882737408688965,0.40359861591695495,3863405
235,12,ARUNACHAL PRADESH,LOWER DIBANG VALLEY,0.03254133025759286,0.2599000384467617,0.2928719723183106,0.3188927335640488,755951.603474241,0.16861717454590555,-0.08882737408688965,0.42377547097270285,4491587
237,12,ARUNACHAL PRADESH,PAPUMPARE,0.02712802768166188,0.26795847750869595,0.29287197231832757,0.31889273356403397,680190.749881053,0.15727185154256235,-0.0629911572472126,0.42377547097270285,4333778
238,12,ARUNACHAL PRADESH,TAWANG,0.024605920799691636,0.2761399461745249,0.3014225297962513,0.31889273356406117,509281.59685314406,0.16461239309013595,-0.08421376393694734,0.40359861591695495,3100277
239,12,ARUNACHAL PRADESH,TIRAP,0.03543252595155839,0.25990003844674453,0.28444444444447065,0.30142252979620754,241053.0738699888,0.16386389411918562,-0.044844290657439445,0.40359861591695495,1474824
240,12,ARUNACHAL PRADESH,UPPER SIANG,0.037069534445489105,0.28444444444448014,0.30142252979618844,0.32781237985390765,1510051.1930137435,0.17702249587560626,-0.08882737408688965,0.4340484429065744,8540336
241,12,ARUNACHAL PRADESH,UPPER SUBANSIRI,0.037047848157009775,0.284444444444481,0.30142252979619183,0.32781237985391465,1461352.707306602,0.1779935508529605,-0.08421376393694734,0.42377547097270285,8220067
242,12,ARUNACHAL PRADESH,WEST KAMENG,0.013008939510621627,0.25196462898885846,0.27613994617454046,0.3014225297961993,903550.5161067293,0.14641206665194928,-0.1085121107266436,0.41362552864282975,6178998
719,12,ARUNACHAL PRADESH,LOWER SIANG,0.03254133025759358,0.28444444444447337,0.3100961168781257,0.33685505574779107,392998.73531322886,0.17192653149139317,-0.041584006151480196,0.4444444444444444,2292082
236,12,ARUNACHAL PRADESH,LOWER SUBANSIRI,0.03254133025759284,0.26795847750868906,0.2928719723183609,0.31889273356401726,389629.3186135291,0.1593922166184208,-0.08421376393694734,0.42377547097270285,2449933
679,12,ARUNACHAL PRADESH,SIANG,0.032541330257592836,0.276139946174514,0.3100961168781012,0.3368550557478094,741689.5225876234,0.16951136459139807,-0.08882737408688965,0.4340484429065744,4383418
243,12,ARUNACHAL PRADESH,WEST SIANG,0.013840830449826654,0.25990003844674564,0.2844444444444752,0.3100961168781264,250819.64558353918,0.1487041099271895,-0.0629911572472126,0.41362552864282975,1691102
725,12,ARUNACHAL PRADESH,SHI YOMI,0.03254133025759299,0.2519646289888493,0.2761399461745336,0.29287197231835915,521991.47013272415,0.15689498610516625,-0.07972318339100345,0.39369473279507883,3331997
724,12,ARUNACHAL PRADESH,LEPA RADA,0.02460592079969261,0.28444444444447275,0.31009611687809646,0.33685505574777486,165141.48147802558,0.1706391392902362,-0.05536332179930796,0.4340484429065744,970650
723,12,ARUNACHAL PRADESH,PAKKE KESSANG,0.048227604767394475,0.2761399461745704,0.2928719723183208,0.3188927335640333,421486.2488728153,0.1761085243037064,-0.029773164167627833,0.41362552864282975,2399368
677,12,ARUNACHAL PRADESH,KRA DAADI,0.044844290657438224,0.2844444444444747,0.3100961168780869,0.3368550557477813,394230.02104583714,0.17724690265699544,-0.06698961937716265,0.41362552864282975,2229870
678,12,ARUNACHAL PRADESH,NAMSAI,0.027128027681660057,0.2069357939253777,0.21413302575926066,0.22889657823912118,245860.3053793028,0.1454608228278072,-0.05173394848135333,0.3553094963475586,1693784
718,12,ARUNACHAL PRADESH,KAMLE,0.03254133025759264,0.29287197231832496,0.318892733564051,0.3460207612456594,296368.7362587104,0.170553921887554,-0.07111111111111111,0.42377547097270285,1742339
232,12,ARUNACHAL PRADESH,EAST SIANG,0.051733948481353736,0.236462898885007,0.25990003844675313,0.30142252979621376,353168.0008604699,0.16635868768838177,-0.07972318339100345,0.4444444444444444,2127307
666,12,ARUNACHAL PRADESH,LONGDING,0.024605920799693023,0.25196462898884453,0.27613994617454857,0.3014225297962133,177965.08540394262,0.15201780019763486,-0.041584006151480196,0.40359861591695495,1174145
616,18,ASSAM,BAKSA,0.10340638216072123,0.2599000384468805,0.26795847750870666,0.2761399461745394,620132.7043370015,0.20360375903945052,-0.0015378700499807767,0.33685505574778934,3055457
280,18,ASSAM,BARPETA,0.13016532103037484,0.25990003844692966,0.2679584775087123,0.27613994617455623,612095.1209159368,0.21474728784867825,0.04822760476739715,0.33685505574778934,2859045
705,18,ASSAM,BISWANATH,0.12456747404844075,0.2519646289890316,0.25990003844685344,0.26795847750870283,562224.0398905171,0.20261094001231347,-0.017777777777777778,0.34602076124567477,2780367
281,18,ASSAM,BONGAIGAON,0.04822760476739671,0.2599000384468424,0.26795847750870055,0.276139946174573,279427.8179685865,0.20080645094396601,-0.05173394848135333,0.37425605536332185,1397646
282,18,ASSAM,CACHAR,0.016832427030949875,0.24415224913513228,0.25990003844683096,0.27613994617454835,767135.65725684,0.16491903212395934,-0.07111111111111111,0.4340484429065744,4659875
708,18,ASSAM,CHARAIDEO,0.07111111111110929,0.2519646289890251,0.2599000384468263,0.26795847750869356,253734.30794735922,0.1999845844955472,-0.03543252595155709,0.36472126105344094,1273387
612,18,ASSAM,CHIRANG,0.0935640138408361,0.24415224913506384,0.25990003844682474,0.26795847750868595,442781.5418562049,0.18540793193979227,-0.022206843521722412,0.33685505574778934,2393821
283,18,ASSAM,DARRANG,0.13016532103037418,0.2679584775087079,0.2679584775087079,0.28444444444447103,428800.4230579231,0.21730125443112597,0.003014225297962322,0.37425605536332185,1980527
284,18,ASSAM,DHEMAJI,0.10851211072664524,0.25196462898906685,0.2599000384468828,0.26795847750869844,650785.1000316824,0.20859702993268128,-0.022206843521722412,0.40359861591695495,3127982
285,18,ASSAM,DHUBRI,0.14173010380623285,0.2679584775087114,0.2761399461744902,0.28444444444447486,469591.69074745063,0.22765822091066434,0.03543252595155709,0.34602076124567477,2073149
286,18,ASSAM,DIBRUGARH,0.11374086889657349,0.24415224913518663,0.25196462898906924,0.25990003844684845,811466.2326762376,0.1911320235131388,-0.002214532871972318,0.36472126105344094,4254504
299,18,ASSAM,DIMA HASAO,-0.002636801416954162,0.19986159169548443,0.22889657823912568,0.25990003844676374,653388.1242489516,0.10832952125810341,-0.07972318339100345,0.39369473279507883,6041285
287,18,ASSAM,GOALPARA,0.08882737408688965,0.26795847750870433,0.2761399461745637,0.28444444444447037,516851.50804877747,0.21284969084200342,-0.03254133025759323,0.36472126105344094,2434900
288,18,ASSAM,GOLAGHAT,0.11909265667051117,0.25196462898907873,0.25990003844686244,0.2679584775086986,822464.4933327916,0.20465383538128684,-9.84236831987697E-4,0.3553094963475586,4029611
289,18,ASSAM,HAILAKANDI,0.01574778931180289,0.2519646289889854,0.2679584775086944,0.27613994617455273,280042.4383574037,0.1717798358160593,-0.08421376393694734,0.3839138792772011,1635070
709,18,ASSAM,HOJAI,0.048227604767394426,0.2599000384469007,0.2679584775087049,0.2761399461745329,351918.5011200972,0.19476744892839978,-0.05173394848135333,0.34602076124567477,1811736
290,18,ASSAM,JORHAT,0.059115724721263224,0.2599000384469131,0.2679584775087114,0.2844444444444722,475228.80006587115,0.20399174710478649,-0.041584006151480196,0.34602076124567477,2335717
618,18,ASSAM,KAMRUP METRO,0.03844675124951909,0.2599000384468766,0.27613994617451226,0.29287197231835904,224535.77447927036,0.1858632846606304,-0.029773164167627833,0.3839138792772011,1212134
291,18,ASSAM,KAMRUP RURAL,0.06299115724721131,0.25990003844690535,0.26795847750871005,0.2844444444444707,807657.2931908177,0.2080863084590021,-0.03543252595155709,0.3839138792772011,3891403
292,18,ASSAM,KARBI ANGLONG,0.008858131487889647,0.2288965782391014,0.24415224913507977,0.2599000384468938,1175895.1103127196,0.12914370631749944,-0.07972318339100345,0.3839138792772011,9120022
293,18,ASSAM,KARIMGANJ,0.051733948481354375,0.2599000384468534,0.26795847750870033,0.27613994617453425,421981.18566032493,0.18967998479901751,-0.05536332179930796,0.3553094963475586,2229526
294,18,ASSAM,KOKRAJHAR,0.10340638216070382,0.251964628988873,0.2599000384469072,0.26795847750869906,748365.2018122049,0.19331100274682333,-0.01574778931180315,0.36472126105344094,3879174
295,18,ASSAM,LAKHIMPUR,0.11374086889657443,0.2599000384469059,0.2679584775087086,0.2761399461745282,794795.3762004494,0.21158472865460945,-0.024605920799692427,0.39369473279507883,3763908
706,18,ASSAM,MAJULI,0.11909265667050754,0.24415224913510503,0.2599000384468648,0.26795847750869917,306156.1533950073,0.1926136277798646,0.041584006151480196,0.33685505574778934,1595085
296,18,ASSAM,MARIGAON,0.0842137639369503,0.2599000384469005,0.2679584775087088,0.2761399461745763,401983.03052315087,0.21377960276889188,-0.03543252595155709,0.37425605536332185,1884753
297,18,ASSAM,NAGAON,0.10851211072664732,0.2599000384469074,0.2679584775087036,0.2761399461745208,683164.5116357447,0.21281306202364036,-0.019930795847750864,0.37425605536332185,3221993
298,18,ASSAM,NALBARI,0.13588619761630175,0.2679584775087112,0.2761399461745046,0.2761399461745046,288244.09567433083,0.22140917417967487,0.05173394848135333,0.3278123798539023,1306375
300,18,ASSAM,SIBSAGAR,0.08882737408688966,0.2519646289890544,0.25990003844685755,0.276139946174551,424866.8009693154,0.2082049666337822,-0.03543252595155709,0.3553094963475586,2046198
301,18,ASSAM,SONITPUR,0.1085121107266434,0.24415224913517738,0.2519646289890921,0.2599000384468777,719339.7001535065,0.19156122484646437,-0.019930795847750864,0.34602076124567477,3761187
707,18,ASSAM,SOUTH SALMARA MANCACHAR,0.13588619761630102,0.2761399461744753,0.284444444444475,0.2928719723182993,156771.48023837828,0.2254584399061039,0.05173394848135333,0.3553094963475586,699403
302,18,ASSAM,TINSUKIA,0.10340638216070695,0.23646289888510622,0.24415224913506875,0.25990003844675214,880214.7747939706,0.18349810038165157,-0.024605920799692427,0.40359861591695495,4805197
617,18,ASSAM,UDALGURI,0.10851211072664715,0.25196462898902555,0.25990003844681,0.25990003844681,501648.76795316295,0.1993663491777564,-0.024605920799692427,0.3278123798539023,2524545
710,18,ASSAM,WEST KARBI ANGLONG,0.02977316416762782,0.2364628988850579,0.2519646289888992,0.2679584775086787,579753.9491045296,0.15215534710827344,-0.041584006151480196,0.39369473279507883,3818912
188,10,BIHAR,ARARIA,0.16000000000000958,0.2679584775085282,0.27613994617441506,0.2844444444443122,822716.7212353332,0.2371499731220119,0.05173394848135333,0.33685505574778934,3476505
611,10,BIHAR,ARWAL,0.15378700499807968,0.2519646289890153,0.2519646289890153,0.2599000384467667,177726.62499328118,0.22597741137480917,0.0271280276816609,0.3188927335640138,790200
189,10,BIHAR,AURANGABAD,0.11374086889657493,0.25196462898889127,0.2599000384468757,0.2599000384468757,899566.6777215637,0.2213470317356111,0.008858131487889272,0.3278123798539023,4071463
190,10,BIHAR,BANKA,0.10851211072664754,0.25990003844694765,0.25990003844694765,0.2679584775087081,783363.4733809481,0.2105066912103091,-0.022206843521722412,0.3188927335640138,3727975
191,10,BIHAR,BEGUSARAI,0.11909265667050938,0.2599000384469387,0.2679584775087109,0.27613994617457055,527158.0327228116,0.22167593110205175,0.03254133025759323,0.3188927335640138,2385201
200,10,BIHAR,KAIMUR,0.05536332179930546,0.23646289888485042,0.2441522491351584,0.2519646289889797,752273.0179843155,0.1813309491251721,-0.04822760476739715,0.3278123798539023,4155971
192,10,BIHAR,BHAGALPUR,0.14173010380621653,0.2761399461743756,0.28444444444431255,0.2928719723184197,731806.4319249784,0.23199102889488327,0.03543252595155709,0.3553094963475586,3161985
193,10,BIHAR,BHOJPUR,0.14173010380623144,0.23646289888483368,0.24415224913513806,0.2519646289889537,630985.2341458879,0.21365069136249154,0.017777777777777778,0.31009611687812383,2959033
194,10,BIHAR,BUXAR,0.14769703960015423,0.2364628988849173,0.24415224913511469,0.2519646289888768,454034.9715382562,0.21597724320692607,0.0271280276816609,0.31009611687812383,2107650
195,10,BIHAR,DARBHANGA,0.14769703960015731,0.27613994617434745,0.28444444444432676,0.29287197231831086,748861.2481196233,0.2394818339541759,0.044844290657439445,0.33685505574778934,3135810
196,10,BIHAR,GAYA,0.09356401384082476,0.2441522491352273,0.2519646289889147,0.25990003844687976,1267721.7017350467,0.2077254088194623,-0.007443291041906958,0.33685505574778934,6114662
197,10,BIHAR,GOPALGANJ,0.1417301038062329,0.25990003844696097,0.25990003844696097,0.26795847750870694,575559.161109551,0.22688997905713326,-0.003936947327950788,0.3188927335640138,2543564
199,10,BIHAR,JAHANABAD,0.16000000000000153,0.2519646289889827,0.2519646289889827,0.25990003844675824,259855.86998916464,0.22490255858701885,0.0271280276816609,0.3278123798539023,1159636
198,10,BIHAR,JAMUI,0.0629911572472114,0.251964628988773,0.25990003844689047,0.26795847750869306,730155.7640501707,0.19157013350677726,-0.044844290657439445,0.3188927335640138,3819342
201,10,BIHAR,KATIHAR,0.14769703960016334,0.28444444444441297,0.29287197231815054,0.3014225297961327,939416.9426233635,0.24953065305246064,0.04822760476739715,0.36472126105344094,3773694
202,10,BIHAR,KHAGARIA,0.1417301038062309,0.26795847750871127,0.26795847750871127,0.2761399461745266,428292.60903125233,0.23209845364605838,0.044844290657439445,0.33685505574778934,1851170
203,10,BIHAR,KISHANGANJ,0.15999999999999578,0.2679584775085957,0.2761399461744361,0.28444444444447814,566599.063507494,0.23598448438594613,0.06698961937716265,0.34602076124567477,2408235
204,10,BIHAR,LAKHISARAI,0.048227604767393045,0.2441522491351905,0.2519646289889909,0.2519646289889909,305468.078094045,0.20297256715460085,-0.03254133025759323,0.31009611687812383,1509373
205,10,BIHAR,MADHEPURA,0.1537870049980818,0.26795847750850693,0.27613994617444515,0.27613994617444515,519505.7955185514,0.23185663444196114,0.041584006151480196,0.3278123798539023,2247230
206,10,BIHAR,MADHUBANI,0.1537870049980844,0.284444444444265,0.284444444444265,0.2928719723183941,1060568.2105811667,0.24315444397937644,0.04822760476739715,0.34602076124567477,4370352
207,10,BIHAR,MUNGER,0.0415840061514811,0.24415224913521827,0.2519646289890792,0.2599000384468237,329872.90677806514,0.1894499897116083,-0.041584006151480196,0.3188927335640138,1746408
208,10,BIHAR,MUZAFFARPUR,0.14769703960015984,0.2679584775086429,0.27613994617443277,0.28444444444445405,903479.1449522946,0.22868547979527606,0.044844290657439445,0.3553094963475586,3958875
209,10,BIHAR,NALANDA,0.13588619761629828,0.24415224913517758,0.24415224913517758,0.2519646289890344,628457.302766386,0.21509076093273422,-0.01384083044982699,0.3188927335640138,2929383
210,10,BIHAR,NAWADA,0.07535563244905925,0.24415224913517683,0.24415224913517683,0.2519646289889663,613478.9418292068,0.20024049725083007,-0.0271280276816609,0.3188927335640138,3071041
211,10,BIHAR,PASHCHIMI CHAMPARAN,0.10851211072664291,0.2519646289887831,0.2599000384469376,0.2679584775085461,1344872.3148567565,0.2052980754301865,-0.022206843521722412,0.3839138792772011,6560379
212,10,BIHAR,PATNA,0.12456747404843958,0.2441522491352403,0.2519646289889706,0.2599000384468203,847784.9128092478,0.21473129541963465,0.019930795847750864,0.3188927335640138,3959090
213,10,BIHAR,PURBI CHAMPARAN,0.14173010380623727,0.26795847750841384,0.2761399461743924,0.2844444444443144,1145398.4829769784,0.2310369616416101,-0.007443291041906958,0.34602076124567477,4966698
214,10,BIHAR,PURNIA,0.1663360246059248,0.2679584775085004,0.27613994617446247,0.28444444444446426,946960.5355543275,0.2366088806792925,0.041584006151480196,0.33685505574778934,4010639
215,10,BIHAR,ROHTAS,0.05911572472126471,0.2364628988850801,0.2364628988850801,0.24415224913502034,895729.2476006192,0.18913580719322315,-0.0629911572472126,0.31009611687812383,4743839
216,10,BIHAR,SAHARSA,0.15378700499808243,0.2761399461744149,0.2761399461744149,0.28444444444442274,491543.7789232936,0.23774224038939124,0.0629911572472126,0.33685505574778934,2073256
217,10,BIHAR,SAMASTIPUR,0.1358861976163001,0.25990003844696175,0.26795847750871526,0.27613994617448845,746275.1955121955,0.2253079231073401,0.03543252595155709,0.33685505574778934,3321029
218,10,BIHAR,SARAN,0.1301653210303731,0.25196462898904287,0.25990003844680815,0.2679584775086877,716333.1434252998,0.21865569648940789,0.008858131487889272,0.3278123798539023,3282541
219,10,BIHAR,SHEIKHPURA,0.1663360246059245,0.24415224913519315,0.25196462898896793,0.2599000384467488,187877.59154607976,0.22461974733792153,0.03543252595155709,0.31009611687812383,840498
220,10,BIHAR,SHEOHAR,0.14769703960015715,0.2679584775086997,0.2761399461745779,0.28444444444446454,128926.02246096,0.23285293715254515,0.029773164167627833,0.33685505574778934,556991
221,10,BIHAR,SITAMARHI,0.15999999999999712,0.27613994617433285,0.2844444444443164,0.2928719723183555,662744.3634699703,0.2425897170076031,0.04822760476739715,0.3553094963475586,2739355
222,10,BIHAR,SIWAN,0.15999999999999545,0.25196462898865923,0.25990003844693704,0.26795847750870244,629381.0318956687,0.22799766085621304,0.029773164167627833,0.3188927335640138,2766570
223,10,BIHAR,SUPAUL,0.14173010380623674,0.2761399461743514,0.28444444444420713,0.29287197231835976,716722.8662998601,0.23794998414604576,0.04822760476739715,0.33685505574778934,3018897
224,10,BIHAR,VAISHALI,0.11909265667051423,0.2519646289890927,0.2599000384468334,0.2599000384468334,535780.2988733387,0.2122267993263467,0.017777777777777778,0.31009611687812383,2529599
044,04,CHANDIGARH,CHANDIGARH,-0.03254133025759334,0.09842368319877205,0.10851211072664653,0.12456747404844247,7509.145283305843,0.05048379841364116,-0.09842368319876971,0.2069357939254133,150026
646,22,CHHATTISGARH,BALOD,0.10340638216072093,0.2519646289890076,0.25990003844684745,0.2679584775086901,812437.1741207337,0.20195148507511615,0.01574778931180315,0.3278123798539023,4030747
644,22,CHHATTISGARH,BALODA BAZAR,0.09842368319876998,0.2441522491351889,0.2519646289889723,0.2599000384468551,1123052.6482876854,0.2003827731642107,-0.007443291041906958,0.3188927335640138,5614038
649,22,CHHATTISGARH,BALRAMPUR,0.08882737408688837,0.23646289888507124,0.25196462898890465,0.2599000384467568,1371388.0838660116,0.17955547892831447,-0.007443291041906958,0.33685505574778934,7650578
374,22,CHHATTISGARH,BASTAR,0.09842368319876503,0.24415224913513156,0.2599000384468629,0.26795847750869795,1181600.826990961,0.185142265826185,-0.019930795847750864,0.34602076124567477,6393305
650,22,CHHATTISGARH,BEMETARA,0.16000000000000295,0.259900038446987,0.26795847750871427,0.2761399461745549,637094.7475809754,0.2368376530177429,0.024605920799692427,0.3188927335640138,2697016
636,22,CHHATTISGARH,BIJAPUR,0.07535563244904957,0.2288965782390917,0.24415224913502792,0.2519646289889012,1891007.244905497,0.1732153360800271,-0.03844675124951941,0.34602076124567477,10931393
375,22,CHHATTISGARH,BILASPUR,0.10340638216070544,0.251964628989061,0.2599000384468499,0.2679584775086881,887042.0088641751,0.20757624341287484,0.006151480199923107,0.3188927335640138,4282196
734,22,CHHATTISGARH,GAURELA-PENDRA-MARWAHI,0.1085121107266431,0.2441522491350744,0.25196462898896693,0.26795847750868074,466204.4765456775,0.19304787233240805,0.012056901191849288,0.33685505574778934,2420209
376,22,CHHATTISGARH,DAKSHIN BASTAR DANTEWADA,0.0797231833910081,0.24415224913507072,0.2599000384467786,0.26795847750868934,636115.9798784767,0.19115976984526314,-0.044844290657439445,0.34602076124567477,3336766
377,22,CHHATTISGARH,DHAMTARI,0.09356401384082308,0.2441522491351547,0.2519646289890215,0.25990003844676385,887286.9060113325,0.18202585819641912,5.536332179930795E-4,0.3188927335640138,4882863
378,22,CHHATTISGARH,DURG,0.13588619761630108,0.2599000384469402,0.2679584775087067,0.2679584775087067,626943.4939687706,0.2278336375246785,0.008858131487889272,0.3188927335640138,2758101
645,22,CHHATTISGARH,GARIYABAND,0.07972318339100994,0.23646289888506078,0.24415224913500566,0.2599000384467994,1025920.9522117674,0.17767674682041693,-0.007443291041906958,0.3188927335640138,5784384
379,22,CHHATTISGARH,JANJGIR - CHAMPA,0.11374086889657728,0.24415224913517222,0.2519646289890145,0.25990003844675746,1138944.676059092,0.21079934232452596,0.002214532871972318,0.3188927335640138,5413703
380,22,CHHATTISGARH,JASHPUR,0.10851211072664847,0.2519646289890281,0.2599000384468338,0.26795847750870094,1389732.1258187715,0.19615717316956288,0.012056901191849288,0.33685505574778934,7094864
382,22,CHHATTISGARH,KABIRDHAM,0.10340638216071744,0.25990003844692233,0.26795847750870855,0.2761399461745208,1057501.5018234432,0.20919198753929294,0.01384083044982699,0.3553094963475586,5063228
381,22,CHHATTISGARH,UTTAR BASTAR KANKER,0.10340638216070748,0.24415224913511652,0.25196462898900335,0.2599000384468013,1648131.1928348858,0.19268652725642063,-0.022206843521722412,0.3278123798539023,8566278
643,22,CHHATTISGARH,KONDAGAON,0.10851211072664756,0.25990003844688586,0.2679584775087087,0.2844444444444775,1183186.1240419464,0.19635482220239103,0.008858131487889272,0.34602076124567477,6035251
383,22,CHHATTISGARH,KORBA,0.07535563244906104,0.2364628988851086,0.24415224913504924,0.2519646289888785,1454821.784309432,0.18242675341012582,-0.010396001537870049,0.33685505574778934,7984432
384,22,CHHATTISGARH,KOREA,0.08882737408688579,0.22145328719725565,0.23646289888503846,0.25196462898884453,1339355.311321534,0.16670642150075674,0.003936947327950788,0.3278123798539023,8044955
385,22,CHHATTISGARH,MAHASAMUND,0.09356401384082552,0.2364628988851462,0.24415224913511369,0.2599000384467678,1118517.4610471923,0.19653518555085245,-0.012056901191849288,0.3278123798539023,5701522
647,22,CHHATTISGARH,MUNGELI,0.11909265667051101,0.2519646289889017,0.259900038446925,0.26795847750870194,703243.9839433173,0.2099719161867451,0.019930795847750864,0.34602076124567477,3357558
637,22,CHHATTISGARH,NARAINPUR,0.05911572472126433,0.22145328719728202,0.2364628988850445,0.2519646289888764,730068.0917416409,0.1578960002354899,-0.041584006151480196,0.34602076124567477,4632332
386,22,CHHATTISGARH,RAIGARH,0.0935640138408306,0.24415224913513828,0.25196462898900246,0.2599000384467752,1663409.1989808043,0.19594589273885846,0.012056901191849288,0.3553094963475586,8502955
387,22,CHHATTISGARH,RAIPUR,0.11374086889657548,0.24415224913513403,0.2519646289889401,0.2519646289889401,725707.0328601488,0.20851225245634644,0.01574778931180315,0.3188927335640138,3486230
388,22,CHHATTISGARH,RAJ NANDGAON,0.10340638216071568,0.25196462898873606,0.2599000384468889,0.26795847750856905,1931706.799029526,0.20004650215567601,0.006151480199923107,0.3278123798539023,9670842
642,22,CHHATTISGARH,SUKMA,0.08882737408688612,0.22889657823909018,0.2441522491349715,0.25990003844675047,1186549.3607162759,0.18408257447451853,-0.04822760476739715,0.33685505574778934,6458280
648,22,CHHATTISGARH,SURAJPUR,0.09356401384083503,0.23646289888511626,0.2519646289889771,0.2599000384467629,1184809.3850957218,0.17856995433034056,-0.010396001537870049,0.33685505574778934,6646511
389,22,CHHATTISGARH,SURGUJA,0.09842368319876672,0.24415224913513445,0.2599000384468099,0.2679584775086882,931288.142458033,0.1918081235293452,0.007443291041906958,0.33685505574778934,4864080
463,38,DADRA & NAGAR HAVELI & DAMAN & DIU,DAMAN,0.08421376393694749,0.19986159169549464,0.20693579392541883,0.22145328719723228,13666.005085096578,0.16045955708622212,0.01574778931180315,0.2761399461745483,86148
464,38,DADRA & NAGAR HAVELI & DAMAN & DIU,DIU,0.02977316416762783,0.1537870049980772,0.16633602460592142,0.1793771626297576,5060.239303435719,0.10958849503258053,-0.012056901191849288,0.2364628988850442,47012
465,38,DADRA & NAGAR HAVELI & DAMAN & DIU,DADRA & NAGAR HAVELI,0.10340638216070791,0.23646289888505068,0.24415224913493236,0.25196462898884503,110791.40393547277,0.18996473729407243,0.03543252595155709,0.31009611687812383,587628
077,07,DELHI,CENTRAL,0.013840830449827098,0.1417301038062407,0.14769703960014693,0.1663360246059235,12405.85761578456,0.09166501529332664,-0.05536332179930796,0.2288965782391388,137139
078,07,DELHI,EAST,-0.006869490496028489,0.09842368319877083,0.10851211072664331,0.12456747404844322,2323.099506766133,0.058055580225203664,-0.06698961937716265,0.2069357939254133,40526
079,07,DELHI,NEW DELHI,-0.01384083044982712,0.12456747404844869,0.13588619761630022,0.14769703960015745,15485.063897781645,0.0778639653744732,-0.07111111111111111,0.2364628988850442,200534
080,07,DELHI,NORTH,0.0415840061514806,0.16633602460592498,0.17279507881584946,0.17937716262975173,45895.972224227626,0.12364680121734234,-0.05173394848135333,0.2679584775086506,373407
081,07,DELHI,NORTH EAST,0.03254133025759329,0.14173010380622575,0.15378700499807735,0.1663360246059204,4674.963491507948,0.10423716080060412,-0.024605920799692427,0.2069357939254133,45774
082,07,DELHI,NORTH WEST,0.0297731641676278,0.166336024605925,0.17937716262975184,0.18608227604767127,24122.188070152417,0.12349582956577401,-0.05536332179930796,0.24415224913494812,197251
671,07,DELHI,SHAHADRA,9.323164863777342E-4,0.11374086889658006,0.12456747404844326,0.1358861976163013,2954.4994404868594,0.0674914154922052,-0.08421376393694734,0.17279507881584008,44424
083,07,DELHI,SOUTH,-0.05173394848135345,0.11374086889657355,0.12456747404843732,0.13588619761630577,11235.489067702702,0.05557326047829589,-0.1085121107266436,0.19986159169550174,203572
084,07,DELHI,SOUTH WEST,0.03844675124951954,0.15378700499806047,0.16000000000002304,0.1727950788158469,42715.05720096111,0.11872147180742962,-0.05173394848135333,0.2364628988850442,362148
085,07,DELHI,WEST,0.02220684352172242,0.1417301038062386,0.1537870049980798,0.17279507881584227,16437.95583007918,0.0983465379311498,-0.041584006151480196,0.24415224913494812,168657
670,07,DELHI,SOUTH EAST,-0.015747789311803186,0.10851211072664593,0.1190926566705125,0.13588619761630127,7694.560274524888,0.059706447709482524,-0.07535563244905807,0.1929104190695886,130060
551,30,GOA,NORTH GOA,0.09842368319877252,0.27613994617452714,0.29287197231831896,0.3100961168781214,426298.35799761687,0.2108537146594657,-0.029773164167627833,0.39369473279507883,2026943
552,30,GOA,SOUTH GOA,0.0888273740868868,0.26795847750869634,0.28444444444447414,0.30142252979620515,466312.6546016449,0.20608293850809903,-0.029773164167627833,0.39369473279507883,2268792
673,24,GUJARAT,MORBI,0.035432525951557256,0.14173010380629839,0.1537870049979973,0.16633602460590138,660319.5982659417,0.10943018492321153,-0.08421376393694734,0.2599000384467512,6044416
438,24,GUJARAT,AHMADABAD,0.09356401384082445,0.19291041906955436,0.20693579392537395,0.21413302575921442,1377896.4897446863,0.157150044099374,-0.0629911572472126,0.2761399461745483,8784863
440,24,GUJARAT,ANAND,0.08421376393695086,0.19986159169550435,0.20693579392537365,0.21413302575926788,612224.2466941925,0.1596602707123909,-0.024605920799692427,0.2761399461745483,3842291
674,24,GUJARAT,DEVBHUMI DWARKA,0.055363321799308446,0.17279507881576375,0.17937716262982104,0.19291041906958334,667291.8632414184,0.1331365338213063,-0.05911572472126105,0.28444444444444444,5023982
447,24,GUJARAT,JAMNAGAR,0.04822760476739477,0.15378700499797524,0.15999999999995862,0.17279507881584497,840331.2180424334,0.11769552410922383,-0.0629911572472126,0.2761399461745483,7153837
449,24,GUJARAT,KACHCHH,0.029773164167629308,0.17937716262981232,0.22145328719729312,0.25990003844697634,5915664.486571347,0.11928502213994183,-0.11909265667051133,0.3188927335640138,49630741
443,24,GUJARAT,BHAVNAGAR,0.06299115724721126,0.17937716262967,0.19291041906952505,0.19986159169548337,1146502.409608406,0.1411879871212949,-0.05173394848135333,0.2761399461745483,8129986
442,24,GUJARAT,BHARUCH,0.09356401384082569,0.214133025759307,0.22145328719724483,0.2288965782391068,1036750.7916743129,0.17491305832776707,-0.041584006151480196,0.31009611687812383,5942322
459,24,GUJARAT,SURAT,0.09842368319876725,0.22145328719728377,0.2364628988850264,0.24415224913493533,955398.2326274049,0.18398950502895758,-0.012056901191849288,0.31009611687812383,5202601
453,24,GUJARAT,NAVSARI,0.09842368319876912,0.2364628988851075,0.2441522491350894,0.259900038446799,510976.7225839209,0.1940009795093441,0.002214532871972318,0.3278123798539023,2640202
462,24,GUJARAT,VALSAD,0.10851211072664416,0.23646289888509506,0.2519646289889382,0.2599000384467917,679462.4294941018,0.19333343424343868,0.022206843521722412,0.34602076124567477,3524114
672,24,GUJARAT,ARAVALLI,0.06698961937716279,0.18608227604753666,0.19291041906952788,0.19986159169548356,578400.5536621589,0.1508315795037479,-0.01384083044982699,0.28444444444444444,3843076
441,24,GUJARAT,BANAS KANTHA,0.05173394848135075,0.14769703960006314,0.1537870049979903,0.1663360246058585,1487105.5207392585,0.11283058619354272,-0.08421376393694734,0.29287197231833906,13197838
668,24,GUJARAT,CHHOTA UDEPUR,0.10340638216070522,0.2141330257592647,0.22889657823910273,0.2364628988850243,745877.6213015793,0.17888523367827822,-0.019930795847750864,0.3188927335640138,4179280
445,24,GUJARAT,DAHOD,0.1034063821607046,0.22889657823908877,0.23646289888507946,0.24415224913498046,827959.2955890446,0.1876292337219749,0.010396001537870049,0.3188927335640138,4420485
444,24,GUJARAT,DANGS,0.10340638216070887,0.23646289888501187,0.24415224913494035,0.25990003844679105,388517.08242392685,0.18414241616966462,0.024605920799692427,0.3278123798539023,2115144
675,24,GUJARAT,GIR SOMNATH,0.0553633217993084,0.1727950788157555,0.1793771626298162,0.1929104190695822,424143.0923675442,0.13416534344805622,-0.03543252595155709,0.28444444444444444,3168667
448,24,GUJARAT,JUNAGADH,0.022206843521722128,0.15378700499795595,0.1663360246058418,0.17279507881585107,804977.0478292428,0.10926203932482428,-0.05911572472126105,0.2679584775086506,7380122
669,24,GUJARAT,MAHISAGAR,0.07535563244905434,0.21413302575933443,0.22145328719725105,0.23646289888505778,505443.88208030874,0.16573312425859288,-0.012056901191849288,0.31009611687812383,3057162
452,24,GUJARAT,NARMADA,0.0797231833910073,0.22889657823908824,0.24415224913498476,0.2519646289888445,620309.9975447992,0.18311332156045496,0.007443291041906958,0.33685505574778934,3395262
454,24,GUJARAT,PANCH MAHALS,0.08421376393694746,0.19986159169553952,0.21413302575925514,0.2214532871972127,655120.1845210597,0.16485215761194077,-0.019930795847750864,0.3014225297962323,3982812
458,24,GUJARAT,SABAR KANTHA,0.04822760476739777,0.17937716262974043,0.18608227604761476,0.1929104190695584,724998.0578048636,0.1400612402947245,-0.041584006151480196,0.29287197231833906,5187838
641,24,GUJARAT,TAPI,0.07111111111111859,0.22889657823909013,0.24415224913500966,0.2519646289888644,673492.8079769397,0.17906983594243897,0.010396001537870049,0.3188927335640138,3771978
461,24,GUJARAT,VADODARA,0.09842368319876849,0.20693579392537337,0.21413302575929027,0.22145328719727023,843612.3701098806,0.17086772596019895,-0.008858131487889272,0.29287197231833906,4946678
439,24,GUJARAT,AMRELI,0.06698961937716434,0.16633602460579772,0.17279507881574835,0.18608227604770106,1121704.6140519707,0.12783329629026902,-0.06698961937716265,0.2679584775086506,8788427
456,24,GUJARAT,PORBANDAR,0.04484429065743826,0.17279507881576545,0.17937716262981787,0.1929104190695926,363119.26943124534,0.1306161455419852,-0.05536332179930796,0.2679584775086506,2788240
457,24,GUJARAT,RAJKOT,0.05911572472126434,0.15378700499796047,0.15999999999994588,0.1727950788158474,1110837.4563974713,0.11994850052930446,-0.06698961937716265,0.2599000384467512,9279397
460,24,GUJARAT,SURENDRANAGAR,0.051733948481350094,0.15999999999992995,0.16633602460580907,0.17937716262980197,1356505.7814949192,0.1221207888470961,-0.06698961937716265,0.2599000384467512,11127032
676,24,GUJARAT,BOTAD,0.07972318339101256,0.1599999999999395,0.16633602460584127,0.1793771626297751,388204.567714786,0.12991944516602977,-0.03844675124951941,0.2519646289888504,2995174
450,24,GUJARAT,KHEDA,0.09356401384082477,0.19986159169550458,0.20693579392537625,0.21413302575927715,664785.318722964,0.15946392819349026,-0.05173394848135333,0.2761399461745483,4177913
451,24,GUJARAT,MAHESANA,0.07972318339100755,0.1663360246058116,0.17937716262981568,0.1929104190695446,735448.4712375064,0.13665841657867753,-0.07972318339100345,0.28444444444444444,5393193
446,24,GUJARAT,GANDHINAGAR,0.08882737408688364,0.1727950788156871,0.18608227604761785,0.19291041906956374,373239.2687532321,0.146079735654645,-0.03844675124951941,0.2599000384467512,2563098
455,24,GUJARAT,PATAN,0.06698961937716408,0.1599999999999151,0.16633602460578822,0.17279507881570955,918567.1113737759,0.13018534987428904,-0.05536332179930796,0.2364628988850442,7069966
058,06,HARYANA,AMBALA,0.03254133025759336,0.14173010380627887,0.147697039600132,0.1600000000000132,204152.22167647167,0.10439628176409352,-0.07111111111111111,0.2679584775086506,1963507
059,06,HARYANA,BHIWANI,0.05536332179930804,0.1417301038062207,0.14769703960010683,0.16000000000000758,475616.9328524458,0.11359100536228349,-0.05911572472126105,0.28444444444444444,4194676
060,06,HARYANA,FARIDABAD,-0.029773164167628645,0.1358861976163456,0.1476970396001702,0.15378700499808595,81947.37678155073,0.08698347325954847,-0.13016532103037293,0.2288965782391388,945230
061,06,HARYANA,FATEHABAD,0.07111111111111464,0.1537870049979462,0.15999999999992626,0.1663360246058428,404970.8046055676,0.12498894495738981,-0.05911572472126105,0.2364628988850442,3246738
062,06,HARYANA,GURUGRAM,-0.01777777777777796,0.13588619761626297,0.14769703960017344,0.16000000000001924,151119.73439513435,0.09540586199972512,-0.12456747404844293,0.24415224913494812,1589083
063,06,HARYANA,HISAR,0.0669896193771654,0.14769703960000444,0.15378700499797326,0.16633602460585828,643318.9999519396,0.12358462030064664,-0.07535563244905807,0.2599000384467512,5213950
064,06,HARYANA,JHAJJAR,0.07535563244905943,0.15999999999991948,0.17279507881585124,0.17937716262979808,315540.4473090103,0.13363056906998652,-0.0629911572472126,0.2599000384467512,2367667
065,06,HARYANA,JIND,0.08421376393694645,0.1537870049979475,0.16633602460586336,0.17279507881585057,463861.3565101211,0.1326978036280686,-0.07111111111111111,0.24415224913494812,3503951
066,06,HARYANA,KAITHAL,0.05911572472126207,0.1537870049979635,0.1599999999999652,0.1663360246058892,368356.50210925436,0.12604873521671298,-0.06698961937716265,0.2364628988850442,2929802
067,06,HARYANA,KARNAL,0.04484429065744046,0.14769703960004602,0.15378700499798167,0.16633602460587557,360769.1529272089,0.1134657865537341,-0.0629911572472126,0.24415224913494812,3186602
068,06,HARYANA,KURUKSHETRA,0.044844290657437925,0.1476970396000324,0.15378700499799033,0.16000000000001363,240742.92014184443,0.11152123967050674,-0.07111111111111111,0.2519646289888504,2164099
069,06,HARYANA,MAHENDRAGARH,0.012056901191849382,0.13588619761631993,0.14173010380625167,0.15378700499808898,260024.54182614284,0.10624625387619059,-0.11909265667051133,0.2519646289888504,2455293
604,06,HARYANA,MEWAT,-0.015747789311803023,0.15378700499800088,0.15999999999998343,0.16633602460592514,222374.81162894442,0.11621600656270348,-0.15378700499807765,0.2519646289888504,1920287
619,06,HARYANA,PALWAL,0.048227604767395245,0.14173010380625886,0.15378700499805278,0.16000000000000186,193838.93493153783,0.11280101215291055,-0.05173394848135333,0.2288965782391388,1723336
070,06,HARYANA,PANCHKULA,-0.06299115724721142,0.1301653210303484,0.14173010380621998,0.16000000000000608,66544.505785528,0.058295365658950354,-0.14173010380622836,0.3278123798539023,1145979
071,06,HARYANA,PANIPAT,0.04822760476739624,0.14769703960013908,0.15378700499803163,0.16633602460592492,197691.34393305934,0.11862695459735322,-0.04822760476739715,0.24415224913494812,1670732
072,06,HARYANA,REWARI,0.032541330257593606,0.1417301038062752,0.14769703960017905,0.15378700499808962,221523.31192959065,0.11265936452346874,-0.11909265667051133,0.2364628988850442,1972079
073,06,HARYANA,ROHTAK,0.08421376393694618,0.1599999999999257,0.17279507881584094,0.17937716262978348,290890.13015839655,0.13683762964127047,-0.03254133025759323,0.2519646289888504,2130843
074,06,HARYANA,SIRSA,0.07111111111111414,0.1476970395999805,0.1537870049979813,0.15999999999999653,677630.9354561678,0.12367433474899503,-0.08882737408688965,0.2288965782391388,5487960
075,06,HARYANA,SONIPAT,0.06698961937716583,0.15378700499796247,0.166336024605853,0.17279507881585074,354876.44781035604,0.12762136605213403,-0.041584006151480196,0.24415224913494812,2786505
076,06,HARYANA,YAMUNANAGAR,-0.006794797028336409,0.11374086889657625,0.12456747404847143,0.13588619761629483,165142.07057770283,0.07438882980318864,-0.09842368319876971,0.3014225297962323,2225647
701,06,HARYANA,CHARKHI DADRI,0.0629911572472116,0.1537870049979779,0.15999999999993958,0.16633602460584168,216468.92925810913,0.12323082122726432,-0.08421376393694734,0.3188927335640138,1761774
015,02,HIMACHAL PRADESH,BILASPUR,-0.05173394848135436,0.1537870049980865,0.1793771626297514,0.2141330257593262,101712.19802339327,0.06683085094138821,-0.13588619761630144,0.37425605536332185,1527049
016,02,HIMACHAL PRADESH,CHAMBA,0.0017385380131357676,0.31889273356404035,0.33685505574786373,0.355309496347511,1683002.4829162173,0.19518071367915182,-0.14173010380622836,0.4444444444444444,8634536
017,02,HIMACHAL PRADESH,HAMIRPUR,-0.04822760476739381,0.1417301038062184,0.17279507881584888,0.2069357939254049,89221.51333053535,0.06108589734786823,-0.13588619761630144,0.3839138792772011,1464411
018,02,HIMACHAL PRADESH,KANGRA,-0.04822760476739514,0.22889657823911383,0.2679584775086901,0.31009611687817756,738878.9533804792,0.09781628793787502,-0.15378700499807765,0.41362552864282975,7565612
020,02,HIMACHAL PRADESH,KULLU,-0.01676866919761065,0.29287197231838613,0.3188927335640006,0.33685505574785124,1234438.7947425905,0.17138791209214824,-0.15378700499807765,0.42377547097270285,7211360
022,02,HIMACHAL PRADESH,MANDI,-0.05536332179930989,0.21413302575929768,0.2519646289888446,0.28444444444446576,462524.03779389366,0.08945428333302094,-0.16633602460592078,0.41362552864282975,5177402
023,02,HIMACHAL PRADESH,SHIMLA,-0.0517339484813497,0.2441522491349234,0.2761399461745464,0.30142252979620837,777844.701240326,0.11647285938902786,-0.17279507881584008,0.42377547097270285,6689722
024,02,HIMACHAL PRADESH,SIRMAUR,-0.06299115724721122,0.17937716262979103,0.22145328719721882,0.2599000384467617,270340.07695188385,0.07379607769284457,-0.16000000000000003,0.40359861591695495,3670428
025,02,HIMACHAL PRADESH,SOLAN,-0.07535563244905524,0.14769703960016664,0.17937716262975875,0.21413302575932763,126260.40559674698,0.050134784013575684,-0.16633602460592078,0.37425605536332185,2524974
026,02,HIMACHAL PRADESH,UNA,-0.029773164167627805,0.14769703960017586,0.1663360246059252,0.1929104190695778,158240.41524966474,0.0784311225471888,-0.13016532103037293,0.3553094963475586,2022495
019,02,HIMACHAL PRADESH,KINNAUR,0.0984236831987694,0.3368550557478909,0.3460207612458485,0.3647212610534469,2242820.8865272086,0.26359545724497707,-0.07972318339100345,0.4340484429065744,8518904
021,02,HIMACHAL PRADESH,LAHUL & SPITI,0.1998615916954857,0.34602076124591,0.3553094963475694,0.3647212610534184,5323064.68540392,0.28873450603157674,0.022206843521722412,0.4340484429065744,18455211
,01,JAMMU & KASHMIR,MIRPUR,-0.044844290657438085,0.16633602460592506,0.19986159169548864,0.23646289888505537,365150.46296329435,0.07563060153301486,-0.15378700499807765,0.39369473279507883,4837249
,01,JAMMU & KASHMIR,MUZAFFARABAD,0.02112897954036246,0.3460207612457807,0.3647212610534454,0.393694732795079,1431275.7834878166,0.2203355571622666,-0.11374086889657825,0.48725874663590923,6508506
010,01,JAMMU & KASHMIR,PUNCH,-0.02977316416762784,0.25196462898884575,0.28444444444447214,0.31889273356403985,692074.7476986507,0.12159153527750889,-0.17279507881584008,0.4340484429065744,5700333
001,01,JAMMU & KASHMIR,ANANTNAG,0.02977316416762622,0.33685505574785546,0.3647212610534275,0.383913879277203,763951.9873943919,0.20877446112778672,-0.13016532103037293,0.48725874663590923,3666744
003,01,JAMMU & KASHMIR,BARAMULA,0.0017416251786345539,0.2844444444444729,0.31889273356405273,0.36472126105348013,411180.45468148094,0.14804194879936955,-0.14769703960015382,0.47637062668204533,2783290
007,01,JAMMU & KASHMIR,KATHUA,-0.04158400615148106,0.1929104190696021,0.23646289888504668,0.27613994617453613,340909.3408481387,0.10304818798120671,-0.17279507881584008,0.41362552864282975,3314635
014,01,JAMMU & KASHMIR,UDHAMPUR,-0.021056006971183486,0.23646289888502556,0.2761399461745461,0.31009611687812705,377894.4567632154,0.1248255917130597,-0.16000000000000003,0.41362552864282975,3033474
002,01,JAMMU & KASHMIR,BADGAM,0.012998707059977112,0.23646289888500893,0.27613994617454807,0.31889273356404263,226759.2535433844,0.13508255534048486,-0.09842368319876971,0.454963475586313,1682823
623,01,JAMMU & KASHMIR,BANDIPURA,0.03703141227436805,0.35530949634754677,0.37425605536343065,0.3936947327950268,1319002.393832035,0.24098702249223675,-0.13588619761630144,0.48725874663590923,5482179
626,01,JAMMU & KASHMIR,GANDERBAL,0.021120222246224167,0.33685505574783664,0.36472126105349567,0.38391387927718634,463420.7608867538,0.21207188859160983,-0.13588619761630144,0.48725874663590923,2192068
622,01,JAMMU & KASHMIR,KULGAM,0.009669187234610037,0.2599000384467602,0.3014225297961986,0.3368550557477946,262385.3670004063,0.15497005937362945,-0.09842368319876971,0.46560553633217994,1698369
008,01,JAMMU & KASHMIR,KUPWARA,0.016828116908771517,0.327812379853933,0.3553094963475533,0.3839138792771774,713879.074223293,0.19234167899188975,-0.11909265667051133,0.48725874663590923,3717596
011,01,JAMMU & KASHMIR,PULWAMA,-0.0016693249478568508,0.244152249134938,0.2844444444444616,0.32781237985388906,141710.10191962056,0.1176500138608758,-0.13588619761630144,0.4444444444444444,1208381
012,01,JAMMU & KASHMIR,RAJAURI,-0.03689108251125879,0.21413302575929744,0.24415224913493133,0.26795847750865853,360290.0589569117,0.10251233252205602,-0.19986159169550174,0.41362552864282975,3521026
621,01,JAMMU & KASHMIR,RAMBAN,0.021141561601864776,0.3100961168781317,0.3368550557478264,0.36472126105348746,313744.5539859268,0.18254744481782598,-0.1085121107266436,0.454963475586313,1722238
627,01,JAMMU & KASHMIR,RIASI,-0.029773164167627934,0.25990003844674786,0.2928719723183244,0.31889273356403675,352449.4670768708,0.13682875941984146,-0.15378700499807765,0.4444444444444444,2582725
625,01,JAMMU & KASHMIR,SHUPIYAN,-0.0016788828574713494,0.22145328719724247,0.2679584775086432,0.3278123798539036,79935.59886796605,0.1179695812474122,-0.10340638216070744,0.46560553633217994,681043
013,01,JAMMU & KASHMIR,SRINAGAR,-0.005658794217765069,0.192910419069576,0.21413302575932683,0.23646289888504765,41879.321791819944,0.11061221588135053,-0.11374086889657825,0.41362552864282975,381957
620,01,JAMMU & KASHMIR,KISHTWAR,0.09842368319876985,0.35530949634753456,0.37425605536342954,0.3936947327950729,2885413.8954757317,0.26398649445342265,-0.07535563244905807,0.47637062668204533,10942149
004,01,JAMMU & KASHMIR,DODA,0.029773164167628527,0.32781237985390244,0.3553094963475529,0.3742560553632907,660438.0998388206,0.2061029370173394,-0.1085121107266436,0.46560553633217994,3210495
624,01,JAMMU & KASHMIR,SAMBA,-0.03844675124952008,0.16633602460582572,0.17937716262980188,0.1998615916954912,120692.21919313516,0.09831061896268392,-0.13588619761630144,0.34602076124567477,1231705
005,01,JAMMU & KASHMIR,JAMMU,-0.032541330257593724,0.17279507881583794,0.192910419069595,0.21413302575932833,342831.43789478706,0.10723020495237834,-0.15378700499807765,0.39369473279507883,3204791
322,20,JHARKHAND,BOKARO,0.08882737408688547,0.24415224913506528,0.2519646289889443,0.2679584775086807,680759.151956805,0.19396539828062728,-0.002214532871972318,0.34602076124567477,3518062
323,20,JHARKHAND,CHATRA,0.0842137639369496,0.22889657823909937,0.24415224913497968,0.25196462898885713,779255.5734068137,0.1673700758172629,9.84236831987697E-4,0.3188927335640138,4666877
325,20,JHARKHAND,DHANBAD,0.10340638216070716,0.2364628988850764,0.2519646289889235,0.25990003844676496,492868.79791742127,0.19822281341013614,-0.01384083044982699,0.34602076124567477,2490976
324,20,JHARKHAND,DEOGHAR,0.11374086889657377,0.2441522491350972,0.2599000384468065,0.26795847750867935,601933.7244472654,0.1977007570478142,0.006151480199923107,0.33685505574778934,3050828
326,20,JHARKHAND,DUMKA,0.10851211072664599,0.2599000384468853,0.26795847750870827,0.2844444444444771,958469.3092132439,0.20810492587339405,-5.536332179930795E-4,0.34602076124567477,4613615
328,20,JHARKHAND,GARHWA,0.08421376393694635,0.23646289888511554,0.2519646289889884,0.2599000384468098,902439.5762800149,0.17992383934352055,-0.017777777777777778,0.3278123798539023,5023969
329,20,JHARKHAND,GIRIDIH,0.10340638216071252,0.2519646289890492,0.25990003844685616,0.26795847750870216,1184152.0455904186,0.19480882989410403,-0.06698961937716265,0.33685505574778934,6087886
330,20,JHARKHAND,GODDA,0.11374086889657412,0.27613994617435783,0.28444444444433653,0.28444444444433653,616550.3550515369,0.21957294208040468,-0.006151480199923107,0.33685505574778934,2814180
331,20,JHARKHAND,GUMLA,0.10340638216070913,0.25196462898901767,0.25990003844686665,0.27613994617450827,1251136.7454452142,0.19233303058986087,0.002214532871972318,0.33685505574778934,6516036
332,20,JHARKHAND,HAZARIBAGH,0.07972318339100601,0.23646289888505698,0.25196462898890315,0.2599000384467815,936031.2890015373,0.17654528784442736,-0.010396001537870049,0.3278123798539023,5315097
333,20,JHARKHAND,JAMTARA,0.12456747404843908,0.25990003844691384,0.2679584775087074,0.27613994617448934,472004.4491157941,0.2137687652711687,0.019930795847750864,0.33685505574778934,2214404
606,20,JHARKHAND,KHUNTI,0.10851211072664003,0.24415224913507577,0.2599000384467502,0.26795847750869123,615961.7451810929,0.19268322852082376,0.017777777777777778,0.36472126105344094,3204257
334,20,JHARKHAND,KODARMA,0.06698961937716272,0.23646289888501407,0.25196462898884453,0.2599000384467665,342046.74079172156,0.17019422418134927,-0.05536332179930796,0.3278123798539023,2016064
335,20,JHARKHAND,LATEHAR,0.08882737408688353,0.22889657823909548,0.24415224913498856,0.259900038446746,912003.6711106818,0.17632282290218929,-0.003014225297962322,0.33685505574778934,5182155
336,20,JHARKHAND,LOHARDAGA,0.09356401384082524,0.2519646289891164,0.25990003844691717,0.2761399461745557,363786.1422888256,0.1984319492353593,-0.029773164167627833,0.33685505574778934,1838361
337,20,JHARKHAND,PAKUR,0.13016532103036588,0.27613994617442705,0.28444444444448197,0.2928719723183055,496957.3144047935,0.2248924087917555,0.03543252595155709,0.33685505574778934,2216228
338,20,JHARKHAND,PALAMU,0.08882737408688582,0.24415224913512534,0.2519646289890082,0.2599000384468017,996669.1224524844,0.18430183855310805,-0.0271280276816609,0.3278123798539023,5416996
343,20,JHARKHAND,WEST SINGHBHUM,0.09356401384082433,0.251964628989065,0.25990003844685416,0.26795847750869783,1701065.4418446992,0.19499077769196616,-0.017777777777777778,0.3553094963475586,8734513
327,20,JHARKHAND,EAST SINGHBHUM,0.09356401384082542,0.26795847750871377,0.276139946174463,0.2928719723183209,926403.8209414826,0.21552058766271143,-0.029773164167627833,0.3553094963475586,4306723
607,20,JHARKHAND,RAMGARH,0.0935640138408301,0.2519646289889747,0.26795847750869944,0.2761399461745481,337952.70412471367,0.19895844346457547,-0.04822760476739715,0.3553094963475586,1705200
339,20,JHARKHAND,RANCHI,0.1034063821607056,0.25196462898892336,0.26795847750870816,0.27613994617447907,1211151.7140071066,0.19984291351150452,-0.05911572472126105,0.34602076124567477,6072574
340,20,JHARKHAND,SAHIBGANJ,0.0888273740868898,0.2844444444443583,0.2928719723183583,0.30142252979617534,598114.8318112445,0.2216462162703681,2.4605920799692423E-4,0.36472126105344094,2704649
341,20,JHARKHAND,SARAIKELA-KHARSAWAN,0.08882737408688332,0.2519646289890605,0.26795847750870067,0.27613994617456383,666153.3701633341,0.20678584093860672,-0.03543252595155709,0.34602076124567477,3228630
342,20,JHARKHAND,SIMDEGA,0.10851211072665175,0.23646289888509728,0.2519646289889958,0.2679584775086954,854521.4834443727,0.18706557497735024,-0.008858131487889272,0.3278123798539023,4575865
524,29,KARNATAKA,BAGALKOT,0.07972318339100938,0.24415224913517247,0.25196462898908656,0.2679584775087065,1406313.0669705314,0.18442061622144904,-0.004982698961937716,0.3188927335640138,7637876
528,29,KARNATAKA,BALLARI,0.07972318339101062,0.2141330257592656,0.22889657823909695,0.2441522491349603,1625595.523278382,0.16593227907837482,-0.03543252595155709,0.31009611687812383,9811668
527,29,KARNATAKA,BELAGAVI,0.10851211072665211,0.24415224913518582,0.2599000384468999,0.26795847750870305,3128582.8136196276,0.20020076264158457,-0.024605920799692427,0.3839138792772011,15647841
526,29,KARNATAKA,BENGALURU RURAL,0.06698961937716315,0.18608227604764463,0.19291041906955775,0.20693579392539826,384100.8384481233,0.14556317088575832,-0.03254133025759323,0.31009611687812383,2647699
525,29,KARNATAKA,BENGALURU URBAN,0.07535563244905967,0.18608227604760244,0.19986159169548387,0.21413302575933132,377932.06528686814,0.15002424566722633,-0.041584006151480196,0.31009611687812383,2525378
529,29,KARNATAKA,BIDAR,0.10340638216071613,0.20693579392537323,0.2214532871972991,0.2288965782391087,1099163.54347529,0.17178546807658404,-0.004982698961937716,0.29287197231833906,6408943
531,29,KARNATAKA,CHAMARAJANAGAR,-0.004484311754922005,0.1998615916954932,0.221453287197268,0.2364628988850529,769067.7948443794,0.11915920684432482,-0.1085121107266436,0.3188927335640138,6464990
630,29,KARNATAKA,CHIK BALLAPUR,0.055363321799307336,0.18608227604760738,0.19986159169548337,0.2141330257593272,696041.4755246252,0.1426363206738911,-0.03844675124951941,0.31009611687812383,4888990
532,29,KARNATAKA,CHIKKAMAGALURU,0.05536332179930406,0.23646289888504138,0.2519646289888915,0.27613994617455345,1436452.683272533,0.17350650805137263,-0.07972318339100345,0.39369473279507883,8290158
533,29,KARNATAKA,CHITRADURGA,0.08421376393694899,0.20693579392537317,0.21413302575929324,0.22889657823910733,1592110.3712952032,0.16371750204186858,-0.03543252595155709,0.33685505574778934,9737571
534,29,KARNATAKA,DAKSHINA KANNADA,0.0842137639369453,0.2761399461744356,0.2928719723183643,0.3100961168780854,1168617.404914865,0.209806989374325,-0.08421376393694734,0.42377547097270285,5579048
535,29,KARNATAKA,DAVANGERE,0.09356401384082537,0.24415224913515055,0.251964628988907,0.2679584775086986,1307608.3689176287,0.19128541839373978,-0.03543252595155709,0.33685505574778934,6847089
536,29,KARNATAKA,DHARWAD,0.1034063821607257,0.24415224913512795,0.25990003844689274,0.2761399461744645,920036.9454462936,0.18638613090172415,0.002214532871972318,0.34602076124567477,4944779
537,29,KARNATAKA,GADAG,0.1085121107266544,0.20693579392537517,0.22145328719727034,0.23646289888502914,918237.3642880293,0.17005407302327927,0.01574778931180315,0.3278123798539023,5409858
539,29,KARNATAKA,HASSAN,0.08882737408688789,0.2441522491351522,0.25990003844683074,0.2761399461745327,1532208.5024181043,0.1960181888637524,-0.05173394848135333,0.41362552864282975,7828705
540,29,KARNATAKA,HAVERI,0.09842368319876868,0.2599000384468781,0.2679584775086683,0.2844444444443555,1152972.0419476475,0.20684779134843795,-0.008858131487889272,0.3553094963475586,5582700
538,29,KARNATAKA,KALABURAGI,0.09842368319876428,0.1998615916955529,0.21413302575924653,0.22145328719721927,2067102.9742704204,0.16125820240452177,0.0015378700499807767,0.31009611687812383,12835141
541,29,KARNATAKA,KODAGU,0.05911572472126374,0.24415224913498962,0.2679584775086908,0.2844444444444722,788774.6025052906,0.16799995039860188,-0.07972318339100345,0.3839138792772011,4703960
542,29,KARNATAKA,KOLAR,0.04822760476739479,0.19291041906953832,0.20693579392537972,0.22145328719722346,645548.850287497,0.14133709403005068,-0.05911572472126105,0.3188927335640138,4576751
543,29,KARNATAKA,KOPPAL,0.09842368319876153,0.2141330257592855,0.22889657823909346,0.24415224913512334,1060413.0821069665,0.16412467992049112,-0.006151480199923107,0.31009611687812383,6471180
544,29,KARNATAKA,MANDYA,0.07972318339100631,0.24415224913512226,0.25990003844684134,0.26795847750870144,1085741.8772680548,0.19097422324654317,-0.05911572472126105,0.34602076124567477,5695228
545,29,KARNATAKA,MYSURU,0.055363321799304525,0.2441522491351174,0.2599000384468205,0.26795847750869917,1335950.4149793908,0.1851594816695586,-0.03844675124951941,0.34602076124567477,7227650
546,29,KARNATAKA,RAICHUR,0.09356401384084026,0.21413302575926468,0.22145328719725782,0.2364628988850273,1564808.9343224417,0.1593672905517776,-0.0271280276816609,0.3014225297962323,9829398
631,29,KARNATAKA,RAMANAGARAM,0.02977316416762747,0.19291041906952908,0.20693579392538022,0.22145328719721197,566561.9531258504,0.14074733919789656,-0.06698961937716265,0.3278123798539023,4034113
547,29,KARNATAKA,SHIVAMOGGA,0.08421376393694971,0.2679584775087119,0.28444444444447836,0.3014225297961955,1974263.4081361282,0.20211070655034963,-0.029773164167627833,0.41362552864282975,9782492
548,29,KARNATAKA,TUMAKURU,0.07972318339100878,0.2069357939253728,0.22145328719725033,0.22889657823910578,2012132.599630627,0.16514196330050926,-0.029773164167627833,0.3278123798539023,12204538
549,29,KARNATAKA,UDUPI,0.10340638216070501,0.292871972318398,0.3100961168781134,0.3278123798539232,943369.9083385002,0.22907714229052958,-0.041584006151480196,0.4340484429065744,4125180
550,29,KARNATAKA,UTTARA KANNADA,0.07972318339101107,0.2679584775087091,0.2844444444444659,0.31009611687812,2288884.6157968533,0.19269160980187083,-0.03543252595155709,0.4444444444444444,11893283
530,29,KARNATAKA,VIJAYAPURA,0.10340638216072585,0.22145328719725102,0.22889657823909182,0.2441522491350132,2122169.241400901,0.17325183251313986,0.004982698961937716,0.31009611687812383,12262243
635,29,KARNATAKA,YADGIR,0.10340638216071069,0.21413302575937576,0.22889657823909415,0.23646289888504257,1061724.4115306935,0.17263820618455747,-0.01384083044982699,0.31009611687812383,6160245
554,32,KERALA,ALAPPUZHA,0.08421376393694731,0.2679584775086882,0.2928719723183279,0.31009611687809757,306971.0389487019,0.1906271992567451,-0.05536332179930796,0.39369473279507883,1615612
555,32,KERALA,ERNAKULAM,0.05536332179930886,0.25990003844679516,0.28444444444447875,0.3100961168781208,625272.6583288467,0.17990950196775546,-0.05911572472126105,0.4444444444444444,3482949
556,32,KERALA,IDUKKI,-0.021055332088990186,0.2069357939253811,0.22889657823912218,0.25990003844674414,579955.0136458981,0.11728490535101116,-0.15378700499807765,0.42377547097270285,4955513
557,32,KERALA,KANNUR,0.06698961937716387,0.2599000384468117,0.2761399461745507,0.3014225297962124,655205.3617577968,0.19321388965932995,-0.05536332179930796,0.4340484429065744,3397343
558,32,KERALA,KASARAGOD,0.0711111111111133,0.2599000384467952,0.2761399461745535,0.29287197231834716,452623.4010103837,0.1983669197656908,-0.04822760476739715,0.41362552864282975,2288384
559,32,KERALA,KOLLAM,-0.012946596704587112,0.20693579392538097,0.22889657823912363,0.25990003844675064,356264.48846776644,0.12668725067145684,-0.13588619761630144,0.42377547097270285,2818601
560,32,KERALA,KOTTAYAM,0.02113807713219718,0.25990003844683685,0.2844444444444721,0.3014225297961954,424737.0796312929,0.16978593874183842,-0.11374086889657825,0.42377547097270285,2507427
561,32,KERALA,KOZHIKODE,0.06299115724721141,0.2679584775087052,0.28444444444447814,0.3014225297961875,550493.1471518425,0.20549089954994346,-0.10340638216070744,0.4340484429065744,2684454
562,32,KERALA,MALAPPURAM,0.04484429065743824,0.2599000384468322,0.28444444444447553,0.3100961168781134,787472.4016480966,0.1944046167349178,-0.07972318339100345,0.42377547097270285,4058183
563,32,KERALA,PALAKKAD,0.02113435526880811,0.2928719723183666,0.31889273356391473,0.3460207612458355,939657.3653156185,0.18415788290721774,-0.11909265667051133,0.42377547097270285,5112539
564,32,KERALA,PATTANAMTHITTA,-0.02105058167044552,0.2214532871972094,0.24415224913492814,0.2761399461745333,378872.0630490486,0.12613477718407773,-0.14173010380622836,0.42377547097270285,3011006
565,32,KERALA,THIRUVANANTHAPURAM,0.009665231269037086,0.2141330257592782,0.23646289888505634,0.25990003844675724,337650.56244391954,0.13613076844461627,-0.1085121107266436,0.41362552864282975,2485730
566,32,KERALA,TRISSUR,0.04484429065743844,0.26795847750869917,0.2928719723183203,0.3188927335640466,641533.9978760673,0.18617398164859938,-0.09356401384083046,0.41362552864282975,3453173
567,32,KERALA,WAYANAD,0.05536332179930681,0.27613994617449406,0.2928719723183297,0.31009611687807676,460467.6657811632,0.18923081221099836,-0.09356401384083046,0.40359861591695495,2438701
009,37,LADAKH,LEH,0.17937716262978148,0.3553094963475765,0.3742560553634961,0.39369473279494527,6.1540688896297656E7,0.29368996046901813,-0.03543252595155709,0.4982698961937717,209611635
006,37,LADAKH,KARGIL,0.2141330257593138,0.3647212610534518,0.37425605536345763,0.3936947327949697,5846119.4899919545,0.30662596506737805,0.03254133025759323,0.47637062668204533,19084969
553,31,LAKSHADWEEP,LAKSHADWEEP,0.06698961937716263,0.2069357939254126,0.2214532871972331,0.23646289888504426,4871.804308629422,0.15467402974061253,0.03844675124951941,0.3014225297962323,33702
667,23,MADHYA PRADESH,AGAR MALWA,0.10340638216070658,0.21413302575927906,0.2214532871972809,0.22889657823910545,601418.2223400121,0.18041421925507126,-0.01574778931180315,0.3014225297962323,3340865
639,23,MADHYA PRADESH,ALIRAJPUR,0.09356401384082742,0.21413302575920395,0.22145328719725219,0.23646289888504424,699226.4871835442,0.17385318553023774,0.006151480199923107,0.3014225297962323,4031207
390,23,MADHYA PRADESH,ANUPPUR,0.11374086889657468,0.2441522491350976,0.2519646289889399,0.2599000384467855,900240.8458242618,0.19664124037999695,0.004982698961937716,0.3553094963475586,4589056
391,23,MADHYA PRADESH,ASHOKNAGAR,0.04822760476739676,0.2288965782390832,0.23646289888511562,0.24415224913495964,1077231.9313712595,0.18527439096471107,-0.0271280276816609,0.31009611687812383,5822740
392,23,MADHYA PRADESH,BALAGHAT,0.08882737408688353,0.24415224913513484,0.25990003844684934,0.26795847750870116,2058433.8710176982,0.1849748921167366,-0.010396001537870049,0.34602076124567477,11141974
393,23,MADHYA PRADESH,BARWANI,0.119092656670515,0.23646289888510755,0.24415224913515685,0.25990003844675147,1312626.9722359008,0.20109261924204436,0.003936947327950788,0.3278123798539023,6536978
394,23,MADHYA PRADESH,BETUL,0.09842368319876828,0.2441522491352041,0.25990003844686504,0.26795847750869767,2364711.044300779,0.19549045258426548,0.01574778931180315,0.3278123798539023,12110448
395,23,MADHYA PRADESH,BHIND,0.09842368319876763,0.22889657823908285,0.23646289888511351,0.24415224913497727,1103344.202899569,0.19844719791821366,-0.0629911572472126,0.31009611687812383,5571431
396,23,MADHYA PRADESH,BHOPAL,0.08421376393694491,0.24415224913516395,0.2519646289890118,0.2599000384467943,677282.4701565711,0.20114499543451558,0.007443291041906958,0.31009611687812383,3374356
397,23,MADHYA PRADESH,BURHANPUR,0.10851211072665212,0.24415224913515693,0.25196462898902555,0.2599000384467949,747979.0908201203,0.1934120022315859,0.03543252595155709,0.3188927335640138,3873783
398,23,MADHYA PRADESH,CHHATARPUR,0.07535563244904551,0.24415224913518851,0.2519646289890524,0.2519646289890524,2037738.670987051,0.1910256831813526,-0.022206843521722412,0.3278123798539023,10687142
399,23,MADHYA PRADESH,CHHINDWARA,0.10851211072665388,0.2599000384468593,0.2679584775084816,0.28444444444434286,2909925.4965503705,0.2044152359808648,-0.004982698961937716,0.34602076124567477,14251129
400,23,MADHYA PRADESH,DAMOH,0.06698961937716522,0.2519646289889949,0.2599000384468838,0.2679584775087019,1598117.772878194,0.1793559396246229,-0.041584006151480196,0.34602076124567477,8922849
401,23,MADHYA PRADESH,DATIA,0.055363321799308564,0.23646289888512984,0.23646289888512984,0.24415224913500688,650950.573923508,0.19551248073752503,-0.03844675124951941,0.3014225297962323,3340498
402,23,MADHYA PRADESH,DEWAS,0.07111111111111787,0.22889657823908474,0.23646289888498567,0.24415224913510966,1513100.5213893782,0.17820900438125062,-0.0271280276816609,0.3188927335640138,8505726
403,23,MADHYA PRADESH,DHAR,0.11909265667051257,0.2364628988850237,0.24415224913509725,0.2519646289889578,1951617.7200674496,0.19801662970748296,0.006151480199923107,0.3278123798539023,9867234
404,23,MADHYA PRADESH,DINDORI,0.11374086889657374,0.24415224913513062,0.2519646289889988,0.25990003844677556,1361034.6788254778,0.19547864153557384,0.01574778931180315,0.3553094963475586,6974940
405,23,MADHYA PRADESH,EAST NIMAR,0.059115724721281786,0.24415224913519382,0.251964628988963,0.2599000384468168,1618689.9132313617,0.18004216559327102,-0.0271280276816609,0.3278123798539023,9002549
406,23,MADHYA PRADESH,GUNA,0.06698961937716442,0.22889657823908383,0.23646289888511596,0.24415224913500205,1441928.534641636,0.18417617553845372,-0.06698961937716265,0.29287197231833906,7842335
407,23,MADHYA PRADESH,GWALIOR,0.022206843521721042,0.22889657823912454,0.23646289888490515,0.24415224913508635,888452.5578111958,0.15679165073623738,-0.06698961937716265,0.31009611687812383,5674029
408,23,MADHYA PRADESH,HARDA,0.0935640138408354,0.2441522491352047,0.25196462898905164,0.25990003844678755,802196.1152482411,0.19907191636365326,0.008858131487889272,0.31009611687812383,4035848
409,23,MADHYA PRADESH,HOSHANGABAD,0.08882737408688943,0.2599000384469862,0.26795847750871465,0.26795847750871465,1617785.1154751368,0.20011891494152395,-0.01574778931180315,0.33685505574778934,8095645
410,23,MADHYA PRADESH,INDORE,0.08882737408688644,0.22889657823908832,0.23646289888502078,0.2441522491349256,902364.152867353,0.19079705083892906,-0.003014225297962322,0.3188927335640138,4738802
411,23,MADHYA PRADESH,JABALPUR,0.09842368319875461,0.2519646289888921,0.2599000384469034,0.2679584775087027,1278931.0687307534,0.20670609901179082,0.010396001537870049,0.34602076124567477,6198352
412,23,MADHYA PRADESH,JHABUA,0.11374086889657409,0.2214532871972598,0.22889657823909063,0.23646289888499342,774485.3078077928,0.18561645709982966,0.004982698961937716,0.3014225297962323,4179358
413,23,MADHYA PRADESH,KATNI,0.08421376393695848,0.2599000384469151,0.2679584775087092,0.27613994617447024,1225346.7822742579,0.19880881580380408,0.01574778931180315,0.33685505574778934,6175594
415,23,MADHYA PRADESH,MANDLA,0.09842368319876944,0.23646289888506206,0.2519646289889369,0.2599000384467841,1649097.618609896,0.18147995630406027,0.007443291041906958,0.3278123798539023,9100880
416,23,MADHYA PRADESH,MANDSAUR,0.04158400615147178,0.19291041906950201,0.1998615916954951,0.20693579392537986,1038153.3096363718,0.15292055801768192,-0.07111111111111111,0.28444444444444444,6799773
417,23,MADHYA PRADESH,MORENA,0.006850909032419315,0.21413302575930382,0.221453287197362,0.23646289888505087,891329.9863578613,0.14351206100514774,-0.10340638216070744,0.31009611687812383,6223463
418,23,MADHYA PRADESH,NARSHIMAPURA,0.09842368319876751,0.2519646289890972,0.25990003844689064,0.2761399461745636,1273261.432207039,0.20452299748259423,0.012056901191849288,0.3553094963475586,6236392
419,23,MADHYA PRADESH,NIMACH,0.02460592079969135,0.17937716262978493,0.18608227604764574,0.1929104190695724,640602.8246937866,0.1217420134106976,-0.09842368319876971,0.3014225297962323,5274602
420,23,MADHYA PRADESH,PANNA,0.05536332179930519,0.24415224913514885,0.25196462898901584,0.25990003844680454,1457772.4933898468,0.167542105803935,-0.022206843521722412,0.31009611687812383,8717597
421,23,MADHYA PRADESH,RAISEN,0.08421376393695405,0.25196462898889566,0.2599000384469159,0.26795847750870333,2009709.1025869038,0.195177761284521,0.003014225297962322,0.33685505574778934,10312010
422,23,MADHYA PRADESH,RAJGARH,0.09842368319876747,0.2214532871972932,0.22889657823909113,0.23646289888509409,1418258.1817147539,0.1884469187740938,-0.01574778931180315,0.29287197231833906,7535187
423,23,MADHYA PRADESH,RATLAM,0.1137408688965843,0.21413302575936413,0.22145328719733612,0.22889657823910123,1080454.5701122284,0.18283056019513483,-0.007443291041906958,0.3014225297962323,5920371
424,23,MADHYA PRADESH,REWA,0.08421376393695004,0.2519646289888188,0.2599000384469235,0.26795847750870155,1572753.345062118,0.2032138634193932,-0.0271280276816609,0.34602076124567477,7751995
425,23,MADHYA PRADESH,SAGAR,0.07111111111111677,0.23646289888494026,0.2441522491351808,0.25196462898899624,2367242.8213076834,0.18893313682867877,-0.041584006151480196,0.3014225297962323,12549508
426,23,MADHYA PRADESH,SATNA,0.07111111111111765,0.2519646289887041,0.259900038446953,0.2679584775087089,1805128.8324465957,0.19554825424074404,-0.01384083044982699,0.3278123798539023,9250027
427,23,MADHYA PRADESH,SEHORE,0.0888273740868829,0.24415224913516367,0.2519646289889974,0.25990003844686604,1584186.1522509488,0.19893168569833353,-0.007443291041906958,0.3278123798539023,7979648
428,23,MADHYA PRADESH,SEONI,0.08421376393695651,0.25990003844695647,0.2679584775086265,0.2761399461744769,2058651.5130194698,0.19470161699513286,0.007443291041906958,0.33685505574778934,10587279
429,23,MADHYA PRADESH,SHAHDOL,0.08421376393694469,0.2364628988850627,0.2519646289889153,0.25990003844678045,1273574.3667054784,0.18400568411932072,0.012056901191849288,0.33685505574778934,6933487
430,23,MADHYA PRADESH,SHAJAPUR,0.14173010380622375,0.22145328719727778,0.2288965782390927,0.23646289888501598,819533.9481944679,0.19461199692767803,0.01574778931180315,0.29287197231833906,4219787
431,23,MADHYA PRADESH,SHEOPUR,-0.04484429065744386,0.1727950788156901,0.1793771626296647,0.19291041906954648,613352.0183600117,0.07493110967797792,-0.13588619761630144,0.2519646289888504,8196536
432,23,MADHYA PRADESH,SHIVPURI,0.010396001537870276,0.22145328719736543,0.2288965782390877,0.23646289888502967,1879300.6559562609,0.14795994585518651,-0.08882737408688965,0.3014225297962323,12718231
433,23,MADHYA PRADESH,SIDHI,0.0984236831987702,0.2519646289890719,0.25990003844688087,0.26795847750869844,1132648.295092654,0.19377682925070244,-0.0015378700499807767,0.33685505574778934,5855562
638,23,MADHYA PRADESH,SINGRAULI,0.08421376393694525,0.23646289888512806,0.24415224913508357,0.25990003844675214,1292461.7865943091,0.1831603570518398,-0.008858131487889272,0.33685505574778934,7066555
434,23,MADHYA PRADESH,TIKAMGARH,0.07535563244905702,0.22889657823908752,0.23646289888509503,0.23646289888509503,837544.696895866,0.1828433877679271,-0.022206843521722412,0.29287197231833906,4588875
435,23,MADHYA PRADESH,UJJAIN,0.1417301038062373,0.22145328719722446,0.22889657823909124,0.2364628988850295,1438825.6653161445,0.19397193916515304,0.003014225297962322,0.3014225297962323,7431237
436,23,MADHYA PRADESH,UMARIA,0.09842368319876864,0.23646289888510041,0.251964628988919,0.25990003844675236,1010419.6370100804,0.1812222920041054,0.022206843521722412,0.3553094963475586,5584765
437,23,MADHYA PRADESH,VIDISHA,0.10340638216072237,0.25196462898877353,0.25196462898877353,0.25990003844689935,1924868.6167256532,0.21587323485616494,0.007443291041906958,0.3188927335640138,8929692
414,23,MADHYA PRADESH,WEST NIMAR,0.08882737408687089,0.2364628988848749,0.24415224913516018,0.25196462898899297,1919111.645956317,0.19866037206673598,-0.01384083044982699,0.3278123798539023,9673296
722,23,MADHYA PRADESH,NIVARI,0.06299115724721148,0.22889657823909695,0.23646289888507463,0.23646289888507463,298250.3750405662,0.18280666803888804,-0.044844290657439445,0.29287197231833906,1640914
466,27,MAHARASHTRA,AHAMADNAGAR,0.13016532103037237,0.2519646289890169,0.2599000384468774,0.2679584775087025,4235101.184759627,0.2094346665339335,0.008858131487889272,0.3553094963475586,20247712
467,27,MAHARASHTRA,AKOLA,0.1137408688965935,0.22889657823908674,0.23646289888511388,0.24415224913504127,1243183.114389875,0.19135631373542616,0.006151480199923107,0.3188927335640138,6508098
468,27,MAHARASHTRA,AMARAVATI,0.09842368319875114,0.22889657823908924,0.23646289888506505,0.24415224913500846,2649555.1566705387,0.18126790521839484,0.010396001537870049,0.33685505574778934,14634927
469,27,MAHARASHTRA,AURANGABAD,0.12456747404845143,0.2288965782390845,0.23646289888512517,0.25196462898887456,2368853.9886644837,0.1968557135107232,0.0271280276816609,0.33685505574778934,12049449
471,27,MAHARASHTRA,BHANDARA,0.09356401384082459,0.23646289888494687,0.24415224913511915,0.2519646289889877,939546.2310806784,0.18972147557167265,-0.0015378700499807767,0.3188927335640138,4961610
470,27,MAHARASHTRA,BID,0.14769703960016883,0.23646289888512986,0.25196462898897215,0.25990003844676535,2564354.9691265915,0.20470470594017606,0.022206843521722412,0.33685505574778934,12544794
472,27,MAHARASHTRA,BULDHANA,0.12456747404845861,0.2288965782390846,0.24415224913503344,0.25196462898888083,2263947.2849076204,0.19489995817977962,0.008858131487889272,0.3188927335640138,11630150
473,27,MAHARASHTRA,CHANDRAPUR,0.08882737408687799,0.22145328719721427,0.2288965782390914,0.2364628988850838,2248049.624646741,0.1663086405485831,0.01574778931180315,0.31009611687812383,13530633
474,27,MAHARASHTRA,DHULE,0.10851211072664932,0.22145328719717908,0.22889657823909168,0.24415224913504208,1553469.345202446,0.1805158415659591,-0.019930795847750864,0.3188927335640138,8617611
475,27,MAHARASHTRA,GADCHIROLI,0.0888273740868866,0.2214532871972649,0.2288965782390935,0.24415224913497774,2913828.002167209,0.1692168763847919,-0.03254133025759323,0.34602076124567477,17237884
476,27,MAHARASHTRA,GONDIA,0.09356401384083367,0.23646289888503605,0.2519646289889892,0.2599000384467624,1165567.1343987777,0.187824922474054,0.006151480199923107,0.31009611687812383,6215661
477,27,MAHARASHTRA,HINGOLI,0.11909265667051376,0.23646289888510563,0.24415224913503109,0.25196462898884636,1112813.9043894755,0.19917891812863997,0.019930795847750864,0.3188927335640138,5596711
478,27,MAHARASHTRA,JALGAON,0.1085121107266473,0.2214532871972417,0.2288965782390866,0.23646289888508068,2611426.6575327693,0.1852346923981637,0.007443291041906958,0.3014225297962323,14113319
479,27,MAHARASHTRA,JALNA,0.15378700499808678,0.2364628988850858,0.24415224913513295,0.25196462898895,1892090.8517512148,0.20760280874023476,0.0271280276816609,0.3188927335640138,9127228
480,27,MAHARASHTRA,KOLHAPUR,0.09356401384082454,0.25196462898903954,0.2599000384468638,0.2761399461745481,1802730.2006068341,0.20156969196162536,-0.007443291041906958,0.37425605536332185,8961350
481,27,MAHARASHTRA,LATUR,0.1358861976163145,0.23646289888499597,0.24415224913515296,0.2519646289890065,1706292.1617758735,0.20121025288549937,0.01574778931180315,0.3188927335640138,8490449
482,27,MAHARASHTRA,MUMBAI CITY,0.11374086889657786,0.21413302575932716,0.2214532871972269,0.22889657823913637,13311.044226664446,0.17641445602023906,0.044844290657439445,0.29287197231833906,76546
484,27,MAHARASHTRA,NAGPUR,0.09356401384084666,0.2364628988849838,0.2519646289888957,0.25990003844682674,2261024.226939209,0.1907544425583681,0.003014225297962322,0.33685505574778934,11865192
485,27,MAHARASHTRA,NANDED,0.11374086889657503,0.24415224913517206,0.2519646289890175,0.2599000384468562,2506600.9026438794,0.20131011112096608,0.019930795847750864,0.33685505574778934,12472028
486,27,MAHARASHTRA,NANDURBAR,0.098423683198769,0.22145328719726892,0.22889657823909676,0.24415224913494615,1288728.4477926653,0.18025534020578438,0.008858131487889272,0.3278123798539023,7163183
487,27,MAHARASHTRA,NASHIK,0.11374086889657516,0.2441522491351848,0.2599000384468974,0.2679584775087067,3692400.0312643624,0.19991951674185923,-0.03844675124951941,0.34602076124567477,18486361
488,27,MAHARASHTRA,USMANABAD,0.13016532103036718,0.23646289888505043,0.24415224913515332,0.25990003844676446,1817306.0253151322,0.20396481959329513,0.01574778931180315,0.3278123798539023,8925215
665,27,MAHARASHTRA,PALGHAR,0.09356401384082393,0.22889657823909235,0.2364628988850703,0.2519646289888584,1142452.158550387,0.1825833690646296,0.006151480199923107,0.33685505574778934,6266083
489,27,MAHARASHTRA,PARBHANI,0.147697039600161,0.2364628988850734,0.24415224913513908,0.25990003844674847,1540506.341536006,0.20642124267516399,0.017777777777777778,0.31009611687812383,7474260
490,27,MAHARASHTRA,PUNE,0.09842368319877057,0.2519646289890227,0.2679584775087097,0.27613994617447235,3812037.2537974776,0.20668884553103695,-5.536332179930795E-4,0.37425605536332185,18462996
491,27,MAHARASHTRA,RAYGAD,0.09356401384082427,0.23646289888506813,0.24415224913499767,0.2599000384467623,1491613.3164170964,0.18135551536318972,-0.002214532871972318,0.34602076124567477,8238352
492,27,MAHARASHTRA,RATNAGIRI,0.10340638216070808,0.24415224913508457,0.2599000384468211,0.27613994617455406,1884037.0656073731,0.19416759460203345,-0.002214532871972318,0.37425605536332185,9717129
493,27,MAHARASHTRA,SANGLI,0.12456747404844584,0.2441522491351447,0.25196462898898775,0.2599000384468228,2042095.021320144,0.20298589851880883,-0.010396001537870049,0.34602076124567477,10078127
494,27,MAHARASHTRA,SATARA,0.09842368319876607,0.24415224913517988,0.2599000384468875,0.2679584775087036,2440310.2317511053,0.1986350188808291,-0.008858131487889272,0.36472126105344094,12298534
495,27,MAHARASHTRA,SINDHUDURG,0.11374086889657539,0.2761399461744475,0.2844444444443572,0.3014225297962578,1282138.8163315805,0.21582766902683662,-2.4605920799692423E-4,0.40359861591695495,5951789
496,27,MAHARASHTRA,SOLAPUR,0.130165321030363,0.24415224913520903,0.25196462898897576,0.26795847750869944,3617168.5137751005,0.20748658580011756,-0.01384083044982699,0.3278123798539023,17457025
483,27,MAHARASHTRA,SUB URBAN MUMBAI,0.08882737408688966,0.20693579392538844,0.22145328719722832,0.2364628988850505,85907.4130067179,0.1683583640961125,6.151480199923106E-5,0.3014225297962323,512479
497,27,MAHARASHTRA,THANE,0.08882737408688458,0.2214532871972845,0.23646289888504446,0.25196462898884464,896884.825914765,0.1772201715103312,0.003014225297962322,0.34602076124567477,5069267
498,27,MAHARASHTRA,WARDHA,0.0984236831987539,0.2288965782390848,0.24415224913509653,0.25196462898897815,1414339.6254580216,0.18772928184948484,0.0271280276816609,0.31009611687812383,7543509
499,27,MAHARASHTRA,WASHIM,0.12456747404845042,0.22889657823908754,0.23646289888508826,0.25196462898886696,1202365.6313764567,0.1968106045822688,0.022206843521722412,0.31009611687812383,6120783
500,27,MAHARASHTRA,YAVATMAL,0.09842368319876332,0.2214532871972006,0.23646289888508043,0.24415224913499245,2947130.9728157404,0.18243246551403836,-0.012056901191849288,0.3188927335640138,16172960
252,14,MANIPUR,BISHNUPUR,0.07535563244905928,0.28444444444447375,0.2928719723183023,0.31009611687812383,124291.12873957423,0.21095607558317936,-0.03543252595155709,0.42377547097270285,592328
253,14,MANIPUR,CHANDEL,-0.04822760476739374,0.17937716262979453,0.20693579392539294,0.23646289888505637,182886.1015091478,0.07581127756671446,-0.11374086889657825,0.36472126105344094,2417211
254,14,MANIPUR,CHURACHANDPUR,-0.03254133025759175,0.1998615916954853,0.2288965782391301,0.25990003844676435,271092.20756114257,0.09091062887904007,-0.1085121107266436,0.3839138792772011,2987741
256,14,MANIPUR,IMPHAL WEST,0.05911572472126156,0.28444444444448047,0.30142252979620376,0.3100961168781152,138638.95441161696,0.23136757851957385,-0.05173394848135333,0.40359861591695495,603204
255,14,MANIPUR,IMPHAL EAST,0.038446751249519094,0.27613994617444915,0.2844444444444814,0.30142252979619066,113373.72427647823,0.2129936720206696,-0.05536332179930796,0.39369473279507883,535890
713,14,MANIPUR,JIRIBAM,-0.015747789311803033,0.22889657823915135,0.24415224913494019,0.2679584775086551,46725.9695657147,0.12892986828433897,-0.07535563244905807,0.3839138792772011,365087
260,14,MANIPUR,UKHRUL,-0.02220684352172206,0.1998615916954843,0.22145328719721644,0.24415224913493588,255387.42287393886,0.0990001159168117,-0.08882737408688965,0.37425605536332185,2585246
257,14,MANIPUR,SENAPATI,-0.016744183200623864,0.20693579392538777,0.2364628988850536,0.2679584775086536,225476.08855635964,0.1043145477969468,-0.11909265667051133,0.3839138792772011,2166467
258,14,MANIPUR,TAMENGLONG,-0.010396001537870224,0.2288965782391201,0.25990003844675896,0.29287197231835815,439420.66607805353,0.118232466374013,-0.08421376393694734,0.40359861591695495,3724282
259,14,MANIPUR,THOUBAL,0.09842368319877008,0.2844444444444802,0.3014225297961928,0.3100961168781221,112647.6361980519,0.23337240101763013,-0.022206843521722412,0.39369473279507883,485328
717,14,MANIPUR,KAMJONG,-0.02977316416762676,0.1929104190695834,0.2214532871972202,0.25196462898884514,257850.09851106076,0.08801836960086959,-0.09842368319876971,0.36472126105344094,2934321
714,14,MANIPUR,NONEI,-0.01777777777777738,0.23646289888505714,0.259900038446765,0.2928719723183487,177442.7907279227,0.12255330968502423,-0.07972318339100345,0.40359861591695495,1452211
715,14,MANIPUR,PHERZAWL,-0.03844675124952068,0.1998615916954854,0.22889657823913526,0.2599000384467551,223493.10425792757,0.08506430143268197,-0.10340638216070744,0.37425605536332185,2632958
716,14,MANIPUR,TENGNOUPAL,-0.04158400615148122,0.1860822760477059,0.21413302575933293,0.24415224913494282,124782.99081797806,0.08276619462380058,-0.10340638216070744,0.3553094963475586,1511379
712,14,MANIPUR,KANGPOKPI,-0.010396001537870181,0.22889657823912565,0.2519646289888448,0.27613994617453863,257484.06260711153,0.1207298160025564,-0.09842368319876971,0.3839138792772011,2143163
711,14,MANIPUR,KAKCHING,0.05173394848135316,0.28444444444447786,0.2928719723183253,0.3014225297962065,84346.7157106185,0.2149664760593947,-0.029773164167627833,0.3839138792772011,394750
273,17,MEGHALAYA,EAST GARO HILLS,0.032541330257593704,0.22889657823911122,0.25196462898884464,0.276139946174532,293027.1581394127,0.14972444744135702,-0.05173394848135333,0.3839138792772011,1961933
274,17,MEGHALAYA,EAST KHASI HILLS,0.035432525951559116,0.24415224913492378,0.27613994617454474,0.30142252979621353,535015.8417006978,0.15230073971635655,-0.04822760476739715,0.42377547097270285,3519450
657,17,MEGHALAYA,EAST JAINTIA HILLS,0.02460592079969265,0.22145328719719576,0.24415224913492534,0.2761399461745482,355261.80653394246,0.14298113822847336,-0.05536332179930796,0.42377547097270285,2489782
277,17,MEGHALAYA,SOUTH GARO HILLS,0.019930795847751287,0.2141330257592858,0.23646289888504346,0.2679584775086523,294000.6396019203,0.1297462651051568,-0.06698961937716265,0.41362552864282975,2271292
278,17,MEGHALAYA,WEST GARO HILLS,0.044844290657438335,0.2519646289889086,0.26795847750869217,0.2844444444444712,563708.6232599826,0.17124893700971663,-0.05173394848135333,0.37425605536332185,3298747
279,17,MEGHALAYA,WEST KHASI HILLS,0.03844675124952065,0.23646289888501956,0.25990003844675347,0.2844444444444645,725706.194962653,0.14959040346815142,-0.044844290657439445,0.40359861591695495,4859806
276,17,MEGHALAYA,RI-BHOI,0.044844290657438064,0.2519646289889059,0.27613994617456883,0.29287197231833517,486850.06962263666,0.16557710395114175,-0.022206843521722412,0.40359861591695495,2948155
658,17,MEGHALAYA,SOUTH WEST KHASI HILLS,0.03543252595155767,0.2288965782391203,0.2599000384467708,0.2844444444444564,232213.36964068792,0.14403871790210943,-0.041584006151480196,0.41362552864282975,1617098
663,17,MEGHALAYA,SOUTH WEST GARO HILLS,0.05911572472126237,0.25990003844675913,0.27613994617454757,0.29287197231835277,185745.6354322914,0.1795622883256068,-0.03543252595155709,0.37425605536332185,1037207
656,17,MEGHALAYA,NORTH GARO HILLS,0.02460592079969264,0.24415224913492303,0.2599000384467712,0.27613994617453386,243688.45817608695,0.1574916879840609,-0.05911572472126105,0.3839138792772011,1552862
275,17,MEGHALAYA,WEST JAINTIA HILLS,0.06299115724721135,0.23646289888503216,0.2599000384467567,0.28444444444445394,362132.8447587805,0.16288467765753475,-0.012056901191849288,0.40359861591695495,2229213
262,15,MIZORAM,CHAMPHAI,-0.04484429065743795,0.17279507881585077,0.20693579392539554,0.23646289888505637,293194.10801646276,0.07080570310231504,-0.12456747404844293,0.36472126105344094,4148573
267,15,MIZORAM,SAIHA,-0.05173394848135323,0.18608227604769914,0.21413302575933107,0.2441522491349416,136942.96405938215,0.07416674050708053,-0.12456747404844293,0.36472126105344094,1851831
264,15,MIZORAM,LAWNGTLAI,-0.04158400615148107,0.17279507881585035,0.19986159169548806,0.2214532871972411,230818.5677413871,0.07876420894225446,-0.11374086889657825,0.36472126105344094,2939881
268,15,MIZORAM,SERCHHIP,-0.04822760476739437,0.1727950788158494,0.20693579392540098,0.23646289888505434,121108.87873221142,0.0689404180552143,-0.1085121107266436,0.37425605536332185,1762727
263,15,MIZORAM,KOLASIB,-0.03254133025759303,0.19291041906959006,0.2214532871972348,0.2519646289888451,161315.43114372366,0.08845840415885621,-0.08882737408688965,0.37425605536332185,1828823
266,15,MIZORAM,MAMIT,-0.035432525951558526,0.18608227604770675,0.21413302575933263,0.24415224913494338,322614.4378131352,0.08624529291834646,-0.09842368319876971,0.36472126105344094,3748513
265,15,MIZORAM,LUNGLEI,-0.048227604767395744,0.16633602460590977,0.19986159169548678,0.2288965782391411,378574.5444532299,0.0688249234788739,-0.12456747404844293,0.36472126105344094,5509505
261,15,MIZORAM,AIZAWL,-0.04158400615148114,0.19291041906959708,0.2288965782391367,0.2599000384467488,320537.6934052945,0.08243843395981704,-0.1085121107266436,0.37425605536332185,3898664
613,13,NAGALAND,PAREN,-0.006806804707971398,0.20693579392538636,0.22889657823912807,0.2519646289888448,248188.77550580716,0.1098673765813382,-0.07972318339100345,0.37425605536332185,2264628
248,13,NAGALAND,PHEK,-0.013840830449826673,0.21413302575928628,0.24415224913492717,0.26795847750865087,259280.7239432137,0.11188489591209057,-0.09356401384083046,0.37425605536332185,2323275
250,13,NAGALAND,WOKHA,-0.008858131487889167,0.2214532871972138,0.24415224913493164,0.27613994617453824,227699.90321687804,0.11391411384474256,-0.07111111111111111,0.37425605536332185,2003896
244,13,NAGALAND,DIMAPUR,0.006826350033843518,0.24415224913492617,0.25990003844675846,0.276139946174556,148123.39456682443,0.1567470004522837,-0.06698961937716265,0.39369473279507883,949846
245,13,NAGALAND,KOHIMA,-0.01574778931180287,0.2141330257593228,0.24415224913493247,0.26795847750864915,183287.3983495002,0.11255084892933756,-0.11909265667051133,0.37425605536332185,1632851
614,13,NAGALAND,KIPHIRE,-0.01777777777777786,0.20693579392539058,0.23646289888505376,0.2599000384467632,147955.8934342183,0.10563847470943666,-0.09356401384083046,0.3839138792772011,1404480
251,13,NAGALAND,ZUNHEBOTO,-0.02220684352172186,0.21413302575930201,0.23646289888505104,0.25990003844676884,203420.96905935055,0.10405172213401102,-0.10340638216070744,0.36472126105344094,1960862
246,13,NAGALAND,MOKOKCHUNG,-0.0026319773714570376,0.2214532871972104,0.2519646289888448,0.27613994617453197,240331.19245940982,0.12020498033087829,-0.08882737408688965,0.40359861591695495,2005010
247,13,NAGALAND,MON,0.01777777777777789,0.2441522491349234,0.267958477508677,0.29287197231835804,396048.79590638797,0.14570851439945393,-0.06698961937716265,0.42377547097270285,2724066
249,13,NAGALAND,TUENSANG,-0.012941917426231204,0.22889657823912032,0.25196462898884464,0.2761399461745407,310669.31921906886,0.11717351641245005,-0.11909265667051133,0.39369473279507883,2656787
615,13,NAGALAND,LONGLENG,0.017777777777777344,0.2441522491349269,0.2761399461745365,0.30142252979623924,103972.03816723941,0.14228829060226816,-0.05173394848135333,0.40359861591695495,734358
344,21,ODISHA,ANUGUL,0.07111111111111487,0.24415224913505348,0.25196462898895694,0.2679584775086924,1373210.6324269087,0.1801497201651418,-0.044844290657439445,0.3278123798539023,7634552
345,21,ODISHA,BOLANGIR (BALANGIR),0.09842368319876749,0.2519646289890723,0.2599000384468735,0.2679584775087005,1577032.6578327385,0.2018678563362822,-0.0271280276816609,0.3278123798539023,7823364
346,21,ODISHA,BALASORE (BALESHWAR),0.07972318339100386,0.26795847750852664,0.27613994617443605,0.28444444444447664,995794.2769816208,0.2232376945704417,-0.03844675124951941,0.33685505574778934,4471001
347,21,ODISHA,BARAGARH,0.08421376393694462,0.244152249135134,0.25196462898900307,0.2599000384468005,1381236.3253841386,0.19753586779621093,-0.029773164167627833,0.3278123798539023,7004326
348,21,ODISHA,BHADRAK,0.13016532103036954,0.2679584775083092,0.2761399461744099,0.28444444444447553,704698.2322394147,0.23526493064415466,0.029773164167627833,0.33685505574778934,3001803
350,21,ODISHA,CUTTACK,0.06299115724721133,0.2761399461744259,0.2844444444444007,0.2928719723183359,943805.8538099675,0.20539943802065963,-0.05536332179930796,0.34602076124567477,4607070
351,21,ODISHA,DEOGARH,0.06698961937716368,0.2441522491350491,0.2519646289889481,0.2679584775086878,627405.75074693,0.1769244999771901,-0.03254133025759323,0.3188927335640138,3554240
352,21,ODISHA,DHENKANAL,0.06698961937716282,0.25990003844690707,0.2761399461744479,0.2844444444444798,1038713.9730606611,0.19497053555333743,-0.0629911572472126,0.33685505574778934,5335603
353,21,ODISHA,GAJAPATI,0.008858131487889187,0.24415224913492195,0.2599000384467726,0.27613994617450754,745337.8028006137,0.1524876503367853,-0.10340638216070744,0.34602076124567477,4897594
354,21,ODISHA,GANJAM,0.038446751249519524,0.2761399461743595,0.29287197231845746,0.3014225297962589,1955767.4801523592,0.19651930391932487,-0.08421376393694734,0.36472126105344094,9965454
355,21,ODISHA,JAGATSINGHPUR,0.10851211072664554,0.2844444444442569,0.2844444444442569,0.2928719723183675,492938.0302036784,0.2389438305467553,0.029773164167627833,0.3553094963475586,2068255
356,21,ODISHA,JAJAPUR,0.07535563244905953,0.2844444444443709,0.2928719723184352,0.3100961168781581,788852.3763539409,0.2278138489707953,-0.05173394848135333,0.37425605536332185,3471072
357,21,ODISHA,JHARSUGUDA,0.09842368319876729,0.24415224913504974,0.2519646289889383,0.2679584775086681,487872.71942001535,0.19578208949844506,0.01574778931180315,0.3188927335640138,2499034
358,21,ODISHA,KALAHANDI,0.07535563244905559,0.2519646289890826,0.2679584775087082,0.27613994617451665,1866429.9167172364,0.19897414112205908,-0.03543252595155709,0.34602076124567477,9392589
359,21,ODISHA,KANDHAMAL,0.03844675124952014,0.22889657823909648,0.24415224913498038,0.25990003844676385,1538506.0394431879,0.16127417766977073,-0.09356401384083046,0.3553094963475586,9552404
360,21,ODISHA,KENDRAPARHA,0.1085121107266476,0.2761399461743564,0.2844444444443704,0.2928719723183227,703232.4096167289,0.23285273714449906,0.03844675124951941,0.34602076124567477,3027614
361,21,ODISHA,KEONJHAR (KENDUJHAR),0.07535563244905343,0.2519646289889864,0.2599000384468878,0.276139946174495,1886706.3508418852,0.18929305961490556,-0.03844675124951941,0.34602076124567477,9980176
362,21,ODISHA,KHORDHA,0.05911572472126402,0.2679584775087089,0.2761399461744973,0.2844444444444776,685348.5449910315,0.20010871237336725,-0.05536332179930796,0.34602076124567477,3436743
363,21,ODISHA,KORAPUT,0.05911572472126429,0.24415224913506497,0.259900038446816,0.2679584775086958,1757016.0236635888,0.1774639221818873,-0.07111111111111111,0.3553094963475586,9916232
364,21,ODISHA,MALKANGIRI,0.06698961937716513,0.2441522491351091,0.2519646289890073,0.2679584775086929,1257318.0055617376,0.18486103140575247,-0.05911572472126105,0.34602076124567477,6811277
365,21,ODISHA,MAYURBHANJ,0.059115724721257035,0.26795847750865776,0.27613994617439475,0.2844444444443879,2500533.9656504835,0.19959366156996353,-0.0629911572472126,0.37425605536332185,12543165
366,21,ODISHA,NABARANGAPUR,0.11374086889657464,0.2519646289890383,0.2599000384468626,0.2679584775086943,1265514.303520109,0.1957124897165282,-0.017777777777777778,0.33685505574778934,6477055
367,21,ODISHA,NAYAGARH,0.04822760476739529,0.26795847750858703,0.27613994617441606,0.292871972318383,855333.6355988259,0.18440624067301417,-0.05536332179930796,0.3553094963475586,4646759
368,21,ODISHA,NUAPARHA,0.06698961937716424,0.23646289888515024,0.2519646289890075,0.2599000384468018,823155.7447140889,0.1795589272456269,-0.05173394848135333,0.3188927335640138,4592599
369,21,ODISHA,PURI,0.08421376393696113,0.28444444444435374,0.2928719723183769,0.301422529796203,895908.8894469148,0.21728321972279221,0.017777777777777778,0.3553094963475586,4132506
370,21,ODISHA,RAYAGARHA,0.04158400615148103,0.2519646289890006,0.26795847750870294,0.2844444444444764,1583905.9350923111,0.18221567650879025,-0.07111111111111111,0.36472126105344094,8707900
371,21,ODISHA,SAMBALPUR,0.07111111111111577,0.23646289888499195,0.24415224913505654,0.2599000384468108,1419796.439582624,0.1779386922388353,-0.03844675124951941,0.3278123798539023,7991881
372,21,ODISHA,SUBARNAPUR,0.1085121107266398,0.2519646289890577,0.2599000384468568,0.2679584775087008,579689.0606437864,0.2052624362602628,-9.84236831987697E-4,0.3278123798539023,2830803
373,21,ODISHA,SUNDARGARH,0.08421376393694821,0.23646289888512279,0.25196462898902305,0.2679584775086982,2205015.0897942483,0.1882031449393477,-0.03543252595155709,0.34602076124567477,11732129
349,21,ODISHA,BAUDH (BAUDA),0.06698961937716243,0.2519646289890009,0.2599000384468309,0.27613994617454213,694140.7631311376,0.18751260520614052,-0.044844290657439445,0.34602076124567477,3710015
598,34,PUDUCHERRY,KARAIKAL,0.038446751249519275,0.27613994617454213,0.28444444444445766,0.2928719723183482,32619.17624007701,0.18021814182886656,-0.11374086889657825,0.34602076124567477,183071
599,34,PUDUCHERRY,MAHE,0.11374086889657822,0.24415224913494635,0.25196462898885025,0.26795847750865043,2062.161975107648,0.20319481020931127,0.05536332179930796,0.33685505574778934,10600
600,34,PUDUCHERRY,PUDUCHERRY,0.051733948481352994,0.23646289888505934,0.2519646289888451,0.2599000384467457,55941.629664596534,0.16415803496002832,-0.0271280276816609,0.3553094963475586,347013
601,34,PUDUCHERRY,YANAM,0.08882737408688968,0.28444444444443845,0.2928719723183407,0.3014225297962342,8948.562032279122,0.20284543207585626,0.041584006151480196,0.33685505574778934,44886
027,03,PUNJAB,AMRITSAR,0.08421376393694656,0.17937716262965667,0.18608227604762947,0.19291041906958012,531002.3153362073,0.15135545302405787,-0.05536332179930796,0.2761399461745483,3515937
605,03,PUNJAB,BARNALA,0.0842137639369448,0.15378700499793843,0.15999999999993686,0.16633602460586405,250322.6515599165,0.1359549025187709,-0.05173394848135333,0.24415224913494812,1846179
028,03,PUNJAB,BATHINDA,0.05911572472126357,0.153787004997948,0.15999999999996198,0.16633602460591423,563277.2114395936,0.12929912851868844,-0.07972318339100345,0.2364628988850442,4365070
029,03,PUNJAB,FARIDKOT,0.06299115724721159,0.15378700499795903,0.15999999999996015,0.1663360246058742,251270.72332558472,0.13279450424626052,-0.0629911572472126,0.2364628988850442,1896994
030,03,PUNJAB,FATEHGARH SAHIB,0.06299115724721126,0.14769703960000768,0.153787004997977,0.16000000000000295,181683.3061012562,0.12180819181866172,-0.044844290657439445,0.24415224913494812,1496589
651,03,PUNJAB,FAZILKA,0.07972318339101017,0.16633602460577457,0.16633602460577457,0.17279507881572104,512038.70073180983,0.13791561877787006,-0.07535563244905807,0.24415224913494812,3719961
031,03,PUNJAB,FIROZPUR,0.06698961937716166,0.1599999999999063,0.1663360246058173,0.1727950788158508,428826.3138682137,0.13917502386965916,-0.08421376393694734,0.24415224913494812,3088898
032,03,PUNJAB,GURDASPUR,0.08882737408688111,0.18608227604773414,0.19291041906952378,0.19986159169548398,533405.912122405,0.1560587301168514,-0.044844290657439445,0.3014225297962323,3424574
033,03,PUNJAB,HOSHIARPUR,-0.019930795847751103,0.16633602460581381,0.17279507881580142,0.18608227604770575,496110.236388049,0.11205384847472684,-0.13588619761630144,0.33685505574778934,4436125
034,03,PUNJAB,JALANDHAR,0.07111111111111786,0.1663360246057907,0.17279507881577133,0.17937716262980502,452648.92072275956,0.1315966501841988,-0.03254133025759323,0.28444444444444444,3448570
035,03,PUNJAB,KAPURTHALA,0.059115724721262065,0.17279507881583114,0.17937716262979608,0.18608227604769323,284894.9855610779,0.1337775807659885,-0.09842368319876971,0.2599000384467512,2138434
036,03,PUNJAB,LUDHIANA,0.0629911572472112,0.15378700499793216,0.1599999999999272,0.17279507881581813,603798.8493075777,0.12608365351566245,-0.04822760476739715,0.29287197231833906,4796983
037,03,PUNJAB,MANSA,0.08421376393694675,0.15999999999992398,0.16633602460582078,0.17279507881585088,378739.612813348,0.13559033486106523,-0.05911572472126105,0.24415224913494812,2800307
038,03,PUNJAB,MOGA,0.08421376393694327,0.1537870049979378,0.15999999999992773,0.1663360246058618,393620.940845042,0.1348442933412512,-0.022206843521722412,0.24415224913494812,2925171
039,03,PUNJAB,SRI MUKTSAR SAHIB,0.07972318339100395,0.1599999999998981,0.16633602460578134,0.1727950788158373,477581.97859036265,0.1400586191389667,-0.05173394848135333,0.24415224913494812,3417177
040,03,PUNJAB,SHAHID BHAGAT SINGH NAGAR,0.013840830449826655,0.15999999999991887,0.16633602460579502,0.1793771626298025,188676.82956226956,0.11465772551329187,-0.07535563244905807,0.3188927335640138,1650822
662,03,PUNJAB,PATHANKOT,-0.04158400615148102,0.17937716262983489,0.18608227604757197,0.19986159169548587,139993.9317179237,0.11180264279478004,-0.13588619761630144,0.3553094963475586,1257220
041,03,PUNJAB,PATIALA,0.05173394848135424,0.15378700499796166,0.15999999999994946,0.1663360246058639,538209.5279009861,0.12572511836924852,-0.07972318339100345,0.24415224913494812,4293984
042,03,PUNJAB,RUPNAGAR,-0.017777777777777403,0.1417301038062522,0.14769703960017255,0.16000000000000666,162787.38939469765,0.09098930274837679,-0.11909265667051133,0.31009611687812383,1795740
043,03,PUNJAB,SANGRUR,0.07972318339100577,0.15378700499793943,0.1599999999999213,0.16633602460582317,605524.8226132452,0.13011900305707874,-0.05911572472126105,0.2364628988850442,4664151
608,03,PUNJAB,SAS NAGAR (SAHIBZADA AJIT SINGH NAGAR),-0.022206843521722416,0.14769703960017663,0.15378700499806175,0.16633602460592486,134443.41425216346,0.09489814509843522,-0.1085121107266436,0.29287197231833906,1423227
609,03,PUNJAB,TARN TARAN,0.08421376393694809,0.17279507881559242,0.17937716262962347,0.1860822760476065,469390.5372588484,0.14893150425554663,-0.1085121107266436,0.2679584775086506,3158113
086,08,RAJASTHAN,AJMER,0.029773164167627035,0.17279507881565195,0.17937716262972236,0.1929104190695649,1337274.0582544159,0.12686428232803493,-0.11374086889657825,0.31009611687812383,10557272
087,08,RAJASTHAN,ALWAR,-0.05536332179930616,0.14769703960001065,0.15999999999993866,0.1727950788158159,1023187.6786937838,0.09699726309255352,-0.17279507881584008,0.28444444444444444,10566667
088,08,RAJASTHAN,BANSWARA,0.08421376393694777,0.2214532871971868,0.2288965782390921,0.23646289888504976,995423.0170039305,0.1813593668766716,0.003014225297962322,0.31009611687812383,5496965
089,08,RAJASTHAN,BARAN,0.01993079584775138,0.1998615916956068,0.20693579392537548,0.2141330257593756,1265651.562776541,0.14696919496472224,-0.08421376393694734,0.2761399461745483,8624299
090,08,RAJASTHAN,BARMER,9.252766035190351E-4,0.10340638216074328,0.11909265667053069,0.13016532103035558,2242521.89133141,0.06377597974368449,-0.12456747404844293,0.28444444444444444,35184293
091,08,RAJASTHAN,BHARATPUR,0.012056901191848764,0.15999999999993372,0.16633602460582753,0.17937716262979694,788321.6276549243,0.1241541271485293,-0.11374086889657825,0.28444444444444444,6364210
092,08,RAJASTHAN,BHILWARA,0.03844675124952028,0.17279507881569162,0.17937716262980774,0.1929104190695733,1602604.1831904673,0.12363135100707898,-0.11374086889657825,0.33685505574778934,12977374
093,08,RAJASTHAN,BIKANER,-0.01993079584775258,0.0842137639369722,0.09356401384086051,0.10340638216073345,1563670.5706838435,0.04085368581983322,-0.13016532103037293,0.2599000384467512,38299184
094,08,RAJASTHAN,BUNDI,-0.006825086465616592,0.19291041906964856,0.1998615916956733,0.20693579392537664,982058.2312210344,0.13752496115870372,-0.13588619761630144,0.31009611687812383,7150747
095,08,RAJASTHAN,CHITTAURGARH,0.02460592079969342,0.17279507881566988,0.18608227604764122,0.19291041906956924,1216193.5388153074,0.12656852008624406,-0.09356401384083046,0.29287197231833906,9628634
096,08,RAJASTHAN,CHURU,-0.027128027681663072,0.08882737408687748,0.09842368319874435,0.10851211072664652,736620.0126810406,0.041972512614307615,-0.12456747404844293,0.22145328719723184,17570047
097,08,RAJASTHAN,DAUSA,-9.106649588774769E-4,0.14769703960006927,0.15999999999997463,0.16633602460588084,462333.94913642335,0.10821625880615157,-0.15378700499807765,0.2519646289888504,4282491
098,08,RAJASTHAN,DHAULPUR,0.004501211334161156,0.19291041906952833,0.20693579392537456,0.2214532871972417,491001.037204361,0.12960730331611764,-0.1085121107266436,0.28444444444444444,3796325
099,08,RAJASTHAN,DUNGARPUR,0.0711111111111163,0.1998615916954823,0.2141330257592508,0.2288965782391173,701600.1442843195,0.15262899112673226,-0.01384083044982699,0.3014225297962323,4604348
101,08,RAJASTHAN,HANUMANGARH,0.0068547600934966675,0.13016532103040546,0.13588619761637488,0.14769703960013492,1086156.6451240866,0.08751812683081388,-0.09356401384083046,0.22145328719723184,12428490
102,08,RAJASTHAN,JAIPUR,-0.02220684352172142,0.14769703960001676,0.1599999999999315,0.17279507881583783,1388818.7591322109,0.09961251512061825,-0.17279507881584008,0.28444444444444444,13958482
103,08,RAJASTHAN,JAISALMER,-0.017777777777779415,0.10851211072661189,0.1245674740484743,0.14769703960016936,2587512.8495670934,0.053715117967877396,-0.12456747404844293,0.29287197231833906,48195167
104,08,RAJASTHAN,JALOR,0.027128027681662385,0.13588619761631007,0.14173010380626855,0.15378700499804174,1234009.3978516234,0.09409154628504868,-0.09356401384083046,0.2679584775086506,13130168
105,08,RAJASTHAN,JHALAWAR,0.03844675124952013,0.19986159169559867,0.21413302575925416,0.22145328719723942,1257917.2418603764,0.16188862394016978,-0.05911572472126105,0.29287197231833906,7785147
106,08,RAJASTHAN,JHUNJHUNUN,-0.01205690119184884,0.13016532103031656,0.1358861976163448,0.14769703960017358,625560.1280931564,0.0835230251184433,-0.14173010380622836,0.2679584775086506,7500078
107,08,RAJASTHAN,JODHPUR,-0.008858131487889215,0.10340638216074426,0.1190926566705331,0.13588619761634077,1726103.5349466635,0.06092002190451984,-0.12456747404844293,0.29287197231833906,28354930
108,08,RAJASTHAN,KARAULI,-0.024605920799692264,0.14769703960011407,0.15378700499801443,0.16633602460591135,572170.6994897091,0.09147291262933525,-0.16633602460592078,0.2519646289888504,6265890
100,08,RAJASTHAN,GANGANAGAR,-0.0026360443923668354,0.12456747404829561,0.13588619761633342,0.14173010380621412,1201089.0766835054,0.08585920475877074,-0.11374086889657825,0.21413302575932336,14004924
109,08,RAJASTHAN,KOTA,0.012056901191848527,0.19986159169569426,0.20693579392537442,0.21413302575926035,911680.375802641,0.14534627872079686,-0.09356401384083046,0.3014225297962323,6284796
110,08,RAJASTHAN,NAGAUR,-0.013840830449826721,0.11909265667053757,0.1358861976162771,0.14769703960008806,1389533.1256414794,0.062283890498113316,-0.11909265667051133,0.2679584775086506,22328531
111,08,RAJASTHAN,PALI,0.029773164167627268,0.1537870049979815,0.16633602460585722,0.17937716262979422,1662692.9906657548,0.10840252964263108,-0.08882737408688965,0.31009611687812383,15355856
629,08,RAJASTHAN,PRATAPGARH,0.05911572472126099,0.1998615916956054,0.20693579392537448,0.22145328719721083,836306.7065315079,0.15416060179415306,-0.041584006151480196,0.3188927335640138,5433909
112,08,RAJASTHAN,RAJ SAMAND,0.019930795847750687,0.15999999999997755,0.17279507881585093,0.18608227604769664,611839.4565454478,0.10715356571392712,-0.1085121107266436,0.34602076124567477,5723908
113,08,RAJASTHAN,SAWAI MADHOPUR,-0.017777777777778503,0.1599999999999275,0.17279507881578227,0.1793771626298123,717813.9788228545,0.11484808189950182,-0.13588619761630144,0.2761399461745483,6261504
114,08,RAJASTHAN,SIKAR,-0.032541330257593454,0.11909265667053738,0.13588619761634055,0.1476970396001737,686623.8026274304,0.0705463325789471,-0.19986159169550174,0.24415224913494812,9747199
115,08,RAJASTHAN,SIROHI,0.013840830449826988,0.15378700499799086,0.16633602460584643,0.17937716262979597,664828.3906100937,0.10532215609347445,-0.09842368319876971,0.3188927335640138,6321547
116,08,RAJASTHAN,TONK,0.044844290657443144,0.16633602460578187,0.17279507881572986,0.18608227604769736,1196583.682515512,0.13376687672330947,-0.1085121107266436,0.28444444444444444,8958642
117,08,RAJASTHAN,UDAIPUR,0.03254133025759298,0.17937716262983364,0.1929104190695364,0.20693579392538167,1797296.2513850962,0.12519737424930355,-0.0629911572472126,0.3278123798539023,14373207
225,11,SIKKIM,EAST,-0.012961475331856688,0.26795847750868945,0.30142252979618767,0.33685505574779273,176866.40085833526,0.15019022103735788,-0.09842368319876971,0.4340484429065744,1180616
226,11,SIKKIM,NORTH,0.05536332179930767,0.29287197231836926,0.3100961168781318,0.32781237985391803,1038833.9061091966,0.1949620347339487,-0.08421376393694734,0.42377547097270285,5335204
227,11,SIKKIM,SOUTH,0.021118176492908126,0.2679584775086803,0.3014225297961995,0.3278123798538887,149991.240484972,0.16316372854838118,-0.08882737408688965,0.4444444444444444,922577
228,11,SIKKIM,WEST,-0.016774210876270897,0.2519646289888446,0.2761399461745411,0.30142252979620043,207184.3938007894,0.137298746184762,-0.12456747404844293,0.42377547097270285,1512801
610,33,TAMIL NADU,ARIYALUR,0.04158400615148113,0.22889657823911136,0.2599000384467555,0.28444444444446904,341583.2794389027,0.15491075940507976,-0.04822760476739715,0.34602076124567477,2209715
730,33,TAMIL NADU,CHENGALPATTU,0.04484429065743844,0.2761399461744843,0.30142252979625156,0.3100961168781628,591870.4372561438,0.18977425090562325,-0.07535563244905807,0.37425605536332185,3125557
568,33,TAMIL NADU,CHENNAI,0.0517339484813535,0.17937716262975112,0.20693579392541128,0.23646289888505329,49418.979241200366,0.12892589649429007,-0.03254133025759323,0.3188927335640138,385506
569,33,TAMIL NADU,COIMBATORE,0.013840830449826709,0.2069357939253765,0.2214532871972098,0.236462898885026,768245.4315007017,0.14296614371814012,-0.11374086889657825,0.37425605536332185,5383851
570,33,TAMIL NADU,CUDDALORE,0.03844675124952056,0.2519646289890405,0.26795847750870166,0.2844444444444712,735171.987615093,0.1740553849486233,-0.12456747404844293,0.3553094963475586,4233341
571,33,TAMIL NADU,DHARMAPURI,-0.027128027681660286,0.19291041906953107,0.20693579392538106,0.2288965782391342,603468.9472324919,0.11738870377075411,-0.12456747404844293,0.33685505574778934,5150772
572,33,TAMIL NADU,DINDIGUL,-0.0415840061514811,0.17279507881581582,0.19291041906957823,0.22145328719722074,681997.6301160839,0.09913328375724757,-0.15378700499807765,0.33685505574778934,6891183
573,33,TAMIL NADU,ERODE,-0.006816493945268532,0.21413302575922338,0.22889657823910317,0.24415224913498318,786793.2724075328,0.13497209812707658,-0.11374086889657825,0.33685505574778934,5843263
574,33,TAMIL NADU,KANCHIPURAM,0.0669896193771609,0.2679584775087049,0.2844444444444807,0.3014225297961865,382777.25245864515,0.191157146169849,-0.044844290657439445,0.3553094963475586,2010389
729,33,TAMIL NADU,KALLAKKURICHI,0.013840830449827417,0.2441522491350593,0.2599000384467649,0.28444444444447053,701162.4688978984,0.173822765090575,-0.11374086889657825,0.36472126105344094,4041352
575,33,TAMIL NADU,KANYAKUMARI,-0.025853594112167727,0.20693579392538264,0.23646289888503422,0.2761399461745224,230257.96163632174,0.12134781457104553,-0.13016532103037293,0.3839138792772011,1902020
576,33,TAMIL NADU,KARUR,0.012056901191848941,0.16633602460592517,0.19291041906958895,0.22145328719723165,322372.25356178335,0.09753001184488552,-0.11374086889657825,0.3014225297962323,3313874
578,33,TAMIL NADU,MADURAI,-0.03254133025759284,0.21413302575925225,0.23646289888498462,0.2599000384467432,542353.1823675898,0.12890123407920803,-0.14173010380622836,0.34602076124567477,4217505
587,33,TAMIL NADU,NILGIRIS,-0.02712802768166097,0.19986159169548365,0.2214532871972022,0.24415224913492758,300342.1253275183,0.10831351074526568,-0.13588619761630144,0.3553094963475586,2779224
579,33,TAMIL NADU,NAGAPATTINAM,0.04822760476739724,0.2679584775087107,0.27613994617445786,0.2928719723183828,553808.7141973634,0.189605025605577,-0.06698961937716265,0.34602076124567477,2930267
580,33,TAMIL NADU,NAMAKKAL,-0.009647468845064193,0.1929104190695688,0.20693579392538589,0.22145328719723173,504332.1246134639,0.129389133192953,-0.15378700499807765,0.37425605536332185,3905479
581,33,TAMIL NADU,PERAMBALUR,0.012056901191849233,0.2141330257592056,0.22889657823910362,0.2441522491349285,326787.9491722054,0.16324108906361673,-0.11374086889657825,0.34602076124567477,2007167
582,33,TAMIL NADU,PUDUKKOTTAI,0.03844675124952002,0.2141330257592247,0.22889657823909915,0.24415224913494066,712351.811678173,0.13471213975232796,-0.09842368319876971,0.3278123798539023,5299699
583,33,TAMIL NADU,RAMANATHAPURAM,-0.012056901191849247,0.20693579392537598,0.22145328719724314,0.22889657823910872,588775.772348579,0.12645282824034493,-0.16633602460592078,0.31009611687812383,4668989
731,33,TAMIL NADU,RANIPPETTAI,0.08421376393694735,0.2928719723184063,0.30142252979628414,0.3188927335640583,464382.052748,0.2188648592142878,-0.03844675124951941,0.36472126105344094,2128423
584,33,TAMIL NADU,SALEM,-0.02220684352172194,0.19986159169548248,0.21413302575926269,0.23646289888505326,852329.7496184236,0.12433809239811447,-0.12456747404844293,0.34602076124567477,6871944
585,33,TAMIL NADU,SIVAGANGA,0.013840830449826976,0.19986159169548295,0.22145328719720914,0.2364628988850594,602879.2354786833,0.12522082552193936,-0.12456747404844293,0.33685505574778934,4827074
588,33,TAMIL NADU,TENI,-0.04158400615148095,0.19986159169548345,0.2288965782391315,0.2761399461745535,385080.80165997957,0.11834209526646312,-0.16000000000000003,0.40359861591695495,3260399
733,33,TAMIL NADU,TENKASI,-0.0369336663008796,0.22145328719720148,0.25196462898884464,0.2844444444444679,405209.37806175154,0.12735966734086918,-0.17937716262975778,0.39369473279507883,3188221
586,33,TAMIL NADU,THANJAVUR,0.048227604767394225,0.2599000384468351,0.2761399461745404,0.29287197231835715,690872.0101240717,0.17725930636724235,-0.11374086889657825,0.36472126105344094,3908681
590,33,TAMIL NADU,THIRUVARUR,0.06698961937716232,0.27613994617441956,0.2844444444444706,0.2928719723183565,526628.1125695272,0.2044169217165983,-0.05536332179930796,0.34602076124567477,2584269
591,33,TAMIL NADU,TIRUCHIRAPALLI,-0.025857413434939823,0.206935793925381,0.2364628988849989,0.25990003844676723,631258.7938570403,0.12336753806839786,-0.14769703960015382,0.3553094963475586,5131417
592,33,TAMIL NADU,TIRUNELVELI,-0.036903750748347224,0.19986159169548515,0.2519646289888446,0.3100961168780899,417912.5072866738,0.09518759506559335,-0.14769703960015382,0.40359861591695495,4398780
634,33,TAMIL NADU,TIRUPPUR,0.0246059207996916,0.1727950788158153,0.19291041906958667,0.21413302575933177,679465.4792572148,0.11485951827559798,-0.1085121107266436,0.3278123798539023,5928070
732,33,TAMIL NADU,TIRUPPATTUR,-0.021045007953841538,0.20693579392537717,0.2214532871972028,0.23646289888506014,305635.15660942835,0.12610686310679098,-0.14173010380622836,0.37425605536332185,2429659
589,33,TAMIL NADU,TIRUVALLUR,0.05173394848135308,0.2679584775087068,0.28444444444447936,0.29287197231832995,710615.2748281828,0.19160534432570128,-0.07972318339100345,0.3553094963475586,3721243
593,33,TAMIL NADU,TIRUVANNAMALAI,-0.00449074235433015,0.2761399461744332,0.292871972318396,0.3100961168781744,1318737.04495378,0.18644784334280973,-0.12456747404844293,0.37425605536332185,7086228
594,33,TAMIL NADU,TUTICORIN,-0.055363321799307856,0.15999999999994965,0.17937716262980524,0.19291041906960088,512776.92284972005,0.0955944013493213,-0.21413302575932336,0.31009611687812383,5373009
595,33,TAMIL NADU,VELLORE,-0.006797619432480198,0.22889657823911336,0.24415224913493513,0.26795847750866564,333724.17858062364,0.1380522533629641,-0.08421376393694734,0.36472126105344094,2425418
596,33,TAMIL NADU,VILLUPURAM,0.06698961937716154,0.2599000384468796,0.27613994617450566,0.29287197231831774,836389.7787753702,0.19980334134183655,-0.05173394848135333,0.3553094963475586,4197052
597,33,TAMIL NADU,VIRUDHUNAGAR,-0.0068287919281303944,0.1793771626298173,0.1929104190695897,0.2214532871972156,556829.7969743512,0.11585819252013464,-0.13588619761630144,0.3553094963475586,4816093
577,33,TAMIL NADU,KRISHNAGIRI,0.004491045390765449,0.19291041906954132,0.2141330257592703,0.22889657823912035,757742.9675081464,0.1288893195025472,-0.09842368319876971,0.3278123798539023,5891097
501,36,TELANGANA,ADILABAD,0.1034063821607085,0.22145328719721682,0.22889657823909726,0.2441522491349268,840802.6525143762,0.17753908752520722,0.012056901191849288,0.31009611687812383,4743469
507,36,TELANGANA,HYDERABAD,0.11374086889657849,0.19986159169548373,0.20693579392539027,0.21413302575933016,37835.158236797,0.16881423271439142,0.05173394848135333,0.28444444444444444,225991
508,36,TELANGANA,KARIMNAGAR,0.13016532103036707,0.25990003844689336,0.2679584775087053,0.276139946174549,519678.03351883165,0.22031530837132948,0.017777777777777778,0.3188927335640138,2364683
690,36,TELANGANA,BHADRADRI KOTHAGUDEM,0.06299115724721133,0.2599000384468876,0.27613994617447063,0.29287197231830214,1563931.4536334374,0.19307730738469409,-0.07535563244905807,0.37425605536332185,8112200
512,36,TELANGANA,MAHABUBNAGAR,0.08421376393695278,0.2364628988850728,0.2441522491350387,0.2599000384467535,609458.0050768694,0.1864067016959955,0.010396001537870049,0.3278123798539023,3277821
692,36,TELANGANA,SIDDIPET,0.08882737408689045,0.2441522491350878,0.251964628988976,0.26795847750868174,845763.9835679175,0.1942367134180304,-0.002214532871972318,0.3188927335640138,4362172
514,36,TELANGANA,NALGONDA,0.07972318339101452,0.26795847750865437,0.2844444444443126,0.2928719723184204,1626937.2370546504,0.19343299948382356,-0.012056901191849288,0.34602076124567477,8420108
516,36,TELANGANA,NIZAMABAD,0.09356401384082232,0.2679584775086631,0.27613994617441895,0.2844444444444807,1048518.1635214657,0.21110665331732487,0.01574778931180315,0.33685505574778934,4973584
518,36,TELANGANA,RANGAREDDY,0.07972318339100912,0.2141330257592755,0.2288965782391046,0.2364628988850201,983752.6964250613,0.1683919532752919,-0.002214532871972318,0.3278123798539023,5852435
720,36,TELANGANA,MULUGU,0.06698961937716513,0.24415224913506164,0.2599000384467852,0.2679584775087007,814752.0520752803,0.16142296052730012,-0.041584006151480196,0.33685505574778934,5054976
695,36,TELANGANA,JOGULAMBA GADWAL,0.10851211072665759,0.22889657823909473,0.23646289888508426,0.2441522491350445,531279.3425151508,0.17761198262039585,0.019930795847750864,0.3014225297962323,2996596
699,36,TELANGANA,KUMURAM BHEEM,0.08882737408688733,0.21413302575921525,0.228896578239104,0.23646289888502334,895222.0796232185,0.1666804784595122,5.536332179930795E-4,0.3188927335640138,5379788
684,36,TELANGANA,MANCHERIAL,0.08421376393696192,0.22889657823909434,0.24415224913501726,0.2519646289889127,763146.7780650513,0.16753434174104972,-0.01384083044982699,0.3188927335640138,4563416
680,36,TELANGANA,NIRMAL,0.09356401384082254,0.2364628988850025,0.24415224913509762,0.2519646289889369,812901.6959692173,0.18512900809392022,0.019930795847750864,0.3188927335640138,4400168
685,36,TELANGANA,KAMAREDDY,0.09356401384085514,0.25196462898905153,0.2599000384468641,0.2679584775087015,863023.3862971971,0.19577165979781788,0.03254133025759323,0.33685505574778934,4417377
691,36,TELANGANA,SANGAREDDY,0.09356401384082416,0.22145328719729887,0.23646289888501867,0.2519646289888446,941121.8841302296,0.18020480141478512,0.010396001537870049,0.3188927335640138,5234286
694,36,TELANGANA,NAGARKURNOOL,0.04484429065744713,0.2069357939253737,0.2214532871972798,0.23646289888504918,1060976.2806418343,0.14693416849438096,-0.0271280276816609,0.31009611687812383,7230954
693,36,TELANGANA,WANAPARTHY,0.09356401384082624,0.23646289888511698,0.24415224913506195,0.25990003844675386,482257.80081148236,0.19003437276093293,0.002214532871972318,0.31009611687812383,2543857
721,36,TELANGANA,NARAYANPET,0.1085121107266455,0.23646289888510058,0.2441522491350346,0.251964628988891,529047.130013038,0.18845779252915332,0.007443291041906958,0.31009611687812383,2813898
698,36,TELANGANA,VIKARABAD,0.10340638216070878,0.22145328719727086,0.22889657823909737,0.24415224913496505,762594.364048675,0.1759648994565695,0.017777777777777778,0.3188927335640138,4341820
700,36,TELANGANA,MEDCHAL-MALKAJGIRI,0.08882737408688211,0.21413302575923635,0.2288965782391194,0.2364628988850385,215932.45519303647,0.17138868353493952,0.008858131487889272,0.31009611687812383,1263977
697,36,TELANGANA,YADADRI BHUVANAGIRI,0.09842368319876778,0.25990003844690057,0.27613994617441806,0.2844444444444818,723906.534793844,0.19145693051479015,9.84236831987697E-4,0.34602076124567477,3788544
696,36,TELANGANA,SURYAPET,0.12456747404844747,0.28444444444427647,0.28444444444427647,0.2928719723184341,991979.233581771,0.23614629558001823,-0.010396001537870049,0.34602076124567477,4207558
509,36,TELANGANA,KHAMMAM,0.07111111111111638,0.28444444444434425,0.29287197231840584,0.30142252979619827,1235530.6897963912,0.2258170587014491,-0.05911572472126105,0.37425605536332185,5483474
688,36,TELANGANA,MAHABUBABAD,0.06698961937716709,0.2679584775087138,0.27613994617446963,0.28444444444447725,824967.9899860858,0.1986567401620448,-0.041584006151480196,0.34602076124567477,4159758
689,36,TELANGANA,JANGAON,0.10851211072664195,0.2599000384468688,0.2679584775087095,0.2844444444444759,595002.8904507203,0.20930197993584165,-0.006151480199923107,0.3278123798539023,2848930
686,36,TELANGANA,WARANGAL (URBAN),0.10340638216070651,0.251964628988997,0.2599000384467629,0.26795847750868623,286869.2674470615,0.2097608631964237,-0.029773164167627833,0.3278123798539023,1371299
522,36,TELANGANA,WARANGAL (RURAL),0.1245674740484403,0.25990003844688714,0.267958477508707,0.2761399461745116,582805.490445886,0.2219875761883141,-0.003936947327950788,0.33685505574778934,2631366
687,36,TELANGANA,JAYASHANKAR BHUPALAPALLY,0.08882737408688618,0.23646289888503869,0.2441522491349892,0.25990003844675924,583084.4009208069,0.17221715925227962,0.003014225297962322,0.3188927335640138,3392864
682,36,TELANGANA,PEDDAPALLI,0.07972318339100688,0.25196462898904703,0.2599000384468238,0.26795847750869356,510884.9565483834,0.19755823679652512,-0.017777777777777778,0.3278123798539023,2590845
681,36,TELANGANA,JAGTIAL,0.08882737408688286,0.25196462898901545,0.25990003844690046,0.2679584775087005,690325.350451564,0.20274530366391671,-0.006151480199923107,0.3188927335640138,3410637
683,36,TELANGANA,RANJANNA SIRCILLA,0.07535563244905355,0.25990003844687914,0.2679584775087051,0.2761399461744923,413820.4037676917,0.19436062483067254,0.010396001537870049,0.3278123798539023,2133794
513,36,TELANGANA,MEDAK,0.08882737408688453,0.24415224913512287,0.25196462898897337,0.25990003844677584,619119.4212782059,0.1918618882177871,0.022206843521722412,0.3188927335640138,3235035
269,16,TRIPURA,DHALAI,0.017777777777777767,0.22145328719721355,0.2519646289888447,0.27613994617452836,378809.0887279483,0.13621008170056323,-0.07111111111111111,0.36472126105344094,2787504
654,16,TRIPURA,GOMATI,0.017777777777777358,0.2288965782391143,0.25196462898884453,0.26795847750866636,276543.0601349049,0.1403548800233207,-0.07535563244905807,0.36472126105344094,1976295
652,16,TRIPURA,KHOWAI,0.022206843521722423,0.24415224913492764,0.2679584775086787,0.28444444444446165,193733.83330487512,0.15086856635342927,-0.07111111111111111,0.3553094963475586,1288086
270,16,TRIPURA,NORTH TRIPURA,0.013840830449826815,0.22889657823912238,0.25196462898884475,0.2679584775086465,235630.77506856824,0.1432313174968149,-0.06698961937716265,0.34602076124567477,1650811
653,16,TRIPURA,SEPAHIJALA,0.01993079584775107,0.2441522491349229,0.25990003844676984,0.27613994617453624,203494.93309772306,0.15780933727481394,-0.05911572472126105,0.3553094963475586,1294414
271,16,TRIPURA,SOUTH TRIPURA,0.013840830449826843,0.2364628988850215,0.2519646289888446,0.26795847750866986,254695.4274431705,0.143482039491096,-0.07111111111111111,0.3553094963475586,1781389
655,16,TRIPURA,UNOKOTI,0.03844675124951882,0.2519646289889411,0.2679584775086934,0.276139946174551,140471.23055479486,0.16656169247608282,-0.04822760476739715,0.36472126105344094,846595
272,16,TRIPURA,WEST TRIPURA,0.017777777777777413,0.2364628988850342,0.2519646289888445,0.2679584775086655,180843.1684601622,0.15707512695217765,-0.05911572472126105,0.34602076124567477,1154860
118,09,UTTAR PRADESH,AGRA,0.06698961937716287,0.21413302575933074,0.2288965782390969,0.23646289888500407,864264.4247275965,0.17050208180917262,-0.08882737408688965,0.3188927335640138,5084762
119,09,UTTAR PRADESH,ALIGARH,0.07111111111111675,0.18608227604767633,0.19986159169554452,0.20693579392537814,679327.2437633588,0.14497470778742205,-0.03543252595155709,0.2679584775086506,4695914
121,09,UTTAR PRADESH,AMBEDKARNAGAR,0.1663360246059244,0.26795847750836327,0.26795847750836327,0.27613994617444837,686382.8593410811,0.23666280306260223,0.008858131487889272,0.3278123798539023,2907631
640,09,UTTAR PRADESH,AMETHI,0.1537870049980857,0.24415224913520941,0.25196462898895694,0.2599000384468458,659057.1285468066,0.21827591190904405,0.01574778931180315,0.3188927335640138,3027141
154,09,UTTAR PRADESH,AMROHA,0.024605920799691455,0.130165321030345,0.14173010380622178,0.15999999999999914,269259.49469997245,0.08608058630808264,-0.04822760476739715,0.2761399461745483,3135410
122,09,UTTAR PRADESH,AURAIYA,0.11909265667051051,0.22889657823908535,0.22889657823908535,0.23646289888506897,495957.5084148584,0.19686112267722639,-0.004982698961937716,0.29287197231833906,2525028
123,09,UTTAR PRADESH,AZAMGARH,0.16633602460592498,0.2519646289887634,0.25990003844691656,0.2679584775086992,1198301.408824196,0.22894677935480223,-0.006151480199923107,0.3278123798539023,5243512
133,09,UTTAR PRADESH,BUDAUN,0.1034063821607207,0.2141330257593243,0.22145328719734877,0.23646289888513772,939174.8576771005,0.17458589880494682,-0.0015378700499807767,0.3014225297962323,5388312
124,09,UTTAR PRADESH,BAGHPAT,0.013840830449827216,0.12456747404846782,0.13588619761632212,0.14173010380623186,127708.8497446368,0.07569563423407139,-0.05536332179930796,0.22145328719723184,1691561
125,09,UTTAR PRADESH,BAHRAICH,0.08421376393695236,0.236462898884873,0.2441522491351547,0.2519646289889367,1256887.5868339755,0.2016598045966213,-0.019930795847750864,0.3278123798539023,6244557
126,09,UTTAR PRADESH,BALLIA,0.11374086889657863,0.25196462898865746,0.2599000384469036,0.26795847750869717,827830.379505957,0.22320209073778205,0.010396001537870049,0.3188927335640138,3717530
127,09,UTTAR PRADESH,BALRAMPUR,0.12456747404845124,0.2679584775083869,0.2761399461743778,0.28444444444435474,953176.2142654214,0.22675404301460284,0.03543252595155709,0.3553094963475586,4212204
128,09,UTTAR PRADESH,BANDA,0.13016532103036996,0.2519646289889436,0.2519646289889436,0.25990003844683013,1213555.530328111,0.22050947988520403,0.01384083044982699,0.34602076124567477,5516307
129,09,UTTAR PRADESH,BARABANKI,0.13016532103037157,0.23646289888504285,0.24415224913510686,0.25196462898892863,994487.1836903564,0.20669442225735468,-6.151480199923106E-5,0.3188927335640138,4821092
130,09,UTTAR PRADESH,BAREILLY,0.09356401384084372,0.20693579392537156,0.221453287197259,0.22889657823910559,893159.9651944077,0.17087683102197537,-0.004982698961937716,0.29287197231833906,5236856
131,09,UTTAR PRADESH,BASTI,0.15999999999999903,0.2599000384470005,0.26795847750866014,0.2761399461744476,816283.5287567005,0.23437675872657548,0.012056901191849288,0.33685505574778934,3489747
179,09,UTTAR PRADESH,BHADOHI,0.15999999999999753,0.25990003844694726,0.25990003844694726,0.26795847750870716,289858.9015658615,0.2313157144707828,0.03844675124951941,0.3188927335640138,1258326
132,09,UTTAR PRADESH,BIJNOR,-9.037397242679015E-4,0.10851211072664431,0.1190926566705288,0.13588619761631524,385218.2104347724,0.06540646529974839,-0.08421376393694734,0.2679584775086506,5897437
134,09,UTTAR PRADESH,BULANDSHAHR,0.02712802768166117,0.15378700499798162,0.16633602460584343,0.17937716262980263,468494.7253014269,0.10509577885027942,-0.07535563244905807,0.28444444444444444,4465675
135,09,UTTAR PRADESH,CHANDAULI,0.06698961937716673,0.2441522491352499,0.25196462898910277,0.2599000384468183,618294.8015557333,0.196761809252483,-0.017777777777777778,0.3188927335640138,3149762
136,09,UTTAR PRADESH,CHITRAKOOT,0.07972318339101407,0.25196462898888033,0.2599000384468424,0.26795847750868873,781137.9872514427,0.1984186653333503,-0.002214532871972318,0.3278123798539023,3947058
137,09,UTTAR PRADESH,DEORIA,0.1599999999999987,0.2599000384469036,0.2599000384469036,0.26795847750870183,724560.1370467446,0.22931147118260914,0.01574778931180315,0.3278123798539023,3167421
140,09,UTTAR PRADESH,AYODHYA,0.1301653210303682,0.24415224913513775,0.24415224913513775,0.25196462898894906,697267.2546612746,0.2077680177575559,0.007443291041906958,0.31009611687812383,3363207
138,09,UTTAR PRADESH,ETAH,0.13016532103037073,0.22889657823908452,0.23646289888509936,0.24415224913500885,592752.2234904341,0.19451265834372009,0.017777777777777778,0.3188927335640138,3057112
139,09,UTTAR PRADESH,ETAWAH,0.07111111111111534,0.22889657823908652,0.23646289888509608,0.2441522491349254,545085.112816843,0.1875853955777151,-0.01574778931180315,0.3014225297962323,2912455
141,09,UTTAR PRADESH,FARRUKHABAD,0.10340638216070397,0.21413302575921772,0.22145328719729396,0.22889657823910656,479294.9279012605,0.17496386908419403,-0.01574778931180315,0.28444444444444444,2746061
142,09,UTTAR PRADESH,FATEHPUR,0.14769703960015235,0.2441522491352366,0.2519646289890282,0.25990003844678694,1134001.0324853694,0.21932413198895692,0.004982698961937716,0.3278123798539023,5179341
143,09,UTTAR PRADESH,FIROZABAD,0.12456747404844412,0.22889657823908593,0.2364628988850882,0.24415224913493566,592637.1233593862,0.19525458663832682,-0.017777777777777778,0.29287197231833906,3043033
144,09,UTTAR PRADESH,GAUTAMBUDHNAGAR,0.01574778931180291,0.14173010380622472,0.1476970396001697,0.16000000000000017,179612.12085657762,0.1001909228595743,-0.07972318339100345,0.2364628988850442,1799130
146,09,UTTAR PRADESH,GAZIPUR,0.14769703960014963,0.25196462898893707,0.25196462898893707,0.2599000384468505,939112.313701117,0.2245098345614124,0.017777777777777778,0.3188927335640138,4191005
145,09,UTTAR PRADESH,GHAZIABAD,0.012056901191849273,0.13016532103033773,0.14173010380621226,0.1537870049980851,93927.90458506068,0.08097410267625016,-0.08421376393694734,0.22145328719723184,1164347
147,09,UTTAR PRADESH,GONDA,0.14173010380623483,0.24415224913518765,0.25196462898902616,0.2599000384467997,1059288.5516315706,0.21236557802572864,0.007443291041906958,0.3188927335640138,4997607
148,09,UTTAR PRADESH,GORAKHPUR,0.14173010380623055,0.25196462898908845,0.2599000384468862,0.2679584775087015,934186.1317792924,0.22474373316717924,-0.003936947327950788,0.33685505574778934,4167218
149,09,UTTAR PRADESH,HAMIRPUR,0.08421376393694638,0.24415224913524491,0.2519646289891092,0.25990003844680487,1015434.8067326479,0.2104036239319713,-0.004982698961937716,0.3278123798539023,4836349
661,09,UTTAR PRADESH,HAPUR,0.008858131487889198,0.1190926566705295,0.13016532103034467,0.14173010380623682,105516.94698552159,0.07427475502972646,-0.06698961937716265,0.2288965782391388,1425629
150,09,UTTAR PRADESH,HARDOI,0.13016532103037054,0.2288965782390818,0.2364628988850779,0.2441522491350474,1501397.981802311,0.19971069682292705,-0.003936947327950788,0.31009611687812383,7529334
163,09,UTTAR PRADESH,HATHRAS,0.10340638216072234,0.1998615916955493,0.20693579392538067,0.21413302575927054,357496.5066087364,0.15937080855525124,0.002214532871972318,0.3014225297962323,2250134
151,09,UTTAR PRADESH,JALAUN,0.08882737408688675,0.22889657823908124,0.23646289888512306,0.24415224913501107,1133928.498766073,0.19997787440431514,-0.017777777777777778,0.3014225297962323,5680240
152,09,UTTAR PRADESH,JAUNPUR,0.1727950788158496,0.2599000384469468,0.2599000384469468,0.2679584775087047,1155772.9419481345,0.23125772225998922,0.017777777777777778,0.3278123798539023,5008032
153,09,UTTAR PRADESH,JHANSI,0.07111111111111429,0.23646289888476413,0.24415224913512246,0.2519646289889525,1224653.8208384616,0.1972131033386459,-0.024605920799692427,0.3278123798539023,6229627
155,09,UTTAR PRADESH,KANNAUJ,0.10851211072665157,0.21413302575921225,0.22145328719726307,0.228896578239112,447954.4546626485,0.1711346986806857,-2.4605920799692423E-4,0.28444444444444444,2623727
157,09,UTTAR PRADESH,KANPUR,0.11909265667050839,0.2364628988848727,0.24415224913510936,0.25196462898888705,756358.8000459466,0.20254775121992316,0.004982698961937716,0.3188927335640138,3743531
156,09,UTTAR PRADESH,KANPUR DEHAT,0.13588619761630036,0.23646289888516636,0.23646289888516636,0.2441522491350839,798442.3928679964,0.20293979369893708,-0.029773164167627833,0.3014225297962323,3941798
633,09,UTTAR PRADESH,KASGANJ,0.11909265667051341,0.21413302575925217,0.22145328719731944,0.22889657823909873,450647.7192995219,0.18251307611223136,-0.007443291041906958,0.29287197231833906,2475748
158,09,UTTAR PRADESH,KAUSHAMBI,0.16000000000000292,0.2519646289890313,0.25990003844689397,0.2679584775086978,505910.04095662327,0.2286336469161754,0.0271280276816609,0.3188927335640138,2218096
159,09,UTTAR PRADESH,KHERI,0.07111111111111525,0.21413302575931015,0.22145328719721782,0.236462898885016,1650928.9178828197,0.1697778484658652,-0.05911572472126105,0.3278123798539023,9738027
160,09,UTTAR PRADESH,KUSHINAGAR,0.13588619761630258,0.25990003844695475,0.26795847750836216,0.2761399461744069,787316.6298133446,0.21898140720431458,0.010396001537870049,0.3278123798539023,3604253
161,09,UTTAR PRADESH,LALITPUR,0.05911572472126463,0.228896578239097,0.23646289888495045,0.24415224913509673,1152843.4092176494,0.1861082844137036,-0.022206843521722412,0.3014225297962323,6203252
162,09,UTTAR PRADESH,LUCKNOW,0.09356401384082426,0.23646289888504013,0.24415224913511335,0.2519646289889507,606091.8674629533,0.19162905024443613,-0.017777777777777778,0.3278123798539023,3170059
165,09,UTTAR PRADESH,MAHOBA,0.09842368319877036,0.2519646289888152,0.2519646289888152,0.2599000384468672,882231.5302981555,0.21867065895852628,-0.012056901191849288,0.3188927335640138,4045255
166,09,UTTAR PRADESH,MAINPURI,0.13588619761631512,0.2364628988849394,0.24415224913511788,0.24415224913511788,696412.1885032686,0.20277231944634988,0.022206843521722412,0.3188927335640138,3441554
167,09,UTTAR PRADESH,MATHURA,0.07111111111111618,0.17937716262965728,0.19291041906952358,0.19986159169548307,597779.653665095,0.14213846881341516,-0.05536332179930796,0.2761399461745483,4213749
168,09,UTTAR PRADESH,MAU,0.14769703960015323,0.25196462898914473,0.25990003844685516,0.267958477508693,491046.0064966046,0.22778415413596265,9.84236831987697E-4,0.33685505574778934,2161729
169,09,UTTAR PRADESH,MEERUT,-0.00678788000680989,0.09842368319874722,0.10851211072666023,0.1245674740484571,169633.6399090495,0.05128409767970543,-0.08421376393694734,0.2519646289888504,3314219
170,09,UTTAR PRADESH,MIRZAPUR,0.07535563244905047,0.2441522491352071,0.2519646289890584,0.25990003844684656,1061150.4727471299,0.1951888700020686,-0.017777777777777778,0.3278123798539023,5447558
171,09,UTTAR PRADESH,MORADABAD,0.0591157247212645,0.15999999999993855,0.16633602460582808,0.17937716262979603,302000.29787514964,0.1216960838988871,-0.03844675124951941,0.2519646289888504,2489342
172,09,UTTAR PRADESH,MUZAFFARNAGAR,-0.019930795847750857,0.07535563244905466,0.08882737408688603,0.10340638216070831,122737.96194125766,0.03502002530703187,-0.11374086889657825,0.2288965782391388,3511799
173,09,UTTAR PRADESH,PILIBHIT,0.05536332179930283,0.206935793925374,0.21413302575920876,0.2214532871972439,754040.7887287724,0.15782626636071567,-0.05173394848135333,0.3014225297962323,4788939
174,09,UTTAR PRADESH,PRATAPGARH,0.15378700499808604,0.2519646289889047,0.2599000384469038,0.2679584775086982,1031544.1866437809,0.2240798783798019,0.029773164167627833,0.3188927335640138,4613609
175,09,UTTAR PRADESH,RAIBEARELI,0.1537870049980851,0.24415224913523795,0.251964628989093,0.2599000384468172,1071430.5098769206,0.21926361563213706,0.012056901191849288,0.31009611687812383,4896223
176,09,UTTAR PRADESH,RAMPUR,0.055363321799307905,0.17937716262975198,0.1929104190695518,0.19986159169548395,416493.75392967375,0.13830867449238052,-0.05911572472126105,0.2599000384467512,3018922
177,09,UTTAR PRADESH,SAHARANPUR,-0.022206843521720424,0.088827374086888,0.10851211072664564,0.13588619761629808,199770.65464719778,0.04176615969890942,-0.1085121107266436,0.34602076124567477,4790695
659,09,UTTAR PRADESH,SAMBHAL,0.06698961937717296,0.19291041906948797,0.19986159169568207,0.21413302575923315,444540.7471592071,0.14431698320824973,-0.022206843521722412,0.28444444444444444,3088314
178,09,UTTAR PRADESH,SANTKABIRNAGAR,0.15378700499807457,0.2679584775087129,0.27613994617447496,0.28444444444447375,486985.18702540034,0.2374190742244217,0.017777777777777778,0.33685505574778934,2058853
180,09,UTTAR PRADESH,SHAHJAHANPUR,0.11374086889658323,0.22145328719742616,0.22889657823908738,0.23646289888502947,1010680.1641816304,0.1854620365816231,-0.03254133025759323,0.3014225297962323,5462736
660,09,UTTAR PRADESH,SHAMLI,0.002659786936677976,0.10340638216073096,0.1137408688965904,0.13016532103037354,95535.43021045624,0.05900524219265312,-0.07111111111111111,0.2069357939254133,1623202
181,09,UTTAR PRADESH,SHRAWASTI,0.11374086889657327,0.25196462898909144,0.25196462898909144,0.259900038446787,516435.73210783734,0.21225054906330845,9.84236831987697E-4,0.3188927335640138,2439319
182,09,UTTAR PRADESH,SIDDHARTHNAGAR,0.18608227604768315,0.27613994617436105,0.28444444444429345,0.2928719723183563,903439.7151365482,0.24869509993805708,0.05536332179930796,0.3553094963475586,3640380
183,09,UTTAR PRADESH,SITAPUR,0.1301653210303702,0.2288965782390863,0.23646289888508454,0.24415224913500752,1408146.8120515791,0.1950544571906171,0.007443291041906958,0.3188927335640138,7230057
184,09,UTTAR PRADESH,SONBHADRA,0.051733948481346013,0.23646289888501998,0.24415224913509312,0.2519646289889304,1460562.3857184334,0.17307295670568237,-0.029773164167627833,0.3278123798539023,8450002
185,09,UTTAR PRADESH,SULTANPUR,0.153787004998086,0.2519646289889736,0.25990003844688436,0.2679584775086979,742435.1500681962,0.223154670424253,0.01384083044982699,0.3188927335640138,3335749
186,09,UTTAR PRADESH,UNNAO,0.12456747404845109,0.23646289888501085,0.2441522491351043,0.2519646289888986,1174034.729880615,0.2059012253381948,-0.010396001537870049,0.3188927335640138,5712341
187,09,UTTAR PRADESH,VARANASI,0.13016532103036502,0.25196462898904076,0.25196462898904076,0.2599000384468006,411177.9185263306,0.21713872830848555,0.022206843521722412,0.3278123798539023,1899363
120,09,UTTAR PRADESH,PRAYAGRAJ,0.11909265667051372,0.2599000384469676,0.26795847750870994,0.26795847750870994,1533215.3172068298,0.22695893251620025,-0.0271280276816609,0.34602076124567477,6766620
164,09,UTTAR PRADESH,MAHARAJGANJ,0.14173010380623655,0.26795847750854723,0.27613994617443,0.28444444444447864,862095.0260283124,0.2334366655046414,0.024605920799692427,0.37425605536332185,3700747
045,05,UTTARAKHAND,ALMORA,-0.055363321799307565,0.17279507881585027,0.20693579392539846,0.24415224913494302,278323.068509461,0.06893482182732713,-0.17937716262975778,0.3839138792772011,4045433
046,05,UTTARAKHAND,BAGESHWAR,-0.04822760476739536,0.23646289888500824,0.2599000384467693,0.292871972318355,308093.4236508781,0.10710611189891113,-0.16633602460592078,0.37425605536332185,2883079
048,05,UTTARAKHAND,CHAMPAWAT,-0.05173394848135466,0.19986159169548537,0.22889657823914,0.2679584775086508,211097.39231552416,0.09337848941107704,-0.16633602460592078,0.3839138792772011,2266165
049,05,UTTARAKHAND,DEHRADUN,-0.04158400615148105,0.1860822760476987,0.22889657823912893,0.2679584775086635,338763.82638921455,0.0845186100592943,-0.16633602460592078,0.40359861591695495,4018513
050,05,UTTARAKHAND,HARIDWAR,-0.02712802768166033,0.10851211072665876,0.13016532103036846,0.15999999999999992,153051.3988186616,0.05197054432806816,-0.13016532103037293,0.33685505574778934,2950783
051,05,UTTARAKHAND,NAINITAL,-0.04484429065743821,0.17279507881585107,0.19291041906959225,0.22889657823914475,428601.51505778206,0.0839913573240587,-0.16000000000000003,0.36472126105344094,5111706
052,05,UTTARAKHAND,PAURI GARHWAL,-0.07972318339100921,0.17937716262979017,0.21413302575933293,0.2519646289888449,466643.37683039845,0.06873257602771206,-0.1929104190695886,0.39369473279507883,6797764
054,05,UTTARAKHAND,RUDRAPRAYAG,-0.06299115724721131,0.24415224913492595,0.26795847750867974,0.29287197231836204,273178.494394627,0.106234554292127,-0.16633602460592078,0.39369473279507883,2576527
055,05,UTTARAKHAND,TEHRI GARHWAL,-0.06698961937716211,0.23646289888504768,0.2679584775086746,0.2928719723183502,478904.95880507276,0.09475439867563228,-0.186082276047674,0.40359861591695495,5065420
056,05,UTTARAKHAND,UDHAM SINGH NAGAR,0.01205690119184937,0.16633602460580443,0.17937716262982026,0.19291041906957132,408308.5350546776,0.11987230494380335,-0.07972318339100345,0.29287197231833906,3417188
047,05,UTTARAKHAND,CHAMOLI,-0.05536332179930728,0.2928719723184525,0.3100961168782231,0.3278123798538631,1696377.1460757377,0.16763819563201032,-0.186082276047674,0.42377547097270285,10130102
053,05,UTTARAKHAND,PITHORAGARH,-0.029773164167627878,0.2928719723184552,0.3100961168782354,0.3278123798538636,1571197.7409328674,0.16856007523206615,-0.17937716262975778,0.40359861591695495,9333695
057,05,UTTARAKHAND,UTTARKASHI,-0.016766713485943992,0.3014225297961702,0.31889273356392517,0.33685505574786284,1907851.7954528865,0.18384595951263658,-0.186082276047674,0.41362552864282975,10391325
664,19,WEST BENGAL,ALIPUR DUAR,0.10340638216070962,0.2519646289889807,0.2599000384468368,0.267958477508693,664701.817122847,0.1903155764442288,-0.03543252595155709,0.39369473279507883,3499191
305,19,WEST BENGAL,BANKURA,0.1476970396001608,0.27613994617436977,0.2844444444442633,0.29287197231840817,1944166.7822614198,0.23260521923552072,0.012056901191849288,0.3553094963475586,8367774
306,19,WEST BENGAL,PURBA BARDDHAMAN,0.16633602460592464,0.29287197231820933,0.3014225297960629,0.310096116878217,1615555.0625416636,0.25503808873769246,0.05911572472126105,0.3553094963475586,6345416
307,19,WEST BENGAL,BIRBHUM,0.16633602460592478,0.2844444444443877,0.2928719723184617,0.3014225297962892,1392679.5078705554,0.250665210623171,0.044844290657439445,0.3553094963475586,5568338
310,19,WEST BENGAL,DAKSHIN DINAJPUR,0.17279507881584785,0.2928719723182551,0.30142252979615936,0.30142252979615936,700693.5759817279,0.25389684919636735,0.07111111111111111,0.3553094963475586,2766684
309,19,WEST BENGAL,DARJILING,-0.005727452589464348,0.22889657823911147,0.25196462898884453,0.2761399461745395,377258.1975847117,0.14713931254948165,-0.11909265667051133,0.41362552864282975,2570580
317,19,WEST BENGAL,PURBA MEDINIPUR,0.13588619761631504,0.2761399461743724,0.2844444444443659,0.29287197231839873,1116668.0671193872,0.23425978544363094,0.03543252595155709,0.34602076124567477,4774369
313,19,WEST BENGAL,HAORA,0.14173010380623088,0.2844444444442864,0.2928719723184495,0.30142252979633477,402021.75419980695,0.22655160545413908,0.05173394848135333,0.34602076124567477,1779421
312,19,WEST BENGAL,HUGLI,0.14769703960015437,0.3014225297960358,0.3014225297960358,0.3100961168782591,960828.3259020873,0.25143285054273123,0.04822760476739715,0.34602076124567477,3830421
314,19,WEST BENGAL,JALPAIGURI,0.10851211072664936,0.24415224913514333,0.2519646289890351,0.25990003844684834,797811.9183492572,0.18624760070980412,0.0271280276816609,0.37425605536332185,4291724
308,19,WEST BENGAL,KOCH BIHAR,0.1537870049980848,0.2761399461743898,0.28444444444439915,0.28444444444439915,973930.5640660884,0.23212473148024737,0.0629911572472126,0.3278123798539023,4209471
315,19,WEST BENGAL,KOLKATA,0.1245674740484396,0.21413302575933046,0.22889657823914905,0.2519646289888456,39818.941202370945,0.1777616863652334,0.029773164167627833,0.31009611687812383,225875
316,19,WEST BENGAL,MALDAH,0.14173010380624798,0.2928719723184103,0.3014225297961454,0.3100961168782201,1072066.6992761292,0.242344988459484,0.05911572472126105,0.36472126105344094,4432769
319,19,WEST BENGAL,MURSHIDABAD,0.14769703960015054,0.2844444444443671,0.2928719723183026,0.30142252979617146,1627748.2553971647,0.24881530552951261,0.05536332179930796,0.3553094963475586,6553296
320,19,WEST BENGAL,NADIA,0.14173010380623638,0.28444444444429806,0.28444444444429806,0.2928719723183634,1129007.0052092636,0.2381773776040321,0.01384083044982699,0.3553094963475586,4752532
303,19,WEST BENGAL,NORTH TWENTY-FOUR PARGANAS,0.12456747404845575,0.27613994617441645,0.2844444444443616,0.2928719723183802,1057307.7990926208,0.21810453823602594,0.041584006151480196,0.34602076124567477,4858451
318,19,WEST BENGAL,PASCHIM MEDINIPUR,0.15378700499808481,0.28444444444435335,0.29287197231831413,0.30142252979612294,1815784.572859834,0.23958468146109457,0.044844290657439445,0.3553094963475586,7589470
321,19,WEST BENGAL,PURULIYA,0.11374086889657507,0.2679584775086737,0.27613994617444737,0.28444444444447825,1673693.9091048366,0.22012251667742605,-0.002214532871972318,0.34602076124567477,7614827
304,19,WEST BENGAL,SOUTH TWENTY-FOUR PARGANAS,0.10340638216072713,0.2761399461743276,0.28444444444422834,0.29287197231840434,2002490.29732363,0.21680688529463024,0.03543252595155709,0.3553094963475586,9269362
311,19,WEST BENGAL,UTTAR DINAJPUR,0.14173010380620868,0.2761399461743706,0.28444444444439376,0.29287197231833745,932382.4199456115,0.23974932523073028,0.05173394848135333,0.34602076124567477,3902218
703,19,WEST BENGAL,JHARGRAM,0.14769703960015587,0.2761399461743668,0.28444444444431827,0.2928719723183666,862594.2426035374,0.23051769482143847,0.019930795847750864,0.34602076124567477,3751531
704,19,WEST BENGAL,PASCHIM BARDDHAMAN,0.14173010380623122,0.2599000384468713,0.26795847750870583,0.2844444444444735,484938.89311074436,0.21993003937237518,0.024605920799692427,0.33685505574778934,2210746
702,19,WEST BENGAL,KALIMPONG,0.021143455734470795,0.25196462898884453,0.27613994617453,0.31009611687811683,211220.82224599208,0.15428320413630706,-0.09842368319876971,0.42377547097270285,1372509
