di_code,st_code,state23,dist23,A62_p2,A62_p90,A62_p95,A62_p98,A62_sum,A62_mean,A62_min,A62_max,A62_count
603,35,ANDAMAN & NICOBAR,NICOBAR,-0.059115724721261385,0.22889657823912365,0.25196462898884475,0.2761399461745385,219238.38283667943,0.10928949864495004,-0.1929104190695886,0.3839138792772011,2020602
632,35,ANDAMAN & NICOBAR,NORTH & MIDDLE ANDAMAN,-0.11374086889657581,0.09842368319876169,0.1245674740484534,0.14769703960015867,71979.16989798995,0.018117158641392545,-0.31009611687812383,0.29287197231833906,4003957
602,35,ANDAMAN & NICOBAR,SOUTH ANDAMAN,-0.108512110726646,0.16000000000001413,0.17937716262976955,0.20693579392540104,179882.55043919352,0.06216354254935238,-0.2679584775086506,0.3553094963475586,2916597
502,28,ANDHRA PRADESH,ANANTAPUR,-0.03691084484796292,0.16633602460581928,0.1793771626298173,0.1929104190695764,2302588.0632141903,0.10278673712193136,-0.29287197231833906,0.28444444444444444,22430270
503,28,ANDHRA PRADESH,CHITTOOR,-0.10851211072664906,0.16633602460581878,0.17937716262982137,0.19986159169548495,1370823.7310231472,0.07948852937539219,-0.3278123798539023,0.33685505574778934,17269415
504,28,ANDHRA PRADESH,Y S R KADAPA,-0.11374086889657598,0.13588619761631543,0.15378700499803252,0.17279507881580755,981588.8934946101,0.0554281548501531,-0.3278123798539023,0.31009611687812383,17724326
505,28,ANDHRA PRADESH,EAST GODAVARI,-0.11374086889657586,0.14173010380623702,0.16000000000000278,0.18608227604769786,733644.1812559782,0.04853793164758872,-0.3188927335640138,0.33685505574778934,15133939
506,28,ANDHRA PRADESH,GUNTUR,-0.13016532103037343,0.11374086889659651,0.13588619761633058,0.15378700499808132,624369.1041519544,0.04702767499815078,-0.33685505574778934,0.2761399461745483,13291974
510,28,ANDHRA PRADESH,KRISHNA,-0.13588619761630327,0.11374086889657864,0.13016532103034728,0.15378700499808567,403490.9765287429,0.03952042065555379,-0.3278123798539023,0.28444444444444444,10225813
511,28,ANDHRA PRADESH,KURNOOL,-0.0517339484813531,0.14173010380625903,0.15999999999996692,0.1793771626297971,1543591.9260353458,0.07653293664093816,-0.29287197231833906,0.28444444444444444,20185908
515,28,ANDHRA PRADESH,POTTI SRIRAMULU NELLORE,-0.09356401384082927,0.15999999999994527,0.17937716262982106,0.1929104190695631,1172211.8339786953,0.07686334425668051,-0.3278123798539023,0.31009611687812383,15263341
517,28,ANDHRA PRADESH,PRAKASAM,-0.10851211072664428,0.1417301038062606,0.15999999999997006,0.18608227604764851,1383716.9223334154,0.06769257809322549,-0.34602076124567477,0.3188927335640138,20457221
519,28,ANDHRA PRADESH,SRIKAKULAM,-0.08421376393694889,0.1417301038062294,0.1663360246059166,0.18608227604769254,478988.19612070353,0.06960169672221024,-0.29287197231833906,0.3278123798539023,6895077
520,28,ANDHRA PRADESH,VISAKHAPATNAM,-0.1301653210303681,0.14769703960017605,0.16633602460591246,0.18608227604769673,758748.883242037,0.055813439818352566,-0.31009611687812383,0.34602076124567477,13613577
521,28,ANDHRA PRADESH,VIZIANAGARAM,-0.10851211072664374,0.14769703960017533,0.16633602460590896,0.18608227604769115,490526.28699867503,0.06774709461207407,-0.29287197231833906,0.33685505574778934,7256513
523,28,ANDHRA PRADESH,WEST GODAVARI,-0.11909265667051205,0.12456747404847074,0.14173010380621953,0.16633602460592495,350420.71900168865,0.036052639298278004,-0.3188927335640138,0.3188927335640138,9731922
628,12,ARUNACHAL PRADESH,ANJAW,-0.19986159169548867,0.10340638216072355,0.13016532103036643,0.15378700499808656,-217689.83053872894,-0.028632687175222698,-0.33685505574778934,0.2679584775086506,7611073
229,12,ARUNACHAL PRADESH,CHANGLANG,-0.13016532103037518,0.1301653210303571,0.14769703960016764,0.17279507881584905,241671.3635711291,0.03888298340642107,-0.2761399461745483,0.3014225297962323,6227191
230,12,ARUNACHAL PRADESH,DIBANG VALLEY,-0.22145328719721888,0.06299115724721115,0.09356401384082481,0.1190926566705151,-588984.2686373416,-0.04829800556562954,-0.3553094963475586,0.2761399461745483,12207130
231,12,ARUNACHAL PRADESH,EAST KAMENG,-0.17937716262976572,0.10851211072665705,0.13588619761631598,0.15999999999999914,-25789.78778396562,-0.004646643412151878,-0.39369473279507883,0.31009611687812383,5558425
233,12,ARUNACHAL PRADESH,KURUNG KUMEY,-0.22145328719721,0.08882737408688735,0.11909265667052209,0.14769703960016095,-170023.1018370961,-0.030285241836192172,-0.4340484429065744,0.2761399461745483,5621269
234,12,ARUNACHAL PRADESH,LOHIT,-0.16633602460592434,0.12456747404846252,0.14769703960016647,0.17279507881584888,86937.95982513414,0.022548570732264933,-0.3014225297962323,0.28444444444444444,3863405
235,12,ARUNACHAL PRADESH,LOWER DIBANG VALLEY,-0.16633602460592464,0.12456747404846694,0.14173010380622406,0.1663360246059249,90461.84350192924,0.02017777379584453,-0.3014225297962323,0.28444444444444444,4491587
237,12,ARUNACHAL PRADESH,PAPUMPARE,-0.14769703960015354,0.10851211072665572,0.13588619761630036,0.16000000000000134,32034.371965893624,0.007406900186396641,-0.2519646289888504,0.29287197231833906,4333778
238,12,ARUNACHAL PRADESH,TAWANG,-0.2928719723183411,0.029773164167627757,0.07111111111111683,0.10851211072664553,-309454.0618851945,-0.10002319736888883,-0.42377547097270285,0.2679584775086506,3100277
239,12,ARUNACHAL PRADESH,TIRAP,-0.13016532103036726,0.13016532103036071,0.15378700499808606,0.1793771626297518,53232.14282506274,0.03618633056854556,-0.24415224913494812,0.31009611687812383,1474824
240,12,ARUNACHAL PRADESH,UPPER SIANG,-0.19291041906959264,0.10340638216072784,0.13016532103036363,0.15378700499808629,-118442.52775765507,-0.013884954350209932,-0.3278123798539023,0.29287197231833906,8540336
241,12,ARUNACHAL PRADESH,UPPER SUBANSIRI,-0.18608227604769534,0.1085121107266578,0.13588619761631296,0.1663360246059249,-90643.9776554411,-0.011040485548533175,-0.37425605536332185,0.33685505574778934,8220067
242,12,ARUNACHAL PRADESH,WEST KAMENG,-0.19291041906959372,0.09356401384082791,0.11909265667051562,0.14769703960015887,-142787.8548572919,-0.02313746110459334,-0.36472126105344094,0.3188927335640138,6178998
719,12,ARUNACHAL PRADESH,LOWER SIANG,-0.13016532103037012,0.13016532103037787,0.14769703960015756,0.17279507881584721,62265.58342138774,0.027239542591390213,-0.24415224913494812,0.3014225297962323,2292082
236,12,ARUNACHAL PRADESH,LOWER SUBANSIRI,-0.13588619761630283,0.09842368319877058,0.11909265667051379,0.14173010380623546,24896.56453001494,0.01018485626477915,-0.2599000384467512,0.28444444444444444,2449933
679,12,ARUNACHAL PRADESH,SIANG,-0.1600000000000105,0.12456747404846365,0.1476970396001676,0.1663360246059249,28217.736869465185,0.006449096200976678,-0.33685505574778934,0.31009611687812383,4383418
243,12,ARUNACHAL PRADESH,WEST SIANG,-0.16633602460592448,0.11374086889659364,0.135886197616316,0.16633602460592492,-4894.285489597732,-0.002901688046671706,-0.2761399461745483,0.31009611687812383,1691102
725,12,ARUNACHAL PRADESH,SHI YOMI,-0.18608227604769065,0.05536332179930926,0.0797231833910063,0.10340638216070518,-142658.07586990236,-0.04287874057732598,-0.37425605536332185,0.2761399461745483,3331997
724,12,ARUNACHAL PRADESH,LEPA RADA,-0.15378700499807763,0.11909265667051822,0.1417301038062391,0.16633602460592392,13609.520389467296,0.014062589390786327,-0.2761399461745483,0.29287197231833906,970650
723,12,ARUNACHAL PRADESH,PAKKE KESSANG,-0.10340638216070373,0.1417301038062133,0.16633602460592486,0.18608227604768912,117303.28244530698,0.04901253130480544,-0.2364628988850442,0.3278123798539023,2399368
677,12,ARUNACHAL PRADESH,KRA DAADI,-0.14769703960015218,0.11374086889659324,0.13588619761631232,0.15999999999999734,21793.81726182833,0.009798560232637622,-0.2761399461745483,0.2761399461745483,2229870
678,12,ARUNACHAL PRADESH,NAMSAI,-0.059115724721263134,0.11374086889659187,0.13016532103035847,0.1476970396001655,87012.80017968804,0.05148026433613342,-0.2069357939254133,0.2599000384467512,1693784
718,12,ARUNACHAL PRADESH,KAMLE,-0.1417301038062336,0.12456747404845801,0.14769703960016142,0.1663360246059248,33993.145897239534,0.01956233448662088,-0.2679584775086506,0.3014225297962323,1742339
232,12,ARUNACHAL PRADESH,EAST SIANG,-0.11374086889657681,0.12456747404846624,0.14173010380622011,0.15999999999999656,101120.4982954665,0.047632496018446546,-0.2599000384467512,0.3014225297962323,2127307
666,12,ARUNACHAL PRADESH,LONGDING,-0.15378700499808448,0.10851211072665252,0.13016532103037318,0.15378700499808182,12794.412810513528,0.010928989165824413,-0.28444444444444444,0.31009611687812383,1174145
616,18,ASSAM,BAKSA,-0.08882737408688965,0.08421376393695956,0.09842368319876989,0.11374086889657468,89423.44832538647,0.029359764608422354,-0.2599000384467512,0.28444444444444444,3055457
280,18,ASSAM,BARPETA,-0.10851211072664307,0.07535563244904948,0.08882737408688651,0.10851211072664173,63549.87130924732,0.02229581978430384,-0.2599000384467512,0.22145328719723184,2859045
705,18,ASSAM,BISWANATH,-0.03543252595155698,0.10340638216072646,0.11909265667051801,0.13588619761629991,152714.0357635364,0.055034171689189004,-0.21413302575932336,0.2679584775086506,2780367
281,18,ASSAM,BONGAIGAON,-0.14173010380623233,0.07535563244904799,0.09356401384082398,0.11374086889657592,14929.474209702756,0.010728834202351722,-0.2599000384467512,0.2364628988850442,1397646
282,18,ASSAM,CACHAR,-0.10851211072664474,0.1190926566705297,0.14173010380622975,0.15999999999999912,183101.15766628797,0.03936313664662657,-0.29287197231833906,0.3014225297962323,4659875
708,18,ASSAM,CHARAIDEO,-0.038446751249518796,0.11374086889659696,0.12456747404846222,0.14173010380623727,77134.95160753113,0.06079509457001201,-0.186082276047674,0.2761399461745483,1273387
612,18,ASSAM,CHIRANG,-0.09842368319876972,0.08421376393696547,0.10340638216072415,0.11909265667051133,74110.1795736073,0.031032493072828876,-0.2599000384467512,0.2519646289888504,2393821
283,18,ASSAM,DARRANG,-0.06299115724721153,0.09356401384083675,0.10851211072665012,0.12456747404844137,83654.06608334646,0.04239299338499011,-0.2599000384467512,0.24415224913494812,1980527
284,18,ASSAM,DHEMAJI,-0.03686548164169772,0.11909265667052299,0.13016532103036937,0.14769703960015218,207694.63760864173,0.06657264362075598,-0.22145328719723184,0.29287197231833906,3127982
285,18,ASSAM,DHUBRI,-0.0935640138408305,0.07972318339101486,0.09356401384082295,0.10851211072664234,61611.82586152339,0.029869435381972263,-0.2599000384467512,0.21413302575932336,2073149
286,18,ASSAM,DIBRUGARH,-0.032541330257592385,0.10851211072666403,0.12456747404846308,0.14173010380623985,229894.7965012741,0.054149212722646035,-0.2679584775086506,0.2761399461745483,4254504
299,18,ASSAM,DIMA HASAO,-0.13016532103037198,0.0935640138408255,0.11909265667051423,0.14769703960015443,50682.75801445855,0.008403028319588269,-0.28444444444444444,0.33685505574778934,6041285
287,18,ASSAM,GOALPARA,-0.0984236831987712,0.07972318339101345,0.09842368319876253,0.11374086889657549,54279.843411785754,0.022353514905601488,-0.2599000384467512,0.24415224913494812,2434900
288,18,ASSAM,GOLAGHAT,-0.0325413302575926,0.11909265667053026,0.13588619761630324,0.1537870049980825,265360.4951109633,0.0660296505482842,-0.22145328719723184,0.2599000384467512,4029611
289,18,ASSAM,HAILAKANDI,-0.11909265667051097,0.11374086889659411,0.13588619761630197,0.16000000000000494,54708.22792920066,0.03355837946058644,-0.2599000384467512,0.31009611687812383,1635070
709,18,ASSAM,HOJAI,-0.06299115724721155,0.10340638216073023,0.11909265667051766,0.1358861976162983,88644.12768683465,0.04905962760439297,-0.24415224913494812,0.2761399461745483,1811736
290,18,ASSAM,JORHAT,-0.059115724721262704,0.11374086889657269,0.13016532103035397,0.1476970396001619,143305.4646345114,0.06151380576346633,-0.22145328719723184,0.2679584775086506,2335717
618,18,ASSAM,KAMRUP METRO,-0.14173010380623094,0.10851211072665788,0.13016532103037468,0.14769703960015396,37472.65481299312,0.03101862375672295,-0.2761399461745483,0.28444444444444444,1212134
291,18,ASSAM,KAMRUP RURAL,-0.0935640138408286,0.09356401384084563,0.11374086889658258,0.1301653210303727,130410.89752296916,0.03359930316628557,-0.2761399461745483,0.2679584775086506,3891403
292,18,ASSAM,KARBI ANGLONG,-0.11374086889657314,0.10340638216073422,0.12456747404846177,0.14173010380623915,257251.57994569786,0.028252879188675854,-0.2519646289888504,0.3014225297962323,9120022
293,18,ASSAM,KARIMGANJ,-0.08421376393694686,0.12456747404846538,0.14173010380622997,0.16000000000000267,116672.39492667792,0.05244408719674812,-0.2519646289888504,0.31009611687812383,2229526
294,18,ASSAM,KOKRAJHAR,-0.0711111111111145,0.09842368319875587,0.11374086889659017,0.13016532103037529,174246.5151937762,0.04500980069046701,-0.2761399461745483,0.2761399461745483,3879174
295,18,ASSAM,LAKHIMPUR,-0.044844290657438494,0.1190926566705309,0.13588619761632112,0.14769703960016234,243482.9473150702,0.06481828516160229,-0.2519646289888504,0.28444444444444444,3763908
706,18,ASSAM,MAJULI,-0.015747789311802953,0.11374086889659908,0.12456747404845887,0.14173010380623732,100420.13598383956,0.06317784725051387,-0.1929104190695886,0.2288965782391388,1595085
296,18,ASSAM,MARIGAON,-0.055363321799307044,0.10851211072666225,0.12456747404846498,0.14173010380623854,104095.42101007007,0.05535924669415051,-0.2288965782391388,0.2761399461745483,1884753
297,18,ASSAM,NAGAON,-0.04822760476739581,0.108512110726661,0.12456747404845951,0.14173010380623685,186419.3917627772,0.058071637074108035,-0.2364628988850442,0.2519646289888504,3221993
298,18,ASSAM,NALBARI,-0.07972318339100447,0.08882737408688712,0.10340638216070583,0.1190926566705121,48918.062878886274,0.0375754718553569,-0.2364628988850442,0.22145328719723184,1306375
300,18,ASSAM,SIBSAGAR,-0.05536332179930715,0.11374086889660416,0.12456747404845973,0.1417301038062376,125063.1239372521,0.061286886824449015,-0.24415224913494812,0.2519646289888504,2046198
301,18,ASSAM,SONITPUR,-0.03254133025759311,0.10851211072665945,0.11909265667052163,0.13588619761629783,215453.11138846233,0.057375481856135654,-0.2288965782391388,0.2761399461745483,3761187
707,18,ASSAM,SOUTH SALMARA MANCACHAR,-0.07972318339100389,0.08882737408688016,0.103406382160704,0.11374086889657756,26376.328320658857,0.03793270194670994,-0.24415224913494812,0.2069357939254133,699403
302,18,ASSAM,TINSUKIA,-0.03254133025759224,0.10851211072666361,0.12456747404846498,0.1476970396001582,273546.4374174408,0.057026140743908535,-0.2288965782391388,0.2679584775086506,4805197
617,18,ASSAM,UDALGURI,-0.05911572472126312,0.09842368319875155,0.11374086889658636,0.13016532103037035,117719.17653529893,0.04678421228823906,-0.21413302575932336,0.2599000384467512,2524545
710,18,ASSAM,WEST KARBI ANGLONG,-0.11374086889657355,0.10340638216072605,0.12456747404845467,0.1476970396001518,72930.39999514741,0.019140448017898944,-0.2288965782391388,0.31009611687812383,3818912
188,10,BIHAR,ARARIA,-0.12456747404844076,0.07111111111111841,0.08882737408688454,0.10851211072664911,57340.30548613187,0.01652847396176165,-0.2761399461745483,0.24415224913494812,3476505
611,10,BIHAR,ARWAL,-0.14173010380622642,0.084213763936945,0.11374086889657599,0.1417301038062297,25265.0895429569,0.0321242781338249,-0.28444444444444444,0.24415224913494812,790200
189,10,BIHAR,AURANGABAD,-0.12456747404844164,0.09842368319876064,0.11909265667051128,0.14769703960014868,149886.1453036117,0.03688092743194735,-0.31009611687812383,0.2599000384467512,4071463
190,10,BIHAR,BANKA,-0.08882737408688966,0.13588619761630383,0.15378700499803072,0.16633602460590352,236626.050815596,0.06358653256625667,-0.2761399461745483,0.2599000384467512,3727975
191,10,BIHAR,BEGUSARAI,-0.18608227604767125,0.07535563244904467,0.08882737408688617,0.10851211072664226,32464.895821544826,0.013651856867665709,-0.3014225297962323,0.21413302575932336,2385201
200,10,BIHAR,KAIMUR,-0.10851211072664622,0.15999999999996437,0.17937716262981415,0.19986159169548476,236370.4759046738,0.056975701263097485,-0.31009611687812383,0.29287197231833906,4155971
192,10,BIHAR,BHAGALPUR,-0.16000000000000003,0.0888273740868703,0.09842368319875897,0.11374086889657371,97864.38433388392,0.031024131824123547,-0.3014225297962323,0.19986159169550174,3161985
193,10,BIHAR,BHOJPUR,-0.15378700499807466,0.09842368319875654,0.11374086889658479,0.13588619761629991,102138.4761707288,0.03458394090334957,-0.3014225297962323,0.2364628988850442,2959033
194,10,BIHAR,BUXAR,-0.14769703960015626,0.08421376393696217,0.10340638216072477,0.12456747404844491,53585.47583925605,0.02548976196367447,-0.3014225297962323,0.22145328719723184,2107650
195,10,BIHAR,DARBHANGA,-0.1476970396001547,0.09842368319875788,0.1085121107266543,0.12456747404845099,111490.38598141706,0.03565403093047172,-0.3014225297962323,0.2364628988850442,3135810
196,10,BIHAR,GAYA,-0.1358861976163029,0.11909265667052908,0.14173010380622683,0.16000000000000897,326364.6784851102,0.05347722309223422,-0.31009611687812383,0.2519646289888504,6114662
197,10,BIHAR,GOPALGANJ,-0.16633602460592387,0.0711111111111195,0.0842137639369554,0.09842368319877012,36155.52048030593,0.01425279248229177,-0.3014225297962323,0.19986159169550174,2543564
199,10,BIHAR,JAHANABAD,-0.16633602460592287,0.08421376393694878,0.09842368319876665,0.12456747404843845,35378.2596669394,0.030619516571945737,-0.3014225297962323,0.2288965782391388,1159636
198,10,BIHAR,JAMUI,-0.10340638216070609,0.1537870049980039,0.17279507881583323,0.18608227604770902,267984.9040584558,0.0703108930668549,-0.3014225297962323,0.2599000384467512,3819342
201,10,BIHAR,KATIHAR,-0.11374086889657697,0.08882737408687699,0.09842368319876518,0.11374086889657664,118275.18141940901,0.03141659674251376,-0.29287197231833906,0.21413302575932336,3773694
202,10,BIHAR,KHAGARIA,-0.14173010380622594,0.07972318339101578,0.0935640138408228,0.10340638216070341,39150.80076366412,0.021216430367091157,-0.3014225297962323,0.21413302575932336,1851170
203,10,BIHAR,KISHANGANJ,-0.1245674740484402,0.07972318339101452,0.0935640138408229,0.11374086889657521,48398.07418771694,0.02015745404123861,-0.28444444444444444,0.2069357939254133,2408235
204,10,BIHAR,LAKHISARAI,-0.13016532103037434,0.08882737408688837,0.10340638216071434,0.1245674740484484,47724.13549903419,0.03171097404976873,-0.31009611687812383,0.22145328719723184,1509373
205,10,BIHAR,MADHEPURA,-0.16633602460592395,0.04484429065744423,0.05911572472126432,0.07972318339100383,-19776.887453056184,-0.00882647047281942,-0.28444444444444444,0.17279507881584008,2247230
206,10,BIHAR,MADHUBANI,-0.13588619761630302,0.09356401384085622,0.10851211072665866,0.1245674740484562,143390.54106297676,0.032874874936110215,-0.3014225297962323,0.2364628988850442,4370352
207,10,BIHAR,MUNGER,-0.1599999999999988,0.09356401384085712,0.10851211072665587,0.1245674740484457,39061.727547675306,0.022433621343154245,-0.29287197231833906,0.2364628988850442,1746408
208,10,BIHAR,MUZAFFARPUR,-0.17937716262975295,0.0753556324490569,0.08882737408688589,0.10340638216071113,33797.824571259065,0.008554787093091184,-0.3014225297962323,0.22145328719723184,3958875
209,10,BIHAR,NALANDA,-0.17279507881584397,0.0711111111111192,0.08421376393694824,0.10340638216070547,58911.7078291008,0.02016264909172117,-0.31009611687812383,0.2519646289888504,2929383
210,10,BIHAR,NAWADA,-0.14173010380622775,0.09842368319877477,0.11909265667051623,0.14173010380623766,115260.25884739622,0.037621130850955024,-0.31009611687812383,0.2599000384467512,3071041
211,10,BIHAR,PASHCHIMI CHAMPARAN,-0.09842368319877144,0.09356401384085637,0.10851211072665622,0.13016532103036593,273630.829332428,0.041770420894043495,-0.29287197231833906,0.2679584775086506,6560379
212,10,BIHAR,PATNA,-0.2214532871972253,0.0935640138408358,0.1085121107266525,0.12456747404845107,103551.20036355282,0.02622797723852263,-0.3278123798539023,0.2288965782391388,3959090
213,10,BIHAR,PURBI CHAMPARAN,-0.17279507881584727,0.07535563244906796,0.08882737408688353,0.10340638216071278,77654.17043549208,0.01566353008394585,-0.31009611687812383,0.2069357939254133,4966698
214,10,BIHAR,PURNIA,-0.1417301038062278,0.07111111111111908,0.08421376393695372,0.10340638216070532,63459.46588053723,0.015856070688004133,-0.28444444444444444,0.19986159169550174,4010639
215,10,BIHAR,ROHTAS,-0.13016532103037343,0.119092656670526,0.14769703960017108,0.16633602460592503,134760.40320173465,0.028455046773920564,-0.3278123798539023,0.2679584775086506,4743839
216,10,BIHAR,SAHARSA,-0.1600000000000025,0.05911572472125238,0.07535563244904532,0.09356401384082344,7920.858278870316,0.003831037384198797,-0.28444444444444444,0.2069357939254133,2073256
217,10,BIHAR,SAMASTIPUR,-0.1727950788158474,0.07972318339101676,0.09356401384082612,0.10851211072664459,39805.36876641567,0.012017637755101214,-0.3014225297962323,0.2069357939254133,3321029
218,10,BIHAR,SARAN,-0.18608227604767585,0.08882737408687734,0.10340638216071996,0.11909265667051055,80333.48321619716,0.024521235524668266,-0.31009611687812383,0.22145328719723184,3282541
219,10,BIHAR,SHEIKHPURA,-0.15378700499807865,0.06698961937717218,0.07972318339101032,0.09356401384082641,21599.225378610427,0.025823263473378977,-0.29287197231833906,0.186082276047674,840498
220,10,BIHAR,SHEOHAR,-0.1793771626297567,0.07535563244905365,0.08882737408688728,0.108512110726646,8880.908723430171,0.0160397849973272,-0.28444444444444444,0.19986159169550174,556991
221,10,BIHAR,SITAMARHI,-0.1417301038062277,0.088827374086869,0.09842368319876588,0.11374086889657307,90541.62809606624,0.03314168953807721,-0.28444444444444444,0.2069357939254133,2739355
222,10,BIHAR,SIWAN,-0.19291041906957748,0.07535563244905742,0.08882737408688941,0.10340638216070332,29233.786995359646,0.010590142878687297,-0.31009611687812383,0.19986159169550174,2766570
223,10,BIHAR,SUPAUL,-0.14173010380623094,0.06698961937717161,0.08882737408688333,0.10851211072664232,23995.652669096882,0.007966489476836074,-0.2761399461745483,0.2069357939254133,3018897
224,10,BIHAR,VAISHALI,-0.1793771626297527,0.07972318339101726,0.09356401384084713,0.10851211072665418,22178.073966430125,0.008784909902465726,-0.3014225297962323,0.19986159169550174,2529599
044,04,CHANDIGARH,CHANDIGARH,-0.13588619761630133,0.09356401384083204,0.1137408688965796,0.13588619761630133,3065.95446565821,0.02061233620473392,-0.2761399461745483,0.24415224913494812,150026
646,22,CHHATTISGARH,BALOD,-0.0016703140409185518,0.16633602460585806,0.1793771626298031,0.1998615916954868,392153.4707823102,0.09747950773862503,-0.2288965782391388,0.28444444444444444,4030747
644,22,CHHATTISGARH,BALODA BAZAR,-0.012959110297997734,0.14769703960017336,0.166336024605881,0.1793771626297873,483819.80410377786,0.08632645513627361,-0.2599000384467512,0.28444444444444444,5614038
649,22,CHHATTISGARH,BALRAMPUR,-0.032541330257592684,0.16633602460584693,0.17937716262980657,0.19291041906958623,741495.1208573254,0.09708375996181806,-0.19986159169550174,0.28444444444444444,7650578
374,22,CHHATTISGARH,BASTAR,0.0058585594587329416,0.19291041906954506,0.20693579392538075,0.2214532871972198,782018.9609723774,0.1225327192112506,-0.24415224913494812,0.3553094963475586,6393305
650,22,CHHATTISGARH,BEMETARA,0.0017426457492285123,0.1301653210303475,0.14769703960016853,0.17279507881584882,218918.87013266978,0.08138229297978569,-0.2519646289888504,0.29287197231833906,2697016
636,22,CHHATTISGARH,BIJAPUR,-0.025831634877234225,0.1599999999999783,0.18608227604769764,0.2069357939253956,941751.3423321997,0.08626396102149296,-0.2364628988850442,0.33685505574778934,10931393
375,22,CHHATTISGARH,BILASPUR,-0.051733948481354194,0.13588619761632917,0.15378700499807196,0.1727950788158493,318515.82746760827,0.07453572465855257,-0.2761399461745483,0.2679584775086506,4282196
734,22,CHHATTISGARH,GAURELA-PENDRA-MARWAHI,-0.012955801094872689,0.1793771626298157,0.19291041906958892,0.20693579392539807,275158.545112236,0.11393878514762318,-0.2288965782391388,0.28444444444444444,2420209
376,22,CHHATTISGARH,DAKSHIN BASTAR DANTEWADA,-0.04158400615148089,0.18608227604770786,0.19986159169548406,0.21413302575933268,355426.0702167767,0.10680939943157096,-0.2364628988850442,0.31009611687812383,3336766
377,22,CHHATTISGARH,DHAMTARI,-0.012917375567678226,0.1476970396001732,0.16633602460590366,0.18608227604769634,360522.7545597001,0.07396081622918509,-0.2679584775086506,0.3014225297962323,4882863
378,22,CHHATTISGARH,DURG,-0.09356401384082742,0.1301653210303452,0.1417301038062161,0.16633602460592467,205531.07867534162,0.07469077154392884,-0.29287197231833906,0.2679584775086506,2758101
645,22,CHHATTISGARH,GARIYABAND,-0.01675152351849714,0.17279507881585132,0.18608227604771038,0.19986159169548603,538637.0725198437,0.0932852405011064,-0.2364628988850442,0.29287197231833906,5784384
379,22,CHHATTISGARH,JANJGIR - CHAMPA,-0.016775620733933568,0.13588619761633172,0.14769703960016967,0.1663360246059248,443162.72449699923,0.08202190398742923,-0.2679584775086506,0.2599000384467512,5413703
380,22,CHHATTISGARH,JASHPUR,-0.04158400615148107,0.17279507881577735,0.18608227604769642,0.19291041906957568,712994.5472039056,0.10063737627309406,-0.22145328719723184,0.2761399461745483,7094864
382,22,CHHATTISGARH,KABIRDHAM,-0.005730082011055334,0.17937716262981349,0.19986159169548448,0.21413302575930157,527150.5584644655,0.10427944817807079,-0.2364628988850442,0.3188927335640138,5063228
381,22,CHHATTISGARH,UTTAR BASTAR KANKER,-0.009636986457556129,0.18608227604764055,0.19986159169548318,0.21413302575928983,993903.3119952533,0.1161993526059101,-0.2069357939254133,0.3188927335640138,8566278
643,22,CHHATTISGARH,KONDAGAON,-0.001671926239360041,0.19291041906953968,0.20693579392538003,0.22145328719721338,732719.4129565947,0.12159793555035969,-0.19986159169550174,0.31009611687812383,6035251
383,22,CHHATTISGARH,KORBA,-0.04158400615148098,0.1663360246058347,0.17937716262981104,0.19291041906956985,741277.5207646891,0.0929521766497325,-0.22145328719723184,0.3014225297962323,7984432
384,22,CHHATTISGARH,KOREA,-0.04158400615148111,0.17279507881580172,0.18608227604770539,0.19986159169548634,723926.4013554124,0.09010542518460168,-0.21413302575932336,0.2761399461745483,8044955
385,22,CHHATTISGARH,MAHASAMUND,-0.01574778931180293,0.16633602460585672,0.17937716262980588,0.1998615916954871,582987.4962990138,0.1024369844451801,-0.22145328719723184,0.2761399461745483,5701522
647,22,CHHATTISGARH,MUNGELI,-0.021054253108284016,0.12456747404847014,0.1476970396001674,0.17279507881584846,259663.40940572013,0.07752931398115867,-0.2364628988850442,0.28444444444444444,3357558
637,22,CHHATTISGARH,NARAINPUR,-0.03254133025759319,0.1663360246058748,0.19291041906956746,0.21413302575931095,390046.8873639962,0.08435767035394857,-0.21413302575932336,0.34602076124567477,4632332
386,22,CHHATTISGARH,RAIGARH,-0.03690609811651294,0.15378700499800957,0.17279507881583944,0.18608227604770775,748246.4781944165,0.08814176586756012,-0.2519646289888504,0.28444444444444444,8502955
387,22,CHHATTISGARH,RAIPUR,-0.11909265667050792,0.11909265667053193,0.13588619761633067,0.15378700499808495,223355.88674783337,0.06417526210490831,-0.29287197231833906,0.2599000384467512,3486230
388,22,CHHATTISGARH,RAJ NANDGAON,-0.001694537157049585,0.1793771626298164,0.19986159169548415,0.2141330257593148,1102455.0873303723,0.11416964733725117,-0.2519646289888504,0.33685505574778934,9670842
642,22,CHHATTISGARH,SUKMA,-0.036890093713992156,0.15378700499804354,0.17279507881585102,0.18608227604769587,537826.3131838925,0.08343896649294413,-0.21413302575932336,0.31009611687812383,6458280
648,22,CHHATTISGARH,SURAJPUR,-0.041584006151481084,0.17279507881581846,0.1860822760476914,0.19986159169548534,639737.1207550929,0.09641874032541625,-0.2288965782391388,0.28444444444444444,6646511
389,22,CHHATTISGARH,SURGUJA,-0.025858924267919907,0.17279507881580744,0.18608227604771174,0.19986159169548648,522905.7057252588,0.1076976690943637,-0.2364628988850442,0.2761399461745483,4864080
463,38,DADRA & NAGAR HAVELI & DAMAN & DIU,DAMAN,-0.192910419069589,0.07111111111111015,0.08882737408688966,0.10851211072664337,-1541.7376004101748,-0.018102329902890072,-0.29287197231833906,0.17937716262975778,86148
464,38,DADRA & NAGAR HAVELI & DAMAN & DIU,DIU,-0.1537870049980778,0.07535563244905774,0.08882737408688968,0.10851211072664355,297.75963838946296,0.00644851531633916,-0.29287197231833906,0.1929104190695886,47012
465,38,DADRA & NAGAR HAVELI & DAMAN & DIU,DADRA & NAGAR HAVELI,-0.1358861976163013,0.07972318339100865,0.09356401384082569,0.10851211072664708,9646.574811555052,0.01654017355833818,-0.28444444444444444,0.19986159169550174,587628
077,07,DELHI,CENTRAL,-0.25196462898884603,0.07972318339100588,0.09356401384083134,0.1137408688965795,-5636.58897190253,-0.04164790781205225,-0.3188927335640138,0.19986159169550174,137139
078,07,DELHI,EAST,-0.24415224913494868,0.02220684352172242,0.04484429065743941,0.06698961937716258,-2541.5518580336093,-0.06351482894333019,-0.3014225297962323,0.14173010380622836,40526
079,07,DELHI,NEW DELHI,-0.19986159169549902,0.08882737408688966,0.10851211072664665,0.12456747404844389,-2439.242938537928,-0.01226531120310419,-0.3014225297962323,0.21413302575932336,200534
080,07,DELHI,NORTH,-0.2141330257593188,0.07535563244905963,0.09356401384082888,0.10851211072664663,-3669.0308747023632,-0.009884613164053079,-0.31009611687812383,0.186082276047674,373407
081,07,DELHI,NORTH EAST,-0.28444444444444517,0.06698961937716282,0.07972318339100329,0.09842368319876987,-4399.187111804687,-0.0980882043673925,-0.3278123798539023,0.16000000000000003,45774
082,07,DELHI,NORTH WEST,-0.2288965782391359,0.07535563244905961,0.08421376393694678,0.09842368319877003,-5138.047120214738,-0.02630471952269071,-0.3188927335640138,0.17937716262975778,197251
671,07,DELHI,SHAHADRA,-0.2844444444444451,-0.006859075656322637,0.01777777777777775,0.048227604767397174,-4965.9648310223765,-0.1134405345072532,-0.3188927335640138,0.15378700499807765,44424
083,07,DELHI,SOUTH,-0.24415224913494493,0.11374086889657385,0.13016532103036693,0.1476970396001581,200.16114031475036,9.900420997533644E-4,-0.31009611687812383,0.2288965782391388,203572
084,07,DELHI,SOUTH WEST,-0.21413302575932053,0.0935640138408248,0.10851211072664252,0.12456747404844155,2258.402689521121,0.006276964349418501,-0.31009611687812383,0.22145328719723184,362148
085,07,DELHI,WEST,-0.2599000384467459,0.04484429065743961,0.07111111111111056,0.0935640138408306,-14180.561943262583,-0.08484079087778977,-0.3188927335640138,0.186082276047674,168657
670,07,DELHI,SOUTH EAST,-0.24415224913494862,0.08421376393694695,0.10340638216070694,0.1190926566705109,-4620.472929657701,-0.03585286429960693,-0.3188927335640138,0.1929104190695886,130060
551,30,GOA,NORTH GOA,-0.10851211072664702,0.10340638216072225,0.13016532103037057,0.1537870049980792,48294.61287717019,0.023887257204141348,-0.2761399461745483,0.31009611687812383,2026943
552,30,GOA,SOUTH GOA,-0.10851211072663927,0.11374086889658606,0.13588619761631096,0.15999999999999762,69459.42663210446,0.030697006839027572,-0.31009611687812383,0.3014225297962323,2268792
673,24,GUJARAT,MORBI,-0.07972318339100418,0.11374086889657453,0.1301653210303433,0.15378700499807751,330566.6172983538,0.05478251161315738,-0.3278123798539023,0.2519646289888504,6044416
438,24,GUJARAT,AHMADABAD,-0.16633602460592406,0.10851211072666474,0.1190926566705294,0.1358861976163157,364507.327274633,0.041572311840614024,-0.3278123798539023,0.2599000384467512,8784863
440,24,GUJARAT,ANAND,-0.05536332179930744,0.1245674740484758,0.14173010380625647,0.16000000000000322,232494.54955267947,0.060631611572348885,-0.31009611687812383,0.28444444444444444,3842291
674,24,GUJARAT,DEVBHUMI DWARKA,-0.07535563244905874,0.0797231833910118,0.09842368319875058,0.11909265667052307,128306.63987365007,0.025599444920634682,-0.31009611687812383,0.21413302575932336,5023982
447,24,GUJARAT,JAMNAGAR,-0.08421376393694736,0.08882737408688621,0.1034063821607314,0.11374086889658927,311748.03502118913,0.04366296001392485,-0.3188927335640138,0.21413302575932336,7153837
449,24,GUJARAT,KACHCHH,-0.13588619761632972,0.13016532103031897,0.15378700499799505,0.17279507881579917,606510.7912972443,0.012229843888583562,-0.3188927335640138,0.29287197231833906,49630741
443,24,GUJARAT,BHAVNAGAR,-0.08882737408688579,0.0842137639369695,0.09356401384085461,0.10851211072665305,281956.0724671408,0.034721959583023015,-0.3278123798539023,0.19986159169550174,8129986
442,24,GUJARAT,BHARUCH,-0.09842368319877134,0.08882737408687864,0.09842368319876248,0.11374086889658105,231041.12384011078,0.03897957917649057,-0.31009611687812383,0.2364628988850442,5942322
459,24,GUJARAT,SURAT,-0.15999999999999567,0.08421376393696407,0.09842368319876435,0.11374086889657428,107836.66266830466,0.020767061849960262,-0.3188927335640138,0.2364628988850442,5202601
453,24,GUJARAT,NAVSARI,-0.10340638216070662,0.07972318339101664,0.0935640138408302,0.10851211072664595,63680.15956169091,0.024177252669764,-0.31009611687812383,0.2364628988850442,2640202
462,24,GUJARAT,VALSAD,-0.12456747404844008,0.08421376393695884,0.09842368319876331,0.10851211072664857,75675.96228488233,0.021532748601135496,-0.31009611687812383,0.22145328719723184,3524114
672,24,GUJARAT,ARAVALLI,-0.0369278803905611,0.16633602460585065,0.17937716262980632,0.1998615916954868,407509.9342248548,0.10626782193314584,-0.3014225297962323,0.3014225297962323,3843076
441,24,GUJARAT,BANAS KANTHA,-0.029773164167627778,0.1663360246058329,0.17937716262981337,0.1929104190695723,1338890.4530458553,0.10158512127034815,-0.3014225297962323,0.29287197231833906,13197838
668,24,GUJARAT,CHHOTA UDEPUR,-0.04484429065743883,0.1358861976163217,0.15378700499802686,0.16633602460591018,316682.35439416004,0.07595052505896478,-0.28444444444444444,0.2761399461745483,4179280
445,24,GUJARAT,DAHOD,-0.021034971099121356,0.14769703960017969,0.15999999999999848,0.17279507881585046,410667.94105594535,0.09306412948681163,-0.2761399461745483,0.2599000384467512,4420485
444,24,GUJARAT,DANGS,-0.07535563244905953,0.10851211072666198,0.11909265667052364,0.1358861976162982,98840.13980887947,0.04684649139595626,-0.2288965782391388,0.24415224913494812,2115144
675,24,GUJARAT,GIR SOMNATH,-0.08421376393694714,0.0984236831987439,0.11374086889659167,0.12456747404845196,141937.39006700154,0.044897769241419305,-0.3188927335640138,0.22145328719723184,3168667
448,24,GUJARAT,JUNAGADH,-0.07111111111111325,0.098423683198741,0.1085121107266595,0.12456747404845903,337415.0866867971,0.045798399556582416,-0.3188927335640138,0.2364628988850442,7380122
669,24,GUJARAT,MAHISAGAR,-0.01296236690003636,0.1663360246058449,0.17937716262979794,0.19291041906957615,334936.3870322703,0.10982436590640847,-0.28444444444444444,0.31009611687812383,3057162
452,24,GUJARAT,NARMADA,-0.0711111111111139,0.10340638216073822,0.11909265667052435,0.13016532103037037,170171.2202266675,0.05023394350088694,-0.2679584775086506,0.24415224913494812,3395262
454,24,GUJARAT,PANCH MAHALS,-0.0415840061514807,0.15378700499798947,0.1663360246058529,0.17937716262979578,387941.97741229855,0.0976203657217714,-0.31009611687812383,0.28444444444444444,3982812
458,24,GUJARAT,SABAR KANTHA,-0.06698961937716164,0.16633602460584948,0.17937716262979936,0.19291041906957684,521715.3908347706,0.10078937996387376,-0.3278123798539023,0.29287197231833906,5187838
641,24,GUJARAT,TAPI,-0.06299115724721148,0.08882737408687241,0.10340638216071861,0.11909265667050682,156075.50648768572,0.04149771907043126,-0.2761399461745483,0.2288965782391388,3771978
461,24,GUJARAT,VADODARA,-0.1301653210303676,0.12456747404847528,0.13588619761633905,0.15378700499808381,316030.2231300548,0.06400968913470688,-0.3188927335640138,0.2599000384467512,4946678
439,24,GUJARAT,AMRELI,-0.04158400615148076,0.0984236831987392,0.11374086889657777,0.13016532103034967,505750.66818907636,0.057637076825486175,-0.3278123798539023,0.21413302575932336,8788427
456,24,GUJARAT,PORBANDAR,-0.06299115724721156,0.09842368319876203,0.11374086889658419,0.12456747404844823,109679.96828963977,0.03945253228670217,-0.31009611687812383,0.22145328719723184,2788240
457,24,GUJARAT,RAJKOT,-0.09842368319876772,0.08421376393697208,0.0935640138408522,0.10851211072664911,392906.8664542299,0.04242617964260414,-0.3278123798539023,0.22145328719723184,9279397
460,24,GUJARAT,SURENDRANAGAR,-0.032541330257593454,0.1301653210303273,0.14769703960016928,0.17279507881585043,801403.5036348085,0.07214715144144487,-0.3278123798539023,0.2599000384467512,11127032
676,24,GUJARAT,BOTAD,-0.07972318339100455,0.07535563244904989,0.08882737408688772,0.09842368319876392,95420.56127607528,0.031934158970347085,-0.31009611687812383,0.17937716262975778,2995174
450,24,GUJARAT,KHEDA,-0.03695152337171399,0.15378700499802325,0.17279507881585085,0.19291041906959336,391492.7346729866,0.093908465743634,-0.31009611687812383,0.28444444444444444,4177913
451,24,GUJARAT,MAHESANA,-0.07972318339100427,0.159999999999939,0.17279507881579756,0.1860822760477115,545522.6894623045,0.10136708398375989,-0.3188927335640138,0.28444444444444444,5393193
446,24,GUJARAT,GANDHINAGAR,-0.12456747404844076,0.15378700499803696,0.16633602460589392,0.1860822760476983,222849.68332145712,0.08721971548991227,-0.31009611687812383,0.28444444444444444,2563098
455,24,GUJARAT,PATAN,-0.03687508290272526,0.13016532103033315,0.1417301038062419,0.16000000000000658,517706.81021728704,0.07337280138371367,-0.3188927335640138,0.2599000384467512,7069966
058,06,HARYANA,AMBALA,-0.08882737408688968,0.07972318339101725,0.09356401384082187,0.11374086889657443,55126.3893099441,0.028189700919141615,-0.3014225297962323,0.2364628988850442,1963507
059,06,HARYANA,BHIWANI,-0.0753556324490584,0.1476970396001396,0.15999999999999875,0.17279507881585035,385117.93402697874,0.09197724111042468,-0.31009611687812383,0.29287197231833906,4194676
060,06,HARYANA,FARIDABAD,-0.17937716262975215,0.0888273740868844,0.10851211072664031,0.12456747404843731,11201.142471714738,0.011889511475907846,-0.31009611687812383,0.24415224913494812,945230
061,06,HARYANA,FATEHABAD,-0.08421376393694602,0.0842137639369552,0.10851211072664932,0.13016532103037165,67714.33581685861,0.020899144570391565,-0.31009611687812383,0.2288965782391388,3246738
062,06,HARYANA,GURUGRAM,-0.16000000000000333,0.11374086889659141,0.13016532103035686,0.14173010380623235,65536.60974192075,0.04137498500770821,-0.3188927335640138,0.2364628988850442,1589083
063,06,HARYANA,HISAR,-0.08421376393694685,0.1245674740484733,0.14173010380621473,0.16000000000001133,292737.7096218476,0.05623629753512601,-0.3188927335640138,0.24415224913494812,5213950
064,06,HARYANA,JHAJJAR,-0.13016532103037465,0.10851211072665616,0.12456747404845381,0.1358861976162986,109258.45799365253,0.04627067636467818,-0.31009611687812383,0.2288965782391388,2367667
065,06,HARYANA,JIND,-0.11909265667051168,0.06698961937717439,0.08421376393695762,0.10340638216070908,68667.77100309373,0.01964393512040035,-0.3188927335640138,0.2069357939254133,3503951
066,06,HARYANA,KAITHAL,-0.1137408688965795,0.04484429065745012,0.055363321799305726,0.07535563244905788,19861.45139807493,0.006796434470302958,-0.3188927335640138,0.2288965782391388,2929802
067,06,HARYANA,KARNAL,-0.13588619761630422,0.03685342923993776,0.051733948481348574,0.06698961937716168,-1989.1837662340877,-6.256197316326805E-4,-0.31009611687812383,0.1929104190695886,3186602
068,06,HARYANA,KURUKSHETRA,-0.11909265667051386,0.03685262736746907,0.048227604767400054,0.06698961937716327,-6649.488217954497,-0.0030802948174085097,-0.31009611687812383,0.21413302575932336,2164099
069,06,HARYANA,MAHENDRAGARH,-0.10851211072664445,0.14769703960017846,0.1663360246059058,0.17937716262977113,232596.39717145916,0.0950390901220752,-0.3188927335640138,0.2679584775086506,2455293
604,06,HARYANA,MEWAT,-0.12456747404844316,0.1034063821607183,0.11909265667050996,0.13588619761630377,80278.9350912164,0.04195482923207698,-0.3188927335640138,0.24415224913494812,1920287
619,06,HARYANA,PALWAL,-0.1137408688965781,0.07972318339101628,0.09356401384082251,0.10851211072664167,52260.334711535594,0.03041194305464569,-0.3014225297962323,0.19986159169550174,1723336
070,06,HARYANA,PANCHKULA,-0.08882737408688968,0.12456747404846331,0.1358861976162939,0.15378700499808085,62103.821952515806,0.05440516789182629,-0.29287197231833906,0.2679584775086506,1145979
071,06,HARYANA,PANIPAT,-0.15999999999999934,0.048227604767398034,0.06299115724721123,0.08421376393694863,2169.1081298104145,0.0013015981707266838,-0.31009611687812383,0.21413302575932336,1670732
072,06,HARYANA,REWARI,-0.1417301038062261,0.12456747404847295,0.1358861976163121,0.1476970396001599,141584.41197487968,0.0720051074560892,-0.31009611687812383,0.2288965782391388,1972079
073,06,HARYANA,ROHTAK,-0.15378700499807632,0.09356401384083729,0.1085121107266542,0.13016532103037,71351.16888239208,0.0335643042157671,-0.3188927335640138,0.2288965782391388,2130843
074,06,HARYANA,SIRSA,-0.059115724721263065,0.11374086889660295,0.13016532103036751,0.14769703960015823,246499.5978266493,0.04498860984937666,-0.31009611687812383,0.2288965782391388,5487960
075,06,HARYANA,SONIPAT,-0.13588619761630363,0.06698961937717368,0.08421376393695348,0.10340638216070844,50647.77075142745,0.01821405092018582,-0.31009611687812383,0.1929104190695886,2786505
076,06,HARYANA,YAMUNANAGAR,-0.09842368319877087,0.0842137639369627,0.10340638216072395,0.12456747404845359,58110.88107469252,0.026176251919674636,-0.29287197231833906,0.24415224913494812,2225647
701,06,HARYANA,CHARKHI DADRI,-0.09842368319876987,0.14173010380622733,0.15378700499808895,0.16633602460592478,157972.53649446907,0.08993015981686504,-0.3014225297962323,0.2519646289888504,1761774
015,02,HIMACHAL PRADESH,BILASPUR,-0.08421376393694593,0.13016532103035688,0.14769703960016548,0.16633602460592445,87952.82066413113,0.05779013689515682,-0.24415224913494812,0.29287197231833906,1527049
016,02,HIMACHAL PRADESH,CHAMBA,-0.28444444444447337,0.12456747404846627,0.15378700499806838,0.1860822760477059,-413042.4346336556,-0.047901246724176456,-0.40359861591695495,0.3188927335640138,8634536
017,02,HIMACHAL PRADESH,HAMIRPUR,-0.055363321799309306,0.13016532103035458,0.14769703960016445,0.16633602460592464,91424.28907327462,0.06259403734548126,-0.186082276047674,0.2679584775086506,1464411
018,02,HIMACHAL PRADESH,KANGRA,-0.2441522491349321,0.13016532103034112,0.1537870049980836,0.17279507881584988,171324.90889247265,0.022680801154890566,-0.39369473279507883,0.3014225297962323,7565612
020,02,HIMACHAL PRADESH,KULLU,-0.28444444444447237,0.10340638216072544,0.14173010380621817,0.17279507881585005,-430783.21619485464,-0.05980939379288718,-0.41362552864282975,0.29287197231833906,7211360
022,02,HIMACHAL PRADESH,MANDI,-0.14173010380623793,0.135886197616331,0.16000000000001202,0.1860822760476916,160683.4538855009,0.031076921492255834,-0.29287197231833906,0.3014225297962323,5177402
023,02,HIMACHAL PRADESH,SHIMLA,-0.22145328719722304,0.1358861976163262,0.1663360246059199,0.19291041906958442,42611.38823567112,0.006380541285979897,-0.41362552864282975,0.31009611687812383,6689722
024,02,HIMACHAL PRADESH,SIRMAUR,-0.13588619761629786,0.13016532103035763,0.15378700499808795,0.17937716262975245,118166.78362945712,0.032256575657426595,-0.2761399461745483,0.28444444444444444,3670428
025,02,HIMACHAL PRADESH,SOLAN,-0.11374086889657556,0.12456747404846712,0.14173010380622722,0.15999999999999998,105644.44517777466,0.041948712394744826,-0.2679584775086506,0.2761399461745483,2524974
026,02,HIMACHAL PRADESH,UNA,-0.0629911572472114,0.135886197616338,0.15378700499808465,0.1727950788158492,133727.314141313,0.0662813185037187,-0.2761399461745483,0.2761399461745483,2022495
019,02,HIMACHAL PRADESH,KINNAUR,-0.3368550557478186,-0.01680221534082527,0.025886052302264432,0.0753556324490552,-1384179.0948273793,-0.16268054377490532,-0.46560553633217994,0.2599000384467512,8518904
021,02,HIMACHAL PRADESH,LAHUL & SPITI,-0.3647212610534464,-0.0797231833910127,-0.04484429065743867,-0.005810541374802365,-3697257.2104486106,-0.20054720305349066,-0.48725874663590923,0.15378700499807765,18455211
,01,JAMMU & KASHMIR,MIRPUR,-0.0797231833910053,0.15378700499804487,0.17279507881585057,0.1929104190695896,385935.5366342908,0.07993564228769003,-0.3188927335640138,0.31009611687812383,4837249
,01,JAMMU & KASHMIR,MUZAFFARABAD,-0.23646289888505853,0.14173010380621476,0.17279507881585035,0.19986159169548653,-53848.83164513329,-0.00828967586816474,-0.3839138792772011,0.3188927335640138,6508506
010,01,JAMMU & KASHMIR,PUNCH,-0.17937716262975703,0.14769703960017166,0.16633602460592517,0.19291041906957554,168272.75880320545,0.02956406537921076,-0.37425605536332185,0.31009611687812383,5700333
001,01,JAMMU & KASHMIR,ANANTNAG,-0.24415224913493824,0.10851211072664493,0.14173010380623371,0.17279507881584846,-76652.24743276542,-0.020947692938912105,-0.40359861591695495,0.3014225297962323,3666744
003,01,JAMMU & KASHMIR,BARAMULA,-0.17279507881584663,0.1245674740484616,0.1537870049980854,0.18608227604768512,37204.47638001888,0.013395148345815023,-0.3839138792772011,0.31009611687812383,2783290
007,01,JAMMU & KASHMIR,KATHUA,-0.17279507881584788,0.13588619761633397,0.1600000000000098,0.18608227604768984,115521.69578900356,0.034919258574601215,-0.3839138792772011,0.3014225297962323,3314635
014,01,JAMMU & KASHMIR,UDHAMPUR,-0.16633602460592423,0.15378700499805253,0.17279507881585016,0.19986159169549025,120879.25946082972,0.03992867536950676,-0.40359861591695495,0.3014225297962323,3033474
002,01,JAMMU & KASHMIR,BADGAM,-0.1860822760476714,0.07535563244904654,0.1085121107266514,0.13588619761629325,-20317.233997541753,-0.01210316158195249,-0.3839138792772011,0.2599000384467512,1682823
623,01,JAMMU & KASHMIR,BANDIPURA,-0.28444444444447065,0.06299115724721116,0.09842368319877405,0.13016532103037168,-344490.4715323931,-0.06293978949526434,-0.42377547097270285,0.28444444444444444,5482179
626,01,JAMMU & KASHMIR,GANDERBAL,-0.25990003844674553,0.07972318339101118,0.11374086889657413,0.14769703960016262,-110033.3214611863,-0.05035375248538738,-0.39369473279507883,0.2761399461745483,2192068
622,01,JAMMU & KASHMIR,KULGAM,-0.22889657823915016,0.07111111111111616,0.10851211072663823,0.1476970396001491,-52741.67475011645,-0.031150290738117054,-0.41362552864282975,0.2761399461745483,1698369
008,01,JAMMU & KASHMIR,KUPWARA,-0.19986159169549297,0.13016532103036496,0.16000000000000192,0.18608227604768604,33166.21856101032,0.008936031877355952,-0.36472126105344094,0.29287197231833906,3717596
011,01,JAMMU & KASHMIR,PULWAMA,-0.19291041906958553,0.07972318339101173,0.10340638216070498,0.13588619761630466,-19928.240000118043,-0.016544746496383194,-0.33685505574778934,0.2519646289888504,1208381
012,01,JAMMU & KASHMIR,RAJAURI,-0.15378700499808154,0.1599999999999809,0.17937716262979306,0.19986159169548703,205263.46335025274,0.058403044676029914,-0.33685505574778934,0.31009611687812383,3521026
621,01,JAMMU & KASHMIR,RAMBAN,-0.2214532871972409,0.16000000000001402,0.18608227604770025,0.21413302575933055,13330.439595264692,0.007756111318901482,-0.37425605536332185,0.31009611687812383,1722238
627,01,JAMMU & KASHMIR,RIASI,-0.19986159169548934,0.15378700499808956,0.17937716262977138,0.2069357939254019,60975.04824106299,0.023671876356022303,-0.37425605536332185,0.3188927335640138,2582725
625,01,JAMMU & KASHMIR,SHUPIYAN,-0.15999999999999756,0.07535563244905802,0.10851211072664142,0.1417301038062328,-19018.184383389875,-0.028067185078583065,-0.3188927335640138,0.2599000384467512,681043
013,01,JAMMU & KASHMIR,SRINAGAR,-0.18608227604767202,0.05536332179930892,0.07111111111111065,0.08882737408688966,-7425.757014962813,-0.01961300715671941,-0.31009611687812383,0.186082276047674,381957
620,01,JAMMU & KASHMIR,KISHTWAR,-0.29287197231834633,0.0753556324490504,0.11909265667052145,0.16633602460590963,-843893.9160560289,-0.07720784769890762,-0.42377547097270285,0.3278123798539023,10942149
004,01,JAMMU & KASHMIR,DODA,-0.221453287197231,0.16000000000000333,0.18608227604770514,0.21413302575933157,71635.1084250086,0.02235517036880976,-0.3839138792772011,0.3278123798539023,3210495
624,01,JAMMU & KASHMIR,SAMBA,-0.07111111111110967,0.15378700499807438,0.1663360246059251,0.18608227604768907,92935.27496342541,0.07570102253651535,-0.3014225297962323,0.28444444444444444,1231705
005,01,JAMMU & KASHMIR,JAMMU,-0.10340638216070623,0.1358861976163324,0.15378700499807826,0.17279507881584888,183430.3490788578,0.05737301703424471,-0.31009611687812383,0.28444444444444444,3204791
322,20,JHARKHAND,BOKARO,-0.08421376393694674,0.14769703960016362,0.16000000000000036,0.17279507881585002,285835.15316197963,0.0814416217046838,-0.28444444444444444,0.2761399461745483,3518062
323,20,JHARKHAND,CHATRA,-0.021041366407819742,0.17279507881584502,0.18608227604770838,0.19986159169548742,470682.3222805633,0.10109409371502409,-0.24415224913494812,0.29287197231833906,4666877
325,20,JHARKHAND,DHANBAD,-0.10851211072664647,0.13016532103034345,0.14173010380621776,0.15999999999999565,165411.6279003246,0.06652553050973721,-0.2679584775086506,0.2519646289888504,2490976
324,20,JHARKHAND,DEOGHAR,-0.05911572472126145,0.15378700499801545,0.16633602460588592,0.1793771626297817,298212.8676019965,0.09794584900597214,-0.2599000384467512,0.2519646289888504,3050828
326,20,JHARKHAND,DUMKA,-0.04484429065743869,0.13016532103032155,0.14173010380624268,0.1537870049980779,361640.16900011245,0.0785200943203766,-0.2364628988850442,0.24415224913494812,4613615
328,20,JHARKHAND,GARHWA,-0.025852597263122886,0.1663360246058444,0.17937716262980605,0.19291041906959688,500509.79542436893,0.09978911207884578,-0.2761399461745483,0.28444444444444444,5023969
329,20,JHARKHAND,GIRIDIH,-0.05536332179930711,0.1599999999999504,0.17279507881583883,0.18608227604770936,589791.0766755949,0.09702851078711687,-0.2679584775086506,0.2679584775086506,6087886
330,20,JHARKHAND,GODDA,-0.05536332179930698,0.13016532103034023,0.14173010380623727,0.15378700499808473,184175.4992169816,0.06559067867022732,-0.2599000384467512,0.2519646289888504,2814180
331,20,JHARKHAND,GUMLA,-0.044844290657438224,0.1929104190695161,0.20693579392537645,0.22145328719722215,770985.2817666023,0.11852096609118552,-0.21413302575932336,0.29287197231833906,6516036
332,20,JHARKHAND,HAZARIBAGH,-0.05536332179930717,0.15999999999996944,0.17937716262980014,0.19291041906960318,459960.0211463048,0.08675326913144452,-0.28444444444444444,0.28444444444444444,5315097
333,20,JHARKHAND,JAMTARA,-0.024605920799692527,0.13588619761634477,0.1476970396001765,0.16000000000000758,200778.8820218587,0.09093188376241136,-0.2364628988850442,0.2288965782391388,2214404
606,20,JHARKHAND,KHUNTI,-0.01295327375062779,0.19291041906952816,0.2069357939253795,0.22145328719720003,389476.58695517294,0.12183484899006293,-0.2364628988850442,0.3014225297962323,3204257
334,20,JHARKHAND,KODARMA,-0.06299115724721174,0.14769703960016975,0.16000000000001338,0.17937716262975179,136646.60260082586,0.06799205998231096,-0.2679584775086506,0.2761399461745483,2016064
335,20,JHARKHAND,LATEHAR,-0.04484429065743819,0.16633602460585048,0.17937716262981102,0.19291041906957668,463423.3120556916,0.08959624743706217,-0.24415224913494812,0.3188927335640138,5182155
336,20,JHARKHAND,LOHARDAGA,-0.06299115724721144,0.1793771626298236,0.19291041906957695,0.20693579392538516,175138.43455428124,0.09553156900364684,-0.2364628988850442,0.29287197231833906,1838361
337,20,JHARKHAND,PAKUR,-0.055363321799307655,0.10851211072666454,0.11909265667052735,0.1301653210303654,129866.11494005055,0.05876944067977934,-0.2519646289888504,0.24415224913494812,2216228
338,20,JHARKHAND,PALAMU,-0.044844290657439036,0.15378700499800282,0.1663360246058625,0.17937716262978978,504809.9900326806,0.09334834117672257,-0.2761399461745483,0.2679584775086506,5416996
343,20,JHARKHAND,WEST SINGHBHUM,-0.04484429065743821,0.16633602460584965,0.17937716262980716,0.19291041906959944,797220.5947154739,0.09138429359134208,-0.2679584775086506,0.3014225297962323,8734513
327,20,JHARKHAND,EAST SINGHBHUM,-0.09842368319876955,0.13016532103033754,0.1417301038062271,0.16000000000000014,251775.79477716814,0.05857366520193691,-0.29287197231833906,0.2599000384467512,4306723
607,20,JHARKHAND,RAMGARH,-0.06698961937716295,0.15378700499807496,0.16633602460592503,0.1793771626297516,149372.45956172392,0.08793808035312763,-0.2599000384467512,0.28444444444444444,1705200
339,20,JHARKHAND,RANCHI,-0.08882737408688786,0.16633602460586397,0.18608227604771022,0.19986159169548628,584476.8743714966,0.09644007443795115,-0.28444444444444444,0.28444444444444444,6072574
340,20,JHARKHAND,SAHIBGANJ,-0.0753556324490593,0.10340638216073371,0.11909265667052636,0.1301653210303668,124204.35970282315,0.04602699165484393,-0.28444444444444444,0.24415224913494812,2704649
341,20,JHARKHAND,SARAIKELA-KHARSAWAN,-0.06698961937716347,0.1358861976163465,0.15378700499807602,0.16633602460592495,251186.22199670196,0.07797266586678678,-0.28444444444444444,0.2599000384467512,3228630
342,20,JHARKHAND,SIMDEGA,-0.01674394604666082,0.19291041906952022,0.20693579392538047,0.22145328719721208,551085.5522136838,0.12063960670834813,-0.21413302575932336,0.29287197231833906,4575865
524,29,KARNATAKA,BAGALKOT,-0.044844290657438314,0.1417301038062581,0.15378700499803435,0.17279507881585035,578716.1990570922,0.07589149283619658,-0.2761399461745483,0.2761399461745483,7637876
528,29,KARNATAKA,BALLARI,-0.04822760476739535,0.14173010380626236,0.1537870049980285,0.17279507881585024,755612.6733916838,0.07712898516325113,-0.2599000384467512,0.3014225297962323,9811668
527,29,KARNATAKA,BELAGAVI,-0.0629911572472113,0.11909265667053394,0.13588619761634335,0.1537870049980789,836175.6411751523,0.05350761384254484,-0.2679584775086506,0.3188927335640138,15647841
526,29,KARNATAKA,BENGALURU RURAL,-0.08882737408688965,0.15378700499808223,0.1727950788158498,0.19291041906957634,233504.04655276894,0.08849131797838397,-0.29287197231833906,0.31009611687812383,2647699
525,29,KARNATAKA,BENGALURU URBAN,-0.24415224913492675,0.1358861976163151,0.15378700499808678,0.17279507881584857,25329.974285467506,0.010055008912945878,-0.31009611687812383,0.3014225297962323,2525378
529,29,KARNATAKA,BIDAR,-0.013840830449826994,0.12456747404847401,0.1417301038062157,0.15378700499808393,483042.1993168993,0.07549343389613758,-0.2364628988850442,0.2599000384467512,6408943
531,29,KARNATAKA,CHAMARAJANAGAR,-0.07111111111111268,0.15378700499802136,0.16633602460587962,0.18608227604770028,524806.8527328309,0.08131346642952923,-0.28444444444444444,0.3553094963475586,6464990
630,29,KARNATAKA,CHIK BALLAPUR,-0.051733948481354194,0.15999999999997155,0.17279507881585096,0.18608227604770075,490223.77781562833,0.10045912267192542,-0.29287197231833906,0.28444444444444444,4888990
532,29,KARNATAKA,CHIKKAMAGALURU,-0.055363321799307676,0.15378700499802728,0.17279507881585082,0.1929104190695809,674009.0374599718,0.08141232624406536,-0.31009611687812383,0.36472126105344094,8290158
533,29,KARNATAKA,CHITRADURGA,-0.03692874183298076,0.16633602460580313,0.1793771626298174,0.19291041906954723,1064990.8926361843,0.1095135436482922,-0.2761399461745483,0.28444444444444444,9737571
534,29,KARNATAKA,DAKSHINA KANNADA,-0.08882737408688562,0.14173010380623297,0.17279507881584993,0.20693579392540226,260293.86023255633,0.04673169416982326,-0.3014225297962323,0.37425605536332185,5579048
535,29,KARNATAKA,DAVANGERE,-0.04822760476739511,0.14173010380625764,0.15378700499804926,0.1727950788158496,571435.7032223594,0.08359331446195084,-0.2599000384467512,0.3188927335640138,6847089
536,29,KARNATAKA,DHARWAD,-0.009647526990697826,0.14173010380625595,0.15378700499805276,0.16633602460592511,489651.7605048759,0.09919633943118532,-0.2519646289888504,0.3014225297962323,4944779
537,29,KARNATAKA,GADAG,0.01681582122946585,0.1537870049979912,0.15999999999997397,0.17279507881585066,605507.7181193754,0.11213773008798247,-0.2364628988850442,0.2761399461745483,5409858
539,29,KARNATAKA,HASSAN,-0.03690313853152223,0.14769703960017794,0.16633602460590893,0.18608227604769145,677742.0384288992,0.08670475766189742,-0.29287197231833906,0.36472126105344094,7828705
540,29,KARNATAKA,HAVERI,-0.016774336738725533,0.14173010380625106,0.1537870049980582,0.16633602460592037,515383.2613965208,0.09246181645284474,-0.2364628988850442,0.29287197231833906,5582700
538,29,KARNATAKA,KALABURAGI,-0.02977316416762796,0.09356401384085805,0.10851211072665605,0.12456747404845386,659924.01579997,0.05148178965251426,-0.29287197231833906,0.2761399461745483,12835141
541,29,KARNATAKA,KODAGU,-0.036896892156880516,0.1998615916954834,0.22889657823911766,0.25196462898884486,559375.4601733832,0.11914056216419973,-0.28444444444444444,0.40359861591695495,4703960
542,29,KARNATAKA,KOLAR,-0.05911572472126099,0.17279507881583775,0.1860822760477132,0.1998615916954853,494184.36710685387,0.1081972066573368,-0.29287197231833906,0.3188927335640138,4576751
543,29,KARNATAKA,KOPPAL,-0.04484429065743901,0.15378700499797499,0.16633602460583624,0.18608227604770475,639485.0805723891,0.09897584812357656,-0.2679584775086506,0.28444444444444444,6471180
544,29,KARNATAKA,MANDYA,-0.025880053416504494,0.16633602460584807,0.17937716262980463,0.199861591695487,596897.8536689319,0.1049900591923194,-0.2761399461745483,0.3278123798539023,5695228
545,29,KARNATAKA,MYSURU,-0.04158400615148074,0.15999999999997871,0.17279507881585113,0.19291041906959217,692065.1837049332,0.09591855300881813,-0.28444444444444444,0.3553094963475586,7227650
546,29,KARNATAKA,RAICHUR,-0.04484429065744302,0.1301653210303278,0.1476970396001686,0.16000000000000564,666419.7728472985,0.06787123414194447,-0.2761399461745483,0.2679584775086506,9829398
631,29,KARNATAKA,RAMANAGARAM,-0.051733948481354174,0.1537870049980249,0.16633602460589605,0.186082276047696,369412.8509280432,0.09177085673820723,-0.28444444444444444,0.3188927335640138,4034113
547,29,KARNATAKA,SHIVAMOGGA,-0.04158400615148108,0.15999999999999864,0.17937716262979242,0.20693579392539707,792045.2225215515,0.08108382036761218,-0.2364628988850442,0.37425605536332185,9782492
548,29,KARNATAKA,TUMAKURU,-0.03691345183026244,0.16633602460584582,0.1793771626298085,0.19291041906958414,1228219.6947827465,0.10080379980822797,-0.3014225297962323,0.3014225297962323,12204538
549,29,KARNATAKA,UDUPI,-0.07111111111111303,0.1537870049980786,0.1793771626297698,0.20693579392540512,257688.3275223408,0.06257408164991259,-0.2599000384467512,0.3553094963475586,4125180
550,29,KARNATAKA,UTTARA KANNADA,-0.07535563244905463,0.14769703960017594,0.17279507881585088,0.2069357939253967,810629.6792099692,0.06824351772129982,-0.2679584775086506,0.37425605536332185,11893283
530,29,KARNATAKA,VIJAYAPURA,-0.03254133025759322,0.09842368319872823,0.1137408688966031,0.13016532103035644,708306.824049825,0.05782548010505823,-0.2761399461745483,0.2519646289888504,12262243
635,29,KARNATAKA,YADGIR,-0.0368539160134441,0.12456747404847529,0.1417301038062219,0.15999999999999817,419084.05263779854,0.068143784114031,-0.2519646289888504,0.2679584775086506,6160245
554,32,KERALA,ALAPPUZHA,-0.16633602460592417,0.13588619761630194,0.15378700499808506,0.17937716262975298,34529.02351221953,0.021442319339788463,-0.28444444444444444,0.31009611687812383,1615612
555,32,KERALA,ERNAKULAM,-0.12456747404844197,0.18608227604770847,0.2288965782391097,0.26795847750868407,203047.46694951467,0.05842278271424005,-0.31009611687812383,0.4444444444444444,3482949
556,32,KERALA,IDUKKI,-0.11909265667051488,0.1793771626297939,0.21413302575932774,0.25196462898884503,330771.52720475086,0.06689226982819964,-0.3188927335640138,0.42377547097270285,4955513
557,32,KERALA,KANNUR,-0.08882737408688496,0.12456747404845893,0.16000000000000342,0.19986159169549358,115356.57924071663,0.03401756864916002,-0.2519646289888504,0.3839138792772011,3397343
558,32,KERALA,KASARAGOD,-0.09356401384082677,0.10340638216071715,0.13016532103037473,0.1600000000000009,47627.22153812564,0.02087312589765859,-0.24415224913494812,0.33685505574778934,2288384
559,32,KERALA,KOLLAM,-0.14173010380623752,0.17279507881585007,0.21413302575931847,0.251964628988845,118716.74744455268,0.042215541624965616,-0.29287197231833906,0.42377547097270285,2818601
560,32,KERALA,KOTTAYAM,-0.11374086889657653,0.14173010380621873,0.16633602460592486,0.19291041906957643,130478.81964945556,0.05215807600160762,-0.2761399461745483,0.36472126105344094,2507427
561,32,KERALA,KOZHIKODE,-0.10851211072664173,0.13588619761629875,0.17279507881584955,0.21413302575932966,72254.54706473529,0.02697154714772636,-0.31009611687812383,0.3839138792772011,2684454
562,32,KERALA,MALAPPURAM,-0.10340638216070715,0.15999999999999542,0.20693579392539146,0.25196462898884486,165578.82409125534,0.040876718688185244,-0.29287197231833906,0.42377547097270285,4058183
563,32,KERALA,PALAKKAD,-0.10851211072664423,0.1537870049980752,0.18608227604770033,0.2141330257593305,284505.21927855536,0.05575849324694443,-0.31009611687812383,0.40359861591695495,5112539
564,32,KERALA,PATTANAMTHITTA,-0.09356401384082916,0.2141330257592736,0.24415224913492445,0.27613994617455245,255563.0275592489,0.08508250853402458,-0.3188927335640138,0.4444444444444444,3011006
565,32,KERALA,THIRUVANANTHAPURAM,-0.13588619761629983,0.16633602460591707,0.19986159169548504,0.23646289888505947,112876.5897920684,0.04550851861931708,-0.31009611687812383,0.41362552864282975,2485730
566,32,KERALA,TRISSUR,-0.12456747404844393,0.15378700499808623,0.18608227604769512,0.22145328719723226,136853.99155744037,0.03971520230744574,-0.28444444444444444,0.40359861591695495,3453173
567,32,KERALA,WAYANAD,-0.06299115724721145,0.17937716262979406,0.1998615916954858,0.22889657823913984,214584.15873019025,0.08818411728267936,-0.3278123798539023,0.3839138792772011,2438701
009,37,LADAKH,LEH,-0.40359861591683377,-0.04822760476739725,-0.0058046926806412606,0.04484429065743931,-4.544143604037843E7,-0.21685967111682838,-0.5435447904652058,0.24415224913494812,209611635
006,37,LADAKH,KARGIL,-0.36472126105346714,-0.07111111111111769,-0.037012924841099276,0.0016920113137747072,-3730717.2617298947,-0.19567420452657033,-0.47637062668204533,0.16000000000000003,19084969
553,31,LAKSHADWEEP,LAKSHADWEEP,-0.11909265667051133,0.027128027681660886,0.03844675124951945,0.051733948481353355,-651.3433485461866,-0.02067938161759328,-0.19986159169550174,0.13016532103037293,33702
667,23,MADHYA PRADESH,AGAR MALWA,-0.0167153261844005,0.09842368319874556,0.1137408688965928,0.13016532103037226,190080.06776624,0.05702046553988445,-0.28444444444444444,0.2288965782391388,3340865
639,23,MADHYA PRADESH,ALIRAJPUR,-0.025867612588353343,0.1599999999999454,0.17279507881572212,0.18608227604764868,385191.67267984874,0.09577268676541685,-0.2679584775086506,0.2679584775086506,4031207
390,23,MADHYA PRADESH,ANUPPUR,-0.009644693454066317,0.17937716262982095,0.19291041906956083,0.2069357939253869,554063.9997653594,0.12102520416523223,-0.2599000384467512,0.31009611687812383,4589056
391,23,MADHYA PRADESH,ASHOKNAGAR,0.016858371357093702,0.1476970396001693,0.1727950788158422,0.19291041906957826,519503.65994060383,0.08935004746555521,-0.2599000384467512,0.2761399461745483,5822740
392,23,MADHYA PRADESH,BALAGHAT,0.005831871448305161,0.19291041906954198,0.21413302575926374,0.22889657823911913,1357452.7401932143,0.12198335720479866,-0.2364628988850442,0.3278123798539023,11141974
393,23,MADHYA PRADESH,BARWANI,-0.05173394848135392,0.09356401384087305,0.10851211072665966,0.11909265667051935,326056.6082164402,0.049951417085186516,-0.2761399461745483,0.2288965782391388,6536978
394,23,MADHYA PRADESH,BETUL,-0.021057459906063208,0.14173010380625298,0.15999999999997783,0.17937716262979952,962883.4909213261,0.07960149290958575,-0.2288965782391388,0.28444444444444444,12110448
395,23,MADHYA PRADESH,BHIND,-0.00962612370665449,0.13016532103033188,0.1476970396001734,0.1600000000000083,458505.0690885377,0.08246660104145172,-0.3014225297962323,0.2599000384467512,5571431
396,23,MADHYA PRADESH,BHOPAL,-0.10340638216070445,0.12456747404846792,0.14769703960017025,0.1727950788158496,198982.5569360443,0.059095498953628936,-0.28444444444444444,0.2519646289888504,3374356
397,23,MADHYA PRADESH,BURHANPUR,-0.0448442906574385,0.10851211072666714,0.12456747404846916,0.1358861976163127,227292.67735919607,0.05877320951902393,-0.2761399461745483,0.2288965782391388,3873783
398,23,MADHYA PRADESH,CHHATARPUR,0.01682656729503105,0.17279507881579462,0.186082276047691,0.19986159169548443,1228051.8968111288,0.11512244229868304,-0.2679584775086506,0.28444444444444444,10687142
399,23,MADHYA PRADESH,CHHINDWARA,-0.012940502693739342,0.15378700499800124,0.17279507881580594,0.18608227604769834,1320278.565645744,0.09274637954713727,-0.2679584775086506,0.29287197231833906,14251129
400,23,MADHYA PRADESH,DAMOH,0.016868856728201948,0.18608227604763283,0.20693579392537856,0.22145328719725005,970262.1952391692,0.10889202952543238,-0.2519646289888504,0.29287197231833906,8922849
401,23,MADHYA PRADESH,DATIA,-0.021036486081708557,0.1358861976163224,0.15378700499807826,0.1727950788158474,237315.43382583896,0.0712774994650268,-0.3014225297962323,0.2679584775086506,3340498
402,23,MADHYA PRADESH,DEWAS,-0.02977316416762846,0.10340638216073711,0.11909265667052785,0.13588619761630222,501799.28801518853,0.05910060187825068,-0.2761399461745483,0.2364628988850442,8505726
403,23,MADHYA PRADESH,DHAR,-0.048227604767396355,0.09842368319874624,0.11909265667052414,0.1358861976163199,514845.6228991427,0.05223768672412676,-0.28444444444444444,0.2519646289888504,9867234
404,23,MADHYA PRADESH,DINDORI,-0.0057246948956045495,0.16633602460584243,0.17937716262980533,0.1929104190695933,745700.2243315035,0.10710121432826952,-0.22145328719723184,0.3014225297962323,6974940
405,23,MADHYA PRADESH,EAST NIMAR,-0.012935301085698299,0.10851211072666311,0.12456747404846359,0.1417301038062372,558090.3658133118,0.062074766288734984,-0.28444444444444444,0.2599000384467512,9002549
406,23,MADHYA PRADESH,GUNA,-0.0016717893820423946,0.13016532103034084,0.14769703960017336,0.1727950788158504,614737.6873130362,0.07851986661517003,-0.3014225297962323,0.2519646289888504,7842335
407,23,MADHYA PRADESH,GWALIOR,-0.04484429065743878,0.1727950788157852,0.18608227604762906,0.199861591695483,503127.6226770165,0.08879057164838758,-0.28444444444444444,0.29287197231833906,5674029
408,23,MADHYA PRADESH,HARDA,-0.016720245095298764,0.09842368319874643,0.119092656670526,0.13588619761629536,208993.4611685045,0.05186353814417598,-0.2679584775086506,0.2519646289888504,4035848
409,23,MADHYA PRADESH,HOSHANGABAD,-0.03254133025759328,0.130165321030347,0.15378700499807701,0.1793771626297825,461409.3088689691,0.05707601667954379,-0.2519646289888504,0.3014225297962323,8095645
410,23,MADHYA PRADESH,INDORE,-0.13588619761630275,0.08882737408688053,0.10340638216072676,0.11909265667051927,186317.89263798625,0.03939529769759999,-0.28444444444444444,0.2288965782391388,4738802
411,23,MADHYA PRADESH,JABALPUR,-0.05536332179930748,0.14173010380624812,0.15999999999998024,0.17279507881585016,399404.3353929519,0.06455337126136766,-0.2761399461745483,0.28444444444444444,6198352
412,23,MADHYA PRADESH,JHABUA,-0.0016765646680326003,0.12456747404847342,0.14173010380622855,0.15378700499808748,325499.40574045625,0.07801057795745511,-0.2679584775086506,0.24415224913494812,4179358
413,23,MADHYA PRADESH,KATNI,-0.016760630216050957,0.15999999999998643,0.17279507881585113,0.19291041906959758,563622.5337197722,0.09144605438241381,-0.28444444444444444,0.2761399461745483,6175594
415,23,MADHYA PRADESH,MANDLA,0.005849694641939712,0.1663360246058511,0.17937716262980763,0.1998615916954861,959097.6634958569,0.1055468154815938,-0.2288965782391388,0.33685505574778934,9100880
416,23,MADHYA PRADESH,MANDSAUR,-0.021049607317570246,0.1137408688965792,0.13588619761631696,0.16000000000001557,432616.7543740828,0.06372468774371608,-0.29287197231833906,0.2519646289888504,6799773
417,23,MADHYA PRADESH,MORENA,-0.01676067681471441,0.17279507881582457,0.1929104190695497,0.21413302575923357,599251.4028782105,0.09648480944603821,-0.31009611687812383,0.2761399461745483,6223463
418,23,MADHYA PRADESH,NARSHIMAPURA,-0.021024070785600632,0.13016532103035505,0.14769703960016722,0.1727950788158494,418522.10493415047,0.06722688149399526,-0.2679584775086506,0.2679584775086506,6236392
419,23,MADHYA PRADESH,NIMACH,-0.012942845778247546,0.16633602460583063,0.1793771626298232,0.19291041906956805,505856.92723548645,0.09613451337626326,-0.29287197231833906,0.2679584775086506,5274602
420,23,MADHYA PRADESH,PANNA,0.0058633647781141,0.17279507881578768,0.18608227604770358,0.19986159169548448,925388.927649981,0.10635514823413592,-0.2519646289888504,0.28444444444444444,8717597
421,23,MADHYA PRADESH,RAISEN,-0.025803464525577628,0.12456747404846849,0.14173010380623755,0.1663360246059096,621850.8397849336,0.060392548655869134,-0.2679584775086506,0.2519646289888504,10312010
422,23,MADHYA PRADESH,RAJGARH,-0.009635520581884499,0.10340638216073968,0.11374086889660885,0.13016532103037526,479155.4042399297,0.06366637662107329,-0.2679584775086506,0.24415224913494812,7535187
423,23,MADHYA PRADESH,RATLAM,-0.025825490229325156,0.11374086889658641,0.12456747404846989,0.13588619761631537,393611.4923173475,0.06660549330838465,-0.28444444444444444,0.2288965782391388,5920371
424,23,MADHYA PRADESH,REWA,-0.021061689987363023,0.17279507881584594,0.18608227604770303,0.2069357939253866,757339.3453687185,0.09785504813904106,-0.31009611687812383,0.28444444444444444,7751995
425,23,MADHYA PRADESH,SAGAR,0.005890659369493853,0.15378700499805517,0.17279507881585082,0.1998615916954856,1098369.3873531478,0.08766247884726483,-0.2761399461745483,0.28444444444444444,12549508
426,23,MADHYA PRADESH,SATNA,-0.036922615185687714,0.15999999999997766,0.1793771626298131,0.19986159169548487,783635.6158246867,0.08489065925986831,-0.31009611687812383,0.3014225297962323,9250027
427,23,MADHYA PRADESH,SEHORE,-0.02102758797647752,0.10851211072666427,0.12456747404846766,0.14173010380622847,476651.9949122501,0.059854824955158994,-0.2761399461745483,0.2599000384467512,7979648
428,23,MADHYA PRADESH,SEONI,-0.005681401570266676,0.15999999999997094,0.17937716262980466,0.19986159169548567,986130.0327928469,0.09326547535508738,-0.2599000384467512,0.3014225297962323,10587279
429,23,MADHYA PRADESH,SHAHDOL,0.016819157268356144,0.18608227604761887,0.19986159169548282,0.2141330257593139,893121.8718173892,0.12903800933965517,-0.2288965782391388,0.29287197231833906,6933487
430,23,MADHYA PRADESH,SHAJAPUR,-0.010396001537870085,0.10340638216074065,0.11909265667052554,0.13016532103037254,282126.6045474513,0.06699566505861976,-0.2679584775086506,0.22145328719723184,4219787
431,23,MADHYA PRADESH,SHEOPUR,-0.02583280741489799,0.1860822760476194,0.19986159169548276,0.2141330257592457,892311.9765851136,0.1090106897556947,-0.3014225297962323,0.2679584775086506,8196536
432,23,MADHYA PRADESH,SHIVPURI,0.016840051076175637,0.18608227604765384,0.19986159169548293,0.21413302575929613,1516085.3240438222,0.11936349926043324,-0.2761399461745483,0.29287197231833906,12718231
433,23,MADHYA PRADESH,SIDHI,-0.029773164167628503,0.16633602460585867,0.1793771626298059,0.19291041906960177,548906.4338317403,0.09390854050994188,-0.2679584775086506,0.2761399461745483,5855562
638,23,MADHYA PRADESH,SINGRAULI,-0.03254133025759277,0.1663360246058256,0.18608227604769687,0.19986159169548495,714516.2292872386,0.10125718921287072,-0.2364628988850442,0.2761399461745483,7066555
434,23,MADHYA PRADESH,TIKAMGARH,0.03254133025759363,0.17937716262976225,0.1929104190695535,0.2069357939253853,586921.8065969353,0.1281302023292477,-0.2761399461745483,0.2761399461745483,4588875
435,23,MADHYA PRADESH,UJJAIN,-0.02977316416762819,0.09356401384086845,0.10851211072665805,0.12456747404845005,396526.1342687594,0.05345674952001434,-0.3014225297962323,0.2364628988850442,7431237
436,23,MADHYA PRADESH,UMARIA,0.013012280319651386,0.1793771626298185,0.199861591695484,0.21413302575930263,640364.1329302441,0.11485154448327758,-0.21413302575932336,0.29287197231833906,5584765
437,23,MADHYA PRADESH,VIDISHA,-0.0016505196545890388,0.1085121107266641,0.13016532103034364,0.1476970396001657,594554.1258800887,0.06667900413335451,-0.28444444444444444,0.24415224913494812,8929692
414,23,MADHYA PRADESH,WEST NIMAR,-0.04158400615148101,0.09356401384086344,0.10851211072665763,0.11909265667051802,438391.12790063524,0.045380863986210544,-0.28444444444444444,0.24415224913494812,9673296
722,23,MADHYA PRADESH,NIVARI,0.0057992388086467875,0.1663360246058805,0.1793771626297937,0.19291041906958256,185555.57036943221,0.11373261659998793,-0.2679584775086506,0.2761399461745483,1640914
466,27,MAHARASHTRA,AHAMADNAGAR,-0.06299115724721138,0.0984236831987401,0.10851211072666174,0.12456747404845843,916407.6851099525,0.04531828864698781,-0.3014225297962323,0.2599000384467512,20247712
467,27,MAHARASHTRA,AKOLA,-0.05173394848135338,0.09356401384087068,0.10340638216073485,0.12456747404845836,328915.98128418083,0.05062822119981964,-0.29287197231833906,0.2519646289888504,6508098
468,27,MAHARASHTRA,AMARAVATI,-0.048227604767395515,0.10340638216073571,0.11909265667052643,0.13588619761631315,788413.4732508837,0.05393888796100176,-0.28444444444444444,0.2599000384467512,14634927
469,27,MAHARASHTRA,AURANGABAD,-0.07535563244905935,0.08421376393696951,0.09842368319876449,0.11374086889657771,472336.0273914338,0.03925191089611342,-0.3014225297962323,0.22145328719723184,12049449
471,27,MAHARASHTRA,BHANDARA,-0.012955248771077323,0.1599999999999797,0.1727950788158512,0.19291041906959175,499235.9890922317,0.10081014150854327,-0.2599000384467512,0.29287197231833906,4961610
470,27,MAHARASHTRA,BID,-0.041584006151480876,0.09356401384086811,0.10340638216073318,0.11909265667051681,612928.0541719232,0.048928193874220996,-0.3014225297962323,0.22145328719723184,12544794
472,27,MAHARASHTRA,BULDHANA,-0.04822760476739675,0.09842368319874292,0.11374086889658419,0.13016532103036538,616526.2889245669,0.053075859464208314,-0.3014225297962323,0.24415224913494812,11630150
473,27,MAHARASHTRA,CHANDRAPUR,0.0017648624735062681,0.14173010380624346,0.16000000000000694,0.17279507881585046,1174388.305308521,0.08688016509542386,-0.2679584775086506,0.3014225297962323,13530633
474,27,MAHARASHTRA,DHULE,-0.05911572472126154,0.09842368319874707,0.1085121107266625,0.11909265667052356,477650.1814140564,0.05550378238127055,-0.29287197231833906,0.2288965782391388,8617611
475,27,MAHARASHTRA,GADCHIROLI,0.0017511618616810477,0.17279507881582745,0.18608227604769978,0.20693579392539013,1708618.7388514355,0.0992258725312267,-0.2519646289888504,0.3278123798539023,17237884
476,27,MAHARASHTRA,GONDIA,-0.0016970148490268258,0.17279507881576894,0.18608227604769095,0.1998615916954851,701545.1383392995,0.11305025453432739,-0.2519646289888504,0.3014225297962323,6215661
477,27,MAHARASHTRA,HINGOLI,-0.04822760476739569,0.09842368319874586,0.11374086889659167,0.1301653210303717,269798.3995035821,0.048290332385309755,-0.2679584775086506,0.2519646289888504,5596711
478,27,MAHARASHTRA,JALGAON,-0.07535563244905503,0.08882737408687094,0.10340638216072918,0.11374086889657373,605559.7741100156,0.04295379238869652,-0.29287197231833906,0.2288965782391388,14113319
479,27,MAHARASHTRA,JALNA,-0.03687179219041083,0.08882737408687663,0.10340638216072946,0.1190926566705155,448364.9082796579,0.0491952139683268,-0.3014225297962323,0.22145328719723184,9127228
480,27,MAHARASHTRA,KOLHAPUR,-0.0984236831987679,0.11374086889658871,0.13016532103035275,0.14769703960016417,373969.87709384033,0.04181490547135539,-0.29287197231833906,0.3014225297962323,8961350
481,27,MAHARASHTRA,LATUR,-0.03689731007345634,0.09356401384087266,0.10851211072665853,0.1190926566705184,463475.8228823724,0.054654231917362905,-0.28444444444444444,0.24415224913494812,8490449
482,27,MAHARASHTRA,MUMBAI CITY,-0.251964628988848,-0.041584006151480134,-0.00686322868837914,0.03844675124951944,-10025.598591428663,-0.13287165842640755,-0.3014225297962323,0.14769703960015382,76546
484,27,MAHARASHTRA,NAGPUR,-0.05911572472126288,0.14173010380625142,0.15999999999999365,0.17937716262978773,971885.7988082402,0.08199449239561142,-0.2761399461745483,0.29287197231833906,11865192
485,27,MAHARASHTRA,NANDED,-0.048227604767396105,0.10340638216073939,0.11374086889659761,0.1301653210303626,687783.8485150754,0.05523729079716472,-0.29287197231833906,0.2599000384467512,12472028
486,27,MAHARASHTRA,NANDURBAR,-0.0669896193771629,0.10340638216073642,0.11374086889658724,0.13016532103036096,360777.6853952331,0.050462224629991066,-0.2761399461745483,0.24415224913494812,7163183
487,27,MAHARASHTRA,NASHIK,-0.08421376393694764,0.09842368319873365,0.10851211072666364,0.124567474048461,866341.3461308677,0.04690676573108677,-0.29287197231833906,0.2599000384467512,18486361
488,27,MAHARASHTRA,USMANABAD,-0.032541330257593655,0.08882737408687798,0.10340638216072993,0.11909265667051681,445785.9521875887,0.050032658258203876,-0.28444444444444444,0.24415224913494812,8925215
665,27,MAHARASHTRA,PALGHAR,-0.12456747404843965,0.08421376393696697,0.09842368319876221,0.11374086889657399,123942.17055797268,0.019808075900851412,-0.3188927335640138,0.22145328719723184,6266083
489,27,MAHARASHTRA,PARBHANI,-0.03254133025759365,0.09356401384086369,0.10340638216073078,0.11909265667051386,401737.4140963451,0.05383109047392146,-0.29287197231833906,0.24415224913494812,7474260
490,27,MAHARASHTRA,PUNE,-0.1301653210303767,0.10851211072665924,0.1245674740484698,0.14173010380622542,690891.2926744791,0.03746015953230251,-0.3014225297962323,0.28444444444444444,18462996
491,27,MAHARASHTRA,RAYGAD,-0.13588619761630238,0.08882737408687548,0.10340638216072623,0.12456747404844237,120222.8186375119,0.014617106855007802,-0.3014225297962323,0.2599000384467512,8238352
492,27,MAHARASHTRA,RATNAGIRI,-0.12456747404844072,0.10340638216073365,0.11909265667052409,0.14173010380623843,152735.16292758877,0.01574078330950408,-0.31009611687812383,0.28444444444444444,9717129
493,27,MAHARASHTRA,SANGLI,-0.07972318339100612,0.09356401384086431,0.10340638216073157,0.11909265667051754,379333.0193720249,0.037706009255781756,-0.28444444444444444,0.2761399461745483,10078127
494,27,MAHARASHTRA,SATARA,-0.09842368319876607,0.09842368319874109,0.11374086889659378,0.1358861976163193,467335.3167851744,0.038039900937795725,-0.29287197231833906,0.28444444444444444,12298534
495,27,MAHARASHTRA,SINDHUDURG,-0.11374086889657527,0.10851211072665877,0.12456747404846061,0.1476970396001546,149318.91833261814,0.025135464019056048,-0.28444444444444444,0.2761399461745483,5951789
496,27,MAHARASHTRA,SOLAPUR,-0.06698961937716215,0.09356401384086899,0.103406382160733,0.11909265667051723,780160.3187474086,0.04475124681008871,-0.3014225297962323,0.2364628988850442,17457025
483,27,MAHARASHTRA,SUB URBAN MUMBAI,-0.24415224913495082,0.06299115724721145,0.08421376393694653,0.10851211072664475,-32357.733057716207,-0.06341356133061292,-0.31009611687812383,0.22145328719723184,512479
497,27,MAHARASHTRA,THANE,-0.1600000000000012,0.08882737408687114,0.10340638216073231,0.12456747404844844,94170.90432118387,0.01860772234390464,-0.3188927335640138,0.2599000384467512,5069267
498,27,MAHARASHTRA,WARDHA,-0.016742841636765236,0.11374086889657908,0.1301653210303473,0.1476970396001657,520760.66034944623,0.06912202912451501,-0.2761399461745483,0.2519646289888504,7543509
499,27,MAHARASHTRA,WASHIM,-0.025844877264200445,0.10340638216073485,0.11374086889660581,0.1301653210303735,344453.0789273303,0.05638219934505628,-0.28444444444444444,0.24415224913494812,6120783
500,27,MAHARASHTRA,YAVATMAL,-0.025830603953451117,0.11909265667053429,0.13016532103034303,0.14769703960016592,1107461.9467529242,0.06855379529199646,-0.28444444444444444,0.24415224913494812,16172960
252,14,MANIPUR,BISHNUPUR,-0.11374086889658035,0.1727950788158492,0.19291041906957304,0.21413302575932577,54457.07451544977,0.09242856544967769,-0.2679584775086506,0.3014225297962323,592328
253,14,MANIPUR,CHANDEL,-0.20693579392539538,0.05173394848135022,0.08421376393694588,0.11374086889657631,-129176.66095687755,-0.053547249452705795,-0.3278123798539023,0.29287197231833906,2417211
254,14,MANIPUR,CHURACHANDPUR,-0.1998615916954909,0.06698961937716467,0.0984236831987647,0.13016532103036843,-132530.67044805785,-0.0444440904612735,-0.3188927335640138,0.29287197231833906,2987741
256,14,MANIPUR,IMPHAL WEST,-0.15378700499807677,0.13016532103036876,0.15378700499807793,0.17279507881584338,34555.94763160616,0.057668683097800294,-0.2679584775086506,0.2599000384467512,603204
255,14,MANIPUR,IMPHAL EAST,-0.16633602460592398,0.11374086889657786,0.1301653210303742,0.15378700499807924,17041.501308069786,0.032015636458225555,-0.29287197231833906,0.2761399461745483,535890
713,14,MANIPUR,JIRIBAM,-0.1417301038062259,0.11909265667050904,0.14173010380622716,0.16633602460592295,8836.845679201893,0.024383300337218014,-0.2519646289888504,0.31009611687812383,365087
260,14,MANIPUR,UKHRUL,-0.17937716262975098,0.06299115724721115,0.0842137639369452,0.10851211072664099,-87738.17821931592,-0.03401142357088461,-0.3014225297962323,0.2599000384467512,2585246
257,14,MANIPUR,SENAPATI,-0.179377162629752,0.07972318339101105,0.10340638216070779,0.13588619761630327,-56862.959413892124,-0.02630715272574739,-0.3278123798539023,0.31009611687812383,2166467
258,14,MANIPUR,TAMENGLONG,-0.1663360246059247,0.1085121107266482,0.14173010380623793,0.1727950788158477,-15480.311434968886,-0.004165201007794884,-0.28444444444444444,0.3278123798539023,3724282
259,14,MANIPUR,THOUBAL,-0.119092656670512,0.16000000000000433,0.18608227604769548,0.20693579392541228,35058.86862914495,0.07263154936123481,-0.2519646289888504,0.3014225297962323,485328
717,14,MANIPUR,KAMJONG,-0.19986159169548776,0.06698961937716658,0.09356401384082469,0.12456747404843978,-125916.42923587108,-0.04298217790608766,-0.3278123798539023,0.31009611687812383,2934321
714,14,MANIPUR,NONEI,-0.17279507881584644,0.10851211072664092,0.13588619761630116,0.16000000000000195,-6906.1658189385835,-0.004769838632904923,-0.29287197231833906,0.3278123798539023,1452211
715,14,MANIPUR,PHERZAWL,-0.1929104190695833,0.08421376393695039,0.10851211072664492,0.1417301038062325,-79884.63364126449,-0.03040510166281272,-0.3014225297962323,0.31009611687812383,2632958
716,14,MANIPUR,TENGNOUPAL,-0.1998615916954865,0.059115724721264806,0.08882737408688342,0.11909265667051268,-71813.10253029056,-0.0476322708856297,-0.3188927335640138,0.3188927335640138,1511379
712,14,MANIPUR,KANGPOKPI,-0.1793771626297597,0.08882737408689124,0.11374086889657528,0.1358861976162998,-46559.74296098732,-0.021831056819169,-0.3014225297962323,0.3014225297962323,2143163
711,14,MANIPUR,KAKCHING,-0.11909265667051191,0.17279507881584957,0.19291041906957357,0.21413302575932647,28908.197301361062,0.07367558120963051,-0.2599000384467512,0.3014225297962323,394750
273,17,MEGHALAYA,EAST GARO HILLS,-0.1301653210303718,0.08421376393695622,0.10851211072664825,0.1301653210303708,3843.5365544736846,0.001963884134471383,-0.2679584775086506,0.3014225297962323,1961933
274,17,MEGHALAYA,EAST KHASI HILLS,-0.16633602460592478,0.09356401384082272,0.12456747404844543,0.15378700499808068,-19943.1472851927,-0.005677132987599037,-0.3188927335640138,0.3278123798539023,3519450
657,17,MEGHALAYA,EAST JAINTIA HILLS,-0.10340638216070455,0.10851211072665745,0.13016532103037584,0.15999999999999995,61343.18043875255,0.02468860316637913,-0.2288965782391388,0.3188927335640138,2489782
277,17,MEGHALAYA,SOUTH GARO HILLS,-0.12456747404843865,0.07972318339101164,0.10851211072664549,0.1358861976162998,-5348.559936914496,-0.0023603883190368275,-0.2599000384467512,0.31009611687812383,2271292
278,17,MEGHALAYA,WEST GARO HILLS,-0.10851211072664371,0.0935640138408255,0.11374086889657342,0.13588619761630047,55020.84756253742,0.016714772969000057,-0.29287197231833906,0.3014225297962323,3298747
279,17,MEGHALAYA,WEST KHASI HILLS,-0.13016532103036793,0.07972318339101292,0.10851211072664536,0.1358861976163,-16781.6550304096,-0.00345921609087476,-0.2519646289888504,0.3188927335640138,4859806
276,17,MEGHALAYA,RI-BHOI,-0.11374086889657503,0.11374086889658849,0.13588619761630427,0.15999999999999653,64058.23584278083,0.02178612644194169,-0.2364628988850442,0.3014225297962323,2948155
658,17,MEGHALAYA,SOUTH WEST KHASI HILLS,-0.1537870049980812,0.08882737408688604,0.11374086889657459,0.1476970396001525,-7336.536204747763,-0.004550751192359921,-0.2761399461745483,0.3188927335640138,1617098
663,17,MEGHALAYA,SOUTH WEST GARO HILLS,-0.09356401384082916,0.10340638216070892,0.12456747404844189,0.14173010380623124,28164.91665908017,0.027227325552141784,-0.21413302575932336,0.3014225297962323,1037207
656,17,MEGHALAYA,NORTH GARO HILLS,-0.1245674740484399,0.09356401384082227,0.11374086889657363,0.1358861976163029,15084.708044289011,0.009748989141394415,-0.2679584775086506,0.2679584775086506,1552862
275,17,MEGHALAYA,WEST JAINTIA HILLS,-0.10340638216070493,0.10340638216071701,0.1301653210303736,0.15378700499808096,42957.862757219635,0.01932212923886319,-0.2519646289888504,0.3278123798539023,2229213
262,15,MIZORAM,CHAMPHAI,-0.1929104190695818,0.05911572472126476,0.08882737408688426,0.12456747404843939,-208935.39948722057,-0.050457418683274004,-0.3278123798539023,0.3188927335640138,4148573
267,15,MIZORAM,SAIHA,-0.18608227604767993,0.10340638216071497,0.13588619761629658,0.1600000000000026,-28707.39779467565,-0.01554759777178472,-0.29287197231833906,0.3188927335640138,1851831
264,15,MIZORAM,LAWNGTLAI,-0.17279507881584744,0.0935640138408232,0.12456747404844393,0.1600000000000022,-37869.7175429547,-0.012922610058300844,-0.29287197231833906,0.3278123798539023,2939881
268,15,MIZORAM,SERCHHIP,-0.1860822760476862,0.0669896193771634,0.09842368319876788,0.13016532103037204,-75555.84597124318,-0.043009659261154416,-0.31009611687812383,0.3278123798539023,1762727
263,15,MIZORAM,KOLASIB,-0.16633602460592467,0.09842368319876597,0.13588619761630033,0.17279507881584547,-18851.359508840847,-0.010337270071151657,-0.2761399461745483,0.33685505574778934,1828823
266,15,MIZORAM,MAMIT,-0.16633602460592475,0.0935640138408223,0.1190926566705096,0.15378700499807807,-36511.95689958102,-0.009760829177925265,-0.29287197231833906,0.33685505574778934,3748513
265,15,MIZORAM,LUNGLEI,-0.1793771626297549,0.08421376393695423,0.11374086889657391,0.1476970396001523,-126914.54768057508,-0.023073088670256866,-0.31009611687812383,0.33685505574778934,5509505
261,15,MIZORAM,AIZAWL,-0.19291041906958198,0.07972318339100938,0.11374086889657456,0.14769703960015473,-142079.8237557736,-0.0365412193595055,-0.31009611687812383,0.31009611687812383,3898664
613,13,NAGALAND,PAREN,-0.15378700499808187,0.09842368319877427,0.11909265667051566,0.14173010380623505,4132.895364112717,0.0018295362891204336,-0.29287197231833906,0.31009611687812383,2264628
248,13,NAGALAND,PHEK,-0.18608227604769315,0.07111111111111793,0.09356401384082343,0.1190926566705089,-78141.11424941,-0.03371947710299057,-0.31009611687812383,0.29287197231833906,2323275
250,13,NAGALAND,WOKHA,-0.14173010380623557,0.09842368319876853,0.12456747404844777,0.1476970396001554,6011.855823054247,0.0030076219575433582,-0.28444444444444444,0.33685505574778934,2003896
244,13,NAGALAND,DIMAPUR,-0.12456747404844123,0.11909265667051719,0.13588619761629805,0.1599999999999989,32097.51157307927,0.03396619876135006,-0.2599000384467512,0.28444444444444444,949846
245,13,NAGALAND,KOHIMA,-0.16633602460592437,0.07972318339100767,0.10340638216070357,0.13588619761630574,-27248.88947073678,-0.016732659582330063,-0.3014225297962323,0.2761399461745483,1632851
614,13,NAGALAND,KIPHIRE,-0.20693579392539335,0.0629911572472112,0.08882737408688471,0.11909265667051444,-60733.27275917348,-0.043362722156408996,-0.33685505574778934,0.2599000384467512,1404480
251,13,NAGALAND,ZUNHEBOTO,-0.1860822760476881,0.07972318339101357,0.10340638216070858,0.1301653210303683,-48075.0622695398,-0.024590842546748228,-0.3014225297962323,0.31009611687812383,1960862
246,13,NAGALAND,MOKOKCHUNG,-0.14769703960015668,0.0935640138408333,0.11909265667051815,0.14769703960015512,-411.8316404991683,-2.059833088632336E-4,-0.29287197231833906,0.29287197231833906,2005010
247,13,NAGALAND,MON,-0.15378700499808295,0.09842368319877308,0.11909265667051548,0.14769703960014882,18061.10137571964,0.006644777807874142,-0.3014225297962323,0.31009611687812383,2724066
249,13,NAGALAND,TUENSANG,-0.19986159169548848,0.07111111111111705,0.09842368319876892,0.12456747404843906,-103179.58152117781,-0.03891570116801987,-0.34602076124567477,0.2761399461745483,2656787
615,13,NAGALAND,LONGLENG,-0.14769703960014985,0.09842368319876595,0.1245674740484372,0.15378700499807701,205.80054452663353,2.816431052222794E-4,-0.28444444444444444,0.31009611687812383,734358
344,21,ODISHA,ANUGUL,-0.021067174339651447,0.17937716262982534,0.19291041906956524,0.2141330257593081,833595.8066166593,0.10935835169541626,-0.2364628988850442,0.33685505574778934,7634552
345,21,ODISHA,BOLANGIR (BALANGIR),-0.03254133025759363,0.1727950788157349,0.18608227604764496,0.19986159169548556,872422.8275837798,0.11167436840858014,-0.2599000384467512,0.29287197231833906,7823364
346,21,ODISHA,BALASORE (BALESHWAR),-0.08882737408688819,0.08421376393695745,0.09842368319876584,0.11909265667051282,117324.92813100664,0.026301965252298894,-0.29287197231833906,0.24415224913494812,4471001
347,21,ODISHA,BARAGARH,-0.03690914108191679,0.16633602460582825,0.18608227604770433,0.19986159169548628,673140.9900860466,0.09626845687602911,-0.2288965782391388,0.3014225297962323,7004326
348,21,ODISHA,BHADRAK,-0.06698961937716313,0.0842137639369632,0.09842368319876305,0.11374086889657427,106845.81571775934,0.035670691757768866,-0.2599000384467512,0.2599000384467512,3001803
350,21,ODISHA,CUTTACK,-0.07972318339100382,0.13588619761633064,0.16000000000001777,0.17937716262976064,303029.28884180216,0.06594793344483595,-0.3014225297962323,0.3188927335640138,4607070
351,21,ODISHA,DEOGARH,-0.016753163566051308,0.1727950788158512,0.18608227604771024,0.20693579392539682,365002.1878987285,0.10292833546342643,-0.1929104190695886,0.31009611687812383,3554240
352,21,ODISHA,DHENKANAL,-0.04484429065743882,0.15999999999996092,0.17937716262980874,0.1929104190695845,499324.20315461635,0.09372503868118616,-0.2364628988850442,0.31009611687812383,5335603
353,21,ODISHA,GAJAPATI,-0.1034063821607053,0.16633602460589836,0.18608227604771035,0.20693579392539202,302789.4085281792,0.06194727448391408,-0.2679584775086506,0.3278123798539023,4897594
354,21,ODISHA,GANJAM,-0.0842137639369461,0.15999999999999598,0.17937716262979744,0.1998615916954866,778724.920020846,0.07824778803214728,-0.2761399461745483,0.3278123798539023,9965454
355,21,ODISHA,JAGATSINGHPUR,-0.07111111111110985,0.10851211072665908,0.12456747404845414,0.14769703960015496,119672.69132425007,0.058009424156299116,-0.2761399461745483,0.2679584775086506,2068255
356,21,ODISHA,JAJAPUR,-0.07111111111111075,0.12456747404846767,0.1417301038062279,0.16000000000000308,210151.82255819533,0.060690056847504996,-0.2599000384467512,0.3014225297962323,3471072
357,21,ODISHA,JHARSUGUDA,-0.041584006151480814,0.1476970396001756,0.16000000000000963,0.17279507881584943,213144.7399818331,0.0855344455596015,-0.2519646289888504,0.2519646289888504,2499034
358,21,ODISHA,KALAHANDI,-0.07535563244905899,0.15999999999998296,0.1727950788158511,0.18608227604770297,787526.8007753597,0.08395572070045197,-0.2364628988850442,0.3014225297962323,9392589
359,21,ODISHA,KANDHAMAL,-0.07111111111111297,0.1793771626298154,0.1998615916954842,0.22145328719721,804293.4937369319,0.08431021294821534,-0.2599000384467512,0.3188927335640138,9552404
360,21,ODISHA,KENDRAPARHA,-0.07972318339100447,0.1034063821607321,0.11374086889659119,0.13016532103037134,147173.3235055662,0.048731700564826605,-0.2679584775086506,0.2679584775086506,3027614
361,21,ODISHA,KEONJHAR (KENDUJHAR),-0.03690786773057166,0.1663360246058151,0.18608227604771466,0.19986159169548487,950286.9084223085,0.09534219054649451,-0.2364628988850442,0.3014225297962323,9980176
362,21,ODISHA,KHORDHA,-0.11909265667051323,0.13588619761632914,0.1600000000000102,0.17937716262975248,212017.73526742644,0.06190513763363624,-0.3014225297962323,0.33685505574778934,3436743
363,21,ODISHA,KORAPUT,-0.084213763936947,0.1793771626298274,0.19291041906955309,0.21413302575929727,929545.9890879437,0.09388695085889152,-0.2519646289888504,0.3188927335640138,9916232
364,21,ODISHA,MALKANGIRI,-0.04484429065743838,0.16633602460584432,0.1793771626298046,0.19986159169548745,668085.6190766868,0.0982273347423264,-0.2288965782391388,0.33685505574778934,6811277
365,21,ODISHA,MAYURBHANJ,-0.07111111111111339,0.1417301038062554,0.15999999999997672,0.17937716262979278,834354.1197506589,0.0665984929997528,-0.2599000384467512,0.3278123798539023,12543165
366,21,ODISHA,NABARANGAPUR,-0.012951952305577993,0.18608227604760189,0.19986159169548312,0.2141330257593113,808717.3090764778,0.12506858088917167,-0.2288965782391388,0.3014225297962323,6477055
367,21,ODISHA,NAYAGARH,-0.0629911572472115,0.15999999999999887,0.17937716262979364,0.19986159169548762,379392.8544566472,0.08179546216439049,-0.2599000384467512,0.3278123798539023,4646759
368,21,ODISHA,NUAPARHA,-0.059115724721262634,0.17279507881580433,0.1929104190695657,0.20693579392539113,462536.0916299306,0.10089522542821153,-0.2364628988850442,0.31009611687812383,4592599
369,21,ODISHA,PURI,-0.05173394848135418,0.1358861976163256,0.1537870049980833,0.17279507881584932,259627.61940238075,0.06296703352004812,-0.2761399461745483,0.28444444444444444,4132506
370,21,ODISHA,RAYAGARHA,-0.10340638216070593,0.1599999999999803,0.1793771626297944,0.19291041906958747,648841.5723000073,0.07464401983996763,-0.2679584775086506,0.3278123798539023,8707900
371,21,ODISHA,SAMBALPUR,-0.03254133025759296,0.1663360246058467,0.1793771626298105,0.19986159169548634,737681.4651577667,0.09245133424731501,-0.2519646289888504,0.31009611687812383,7991881
372,21,ODISHA,SUBARNAPUR,-0.02585121133498303,0.15378700499802297,0.1663360246058816,0.17937716262978576,248002.10690089373,0.08781521011216141,-0.2599000384467512,0.2761399461745483,2830803
373,21,ODISHA,SUNDARGARH,-0.03254133025759269,0.16633602460583954,0.17937716262980982,0.19291041906959416,1119325.8020168121,0.09553704966752792,-0.24415224913494812,0.3188927335640138,11732129
349,21,ODISHA,BAUDH (BAUDA),-0.041584006151480946,0.16633602460587735,0.1793771626297966,0.19986159169548814,342194.32503956306,0.09243910282042185,-0.2069357939254133,0.3188927335640138,3710015
598,34,PUDUCHERRY,KARAIKAL,-0.179377162629758,0.09356401384082708,0.10851211072664703,0.1301653210303742,2665.565152226677,0.014727018092745603,-0.3278123798539023,0.22145328719723184,183071
599,34,PUDUCHERRY,MAHE,-0.08882737408688966,0.07535563244905821,0.1034063821607074,0.124567474048443,94.37509108864637,0.009299234955218743,-0.16000000000000003,0.21413302575932336,10600
600,34,PUDUCHERRY,PUDUCHERRY,-0.29287197231833834,0.08421376393694896,0.10340638216070608,0.11909265667051229,-13581.657352058266,-0.03985472349986439,-0.34602076124567477,0.21413302575932336,347013
601,34,PUDUCHERRY,YANAM,-0.17279507881584,0.103406382160707,0.12456747404844296,0.1476970396001537,964.9509908557046,0.02187344737244882,-0.29287197231833906,0.22145328719723184,44886
027,03,PUNJAB,AMRITSAR,-0.11909265667050738,0.03685553692422985,0.05536332179930673,0.08882737408688966,-3135.405152833274,-8.937073410321661E-4,-0.3278123798539023,0.2288965782391388,3515937
605,03,PUNJAB,BARNALA,-0.08882737408688966,0.029773164167630463,0.03844675124952148,0.05536332179930973,-7112.102105403885,-0.003862715349243136,-0.3014225297962323,0.17937716262975778,1846179
028,03,PUNJAB,BATHINDA,-0.07972318339100518,0.05911572472125722,0.07972318339100948,0.10851211072664352,39339.11157600236,0.009030212371767567,-0.3188927335640138,0.2519646289888504,4365070
029,03,PUNJAB,FARIDKOT,-0.07972318339100458,0.03254133025759123,0.04822760476739492,0.08421376393694613,-4979.776654223309,-0.0026317708776514397,-0.3188927335640138,0.2761399461745483,1896994
030,03,PUNJAB,FATEHGARH SAHIB,-0.07111111111111022,0.048227604767400595,0.05911572472126484,0.07535563244905966,18658.062730732516,0.012509156360260528,-0.31009611687812383,0.17937716262975778,1496589
651,03,PUNJAB,FAZILKA,-0.07111111111110943,0.0935640138408601,0.10851211072665846,0.1301653210303709,88463.69892406598,0.023827350860500713,-0.3188927335640138,0.2599000384467512,3719961
031,03,PUNJAB,FIROZPUR,-0.08882737408688966,0.021028835064723556,0.036861717683527015,0.06698961937716243,-49045.033367425334,-0.015917501955575793,-0.31009611687812383,0.24415224913494812,3088898
032,03,PUNJAB,GURDASPUR,-0.09842368319877061,0.05173394848134639,0.07111111111111644,0.09356401384082576,25923.709954142105,0.0075845077143288486,-0.3014225297962323,0.22145328719723184,3424574
033,03,PUNJAB,HOSHIARPUR,-0.07111111111111032,0.1190926566705277,0.13588619761631465,0.15999999999999734,226805.1602407411,0.05122730634209982,-0.29287197231833906,0.2679584775086506,4436125
034,03,PUNJAB,JALANDHAR,-0.13016532103037465,0.059115724721245114,0.07535563244904658,0.09842368319876942,52980.22250879358,0.015402709448723016,-0.3188927335640138,0.24415224913494812,3448570
035,03,PUNJAB,KAPURTHALA,-0.08421376393694614,0.05911572472126493,0.07111111111111511,0.08882737408688966,28752.84583599109,0.01350141754338346,-0.31009611687812383,0.21413302575932336,2138434
036,03,PUNJAB,LUDHIANA,-0.14173010380623471,0.05536332179930691,0.07535563244904611,0.09842368319876828,44438.574365304186,0.00927954370802524,-0.3278123798539023,0.2288965782391388,4796983
037,03,PUNJAB,MANSA,-0.05911572472126236,0.051733948481347256,0.07111111111111601,0.09842368319876939,30676.041377521473,0.010982148636878577,-0.31009611687812383,0.2069357939254133,2800307
038,03,PUNJAB,MOGA,-0.08882737408688966,0.02581365017700851,0.03683441549307367,0.0553633217993096,-19357.05675288074,-0.006631224023307894,-0.31009611687812383,0.19986159169550174,2925171
039,03,PUNJAB,SRI MUKTSAR SAHIB,-0.06698961937716277,0.03687814456237415,0.05536332179931083,0.07972318339100438,-11503.108874380456,-0.003373472235083686,-0.3014225297962323,0.2069357939254133,3417177
040,03,PUNJAB,SHAHID BHAGAT SINGH NAGAR,-0.05911572472126145,0.0935640138408387,0.11909265667052486,0.14769703960016456,53559.86333027066,0.032547992896100955,-0.3014225297962323,0.2599000384467512,1650822
662,03,PUNJAB,PATHANKOT,-0.10851211072664609,0.1190926566705191,0.14173010380623835,0.1600000000000012,52659.34601709774,0.04205506610400112,-0.3014225297962323,0.2761399461745483,1257220
041,03,PUNJAB,PATIALA,-0.09842368319877089,0.048227604767397646,0.0629911572472112,0.08882737408688818,35134.09232826967,0.008207283014841842,-0.3188927335640138,0.22145328719723184,4293984
042,03,PUNJAB,RUPNAGAR,-0.06299115724721187,0.11374086889658766,0.13016532103036957,0.14769703960015398,90246.03468309736,0.05044262827823395,-0.3014225297962323,0.2364628988850442,1795740
043,03,PUNJAB,SANGRUR,-0.07111111111110976,0.03684030179557336,0.05173394848134803,0.0669896193771624,30153.237316686165,0.006479518315464158,-0.3188927335640138,0.1929104190695886,4664151
608,03,PUNJAB,SAS NAGAR (SAHIBZADA AJIT SINGH NAGAR),-0.11909265667051312,0.10851211072665003,0.12456747404844729,0.14173010380623452,65146.71967075077,0.04598442318942004,-0.3014225297962323,0.2364628988850442,1423227
609,03,PUNJAB,TARN TARAN,-0.08882737408688965,0.025835251916676703,0.04158400615148123,0.06299115724721129,-35603.96309865636,-0.011296673794720616,-0.31009611687812383,0.2599000384467512,3158113
086,08,RAJASTHAN,AJMER,-0.055363321799308904,0.18608227604766114,0.2069357939253801,0.22145328719721216,1269790.884503367,0.12046230036009031,-0.33685505574778934,0.3014225297962323,10557272
087,08,RAJASTHAN,ALWAR,-0.0984236831987695,0.1417301038062586,0.1537870049980375,0.16633602460590183,807817.4459316058,0.0765803605393422,-0.31009611687812383,0.2599000384467512,10566667
088,08,RAJASTHAN,BANSWARA,-0.016747353436766275,0.1358861976162949,0.14769703960014924,0.1663360246059074,450459.42973129463,0.08207067305474167,-0.2761399461745483,0.28444444444444444,5496965
089,08,RAJASTHAN,BARAN,-0.016762228386708794,0.16633602460586042,0.1793771626298179,0.19291041906955086,747044.2310244,0.08674780047348675,-0.31009611687812383,0.2761399461745483,8624299
090,08,RAJASTHAN,BARMER,-0.029773164167627847,0.172795078815646,0.18608227604764435,0.19986159169554746,4023328.82368972,0.1144210625339653,-0.34602076124567477,0.2761399461745483,35184293
091,08,RAJASTHAN,BHARATPUR,-0.05536332179930755,0.13016532103033654,0.147697039600174,0.16633602460590108,469843.51277030597,0.07399646182221783,-0.3188927335640138,0.2599000384467512,6364210
092,08,RAJASTHAN,BHILWARA,-0.009649958454111566,0.19986159169553708,0.21413302575922943,0.22889657823910825,1706710.844632092,0.1316625587986631,-0.31009611687812383,0.3014225297962323,12977374
093,08,RAJASTHAN,BIKANER,0.02114893047681139,0.16633602460577246,0.17937716262969539,0.19291041906953307,4419880.621814416,0.11547727358314795,-0.3278123798539023,0.28444444444444444,38299184
094,08,RAJASTHAN,BUNDI,-0.05536332179930673,0.15378700499804987,0.17279507881584488,0.19291041906954245,559505.7677932422,0.07835177847668577,-0.3188927335640138,0.2599000384467512,7150747
095,08,RAJASTHAN,CHITTAURGARH,-0.02109041202377646,0.17279507881577913,0.19291041906956471,0.20693579392538772,1090564.3863815188,0.11349437078701112,-0.3014225297962323,0.29287197231833906,9628634
096,08,RAJASTHAN,CHURU,0.0753556324490554,0.18608227604768912,0.1998615916955377,0.20693579392537936,2686650.587602451,0.15308500140792236,-0.3014225297962323,0.2679584775086506,17570047
097,08,RAJASTHAN,DAUSA,-0.06299115724721167,0.15999999999996517,0.17279507881584122,0.1860822760477047,420976.5828624177,0.09853594123352188,-0.3014225297962323,0.2679584775086506,4282491
098,08,RAJASTHAN,DHAULPUR,-0.01677677119919092,0.1599999999999601,0.17279507881583042,0.18608227604771252,380412.5876295263,0.10041577490527402,-0.3014225297962323,0.2519646289888504,3796325
099,08,RAJASTHAN,DUNGARPUR,-0.012984502460449555,0.14769703960015526,0.16000000000000147,0.1727950788158502,450821.80245226825,0.09807363559825673,-0.28444444444444444,0.2519646289888504,4604348
101,08,RAJASTHAN,HANUMANGARH,-0.025836396689743465,0.15999999999991707,0.16633602460579663,0.17937716262981004,1279391.1651314904,0.10308818599863066,-0.3188927335640138,0.2761399461745483,12428490
102,08,RAJASTHAN,JAIPUR,-0.14173010380623527,0.17279507881575748,0.18608227604767164,0.1998615916954846,1387954.0173882605,0.09955049183681805,-0.3278123798539023,0.2679584775086506,13958482
103,08,RAJASTHAN,JAISALMER,-0.07111111111111715,0.14173010380616421,0.15378700499795156,0.17279507881569908,3358918.3041718667,0.06972900365818113,-0.3278123798539023,0.2761399461745483,48195167
104,08,RAJASTHAN,JALOR,-0.009653585586936549,0.20693579392537323,0.2141330257593187,0.2288965782391026,1918694.1714176978,0.14629783351010472,-0.3188927335640138,0.31009611687812383,13130168
105,08,RAJASTHAN,JHALAWAR,-0.021054123548526725,0.11909265667053137,0.13588619761632093,0.16633602460592464,552253.031661596,0.07107262734570755,-0.29287197231833906,0.2599000384467512,7785147
106,08,RAJASTHAN,JHUNJHUNUN,-0.03696285931363639,0.19986159169563072,0.20693579392537453,0.21413302575926257,1065232.153075487,0.14222679464802462,-0.3014225297962323,0.2761399461745483,7500078
107,08,RAJASTHAN,JODHPUR,0.025940044337363355,0.19986159169574955,0.2141330257592803,0.2214532871972446,4207299.323698752,0.1484897990006836,-0.34602076124567477,0.29287197231833906,28354930
108,08,RAJASTHAN,KARAULI,-0.03694120756730243,0.15999999999994957,0.1727950788158163,0.18608227604770802,639879.7331132218,0.10229755381138812,-0.2761399461745483,0.2679584775086506,6265890
100,08,RAJASTHAN,GANGANAGAR,-0.0057003729552644305,0.14173010380625448,0.15378700499800596,0.16633602460586075,1267473.2534758165,0.090604641828011,-0.3188927335640138,0.2519646289888504,14004924
109,08,RAJASTHAN,KOTA,-0.0753556324490586,0.15999999999995293,0.17937716262983544,0.19291041906952688,478216.6893622057,0.07624055323093039,-0.3188927335640138,0.2599000384467512,6284796
110,08,RAJASTHAN,NAGAUR,0.02590894806814509,0.22145328719725949,0.22889657823908827,0.23646289888507943,3742309.7823878676,0.16774383308685784,-0.31009611687812383,0.31009611687812383,22328531
111,08,RAJASTHAN,PALI,-0.016768326579005843,0.20693579392537506,0.2141330257592449,0.22889657823910822,2115087.333682575,0.1378972658653436,-0.33685505574778934,0.3188927335640138,15355856
629,08,RAJASTHAN,PRATAPGARH,-0.016747238434649602,0.13588619761630247,0.1537870049980332,0.16633602460590988,453848.2713952318,0.08366012384583105,-0.29287197231833906,0.24415224913494812,5433909
112,08,RAJASTHAN,RAJ SAMAND,-0.04822760476739641,0.1860822760476499,0.19986159169548387,0.21413302575927973,644130.4481309707,0.11280879904648056,-0.3014225297962323,0.3014225297962323,5723908
113,08,RAJASTHAN,SAWAI MADHOPUR,-0.06299115724721165,0.14173010380624268,0.15999999999999692,0.17279507881584996,510184.0166152619,0.08162791120358831,-0.3014225297962323,0.2599000384467512,6261504
114,08,RAJASTHAN,SIKAR,-0.04158400615148079,0.19986159169561613,0.20693579392537512,0.21413302575923743,1383969.6588278154,0.14219428959094255,-0.3014225297962323,0.28444444444444444,9747199
115,08,RAJASTHAN,SIROHI,-0.06698961937716309,0.19291041906953918,0.2069357939253781,0.22889657823912135,721780.0134031206,0.11434443581302645,-0.31009611687812383,0.3188927335640138,6321547
116,08,RAJASTHAN,TONK,-0.016787682156409037,0.14769703960017186,0.16633602460589655,0.17937716262978196,878367.0502942881,0.09819323015296913,-0.31009611687812383,0.2679584775086506,8958642
117,08,RAJASTHAN,UDAIPUR,-0.0669896193771636,0.15999999999995934,0.1727950788158479,0.1929104190695871,1299962.4877121495,0.09055373590120605,-0.3278123798539023,0.3014225297962323,14373207
225,11,SIKKIM,EAST,-0.22145328719724272,0.12456747404846152,0.14769703960016248,0.17279507881584918,-8340.187037084059,-0.0070822639490236965,-0.36472126105344094,0.3014225297962323,1180616
226,11,SIKKIM,NORTH,-0.3553094963475022,0.03254133025759461,0.07972318339101359,0.11909265667051777,-718747.7103426311,-0.1348902026057249,-0.4444444444444444,0.28444444444444444,5335204
227,11,SIKKIM,SOUTH,-0.1860822760476714,0.11909265667051669,0.14173010380623577,0.17279507881584538,942.6010694546699,0.0010253819124945833,-0.3188927335640138,0.3014225297962323,922577
228,11,SIKKIM,WEST,-0.25196462898884486,0.06698961937717164,0.09842368319877427,0.1301653210303682,-92843.79910525678,-0.061526531870148594,-0.40359861591695495,0.28444444444444444,1512801
610,33,TAMIL NADU,ARIYALUR,-0.0984236831987713,0.11909265667052889,0.1417301038062183,0.16000000000001252,117794.97243287915,0.05342096563875171,-0.3278123798539023,0.2761399461745483,2209715
730,33,TAMIL NADU,CHENGALPATTU,-0.24415224913493222,0.1085121107266618,0.130165321030366,0.14769703960015956,50891.80060299126,0.016317681588295548,-0.3553094963475586,0.2761399461745483,3125557
568,33,TAMIL NADU,CHENNAI,-0.30142252979622186,-0.0017114962500732397,0.04158400615148054,0.07972318339100337,-60766.06000549208,-0.1585285427365213,-0.34602076124567477,0.22145328719723184,385506
569,33,TAMIL NADU,COIMBATORE,-0.10851211072664367,0.15378700499807166,0.1727950788158505,0.19986159169549028,329484.7546283479,0.06131525532292019,-0.3188927335640138,0.39369473279507883,5383851
570,33,TAMIL NADU,CUDDALORE,-0.16633602460592373,0.08882737408688222,0.1085121107266506,0.13016532103037318,75544.9441765456,0.017885616646284953,-0.34602076124567477,0.2599000384467512,4233341
571,33,TAMIL NADU,DHARMAPURI,-0.10340638216070498,0.11909265667052772,0.13588619761630885,0.15378700499808298,250213.26783729444,0.04867228266237302,-0.31009611687812383,0.3278123798539023,5150772
572,33,TAMIL NADU,DINDIGUL,-0.14173010380623338,0.1417301038062374,0.16000000000000655,0.17937716262975784,354082.0596188241,0.05146838601707295,-0.3014225297962323,0.3553094963475586,6891183
573,33,TAMIL NADU,ERODE,-0.11909265667051007,0.13588619761633094,0.15378700499808812,0.1727950788158489,315188.90812225325,0.05406974071533202,-0.3278123798539023,0.3278123798539023,5843263
574,33,TAMIL NADU,KANCHIPURAM,-0.25196462898884525,0.11374086889660444,0.13016532103036638,0.1476970396001568,56999.19809278805,0.028465129449050622,-0.3553094963475586,0.24415224913494812,2010389
729,33,TAMIL NADU,KALLAKKURICHI,-0.13016532103036998,0.12456747404847088,0.14173010380622833,0.1600000000000065,189132.50150843986,0.04688718498063481,-0.3188927335640138,0.29287197231833906,4041352
575,33,TAMIL NADU,KANYAKUMARI,-0.1793771626297522,0.1358861976163022,0.17279507881584982,0.20693579392540035,22989.356253257625,0.012115577328588464,-0.3188927335640138,0.36472126105344094,1902020
576,33,TAMIL NADU,KARUR,-0.10851211072664611,0.13016532103033265,0.1417301038062314,0.1600000000000082,236634.51943653633,0.07159104801533749,-0.31009611687812383,0.2761399461745483,3313874
578,33,TAMIL NADU,MADURAI,-0.1793771626297532,0.13016532103034983,0.14769703960016758,0.16633602460592478,150368.09023256693,0.03573802648764519,-0.3188927335640138,0.3278123798539023,4217505
587,33,TAMIL NADU,NILGIRIS,-0.12456747404845046,0.1537870049980407,0.1793771626297941,0.21413302575933124,119897.4021447636,0.043239051269863375,-0.31009611687812383,0.40359861591695495,2779224
579,33,TAMIL NADU,NAGAPATTINAM,-0.1358861976163043,0.079723183391011,0.09842368319876495,0.11909265667051311,41557.08159737371,0.014227713140597252,-0.33685505574778934,0.24415224913494812,2930267
580,33,TAMIL NADU,NAMAKKAL,-0.14173010380622866,0.10340638216072734,0.12456747404845156,0.14769703960015856,119103.42675576026,0.030556628055469257,-0.3278123798539023,0.3188927335640138,3905479
581,33,TAMIL NADU,PERAMBALUR,-0.12456747404843888,0.09842368319875536,0.11909265667052317,0.13588619761629617,81732.30442027685,0.04082791430663883,-0.3188927335640138,0.2679584775086506,2007167
582,33,TAMIL NADU,PUDUKKOTTAI,-0.1137408688965763,0.13588619761633686,0.1537870049980707,0.16633602460592503,315104.19379132235,0.059589039425000594,-0.3278123798539023,0.28444444444444444,5299699
583,33,TAMIL NADU,RAMANATHAPURAM,-0.130165321030373,0.10851211072665469,0.12456747404845701,0.1476970396001577,130180.45319832576,0.027959177774713465,-0.3278123798539023,0.2599000384467512,4668989
731,33,TAMIL NADU,RANIPPETTAI,-0.13588619761630447,0.12456747404847113,0.14173010380622536,0.16000000000000505,123901.9330953959,0.05839540736518855,-0.3278123798539023,0.2679584775086506,2128423
584,33,TAMIL NADU,SALEM,-0.14769703960015293,0.10851211072666071,0.1301653210303654,0.15378700499808323,190121.539239261,0.027734981118969496,-0.31009611687812383,0.36472126105344094,6871944
585,33,TAMIL NADU,SIVAGANGA,-0.10851211072664678,0.13588619761633644,0.14769703960017447,0.16633602460592423,259534.92726971762,0.0539066133513229,-0.31009611687812383,0.31009611687812383,4827074
588,33,TAMIL NADU,TENI,-0.17279507881584585,0.14769703960017075,0.17279507881585018,0.19291041906959164,128442.46289615639,0.03947262526408053,-0.3188927335640138,0.36472126105344094,3260399
733,33,TAMIL NADU,TENKASI,-0.14173010380622994,0.16633602460586322,0.17937716262980347,0.1998615916954872,217082.0322720393,0.068230146962772,-0.31009611687812383,0.36472126105344094,3188221
586,33,TAMIL NADU,THANJAVUR,-0.1245674740484427,0.10340638216072601,0.11909265667052067,0.1417301038062316,117879.92291107676,0.030244839946676854,-0.31009611687812383,0.29287197231833906,3908681
590,33,TAMIL NADU,THIRUVARUR,-0.12456747404844044,0.07535563244905145,0.08882737408688826,0.10851211072664124,39700.619860075654,0.015410264488996643,-0.3278123798539023,0.24415224913494812,2584269
591,33,TAMIL NADU,TIRUCHIRAPALLI,-0.14173010380622822,0.11909265667052535,0.13588619761631018,0.1537870049980848,221661.22686774898,0.0433194754829629,-0.3188927335640138,0.3014225297962323,5131417
592,33,TAMIL NADU,TIRUNELVELI,-0.1358861976163049,0.17279507881583783,0.19291041906960435,0.21413302575933124,363285.7611112023,0.08274530510288865,-0.3014225297962323,0.42377547097270285,4398780
634,33,TAMIL NADU,TIRUPPUR,-0.13016532103036849,0.13588619761634455,0.14769703960017272,0.16633602460592498,363961.89412026154,0.06152555075355367,-0.31009611687812383,0.36472126105344094,5928070
732,33,TAMIL NADU,TIRUPPATTUR,-0.11909265667051419,0.1301653210303479,0.14769703960016806,0.16633602460592492,110219.92592020938,0.04547738965587217,-0.31009611687812383,0.31009611687812383,2429659
589,33,TAMIL NADU,TIRUVALLUR,-0.20693579392540537,0.1190926566705265,0.1417301038062247,0.15999999999999426,124452.81363046,0.03355658828714627,-0.3278123798539023,0.2679584775086506,3721243
593,33,TAMIL NADU,TIRUVANNAMALAI,-0.12456747404844006,0.12456747404847343,0.14173010380621806,0.1663360246059249,386747.7538397445,0.05467980511886167,-0.3278123798539023,0.3553094963475586,7086228
594,33,TAMIL NADU,TUTICORIN,-0.13016532103037196,0.14173010380625076,0.16633602460585928,0.19291041906955894,290862.02101456886,0.05422393156778273,-0.33685505574778934,0.3278123798539023,5373009
595,33,TAMIL NADU,VELLORE,-0.12456747404844006,0.13016532103034967,0.14769703960016586,0.1663360246059247,95789.16797281282,0.039625269414561015,-0.3188927335640138,0.31009611687812383,2425418
596,33,TAMIL NADU,VILLUPURAM,-0.16633602460592378,0.10851211072666082,0.12456747404846338,0.14769703960015892,146808.0464120045,0.0350706559947857,-0.34602076124567477,0.2761399461745483,4197052
597,33,TAMIL NADU,VIRUDHUNAGAR,-0.1727950788158449,0.13016532103033635,0.14769703960017386,0.166336024605925,222473.55869496847,0.04628952066498052,-0.33685505574778934,0.3278123798539023,4816093
577,33,TAMIL NADU,KRISHNAGIRI,-0.08882737408688966,0.14173010380623802,0.1537870049980629,0.17279507881584952,424376.19228401815,0.07218484496984946,-0.3014225297962323,0.3014225297962323,5891097
501,36,TELANGANA,ADILABAD,-0.02104824445050218,0.14173010380623505,0.15378700499805964,0.1727950788158502,390309.4284612528,0.08241551043431221,-0.2599000384467512,0.2761399461745483,4743469
507,36,TELANGANA,HYDERABAD,-0.2679584775086408,0.05173394848135466,0.08882737408688966,0.11374086889657924,-22753.10445822158,-0.10152059750735816,-0.3014225297962323,0.29287197231833906,225991
508,36,TELANGANA,KARIMNAGAR,-0.08421376393694618,0.11909265667052372,0.13016532103036618,0.15378700499808085,143769.32793271562,0.06095039962216765,-0.28444444444444444,0.2679584775086506,2364683
690,36,TELANGANA,BHADRADRI KOTHAGUDEM,-0.06299115724721141,0.16633602460585611,0.18608227604768432,0.20693579392539044,656568.8284712591,0.0810576072368364,-0.2761399461745483,0.3188927335640138,8112200
512,36,TELANGANA,MAHABUBNAGAR,-0.025856896152124574,0.14769703960014788,0.1599999999999866,0.17279507881584977,317827.61640251474,0.09720964724061733,-0.2679584775086506,0.2679584775086506,3277821
692,36,TELANGANA,SIDDIPET,-0.005731201455219007,0.16633602460584032,0.17937716262980763,0.19986159169548737,484446.6202290333,0.11125718423572932,-0.2599000384467512,0.29287197231833906,4362172
514,36,TELANGANA,NALGONDA,-0.059115724721261705,0.14173010380625486,0.15378700499804399,0.1663360246059025,656192.2951492091,0.07801729593372277,-0.31009611687812383,0.29287197231833906,8420108
516,36,TELANGANA,NIZAMABAD,-0.029773164167628235,0.13588619761633058,0.1537870049980811,0.17937716262976264,338694.7944461181,0.06819216589570835,-0.2679584775086506,0.3188927335640138,4973584
518,36,TELANGANA,RANGAREDDY,-0.13016532103036882,0.16633602460582456,0.17937716262981246,0.19291041906956197,574906.7708769176,0.0984085476471469,-0.3014225297962323,0.29287197231833906,5852435
720,36,TELANGANA,MULUGU,-0.029773164167627753,0.1476970396001749,0.1727950788158506,0.19291041906959194,373161.9326495045,0.07393280418372766,-0.24415224913494812,0.3278123798539023,5054976
695,36,TELANGANA,JOGULAMBA GADWAL,-0.0016887715864521333,0.14769703960015731,0.15999999999997278,0.17937716262978587,273339.5411982177,0.09138013462170391,-0.2519646289888504,0.2599000384467512,2996596
699,36,TELANGANA,KUMURAM BHEEM,-0.01677324309470692,0.14173010380623113,0.15999999999999925,0.17937716262977363,435659.1742490577,0.08111493367061672,-0.2288965782391388,0.28444444444444444,5379788
684,36,TELANGANA,MANCHERIAL,-0.025854379814094438,0.14769703960017408,0.16633602460589098,0.19291041906959386,374880.9441971861,0.08229797205798488,-0.2599000384467512,0.29287197231833906,4563416
680,36,TELANGANA,NIRMAL,-0.016762205860787745,0.13588619761633206,0.15378700499808878,0.17279507881584985,334553.9345936125,0.07619080926063058,-0.24415224913494812,0.3014225297962323,4400168
685,36,TELANGANA,KAMAREDDY,-0.012934444768222142,0.1537870049980713,0.17279507881585093,0.18608227604769545,388330.350923644,0.08809040236600338,-0.2364628988850442,0.3014225297962323,4417377
691,36,TELANGANA,SANGAREDDY,-0.04484429065743906,0.14769703960017708,0.16633602460592184,0.17937716262976056,483364.2737810499,0.09255396610845644,-0.31009611687812383,0.3188927335640138,5234286
694,36,TELANGANA,NAGARKURNOOL,-0.036913424006018894,0.15378700499799952,0.166336024605859,0.17937716262978784,671599.5333275234,0.09300954299468149,-0.2761399461745483,0.3014225297962323,7230954
693,36,TELANGANA,WANAPARTHY,-0.025844545029813485,0.1358861976163357,0.14769703960016928,0.1663360246059247,200740.2133089932,0.07910196674865717,-0.2599000384467512,0.2519646289888504,2543857
721,36,TELANGANA,NARAYANPET,-0.0026461482099707258,0.14769703960017871,0.15378700499806178,0.1663360246059251,270452.64174002694,0.09634095897041788,-0.2288965782391388,0.2599000384467512,2813898
698,36,TELANGANA,VIKARABAD,0.001761899412011582,0.14769703960012595,0.15999999999998404,0.17279507881585,409900.6623749727,0.09458256216195891,-0.2599000384467512,0.3014225297962323,4341820
700,36,TELANGANA,MEDCHAL-MALKAJGIRI,-0.22889657823914505,0.15999999999998146,0.17937716262978776,0.1929104190695909,64705.97530457067,0.051358059696865375,-0.3014225297962323,0.31009611687812383,1263977
697,36,TELANGANA,YADADRI BHUVANAGIRI,-0.029773164167627878,0.17279507881579773,0.1860822760477117,0.19986159169548667,412435.73093351413,0.10907993682035484,-0.2761399461745483,0.28444444444444444,3788544
696,36,TELANGANA,SURYAPET,-0.079723183391004,0.12456747404847301,0.1358861976163338,0.15378700499807882,252819.34620841485,0.06018508254705102,-0.3014225297962323,0.2599000384467512,4207558
509,36,TELANGANA,KHAMMAM,-0.09842368319877123,0.12456747404847071,0.14173010380622278,0.16000000000000583,312402.7535474696,0.057097627374961345,-0.3014225297962323,0.3014225297962323,5483474
688,36,TELANGANA,MAHABUBABAD,-0.02583218069276918,0.15378700499801995,0.17279507881585088,0.18608227604769909,390326.0285911946,0.09399261229715306,-0.2761399461745483,0.3188927335640138,4159758
689,36,TELANGANA,JANGAON,-0.005729897142724082,0.16633602460583471,0.17937716262981096,0.19986159169548764,332588.52768410067,0.11699344400746935,-0.2679584775086506,0.29287197231833906,2848930
686,36,TELANGANA,WARANGAL (URBAN),-0.13016532103037434,0.14769703960017264,0.1663360246059251,0.17937716262976075,112246.98219492393,0.08207579740393703,-0.29287197231833906,0.29287197231833906,1371299
522,36,TELANGANA,WARANGAL (RURAL),-0.009633718003080079,0.14769703960017475,0.16000000000001977,0.1793771626297543,244358.2208189604,0.09307477374619295,-0.28444444444444444,0.2679584775086506,2631366
687,36,TELANGANA,JAYASHANKAR BHUPALAPALLY,0.0017684254312501457,0.16000000000000028,0.17937716262978293,0.1998615916954879,307846.18749129144,0.09092405115395194,-0.24415224913494812,0.3014225297962323,3392864
682,36,TELANGANA,PEDDAPALLI,-0.06698961937716312,0.13588619761632054,0.16000000000000358,0.17937716262975167,176487.93883687718,0.06824754881809555,-0.2679584775086506,0.28444444444444444,2590845
681,36,TELANGANA,JAGTIAL,-0.05536332179930732,0.13588619761633752,0.15378700499808834,0.1727950788158492,255738.98121225834,0.07510933412870227,-0.2599000384467512,0.28444444444444444,3410637
683,36,TELANGANA,RANJANNA SIRCILLA,-0.016769611430242998,0.14769703960017247,0.16000000000001582,0.17937716262975617,183715.2493296253,0.08628624960376238,-0.2364628988850442,0.2761399461745483,2133794
513,36,TELANGANA,MEDAK,-0.005667760719562277,0.1599999999999812,0.179377162629793,0.19291041906959358,319942.15090431436,0.09914840834136629,-0.2599000384467512,0.29287197231833906,3235035
269,16,TRIPURA,DHALAI,-0.1034063821607048,0.10851211072665008,0.13588619761629717,0.16000000000000286,84070.24173735519,0.030229513589773556,-0.2599000384467512,0.3014225297962323,2787504
654,16,TRIPURA,GOMATI,-0.10851211072664768,0.10340638216071892,0.12456747404844971,0.14769703960015312,41072.11801314314,0.020845477710509947,-0.2519646289888504,0.3014225297962323,1976295
652,16,TRIPURA,KHOWAI,-0.09356401384083056,0.11374086889657806,0.13016532103037542,0.1537870049980802,44850.67386751247,0.03492707882225416,-0.2288965782391388,0.3014225297962323,1288086
270,16,TRIPURA,NORTH TRIPURA,-0.13016532103037037,0.1085121107266479,0.13016532103037082,0.15378700499807876,44200.729790865,0.02686800465866149,-0.28444444444444444,0.3014225297962323,1650811
653,16,TRIPURA,SEPAHIJALA,-0.09842368319877215,0.10340638216071027,0.12456747404843681,0.14769703960015676,28087.32607831226,0.021781585648186597,-0.2519646289888504,0.2679584775086506,1294414
271,16,TRIPURA,SOUTH TRIPURA,-0.10851211072664373,0.098423683198773,0.11909265667051001,0.13588619761629991,23890.280969335217,0.01345853073181055,-0.21413302575932336,0.24415224913494812,1781389
655,16,TRIPURA,UNOKOTI,-0.07972318339100402,0.12456747404846727,0.14769703960016653,0.17279507881584777,42613.411071608134,0.05052822447865871,-0.2599000384467512,0.3014225297962323,846595
272,16,TRIPURA,WEST TRIPURA,-0.11909265667051296,0.08882737408688729,0.10851211072664298,0.130165321030371,16167.60471842145,0.014042712175871361,-0.2761399461745483,0.2599000384467512,1154860
118,09,UTTAR PRADESH,AGRA,-0.10851211072664665,0.11909265667052937,0.13588619761630902,0.15378700499808315,335427.2149612806,0.0661730794535214,-0.3278123798539023,0.2599000384467512,5084762
119,09,UTTAR PRADESH,ALIGARH,-0.012932598144378693,0.09356401384085501,0.10340638216072649,0.1190926566705152,255076.708033981,0.05443572527099429,-0.3014225297962323,0.2069357939254133,4695914
121,09,UTTAR PRADESH,AMBEDKARNAGAR,-0.10340638216070629,0.07535563244904618,0.08882737408688615,0.10340638216070411,72445.54314883336,0.024979011462283228,-0.28444444444444444,0.1929104190695886,2907631
640,09,UTTAR PRADESH,AMETHI,-0.06698961937716313,0.09842368319874509,0.11374086889659826,0.1358861976162959,137467.89434013263,0.04552857210037372,-0.3014225297962323,0.2599000384467512,3027141
154,09,UTTAR PRADESH,AMROHA,0.0017691280347572505,0.1034063821607362,0.11909265667052553,0.13588619761629778,199348.21161601116,0.06373038378644677,-0.28444444444444444,0.2599000384467512,3135410
122,09,UTTAR PRADESH,AURAIYA,-0.005665333619538001,0.11909265667053405,0.1301653210303484,0.14769703960016295,181533.8627005678,0.07205649558444431,-0.28444444444444444,0.24415224913494812,2525028
123,09,UTTAR PRADESH,AZAMGARH,-0.14769703960015065,0.07972318339101261,0.09356401384084631,0.10851211072665222,111051.40388574627,0.021217417483818616,-0.3188927335640138,0.19986159169550174,5243512
133,09,UTTAR PRADESH,BUDAUN,-0.0016490386206491111,0.1137408688965886,0.1301653210303499,0.1476970396001659,367811.7828228081,0.06837358365192485,-0.28444444444444444,0.2364628988850442,5388312
124,09,UTTAR PRADESH,BAGHPAT,-0.10340638216070681,0.0753556324490556,0.08421376393695283,0.09842368319876563,54711.52205989102,0.03242863255378087,-0.3014225297962323,0.24415224913494812,1691561
125,09,UTTAR PRADESH,BAHRAICH,-0.02582110551692137,0.11909265667053034,0.13016532103034503,0.14769703960016478,416759.67742115166,0.06686650102432895,-0.28444444444444444,0.28444444444444444,6244557
126,09,UTTAR PRADESH,BALLIA,-0.17279507881584463,0.09356401384083435,0.1085121107266522,0.12456747404844846,105454.01928855779,0.028432826536222953,-0.31009611687812383,0.21413302575932336,3717530
127,09,UTTAR PRADESH,BALRAMPUR,-0.03689490495852821,0.10340638216073418,0.11909265667052372,0.1358861976162972,228574.43012832242,0.05437627941786148,-0.29287197231833906,0.2599000384467512,4212204
128,09,UTTAR PRADESH,BANDA,-0.03691715795384042,0.11909265667052993,0.13588619761632126,0.1537870049980847,368281.59037311876,0.06691871934571911,-0.29287197231833906,0.2519646289888504,5516307
129,09,UTTAR PRADESH,BARABANKI,-0.03687935773700569,0.10340638216073741,0.11909265667052517,0.1358861976163016,270961.8914544611,0.056316775647234495,-0.3014225297962323,0.2364628988850442,4821092
130,09,UTTAR PRADESH,BAREILLY,-0.02977316416762829,0.10340638216074084,0.11374086889660458,0.13016532103037,322992.49274495157,0.06179400751816331,-0.29287197231833906,0.2519646289888504,5236856
131,09,UTTAR PRADESH,BASTI,-0.055363321799306725,0.07972318339101463,0.09842368319876062,0.11374086889658058,122230.60928268362,0.0350956659195173,-0.29287197231833906,0.2069357939254133,3489747
179,09,UTTAR PRADESH,BHADOHI,-0.17937716262975253,0.08421376393695737,0.10340638216071286,0.11909265667050864,18367.304925703982,0.014657635969915424,-0.31009611687812383,0.21413302575932336,1258326
132,09,UTTAR PRADESH,BIJNOR,0.013045444149635921,0.11374086889659046,0.1301653210303623,0.14769703960015956,435959.8288387998,0.07402191964093942,-0.2761399461745483,0.2519646289888504,5897437
134,09,UTTAR PRADESH,BULANDSHAHR,-0.01293055198319371,0.08882737408687247,0.09842368319876513,0.1137408688965767,230550.29031863462,0.05171853815345643,-0.31009611687812383,0.2069357939254133,4465675
135,09,UTTAR PRADESH,CHANDAULI,-0.1727950788158469,0.14769703960014544,0.16633602460584365,0.1860822760477081,126265.89447848116,0.04018197432997435,-0.31009611687812383,0.28444444444444444,3149762
136,09,UTTAR PRADESH,CHITRAKOOT,-0.012960463901096403,0.15378700499800949,0.1727950788158509,0.18608227604770808,356808.7335170563,0.09063381097730196,-0.3014225297962323,0.2679584775086506,3947058
137,09,UTTAR PRADESH,DEORIA,-0.1860822760476749,0.07111111111111951,0.08421376393694904,0.10340638216070364,35909.125942548664,0.011364652949760875,-0.3188927335640138,0.22145328719723184,3167421
140,09,UTTAR PRADESH,AYODHYA,-0.08882737408688966,0.10340638216073646,0.11909265667052453,0.13588619761630794,157904.51368253058,0.04705155388191548,-0.3188927335640138,0.2599000384467512,3363207
138,09,UTTAR PRADESH,ETAH,-9.085785497453492E-4,0.10340638216073053,0.11374086889659352,0.13016532103037348,199681.02889396602,0.0655256719616528,-0.2761399461745483,0.22145328719723184,3057112
139,09,UTTAR PRADESH,ETAWAH,-0.009598225077784869,0.1301653210303396,0.1417301038062123,0.16000000000000714,210690.65836665648,0.07250700774049329,-0.3014225297962323,0.2519646289888504,2912455
141,09,UTTAR PRADESH,FARRUKHABAD,-0.021039799172429742,0.0984236831987444,0.10851211072665802,0.12456747404844871,149937.69793763646,0.05473389811909391,-0.3014225297962323,0.21413302575932336,2746061
142,09,UTTAR PRADESH,FATEHPUR,-0.04484429065743884,0.10851211072666193,0.12456747404846288,0.14173010380622908,308602.23747503106,0.05968594024620906,-0.3188927335640138,0.2364628988850442,5179341
143,09,UTTAR PRADESH,FIROZABAD,-0.012967716584499621,0.10851211072666506,0.12456747404846373,0.14173010380623263,209178.58804640998,0.06891751652523906,-0.29287197231833906,0.24415224913494812,3043033
144,09,UTTAR PRADESH,GAUTAMBUDHNAGAR,-0.1358861976163052,0.08882737408688812,0.10340638216071049,0.11374086889657431,57671.53459278528,0.032170235761499376,-0.3014225297962323,0.22145328719723184,1799130
146,09,UTTAR PRADESH,GAZIPUR,-0.1727950788158459,0.07972318339100636,0.09356401384084138,0.11374086889657424,73559.9584767065,0.01758568583012511,-0.3188927335640138,0.21413302575932336,4191005
145,09,UTTAR PRADESH,GHAZIABAD,-0.1998615916954961,0.08882737408687609,0.1034063821607224,0.11909265667051112,33573.89748484443,0.028943648154289688,-0.3278123798539023,0.19986159169550174,1164347
147,09,UTTAR PRADESH,GONDA,-0.04158400615148092,0.09842368319873591,0.11374086889660051,0.130165321030374,255075.83269126696,0.05113746067248681,-0.31009611687812383,0.2288965782391388,4997607
148,09,UTTAR PRADESH,GORAKHPUR,-0.16633602460592406,0.08882737408687351,0.1034063821607235,0.11909265667051191,110602.98108333786,0.026608537659132115,-0.3188927335640138,0.2519646289888504,4167218
149,09,UTTAR PRADESH,HAMIRPUR,-0.009625747309201139,0.12456747404847418,0.14173010380621948,0.15999999999999837,369347.563397409,0.07653082730078115,-0.2761399461745483,0.2599000384467512,4836349
661,09,UTTAR PRADESH,HAPUR,-0.036961118654826555,0.09356401384083464,0.10851211072664381,0.12456747404843889,77855.5266245185,0.054803520505004054,-0.3014225297962323,0.22145328719723184,1425629
150,09,UTTAR PRADESH,HARDOI,-0.02104212606105775,0.11909265667053177,0.13588619761631893,0.15378700499808542,508600.7904367028,0.06765229439090821,-0.31009611687812383,0.2519646289888504,7529334
163,09,UTTAR PRADESH,HATHRAS,0.005892803349470937,0.10340638216073297,0.11374086889659762,0.1245674740484525,152499.86638825526,0.06798395665852945,-0.3014225297962323,0.2069357939254133,2250134
151,09,UTTAR PRADESH,JALAUN,-0.02106313869493425,0.12456747404847397,0.1417301038062153,0.15378700499808648,440567.6762064741,0.07769783325394211,-0.3188927335640138,0.2599000384467512,5680240
152,09,UTTAR PRADESH,JAUNPUR,-0.14173010380623222,0.08421376393696656,0.09842368319876005,0.11374086889658602,112090.19987397222,0.022428042195579437,-0.31009611687812383,0.21413302575932336,5008032
153,09,UTTAR PRADESH,JHANSI,-0.03695134188788794,0.14769703960014569,0.16633602460587898,0.18608227604769903,532339.7432424427,0.08572575450216806,-0.31009611687812383,0.3014225297962323,6229627
155,09,UTTAR PRADESH,KANNAUJ,-0.0016784675611973999,0.1137408688965716,0.12456747404846608,0.14173010380623957,191622.3617657569,0.07320662803980935,-0.29287197231833906,0.2364628988850442,2623727
157,09,UTTAR PRADESH,KANPUR,-0.07111111111110963,0.11374086889660154,0.13016532103036554,0.14173010380624007,243815.45471818035,0.065292123345204,-0.3188927335640138,0.2599000384467512,3743531
156,09,UTTAR PRADESH,KANPUR DEHAT,0.0017699466230338343,0.12456747404847461,0.13588619761633383,0.14769703960016756,298883.4240100058,0.07596708410076923,-0.3014225297962323,0.24415224913494812,3941798
633,09,UTTAR PRADESH,KASGANJ,-0.005678247950857393,0.1034063821607365,0.11374086889659044,0.1301653210303704,159247.55622726935,0.06449552523104335,-0.28444444444444444,0.2288965782391388,2475748
158,09,UTTAR PRADESH,KAUSHAMBI,-0.09356401384083157,0.09356401384083371,0.10851211072665168,0.1245674740484424,90052.30500456649,0.040696932734266666,-0.29287197231833906,0.21413302575932336,2218096
159,09,UTTAR PRADESH,KHERI,-0.016724832843854356,0.11374086889657722,0.13588619761632584,0.1537870049980599,586936.4472147039,0.06035923540675673,-0.2761399461745483,0.3014225297962323,9738027
160,09,UTTAR PRADESH,KUSHINAGAR,-0.1600000000000016,0.06299115724721446,0.07972318339101103,0.09842368319876958,43114.04066815051,0.011991583739332344,-0.31009611687812383,0.2069357939254133,3604253
161,09,UTTAR PRADESH,LALITPUR,0.029773164167628565,0.16633602460584399,0.17937716262981002,0.19986159169548676,716898.6203663351,0.11573191230322646,-0.2761399461745483,0.28444444444444444,6203252
162,09,UTTAR PRADESH,LUCKNOW,-0.1793771626297528,0.10851211072666139,0.12456747404846105,0.14173010380623935,113121.10683699689,0.0357656840975483,-0.3278123798539023,0.2364628988850442,3170059
165,09,UTTAR PRADESH,MAHOBA,0.0058023480914589,0.14769703960016312,0.15999999999999645,0.17937716262976583,392801.8415948753,0.09736019921283653,-0.28444444444444444,0.28444444444444444,4045255
166,09,UTTAR PRADESH,MAINPURI,-0.009604570862559874,0.09842368319874942,0.10851211072665766,0.11909265667051518,196035.50820535774,0.05707909101659523,-0.28444444444444444,0.22145328719723184,3441554
167,09,UTTAR PRADESH,MATHURA,-0.059115724721261746,0.09842368319874682,0.10851211072665996,0.12456747404845547,203865.7614984046,0.04847466287151106,-0.31009611687812383,0.2288965782391388,4213749
168,09,UTTAR PRADESH,MAU,-0.19291041906958284,0.06299115724721112,0.07535563244904861,0.09356401384082595,1936.408093289967,8.982520451373172E-4,-0.3278123798539023,0.2069357939254133,2161729
169,09,UTTAR PRADESH,MEERUT,-0.08882737408688966,0.08421376393696921,0.09842368319876305,0.11374086889657391,147186.23987511714,0.044497739404231115,-0.31009611687812383,0.22145328719723184,3314219
170,09,UTTAR PRADESH,MIRZAPUR,-0.09356401384082876,0.17279507881580894,0.19291041906955725,0.20693579392538516,481647.90634599875,0.08859470262983205,-0.31009611687812383,0.28444444444444444,5447558
171,09,UTTAR PRADESH,MORADABAD,-0.02583979815448905,0.09356401384086672,0.10340638216073285,0.11909265667051239,131983.28155085747,0.053184876365597954,-0.3014225297962323,0.2069357939254133,2489342
172,09,UTTAR PRADESH,MUZAFFARNAGAR,-0.03690315458865197,0.08882737408687091,0.10340638216072381,0.11909265667051819,160773.3084226623,0.04587240361992914,-0.29287197231833906,0.2364628988850442,3511799
173,09,UTTAR PRADESH,PILIBHIT,-0.012932624515111589,0.10851211072666431,0.12456747404846981,0.1417301038062236,288836.2541780541,0.0604555459969078,-0.28444444444444444,0.2761399461745483,4788939
174,09,UTTAR PRADESH,PRATAPGARH,-0.0842137639369474,0.10340638216073508,0.11909265667052818,0.13588619761631948,198635.98892534923,0.04314922115460916,-0.31009611687812383,0.24415224913494812,4613609
175,09,UTTAR PRADESH,RAIBEARELI,-0.0553633217993068,0.11374086889656615,0.13016532103034573,0.14769703960016536,283561.32586464053,0.058029597803469266,-0.31009611687812383,0.2364628988850442,4896223
176,09,UTTAR PRADESH,RAMPUR,-0.03686154903561302,0.08421376393696453,0.0984236831987633,0.11374086889657423,125119.1807171058,0.041549405904122,-0.29287197231833906,0.22145328719723184,3018922
177,09,UTTAR PRADESH,SAHARANPUR,-0.048227604767397105,0.09842368319874575,0.11374086889660492,0.1358861976163203,206728.98166439508,0.04322094092266197,-0.29287197231833906,0.2761399461745483,4790695
659,09,UTTAR PRADESH,SAMBHAL,-0.0056589347222268825,0.09842368319874172,0.11374086889659016,0.13016532103035983,175201.18022188867,0.056877813666634455,-0.3014225297962323,0.2288965782391388,3088314
178,09,UTTAR PRADESH,SANTKABIRNAGAR,-0.11909265667051268,0.08421376393695121,0.0984236831987664,0.11374086889657574,62130.095652564116,0.03029018168172158,-0.3014225297962323,0.19986159169550174,2058853
180,09,UTTAR PRADESH,SHAHJAHANPUR,-0.00961792499293106,0.09842368319873891,0.11374086889660602,0.13016532103037073,314571.1913910481,0.05772450659752614,-0.3014225297962323,0.24415224913494812,5462736
660,09,UTTAR PRADESH,SHAMLI,-0.0711111111111101,0.05911572472125008,0.07111111111111705,0.08421376393694549,31954.960733762222,0.01973624019066796,-0.3014225297962323,0.17937716262975778,1623202
181,09,UTTAR PRADESH,SHRAWASTI,-0.012926535453731194,0.11374086889660359,0.13016532103035644,0.14769703960016128,162914.91950346009,0.0669566007256711,-0.3014225297962323,0.28444444444444444,2439319
182,09,UTTAR PRADESH,SIDDHARTHNAGAR,-0.09842368319877144,0.07535563244906139,0.09356401384083661,0.1137408688965749,104059.15814941283,0.02864496911288308,-0.31009611687812383,0.22145328719723184,3640380
183,09,UTTAR PRADESH,SITAPUR,-0.025833220896991246,0.1137408688965833,0.13588619761633455,0.15378700499808667,454648.95269897336,0.06297731452573317,-0.29287197231833906,0.2599000384467512,7230057
184,09,UTTAR PRADESH,SONBHADRA,-0.02585594856309736,0.16633602460582053,0.1793771626298194,0.19986159169548526,815381.2444252201,0.09662061969753938,-0.31009611687812383,0.2679584775086506,8450002
185,09,UTTAR PRADESH,SULTANPUR,-0.07972318339100389,0.1034063821607331,0.11909265667052482,0.13588619761629525,154461.46180650318,0.04642667659190494,-0.29287197231833906,0.24415224913494812,3335749
186,09,UTTAR PRADESH,UNNAO,-0.0368955292594304,0.11374086889659578,0.12456747404846744,0.14173010380624246,350604.85843998916,0.061488785744574136,-0.31009611687812383,0.2519646289888504,5712341
187,09,UTTAR PRADESH,VARANASI,-0.2364628988850606,0.07111111111111786,0.08421376393694954,0.10340638216070581,-34657.48408397889,-0.018302252337232077,-0.3188927335640138,0.2069357939254133,1899363
120,09,UTTAR PRADESH,PRAYAGRAJ,-0.13588619761630166,0.11374086889659596,0.14769703960016467,0.17937716262978673,269427.3487674265,0.03988281540150838,-0.3278123798539023,0.2679584775086506,6766620
164,09,UTTAR PRADESH,MAHARAJGANJ,-0.13588619761630516,0.0935640138408421,0.11374086889659635,0.13588619761630596,114923.93888079193,0.031118914120854966,-0.3014225297962323,0.2599000384467512,3700747
045,05,UTTARAKHAND,ALMORA,-0.1085121107266447,0.12456747404846356,0.14173010380622358,0.16633602460592462,143108.5845020732,0.035445012975185916,-0.2599000384467512,0.29287197231833906,4045433
046,05,UTTARAKHAND,BAGESHWAR,-0.24415224913493683,0.10851211072665513,0.1358861976162972,0.1600000000000005,-38142.12600898035,-0.013259792331723062,-0.36472126105344094,0.2761399461745483,2883079
048,05,UTTARAKHAND,CHAMPAWAT,-0.11374086889657484,0.12456747404846047,0.14769703960015967,0.16633602460592478,75493.79614318155,0.03339452262499438,-0.2679584775086506,0.2761399461745483,2266165
049,05,UTTARAKHAND,DEHRADUN,-0.12456747404844346,0.14173010380622922,0.166336024605925,0.19291041906958567,187032.37021144023,0.04666293959085345,-0.3014225297962323,0.3014225297962323,4018513
050,05,UTTARAKHAND,HARIDWAR,-0.03691240094918273,0.12456747404847134,0.14173010380621806,0.16000000000000747,192945.96851080167,0.0655172516344882,-0.29287197231833906,0.2761399461745483,2950783
051,05,UTTARAKHAND,NAINITAL,-0.10851211072663978,0.13016532103035364,0.14769703960016684,0.1727950788158488,254173.5641234014,0.049809396132769294,-0.2761399461745483,0.3014225297962323,5111706
052,05,UTTARAKHAND,PAURI GARHWAL,-0.12456747404844787,0.1358861976163371,0.15378700499808873,0.1793771626297572,283919.68059834227,0.04181893926158056,-0.2761399461745483,0.3188927335640138,6797764
054,05,UTTARAKHAND,RUDRAPRAYAG,-0.244152249134936,0.10340638216072615,0.13588619761630202,0.1599999999999941,-63694.64185257568,-0.024769782493310806,-0.37425605536332185,0.2679584775086506,2576527
055,05,UTTARAKHAND,TEHRI GARHWAL,-0.2069357939254066,0.12456747404846241,0.15378700499808698,0.17937716262975423,42202.203070858246,0.008349974877570087,-0.3839138792772011,0.29287197231833906,5065420
056,05,UTTARAKHAND,UDHAM SINGH NAGAR,-0.08882737408688968,0.11374086889659304,0.13588619761630305,0.16000000000000142,153673.23569093127,0.045115796974406756,-0.28444444444444444,0.2761399461745483,3417188
047,05,UTTARAKHAND,CHAMOLI,-0.3188927335640668,0.07111111111111877,0.10340638216072427,0.1417301038062348,-931351.4859761132,-0.09203736502192682,-0.4444444444444444,0.2679584775086506,10130102
053,05,UTTARAKHAND,PITHORAGARH,-0.3188927335640622,0.07972318339101563,0.11374086889658523,0.14769703960016065,-850443.6795975951,-0.09123667052149276,-0.4444444444444444,0.2761399461745483,9333695
057,05,UTTARAKHAND,UTTARKASHI,-0.3368550557478441,0.10340638216073027,0.13588619761631218,0.17279507881585005,-859157.0442019828,-0.082790786758077,-0.454963475586313,0.3014225297962323,10391325
664,19,WEST BENGAL,ALIPUR DUAR,-0.10851211072664507,0.10340638216072891,0.11909265667052296,0.13588619761631596,132367.33967618554,0.0378990487221829,-0.24415224913494812,0.2761399461745483,3499191
305,19,WEST BENGAL,BANKURA,-0.06698961937716201,0.10851211072666626,0.1190926566705309,0.13588619761630757,386515.7682912003,0.04624376151349722,-0.2679584775086506,0.2519646289888504,8367774
306,19,WEST BENGAL,PURBA BARDDHAMAN,-0.13016532103037043,0.04484429065744889,0.06299115724721117,0.08421376393694745,-16752.964171665266,-0.0026446910180273485,-0.3014225297962323,0.22145328719723184,6345416
307,19,WEST BENGAL,BIRBHUM,-0.11374086889657682,0.08421376393696471,0.10340638216072931,0.12456747404845654,108822.27712379243,0.019586673647146034,-0.29287197231833906,0.2364628988850442,5568338
310,19,WEST BENGAL,DAKSHIN DINAJPUR,-0.11374086889657677,0.05911572472125038,0.07535563244904699,0.09842368319876367,34093.326681822124,0.012353742805489638,-0.2599000384467512,0.19986159169550174,2766684
309,19,WEST BENGAL,DARJILING,-0.1663360246059241,0.10340638216072477,0.12456747404845332,0.14769703960014993,32208.263294206725,0.012561958228775495,-0.31009611687812383,0.3014225297962323,2570580
317,19,WEST BENGAL,PURBA MEDINIPUR,-0.13016532103036824,0.04158400615147943,0.05536332179930498,0.07535563244905506,-75257.07624899854,-0.01578777709716715,-0.29287197231833906,0.19986159169550174,4774369
313,19,WEST BENGAL,HAORA,-0.1929104190695745,0.04484429065744386,0.059115724721264744,0.07535563244905952,-50782.70328219618,-0.028617612946797707,-0.3014225297962323,0.19986159169550174,1779421
312,19,WEST BENGAL,HUGLI,-0.17937716262975315,0.03687711183837593,0.051733948481350704,0.07111111111111106,-85885.35556908176,-0.022474774305114346,-0.31009611687812383,0.21413302575932336,3830421
314,19,WEST BENGAL,JALPAIGURI,-0.07972318339100397,0.09842368319874913,0.11374086889659961,0.1301653210303673,173204.96508098874,0.04043435355554262,-0.24415224913494812,0.2599000384467512,4291724
308,19,WEST BENGAL,KOCH BIHAR,-0.13016532103036782,0.06698961937717149,0.07972318339101153,0.09842368319876865,39939.62484559294,0.009519133123822958,-0.2519646289888504,0.21413302575932336,4209471
315,19,WEST BENGAL,KOLKATA,-0.2519646289888459,0.004470699012067718,0.029773164167627972,0.06299115724721184,-28802.748751529773,-0.12858265527465082,-0.3014225297962323,0.17279507881584008,225875
316,19,WEST BENGAL,MALDAH,-0.10340638216070609,0.07972318339101753,0.09842368319876407,0.11909265667051341,120408.95922079432,0.027218929430869235,-0.2761399461745483,0.24415224913494812,4432769
319,19,WEST BENGAL,MURSHIDABAD,-0.13016532103037148,0.0629911572472153,0.07972318339101313,0.09842368319876785,74796.98618311973,0.011433361951476179,-0.28444444444444444,0.21413302575932336,6553296
320,19,WEST BENGAL,NADIA,-0.15378700499808076,0.055363321799302895,0.06698961937716742,0.08882737408688714,-27823.287593439396,-0.005869651512126705,-0.28444444444444444,0.22145328719723184,4752532
303,19,WEST BENGAL,NORTH TWENTY-FOUR PARGANAS,-0.19291041906960046,0.04822760476739344,0.06299115724721116,0.07972318339100759,-110143.55416749137,-0.02272073377496292,-0.31009611687812383,0.19986159169550174,4858451
318,19,WEST BENGAL,PASCHIM MEDINIPUR,-0.09842368319877019,0.07111111111111862,0.09356401384082691,0.1137408688965743,62988.52885942877,0.008311055643963847,-0.3014225297962323,0.2288965782391388,7589470
321,19,WEST BENGAL,PURULIYA,-0.05536332179930796,0.13016532103032605,0.14173010380623013,0.16000000000000608,592501.0663192602,0.07792513621681864,-0.2599000384467512,0.2761399461745483,7614827
304,19,WEST BENGAL,SOUTH TWENTY-FOUR PARGANAS,-0.14173010380622875,0.03254133025758952,0.04822760476739866,0.06698961937716173,-289417.36448531237,-0.03133482216023962,-0.28444444444444444,0.17937716262975778,9269362
311,19,WEST BENGAL,UTTAR DINAJPUR,-0.13588619761630097,0.06698961937716975,0.08421376393694803,0.10340638216070475,34598.910081705704,0.008896634222566667,-0.28444444444444444,0.21413302575932336,3902218
703,19,WEST BENGAL,JHARGRAM,-0.07535563244905466,0.10340638216073036,0.11909265667052239,0.13588619761629658,143909.22494201665,0.038457969180326054,-0.2519646289888504,0.24415224913494812,3751531
704,19,WEST BENGAL,PASCHIM BARDDHAMAN,-0.12456747404844166,0.10340638216073526,0.11374086889659472,0.13016532103037226,88838.71961495416,0.04029023734799995,-0.2761399461745483,0.22145328719723184,2210746
702,19,WEST BENGAL,KALIMPONG,-0.13016532103036635,0.13588619761631582,0.15378700499808828,0.17937716262975092,40671.37305824446,0.029707818032926422,-0.2599000384467512,0.29287197231833906,1372509
