di_code,st_code,state23,dist23,A28_p2,A28_p90,A28_p95,A28_p98,A28_sum,A28_mean,A28_min,A28_max,A28_count
603,35,ANDAMAN & NICOBAR,NICOBAR,-0.2599000384467554,0.037013225198152276,0.04822760476739625,0.05911572472126267,-191695.0631330126,-0.09555925870026959,-0.34602076124567477,0.21413302575932336,2020602
632,35,ANDAMAN & NICOBAR,NORTH & MIDDLE ANDAMAN,-0.2599000384467644,-0.07111111111111497,-0.012979314865256171,0.04484429065743904,-560663.8059589602,-0.14111909225184138,-0.37425605536332185,0.22145328719723184,4003957
602,35,ANDAMAN & NICOBAR,SOUTH ANDAMAN,-0.24415224913493722,-0.02593625321915183,0.0258982673043488,0.04822760476739594,-338265.14052837575,-0.11689716098008324,-0.34602076124567477,0.21413302575932336,2916597
502,28,ANDHRA PRADESH,ANANTAPUR,-0.21413302575924695,-0.051733948481347165,-0.025937515207337638,0.009634406356160833,-2935591.742291242,-0.13104380307218422,-0.28444444444444444,0.24415224913494812,22430270
503,28,ANDHRA PRADESH,CHITTOOR,-0.19986159169548362,0.04484429065744754,0.07535563244905612,0.10340638216072623,-1077116.341179615,-0.06245762455736554,-0.34602076124567477,0.29287197231833906,17269415
504,28,ANDHRA PRADESH,Y S R KADAPA,-0.18608227604763428,0.06698961937717177,0.0984236831987595,0.13016532103036638,-785421.4754680123,-0.04435101441489136,-0.2599000384467512,0.24415224913494812,17724326
505,28,ANDHRA PRADESH,EAST GODAVARI,-0.17937716262979034,0.0591157247212569,0.08882737408687995,0.11374086889658305,-588263.3482466136,-0.03891952927247883,-0.3188927335640138,0.2364628988850442,15133939
506,28,ANDHRA PRADESH,GUNTUR,-0.1358861976163159,0.03543252595155618,0.05911572472126265,0.08882737408688486,-444818.17241654935,-0.03350384300980053,-0.2519646289888504,0.2288965782391388,13291974
510,28,ANDHRA PRADESH,KRISHNA,-0.13016532103036854,0.07972318339101196,0.09842368319874467,0.11909265667052604,-161013.5800248587,-0.01577067340782476,-0.24415224913494812,0.2288965782391388,10225813
511,28,ANDHRA PRADESH,KURNOOL,-0.20693579392537684,-0.005812733459392137,0.016762680046952003,0.04484429065743797,-1770011.7752297297,-0.08775907463788424,-0.3014225297962323,0.22145328719723184,20185908
515,28,ANDHRA PRADESH,POTTI SRIRAMULU NELLORE,-0.113740868896579,0.0888273740868885,0.10851211072665566,0.13588619761630544,134446.69398450735,0.008815831937840328,-0.2364628988850442,0.3014225297962323,15263341
517,28,ANDHRA PRADESH,PRAKASAM,-0.15999999999996475,0.06299115724722643,0.08882737408687531,0.1085121107266607,-837692.1392831976,-0.04098059338674864,-0.2679584775086506,0.29287197231833906,20457221
519,28,ANDHRA PRADESH,SRIKAKULAM,-0.14769703960016445,0.022206843521720743,0.04822760476739629,0.07535563244905717,-312708.50895962,-0.045439622477830975,-0.2679584775086506,0.21413302575932336,6895077
520,28,ANDHRA PRADESH,VISAKHAPATNAM,-0.2069357939253844,0.012962815148105426,0.04484429065743992,0.07972318339100708,-983387.2254531442,-0.07233779836544069,-0.3188927335640138,0.28444444444444444,13613577
521,28,ANDHRA PRADESH,VIZIANAGARAM,-0.16000000000000306,0.01675890949524844,0.03691711699156533,0.07111111111111222,-337578.14770504716,-0.046623268350151265,-0.2679584775086506,0.2679584775086506,7256513
523,28,ANDHRA PRADESH,WEST GODAVARI,-0.15378700499808773,0.07535563244905745,0.10340638216072806,0.12456747404845689,-141098.19033956865,-0.014516727710748543,-0.29287197231833906,0.2519646289888504,9731922
628,12,ARUNACHAL PRADESH,ANJAW,-0.2679584775086936,0.009650842409485383,0.03254133025759326,0.05536332179930541,-859502.120227445,-0.11305009183942918,-0.37425605536332185,0.16000000000000003,7611073
229,12,ARUNACHAL PRADESH,CHANGLANG,-0.292871972318339,-0.07535563244904994,-0.04822760476739816,-0.025926091386695955,-1056278.6142773603,-0.1699467542393201,-0.37425605536332185,0.13016532103037293,6227191
230,12,ARUNACHAL PRADESH,DIBANG VALLEY,-0.25990003844677523,0.021081985801168542,0.044844290657441783,0.07111111111111648,-1260072.1045208722,-0.10332868424150837,-0.34602076124567477,0.17279507881584008,12207130
231,12,ARUNACHAL PRADESH,EAST KAMENG,-0.2679584775086886,-0.021120103135463905,0.005742853868736637,0.04822760476739365,-718743.4022415538,-0.12949871177806957,-0.3553094963475586,0.17937716262975778,5558425
233,12,ARUNACHAL PRADESH,KURUNG KUMEY,-0.2519646289888447,0.012961442323293444,0.04158400615148114,0.07535563244905182,-580399.7180321238,-0.10338327928578879,-0.3278123798539023,0.17279507881584008,5621269
234,12,ARUNACHAL PRADESH,LOHIT,-0.2928719723183094,-0.03697052517076038,-0.013009887909550174,0.00963653762577736,-576397.5935700212,-0.14949674382355874,-0.36472126105344094,0.14173010380622836,3863405
235,12,ARUNACHAL PRADESH,LOWER DIBANG VALLEY,-0.2844444444444752,-0.025911157536344633,-0.0017448493865334003,0.021051933949327327,-621998.137598904,-0.1387384695696546,-0.36472126105344094,0.14769703960015382,4491587
237,12,ARUNACHAL PRADESH,PAPUMPARE,-0.30142252979617495,-0.075355632449046,-0.05173394848135023,-0.029773164167628048,-753121.4715721942,-0.1741346942623536,-0.37425605536332185,0.14173010380622836,4333778
238,12,ARUNACHAL PRADESH,TAWANG,-0.21413302575929785,0.05173394848134837,0.07111111111111658,0.08882737408688444,-184927.39558766616,-0.05977310258943051,-0.29287197231833906,0.16633602460592078,3100277
239,12,ARUNACHAL PRADESH,TIRAP,-0.30142252979618595,-0.07111111111111618,-0.048227604767394204,-0.027128027681661674,-250267.01297262145,-0.17012737758071056,-0.37425605536332185,0.11909265667051133,1474824
240,12,ARUNACHAL PRADESH,UPPER SIANG,-0.27613994617456106,0.016779568374174863,0.03690015197508566,0.06299115724721129,-960269.591960144,-0.11257189204491266,-0.3553094963475586,0.17279507881584008,8540336
241,12,ARUNACHAL PRADESH,UPPER SUBANSIRI,-0.2679584775086908,0.01678269623668639,0.04484429065744008,0.0711111111111161,-928125.8288298418,-0.1130462283922196,-0.34602076124567477,0.17937716262975778,8220067
242,12,ARUNACHAL PRADESH,WEST KAMENG,-0.2928719723183445,-0.02977316416762902,-0.0017471833747610959,0.025850557046717595,-892980.4175474882,-0.1446992792126353,-0.36472126105344094,0.16633602460592078,6178998
719,12,ARUNACHAL PRADESH,LOWER SIANG,-0.3014225297961913,-0.06299115724721122,-0.04158400615148106,-0.02112709806979418,-382871.8297752741,-0.16749627870064596,-0.36472126105344094,0.13588619761630144,2292082
236,12,ARUNACHAL PRADESH,LOWER SUBANSIRI,-0.27613994617452814,-0.0591157247212633,-0.03543252595155895,-0.01384083044982681,-373442.6590588958,-0.1527704676308405,-0.36472126105344094,0.11374086889657825,2449933
679,12,ARUNACHAL PRADESH,SIANG,-0.2928719723183009,-0.01993079584775167,8.974640769522494E-4,0.019930795847750895,-635096.9237271884,-0.14514988133201817,-0.3553094963475586,0.14173010380622836,4383418
243,12,ARUNACHAL PRADESH,WEST SIANG,-0.28444444444447453,-0.038446751249521585,-0.01574778931180282,0.006819135515872174,-248971.85098197433,-0.14760860303053192,-0.3553094963475586,0.12456747404844293,1691102
725,12,ARUNACHAL PRADESH,SHI YOMI,-0.2519646289888445,0.01677648873315067,0.03691833705641422,0.0629911572472113,-321883.38804052654,-0.09674849606500541,-0.3278123798539023,0.186082276047674,3331997
724,12,ARUNACHAL PRADESH,LEPA RADA,-0.2928719723183235,-0.044844290657438,-0.02460592079969291,-0.004509323147675147,-149086.5260737272,-0.15404970490335174,-0.3553094963475586,0.11909265667051133,970650
723,12,ARUNACHAL PRADESH,PAKKE KESSANG,-0.29287197231830636,-0.06698961937716837,-0.04822760476739333,-0.0297731641676283,-382458.7145455793,-0.15980174918123793,-0.36472126105344094,0.08421376393694734,2399368
677,12,ARUNACHAL PRADESH,KRA DAADI,-0.2679584775086861,-0.013840830449827018,0.006819689517602802,0.027128027681661494,-285377.0662809841,-0.12830631455579414,-0.33685505574778934,0.16000000000000003,2229870
678,12,ARUNACHAL PRADESH,NAMSAI,-0.28444444444446765,-0.1301653210303537,-0.11374086889657352,-0.07972318339100559,-298938.334081079,-0.17686391458402648,-0.37425605536332185,0.07535563244905807,1693784
718,12,ARUNACHAL PRADESH,KAMLE,-0.2928719723183481,-0.04822760476739552,-0.02460592079969231,-0.0026500073945973516,-283062.14791388577,-0.16289626252104125,-0.34602076124567477,0.11909265667051133,1742339
232,12,ARUNACHAL PRADESH,EAST SIANG,-0.2928719723183366,-0.048227604767400505,-0.0259449048972648,-0.013021513271150486,-307716.68294255174,-0.14494898583512814,-0.36472126105344094,0.14173010380622836,2127307
666,12,ARUNACHAL PRADESH,LONGDING,-0.3100961168780955,-0.07535563244904894,-0.051733948481349754,-0.029773164167627642,-210533.09033032303,-0.17983739444274516,-0.37425605536332185,0.07535563244905807,1174145
616,18,ASSAM,BAKSA,-0.19986159169548506,-0.07111111111111804,-0.05173394848135361,-0.027128027681661244,-371478.2673239951,-0.1219648167233653,-0.3278123798539023,0.12456747404844293,3055457
280,18,ASSAM,BARPETA,-0.1537870049980863,-0.008858131487890024,0.00681190812494022,0.029773164167628145,-179021.00348612026,-0.06280768078834746,-0.2761399461745483,0.16000000000000003,2859045
705,18,ASSAM,BISWANATH,-0.1998615916954882,-0.05911572472125671,-0.04484429065744728,-0.03254133025759303,-327337.5100034331,-0.11796393590000293,-0.3553094963475586,0.13016532103037293,2780367
281,18,ASSAM,BONGAIGAON,-0.21413302575932827,-0.013019608960831196,0.0016794110943546636,0.02107648239191273,-113366.70633022662,-0.08146921848682541,-0.3278123798539023,0.17279507881584008,1397646
282,18,ASSAM,CACHAR,-0.30142252979618406,-0.08421376393695743,-0.05536332179930711,-0.02592621060063215,-774432.2542089878,-0.16648765652013173,-0.3839138792772011,0.14769703960015382,4659875
708,18,ASSAM,CHARAIDEO,-0.21413302575932897,-0.07972318339101642,-0.0711111111111183,-0.055363321799308765,-161000.64442875836,-0.12689512600826705,-0.33685505574778934,0.12456747404844293,1273387
612,18,ASSAM,CHIRANG,-0.1998615916954853,-0.07535563244906116,-0.05911572472125783,-0.03254133025759281,-312486.3062593902,-0.13084881442929147,-0.3188927335640138,0.186082276047674,2393821
283,18,ASSAM,DARRANG,-0.1599999999999999,-0.03543252595155801,-0.02460592079969167,-0.006855446285853188,-168947.79619143085,-0.0856169119049888,-0.29287197231833906,0.13016532103037293,1980527
284,18,ASSAM,DHEMAJI,-0.19986159169549178,-0.03844675124951968,-0.019930795847753334,-0.006840957323237806,-352095.29241412255,-0.11285758116971219,-0.3553094963475586,0.11374086889657825,3127982
285,18,ASSAM,DHUBRI,-0.15378700499808282,-0.015747789311802804,0.0026360629554086743,0.022206843521722416,-145959.3323354717,-0.07076113691856736,-0.2519646289888504,0.16000000000000003,2073149
286,18,ASSAM,DIBRUGARH,-0.1860822760477007,-0.03254133025758852,-0.019930795847753112,-0.00685851395705503,-422659.9645425357,-0.09955294629399306,-0.3188927335640138,0.17279507881584008,4254504
299,18,ASSAM,DIMA HASAO,-0.3100961168781479,-0.10851211072665734,-0.0888273740868858,-0.0591157247212633,-1099295.3139957022,-0.18225941162202255,-0.39369473279507883,0.09356401384083046,6041285
287,18,ASSAM,GOALPARA,-0.18608227604767655,-0.027128027681662562,-0.01039600153787022,0.00885813148788916,-217277.70141041686,-0.08947926213210118,-0.3014225297962323,0.17279507881584008,2434900
288,18,ASSAM,GOLAGHAT,-0.19986159169548867,-0.07535563244904629,-0.05173394848134927,-0.03254133025759209,-504534.701706522,-0.12554336706838654,-0.3188927335640138,0.17279507881584008,4029611
289,18,ASSAM,HAILAKANDI,-0.28444444444446376,-0.07972318339101397,-0.059115724721264404,-0.037041281280151384,-249526.47419994272,-0.1530611468077624,-0.36472126105344094,0.15378700499807765,1635070
709,18,ASSAM,HOJAI,-0.22889657823914977,-0.07111111111111801,-0.048227604767394135,-0.019930795847751204,-224658.90037013494,-0.12433629026289321,-0.34602076124567477,0.14769703960015382,1811736
290,18,ASSAM,JORHAT,-0.22889657823915374,-0.07535563244906034,-0.055363321799304525,-0.024605920799691674,-284583.03865109873,-0.12215714039801456,-0.36472126105344094,0.13016532103037293,2335717
618,18,ASSAM,KAMRUP METRO,-0.2599000384467553,0.005747654971676571,0.03254133025759112,0.06299115724721129,-125708.0030722338,-0.10405692550917339,-0.34602076124567477,0.21413302575932336,1212134
291,18,ASSAM,KAMRUP RURAL,-0.25196462898884475,-0.025929844342897388,-0.009683957966125584,0.012961907448285051,-404248.0098157116,-0.10415119973983321,-0.3553094963475586,0.17937716262975778,3891403
292,18,ASSAM,KARBI ANGLONG,-0.2844444444444793,-0.10851211072662743,-0.09356401384085326,-0.07535563244905329,-1588057.4197157247,-0.17440979150985,-0.37425605536332185,0.15378700499807765,9120022
293,18,ASSAM,KARIMGANJ,-0.2441522491349386,-0.05536332179930521,-0.025935561515845768,0.0016990027056650527,-275211.9731601492,-0.12370741791209866,-0.36472126105344094,0.14173010380622836,2229526
294,18,ASSAM,KOKRAJHAR,-0.2069357939253899,-0.08421376393695978,-0.059115724721264244,-0.021112210527385558,-510346.52032238425,-0.13182814667621176,-0.3278123798539023,0.17937716262975778,3879174
295,18,ASSAM,LAKHIMPUR,-0.1998615916954887,-0.06299115724721116,-0.036981593237055084,-0.016842273066278834,-450011.7692092187,-0.11979890790846731,-0.3553094963475586,0.14769703960015382,3763908
706,18,ASSAM,MAJULI,-0.1860822760476787,-0.027128027681661154,-0.019930795847751395,-0.01205690119184911,-141041.7055216385,-0.08873430851390224,-0.29287197231833906,0.1085121107266436,1595085
296,18,ASSAM,MARIGAON,-0.19986159169548814,-0.02220684352171965,-0.004495777257557604,0.013840830449826869,-151453.93985950726,-0.08054509927648405,-0.33685505574778934,0.12456747404844293,1884753
297,18,ASSAM,NAGAON,-0.19986159169549067,-0.024605920799692527,-9.221484234976942E-4,0.01993079584775209,-314592.58853780257,-0.09799896059643333,-0.3278123798539023,0.13588619761630144,3221993
298,18,ASSAM,NALBARI,-0.16633602460592495,-0.022206843521721007,-0.00684029053197784,0.01574778931180296,-110734.51824044708,-0.08505859653237267,-0.2599000384467512,0.13588619761630144,1306375
300,18,ASSAM,SIBSAGAR,-0.20693579392540828,-0.06299115724721115,-0.04484429065743812,-0.02111642190621856,-228076.95886969264,-0.11176857194551297,-0.36472126105344094,0.15378700499807765,2046198
301,18,ASSAM,SONITPUR,-0.19986159169548617,-0.05173394848134805,-0.03698554581493914,-0.02119761157467405,-440416.31519516715,-0.11728351537270773,-0.3553094963475586,0.15378700499807765,3761187
707,18,ASSAM,SOUTH SALMARA MANCACHAR,-0.14173010380622592,8.672890277275762E-4,0.027128027681661934,0.05173394848135501,-37969.53074834319,-0.054605283776561805,-0.2519646289888504,0.15378700499807765,699403
302,18,ASSAM,TINSUKIA,-0.20693579392539446,-0.06299115724721117,-0.03543252595155667,-0.019930795847751454,-600654.7207026802,-0.1252183028397949,-0.33685505574778934,0.16000000000000003,4805197
617,18,ASSAM,UDALGURI,-0.19986159169548723,-0.07972318339101649,-0.06698961937716674,-0.04484429065743843,-318320.2328864144,-0.12650752230274162,-0.33685505574778934,0.11374086889657825,2524545
710,18,ASSAM,WEST KARBI ANGLONG,-0.2928719723182861,-0.10851211072665974,-0.09356401384082531,-0.07111111111111214,-679141.3673189086,-0.17823939041657944,-0.37425605536332185,0.08882737408688965,3818912
188,10,BIHAR,ARARIA,-0.07535563244905315,0.03254133025758949,0.04822760476739523,0.06698961937716204,-21541.282824165453,-0.0062093239518626895,-0.2519646289888504,0.2069357939254133,3476505
611,10,BIHAR,ARWAL,-0.03844675124951881,0.06299115724721122,0.08421376393694935,0.10851211072664654,20271.5999569446,0.025775112101910514,-0.11909265667051133,0.2288965782391388,790200
189,10,BIHAR,AURANGABAD,-0.0482276047673956,0.0629911572472266,0.08421376393695146,0.10851211072664334,99807.99593632571,0.024558717203644203,-0.17279507881584008,0.3188927335640138,4071463
190,10,BIHAR,BANKA,-0.14173010380623957,-0.002650763653791356,0.012056901191848608,0.03844675124951949,-216642.29471586127,-0.058216465518896025,-0.2069357939254133,0.186082276047674,3727975
191,10,BIHAR,BEGUSARAI,-0.035432525951558186,0.08421376393696295,0.09842368319877046,0.1137408688965748,96491.23604038997,0.040575659033329006,-0.12456747404844293,0.2761399461745483,2385201
200,10,BIHAR,KAIMUR,-0.09842368319876908,0.0797231833909528,0.09356401384085732,0.11909265667051072,87510.54736732827,0.021093898402869224,-0.2288965782391388,0.2599000384467512,4155971
192,10,BIHAR,BHAGALPUR,-0.055363321799309584,0.07535563244906147,0.08882737408687619,0.09842368319877264,75028.74304837336,0.023784971731795803,-0.17279507881584008,0.28444444444444444,3161985
193,10,BIHAR,BHOJPUR,-0.024605920799691677,0.09842368319873827,0.1137408688965792,0.13016532103035575,131284.4484056258,0.04445272511800204,-0.12456747404844293,0.2761399461745483,2959033
194,10,BIHAR,BUXAR,-0.013840830449827146,0.08421376393696103,0.10340638216071936,0.12456747404844849,87404.29132683181,0.04157683673851894,-0.1085121107266436,0.2599000384467512,2107650
195,10,BIHAR,DARBHANGA,-0.051733948481351995,0.05173394848134752,0.07111111111111634,0.08882737408688393,28090.574585051472,0.008983215963366407,-0.14173010380622836,0.2069357939254133,3135810
196,10,BIHAR,GAYA,-0.08882737408688436,0.051733948481346465,0.07111111111111651,0.09842368319876844,32761.60717110176,0.005368227296168881,-0.19986159169550174,0.24415224913494812,6114662
197,10,BIHAR,GOPALGANJ,-0.010396001537870233,0.0797231833910173,0.09842368319876836,0.11374086889657449,117671.06235585065,0.04638686459630143,-0.10340638216070744,0.2599000384467512,2543564
199,10,BIHAR,JAHANABAD,-0.03844675124952086,0.06698961937716343,0.08882737408688852,0.1137408688965773,25598.15815830543,0.02215494021804517,-0.15378700499807765,0.22145328719723184,1159636
198,10,BIHAR,JAMUI,-0.13588619761634055,0.02460592079969236,0.04158400615148119,0.06299115724721135,-164212.47838843113,-0.043084240318602716,-0.2288965782391388,0.19986159169550174,3819342
201,10,BIHAR,KATIHAR,-0.07972318339100994,0.04822760476739315,0.05911572472125486,0.07535563244905386,705.9010717490407,1.8750349012450234E-4,-0.1929104190695886,0.2288965782391388,3773694
202,10,BIHAR,KHAGARIA,-0.02220684352172242,0.0842137639369628,0.09356401384083103,0.10851211072664323,82080.12815361639,0.04448050332368576,-0.12456747404844293,0.2364628988850442,1851170
203,10,BIHAR,KISHANGANJ,-0.135886197616297,-0.010396001537870302,0.004475730906565442,0.024605920799692763,-138518.01313123287,-0.05769176832835934,-0.22145328719723184,0.16000000000000003,2408235
204,10,BIHAR,LAKHISARAI,-0.07535563244905014,0.07535563244904535,0.08882737408688193,0.10340638216070504,26013.010246249116,0.017284711063899047,-0.2069357939254133,0.22145328719723184,1509373
205,10,BIHAR,MADHEPURA,-0.041584006151481036,0.05911572472126403,0.07535563244905305,0.08882737408688837,46393.537232977666,0.020705542643579423,-0.16000000000000003,0.17937716262975778,2247230
206,10,BIHAR,MADHUBANI,-0.07972318339101332,0.03254133025759188,0.05173394848134859,0.07535563244905845,-54518.10054406128,-0.012499260577816876,-0.19986159169550174,0.2069357939254133,4370352
207,10,BIHAR,MUNGER,-0.1085121107266468,0.05911572472125385,0.07111111111111786,0.08882737408688268,-8621.399679352367,-0.004951373838203244,-0.2364628988850442,0.2364628988850442,1746408
208,10,BIHAR,MUZAFFARPUR,-0.022206843521720847,0.07535563244906068,0.08882737408688504,0.10340638216071356,143064.68706188202,0.036212032989687906,-0.16000000000000003,0.2679584775086506,3958875
209,10,BIHAR,NALANDA,-0.041584006151481126,0.06299115724721824,0.08421376393694933,0.10851211072664088,68801.88670381783,0.023547582468355838,-0.19986159169550174,0.24415224913494812,2929383
210,10,BIHAR,NAWADA,-0.08421376393694724,0.04158400615148128,0.05911572472126426,0.08882737408688776,-211.85561680003565,-6.915000851851701E-5,-0.21413302575932336,0.22145328719723184,3071041
211,10,BIHAR,PASHCHIMI CHAMPARAN,-0.08882737408688285,0.06299115724724451,0.07972318339101728,0.0984236831987666,75730.99327838205,0.011560522882891076,-0.2519646289888504,0.2599000384467512,6560379
212,10,BIHAR,PATNA,-0.024605920799692996,0.09356401384084402,0.11374086889659397,0.13588619761631848,187349.714542404,0.04745289317178602,-0.15378700499807765,0.31009611687812383,3959090
213,10,BIHAR,PURBI CHAMPARAN,-0.022206843521721684,0.07535563244906722,0.09356401384083424,0.10851211072664722,184611.77489973741,0.03723782088941135,-0.16633602460592078,0.2519646289888504,4966698
214,10,BIHAR,PURNIA,-0.06698961937716261,0.044844290657449215,0.05911572472126491,0.07972318339100379,20829.89708756832,0.005204587149631688,-0.2069357939254133,0.22145328719723184,4010639
215,10,BIHAR,ROHTAS,-0.08882737408688704,0.07111111111111575,0.08882737408688628,0.11374086889657568,85400.70626349421,0.018032604782398716,-0.22145328719723184,0.2761399461745483,4743839
216,10,BIHAR,SAHARSA,-0.04158400615148114,0.06299115724721713,0.07535563244904576,0.08882737408688375,50723.51398006996,0.024533159346374903,-0.13016532103037293,0.2288965782391388,2073256
217,10,BIHAR,SAMASTIPUR,-0.03254133025759242,0.07111111111111959,0.08882737408688333,0.10340638216070977,99512.06754464745,0.030043685489524578,-0.13588619761630144,0.2364628988850442,3321029
218,10,BIHAR,SARAN,-0.00885813148788912,0.0984236831987641,0.11374086889658057,0.13016532103036813,179956.71439183943,0.05493053209172978,-0.09356401384083046,0.3014225297962323,3282541
219,10,BIHAR,SHEIKHPURA,-0.02977316416762838,0.06299115724721126,0.0842137639369433,0.10340638216070668,17093.178303248813,0.020435994309284642,-0.16000000000000003,0.21413302575932336,840498
220,10,BIHAR,SHEOHAR,-0.027128027681661285,0.06299115724721126,0.08421376393694942,0.10340638216070659,14304.051870489577,0.025834509028109007,-0.12456747404844293,0.2364628988850442,556991
221,10,BIHAR,SITAMARHI,-0.06698961937716859,0.0448442906574491,0.05911572472126358,0.08421376393694714,3519.6415182530527,0.001288323050249384,-0.186082276047674,0.2288965782391388,2739355
222,10,BIHAR,SIWAN,-0.004467490716339894,0.08421376393696287,0.09842368319876711,0.11909265667051726,132561.79772951236,0.0480214341862044,-0.11374086889657825,0.2364628988850442,2766570
223,10,BIHAR,SUPAUL,-0.055363321799308696,0.04822760476739663,0.06299115724721117,0.07972318339100595,32542.778794416186,0.010804111410839074,-0.17937716262975778,0.2069357939254133,3018897
224,10,BIHAR,VAISHALI,-0.02220684352172106,0.0888273740868732,0.10340638216072308,0.12456747404844333,109235.76218424216,0.04326914638161456,-0.13016532103037293,0.2519646289888504,2529599
044,04,CHANDIGARH,CHANDIGARH,-0.032541330257593204,0.09356401384083017,0.11374086889657961,0.1358861976163013,6749.71666897223,0.045378178582206684,-0.16633602460592078,0.2519646289888504,150026
646,22,CHHATTISGARH,BALOD,-0.1301653210303651,0.004481392054702201,0.027128027681660796,0.07111111111111315,-200268.84111813258,-0.04978180610931648,-0.2364628988850442,0.17279507881584008,4030747
644,22,CHHATTISGARH,BALODA BAZAR,-0.09356401384082476,0.02460592079969315,0.04484429065743871,0.08882737408688965,-131065.87165683054,-0.023385673743634247,-0.22145328719723184,0.2679584775086506,5614038
649,22,CHHATTISGARH,BALRAMPUR,-0.11909265667052149,0.03254133025758918,0.044844290657443484,0.06299115724721131,-194562.04892843292,-0.025473957581822,-0.2069357939254133,0.2069357939254133,7650578
374,22,CHHATTISGARH,BASTAR,-0.1929104190695624,-0.0553633217993107,-0.03844675124952107,-0.01777777777777749,-706561.1782860704,-0.11070941599273512,-0.2761399461745483,0.19986159169550174,6393305
650,22,CHHATTISGARH,BEMETARA,-0.06698961937717102,0.0591157247212599,0.07111111111111852,0.08421376393694566,45286.01722525479,0.0168349120360425,-0.1929104190695886,0.1929104190695886,2697016
636,22,CHHATTISGARH,BIJAPUR,-0.16000000000001038,-0.024605920799686945,-0.0120569011918497,0.004466723782714128,-824260.4837054678,-0.07550185600143663,-0.29287197231833906,0.17279507881584008,10931393
375,22,CHHATTISGARH,BILASPUR,-0.10851211072665215,0.029773164167630442,0.05911572472126106,0.09842368319876692,-120183.11088845105,-0.028123987850182622,-0.186082276047674,0.28444444444444444,4282196
734,22,CHHATTISGARH,GAURELA-PENDRA-MARWAHI,-0.12456747404844691,0.0068087295086048105,0.019930795847751176,0.03844675124951886,-111654.87911537162,-0.04623451282249289,-0.1929104190695886,0.17279507881584008,2420209
376,22,CHHATTISGARH,DAKSHIN BASTAR DANTEWADA,-0.18608227604769817,-0.05536332179930353,-0.03254133025759353,-9.413113328216119E-4,-356078.8774772293,-0.10700557511274984,-0.28444444444444444,0.16633602460592078,3336766
377,22,CHHATTISGARH,DHAMTARI,-0.1358861976163122,-0.00685352465112374,0.015747789311802877,0.06299115724721127,-252422.99906440833,-0.05178427938237373,-0.2519646289888504,0.19986159169550174,4882863
378,22,CHHATTISGARH,DURG,-0.10340638216071966,0.04484429065744387,0.07111111111111638,0.09842368319877119,-49440.27065858591,-0.017966781396907442,-0.186082276047674,0.2599000384467512,2758101
645,22,CHHATTISGARH,GARIYABAND,-0.1358861976163123,-0.008858131487889219,0.0026304183664540835,0.027128027681661296,-304132.5747868109,-0.05267197864878336,-0.22145328719723184,0.21413302575932336,5784384
379,22,CHHATTISGARH,JANJGIR - CHAMPA,-0.09356401384083143,0.03844675124952155,0.05911572472126416,0.09356401384082892,-97797.90508685079,-0.01810073351794214,-0.186082276047674,0.3014225297962323,5413703
380,22,CHHATTISGARH,JASHPUR,-0.12456747404845797,0.0199307958477531,0.03844675124952141,0.05536332179930862,-294230.40077055915,-0.04152987658804893,-0.19986159169550174,0.15378700499807765,7094864
382,22,CHHATTISGARH,KABIRDHAM,-0.0984236831987572,0.05173394848134532,0.06299115724722446,0.07972318339101,-3899.4535038939453,-7.713789790275177E-4,-0.186082276047674,0.2069357939254133,5063228
381,22,CHHATTISGARH,UTTAR BASTAR KANKER,-0.14769703960016806,-0.019930795847753688,-0.006851372226086237,0.012056901191848981,-598962.3863807988,-0.07002596801193899,-0.2679584775086506,0.16633602460592078,8566278
643,22,CHHATTISGARH,KONDAGAON,-0.1727950788158505,-0.04158400615146815,-0.029773164167631042,-0.015747789311802828,-576310.3300675752,-0.09564117605372476,-0.2761399461745483,0.12456747404844293,6035251
383,22,CHHATTISGARH,KORBA,-0.11374086889657536,0.03844675124951879,0.06698961937716622,0.11374086889657446,-181976.05763632822,-0.022818809665217675,-0.2069357939254133,0.2761399461745483,7984432
384,22,CHHATTISGARH,KOREA,-0.12456747404845875,0.01993079584775357,0.03543252595155627,0.055363321799307204,-279907.5127904667,-0.034839433131776294,-0.21413302575932336,0.22145328719723184,8044955
385,22,CHHATTISGARH,MAHASAMUND,-0.13016532103036985,-0.0026536032281963677,0.013840830449827021,0.04822760476739731,-290088.98777768237,-0.05097166117171621,-0.21413302575932336,0.19986159169550174,5701522
647,22,CHHATTISGARH,MUNGELI,-0.09842368319876475,0.03686944004901429,0.04822760476739625,0.06698961937716436,-32823.64177858031,-0.009800358222518858,-0.19986159169550174,0.3014225297962323,3357558
637,22,CHHATTISGARH,NARAINPUR,-0.1600000000000094,-0.019930795847753383,-0.0068491640872854025,0.008858131487889205,-322250.5670326749,-0.06969497254248487,-0.2679584775086506,0.16000000000000003,4632332
386,22,CHHATTISGARH,RAIGARH,-0.10340638216072368,0.05911572472126069,0.0797231833910166,0.10851211072665325,-79117.1675655905,-0.009319825836666178,-0.186082276047674,0.3014225297962323,8502955
387,22,CHHATTISGARH,RAIPUR,-0.10851211072665769,0.055363321799306184,0.0935640138408251,0.12456747404844495,-72524.4107009882,-0.020837924325650587,-0.21413302575932336,0.29287197231833906,3486230
388,22,CHHATTISGARH,RAJ NANDGAON,-0.11374086889658244,0.041584006151464285,0.059115724721256487,0.07972318339100923,-178848.42729606084,-0.018521445549912276,-0.2288965782391388,0.2519646289888504,9670842
642,22,CHHATTISGARH,SUKMA,-0.17279507881585027,-0.024605920799687857,-0.010396001537870299,0.008858131487889623,-545056.6480651902,-0.08456068860862478,-0.2679584775086506,0.186082276047674,6458280
648,22,CHHATTISGARH,SURAJPUR,-0.11909265667052213,0.0325413302575861,0.04822760476739306,0.06698961937716585,-184588.97795565976,-0.027820547151357497,-0.19986159169550174,0.24415224913494812,6646511
389,22,CHHATTISGARH,SURGUJA,-0.1301653210303656,0.022206843521720657,0.04158400615148121,0.06698961937716175,-190318.92448613877,-0.03919808930612949,-0.2069357939254133,0.2519646289888504,4864080
463,38,DADRA & NAGAR HAVELI & DAMAN & DIU,DAMAN,-0.07972318339100329,0.09842368319877198,0.10851211072664517,0.12456747404844229,1777.428890185617,0.020869701913287696,-0.16633602460592078,0.19986159169550174,86148
464,38,DADRA & NAGAR HAVELI & DAMAN & DIU,DIU,-0.14769703960015354,0.13016532103037373,0.1537870049980785,0.17279507881583933,-474.432205531829,-0.0102746744336617,-0.2069357939254133,0.21413302575932336,47012
465,38,DADRA & NAGAR HAVELI & DAMAN & DIU,DADRA & NAGAR HAVELI,-0.1599999999999995,0.01205690119184939,0.0553633217993076,0.09356401384083149,-40524.88148563372,-0.06948461876857774,-0.2364628988850442,0.186082276047674,587628
077,07,DELHI,CENTRAL,-0.006796358744252067,0.147697039600146,0.16000000000000622,0.17937716262975684,11470.443357077924,0.0847533800815181,-0.11909265667051133,0.28444444444444444,137139
078,07,DELHI,EAST,-0.015747789311803186,0.12456747404844386,0.1417301038062267,0.15378700499807785,2790.277500147196,0.06973062444745462,-0.09356401384083046,0.2288965782391388,40526
079,07,DELHI,NEW DELHI,-0.03254133025759351,0.1137408688965749,0.13588619761630724,0.1537870049980761,11331.497611746012,0.05697847574321703,-0.17279507881584008,0.2761399461745483,200534
080,07,DELHI,NORTH,-0.013840830449827129,0.12456747404843994,0.14769703960015057,0.1663360246059236,23895.498131858938,0.06437606099865249,-0.13016532103037293,0.2761399461745483,373407
081,07,DELHI,NORTH EAST,-0.002688317735931946,0.14769703960015657,0.15999999999999803,0.17279507881583944,4091.9643544638966,0.09123809141641256,-0.07111111111111111,0.2364628988850442,45774
082,07,DELHI,NORTH WEST,0.0026635561267181833,0.1358861976162987,0.14769703960014866,0.16633602460592373,14638.892509454741,0.07494519855005366,-0.14173010380622836,0.2599000384467512,197251
671,07,DELHI,SHAHADRA,-8.60817385814403E-4,0.14769703960015665,0.15999999999999814,0.17279507881583955,4082.899442296015,0.09326813838471561,-0.08421376393694734,0.2364628988850442,44424
083,07,DELHI,SOUTH,-0.051733948481354076,0.11374086889657588,0.13588619761630666,0.15378700499807557,8371.44287032531,0.041407042667069745,-0.14173010380622836,0.2364628988850442,203572
084,07,DELHI,SOUTH WEST,-0.013840830449826952,0.11374086889657524,0.13016532103037137,0.14769703960015773,19139.0248227249,0.053194665881465875,-0.17937716262975778,0.28444444444444444,362148
085,07,DELHI,WEST,0.00265995372561409,0.15378700499808534,0.1663360246059246,0.17937716262975476,15856.081277937821,0.0948652444963161,-0.13588619761630144,0.24415224913494812,168657
670,07,DELHI,SOUTH EAST,-0.032541330257593204,0.13588619761630202,0.1476970396001553,0.16633602460592048,9002.82613184979,0.06985802287604313,-0.12456747404844293,0.2519646289888504,130060
551,30,GOA,NORTH GOA,-0.1998615916954888,-0.013001351546901126,0.05536332179930455,0.07535563244904586,-193998.92776835532,-0.09595484897490449,-0.3188927335640138,0.1929104190695886,2026943
552,30,GOA,SOUTH GOA,-0.19986159169549098,-0.025940334663876925,0.00963374981031566,0.059115724721264515,-216469.64594309853,-0.09566693138935065,-0.3014225297962323,0.19986159169550174,2268792
673,24,GUJARAT,MORBI,-0.14769703960017158,0.036901234986601486,0.06299115724721123,0.09356401384082638,-174673.51287440344,-0.028947429192211573,-0.3014225297962323,0.2519646289888504,6044416
438,24,GUJARAT,AHMADABAD,-0.1301653210303672,0.04822760476739389,0.0669896193771702,0.09356401384082663,-212233.98912351357,-0.024205432700047148,-0.24415224913494812,0.2599000384467512,8784863
440,24,GUJARAT,ANAND,-0.11374086889657449,0.06299115724723002,0.07535563244906807,0.09356401384082465,-33256.75438596171,-0.008672937141822134,-0.2364628988850442,0.2364628988850442,3842291
674,24,GUJARAT,DEVBHUMI DWARKA,-0.2288965782390979,-0.0017338149790828573,0.04158400615148095,0.08882737408688228,-464635.6085523991,-0.09270302519819504,-0.33685505574778934,0.22145328719723184,5023982
447,24,GUJARAT,JAMNAGAR,-0.14769703960016864,0.03690188432744555,0.05536332179930867,0.08882737408688782,-266480.83963446005,-0.03732290484091009,-0.28444444444444444,0.2761399461745483,7153837
449,24,GUJARAT,KACHCHH,-0.20693579392537526,0.04822760476738506,0.06698961937717438,0.09356401384086195,-2874412.383595391,-0.057960410972398686,-0.3188927335640138,0.29287197231833906,49630741
443,24,GUJARAT,BHAVNAGAR,-0.14173010380622372,0.0325413302575922,0.06299115724721126,0.09842368319877083,-317960.2255512158,-0.03915575218506713,-0.2519646289888504,0.24415224913494812,8129986
442,24,GUJARAT,BHARUCH,-0.12456747404846087,0.0753556324490655,0.09842368319875272,0.11374086889659374,-44595.04864823991,-0.007523752485148415,-0.22145328719723184,0.2519646289888504,5942322
459,24,GUJARAT,SURAT,-0.11909265667052552,0.07535563244905567,0.0984236831987569,0.1190926566705219,-6446.552362266392,-0.001241469722018228,-0.22145328719723184,0.2761399461745483,5202601
453,24,GUJARAT,NAVSARI,-0.14173010380621168,0.03844675124952121,0.06299115724721122,0.08882737408688851,-72406.2926250423,-0.02749027709298714,-0.2679584775086506,0.2288965782391388,2640202
462,24,GUJARAT,VALSAD,-0.17279507881584916,0.01574778931180282,0.05173394848135095,0.09356401384082608,-199585.7129844431,-0.05678988218073744,-0.2599000384467512,0.2288965782391388,3524114
672,24,GUJARAT,ARAVALLI,-0.13016532103036652,0.0271280276816625,0.05911572472126459,0.09356401384082574,-165477.63725928898,-0.04315219486277564,-0.2364628988850442,0.24415224913494812,3843076
441,24,GUJARAT,BANAS KANTHA,-0.17279507881584794,-0.025947726185425134,-0.005847861069995672,0.021048816231013883,-1098089.5956274613,-0.08331493027212049,-0.28444444444444444,0.22145328719723184,13197838
668,24,GUJARAT,CHHOTA UDEPUR,-0.14769703960016572,0.022206843521722572,0.05173394848135021,0.08882737408688633,-217016.94013225732,-0.05204758118357234,-0.2364628988850442,0.22145328719723184,4179280
445,24,GUJARAT,DAHOD,-0.1417301038062111,0.01993079584775277,0.04822760476739934,0.0842137639369465,-256700.20923340632,-0.0581725017296514,-0.2288965782391388,0.21413302575932336,4420485
444,24,GUJARAT,DANGS,-0.18608227604768746,-0.044844290657439716,-0.024605920799693145,0.004467476582320168,-211959.24628138752,-0.10046067343100173,-0.2679584775086506,0.17937716262975778,2115144
675,24,GUJARAT,GIR SOMNATH,-0.17279507881584885,0.016771556642880485,0.041584006151481105,0.07535563244905896,-175251.58326296965,-0.05543574628799298,-0.28444444444444444,0.2599000384467512,3168667
448,24,GUJARAT,JUNAGADH,-0.16000000000000908,0.03254133025758762,0.051733948481347485,0.07111111111111548,-344634.73593193444,-0.046778345011997395,-0.29287197231833906,0.24415224913494812,7380122
669,24,GUJARAT,MAHISAGAR,-0.12456747404845205,0.01777777777777819,0.06698961937716323,0.11374086889657381,-140392.57229161065,-0.04603418985471475,-0.2069357939254133,0.21413302575932336,3057162
452,24,GUJARAT,NARMADA,-0.147697039600165,0.0482276047673941,0.08421376393695232,0.11374086889657455,-146767.5841924663,-0.04332527275919858,-0.2519646289888504,0.2364628988850442,3395262
454,24,GUJARAT,PANCH MAHALS,-0.13016532103037695,0.010396001537870271,0.04158400615148102,0.09842368319877036,-205936.03261345607,-0.05182102476538777,-0.21413302575932336,0.2679584775086506,3982812
458,24,GUJARAT,SABAR KANTHA,-0.15378700499808481,8.986021016643293E-4,0.02712802768166013,0.0753556324490594,-312654.50462760933,-0.06040123450049589,-0.2761399461745483,0.22145328719723184,5187838
641,24,GUJARAT,TAPI,-0.14173010380624224,0.10340638216073036,0.12456747404846685,0.1358861976163208,-56664.821257387644,-0.015066174614021214,-0.2519646289888504,0.2519646289888504,3771978
461,24,GUJARAT,VADODARA,-0.10851211072664525,0.08421376393696604,0.09842368319874938,0.1190926566705211,-7790.961457022608,-0.0015780042047411173,-0.22145328719723184,0.24415224913494812,4946678
439,24,GUJARAT,AMRELI,-0.15378700499808615,0.044844290657448764,0.06299115724721818,0.08421376393695142,-269568.40645184275,-0.030720938062270907,-0.31009611687812383,0.24415224913494812,8788427
456,24,GUJARAT,PORBANDAR,-0.19291041906959738,0.0415840061514812,0.06698961937716698,0.08882737408688282,-184699.60928931017,-0.06643754016763417,-0.33685505574778934,0.2069357939254133,2788240
457,24,GUJARAT,RAJKOT,-0.1301653210303647,0.04158400615147563,0.059115724721260594,0.0842137639369489,-217099.89573358162,-0.023442499898017242,-0.2761399461745483,0.2364628988850442,9279397
460,24,GUJARAT,SURENDRANAGAR,-0.16000000000000203,0.036909031769190054,0.0553633217993038,0.08421376393694592,-456144.77452084626,-0.0410648892565558,-0.28444444444444444,0.2679584775086506,11127032
676,24,GUJARAT,BOTAD,-0.13016532103037348,0.027128027681661213,0.04822760476739601,0.0711111111111129,-98532.90732424878,-0.03297575998530595,-0.2288965782391388,0.19986159169550174,2995174
450,24,GUJARAT,KHEDA,-0.13016532103036244,0.024605920799692885,0.04158400615148118,0.07111111111111072,-141945.4682035982,-0.034048859551368486,-0.2288965782391388,0.2519646289888504,4177913
451,24,GUJARAT,MAHESANA,-0.15378700499806824,-0.021143594995249756,0.0016645928696327177,0.029773164167628326,-390117.7128192102,-0.07249028449737792,-0.28444444444444444,0.2364628988850442,5393193
446,24,GUJARAT,GANDHINAGAR,-0.14173010380624276,-0.008858131487889847,0.015747789311802842,0.0517339484813545,-160532.4252306929,-0.06282976150937389,-0.22145328719723184,0.2288965782391388,2563098
455,24,GUJARAT,PATAN,-0.17279507881584966,-0.0017508843040464868,0.016758372764948248,0.036864363803241616,-451843.1937558481,-0.06403817809179684,-0.2519646289888504,0.2599000384467512,7069966
058,06,HARYANA,AMBALA,-0.013840830449826655,0.07111111111111938,0.08882737408689362,0.11374086889657496,81780.90718504567,0.04181988596206964,-0.13588619761630144,0.28444444444444444,1963507
059,06,HARYANA,BHIWANI,-0.04158400615148105,0.05911572472127286,0.07535563244905527,0.10851211072664341,105693.21089402749,0.025242579176938354,-0.14769703960015382,0.2761399461745483,4194676
060,06,HARYANA,FARIDABAD,-0.03844675124951898,0.09842368319877927,0.11909265667052045,0.14173010380623927,35172.733658795296,0.03733428277796723,-0.14769703960015382,0.28444444444444444,945230
061,06,HARYANA,FATEHABAD,-0.0068005906790293835,0.06698961937717539,0.07972318339101417,0.10340638216070537,131897.02398841068,0.040708292261679595,-0.13016532103037293,0.24415224913494812,3246738
062,06,HARYANA,GURUGRAM,-0.035432525951558165,0.09356401384082175,0.1190926566705174,0.14173010380623918,59995.854216127766,0.03787696035074428,-0.17279507881584008,0.3014225297962323,1589083
063,06,HARYANA,HISAR,-0.029773164167627177,0.07111111111110918,0.08882737408688388,0.11909265667051401,215843.2981619599,0.04146451768061859,-0.15378700499807765,0.34602076124567477,5213950
064,06,HARYANA,JHAJJAR,-0.004465262716732596,0.07972318339101671,0.10340638216071037,0.13016532103036604,107950.49759490776,0.04571675849489047,-0.17937716262975778,0.3188927335640138,2367667
065,06,HARYANA,JIND,-8.964952114004115E-4,0.06299115724722576,0.07972318339101049,0.10851211072664295,131098.25179291662,0.03750355537974193,-0.11374086889657825,0.2599000384467512,3503951
066,06,HARYANA,KAITHAL,-0.004461511449564388,0.05911572472125057,0.07972318339100855,0.10851211072664026,98284.01329464807,0.033632026302982294,-0.15378700499807765,0.24415224913494812,2929802
067,06,HARYANA,KARNAL,-8.934754949647518E-4,0.06698961937717336,0.0842137639369496,0.11374086889657613,131794.17992699717,0.04145068991427415,-0.17279507881584008,0.28444444444444444,3186602
068,06,HARYANA,KURUKSHETRA,0.0045147327127735715,0.07111111111111969,0.09356401384082329,0.11909265667051096,99904.30872315717,0.04627946005916611,-0.17937716262975778,0.3014225297962323,2164099
069,06,HARYANA,MAHENDRAGARH,-0.05911572472126418,0.04484429065744002,0.07111111111111179,0.1085121107266475,20967.03822015887,0.008567150047168433,-0.2288965782391388,0.2599000384467512,2455293
604,06,HARYANA,MEWAT,-0.04822760476739673,0.07972318339101284,0.10340638216070484,0.12456747404843876,54380.173814041,0.028419795347140606,-0.2069357939254133,0.2761399461745483,1920287
619,06,HARYANA,PALWAL,-0.015747789311802842,0.06698961937716758,0.09356401384082466,0.11909265667050833,55025.84324474365,0.03202128001150401,-0.17279507881584008,0.2761399461745483,1723336
070,06,HARYANA,PANCHKULA,-0.1476970396001532,0.05536332179930631,0.07111111111111425,0.09842368319877169,-7750.659936706208,-0.006789855146940292,-0.24415224913494812,0.2519646289888504,1145979
071,06,HARYANA,PANIPAT,-0.013840830449826806,0.07535563244905476,0.10340638216070433,0.13016532103036818,61081.94921864653,0.0366529230492347,-0.15378700499807765,0.3188927335640138,1670732
072,06,HARYANA,REWARI,-0.027128027681660175,0.06299115724721117,0.098423683198767,0.12456747404843949,44191.544025994044,0.022474344681438243,-0.1929104190695886,0.29287197231833906,1972079
073,06,HARYANA,ROHTAK,-0.004465736464545849,0.07972318339101538,0.09842368319876993,0.12456747404844509,97670.93083043337,0.04594538375164326,-0.14173010380622836,0.2761399461745483,2130843
074,06,HARYANA,SIRSA,-0.019930795847751478,0.059115724721255584,0.07535563244904721,0.10340638216070534,164231.65126151044,0.029973897518157325,-0.14769703960015382,0.2599000384467512,5487960
075,06,HARYANA,SONIPAT,-0.012056901191848983,0.07111111111111885,0.09356401384082418,0.11909265667050833,107082.45019134883,0.03850920132330839,-0.16000000000000003,0.2679584775086506,2786505
076,06,HARYANA,YAMUNANAGAR,-0.06299115724721148,0.0842137639369618,0.10340638216072046,0.11909265667051046,88710.62502545513,0.03996001481432354,-0.2069357939254133,0.29287197231833906,2225647
701,06,HARYANA,CHARKHI DADRI,-0.01993079584775131,0.06299115724721627,0.0842137639369426,0.11909265667050946,51113.27758061116,0.029097622432295904,-0.1929104190695886,0.2599000384467512,1761774
015,02,HIMACHAL PRADESH,BILASPUR,-0.1663360246059243,0.07972318339101397,0.09842368319876867,0.12456747404843843,-17465.26960905962,-0.011475701563599745,-0.2679584775086506,0.24415224913494812,1527049
016,02,HIMACHAL PRADESH,CHAMBA,-0.22889657823912965,0.0842137639369557,0.10851211072665286,0.1301653210303657,-433820.86451317463,-0.05031095723511373,-0.3553094963475586,0.24415224913494812,8634536
017,02,HIMACHAL PRADESH,HAMIRPUR,-0.14769703960015776,0.05536332179930623,0.07535563244905258,0.09356401384082647,-25473.67676419791,-0.01744066364494193,-0.2599000384467512,0.2069357939254133,1464411
018,02,HIMACHAL PRADESH,KANGRA,-0.2214532871972203,0.07972318339101607,0.09842368319875508,0.11909265667052255,-104313.24946541419,-0.013809480969462828,-0.36472126105344094,0.2599000384467512,7565612
020,02,HIMACHAL PRADESH,KULLU,-0.23646289888503083,0.0711111111111189,0.09356401384082416,0.11374086889657378,-421152.93009991717,-0.058472337120907304,-0.34602076124567477,0.2069357939254133,7211360
022,02,HIMACHAL PRADESH,MANDI,-0.22889657823913542,0.05911572472126072,0.08421376393694893,0.10340638216070487,-319958.1104729994,-0.061881375085858455,-0.3553094963475586,0.2364628988850442,5177402
023,02,HIMACHAL PRADESH,SHIMLA,-0.228896578239138,0.0797231833910134,0.10340638216071706,0.12456747404844577,-382256.9479298796,-0.0572383660590881,-0.3553094963475586,0.22145328719723184,6689722
024,02,HIMACHAL PRADESH,SIRMAUR,-0.21413302575932344,0.06299115724721117,0.08882737408688407,0.10851211072663965,-184509.18537560597,-0.05036639159293099,-0.3188927335640138,0.24415224913494812,3670428
025,02,HIMACHAL PRADESH,SOLAN,-0.2069357939254006,0.06299115724721116,0.0842137639369476,0.10340638216070448,-104496.31577969214,-0.04149281951906102,-0.3014225297962323,0.2364628988850442,2524974
026,02,HIMACHAL PRADESH,UNA,-0.10851211072664259,0.0797231833910143,0.09356401384082272,0.1137408688965749,24393.769571968085,0.012090657924957435,-0.2288965782391388,0.24415224913494812,2022495
019,02,HIMACHAL PRADESH,KINNAUR,-0.18608227604769656,0.09842368319876538,0.12456747404846118,0.14769703960016722,-202118.08654855465,-0.02375464298611069,-0.3278123798539023,0.2761399461745483,8518904
021,02,HIMACHAL PRADESH,LAHUL & SPITI,-0.17937716262978268,0.07972318339101696,0.09842368319876792,0.1190926566705166,-468489.1734077359,-0.02541186291347124,-0.3014225297962323,0.2288965782391388,18455211
,01,JAMMU & KASHMIR,MIRPUR,-0.07111111111111248,0.1476970396001731,0.17279507881585035,0.19986159169548903,330682.0069644705,0.06849143473599137,-0.24415224913494812,0.31009611687812383,4837249
,01,JAMMU & KASHMIR,MUZAFFARABAD,-0.1998615916954889,0.130165321030358,0.15378700499808695,0.18608227604770647,-53725.34881108343,-0.008270666492505461,-0.33685505574778934,0.29287197231833906,6508506
010,01,JAMMU & KASHMIR,PUNCH,-0.16633602460592492,0.15378700499807463,0.1793771626297902,0.20693579392539574,157728.13753326325,0.027711466807458757,-0.3014225297962323,0.3188927335640138,5700333
001,01,JAMMU & KASHMIR,ANANTNAG,-0.1860822760476821,0.11909265667052434,0.14173010380622444,0.1663360246059247,51597.966250213205,0.01410080447060444,-0.29287197231833906,0.29287197231833906,3666744
003,01,JAMMU & KASHMIR,BARAMULA,-0.1929104190695903,0.1358861976163318,0.1600000000000067,0.186082276047693,76507.64907237313,0.027545914057384595,-0.33685505574778934,0.29287197231833906,2783290
007,01,JAMMU & KASHMIR,KATHUA,-0.1998615916954864,0.10340638216072781,0.12456747404845891,0.14769703960016148,31623.029641360084,0.009558834307417123,-0.33685505574778934,0.2519646289888504,3314635
014,01,JAMMU & KASHMIR,UDHAMPUR,-0.17279507881584885,0.1358861976163318,0.16000000000002437,0.17937716262977732,78696.87412202361,0.025995046242250117,-0.34602076124567477,0.3014225297962323,3033474
002,01,JAMMU & KASHMIR,BADGAM,-0.13588619761630583,0.1034063821607242,0.12456747404845624,0.1476970396001595,41351.99528382991,0.024633760713534462,-0.2599000384467512,0.2519646289888504,1682823
623,01,JAMMU & KASHMIR,BANDIPURA,-0.19291041906959036,0.10851211072666211,0.12456747404846634,0.14173010380622855,-53329.23236022165,-0.009743464438263192,-0.31009611687812383,0.28444444444444444,5482179
626,01,JAMMU & KASHMIR,GANDERBAL,-0.19986159169549275,0.11374086889658469,0.13588619761631185,0.1663360246059249,-11066.029286222947,-0.005064066886966359,-0.31009611687812383,0.2761399461745483,2192068
622,01,JAMMU & KASHMIR,KULGAM,-0.1663360246059245,0.11909265667052474,0.1417301038062206,0.17279507881584882,39859.14758577109,0.023541611861074705,-0.2761399461745483,0.2761399461745483,1698369
008,01,JAMMU & KASHMIR,KUPWARA,-0.19291041906957485,0.1245674740484657,0.14769703960016856,0.172795078815849,24134.46341265152,0.00650259039937308,-0.3188927335640138,0.31009611687812383,3717596
011,01,JAMMU & KASHMIR,PULWAMA,-0.1537870049980779,0.13016532103035047,0.14769703960016556,0.1663360246059247,58439.34896833252,0.04851729074363853,-0.3014225297962323,0.28444444444444444,1208381
012,01,JAMMU & KASHMIR,RAJAURI,-0.1417301038062382,0.1537870049980388,0.17279507881585077,0.19291041906958728,196664.19701853243,0.055956319245427745,-0.28444444444444444,0.28444444444444444,3521026
621,01,JAMMU & KASHMIR,RAMBAN,-0.19986159169548934,0.13588619761631984,0.1600000000000136,0.18608227604769298,-5939.053641331858,-0.003455547046435,-0.3278123798539023,0.31009611687812383,1722238
627,01,JAMMU & KASHMIR,RIASI,-0.19291041906958364,0.1245674740484657,0.14769703960016786,0.16633602460592495,9407.058319578942,0.003652030262191746,-0.3278123798539023,0.2679584775086506,2582725
625,01,JAMMU & KASHMIR,SHUPIYAN,-0.0935640138408297,0.16633602460589733,0.18608227604771077,0.19986159169548526,52136.40117738461,0.07694330813486842,-0.2364628988850442,0.2761399461745483,681043
013,01,JAMMU & KASHMIR,SRINAGAR,-0.02977316416762776,0.14769703960016473,0.1663360246059244,0.18608227604767144,33084.55953742031,0.08738337406904548,-0.22145328719723184,0.2761399461745483,381957
620,01,JAMMU & KASHMIR,KISHTWAR,-0.20693579392538922,0.08882737408688157,0.10851211072665372,0.13016532103036615,-346196.9596440792,-0.03167355709701585,-0.3188927335640138,0.2761399461745483,10942149
004,01,JAMMU & KASHMIR,DODA,-0.19986159169548973,0.11374086889658394,0.1476970396001681,0.17937716262977152,-56565.57382772312,-0.017652420268924655,-0.3188927335640138,0.29287197231833906,3210495
624,01,JAMMU & KASHMIR,SAMBA,-0.06698961937716384,0.11374086889658748,0.13016532103037537,0.15378700499807857,69258.80826140716,0.05641520517491708,-0.19986159169550174,0.2761399461745483,1231705
005,01,JAMMU & KASHMIR,JAMMU,-0.06299115724721141,0.13588619761634047,0.15378700499806056,0.1793771626297809,217067.20721201654,0.06789389345596779,-0.2069357939254133,0.28444444444444444,3204791
322,20,JHARKHAND,BOKARO,-0.10340638216070598,0.05536332179930198,0.07972318339101167,0.1034063821607072,-51402.66251239206,-0.014645910933759176,-0.19986159169550174,0.29287197231833906,3518062
323,20,JHARKHAND,CHATRA,-0.12456747404845783,0.03543252595155739,0.051733948481347915,0.06698961937716623,-120598.50412521628,-0.025902388725487495,-0.22145328719723184,0.2364628988850442,4666877
325,20,JHARKHAND,DHANBAD,-0.09842368319877355,0.06299115724721116,0.08882737408688768,0.11909265667050943,-22913.27652117394,-0.009215300614814946,-0.21413302575932336,0.28444444444444444,2490976
324,20,JHARKHAND,DEOGHAR,-0.14769703960016772,-0.03254133025759315,-0.006843062844091988,0.0246059207996926,-259708.97970739868,-0.08529952686637741,-0.2288965782391388,0.1929104190695886,3050828
326,20,JHARKHAND,DUMKA,-0.15378700499807915,-0.04158400615148127,-0.015747789311802842,0.022206843521722416,-417406.95138355176,-0.0906282985190374,-0.24415224913494812,0.22145328719723184,4613615
328,20,JHARKHAND,GARHWA,-0.09356401384082254,0.04158400615147956,0.05536332179930416,0.07535563244905326,-54731.885687430455,-0.010912166605088692,-0.22145328719723184,0.2679584775086506,5023969
329,20,JHARKHAND,GIRIDIH,-0.13016532103035525,0.009653870182664356,0.02977316416762779,0.05536332179930836,-358776.17222520645,-0.059023473012056876,-0.2364628988850442,0.28444444444444444,6087886
330,20,JHARKHAND,GODDA,-0.14769703960017036,0.005722702843275407,0.02103574550672368,0.04484429065743803,-144261.1297725382,-0.05137591833736195,-0.2599000384467512,0.24415224913494812,2814180
331,20,JHARKHAND,GUMLA,-0.14173010380625362,0.017777777777779103,0.03844675124952126,0.059115724721263814,-362901.4267829789,-0.05578761192384084,-0.22145328719723184,0.16000000000000003,6516036
332,20,JHARKHAND,HAZARIBAGH,-0.1358861976163236,0.029773164167629356,0.048227604767395564,0.06698961937716359,-220641.56644466662,-0.04161530636435279,-0.22145328719723184,0.2761399461745483,5315097
333,20,JHARKHAND,JAMTARA,-0.14769703960016545,-0.03254133025759422,-0.006840403228420245,0.03844675124951892,-186999.59778898727,-0.08469130577146368,-0.2288965782391388,0.1929104190695886,2214404
606,20,JHARKHAND,KHUNTI,-0.13588619761633483,0.01777777777777914,0.03543252595155962,0.055363321799307974,-148816.07826613385,-0.04655218061909996,-0.2364628988850442,0.1929104190695886,3204257
334,20,JHARKHAND,KODARMA,-0.12456747404845833,0.03543252595155357,0.04822760476739832,0.06698961937716168,-62938.098185493305,-0.03131648255830675,-0.2069357939254133,0.28444444444444444,2016064
335,20,JHARKHAND,LATEHAR,-0.11374086889658372,0.04484429065745125,0.05911572472125546,0.07535563244905542,-74088.13507807719,-0.014323877780684821,-0.1929104190695886,0.2364628988850442,5182155
336,20,JHARKHAND,LOHARDAGA,-0.135886197616326,0.03254133025759452,0.0517339484813497,0.07111111111111411,-92205.79006328812,-0.05029486427912952,-0.22145328719723184,0.15378700499807765,1838361
337,20,JHARKHAND,PAKUR,-0.14173010380624085,-0.024605920799691344,-0.0044955585644103745,0.019930795847751134,-167044.6958576113,-0.07559418674076375,-0.2599000384467512,0.17279507881584008,2216228
338,20,JHARKHAND,PALAMU,-0.08421376393694671,0.04484429065744959,0.06299115724721116,0.0842137639369488,-23239.695648168137,-0.004297432857990688,-0.2069357939254133,0.2679584775086506,5416996
343,20,JHARKHAND,WEST SINGHBHUM,-0.13016532103037007,0.02584825498003445,0.044844290657442276,0.07111111111111444,-314993.41404267127,-0.036107259168948205,-0.2519646289888504,0.2599000384467512,8734513
327,20,JHARKHAND,EAST SINGHBHUM,-0.11909265667051702,0.02585500990994717,0.05173394848134925,0.08421376393694617,-162210.9797008454,-0.0377371129956497,-0.24415224913494812,0.31009611687812383,4306723
607,20,JHARKHAND,RAMGARH,-0.10340638216070559,0.05911572472125926,0.08421376393694516,0.11374086889657628,-19566.61577342437,-0.011519195942617232,-0.1929104190695886,0.31009611687812383,1705200
339,20,JHARKHAND,RANCHI,-0.13588619761631998,0.022206843521721486,0.04484429065743999,0.07111111111111434,-293442.503141316,-0.04841871096549123,-0.24415224913494812,0.24415224913494812,6072574
340,20,JHARKHAND,SAHIBGANJ,-0.13016532103037706,0.02460592079969136,0.05173394848134912,0.06698961937716572,-118389.10539438401,-0.04387200561276187,-0.24415224913494812,0.2069357939254133,2704649
341,20,JHARKHAND,SARAIKELA-KHARSAWAN,-0.09842368319877255,0.051733948481347394,0.07535563244904923,0.0984236831987668,-57504.49876899236,-0.01785041803929263,-0.2069357939254133,0.29287197231833906,3228630
342,20,JHARKHAND,SIMDEGA,-0.11909265667052682,0.012056901191848747,0.02460592079969262,0.04158400615148101,-173177.19677059696,-0.03791068160893851,-0.1929104190695886,0.16633602460592078,4575865
524,29,KARNATAKA,BAGALKOT,-0.1793771626298145,0.029773164167630258,0.05911572472126035,0.07972318339101299,-474172.3850345259,-0.062181860850969314,-0.2761399461745483,0.22145328719723184,7637876
528,29,KARNATAKA,BALLARI,-0.1998615916954834,-0.025936264753574603,-0.00174726090873369,0.032541330257592156,-1006339.2689482893,-0.10272184318390212,-0.29287197231833906,0.24415224913494812,9811668
527,29,KARNATAKA,BELAGAVI,-0.14769703960017028,0.036916896831896716,0.055363321799303124,0.0797231833910117,-617786.319242184,-0.03953268928135837,-0.31009611687812383,0.24415224913494812,15647841
526,29,KARNATAKA,BENGALURU RURAL,-0.17937716262976344,-0.038446751249521086,-0.013840830449826735,0.017777777777777587,-266525.42899459624,-0.10100547221632865,-0.2761399461745483,0.2069357939254133,2647699
525,29,KARNATAKA,BENGALURU URBAN,-0.1727950788158497,0.029773164167630036,0.05173394848134708,0.07111111111111645,-161085.2575041939,-0.06394454576600678,-0.2679584775086506,0.17279507881584008,2525378
529,29,KARNATAKA,BIDAR,-0.12456747404846076,-0.013840830449826034,0.0026347599979335535,0.03254133025759363,-363327.16248188977,-0.05678347598260901,-0.2519646289888504,0.16000000000000003,6408943
531,29,KARNATAKA,CHAMARAJANAGAR,-0.1929104190695697,-0.009672651743943862,0.02106125597858767,0.05911572472126341,-578757.4065729656,-0.0896725542076143,-0.3188927335640138,0.19986159169550174,6464990
630,29,KARNATAKA,CHIK BALLAPUR,-0.1929104190695712,-0.04158400615148052,-0.013840830449827252,0.019930795847751228,-526798.9922607484,-0.10795429961145811,-0.28444444444444444,0.17937716262975778,4888990
532,29,KARNATAKA,CHIKKAMAGALURU,-0.1929104190695956,-0.006840395970971428,0.01574778931180282,0.04158400615148109,-660811.1325283259,-0.07981817530199117,-0.33685505574778934,0.13016532103037293,8290158
533,29,KARNATAKA,CHITRADURGA,-0.206935793925377,-0.019930795847753476,0.00448540504842034,0.03844675124951987,-1035624.8056458718,-0.10649381430447352,-0.28444444444444444,0.2069357939254133,9737571
534,29,KARNATAKA,DAKSHINA KANNADA,-0.23646289888505548,-0.07535563244904994,-0.04822760476739389,-0.009683568575768048,-734651.1590029907,-0.13189513288312257,-0.3553094963475586,0.186082276047674,5579048
535,29,KARNATAKA,DAVANGERE,-0.19986159169548667,-0.03254133025759139,-0.013840830449827396,0.010396001537870169,-691485.2049112943,-0.10115493283667572,-0.2761399461745483,0.13016532103037293,6847089
536,29,KARNATAKA,DHARWAD,-0.1663360246059088,-0.006841757549097904,0.006803267518833614,0.019930795847750853,-331477.7832980855,-0.06715258752879814,-0.29287197231833906,0.16633602460592078,4944779
537,29,KARNATAKA,GADAG,-0.199861591695485,-0.041584006151465736,-0.027128027681663756,-0.008858131487889455,-548240.5166783526,-0.1015320618431039,-0.31009611687812383,0.13016532103037293,5409858
539,29,KARNATAKA,HASSAN,-0.17279507881584968,0.01384083044982699,0.038446751249521405,0.06299115724721124,-523658.66512981756,-0.06699259464985474,-0.31009611687812383,0.16000000000000003,7828705
540,29,KARNATAKA,HAVERI,-0.18608227604770872,-0.04484429065744725,-0.0297731641676284,-0.008858131487889116,-585297.4672879623,-0.10500470435157948,-0.2761399461745483,0.13588619761630144,5582700
538,29,KARNATAKA,KALABURAGI,-0.15378700499804857,-0.019930795847753445,-0.004501877744246398,0.019930795847750957,-853135.7928589341,-0.06655456746751816,-0.2599000384467512,0.21413302575932336,12835141
541,29,KARNATAKA,KODAGU,-0.2141330257593088,-0.012056901191849365,0.004483797059859547,0.022206843521722412,-349217.2494349963,-0.07437927184403993,-0.33685505574778934,0.13016532103037293,4703960
542,29,KARNATAKA,KOLAR,-0.1929104190695749,-0.02460592079969249,8.936373395963525E-4,0.03254133025759298,-441570.69877028366,-0.09667791886735781,-0.28444444444444444,0.17279507881584008,4576751
543,29,KARNATAKA,KOPPAL,-0.2141330257592447,-0.06299115724721209,-0.03705015311879187,0.012957667468774097,-843416.2263162176,-0.13053914603623723,-0.29287197231833906,0.2364628988850442,6471180
544,29,KARNATAKA,MANDYA,-0.17937716262977932,8.998866229929376E-4,0.027128027681660446,0.05536332179930839,-425205.44528546755,-0.07479059372556991,-0.29287197231833906,0.19986159169550174,5695228
545,29,KARNATAKA,MYSURU,-0.19291041906959688,-0.02220684352172096,0.004481073452499827,0.03543252595155725,-662214.3584146373,-0.09178130114962767,-0.28444444444444444,0.17279507881584008,7227650
546,29,KARNATAKA,RAICHUR,-0.20693579392538394,-0.05536332179931275,-0.038446751249519816,-0.01039600153787016,-1131049.0923364193,-0.11519120665345078,-0.2761399461745483,0.21413302575932336,9829398
631,29,KARNATAKA,RAMANAGARAM,-0.1860822760476995,-0.029773164167629127,-9.238866652672831E-4,0.02712802768166168,-401984.46945998055,-0.09986241427475918,-0.2679584775086506,0.17279507881584008,4034113
547,29,KARNATAKA,SHIVAMOGGA,-0.1860822760477035,-0.01681790659233534,0.005715731818349466,0.051733948481351724,-822332.5500318918,-0.08418441633540952,-0.3014225297962323,0.19986159169550174,9782492
548,29,KARNATAKA,TUMAKURU,-0.20693579392538172,0.005764756082300317,0.0369431674002052,0.06299115724721123,-1155304.2168362578,-0.09481940037784817,-0.29287197231833906,0.2364628988850442,12204538
549,29,KARNATAKA,UDUPI,-0.21413302575933232,-0.06299115724721117,-0.03254133025759273,0.009640842403758787,-511051.2107935594,-0.12409782196560852,-0.33685505574778934,0.1929104190695886,4125180
550,29,KARNATAKA,UTTARA KANNADA,-0.19291041906960701,-0.00967671298439058,0.012947509292114065,0.0482276047673952,-908413.2977134234,-0.07647551103876239,-0.3188927335640138,0.186082276047674,11893283
530,29,KARNATAKA,VIJAYAPURA,-0.1476970396001684,-0.01039600153787031,0.01205690119184866,0.04822760476739522,-782757.3003075033,-0.06390354456451858,-0.2519646289888504,0.2069357939254133,12262243
635,29,KARNATAKA,YADGIR,-0.21413302575925153,-0.051733948481346305,-0.029773164167627916,-0.004512245559660496,-780831.3778280042,-0.12696451822794516,-0.31009611687812383,0.17279507881584008,6160245
554,32,KERALA,ALAPPUZHA,-0.16000000000000497,0.04158400615148116,0.05911572472126403,0.0753556324490587,-67903.25059895702,-0.04216751693071342,-0.31009611687812383,0.17937716262975778,1615612
555,32,KERALA,ERNAKULAM,-0.25990003844675996,-0.005819561638690674,0.04158400615148113,0.06698961937716749,-375381.7705696237,-0.10800847676828533,-0.36472126105344094,0.1929104190695886,3482949
556,32,KERALA,IDUKKI,-0.2441522491349337,0.016770274631574596,0.04484429065744094,0.07111111111111641,-413966.43361886457,-0.08371686224464382,-0.34602076124567477,0.2069357939254133,4955513
557,32,KERALA,KANNUR,-0.24415224913493344,-0.025925577578854622,-0.005846153773610573,0.04158400615148046,-363000.4138123568,-0.10704540285272965,-0.33685505574778934,0.17279507881584008,3397343
558,32,KERALA,KASARAGOD,-0.2599000384467688,-0.05536332179931025,-0.021145274745476436,0.016775225065392182,-318137.98830808396,-0.13942728692385964,-0.34602076124567477,0.186082276047674,2288384
559,32,KERALA,KOLLAM,-0.2599000384467823,-0.02113061268073949,0.021089367663464146,0.05911572472126447,-330628.6760767538,-0.11757118467084418,-0.36472126105344094,0.17937716262975778,2818601
560,32,KERALA,KOTTAYAM,-0.2599000384467774,-0.025924631142698443,0.013005490930307813,0.03692224282566293,-295475.4885613157,-0.11811444210177262,-0.36472126105344094,0.1929104190695886,2507427
561,32,KERALA,KOZHIKODE,-0.21413302575932855,0.005734064280174306,0.02582811429314252,0.05173394848135406,-167290.77773443627,-0.06244715775467562,-0.3278123798539023,0.2069357939254133,2684454
562,32,KERALA,MALAPPURAM,-0.22145328719722351,8.963432724773389E-4,0.019930795847752338,0.041584006151481015,-317907.37187348,-0.0784823197065985,-0.3278123798539023,0.16000000000000003,4058183
563,32,KERALA,PALAKKAD,-0.23646289888504798,-0.012993368911108747,0.009641163956739585,0.03687730603731377,-501060.97004215216,-0.09819997251807404,-0.3839138792772011,0.21413302575932336,5112539
564,32,KERALA,PATTANAMTHITTA,-0.27613994617454585,-0.02111221272480814,0.009644796628300714,0.036891564988507056,-373447.4065135538,-0.12432879065158378,-0.36472126105344094,0.186082276047674,3011006
565,32,KERALA,THIRUVANANTHAPURAM,-0.25196462898884475,-0.021121886814158216,0.0016892996870110362,0.03254133025759364,-274480.6241551284,-0.11066250865671676,-0.3553094963475586,0.16000000000000003,2485730
566,32,KERALA,TRISSUR,-0.27613994617453036,-0.005823241742624281,0.016761587511006905,0.044844290657438626,-357688.3312803337,-0.10380160840137953,-0.39369473279507883,0.17937716262975778,3453173
567,32,KERALA,WAYANAD,-0.19291041906957462,-0.013840830449826836,0.002640624258913644,0.022206843521722353,-182854.64575189532,-0.07514476195301403,-0.3188927335640138,0.17937716262975778,2438701
009,37,LADAKH,LEH,-0.16000000000001163,0.10851211072666271,0.13016532103034983,0.15378700499806905,525291.4188933991,0.0025068425267302788,-0.31009611687812383,0.3839138792772011,209611635
006,37,LADAKH,KARGIL,-0.17279507881585013,0.07972318339101683,0.10340638216072205,0.11909265667051742,-498583.64702912985,-0.026150456246889046,-0.2761399461745483,0.2679584775086506,19084969
553,31,LAKSHADWEEP,LAKSHADWEEP,-0.16633602460592065,0.038446751249519386,0.048227604767397146,0.05911572472126104,-2075.561706794495,-0.06589663147933886,-0.2519646289888504,0.08882737408688965,33702
667,23,MADHYA PRADESH,AGAR MALWA,-0.029773164167627136,0.13016532103033854,0.14769703960017397,0.1600000000000092,227115.774957135,0.06813048507239407,-0.17937716262975778,0.2599000384467512,3340865
639,23,MADHYA PRADESH,ALIRAJPUR,-0.14769703960016847,0.013840830449826499,0.03844675124952104,0.0797231833910046,-235194.0458315608,-0.05847781060220092,-0.22145328719723184,0.21413302575932336,4031207
390,23,MADHYA PRADESH,ANUPPUR,-0.11909265667052273,0.05536332179930455,0.07535563244905365,0.09356401384082476,-54741.66995383167,-0.0119573222322943,-0.2069357939254133,0.24415224913494812,4589056
391,23,MADHYA PRADESH,ASHOKNAGAR,-0.07111111111111908,0.10340638216073844,0.11374086889657967,0.1301653210303606,272688.8080850957,0.0469000698638286,-0.16633602460592078,0.2599000384467512,5822740
392,23,MADHYA PRADESH,BALAGHAT,-0.10851211072665005,0.03844675124951035,0.05173394848134681,0.0669896193771659,-139413.16402835096,-0.012527939487824042,-0.2069357939254133,0.21413302575932336,11141974
393,23,MADHYA PRADESH,BARWANI,-0.08882737408688629,0.08421376393696056,0.10340638216072454,0.13016532103036843,104674.82807958595,0.01603603749767509,-0.2069357939254133,0.28444444444444444,6536978
394,23,MADHYA PRADESH,BETUL,-0.08421376393694724,0.05536332179931602,0.07111111111111883,0.09356401384082419,16906.683115687658,0.0013976739957087753,-0.21413302575932336,0.24415224913494812,12110448
395,23,MADHYA PRADESH,BHIND,-0.01777777777777778,0.0797231833909932,0.08882737408687352,0.10340638216071607,254708.78168087165,0.04581185443028239,-0.13588619761630144,0.29287197231833906,5571431
396,23,MADHYA PRADESH,BHOPAL,-0.04822760476739457,0.10340638216073925,0.1190926566705297,0.1301653210303748,183350.4587404054,0.05445294808490971,-0.15378700499807765,0.2599000384467512,3374356
397,23,MADHYA PRADESH,BURHANPUR,-0.07111111111111577,0.07535563244906451,0.09842368319875104,0.11909265667052307,31801.136240622407,0.008223119481581071,-0.17279507881584008,0.2288965782391388,3873783
398,23,MADHYA PRADESH,CHHATARPUR,-0.09356401384082791,0.06299115724722396,0.0797231833910148,0.09842368319877245,61789.06044525759,0.005792350929362241,-0.1929104190695886,0.31009611687812383,10687142
399,23,MADHYA PRADESH,CHHINDWARA,-0.0797231833910127,0.0669896193771746,0.08421376393696679,0.10340638216073265,94320.2797364472,0.006625771781086318,-0.1929104190695886,0.22145328719723184,14251129
400,23,MADHYA PRADESH,DAMOH,-0.1137408688965765,0.07972318339097187,0.09356401384086406,0.10851211072665877,-31990.142322483312,-0.003590237298119158,-0.21413302575932336,0.24415224913494812,8922849
401,23,MADHYA PRADESH,DATIA,-0.03254133025759294,0.09842368319873766,0.10851211072666211,0.12456747404845682,186231.29129066766,0.05593441838714717,-0.17279507881584008,0.2761399461745483,3340498
402,23,MADHYA PRADESH,DEWAS,-0.04822760476739972,0.10851211072666536,0.12456747404847024,0.14173010380624074,402481.73167931114,0.04740324100764349,-0.16633602460592078,0.24415224913494812,8505726
403,23,MADHYA PRADESH,DHAR,-0.08421376393695863,0.11909265667053383,0.1358861976163346,0.1537870049980869,463989.1317856652,0.04707764392194758,-0.19986159169550174,0.2761399461745483,9867234
404,23,MADHYA PRADESH,DINDORI,-0.059115724721263724,0.07535563244906139,0.08882737408688691,0.10340638216070898,195534.12939236598,0.028083594475671717,-0.17937716262975778,0.24415224913494812,6974940
405,23,MADHYA PRADESH,EAST NIMAR,-0.048227604767393684,0.11909265667053336,0.13588619761632634,0.14769703960017444,402173.57679865655,0.04473259585999064,-0.16000000000000003,0.2679584775086506,9002549
406,23,MADHYA PRADESH,GUNA,-0.07111111111111809,0.10340638216073869,0.11909265667053019,0.13588619761632095,297400.09900923993,0.03798663492979029,-0.17937716262975778,0.2519646289888504,7842335
407,23,MADHYA PRADESH,GWALIOR,-0.07535563244905086,0.07535563244903379,0.08882737408686836,0.11374086889657502,141352.73250906123,0.02494553937778559,-0.16000000000000003,0.2761399461745483,5674029
408,23,MADHYA PRADESH,HARDA,-0.055363321799305226,0.1137408688965547,0.12456747404847304,0.13588619761632026,196474.54571657974,0.048756860808749095,-0.15378700499807765,0.2288965782391388,4035848
409,23,MADHYA PRADESH,HOSHANGABAD,-0.07111111111111457,0.08882737408689922,0.1034063821607373,0.11374086889660873,279825.3522950644,0.034614205149224336,-0.19986159169550174,0.2519646289888504,8095645
410,23,MADHYA PRADESH,INDORE,-0.05173394848135051,0.11374086889657162,0.12456747404847254,0.14173010380623416,276777.3947661913,0.05852217255358342,-0.19986159169550174,0.2761399461745483,4738802
411,23,MADHYA PRADESH,JABALPUR,-0.02712802768166139,0.09842368319874159,0.11374086889659359,0.13016532103036707,329174.2005912382,0.05320248804891937,-0.15378700499807765,0.3014225297962323,6198352
412,23,MADHYA PRADESH,JHABUA,-0.10851211072665035,0.0711111111111195,0.08882737408688444,0.11374086889657448,9490.453519132761,0.002274522629071245,-0.17279507881584008,0.2679584775086506,4179358
413,23,MADHYA PRADESH,KATNI,-0.08882737408688665,0.07111111111111937,0.08882737408687615,0.11374086889658568,69372.83742411759,0.011255533418581029,-0.186082276047674,0.2761399461745483,6175594
415,23,MADHYA PRADESH,MANDLA,-0.09356401384082286,0.08882737408686951,0.10340638216073061,0.12456747404845499,286738.5517056755,0.03155501484387581,-0.21413302575932336,0.24415224913494812,9100880
416,23,MADHYA PRADESH,MANDSAUR,-0.06299115724721124,0.12456747404847675,0.13588619761633852,0.14769703960016906,433064.99432764587,0.06379071373736117,-0.21413302575932336,0.29287197231833906,6799773
417,23,MADHYA PRADESH,MORENA,-0.0888273740868843,0.07535563244905524,0.08421376393696411,0.10851211072664552,131844.49333267426,0.021228136896490335,-0.14769703960015382,0.2761399461745483,6223463
418,23,MADHYA PRADESH,NARSHIMAPURA,-0.044844290657438,0.11374086889659045,0.13016532103034684,0.14173010380622186,350479.9882316548,0.05629732899908229,-0.19986159169550174,0.3188927335640138,6236392
419,23,MADHYA PRADESH,NIMACH,-0.11374086889659536,0.10851211072666528,0.1190926566705335,0.135886197616303,3606.406836113463,6.853719847651731E-4,-0.2519646289888504,0.2599000384467512,5274602
420,23,MADHYA PRADESH,PANNA,-0.10851211072665203,0.05173394848134526,0.06698961937717436,0.08421376393695636,-138316.88607429623,-0.015896789427850215,-0.22145328719723184,0.21413302575932336,8717597
421,23,MADHYA PRADESH,RAISEN,-0.048227604767396466,0.08882737408688474,0.10340638216073109,0.11909265667052249,415834.6232874515,0.04038478540668665,-0.17279507881584008,0.2519646289888504,10312010
422,23,MADHYA PRADESH,RAJGARH,-0.017777777777778166,0.13016532103032846,0.14173010380624249,0.16000000000000533,560540.8074139251,0.07448022466303113,-0.16000000000000003,0.2761399461745483,7535187
423,23,MADHYA PRADESH,RATLAM,-0.051733948481348234,0.10851211072666662,0.124567474048471,0.14173010380622308,290966.46404829854,0.04923627803658812,-0.16633602460592078,0.2761399461745483,5920371
424,23,MADHYA PRADESH,REWA,-0.11374086889657474,0.07111111111108696,0.08421376393696939,0.09842368319875691,63407.68016030681,0.008192841996675729,-0.2364628988850442,0.29287197231833906,7751995
425,23,MADHYA PRADESH,SAGAR,-0.06299115724721119,0.10851211072665415,0.12456747404847218,0.1358861976163336,614827.716150607,0.04907030574809315,-0.14769703960015382,0.2679584775086506,12549508
426,23,MADHYA PRADESH,SATNA,-0.09356401384084413,0.07535563244907484,0.09356401384082959,0.13588619761634152,133616.92154242893,0.014474621021498444,-0.21413302575932336,0.3014225297962323,9250027
427,23,MADHYA PRADESH,SEHORE,-0.03844675124952116,0.10340638216073905,0.11374086889659259,0.13016532103036235,402174.6144788078,0.05050244498707946,-0.15378700499807765,0.2519646289888504,7979648
428,23,MADHYA PRADESH,SEONI,-0.07111111111111769,0.1034063821607406,0.11909265667053291,0.13016532103033662,362754.53515382373,0.0343083295643245,-0.19986159169550174,0.2761399461745483,10587279
429,23,MADHYA PRADESH,SHAHDOL,-0.09842368319874636,0.05173394848134739,0.07972318339100895,0.12456747404846322,-70301.89257696846,-0.010157198650261143,-0.186082276047674,0.29287197231833906,6933487
430,23,MADHYA PRADESH,SHAJAPUR,-0.012056901191848811,0.11374086889659053,0.12456747404846985,0.14173010380624076,294497.116789804,0.0699332493964089,-0.15378700499807765,0.2761399461745483,4219787
431,23,MADHYA PRADESH,SHEOPUR,-0.10851211072658934,0.03844675124950853,0.051733948481347325,0.06698961937716652,-217181.61759880255,-0.026532332365758325,-0.17937716262975778,0.22145328719723184,8196536
432,23,MADHYA PRADESH,SHIVPURI,-0.08882737408688628,0.0669896193771755,0.08421376393695629,0.10851211072664581,63758.825565660394,0.005019820723515438,-0.186082276047674,0.3014225297962323,12718231
433,23,MADHYA PRADESH,SIDHI,-0.08421376393695143,0.06299115724722616,0.07535563244904984,0.09356401384082465,65443.525545519646,0.011196272426438218,-0.2069357939254133,0.2364628988850442,5855562
638,23,MADHYA PRADESH,SINGRAULI,-0.1085121107266524,0.05173394848134564,0.07111111111111819,0.09842368319877018,-45996.500954583775,-0.00651836334765176,-0.19986159169550174,0.3014225297962323,7066555
434,23,MADHYA PRADESH,TIKAMGARH,-0.07972318339100866,0.08421376393696449,0.09842368319876517,0.113740868896574,94827.7794742741,0.020701739880685948,-0.15378700499807765,0.2679584775086506,4588875
435,23,MADHYA PRADESH,UJJAIN,-0.015747789311802842,0.11374086889656816,0.12456747404847292,0.13588619761632104,510686.3513473016,0.06884699395061679,-0.22145328719723184,0.24415224913494812,7431237
436,23,MADHYA PRADESH,UMARIA,-0.06698961937716434,0.07111111111111941,0.09356401384082658,0.11374086889658434,124280.56303914002,0.022290153180474028,-0.17937716262975778,0.2599000384467512,5584765
437,23,MADHYA PRADESH,VIDISHA,-0.02977316416763112,0.10851211072666499,0.11374086889658358,0.1301653210303676,581739.6173326015,0.06524186219587323,-0.14769703960015382,0.2599000384467512,8929692
414,23,MADHYA PRADESH,WEST NIMAR,-0.06698961937716574,0.1190926566705358,0.1358861976163429,0.15378700499807285,406900.59524361737,0.04212106357417903,-0.19986159169550174,0.28444444444444444,9673296
722,23,MADHYA PRADESH,NIVARI,-0.05536332179930662,0.0888273740868782,0.10851211072665057,0.1301653210303694,57096.26525614979,0.03499602643423873,-0.13588619761630144,0.2364628988850442,1640914
466,27,MAHARASHTRA,AHAMADNAGAR,-0.11909265667052345,0.05173394848134548,0.07111111111111829,0.09356401384084383,-260244.07065949423,-0.012869616988643,-0.2761399461745483,0.2519646289888504,20247712
467,27,MAHARASHTRA,AKOLA,-0.06299115724721126,0.07972318339101821,0.09356401384083168,0.11374086889657527,168328.601543714,0.025909892368070616,-0.2069357939254133,0.24415224913494812,6508098
468,27,MAHARASHTRA,AMARAVATI,-0.0842137639369549,0.07111111111110294,0.08882737408689141,0.103406382160721,233649.1724736662,0.015984983722148398,-0.22145328719723184,0.24415224913494812,14634927
469,27,MAHARASHTRA,AURANGABAD,-0.09842368319876663,0.051733948481345715,0.06698961937716981,0.09356401384083467,-62583.10992177681,-0.005200760712278892,-0.22145328719723184,0.2288965782391388,12049449
471,27,MAHARASHTRA,BHANDARA,-0.0984236831987681,0.03543252595155612,0.059115724721264105,0.09842368319876986,-51820.79451020611,-0.010464112647723995,-0.21413302575932336,0.2519646289888504,4961610
470,27,MAHARASHTRA,BID,-0.09356401384082506,0.03844675124951687,0.05173394848134739,0.07535563244905812,-150883.57535097585,-0.012044579746283623,-0.1929104190695886,0.2364628988850442,12544794
472,27,MAHARASHTRA,BULDHANA,-0.07972318339100946,0.06299115724722815,0.07972318339101549,0.09842368319877084,55602.74013962823,0.004786759744866099,-0.21413302575932336,0.2519646289888504,11630150
473,27,MAHARASHTRA,CHANDRAPUR,-0.113740868896585,0.024605920799690068,0.04158400615148087,0.07535563244905687,-356583.5994410816,-0.02637972623681991,-0.2069357939254133,0.2679584775086506,13530633
474,27,MAHARASHTRA,DHULE,-0.1085121107266486,0.06698961937717168,0.08882737408687745,0.1190926566705188,-59554.27087658037,-0.0069203099239348075,-0.2364628988850442,0.2761399461745483,8617611
475,27,MAHARASHTRA,GADCHIROLI,-0.1301653210303593,0.002639457148475619,0.0157477893118028,0.03254133025759364,-770189.3829868222,-0.044727774431718624,-0.2519646289888504,0.2364628988850442,17237884
476,27,MAHARASHTRA,GONDIA,-0.09842368319876728,0.02977316416763044,0.04822760476739424,0.09842368319877236,-110263.30016610774,-0.01776834228953723,-0.1929104190695886,0.24415224913494812,6215661
477,27,MAHARASHTRA,HINGOLI,-0.06299115724721117,0.07111111111111976,0.08882737408688779,0.11374086889657509,108126.04360380504,0.019353126611364187,-0.19986159169550174,0.2364628988850442,5596711
478,27,MAHARASHTRA,JALGAON,-0.08421376393695287,0.08882737408688023,0.10851211072666303,0.13016532103035286,226235.22401088715,0.016047401526060465,-0.2288965782391388,0.2599000384467512,14113319
479,27,MAHARASHTRA,JALNA,-0.07972318339100931,0.041584006151475,0.05911572472126364,0.07972318339100513,-38321.42599197499,-0.00420467952873497,-0.21413302575932336,0.2364628988850442,9127228
480,27,MAHARASHTRA,KOLHAPUR,-0.14769703960016148,0.03254133025759108,0.05911572472126023,0.08882737408688618,-379565.1396630616,-0.042440531730982424,-0.3278123798539023,0.2364628988850442,8961350
481,27,MAHARASHTRA,LATUR,-0.10851211072665244,0.02220684352171931,0.03844675124951451,0.05911572472126184,-258029.7386974143,-0.03042751419619173,-0.22145328719723184,0.17937716262975778,8490449
482,27,MAHARASHTRA,MUMBAI CITY,-0.10340638216070716,0.08882737408688966,0.10340638216070765,0.12456747404844296,1396.6332828248576,0.018509915274396826,-0.19986159169550174,0.2069357939254133,76546
484,27,MAHARASHTRA,NAGPUR,-0.07972318339101532,0.06299115724721718,0.08421376393695505,0.10851211072664593,53000.90486875072,0.004471494795530765,-0.2364628988850442,0.2679584775086506,11865192
485,27,MAHARASHTRA,NANDED,-0.08421376393695636,0.05536332179931109,0.07535563244905517,0.09356401384082837,-122.09040873432241,-9.805323904250779E-6,-0.2288965782391388,0.2599000384467512,12472028
486,27,MAHARASHTRA,NANDURBAR,-0.14769703960016087,0.07972318339100223,0.10851211072666117,0.13016532103035586,-111044.38749126295,-0.015531855356700281,-0.2519646289888504,0.28444444444444444,7163183
487,27,MAHARASHTRA,NASHIK,-0.15999999999999873,0.048227604767390055,0.07111111111110803,0.09356401384083687,-635079.9253964768,-0.03438545951215475,-0.2761399461745483,0.24415224913494812,18486361
488,27,MAHARASHTRA,USMANABAD,-0.12456747404846327,0.0325413302575885,0.048227604767396445,0.07111111111111575,-275963.4118057587,-0.030972674232756858,-0.2364628988850442,0.186082276047674,8925215
665,27,MAHARASHTRA,PALGHAR,-0.17279507881584977,-9.236855182104374E-4,0.041584006151480994,0.08421376393694624,-473452.4906785628,-0.0756657950122115,-0.2761399461745483,0.22145328719723184,6266083
489,27,MAHARASHTRA,PARBHANI,-0.06698961937716709,0.055363321799314684,0.07111111111111842,0.09356401384082656,60569.91903311691,0.008116109371600294,-0.186082276047674,0.2599000384467512,7474260
490,27,MAHARASHTRA,PUNE,-0.141730103806224,0.05173394848134612,0.07972318339101066,0.10851211072664832,-433595.56903325516,-0.0235095728672587,-0.2761399461745483,0.2519646289888504,18462996
491,27,MAHARASHTRA,RAYGAD,-0.17279507881584988,0.012959994715716058,0.051733948481349525,0.0797231833910111,-568478.9935230098,-0.06911764577910494,-0.28444444444444444,0.2288965782391388,8238352
492,27,MAHARASHTRA,RATNAGIRI,-0.1929104190695897,-0.05173394848134696,-0.02595143820129849,0.02584678594334201,-1013296.1338192016,-0.10442961898936252,-0.3188927335640138,0.2288965782391388,9717129
493,27,MAHARASHTRA,SANGLI,-0.13016532103035738,0.024605920799691178,0.04822760476739561,0.07535563244905008,-455310.1678997704,-0.04525819933498357,-0.2599000384467512,0.21413302575932336,10078127
494,27,MAHARASHTRA,SATARA,-0.1417301038062292,0.03254133025758932,0.05536332179930512,0.08882737408688605,-483011.90084870456,-0.039315934833376184,-0.28444444444444444,0.24415224913494812,12298534
495,27,MAHARASHTRA,SINDHUDURG,-0.1929104190695837,-0.051733948481347755,-0.025945974474378887,0.01676282257022768,-638808.8066196785,-0.10753329821260517,-0.3278123798539023,0.186082276047674,5951789
496,27,MAHARASHTRA,SOLAPUR,-0.11374086889658686,0.04484429065745021,0.06299115724721158,0.08882737408688615,-355942.15543141926,-0.020417412761265626,-0.2519646289888504,0.24415224913494812,17457025
483,27,MAHARASHTRA,SUB URBAN MUMBAI,-0.13016532103037473,0.07972318339100319,0.09842368319877172,0.11909265667051293,1223.9798460629634,0.0023987131885074664,-0.22145328719723184,0.2364628988850442,512479
497,27,MAHARASHTRA,THANE,-0.16633602460589297,0.022206843521720854,0.0629911572472113,0.09356401384082415,-352936.30124939856,-0.06973853278858405,-0.2679584775086506,0.2069357939254133,5069267
498,27,MAHARASHTRA,WARDHA,-0.0629911572472112,0.07111111111110281,0.08882737408687699,0.10851211072664697,142081.6968490161,0.018858903783300435,-0.186082276047674,0.2599000384467512,7543509
499,27,MAHARASHTRA,WASHIM,-0.05173394848135014,0.066989619377174,0.07972318339101377,0.10340638216070532,136916.29926508942,0.022411302296357977,-0.186082276047674,0.2288965782391388,6120783
500,27,MAHARASHTRA,YAVATMAL,-0.08421376393696214,0.05173394848134563,0.07111111111111731,0.09842368319877033,-4062.394722798277,-2.5146920581654234E-4,-0.22145328719723184,0.2288965782391388,16172960
252,14,MANIPUR,BISHNUPUR,-0.21413302575932036,0.029773164167626993,0.04484429065743793,0.05911572472126346,-38457.05449107701,-0.06527215076568046,-0.33685505574778934,0.14769703960015382,592328
253,14,MANIPUR,CHANDEL,-0.2928719723183375,-0.048227604767398784,-0.024605920799691466,-9.205448604902906E-4,-380168.67596588685,-0.15759028585547588,-0.37425605536332185,0.11909265667051133,2417211
254,14,MANIPUR,CHURACHANDPUR,-0.3188927335640481,-0.07111111111111741,-0.048227604767396445,-0.022206843521722416,-524084.9018479157,-0.17575159552403624,-0.3839138792772011,0.11374086889657825,2987741
256,14,MANIPUR,IMPHAL WEST,-0.23646289888504565,-0.01298575740596552,0.009668817341515302,0.03689655506760068,-53268.10929684271,-0.08889646861974451,-0.36472126105344094,0.14769703960015382,603204
255,14,MANIPUR,IMPHAL EAST,-0.25196462898884525,-0.021123755480122092,0.005775632890674286,0.036935199351417154,-55066.64074699072,-0.10345294814468733,-0.3553094963475586,0.14769703960015382,535890
713,14,MANIPUR,JIRIBAM,-0.31889273356401404,-0.11374086889657473,-0.09356401384083053,-0.0711111111111102,-70696.04565820591,-0.19506993519133164,-0.37425605536332185,0.06698961937716265,365087
260,14,MANIPUR,UKHRUL,-0.2761399461745445,-0.035432525951558956,-0.01205690119184885,0.01039600153787017,-354305.4442189672,-0.13734536984207374,-0.36472126105344094,0.13016532103037293,2585246
257,14,MANIPUR,SENAPATI,-0.2928719723183428,-0.04822760476739721,-0.021135091471788544,0.0016756308160182176,-328560.90644511976,-0.15200584061493785,-0.3839138792772011,0.12456747404844293,2166467
258,14,MANIPUR,TAMENGLONG,-0.3278123798539341,-0.07972318339101117,-0.051733948481350565,-0.029773164167627774,-712285.690597558,-0.19165073576058755,-0.39369473279507883,0.09356401384083046,3724282
259,14,MANIPUR,THOUBAL,-0.20693579392541372,9.001875906831704E-4,0.019930795847751294,0.041584006151480925,-34934.81589457355,-0.07237454898824135,-0.3278123798539023,0.13588619761630144,485328
717,14,MANIPUR,KAMJONG,-0.29287197231831663,-0.05911572472126323,-0.03844675124952056,-0.015747789311802898,-489271.4993080067,-0.16701517629793122,-0.37425605536332185,0.08882737408688965,2934321
714,14,MANIPUR,NONEI,-0.33685505574777447,-0.09356401384082409,-0.07111111111111341,-0.04822760476739631,-289810.3838208656,-0.20016153698119915,-0.39369473279507883,0.044844290657439445,1452211
715,14,MANIPUR,PHERZAWL,-0.3368550557478089,-0.10340638216072448,-0.07972318339101121,-0.05911572472126364,-535878.3432513364,-0.2039620733397235,-0.39369473279507883,0.05173394848135333,2632958
716,14,MANIPUR,TENGNOUPAL,-0.29287197231832574,-0.06698961937716794,-0.04484429065743785,-0.021140791095229258,-255836.2353326777,-0.1696913297762865,-0.36472126105344094,0.14769703960015382,1511379
712,14,MANIPUR,KANGPOKPI,-0.3100961168781104,-0.06698961937716709,-0.03844675124952033,-0.01574778931180296,-360347.3513692727,-0.16896062997966407,-0.3839138792772011,0.09842368319876971,2143163
711,14,MANIPUR,KAKCHING,-0.21413302575931814,0.006824190121630067,0.024605920799693124,0.041584006151481,-29537.821398776963,-0.07528024444190066,-0.3278123798539023,0.13588619761630144,394750
273,17,MEGHALAYA,EAST GARO HILLS,-0.276139946174551,-0.1085121107266555,-0.08882737408688637,-0.06698961937716261,-339151.758425512,-0.17329216155748012,-0.3553094963475586,0.09356401384083046,1961933
274,17,MEGHALAYA,EAST KHASI HILLS,-0.301422529796222,-0.06299115724721117,-0.03702490895726076,-0.012998678072921993,-554858.69961267,-0.1579493237442115,-0.40359861591695495,0.11909265667051133,3519450
657,17,MEGHALAYA,EAST JAINTIA HILLS,-0.2844444444444678,-0.09842368319877248,-0.07972318339101093,-0.0553633217993074,-415726.3332004586,-0.16731611228484825,-0.3839138792772011,0.14173010380622836,2489782
277,17,MEGHALAYA,SOUTH GARO HILLS,-0.2761399461745397,-0.0888273740868908,-0.0711111111111147,-0.04484429065743881,-359841.0400382924,-0.1588024809733056,-0.3553094963475586,0.13016532103037293,2271292
278,17,MEGHALAYA,WEST GARO HILLS,-0.24415224913493064,-0.07111111111111854,-0.051733948481350905,-0.029773164167628288,-447621.2227367431,-0.13598276736189596,-0.36472126105344094,0.1085121107266436,3298747
279,17,MEGHALAYA,WEST KHASI HILLS,-0.2844444444444669,-0.07111111111111826,-0.048227604767398034,-0.021140403474158194,-756989.3707340736,-0.15603882972921254,-0.3839138792772011,0.12456747404844293,4859806
276,17,MEGHALAYA,RI-BHOI,-0.2761399461745516,-0.07972318339101404,-0.05911572472126444,-0.0325413302575937,-466570.632588343,-0.15868009260532734,-0.3553094963475586,0.17279507881584008,2948155
658,17,MEGHALAYA,SOUTH WEST KHASI HILLS,-0.30142252979618844,-0.09356401384082312,-0.06698961937716079,-0.04158400615148097,-273265.36949551734,-0.1695027014598035,-0.37425605536332185,0.05911572472126105,1617098
663,17,MEGHALAYA,SOUTH WEST GARO HILLS,-0.22145328719723067,-0.06299115724721119,-0.0448442906574382,-0.02220684352172242,-128106.65255338297,-0.12384206836776017,-0.3188927335640138,0.12456747404844293,1037207
656,17,MEGHALAYA,NORTH GARO HILLS,-0.2679584775086483,-0.0797231833910131,-0.05911572472126439,-0.03844675124951883,-238736.2720526517,-0.1542911746826575,-0.34602076124567477,0.07535563244905807,1552862
275,17,MEGHALAYA,WEST JAINTIA HILLS,-0.25990003844674564,-0.0842137639369565,-0.06698961937716683,-0.04484429065743872,-326044.42525428586,-0.14665237323324248,-0.36472126105344094,0.09842368319876971,2229213
262,15,MIZORAM,CHAMPHAI,-0.31889273356405085,-0.07111111111111784,-0.04822760476739354,-0.025950217467371205,-743877.9137002676,-0.17964480615986056,-0.39369473279507883,0.11374086889657825,4148573
267,15,MIZORAM,SAIHA,-0.33685505574778624,-0.08421376393694562,-0.06299115724721122,-0.038446751249519164,-359639.0102568831,-0.19477636790729372,-0.39369473279507883,0.08421376393694734,1851831
264,15,MIZORAM,LAWNGTLAI,-0.3460207612456594,-0.10340638216071536,-0.07972318339100415,-0.05536332179930676,-594449.1393658402,-0.20284900247285895,-0.4340484429065744,0.11909265667051133,2939881
268,15,MIZORAM,SERCHHIP,-0.3460207612456593,-0.10851211072664835,-0.08421376393694584,-0.055363321799306704,-369198.4773906559,-0.2101637604369194,-0.41362552864282975,0.07111111111111111,1762727
263,15,MIZORAM,KOLASIB,-0.3368550557478023,-0.11374086889657374,-0.08882737408688612,-0.04484429065743968,-381007.56967964646,-0.20892806935672398,-0.40359861591695495,0.12456747404844293,1828823
266,15,MIZORAM,MAMIT,-0.3278123798539313,-0.11909265667052055,-0.09356401384082397,-0.0711111111111108,-788300.8510852191,-0.21073836084486125,-0.41362552864282975,0.10340638216070744,3748513
265,15,MIZORAM,LUNGLEI,-0.3460207612457263,-0.11909265667052495,-0.09356401384082336,-0.06698961937716279,-1199199.9368954147,-0.21801477437396455,-0.41362552864282975,0.12456747404844293,5509505
261,15,MIZORAM,AIZAWL,-0.33685505574783153,-0.10340638216071894,-0.07972318339100705,-0.04822760476739685,-816777.79293101,-0.21006541048902425,-0.40359861591695495,0.14173010380622836,3898664
613,13,NAGALAND,PAREN,-0.31009611687810656,-0.10340638216071692,-0.07535563244905483,-0.0448442906574386,-416566.24373968854,-0.18440415074674082,-0.3839138792772011,0.11909265667051133,2264628
248,13,NAGALAND,PHEK,-0.29287197231836354,-0.029773164167627698,-0.009683671500643861,0.012944018506467309,-336453.9641958605,-0.1451867157371433,-0.37425605536332185,0.13588619761630144,2323275
250,13,NAGALAND,WOKHA,-0.30142252979621065,-0.0753556324490492,-0.04822760476739543,-0.025924078644004856,-333931.80731209763,-0.16706000036503874,-0.3839138792772011,0.11909265667051133,2003896
244,13,NAGALAND,DIMAPUR,-0.2928719723183473,-0.07111111111111257,-0.03702652345042475,-0.005817496951820691,-143764.75518518637,-0.15213460515090044,-0.36472126105344094,0.15378700499807765,949846
245,13,NAGALAND,KOHIMA,-0.30142252979619943,-0.07535563244905201,-0.05173394848135415,-0.027128027681661504,-273310.2876973052,-0.16783098662787618,-0.37425605536332185,0.11909265667051133,1632851
614,13,NAGALAND,KIPHIRE,-0.2928719723183311,-0.03254133025759397,-0.00966750045476661,0.009642348626650952,-204229.49151123822,-0.1458170504274177,-0.37425605536332185,0.13016532103037293,1404480
251,13,NAGALAND,ZUNHEBOTO,-0.3014225297961893,-0.05536332179930718,-0.03254133025759263,-0.013840830449826744,-321165.5070725678,-0.16427915104068508,-0.36472126105344094,0.08882737408688965,1960862
246,13,NAGALAND,MOKOKCHUNG,-0.2928719723183212,-0.07972318339101188,-0.05536332179930706,-0.03254133025759281,-335587.39415927767,-0.16784869122230012,-0.36472126105344094,0.09356401384083046,2005010
247,13,NAGALAND,MON,-0.3100961168780891,-0.0711111111111177,-0.048227604767393614,-0.027128027681661827,-454549.47749490617,-0.16723123456354516,-0.3839138792772011,0.10340638216070744,2724066
249,13,NAGALAND,TUENSANG,-0.3014225297962291,-0.05173394848134843,-0.029773164167627007,-0.0103960015378702,-435099.7654925175,-0.16410429469232699,-0.37425605536332185,0.09356401384083046,2656787
615,13,NAGALAND,LONGLENG,-0.30142252979620104,-0.07111111111111645,-0.048227604767394336,-0.024605920799692763,-123707.07865786758,-0.16929617874101222,-0.37425605536332185,0.07111111111111111,734358
344,21,ODISHA,ANUGUL,-0.1358861976163128,0.01993079584775323,0.04484429065743865,0.07972318339101049,-296505.8636718032,-0.038898219330997026,-0.2364628988850442,0.24415224913494812,7634552
345,21,ODISHA,BOLANGIR (BALANGIR),-0.11374086889657593,0.013840830449825911,0.029773164167629693,0.055363321799307516,-255694.42479269463,-0.03273013095427887,-0.2364628988850442,0.2364628988850442,7823364
346,21,ODISHA,BALASORE (BALESHWAR),-0.1600000000000051,-0.0168299436684849,0.005723847430279331,0.03694000279263419,-327417.8174143505,-0.07340070174174589,-0.3188927335640138,0.21413302575932336,4471001
347,21,ODISHA,BARAGARH,-0.1034063821607113,0.013840830449826555,0.041584006151481084,0.07111111111111504,-193013.45861364304,-0.027603589873000496,-0.24415224913494812,0.1929104190695886,7004326
348,21,ODISHA,BHADRAK,-0.1301653210303782,-0.0026440260170226305,0.03254133025759264,0.055363321799308765,-193587.61685466708,-0.06462961757140773,-0.22145328719723184,0.24415224913494812,3001803
350,21,ODISHA,CUTTACK,-0.15378700499808207,0.009645831805854821,0.036906158173247626,0.06299115724721141,-259268.70200729088,-0.05642436468651727,-0.3014225297962323,0.2679584775086506,4607070
351,21,ODISHA,DEOGARH,-0.12456747404845096,0.022206843521721725,0.038446751249521294,0.06698961937716837,-136931.7093260907,-0.03861388610910669,-0.2288965782391388,0.15378700499807765,3554240
352,21,ODISHA,DHENKANAL,-0.14173010380623488,0.01294982930728514,0.02977316416762909,0.05173394848135179,-234527.95487205577,-0.04402178284835999,-0.29287197231833906,0.24415224913494812,5335603
353,21,ODISHA,GAJAPATI,-0.17937716262979275,0.010396001537870278,0.035432525951559574,0.05911572472126404,-347409.8798359349,-0.07107611619980887,-0.28444444444444444,0.16633602460592078,4897594
354,21,ODISHA,GANJAM,-0.15378700499808493,0.010396001537870295,0.03543252595155911,0.06299115724721131,-502531.2226525968,-0.05049531044749869,-0.2679584775086506,0.2288965782391388,9965454
355,21,ODISHA,JAGATSINGHPUR,-0.16000000000000134,0.0016762803585318605,0.0482276047673955,0.0753556324490546,-136449.30362639247,-0.06614161879629345,-0.2761399461745483,0.2364628988850442,2068255
356,21,ODISHA,JAJAPUR,-0.15378700499808323,-0.009680030074875773,0.02109159413700044,0.055363321799306725,-228440.60449406624,-0.06597170133599027,-0.28444444444444444,0.2761399461745483,3471072
357,21,ODISHA,JHARSUGUDA,-0.09356401384082251,0.07535563244904844,0.0935640138408223,0.10851211072663985,19967.222449982837,0.00801279591403512,-0.17279507881584008,0.28444444444444444,2499034
358,21,ODISHA,KALAHANDI,-0.13588619761630633,0.0157477893118028,0.03844675124952068,0.06698961937716293,-393767.33959762746,-0.04197828029683581,-0.2599000384467512,0.17279507881584008,9392589
359,21,ODISHA,KANDHAMAL,-0.14769703960016217,0.027128027681662756,0.04822760476739733,0.06698961937716517,-388355.7420490298,-0.04070946186532904,-0.2599000384467512,0.17937716262975778,9552404
360,21,ODISHA,KENDRAPARHA,-0.1417301038062278,0.012056901191848587,0.04158400615148116,0.05911572472126464,-174732.0522579223,-0.05785688497677137,-0.2679584775086506,0.17279507881584008,3027614
361,21,ODISHA,KEONJHAR (KENDUJHAR),-0.16633602460587937,0.009649913963341309,0.03254133025759192,0.059115724721256396,-662018.1570134233,-0.06642021552838556,-0.2761399461745483,0.29287197231833906,9980176
362,21,ODISHA,KHORDHA,-0.13588619761630139,0.01384083044982726,0.03844675124951966,0.06299115724721138,-154817.67874368778,-0.04520381136351343,-0.2519646289888504,0.2069357939254133,3436743
363,21,ODISHA,KORAPUT,-0.18608227604770122,-0.013840830449827394,0.01574778931180284,0.05173394848135273,-893096.4904379538,-0.09020544146747282,-0.28444444444444444,0.19986159169550174,9916232
364,21,ODISHA,MALKANGIRI,-0.17279507881585054,-0.012056901191848728,0.02977316416762783,0.07972318339101077,-581512.1300094579,-0.08549860230505221,-0.2761399461745483,0.2069357939254133,6811277
365,21,ODISHA,MAYURBHANJ,-0.19986159169548484,-0.025939268269261104,-0.005835389707197473,0.025839768419847246,-1083388.51425027,-0.08647652198789568,-0.3553094963475586,0.2761399461745483,12543165
366,21,ODISHA,NABARANGAPUR,-0.18608227604770508,-0.05911572472125723,-0.038446751249520454,-0.013840830449826957,-751622.3247138474,-0.1162388098554861,-0.2599000384467512,0.13588619761630144,6477055
367,21,ODISHA,NAYAGARH,-0.135886197616299,0.0157477893118028,0.03254133025759325,0.05173394848135321,-186919.5952470043,-0.04029905809034314,-0.2364628988850442,0.186082276047674,4646759
368,21,ODISHA,NUAPARHA,-0.12456747404844815,0.010396001537870292,0.03254133025759293,0.06698961937716248,-189280.08109012665,-0.04128857573764887,-0.21413302575932336,0.19986159169550174,4592599
369,21,ODISHA,PURI,-0.13016532103037318,0.0553633217993047,0.07111111111111836,0.08421376393695015,-86702.58569016051,-0.02102782682364001,-0.2364628988850442,0.19986159169550174,4132506
370,21,ODISHA,RAYAGARHA,-0.17279507881584977,0.0068176346001792365,0.03543252595155905,0.05911572472126366,-605537.6638725245,-0.06966225242893218,-0.2679584775086506,0.17937716262975778,8707900
371,21,ODISHA,SAMBALPUR,-0.12456747404845801,0.025834683892271264,0.05536332179930305,0.07535563244904511,-236558.16825502034,-0.029647102869258264,-0.24415224913494812,0.28444444444444444,7991881
372,21,ODISHA,SUBARNAPUR,-0.09842368319877298,0.024605920799693936,0.04158400615148118,0.07535563244905927,-70725.35170406617,-0.025043180873584356,-0.19986159169550174,0.1929104190695886,2830803
373,21,ODISHA,SUNDARGARH,-0.10340638216071342,0.04822760476739326,0.06698961937716987,0.0888273740868849,-163956.49284019158,-0.013994066402796818,-0.22145328719723184,0.29287197231833906,11732129
349,21,ODISHA,BAUDH (BAUDA),-0.13016532103037215,0.013840830449827262,0.035432525951558214,0.0629911572472115,-164970.06541147805,-0.0445644001755442,-0.2288965782391388,0.186082276047674,3710015
598,34,PUDUCHERRY,KARAIKAL,-9.17157423334073E-4,0.1417301038062374,0.16000000000000278,0.17937716262975842,16710.85744167939,0.09232604938705946,-0.13016532103037293,0.29287197231833906,183071
599,34,PUDUCHERRY,MAHE,-0.09842368319876982,0.017777777777777747,0.03254133025759321,0.059115724721261045,-191.2208371139319,-0.018841915511221045,-0.16633602460592078,0.11374086889657825,10600
600,34,PUDUCHERRY,PUDUCHERRY,-0.06698961937716282,0.10851211072664448,0.1245674740484402,0.14173010380622594,15555.815122444035,0.045647794996540744,-0.16633602460592078,0.2519646289888504,347013
601,34,PUDUCHERRY,YANAM,-0.04822760476739715,0.10851211072664584,0.12456747404844268,0.14173010380622839,2367.254573037665,0.05366077532560529,-0.13588619761630144,0.21413302575932336,44886
027,03,PUNJAB,AMRITSAR,0.02220684352172107,0.09842368319874581,0.11374086889659422,0.13588619761630408,243930.83289115035,0.06952937991503773,-0.12456747404844293,0.2761399461745483,3515937
605,03,PUNJAB,BARNALA,-0.008858131487889442,0.048227604767386925,0.05911572472125585,0.08421376393694595,49879.597891635654,0.027090540255841157,-0.11909265667051133,0.2599000384467512,1846179
028,03,PUNJAB,BATHINDA,-0.017777777777778097,0.05536332179930722,0.06698961937716792,0.09356401384082624,130918.73475293236,0.03005212702828974,-0.16000000000000003,0.31009611687812383,4365070
029,03,PUNJAB,FARIDKOT,-0.002635608332802879,0.06299115724722204,0.07535563244904932,0.0984236831987702,75262.92682353292,0.03977583589276031,-0.11374086889657825,0.2519646289888504,1896994
030,03,PUNJAB,FATEHGARH SAHIB,0.006875044566240412,0.07111111111111988,0.08421376393695384,0.11374086889657506,72245.86344671332,0.04843669009368193,-0.14769703960015382,0.28444444444444444,1496589
651,03,PUNJAB,FAZILKA,9.343018370997326E-4,0.09356401384086395,0.1137408688965857,0.1358861976163255,186748.8224917259,0.050300063985739586,-0.08882737408688965,0.29287197231833906,3719961
031,03,PUNJAB,FIROZPUR,0.004522036088296471,0.0669896193771737,0.07972318339101164,0.10340638216070447,136703.0738731449,0.04436680528704135,-0.12456747404844293,0.2679584775086506,3088898
032,03,PUNJAB,GURDASPUR,9.198838793297497E-4,0.08421376393697072,0.10340638216071404,0.12456747404843824,199351.1638223732,0.05832423069637216,-0.11909265667051133,0.2599000384467512,3424574
033,03,PUNJAB,HOSHIARPUR,-0.04822760476739556,0.08421376393696475,0.09842368319876371,0.11909265667051258,186722.33991876405,0.042174007406970825,-0.1929104190695886,0.28444444444444444,4436125
034,03,PUNJAB,JALANDHAR,9.214980349306762E-4,0.08882737408686829,0.10851211072665347,0.12456747404844441,186893.4383895733,0.054334715731131876,-0.14769703960015382,0.2599000384467512,3448570
035,03,PUNJAB,KAPURTHALA,0.00686968818538013,0.08882737408687456,0.10340638216072169,0.11909265667051067,123596.12669677823,0.058036791307430134,-0.14173010380622836,0.29287197231833906,2138434
036,03,PUNJAB,LUDHIANA,-0.006797585515402624,0.07972318339101668,0.1034063821607223,0.13016532103037343,210237.31125969975,0.04390119050298063,-0.16633602460592078,0.28444444444444444,4796983
037,03,PUNJAB,MANSA,-0.008858131487889295,0.05173394848134438,0.06299115724721116,0.08421376393694739,89066.51523286529,0.031886177776930855,-0.14173010380622836,0.3014225297962323,2800307
038,03,PUNJAB,MOGA,-8.974424914681903E-4,0.05911572472127124,0.07111111111111723,0.09356401384082542,111549.59988024413,0.03821399068875353,-0.13016532103037293,0.2679584775086506,2925171
039,03,PUNJAB,SRI MUKTSAR SAHIB,0.004521166311549795,0.06698961937717578,0.079723183391011,0.10340638216070526,150712.39099337874,0.04419883981378234,-0.11909265667051133,0.2761399461745483,3417177
040,03,PUNJAB,SHAHID BHAGAT SINGH NAGAR,-0.027128027681661462,0.07972318339101456,0.09842368319877158,0.11909265667050986,68626.98755815446,0.04170418975399451,-0.1929104190695886,0.28444444444444444,1650822
662,03,PUNJAB,PATHANKOT,-0.07111111111111047,0.09842368319876453,0.11909265667051246,0.1417301038062328,56331.104525151415,0.044987423955995504,-0.19986159169550174,0.2679584775086506,1257220
041,03,PUNJAB,PATIALA,0.006871807058833021,0.07111111111110809,0.0888273740868891,0.11374086889657556,199110.15405716017,0.04651189990074106,-0.17279507881584008,0.3014225297962323,4293984
042,03,PUNJAB,RUPNAGAR,-0.05173394848135447,0.07535563244904683,0.0984236831987651,0.11909265667050994,63166.37992980039,0.03530657312168191,-0.1929104190695886,0.2761399461745483,1795740
043,03,PUNJAB,SANGRUR,-0.004455998838874683,0.05536332179930509,0.06698961937716737,0.09356401384082713,157100.1703883688,0.033758678071713136,-0.16000000000000003,0.2679584775086506,4664151
608,03,PUNJAB,SAS NAGAR (SAHIBZADA AJIT SINGH NAGAR),-0.044844290657438494,0.07972318339100942,0.09842368319876772,0.1245674740484406,55171.087336052165,0.038943029529398224,-0.17937716262975778,0.31009611687812383,1423227
609,03,PUNJAB,TARN TARAN,0.013840830449826935,0.07972318339099613,0.09356401384084571,0.11374086889657446,169536.50308238607,0.05379172443001546,-0.11909265667051133,0.2761399461745483,3158113
086,08,RAJASTHAN,AJMER,-0.12456747404846383,0.0297731641676319,0.04484429065745062,0.06698961937716642,-392209.36932280066,-0.03720805010337079,-0.24415224913494812,0.24415224913494812,10557272
087,08,RAJASTHAN,ALWAR,-0.10851211072665289,0.04158400615147696,0.0711111111111161,0.10851211072664622,-49117.23737116977,-0.0046562695142623785,-0.2364628988850442,0.2761399461745483,10566667
088,08,RAJASTHAN,BANSWARA,-0.10851211072665093,0.06698961937716988,0.09842368319876858,0.1301653210303743,-50511.2181017354,-0.009202803610742742,-0.2069357939254133,0.2519646289888504,5496965
089,08,RAJASTHAN,BARAN,-0.09842368319874684,0.0797231833910131,0.09356401384084796,0.10851211072665223,107456.3461444262,0.012477978261292733,-0.19986159169550174,0.29287197231833906,8624299
090,08,RAJASTHAN,BARMER,-0.17937716262978684,-0.08421376393696373,-0.06698961937717034,-0.02977316416762754,-4393245.867737932,-0.1249412817564656,-0.2599000384467512,0.29287197231833906,35184293
091,08,RAJASTHAN,BHARATPUR,-0.05536332179930627,0.04822760476739003,0.06698961937716937,0.08882737408688493,77871.667370104,0.012264142645301027,-0.17937716262975778,0.28444444444444444,6364210
092,08,RAJASTHAN,BHILWARA,-0.11374086889658333,0.02586000222397481,0.044844290657448486,0.06299115724721122,-443780.871277313,-0.03423504645912444,-0.24415224913494812,0.29287197231833906,12977374
093,08,RAJASTHAN,BIKANER,-0.1417301038062628,-0.02594359755855503,-0.009679160126087999,0.009627207503170716,-2826648.9183882955,-0.07385125038473042,-0.24415224913494812,0.28444444444444444,38299184
094,08,RAJASTHAN,BUNDI,-0.10340638216072941,0.07111111111107937,0.08421376393696918,0.09842368319875477,25900.605243531165,0.003627055521620935,-0.2364628988850442,0.28444444444444444,7150747
095,08,RAJASTHAN,CHITTAURGARH,-0.11374086889657915,0.04484429065744915,0.06698961937716784,0.13016532103031944,-187094.0742151362,-0.01947076623460981,-0.2599000384467512,0.29287197231833906,9628634
096,08,RAJASTHAN,CHURU,-0.14173010380611878,-0.019930795847753983,-0.004503830186031299,0.012056901191848787,-1243250.0514771524,-0.07084022639900571,-0.2288965782391388,0.22145328719723184,17570047
097,08,RAJASTHAN,DAUSA,-0.10340638216071757,0.02460592079968829,0.038446751249521294,0.06698961937716275,-100201.70622493543,-0.023453726021871575,-0.24415224913494812,0.21413302575932336,4282491
098,08,RAJASTHAN,DHAULPUR,-0.07535563244904635,0.06698961937717424,0.08421376393695906,0.10851211072664199,59901.849855713845,0.015812017969759767,-0.16633602460592078,0.2761399461745483,3796325
099,08,RAJASTHAN,DUNGARPUR,-0.1358861976162973,9.013600857732681E-4,0.02460592079969155,0.06698961937716293,-252124.37378837366,-0.05484817687577925,-0.24415224913494812,0.22145328719723184,4604348
101,08,RAJASTHAN,HANUMANGARH,-0.09842368319874707,0.044844290657444476,0.05911572472126914,0.07535563244905237,-147320.94260703077,-0.011870528065907287,-0.17279507881584008,0.2761399461745483,12428490
102,08,RAJASTHAN,JAIPUR,-0.11909265667052682,0.0297731641676304,0.05173394848134875,0.08882737408689051,-456382.48103268695,-0.03273386573569894,-0.2599000384467512,0.3014225297962323,13958482
103,08,RAJASTHAN,JAISALMER,-0.15999999999994058,-0.0017474147301076424,0.012944750378656463,0.03690525124818929,-3270543.3846661355,-0.06789439664262709,-0.2761399461745483,0.28444444444444444,48195167
104,08,RAJASTHAN,JALOR,-0.1793771626298144,-0.059115724721254266,-0.03254133025759269,0.005748131397478627,-1473214.6964812533,-0.11233062652773006,-0.2679584775086506,0.2364628988850442,13130168
105,08,RAJASTHAN,JHALAWAR,-0.0711111111111164,0.11374086889658777,0.12456747404846764,0.14173010380623013,339844.23110282246,0.043736513894884366,-0.2288965782391388,0.2679584775086506,7785147
106,08,RAJASTHAN,JHUNJHUNUN,-0.11909265667052846,0.012938052126344357,0.025790567881406722,0.0591157247212624,-285701.03555494355,-0.03814599699913621,-0.2288965782391388,0.28444444444444444,7500078
107,08,RAJASTHAN,JODHPUR,-0.17279507881578715,-0.059115724721260796,-0.03706591644041579,-0.01301312262937998,-3062386.6615517023,-0.10808196537735715,-0.2761399461745483,0.24415224913494812,28354930
108,08,RAJASTHAN,KARAULI,-0.09356401384082355,0.038446751249510254,0.05173394848134741,0.07535563244905405,-74994.65314124442,-0.011989392956637646,-0.24415224913494812,0.21413302575932336,6265890
100,08,RAJASTHAN,GANGANAGAR,-0.08421376393695999,0.04158400615145922,0.05536332179930191,0.07535563244905265,23712.845584936436,0.0016950999755255122,-0.17279507881584008,0.29287197231833906,14004924
109,08,RAJASTHAN,KOTA,-0.07535563244905905,0.0935640138408577,0.10340638216072849,0.11909265667051117,175430.96237426726,0.027968395756088636,-0.2679584775086506,0.31009611687812383,6284796
110,08,RAJASTHAN,NAGAUR,-0.1663360246058665,-0.06299115724722161,-0.04484429065744406,-0.016837997405784882,-2451154.222431623,-0.10986958019690263,-0.3188927335640138,0.2519646289888504,22328531
111,08,RAJASTHAN,PALI,-0.16000000000001033,-0.025935493448753826,0.0016895253290243268,0.03254133025759282,-1323824.9989159408,-0.08630936648694264,-0.31009611687812383,0.2519646289888504,15355856
629,08,RAJASTHAN,PRATAPGARH,-0.12456747404845771,0.0842137639369608,0.103406382160725,0.12456747404845801,-31385.45036433799,-0.005785437182267266,-0.2288965782391388,0.21413302575932336,5433909
112,08,RAJASTHAN,RAJ SAMAND,-0.15999999999999936,0.0016877545253730808,0.029773164167628065,0.06299115724721158,-362055.62092956435,-0.06340805640162404,-0.3278123798539023,0.28444444444444444,5723908
113,08,RAJASTHAN,SAWAI MADHOPUR,-0.10340638216071067,0.044844290657450485,0.06299115724721119,0.08421376393694596,-22633.44135452403,-0.003621282676348438,-0.2519646289888504,0.2761399461745483,6261504
114,08,RAJASTHAN,SIKAR,-0.14173010380626563,-0.013840830449826067,0.004476774321090163,0.038446751249519295,-653511.3682995669,-0.06714423554174387,-0.2364628988850442,0.24415224913494812,9747199
115,08,RAJASTHAN,SIROHI,-0.16633602460592498,-0.016821438721819237,0.0129671267242304,0.06299115724721151,-489158.27513480146,-0.077492485182356,-0.2679584775086506,0.2599000384467512,6321547
116,08,RAJASTHAN,TONK,-0.09356401384082383,0.04822760476739043,0.06299115724721403,0.09356401384082719,-4649.148744634658,-5.197313953709304E-4,-0.22145328719723184,0.2679584775086506,8958642
117,08,RAJASTHAN,UDAIPUR,-0.1663360246058828,0.016774247202634516,0.04484429065743981,0.07972318339100481,-911370.3922682594,-0.06348490405664128,-0.29287197231833906,0.2599000384467512,14373207
225,11,SIKKIM,EAST,-0.27613994617453075,-0.005826078847433736,0.021089768078355487,0.048227604767394905,-135090.65178932738,-0.11471537134162042,-0.34602076124567477,0.15378700499807765,1180616
226,11,SIKKIM,NORTH,-0.24415224913495323,0.0448442906574467,0.06698961937716927,0.08882737408688576,-342177.1512213581,-0.06421772840611314,-0.33685505574778934,0.17937716262975778,5335204
227,11,SIKKIM,SOUTH,-0.28444444444446865,-0.0325413302575924,-0.008858131487889175,0.019930795847750826,-137818.54909839507,-0.1499220105208431,-0.3553094963475586,0.13016532103037293,922577
228,11,SIKKIM,WEST,-0.28444444444447725,-0.012988899425247372,0.02109692448282153,0.051733948481351905,-204987.4289990566,-0.13584284254667237,-0.34602076124567477,0.15378700499807765,1512801
610,33,TAMIL NADU,ARIYALUR,-0.12456747404843699,0.0448442906574432,0.06698961937716731,0.09356401384082559,-53298.167381145686,-0.024171146777074964,-0.2519646289888504,0.24415224913494812,2209715
730,33,TAMIL NADU,CHENGALPATTU,-0.10340638216070433,0.09356401384082488,0.11374086889657517,0.1301653210303736,53753.51810860074,0.01723524776789427,-0.21413302575932336,0.2599000384467512,3125557
568,33,TAMIL NADU,CHENNAI,-0.0354325259515567,0.13588619761629542,0.1537870049980814,0.1727950788158448,29739.72501170495,0.07758599565389547,-0.19986159169550174,0.2679584775086506,385506
569,33,TAMIL NADU,COIMBATORE,-0.18608227604768696,0.025865501584277955,0.04484429065744098,0.06698961937716282,-313481.59097304125,-0.058337156786596664,-0.3278123798539023,0.2364628988850442,5383851
570,33,TAMIL NADU,CUDDALORE,-0.10851211072664728,0.07972318339101635,0.0984236831987615,0.1245674740484486,35951.2690478087,0.00851163003885297,-0.2364628988850442,0.2679584775086506,4233341
571,33,TAMIL NADU,DHARMAPURI,-0.1537870049980364,0.06698961937716734,0.09842368319877212,0.135886197616306,-197096.24218172394,-0.038339789468712304,-0.2519646289888504,0.2519646289888504,5150772
572,33,TAMIL NADU,DINDIGUL,-0.17937716262978035,0.06299115724721113,0.0842137639369481,0.10851211072664034,-227725.02673548317,-0.03310147821210595,-0.3014225297962323,0.2519646289888504,6891183
573,33,TAMIL NADU,ERODE,-0.1793771626297649,0.04158400615148056,0.06299115724721123,0.08882737408688697,-247457.3743753205,-0.04245059304365083,-0.31009611687812383,0.22145328719723184,5843263
574,33,TAMIL NADU,KANCHIPURAM,-0.12456747404843836,0.08421376393694865,0.1034063821607137,0.12456747404844876,-3351.829217777775,-0.0016738876294336224,-0.2288965782391388,0.28444444444444444,2010389
729,33,TAMIL NADU,KALLAKKURICHI,-0.13588619761631732,0.06698961937717184,0.09842368319875916,0.13016532103036713,-69226.89200044029,-0.01716179961123302,-0.2364628988850442,0.3014225297962323,4041352
575,33,TAMIL NADU,KANYAKUMARI,-0.2679584775086653,-0.009674532659612035,0.016775071555644786,0.04484429065743817,-206590.83246288053,-0.1088750454126709,-0.37425605536332185,0.15378700499807765,1902020
576,33,TAMIL NADU,KARUR,-0.18608227604770836,0.0044884777778239045,0.03844675124951979,0.07111111111111057,-298670.25778470724,-0.0903592460505439,-0.2599000384467512,0.21413302575932336,3313874
578,33,TAMIL NADU,MADURAI,-0.1417301038062354,0.059115724721259345,0.08421376393694854,0.1085121107266426,-84339.20073771081,-0.02004492166688655,-0.2761399461745483,0.2599000384467512,4217505
587,33,TAMIL NADU,NILGIRIS,-0.19291041906957565,0.0222068435217213,0.048227604767394926,0.07111111111111275,-180110.2978459872,-0.06495385440787156,-0.3014225297962323,0.186082276047674,2779224
579,33,TAMIL NADU,NAGAPATTINAM,-0.04822760476739485,0.11374086889657753,0.13016532103037176,0.147697039600151,162661.46998976695,0.055689683805624356,-0.2069357939254133,0.2761399461745483,2930267
580,33,TAMIL NADU,NAMAKKAL,-0.16633602460585653,0.03543252595155696,0.06299115724721124,0.09356401384082615,-225285.47818643015,-0.057798207413107414,-0.2761399461745483,0.22145328719723184,3905479
581,33,TAMIL NADU,PERAMBALUR,-0.10851211072664436,0.04822760476739945,0.0711111111111172,0.09842368319876396,-26081.797546934038,-0.013028696581631496,-0.1929104190695886,0.22145328719723184,2007167
582,33,TAMIL NADU,PUDUKKOTTAI,-0.15378700499807935,0.02586916853844068,0.04822760476739563,0.07111111111111416,-259758.95877977298,-0.04912275729968805,-0.24415224913494812,0.2599000384467512,5299699
583,33,TAMIL NADU,RAMANATHAPURAM,-0.13588619761629955,0.07535563244906274,0.09356401384084302,0.11374086889658087,-21727.945952152953,-0.004666564669506184,-0.2519646289888504,0.2519646289888504,4668989
731,33,TAMIL NADU,RANIPPETTAI,-0.13588619761629658,0.05173394848134791,0.07535563244905402,0.09842368319876814,-48216.74662542243,-0.022724718579231345,-0.2679584775086506,0.2519646289888504,2128423
584,33,TAMIL NADU,SALEM,-0.16000000000001213,0.06299115724721116,0.08882737408688336,0.11374086889657517,-233583.15802376298,-0.03407517372003535,-0.28444444444444444,0.24415224913494812,6871944
585,33,TAMIL NADU,SIVAGANGA,-0.1417301038062255,0.04484429065744006,0.07111111111111602,0.09356401384082588,-180489.71113404637,-0.03748855375401429,-0.2288965782391388,0.2679584775086506,4827074
588,33,TAMIL NADU,TENI,-0.19986159169549117,0.059115724721264556,0.08421376393694596,0.10851211072664163,-104219.29703414641,-0.03202842085362929,-0.3188927335640138,0.2288965782391388,3260399
733,33,TAMIL NADU,TENKASI,-0.19986159169549267,0.07535563244904492,0.09356401384082239,0.11374086889657418,-39904.491687310125,-0.012542214128933105,-0.3278123798539023,0.2679584775086506,3188221
586,33,TAMIL NADU,THANJAVUR,-0.09356401384082684,0.0753556324490567,0.08882737408688214,0.10851211072664527,62512.8889882887,0.01603913775445393,-0.24415224913494812,0.24415224913494812,3908681
590,33,TAMIL NADU,THIRUVARUR,-0.04484429065743804,0.1034063821607344,0.1190926566705279,0.1358861976163056,125939.49184885313,0.04888490118897013,-0.186082276047674,0.2761399461745483,2584269
591,33,TAMIL NADU,TIRUCHIRAPALLI,-0.15378700499808762,0.05911572472125958,0.08421376393695118,0.11374086889657593,-152957.76607779876,-0.029892689358294124,-0.2364628988850442,0.2364628988850442,5131417
592,33,TAMIL NADU,TIRUNELVELI,-0.18608227604769384,0.06698961937717267,0.08882737408688735,0.11374086889657323,-170052.91702288302,-0.03873281589582446,-0.3188927335640138,0.2519646289888504,4398780
634,33,TAMIL NADU,TIRUPPUR,-0.16633602460592126,0.03693247356729399,0.0629911572472112,0.0888273740868913,-354257.22573456925,-0.05988503542226178,-0.29287197231833906,0.22145328719723184,5928070
732,33,TAMIL NADU,TIRUPPATTUR,-0.15378700499808576,0.05536332179930504,0.07535563244905277,0.0984236831987683,-71138.70962473328,-0.02935224996941091,-0.2519646289888504,0.1929104190695886,2429659
589,33,TAMIL NADU,TIRUVALLUR,-0.12456747404844881,0.08421376393695673,0.10851211072665126,0.13016532103036882,-3866.442038526554,-0.0010425204528376763,-0.2599000384467512,0.28444444444444444,3721243
593,33,TAMIL NADU,TIRUVANNAMALAI,-0.12456747404844518,0.05911572472125943,0.07972318339101354,0.10340638216070724,-102173.64766220667,-0.014445682197207273,-0.24415224913494812,0.2364628988850442,7086228
594,33,TAMIL NADU,TUTICORIN,-0.11374086889657746,0.08882737408688388,0.11374086889658311,0.13588619761629994,51415.17521368724,0.009585070380133582,-0.2599000384467512,0.29287197231833906,5373009
595,33,TAMIL NADU,VELLORE,-0.12456747404844709,0.06698961937716896,0.08882737408688342,0.11374086889657549,-27099.42035760682,-0.011210263700728508,-0.2364628988850442,0.2364628988850442,2425418
596,33,TAMIL NADU,VILLUPURAM,-0.11374086889657437,0.0797231833910159,0.10340638216072232,0.12456747404845372,6644.666057875155,0.0015873298719743284,-0.21413302575932336,0.29287197231833906,4197052
597,33,TAMIL NADU,VIRUDHUNAGAR,-0.147697039600164,0.06299115724721112,0.08421376393694799,0.10340638216070608,-112039.77561841677,-0.023311837771693707,-0.3014225297962323,0.2519646289888504,4816093
577,33,TAMIL NADU,KRISHNAGIRI,-0.17937716262978878,0.012056901191849061,0.03543252595155816,0.06299115724721134,-424464.1940296687,-0.07219981374633212,-0.29287197231833906,0.2069357939254133,5891097
501,36,TELANGANA,ADILABAD,-0.1417301038062195,0.01574778931180279,0.03254133025759184,0.05536332179930818,-192376.04702738117,-0.040621027715375374,-0.22145328719723184,0.1929104190695886,4743469
507,36,TELANGANA,HYDERABAD,-0.11909265667051389,0.06698961937716402,0.07535563244905855,0.08882737408688966,181.31676003926117,8.090054634559009E-4,-0.2364628988850442,0.14769703960015382,225991
508,36,TELANGANA,KARIMNAGAR,-0.16000000000000153,0.006813636957206959,0.03254133025759292,0.07111111111111196,-122715.00009421381,-0.05202450622066699,-0.2519646289888504,0.16000000000000003,2364683
690,36,TELANGANA,BHADRADRI KOTHAGUDEM,-0.17279507881582018,-0.00885813148788995,0.013840830449827169,0.04822760476739587,-583159.1728271067,-0.07199471729055319,-0.2679584775086506,0.2288965782391388,8112200
512,36,TELANGANA,MAHABUBNAGAR,-0.21413302575927756,-0.07972318339101159,-0.05173394848135356,-0.012056901191849352,-476361.2713397355,-0.14569819850828197,-0.28444444444444444,0.17279507881584008,3277821
692,36,TELANGANA,SIDDIPET,-0.20693579392538586,-0.03844675124952106,9.141911261452816E-4,0.07111111111111194,-511571.45752621006,-0.11748662808881974,-0.28444444444444444,0.14769703960015382,4362172
514,36,TELANGANA,NALGONDA,-0.19986159169548384,-0.021123981732389073,0.01676984434608674,0.09356401384082495,-895255.2441287545,-0.10644043496659526,-0.29287197231833906,0.2679584775086506,8420108
516,36,TELANGANA,NIZAMABAD,-0.14173010380622533,0.0482276047673873,0.06299115724722291,0.07972318339100994,-141185.80948048996,-0.028426082420186398,-0.2519646289888504,0.19986159169550174,4973584
518,36,TELANGANA,RANGAREDDY,-0.21413302575926793,-0.051733948481347554,-0.016825192719714926,0.03254133025759331,-741895.0889383468,-0.12699244800615528,-0.31009611687812383,0.19986159169550174,5852435
720,36,TELANGANA,MULUGU,-0.16000000000001433,-0.013840830449826907,0.004475930985746135,0.03543252595155724,-329042.08905168826,-0.06519154878778188,-0.2599000384467512,0.1929104190695886,5054976
695,36,TELANGANA,JOGULAMBA GADWAL,-0.2141330257592947,-0.005823804084525235,0.025878356313353168,0.06299115724721134,-307110.69851925696,-0.10267016931188955,-0.29287197231833906,0.21413302575932336,2996596
699,36,TELANGANA,KUMURAM BHEEM,-0.17279507881585107,-0.019930795847752456,-9.352666958223815E-4,0.03543252595155655,-401462.0130253162,-0.0747477993868764,-0.2761399461745483,0.16633602460592078,5379788
684,36,TELANGANA,MANCHERIAL,-0.166336024605925,-0.022206843521720837,0.002646176234740723,0.059115724721261254,-343517.01285223255,-0.07541261822656194,-0.24415224913494812,0.2288965782391388,4563416
680,36,TELANGANA,NIRMAL,-0.13016532103037154,0.03844675124951925,0.06299115724721119,0.08421376393694303,-149900.71004482557,-0.0341381619706004,-0.2288965782391388,0.19986159169550174,4400168
685,36,TELANGANA,KAMAREDDY,-0.16633602460592514,0.013840830449826962,0.038446751249521356,0.07535563244904775,-272509.07549239096,-0.061817043276208954,-0.2519646289888504,0.16000000000000003,4417377
691,36,TELANGANA,SANGAREDDY,-0.15999999999997055,0.004481397626690377,0.03543252595155697,0.08421376393695357,-285301.967803578,-0.054629251872945345,-0.2599000384467512,0.17279507881584008,5234286
694,36,TELANGANA,NAGARKURNOOL,-0.22145328719721014,-0.04822760476738989,-0.019930795847750902,0.041584006151480425,-875862.2139298694,-0.12129779757336315,-0.31009611687812383,0.186082276047674,7230954
693,36,TELANGANA,WANAPARTHY,-0.21413302575932175,-0.02712802768166092,0.024605920799692788,0.07111111111111376,-309787.25155541656,-0.1220721073658271,-0.2761399461745483,0.186082276047674,2543857
721,36,TELANGANA,NARAYANPET,-0.20693579392538858,-0.06299115724721123,-0.029773164167628496,0.022206843521722423,-369699.31620803516,-0.131694726385505,-0.2679584775086506,0.1929104190695886,2813898
698,36,TELANGANA,VIKARABAD,-0.1998615916954844,-0.024605920799691067,-0.010396001537870278,0.012056901191849255,-393224.4553357781,-0.09073460939269154,-0.2599000384467512,0.17279507881584008,4341820
700,36,TELANGANA,MEDCHAL-MALKAJGIRI,-0.1929104190695721,9.062510138076413E-4,0.03254133025759275,0.05911572472126285,-116923.54740639622,-0.09280389483972107,-0.3188927335640138,0.14173010380622836,1263977
697,36,TELANGANA,YADADRI BHUVANAGIRI,-0.2141330257592688,-0.03543252595155597,-0.008858131487889843,0.015747789311802853,-472268.75296789483,-0.12490441994287378,-0.29287197231833906,0.16000000000000003,3788544
696,36,TELANGANA,SURYAPET,-0.16000000000001238,0.006819209856671448,0.03254133025759152,0.07535563244905936,-258637.46933265336,-0.061570119830600276,-0.2679584775086506,0.19986159169550174,4207558
509,36,TELANGANA,KHAMMAM,-0.14173010380622914,-0.00449540869493215,0.01993079584775124,0.05536332179930693,-335724.18939052324,-0.06136006949013113,-0.2679584775086506,0.2288965782391388,5483474
688,36,TELANGANA,MAHABUBABAD,-0.17937716262981868,-0.027128027681661972,-0.0045023626197084644,0.03543252595155655,-343581.0871242058,-0.08273617834623793,-0.2519646289888504,0.1929104190695886,4159758
689,36,TELANGANA,JANGAON,-0.2069357939253854,-0.0517339484813484,-0.032541330257592024,0.008858131487889217,-360534.30406964617,-0.12682382705637893,-0.3188927335640138,0.16000000000000003,2848930
686,36,TELANGANA,WARANGAL (URBAN),-0.1929104190696107,-0.010396001537870271,0.01777777777777749,0.06698961937716226,-116011.73459246781,-0.08482861132387126,-0.2519646289888504,0.14769703960015382,1371299
522,36,TELANGANA,WARANGAL (RURAL),-0.16633602460592486,-0.012056901191848426,0.0067985552240865665,0.06299115724721173,-175696.03153915395,-0.06692170342706093,-0.2761399461745483,0.16633602460592078,2631366
687,36,TELANGANA,JAYASHANKAR BHUPALAPALLY,-0.16000000000000553,-0.00684889673997707,0.01384083044982675,0.05536332179930714,-206177.98139772733,-0.06089579175949946,-0.2364628988850442,0.21413302575932336,3392864
682,36,TELANGANA,PEDDAPALLI,-0.14769703960016548,0.004472669083682565,0.029773164167628305,0.07972318339100401,-133575.76870432336,-0.05165349459936077,-0.2364628988850442,0.2364628988850442,2590845
681,36,TELANGANA,JAGTIAL,-0.14173010380623816,8.998158524625501E-4,0.022206843521721007,0.0669896193771628,-185358.8826247397,-0.05443903069758981,-0.24415224913494812,0.2069357939254133,3410637
683,36,TELANGANA,RANJANNA SIRCILLA,-0.17279507881584996,0.001682837796447613,0.04158400615148093,0.09356401384082405,-165957.64738544868,-0.07794596822096703,-0.2599000384467512,0.2761399461745483,2133794
513,36,TELANGANA,MEDAK,-0.18608227604770206,-0.015747789311802807,0.00447376605420674,0.04822760476739755,-293825.56744009716,-0.09105501497486983,-0.2679584775086506,0.22145328719723184,3235035
269,16,TRIPURA,DHALAI,-0.28444444444446937,-0.08421376393694979,-0.055363321799306975,0.0017206275544853111,-447996.984931428,-0.16108828361016475,-0.36472126105344094,0.13588619761630144,2787504
654,16,TRIPURA,GOMATI,-0.2761399461745428,-0.07535563244904928,-0.04822760476739398,-0.012978694842939039,-310268.0636563557,-0.15747145066056678,-0.3553094963475586,0.16000000000000003,1976295
652,16,TRIPURA,KHOWAI,-0.2679584775086441,-0.07111111111111566,-0.044844290657438314,-0.009650849128739874,-185175.4626851395,-0.1442038084033354,-0.3553094963475586,0.14769703960015382,1288086
270,16,TRIPURA,NORTH TRIPURA,-0.2844444444444611,-0.08421376393694806,-0.06698961937716133,-0.044844290657439105,-260381.58312775742,-0.15827642714514853,-0.37425605536332185,0.16000000000000003,1650811
653,16,TRIPURA,SEPAHIJALA,-0.24415224913494182,-0.04822760476739343,-0.02592414367231529,0.005720652794318481,-167316.0636326931,-0.12975279883075053,-0.34602076124567477,0.17279507881584008,1294414
271,16,TRIPURA,SOUTH TRIPURA,-0.27613994617453747,-0.0984236831987617,-0.07972318339100959,-0.05536332179930858,-295671.7161120408,-0.16656593042705414,-0.36472126105344094,0.11909265667051133,1781389
655,16,TRIPURA,UNOKOTI,-0.2519646289888449,-0.06299115724721115,-0.04158400615148111,-0.012986139177836264,-113916.34635589506,-0.13507462969314657,-0.3553094963475586,0.14769703960015382,846595
272,16,TRIPURA,WEST TRIPURA,-0.25196462898884486,-0.0370106920991138,-0.0017277214783034183,0.032541330257593606,-145081.07839302925,-0.12601321355395295,-0.3553094963475586,0.16633602460592078,1154860
118,09,UTTAR PRADESH,AGRA,-0.024605920799692788,0.07535563244904539,0.09356401384082401,0.12456747404844724,172875.30544873409,0.03410483947860754,-0.13016532103037293,0.2679584775086506,5084762
119,09,UTTAR PRADESH,ALIGARH,-0.02460592079969222,0.051733948481345465,0.0669896193771685,0.08421376393694571,101368.86237193678,0.02163305142850153,-0.14173010380622836,0.3014225297962323,4695914
121,09,UTTAR PRADESH,AMBEDKARNAGAR,-0.02460592079969288,0.0629911572472302,0.07111111111111867,0.08882737408688295,85632.76086324066,0.02952592557357744,-0.13588619761630144,0.28444444444444444,2907631
640,09,UTTAR PRADESH,AMETHI,-0.04158400615148103,0.06299115724723763,0.07535563244905943,0.09356401384082448,87042.84979117067,0.028828088780744252,-0.14173010380622836,0.2519646289888504,3027141
154,09,UTTAR PRADESH,AMROHA,-0.029773164167628544,0.05536332179929945,0.06698961937717093,0.08421376393694527,68354.1158301502,0.021852385832433655,-0.14173010380622836,0.2679584775086506,3135410
122,09,UTTAR PRADESH,AURAIYA,-0.019930795847751096,0.0711111111111201,0.0797231833910157,0.09842368319876706,97278.247582388,0.03861279385072489,-0.11909265667051133,0.28444444444444444,2525028
123,09,UTTAR PRADESH,AZAMGARH,-0.02220684352172041,0.07535563244906533,0.08882737408688052,0.10340638216071855,193038.01832715227,0.036881732979351566,-0.13016532103037293,0.2288965782391388,5243512
133,09,UTTAR PRADESH,BUDAUN,-0.019930795847751103,0.05911572472125619,0.07111111111111874,0.08882737408688068,151984.36126298417,0.028252807343056716,-0.12456747404844293,0.2679584775086506,5388312
124,09,UTTAR PRADESH,BAGHPAT,-0.03543252595155888,0.05173394848134703,0.06698961937716091,0.09356401384083043,31339.95358935791,0.01857582828877084,-0.13588619761630144,0.2519646289888504,1691561
125,09,UTTAR PRADESH,BAHRAICH,-0.055363321799307134,0.05911572472126824,0.07111111111111885,0.08882737408688395,109333.49258612983,0.017541879625307705,-0.186082276047674,0.2679584775086506,6244557
126,09,UTTAR PRADESH,BALLIA,-0.022206843521721434,0.09842368319876761,0.11374086889658337,0.13016532103037354,166970.31982960456,0.045019034574891086,-0.11374086889657825,0.2761399461745483,3717530
127,09,UTTAR PRADESH,BALRAMPUR,-0.06698961937716827,0.05173394848134487,0.06698961937717118,0.07972318339101046,36635.71756595559,0.008715384367017246,-0.16633602460592078,0.2761399461745483,4212204
128,09,UTTAR PRADESH,BANDA,-0.05173394848135217,0.08421376393696146,0.09356401384086123,0.10851211072665057,217287.9971078875,0.03948238216557209,-0.19986159169550174,0.2519646289888504,5516307
129,09,UTTAR PRADESH,BARABANKI,-0.038446751249520024,0.055363321799301916,0.06698961937717046,0.08421376393694929,108554.18718687778,0.022561924750952436,-0.1929104190695886,0.2599000384467512,4821092
130,09,UTTAR PRADESH,BAREILLY,-0.015747789311802846,0.07111111111110364,0.08421376393696002,0.0984236831987659,202149.02154358907,0.03867457739000078,-0.14769703960015382,0.28444444444444444,5236856
131,09,UTTAR PRADESH,BASTI,-0.027128027681660737,0.05911572472126588,0.07111111111111888,0.08421376393695153,100916.0199386057,0.0289756791893404,-0.16000000000000003,0.2519646289888504,3489747
179,09,UTTAR PRADESH,BHADOHI,-0.022206843521722416,0.08421376393695774,0.09842368319877241,0.11374086889657392,51797.43937926532,0.04133584179421648,-0.11909265667051133,0.2364628988850442,1258326
132,09,UTTAR PRADESH,BIJNOR,-0.0517339484813484,0.0384467512495112,0.05173394848134741,0.06698961937716551,30577.663328899594,0.005191802519439067,-0.17279507881584008,0.2599000384467512,5897437
134,09,UTTAR PRADESH,BULANDSHAHR,-0.0246059207996924,0.05173394848134554,0.06299115724721116,0.07972318339100543,100094.99421450781,0.022453959047713253,-0.14173010380622836,0.2761399461745483,4465675
135,09,UTTAR PRADESH,CHANDAULI,-0.05911572472126491,0.08421376393695554,0.11374086889657548,0.1417301038062414,94866.75028592083,0.030189730492952753,-0.17937716262975778,0.31009611687812383,3149762
136,09,UTTAR PRADESH,CHITRAKOOT,-0.08882737408688846,0.07535563244905485,0.08882737408687802,0.10340638216072301,67325.14295098532,0.017101415147809856,-0.186082276047674,0.22145328719723184,3947058
137,09,UTTAR PRADESH,DEORIA,-0.013840830449826683,0.07535563244904903,0.09356401384082318,0.11374086889657484,125935.97362929405,0.039856682573588244,-0.1085121107266436,0.2761399461745483,3167421
140,09,UTTAR PRADESH,AYODHYA,-0.044844290657438036,0.0591157247212537,0.07111111111111808,0.08882737408688732,73853.25564405309,0.022006403466574755,-0.16000000000000003,0.24415224913494812,3363207
138,09,UTTAR PRADESH,ETAH,-0.013840830449826771,0.06299115724723019,0.0711111111111183,0.08421376393694435,102856.94436569989,0.03375268262997461,-0.16000000000000003,0.2599000384467512,3057112
139,09,UTTAR PRADESH,ETAWAH,-0.01384083044982677,0.07972318339101701,0.08882737408688703,0.10851211072664593,135177.02999634933,0.046519774707929465,-0.14173010380622836,0.3014225297962323,2912455
141,09,UTTAR PRADESH,FARRUKHABAD,-0.01574778931180283,0.08882737408687769,0.09842368319875808,0.10851211072665189,130249.21558881935,0.047546730369940185,-0.11374086889657825,0.2364628988850442,2746061
142,09,UTTAR PRADESH,FATEHPUR,-0.05173394848135201,0.059115724721254155,0.07111111111111754,0.08882737408688603,113864.44009008186,0.022022219355861114,-0.19986159169550174,0.2519646289888504,5179341
143,09,UTTAR PRADESH,FIROZABAD,-0.022206843521721992,0.06698961937717353,0.07972318339101415,0.09842368319876725,98205.85280183458,0.0323556227554419,-0.16000000000000003,0.2599000384467512,3043033
144,09,UTTAR PRADESH,GAUTAMBUDHNAGAR,-0.03844675124951951,0.06299115724721117,0.08882737408688199,0.1190926566705092,44783.42521752295,0.024981012862373538,-0.186082276047674,0.3014225297962323,1799130
146,09,UTTAR PRADESH,GAZIPUR,-0.013840830449827073,0.0935640138408518,0.1137408688965969,0.13588619761630907,181602.3357457716,0.04341494596483935,-0.14173010380622836,0.3188927335640138,4191005
145,09,UTTAR PRADESH,GHAZIABAD,-0.0448442906574383,0.0797231833910118,0.11374086889657377,0.14173010380624024,31139.353489561512,0.02684485742415728,-0.17937716262975778,0.2599000384467512,1164347
147,09,UTTAR PRADESH,GONDA,-0.04822760476739879,0.0553633217993041,0.0669896193771697,0.07972318339100849,83613.51395724276,0.016762790643722627,-0.14173010380622836,0.31009611687812383,4997607
148,09,UTTAR PRADESH,GORAKHPUR,-0.015747789311802853,0.07535563244904996,0.09356401384083059,0.11374086889658105,165291.49441688298,0.0397653382471843,-0.15378700499807765,0.3014225297962323,4167218
149,09,UTTAR PRADESH,HAMIRPUR,-0.02220684352172228,0.10340638216074453,0.11374086889659918,0.13016532103037154,301157.3748177017,0.06240144873443026,-0.11374086889657825,0.29287197231833906,4836349
661,09,UTTAR PRADESH,HAPUR,-0.027128027681661775,0.05536332179930511,0.06698961937716322,0.08421376393694761,36262.40325477561,0.025525578549075945,-0.1929104190695886,0.2364628988850442,1425629
150,09,UTTAR PRADESH,HARDOI,-0.024605920799692642,0.07111111111110419,0.07972318339101801,0.09356401384082272,283558.4276258175,0.03771794811072415,-0.15378700499807765,0.3014225297962323,7529334
163,09,UTTAR PRADESH,HATHRAS,-0.024605920799692243,0.0482276047673893,0.05911572472125688,0.07535563244905699,43485.739109831884,0.019385804544774413,-0.14173010380622836,0.24415224913494812,2250134
151,09,UTTAR PRADESH,JALAUN,-0.006804197075837472,0.10340638216074495,0.10851211072665372,0.12456747404845753,369652.15177656314,0.06519128116252451,-0.11374086889657825,0.3014225297962323,5680240
152,09,UTTAR PRADESH,JAUNPUR,-0.02460592079969229,0.07535563244907312,0.08882737408688016,0.10340638216071549,197459.27202217962,0.03950947442150281,-0.11909265667051133,0.28444444444444444,5008032
153,09,UTTAR PRADESH,JHANSI,-0.04822760476739567,0.11374086889656154,0.12456747404847,0.1358861976163103,380599.3051050346,0.0612901122024072,-0.16000000000000003,0.3188927335640138,6229627
155,09,UTTAR PRADESH,KANNAUJ,-0.027128027681660682,0.07111111111111976,0.07972318339101767,0.09356401384082247,84262.9348667579,0.032191469061810536,-0.16000000000000003,0.24415224913494812,2623727
157,09,UTTAR PRADESH,KANPUR,-0.03844675124951958,0.07535563244905005,0.0984236831987733,0.12456747404845106,129883.8339528156,0.03478200886320962,-0.17937716262975778,0.29287197231833906,3743531
156,09,UTTAR PRADESH,KANPUR DEHAT,-0.03254133025759316,0.059115724721260025,0.07111111111111877,0.08421376393694839,112857.43197175156,0.02868492976615484,-0.16000000000000003,0.3014225297962323,3941798
633,09,UTTAR PRADESH,KASGANJ,-0.004460301898564924,0.07535563244905677,0.08421376393695774,0.09842368319876799,108704.54379202926,0.04402552110038178,-0.13016532103037293,0.2519646289888504,2475748
158,09,UTTAR PRADESH,KAUSHAMBI,-0.032541330257593364,0.07535563244905176,0.08882737408688537,0.11374086889657543,88990.25262349535,0.04021696418365014,-0.13588619761630144,0.2364628988850442,2218096
159,09,UTTAR PRADESH,KHERI,-0.048227604767393996,0.059115724721254904,0.07111111111111904,0.08882737408688585,155764.58704880622,0.016018482788607465,-0.17279507881584008,0.28444444444444444,9738027
160,09,UTTAR PRADESH,KUSHINAGAR,-0.017777777777777577,0.07972318339101755,0.09842368319876821,0.11374086889657413,145765.76655615302,0.04054276446599321,-0.13016532103037293,0.2679584775086506,3604253
161,09,UTTAR PRADESH,LALITPUR,-0.05536332179930916,0.09356401384084692,0.10851211072666073,0.12456747404844476,269802.63219442894,0.04355535591957125,-0.13588619761630144,0.2599000384467512,6203252
162,09,UTTAR PRADESH,LUCKNOW,-0.055363321799308286,0.07535563244905327,0.09356401384082567,0.1190926566705194,92435.93047694686,0.02922561828771076,-0.19986159169550174,0.2519646289888504,3170059
165,09,UTTAR PRADESH,MAHOBA,-0.02977316416762771,0.10340638216073728,0.11374086889658265,0.13016532103036593,234554.32980653524,0.05813683607866151,-0.13016532103037293,0.2679584775086506,4045255
166,09,UTTAR PRADESH,MAINPURI,-0.013840830449826836,0.06698961937717648,0.07535563244905247,0.08882737408688354,131104.59211724173,0.03817334428166168,-0.11909265667051133,0.2679584775086506,3441554
167,09,UTTAR PRADESH,MATHURA,-0.03254133025759424,0.05536332179929963,0.07111111111111725,0.09842368319876761,93104.83448646458,0.022138221888105155,-0.16000000000000003,0.31009611687812383,4213749
168,09,UTTAR PRADESH,MAU,-0.013840830449826693,0.07972318339101601,0.09356401384082237,0.11374086889657467,88960.05226603508,0.04126637828068753,-0.11909265667051133,0.2519646289888504,2161729
169,09,UTTAR PRADESH,MEERUT,-0.029773164167627653,0.05911572472124879,0.07111111111111815,0.09356401384082631,83800.7879573074,0.025334879317233636,-0.16633602460592078,0.2679584775086506,3314219
170,09,UTTAR PRADESH,MIRZAPUR,-0.10851211072665423,0.07111111111111867,0.09356401384082466,0.1190926566705148,1637.3335994410982,3.0117245696924375E-4,-0.2288965782391388,0.3278123798539023,5447558
171,09,UTTAR PRADESH,MORADABAD,-0.02220684352172137,0.06299115724722333,0.07972318339101454,0.09356401384082381,72133.93224661656,0.029067577523615502,-0.14769703960015382,0.2761399461745483,2489342
172,09,UTTAR PRADESH,MUZAFFARNAGAR,-0.029773164167627996,0.059115724721260234,0.07535563244904742,0.09356401384082587,92974.2151506098,0.026527728797012956,-0.13016532103037293,0.2679584775086506,3511799
173,09,UTTAR PRADESH,PILIBHIT,-0.02220684352172132,0.07111111111111974,0.08421376393695561,0.098423683198771,163128.51147567885,0.03414399365131472,-0.13016532103037293,0.2761399461745483,4788939
174,09,UTTAR PRADESH,PRATAPGARH,-0.048227604767397125,0.06698961937717399,0.07972318339101418,0.0935640138408244,125794.16604083769,0.02732596605389387,-0.15378700499807765,0.2364628988850442,4613609
175,09,UTTAR PRADESH,RAIBEARELI,-0.04484429065743821,0.06299115724722945,0.07111111111111927,0.0888273740868816,132011.86125949895,0.02701565592845667,-0.15378700499807765,0.28444444444444444,4896223
176,09,UTTAR PRADESH,RAMPUR,-0.022206843521721233,0.06698961937717401,0.07972318339101499,0.09356401384083449,93456.86759343187,0.03103502839382328,-0.15378700499807765,0.2679584775086506,3018922
177,09,UTTAR PRADESH,SAHARANPUR,-0.08421376393694448,0.07972318339097807,0.09356401384085884,0.10851211072665455,184994.68748155897,0.03867694018648505,-0.2288965782391388,0.2679584775086506,4790695
659,09,UTTAR PRADESH,SAMBHAL,-0.022206843521721052,0.05536332179932552,0.06698961937717224,0.07972318339100756,80938.43372094825,0.026276085274191487,-0.16633602460592078,0.28444444444444444,3088314
178,09,UTTAR PRADESH,SANTKABIRNAGAR,-0.024605920799692954,0.059115724721258055,0.07111111111111594,0.08882737408688966,55056.940647744465,0.02684181824515051,-0.11374086889657825,0.24415224913494812,2058853
180,09,UTTAR PRADESH,SHAHJAHANPUR,-0.010396001537870255,0.07111111111111994,0.07972318339101545,0.0984236831987681,218823.48859890876,0.04015459220999999,-0.14769703960015382,0.3014225297962323,5462736
660,09,UTTAR PRADESH,SHAMLI,-0.022206843521721142,0.06299115724721852,0.07111111111111719,0.0888273740868892,51738.254070039555,0.03195493237747075,-0.14769703960015382,0.2679584775086506,1623202
181,09,UTTAR PRADESH,SHRAWASTI,-0.0553633217993101,0.04484429065745394,0.05536332179930384,0.06698961937716279,30251.300203056227,0.01243301862899935,-0.16633602460592078,0.2069357939254133,2439319
182,09,UTTAR PRADESH,SIDDHARTHNAGAR,-0.03254133025759184,0.0517339484813451,0.06698961937717053,0.07972318339100902,75531.4009140309,0.0207919676145046,-0.13588619761630144,0.21413302575932336,3640380
183,09,UTTAR PRADESH,SITAPUR,-0.051733948481347714,0.05536332179930771,0.06698961937717125,0.07972318339100969,96056.54181231672,0.013305613067086188,-0.2069357939254133,0.2761399461745483,7230057
184,09,UTTAR PRADESH,SONBHADRA,-0.09356401384082465,0.06698961937717215,0.09842368319876586,0.12456747404844892,-13034.025742844033,-0.0015444991567288484,-0.22145328719723184,0.3278123798539023,8450002
185,09,UTTAR PRADESH,SULTANPUR,-0.04484429065743791,0.05911572472126001,0.07111111111111781,0.08421376393694693,75315.44052670547,0.022637657049306713,-0.16000000000000003,0.2519646289888504,3335749
186,09,UTTAR PRADESH,UNNAO,-0.035432525951557936,0.07111111111110804,0.08421376393696202,0.10340638216071771,203937.5029510352,0.03576638806443131,-0.186082276047674,0.2761399461745483,5712341
187,09,UTTAR PRADESH,VARANASI,-0.017777777777777917,0.10851211072666041,0.12456747404846638,0.14173010380622023,97609.73460432354,0.05154667283319674,-0.13016532103037293,0.3188927335640138,1899363
120,09,UTTAR PRADESH,PRAYAGRAJ,-0.06698961937716603,0.08421376393696803,0.09842368319876606,0.11909265667051665,255476.87693525307,0.03781775372387299,-0.21413302575932336,0.3278123798539023,6766620
164,09,UTTAR PRADESH,MAHARAJGANJ,-0.022206843521722006,0.06299115724721337,0.08421376393695243,0.09842368319876697,105781.21013278107,0.028643261149764766,-0.11909265667051133,0.24415224913494812,3700747
045,05,UTTARAKHAND,ALMORA,-0.22889657823913676,0.01777777777777855,0.041584006151481154,0.06299115724721131,-379821.53179515677,-0.09407387522961132,-0.31009611687812383,0.16633602460592078,4045433
046,05,UTTARAKHAND,BAGESHWAR,-0.23646289888501854,0.0369564781860327,0.06299115724721123,0.08421376393694606,-246863.46225616295,-0.08582002594811262,-0.33685505574778934,0.16633602460592078,2883079
048,05,UTTARAKHAND,CHAMPAWAT,-0.2364628988850211,0.012966086350557864,0.0369104458934014,0.0553633217993068,-221165.39134155013,-0.09783204769585818,-0.3188927335640138,0.19986159169550174,2266165
049,05,UTTARAKHAND,DEHRADUN,-0.21413302575930912,0.05911572472126453,0.08882737408688575,0.11374086889657456,-200763.14401422717,-0.05008864749248989,-0.3188927335640138,0.2288965782391388,4018513
050,05,UTTARAKHAND,HARIDWAR,-0.08882737408688232,0.06698961937717378,0.07972318339101313,0.09356401384082541,57934.230018372415,0.019672302850689164,-0.2364628988850442,0.28444444444444444,2950783
051,05,UTTARAKHAND,NAINITAL,-0.22145328719721624,0.03254133025758937,0.048227604767398666,0.06698961937716301,-301260.9919236569,-0.05903693461524268,-0.3188927335640138,0.29287197231833906,5111706
052,05,UTTARAKHAND,PAURI GARHWAL,-0.22889657823911289,0.03254133025759345,0.059115724721264785,0.08421376393695061,-566788.2617505792,-0.08348306056971062,-0.3278123798539023,0.1929104190695886,6797764
054,05,UTTARAKHAND,RUDRAPRAYAG,-0.23646289888501792,0.051733948481347825,0.07535563244904882,0.0935640138408249,-218938.64917806067,-0.0851415843120962,-0.33685505574778934,0.186082276047674,2576527
055,05,UTTARAKHAND,TEHRI GARHWAL,-0.22889657823913276,0.05911572472126484,0.08421376393694699,0.1085121107266434,-369047.71718291944,-0.07301844318240944,-0.3188927335640138,0.2288965782391388,5065420
056,05,UTTARAKHAND,UDHAM SINGH NAGAR,-0.04822760476739597,0.05911572472125586,0.07972318339100827,0.1034063821607057,73840.10418227682,0.021678174041683422,-0.22145328719723184,0.2679584775086506,3417188
047,05,UTTARAKHAND,CHAMOLI,-0.22889657823911555,0.07111111111111938,0.09356401384084011,0.10851211072665512,-531677.0775306522,-0.052541020222020625,-0.3553094963475586,0.2069357939254133,10130102
053,05,UTTARAKHAND,PITHORAGARH,-0.2214532871972045,0.07111111111111887,0.0935640138408354,0.11374086889658533,-501296.5491083799,-0.05377972602042714,-0.33685505574778934,0.19986159169550174,9333695
057,05,UTTARAKHAND,UTTARKASHI,-0.20693579392538775,0.08421376393695798,0.10340638216072377,0.12456747404844964,-371967.81022081414,-0.035843863313096955,-0.33685505574778934,0.2364628988850442,10391325
664,19,WEST BENGAL,ALIPUR DUAR,-0.20693579392539804,-0.05911572472126298,-0.03254133025759255,0.001656091608703679,-411463.617616649,-0.11780911914983949,-0.3553094963475586,0.17279507881584008,3499191
305,19,WEST BENGAL,BANKURA,-0.11374086889658924,0.017777777777779363,0.03844675124952122,0.0629911572472113,-322848.3110078539,-0.03862641973259562,-0.22145328719723184,0.2761399461745483,8367774
306,19,WEST BENGAL,PURBA BARDDHAMAN,-0.10851211072665606,0.01205690119184948,0.03844675124952065,0.06698961937716244,-215275.91066143409,-0.03398433026478321,-0.2288965782391388,0.2288965782391388,6345416
307,19,WEST BENGAL,BIRBHUM,-0.1301653210303558,8.922214749924465E-4,0.022206843521721722,0.051733948481353514,-287231.03267249546,-0.05169805895431759,-0.2288965782391388,0.2069357939254133,5568338
310,19,WEST BENGAL,DAKSHIN DINAJPUR,-0.11909265667051608,0.008858131487889864,0.02977316416762652,0.05536332179930941,-100381.2998751942,-0.03637324021536645,-0.21413302575932336,0.186082276047674,2766684
309,19,WEST BENGAL,DARJILING,-0.29287197231830986,-0.06299115724721119,-0.0370306930939011,-0.0058644312675558636,-380046.4126017578,-0.14822678008093584,-0.36472126105344094,0.14173010380622836,2570580
317,19,WEST BENGAL,PURBA MEDINIPUR,-0.09842368319876525,0.02977316416763007,0.051733948481348976,0.06698961937716788,-103737.00589989986,-0.021762428299185045,-0.21413302575932336,0.2519646289888504,4774369
313,19,WEST BENGAL,HAORA,-0.07972318339100569,0.05173394848134949,0.07111111111111561,0.09356401384082556,-6791.184626117863,-0.0038270411088694467,-0.2364628988850442,0.2599000384467512,1779421
312,19,WEST BENGAL,HUGLI,-0.09356401384082838,0.032541330257592246,0.05911572472126396,0.07972318339100543,-95036.29104694913,-0.024869422475142663,-0.24415224913494812,0.2679584775086506,3830421
314,19,WEST BENGAL,JALPAIGURI,-0.18608227604770458,-0.041584006151477455,-0.01777777777777854,0.004474054117819605,-426058.82973777945,-0.09946258381809525,-0.3278123798539023,0.13588619761630144,4291724
308,19,WEST BENGAL,KOCH BIHAR,-0.14173010380624135,-0.013840830449826272,0.004482903991285,0.027128027681661095,-268953.7801925566,-0.06410192503575471,-0.2519646289888504,0.17279507881584008,4209471
315,19,WEST BENGAL,KOLKATA,-0.07111111111111104,0.0984236831987649,0.1137408688965768,0.1301653210303744,10477.87914934149,0.04677586623039483,-0.22145328719723184,0.22145328719723184,225875
316,19,WEST BENGAL,MALDAH,-0.11909265667052703,0.02460592079969243,0.04822760476739765,0.06698961937716694,-132734.7716752388,-0.030005228901828485,-0.24415224913494812,0.21413302575932336,4432769
319,19,WEST BENGAL,MURSHIDABAD,-0.10851211072664971,0.013840830449826844,0.03543252595155833,0.055363321799309015,-235879.7858990656,-0.036056251820335554,-0.2519646289888504,0.2288965782391388,6553296
320,19,WEST BENGAL,NADIA,-0.0984236831987664,0.02220684352172093,0.041584006151481175,0.059115724721263994,-126526.70019490914,-0.026692303511198594,-0.2288965782391388,0.22145328719723184,4752532
303,19,WEST BENGAL,NORTH TWENTY-FOUR PARGANAS,-0.08421376393694942,0.06299115724722669,0.07972318339101526,0.09356401384082282,-9212.072796438346,-0.0019002932591513353,-0.22145328719723184,0.24415224913494812,4858451
318,19,WEST BENGAL,PASCHIM MEDINIPUR,-0.1301653210303664,0.0016812871335391319,0.021051371469157334,0.0482276047673954,-365816.3561996224,-0.048267837761892,-0.24415224913494812,0.2599000384467512,7589470
321,19,WEST BENGAL,PURULIYA,-0.10851211072665673,0.0210724081523238,0.04484429065743823,0.07111111111111178,-294930.998934571,-0.03878902431232933,-0.22145328719723184,0.3014225297962323,7614827
304,19,WEST BENGAL,SOUTH TWENTY-FOUR PARGANAS,-0.08421376393695434,0.04484429065744928,0.05536332179930324,0.0711111111111161,-57765.63029545615,-0.00625420577476832,-0.21413302575932336,0.22145328719723184,9269362
311,19,WEST BENGAL,UTTAR DINAJPUR,-0.11909265667051508,0.01039600153786888,0.024605920799692958,0.05173394848135217,-139646.70732822324,-0.035908231575824644,-0.22145328719723184,0.1929104190695886,3902218
703,19,WEST BENGAL,JHARGRAM,-0.15378700499807715,-0.009667621515387454,0.009637587805287794,0.029773164167628353,-256246.50648398645,-0.06847872506365035,-0.2364628988850442,0.2679584775086506,3751531
704,19,WEST BENGAL,PASCHIM BARDDHAMAN,-0.1085121107266436,0.048227604767395856,0.07535563244905498,0.10340638216070538,-49476.46958035583,-0.022438624860573582,-0.21413302575932336,0.29287197231833906,2210746
702,19,WEST BENGAL,KALIMPONG,-0.29287197231831297,-0.055363321799306114,-0.03543252595155968,-0.017777777777777323,-218455.68499861818,-0.1595678053185788,-0.3553094963475586,0.10340638216070744,1372509
