di_code,st_code,state23,dist23,A26_p2,A26_p90,A26_p95,A26_p98,A26_sum,A26_mean,A26_min,A26_max,A26_count
603,35,ANDAMAN & NICOBAR,NICOBAR,0.012056901191849318,0.1727950788158507,0.18608227604769614,0.19986159169549245,244668.8053067996,0.12196646736789082,-0.16633602460592078,0.31009611687812383,2020602
632,35,ANDAMAN & NICOBAR,NORTH & MIDDLE ANDAMAN,-0.0017071209486035827,0.13588619761633935,0.1476970396001686,0.16633602460592448,364446.5623268627,0.09173120772778336,-0.2288965782391388,0.3188927335640138,4003957
602,35,ANDAMAN & NICOBAR,SOUTH ANDAMAN,-0.005734901298614952,0.1727950788157852,0.17937716262980416,0.19291041906956127,317183.49911884713,0.10961179889481294,-0.21413302575932336,0.3014225297962323,2916597
502,28,ANDHRA PRADESH,ANANTAPUR,0.10340638216070748,0.23646289888512018,0.25196462898898353,0.2679584775086889,4328714.186199218,0.19323230856662593,-0.08882737408688965,0.41362552864282975,22430270
503,28,ANDHRA PRADESH,CHITTOOR,0.06299115724721124,0.20693579392537367,0.22145328719726387,0.22889657823910914,2688542.826548516,0.1558977355065157,-0.1085121107266436,0.37425605536332185,17269415
504,28,ANDHRA PRADESH,Y S R KADAPA,0.0842137639369494,0.22145328719729204,0.2364628988850086,0.25990003844676557,3009609.8407142893,0.16994601446208424,-0.08421376393694734,0.40359861591695495,17724326
505,28,ANDHRA PRADESH,EAST GODAVARI,-0.005706384777244996,0.15999999999993866,0.17937716262980788,0.19291041906956904,1459973.564163135,0.09659191591122467,-0.17279507881584008,0.33685505574778934,15133939
506,28,ANDHRA PRADESH,GUNTUR,0.05911572472125668,0.1998615916955904,0.21413302575925772,0.2288965782391066,1964270.469834858,0.14794946234459588,-0.07972318339100345,0.39369473279507883,13291974
510,28,ANDHRA PRADESH,KRISHNA,0.012056901191848851,0.16633602460583105,0.18608227604764604,0.1998615916954863,1196747.1960926899,0.11721687809434443,-0.10340638216070744,0.3278123798539023,10225813
511,28,ANDHRA PRADESH,KURNOOL,0.09356401384082715,0.22889657823908902,0.2441522491350614,0.2679584775086792,3728519.581689664,0.18486398386578384,-0.1085121107266436,0.40359861591695495,20185908
515,28,ANDHRA PRADESH,POTTI SRIRAMULU NELLORE,0.06698961937716369,0.20693579392537548,0.22889657823911155,0.2441522491349621,2367535.1207948704,0.15524213436045656,-0.10340638216070744,0.39369473279507883,15263341
517,28,ANDHRA PRADESH,PRAKASAM,0.07535563244905338,0.2214532871972388,0.23646289888507416,0.2519646289889195,3406320.0562180043,0.16663999890036554,-0.14173010380622836,0.37425605536332185,20457221
519,28,ANDHRA PRADESH,SRIKAKULAM,0.038446751249520704,0.17937716262981668,0.1929104190695759,0.21413302575929893,851791.9029017126,0.12377374260233213,-0.07972318339100345,0.3278123798539023,6895077
520,28,ANDHRA PRADESH,VISAKHAPATNAM,0.02712802768166066,0.1663360246058238,0.18608227604771013,0.19986159169548492,1555527.4503632546,0.11442433676564634,-0.17937716262975778,0.3188927335640138,13613577
521,28,ANDHRA PRADESH,VIZIANAGARAM,0.03543252595155579,0.17279507881577946,0.19291041906957784,0.20693579392539102,891436.029469185,0.12311715524681689,-0.1085121107266436,0.3278123798539023,7256513
523,28,ANDHRA PRADESH,WEST GODAVARI,-0.004467554191981839,0.15378700499800957,0.1727950788158187,0.19291041906958034,875881.7776770202,0.09011410594809025,-0.14769703960015382,0.33685505574778934,9731922
628,12,ARUNACHAL PRADESH,ANJAW,-0.17279507881584938,0.04484429065744472,0.06698961937716748,0.09356401384082472,-343565.81999912794,-0.04518912355156514,-0.33685505574778934,0.2069357939254133,7611073
229,12,ARUNACHAL PRADESH,CHANGLANG,-0.15378700499808526,0.06299115724721527,0.08421376393695308,0.10340638216070766,-126282.76064099462,-0.02031788298771959,-0.36472126105344094,0.24415224913494812,6227191
230,12,ARUNACHAL PRADESH,DIBANG VALLEY,-0.20693579392539166,0.021079546449452848,0.048227604767394995,0.0753556324490571,-886925.5866527513,-0.07272984899844569,-0.33685505574778934,0.19986159169550174,12207130
231,12,ARUNACHAL PRADESH,EAST KAMENG,-0.17937716262977033,0.05173394848134706,0.07535563244904735,0.10340638216070917,-217531.8442264476,-0.03919353347825977,-0.33685505574778934,0.2288965782391388,5558425
233,12,ARUNACHAL PRADESH,KURUNG KUMEY,-0.1998615916954876,0.029773164167629578,0.05173394848134816,0.07972318339100962,-339724.5170330254,-0.060513183472482426,-0.31009611687812383,0.1929104190695886,5621269
234,12,ARUNACHAL PRADESH,LOHIT,-0.19291041906957782,0.05173394848134871,0.07535563244904905,0.09842368319876348,-146711.61439795067,-0.03805170055923687,-0.36472126105344094,0.2069357939254133,3863405
235,12,ARUNACHAL PRADESH,LOWER DIBANG VALLEY,-0.2069357939253967,0.041584006151481244,0.06299115724721116,0.08882737408688514,-229955.94331324406,-0.05129233307174125,-0.3553094963475586,0.2069357939254133,4491587
237,12,ARUNACHAL PRADESH,PAPUMPARE,-0.12456747404846404,0.10851211072666357,0.12456747404846781,0.14769703960016298,95961.12737083861,0.022187870358958316,-0.2761399461745483,0.24415224913494812,4333778
238,12,ARUNACHAL PRADESH,TAWANG,-0.17279507881584955,0.029773164167628274,0.055363321799308744,0.07972318339100459,-173736.14108268108,-0.0561558126713784,-0.2679584775086506,0.21413302575932336,3100277
239,12,ARUNACHAL PRADESH,TIRAP,-0.06299115724721147,0.08882737408688182,0.10851211072664953,0.12456747404844738,44262.50761446839,0.030088920853582616,-0.22145328719723184,0.22145328719723184,1474824
240,12,ARUNACHAL PRADESH,UPPER SIANG,-0.1998615916954893,0.03693811077632093,0.05911572472126463,0.07972318339100772,-484179.9150783298,-0.05676015317662475,-0.36472126105344094,0.1929104190695886,8540336
241,12,ARUNACHAL PRADESH,UPPER SUBANSIRI,-0.1929104190695769,0.0591157247212548,0.08421376393695178,0.10851211072664212,-303723.43673533126,-0.03699367901498935,-0.31009611687812383,0.24415224913494812,8220067
242,12,ARUNACHAL PRADESH,WEST KAMENG,-0.166336024605925,0.055363321799303936,0.07972318339101173,0.10340638216070758,-225485.9539152054,-0.036537928898500854,-0.31009611687812383,0.2599000384467512,6178998
719,12,ARUNACHAL PRADESH,LOWER SIANG,-0.10851211072664617,0.08421376393694835,0.10340638216070823,0.12456747404843965,23890.34445334872,0.010451392559126712,-0.3278123798539023,0.22145328719723184,2292082
236,12,ARUNACHAL PRADESH,LOWER SUBANSIRI,-0.1245674740484447,0.05536332179930781,0.0753556324490558,0.103406382160706,-40756.016014831235,-0.016672748745541248,-0.28444444444444444,0.2069357939254133,2449933
679,12,ARUNACHAL PRADESH,SIANG,-0.16633602460592442,0.05173394848134739,0.07535563244905139,0.09842368319876729,-130160.7983176144,-0.029747938816970344,-0.33685505574778934,0.19986159169550174,4383418
243,12,ARUNACHAL PRADESH,WEST SIANG,-0.13588619761630036,0.05536332179930375,0.07535563244904916,0.09842368319876736,-32504.0224664085,-0.019270746191652616,-0.2761399461745483,0.22145328719723184,1691102
725,12,ARUNACHAL PRADESH,SHI YOMI,-0.199861591695488,0.02460592079969235,0.055363321799307925,0.08882737408688673,-246329.50964586067,-0.07403926539901681,-0.29287197231833906,0.19986159169550174,3331997
724,12,ARUNACHAL PRADESH,LEPA RADA,-0.13016532103036518,0.0629911572472112,0.0842137639369473,0.10851211072664699,-14161.265587685091,-0.014632702513720454,-0.31009611687812383,0.22145328719723184,970650
723,12,ARUNACHAL PRADESH,PAKKE KESSANG,-0.10340638216071582,0.093564013840855,0.11374086889660824,0.13016532103036532,36017.2159980227,0.015048981493234016,-0.2679584775086506,0.24415224913494812,2399368
677,12,ARUNACHAL PRADESH,KRA DAADI,-0.13588619761629994,0.06698961937717131,0.08882737408689009,0.10851211072664735,-36418.41357377606,-0.01637381899153428,-0.29287197231833906,0.21413302575932336,2229870
678,12,ARUNACHAL PRADESH,NAMSAI,-0.12456747404843975,0.051733948481346145,0.06698961937717106,0.08421376393694632,-33056.5507830255,-0.019557581974568194,-0.28444444444444444,0.186082276047674,1693784
718,12,ARUNACHAL PRADESH,KAMLE,-0.0935640138408248,0.08882737408688662,0.1085121107266428,0.13016532103036565,23177.902461043846,0.013338391274872654,-0.28444444444444444,0.2288965782391388,1742339
232,12,ARUNACHAL PRADESH,EAST SIANG,-0.17279507881584688,0.036919576704206085,0.05911572472126356,0.08882737408688968,-87910.4183820495,-0.04140992898717425,-0.37425605536332185,0.2288965782391388,2127307
666,12,ARUNACHAL PRADESH,LONGDING,-0.05536332179930854,0.11909265667052715,0.13588619761631807,0.15378700499808481,66372.87009910743,0.05669571468115709,-0.22145328719723184,0.2364628988850442,1174145
616,18,ASSAM,BAKSA,-0.07535563244905585,0.05173394848134698,0.06299115724721115,0.07535563244905728,-1397.3779209538443,-4.5879115149895645E-4,-0.2364628988850442,0.2288965782391388,3055457
280,18,ASSAM,BARPETA,-0.048227604767393496,0.13016532103035966,0.16000000000000128,0.21413302575932713,138461.11617403044,0.04857766081582178,-0.14769703960015382,0.31009611687812383,2859045
705,18,ASSAM,BISWANATH,-0.06698961937716333,0.09842368319876638,0.1358861976162979,0.18608227604767416,80823.74831804185,0.02912677946895686,-0.17279507881584008,0.31009611687812383,2780367
281,18,ASSAM,BONGAIGAON,-0.05911572472126393,0.11909265667050897,0.14769703960016078,0.1929104190695813,65849.92657001018,0.047322024505559654,-0.13588619761630144,0.29287197231833906,1397646
282,18,ASSAM,CACHAR,-0.05536332179930684,0.11909265667053096,0.13588619761632428,0.1476970396001643,242587.97845450116,0.05215162954969984,-0.19986159169550174,0.2761399461745483,4659875
708,18,ASSAM,CHARAIDEO,-0.1137408688965745,0.04158400615148123,0.05911572472126455,0.07535563244905981,-26346.387137387414,-0.020765308906205752,-0.17937716262975778,0.16633602460592078,1273387
612,18,ASSAM,CHIRANG,-0.0842137639369485,0.05911572472125518,0.07111111111111805,0.08421376393694853,23479.50184179974,0.009831678757915302,-0.21413302575932336,0.2679584775086506,2393821
283,18,ASSAM,DARRANG,-0.07535563244905269,0.11909265667050485,0.15378700499808362,0.2069357939254185,49088.68019837127,0.024876448836976848,-0.14173010380622836,0.29287197231833906,1980527
284,18,ASSAM,DHEMAJI,-0.13016532103037703,0.03692684327135696,0.06698961937716193,0.10340638216070565,-126238.64068397213,-0.04046344255290041,-0.28444444444444444,0.2288965782391388,3127982
285,18,ASSAM,DHUBRI,-0.06299115724721135,0.11374086889657316,0.1417301038062376,0.17937716262975517,89645.82108661032,0.04346032637027494,-0.11909265667051133,0.29287197231833906,2073149
286,18,ASSAM,DIBRUGARH,-0.13016532103035736,0.059115724721263294,0.09356401384082305,0.14173010380622947,-95150.3876157637,-0.02241163635741385,-0.2364628988850442,0.2679584775086506,4254504
299,18,ASSAM,DIMA HASAO,-0.02460592079969269,0.15378700499796524,0.16633602460583757,0.18608227604770297,591206.1078572244,0.09801995514175822,-0.2069357939254133,0.2761399461745483,6041285
287,18,ASSAM,GOALPARA,-0.017777777777777462,0.1301653210303707,0.15378700499808398,0.19291041906957895,175292.86474246698,0.07218907459146277,-0.09842368319876971,0.3014225297962323,2434900
288,18,ASSAM,GOLAGHAT,-0.08421376393696112,0.0842137639369537,0.09842368319876653,0.12456747404844036,77442.91409029972,0.019270119889869097,-0.16633602460592078,0.2761399461745483,4029611
289,18,ASSAM,HAILAKANDI,-0.04158400615148107,0.12456747404847299,0.1417301038062158,0.1537870049980864,101876.087537927,0.062491448415803716,-0.16000000000000003,0.2519646289888504,1635070
709,18,ASSAM,HOJAI,-0.0271280276816614,0.11374086889657666,0.13016532103035347,0.1417301038062312,105499.72281330798,0.058388268333721474,-0.08882737408688965,0.2519646289888504,1811736
290,18,ASSAM,JORHAT,-0.08882737408688464,0.07972318339101579,0.09356401384082222,0.11374086889657416,27026.12947504086,0.011600953831774468,-0.16633602460592078,0.2679584775086506,2335717
618,18,ASSAM,KAMRUP METRO,-0.041584006151481036,0.10340638216072688,0.11374086889657319,0.13588619761630247,60950.36682370529,0.050452696927233066,-0.11374086889657825,0.2679584775086506,1212134
291,18,ASSAM,KAMRUP RURAL,-0.04158400615148118,0.09356401384084481,0.11374086889658033,0.13588619761629883,157741.48695470908,0.040640806426153656,-0.15378700499807765,0.28444444444444444,3891403
292,18,ASSAM,KARBI ANGLONG,-0.027128027681662812,0.1245674740484799,0.14173010380622705,0.1537870049980727,703567.0242893193,0.0772698622203923,-0.1929104190695886,0.2519646289888504,9120022
293,18,ASSAM,KARIMGANJ,-0.05173394848135153,0.09356401384082973,0.10851211072664738,0.13588619761630605,83766.25498984227,0.03765282082015294,-0.14173010380622836,0.2364628988850442,2229526
294,18,ASSAM,KOKRAJHAR,-0.05911572472126302,0.08421376393696654,0.09842368319876184,0.1137408688965755,112890.6834969047,0.02916091124322104,-0.1929104190695886,0.2519646289888504,3879174
295,18,ASSAM,LAKHIMPUR,-0.10340638216071087,0.05173394848134833,0.07535563244905541,0.11374086889657774,-60807.865780254055,-0.016187834210469945,-0.2364628988850442,0.29287197231833906,3763908
706,18,ASSAM,MAJULI,-0.07972318339101149,0.15378700499808115,0.20693579392541903,0.24415224913495323,76383.79353193002,0.04805573695848875,-0.186082276047674,0.3014225297962323,1595085
296,18,ASSAM,MARIGAON,-0.06698961937716601,0.10851211072664153,0.14173010380623932,0.1860822760476714,61636.838797999604,0.032779241693407034,-0.13588619761630144,0.29287197231833906,1884753
297,18,ASSAM,NAGAON,-0.055363321799306794,0.09356401384083489,0.11374086889657474,0.13016532103037118,116728.47321961752,0.0363621695625437,-0.14173010380622836,0.3014225297962323,3221993
298,18,ASSAM,NALBARI,-0.044844290657439355,0.08421376393694786,0.13016532103037087,0.17279507881584458,38846.12784381373,0.029838908116593253,-0.13016532103037293,0.31009611687812383,1306375
300,18,ASSAM,SIBSAGAR,-0.1085121107266509,0.04484429065743836,0.06698961937716154,0.09356401384082705,-41272.75896289101,-0.02022561749505458,-0.17937716262975778,0.2679584775086506,2046198
301,18,ASSAM,SONITPUR,-0.07535563244905717,0.0984236831987734,0.13588619761630388,0.1860822760476782,102141.31361237756,0.027200382710475254,-0.2364628988850442,0.3014225297962323,3761187
707,18,ASSAM,SOUTH SALMARA MANCACHAR,-0.032541330257593676,0.14173010380623666,0.17937716262975417,0.22145328719722904,47824.04618965853,0.06877740024858366,-0.10340638216070744,0.28444444444444444,699403
302,18,ASSAM,TINSUKIA,-0.13016532103036402,0.02582888091052754,0.0415840061514812,0.07535563244905949,-150858.7044792306,-0.031449467210380874,-0.2761399461745483,0.2288965782391388,4805197
617,18,ASSAM,UDALGURI,-0.09356401384082415,0.04822760476739454,0.05911572472125536,0.07535563244905154,-22630.276224960377,-0.00899377381163183,-0.2599000384467512,0.19986159169550174,2524545
710,18,ASSAM,WEST KARBI ANGLONG,-0.0384467512495193,0.12456747404847487,0.14173010380624096,0.1537870049980863,265073.7394644247,0.0695681105748288,-0.17937716262975778,0.2519646289888504,3818912
188,10,BIHAR,ARARIA,-0.012056901191848834,0.08421376393696177,0.09842368319876107,0.11374086889657994,149533.11017613174,0.04310326038575416,-0.07535563244905807,0.2599000384467512,3476505
611,10,BIHAR,ARWAL,0.07972318339100692,0.16633602460589916,0.18608227604769528,0.2069357939254141,102509.805216486,0.1303400682043737,-0.01574778931180315,0.34602076124567477,790200
189,10,BIHAR,AURANGABAD,0.0888273740868794,0.17279507881582212,0.1860822760477104,0.199861591695487,550618.8989211208,0.13548507510573274,-0.07535563244905807,0.33685505574778934,4071463
190,10,BIHAR,BANKA,0.06299115724721117,0.15999999999994774,0.17279507881582076,0.1860822760477061,447886.3299627986,0.12035673421416701,-0.022206843521722412,0.29287197231833906,3727975
191,10,BIHAR,BEGUSARAI,0.06698961937716422,0.16633602460587854,0.18608227604769734,0.24415224913494432,299453.3870756601,0.12592354527691435,-0.07111111111111111,0.3553094963475586,2385201
200,10,BIHAR,KAIMUR,0.09356401384083243,0.17937716262978093,0.1929104190695448,0.21413302575932983,595029.231798195,0.14342826710480042,-0.0271280276816609,0.3553094963475586,4155971
192,10,BIHAR,BHAGALPUR,0.059115724721264876,0.16633602460586794,0.1929104190695914,0.23646289888505614,373880.86413269525,0.11852452037910473,-0.03543252595155709,0.3553094963475586,3161985
193,10,BIHAR,BHOJPUR,0.07972318339101334,0.1727950788158511,0.18608227604770602,0.20693579392540704,390569.95682071126,0.13224642477270757,-0.0271280276816609,0.34602076124567477,2959033
194,10,BIHAR,BUXAR,0.08421376393695405,0.16633602460585636,0.17937716262979686,0.19986159169548925,274953.8840354037,0.1307912068575091,0.004982698961937716,0.34602076124567477,2107650
195,10,BIHAR,DARBHANGA,0.04484429065744258,0.13588619761634577,0.1417301038062414,0.16000000000000572,307381.2730338507,0.09829889204996893,-0.05911572472126105,0.2679584775086506,3135810
196,10,BIHAR,GAYA,0.07972318339101567,0.17937716262982234,0.19291041906956108,0.21413302575930732,836575.8776370989,0.13707903394950827,-0.029773164167627833,0.34602076124567477,6114662
197,10,BIHAR,GOPALGANJ,0.05536332179930576,0.15999999999994258,0.17279507881584144,0.1860822760477025,304779.0757205326,0.12014632513880173,-0.041584006151480196,0.3014225297962323,2543564
199,10,BIHAR,JAHANABAD,0.07972318339101161,0.1600000000000075,0.1727950788158502,0.18608227604768696,141754.67203652728,0.12268719746068495,-0.003936947327950788,0.31009611687812383,1159636
198,10,BIHAR,JAMUI,0.07535563244904611,0.18608227604764171,0.19986159169548356,0.21413302575931797,539897.3901791625,0.14165226135156006,-0.044844290657439445,0.3278123798539023,3819342
201,10,BIHAR,KATIHAR,-0.024605920799691018,0.12456747404846973,0.14769703960016936,0.18608227604768032,239911.5076756525,0.06372599052549506,-0.09356401384083046,0.3188927335640138,3773694
202,10,BIHAR,KHAGARIA,0.029773164167626875,0.14769703960017183,0.16633602460592495,0.19291041906958012,192984.91169778357,0.10458153756934965,-0.029773164167627833,0.33685505574778934,1851170
203,10,BIHAR,KISHANGANJ,-0.038446751249521044,0.0888273740868777,0.10851211072664829,0.13016532103037168,78478.00504094487,0.03268553153014541,-0.1085121107266436,0.3014225297962323,2408235
204,10,BIHAR,LAKHISARAI,0.07111111111111636,0.18608227604770072,0.2069357939253923,0.22889657823911128,197040.23309458068,0.13092615828628426,-0.022206843521722412,0.34602076124567477,1509373
205,10,BIHAR,MADHEPURA,0.029773164167627635,0.11909265667052504,0.13016532103036318,0.14769703960015515,181805.04052871422,0.08114000880297548,-0.022206843521722412,0.3188927335640138,2247230
206,10,BIHAR,MADHUBANI,0.038446751249521675,0.12456747404847567,0.13588619761634055,0.14769703960016692,381807.9531620983,0.08753637873716827,-0.04822760476739715,0.2761399461745483,4370352
207,10,BIHAR,MUNGER,0.06698961937717227,0.17937716262980094,0.2141330257593316,0.2519646289888452,223557.24187333038,0.12839162084127312,-0.01384083044982699,0.3553094963475586,1746408
208,10,BIHAR,MUZAFFARPUR,0.032541330257593676,0.12456747404847478,0.13588619761632598,0.14769703960016295,352418.44595109846,0.08920292388739971,-0.07972318339100345,0.29287197231833906,3958875
209,10,BIHAR,NALANDA,0.06698961937716925,0.15378700499806125,0.16633602460592137,0.18608227604768215,342261.1131354651,0.11713954621569138,-0.012056901191849288,0.3188927335640138,2929383
210,10,BIHAR,NAWADA,0.08421376393695933,0.1727950788158514,0.18608227604770847,0.1998615916954877,407881.8635169352,0.13313328559689108,-0.024605920799692427,0.34602076124567477,3071041
211,10,BIHAR,PASHCHIMI CHAMPARAN,-9.127218459299159E-4,0.11374086889658744,0.13016532103035416,0.14769703960015884,460000.1982924582,0.07022016466820079,-0.1085121107266436,0.3014225297962323,6560379
212,10,BIHAR,PATNA,0.0753556324490488,0.1793771626297999,0.19986159169548692,0.23646289888501715,524658.8369655686,0.13288827155659017,-0.05536332179930796,0.36472126105344094,3959090
213,10,BIHAR,PURBI CHAMPARAN,0.027128027681660276,0.12456747404847801,0.13588619761634155,0.15378700499808698,425781.7752334644,0.0858839339621229,-0.06698961937716265,0.29287197231833906,4966698
214,10,BIHAR,PURNIA,-0.013840830449827287,0.098423683198753,0.11374086889658212,0.135886197616299,205916.1476920495,0.051450495970972315,-0.07535563244905807,0.29287197231833906,4010639
215,10,BIHAR,ROHTAS,0.08882737408688274,0.1727950788157834,0.18608227604768535,0.20693579392539552,638423.8465709464,0.13480503162763413,-0.07111111111111111,0.36472126105344094,4743839
216,10,BIHAR,SAHARSA,0.022206843521720195,0.11909265667053015,0.13588619761630547,0.16633602460592414,168959.4148922608,0.08171965866266244,-0.03844675124951941,0.3188927335640138,2073256
217,10,BIHAR,SAMASTIPUR,0.06299115724721116,0.14769703960004835,0.15999999999996303,0.17937716262977774,381058.7198207053,0.11504542729149557,-0.05536332179930796,0.3278123798539023,3321029
218,10,BIHAR,SARAN,0.06299115724721123,0.16633602460585664,0.18608227604769934,0.2214532871972308,418590.42098626157,0.1277718068535664,-0.05173394848135333,0.3553094963475586,3282541
219,10,BIHAR,SHEIKHPURA,0.08421376393694384,0.1600000000000049,0.1727950788158502,0.18608227604767916,106954.44985091797,0.1278709254492829,-0.017777777777777778,0.2761399461745483,840498
220,10,BIHAR,SHEOHAR,0.013840830449826818,0.11909265667051679,0.13016532103037232,0.14769703960015287,41518.923664654416,0.07498721466920766,-0.03844675124951941,0.2519646289888504,556991
221,10,BIHAR,SITAMARHI,0.04158400615148119,0.1301653210303242,0.1417301038062082,0.1599999999999946,261560.45643859135,0.0957411041198428,-0.05536332179930796,0.2519646289888504,2739355
222,10,BIHAR,SIWAN,0.07111111111111745,0.16633602460582747,0.17937716262980277,0.19291041906958786,360053.3370662515,0.13043182821592733,-0.041584006151480196,0.3188927335640138,2766570
223,10,BIHAR,SUPAUL,0.004510302387375293,0.10851211072666195,0.12456747404845889,0.16000000000000544,203178.9153727903,0.06745483082095391,-0.08421376393694734,0.29287197231833906,3018897
224,10,BIHAR,VAISHALI,0.03543252595155651,0.15378700499796702,0.17279507881585066,0.22145328719724078,287722.90332709986,0.11396930979806291,-0.09356401384083046,0.34602076124567477,2529599
044,04,CHANDIGARH,CHANDIGARH,-0.08882737408688968,0.019930795847751218,0.03543252595155669,0.05536332179930823,-3082.8253915009936,-0.02072575902279979,-0.14769703960015382,0.1929104190695886,150026
646,22,CHHATTISGARH,BALOD,0.004500717397898187,0.14769703960012612,0.15999999999998363,0.17937716262977357,406744.4794646219,0.10110646618661313,-0.13588619761630144,0.3553094963475586,4030747
644,22,CHHATTISGARH,BALODA BAZAR,0.024605920799692493,0.15378700499800677,0.16633602460585678,0.18608227604769265,623116.2761754439,0.11118068918155169,-0.08421376393694734,0.3278123798539023,5614038
649,22,CHHATTISGARH,BALRAMPUR,0.05911572472126036,0.17279507881577685,0.17937716262981923,0.1929104190695985,1006014.5496548841,0.13171721877800996,-0.10340638216070744,0.33685505574778934,7650578
374,22,CHHATTISGARH,BASTAR,0.03844675124952086,0.15999999999995348,0.1727950788157888,0.18608227604771002,714238.2778125071,0.11191232273486834,-0.16000000000000003,0.31009611687812383,6393305
650,22,CHHATTISGARH,BEMETARA,0.017777777777778298,0.1476970396001388,0.15378700499803713,0.17279507881584932,293524.27315105905,0.10911657994480634,-0.05536332179930796,0.29287197231833906,2697016
636,22,CHHATTISGARH,BIJAPUR,0.06698961937716717,0.16633602460581978,0.17937716262981182,0.1929104190695871,1395842.849205699,0.12785852031579642,-0.17279507881584008,0.36472126105344094,10931393
375,22,CHHATTISGARH,BILASPUR,0.0026550084101488076,0.15999999999995673,0.17279507881579972,0.18608227604770206,460618.42896618746,0.10778908121157743,-0.08421376393694734,0.3014225297962323,4282196
734,22,CHHATTISGARH,GAURELA-PENDRA-MARWAHI,0.05536332179930686,0.17279507881578188,0.18608227604771246,0.19986159169548667,320004.8144558197,0.13250891330892303,-0.05536332179930796,0.28444444444444444,2420209
376,22,CHHATTISGARH,DAKSHIN BASTAR DANTEWADA,0.055363321799309535,0.16633602460582653,0.1793771626298115,0.19291041906960035,419467.9834245899,0.12605469081946324,-0.14769703960015382,0.2761399461745483,3336766
377,22,CHHATTISGARH,DHAMTARI,-0.00681477577833879,0.15378700499799705,0.16633602460586502,0.1860822760476879,514355.683695618,0.10551945949905066,-0.07535563244905807,0.36472126105344094,4882863
378,22,CHHATTISGARH,DURG,0.006822090663404029,0.13588619761635382,0.14769703960017325,0.16633602460592486,264268.9022777956,0.0960363188546034,-0.13016532103037293,0.3014225297962323,2758101
645,22,CHHATTISGARH,GARIYABAND,0.01574778931180284,0.1476970396001271,0.15999999999998374,0.1727950788158502,616941.8789657897,0.1068466588927704,-0.09356401384083046,0.3188927335640138,5784384
379,22,CHHATTISGARH,JANJGIR - CHAMPA,-0.0026331318079279345,0.1358861976163273,0.14769703960017205,0.1663360246059248,470683.868032064,0.0871156008799634,-0.13588619761630144,0.33685505574778934,5413703
380,22,CHHATTISGARH,JASHPUR,0.048227604767397965,0.15999999999994657,0.17279507881584993,0.18608227604770394,841687.2771913682,0.11880202948418807,-0.06698961937716265,0.31009611687812383,7094864
382,22,CHHATTISGARH,KABIRDHAM,0.03543252595155878,0.14769703960013283,0.16633602460587923,0.17937716262978673,527799.1027936293,0.10440774140223281,-0.06698961937716265,0.29287197231833906,5063228
381,22,CHHATTISGARH,UTTAR BASTAR KANKER,0.02977316416762814,0.15999999999995626,0.1727950788158513,0.18608227604769795,1013696.6627489256,0.11851343539014117,-0.12456747404844293,0.3278123798539023,8566278
643,22,CHHATTISGARH,KONDAGAON,0.012056901191848901,0.14173010380625894,0.1537870049980426,0.1663360246059246,583766.537315088,0.09687856569060461,-0.09842368319876971,0.31009611687812383,6035251
383,22,CHHATTISGARH,KORBA,0.05173394848134883,0.17279507881573733,0.17937716262982373,0.19291041906957043,1041745.2565259743,0.13062919945114823,-0.14769703960015382,0.3188927335640138,7984432
384,22,CHHATTISGARH,KOREA,0.07535563244904875,0.17279507881575262,0.18608227604765787,0.19986159169548623,1083304.253857255,0.13483634553918297,-0.08421376393694734,0.3553094963475586,8044955
385,22,CHHATTISGARH,MAHASAMUND,0.012056901191848657,0.15378700499801795,0.16633602460589705,0.17937716262976597,577218.3851348443,0.1014232914340294,-0.06698961937716265,0.3188927335640138,5701522
647,22,CHHATTISGARH,MUNGELI,0.004498423982033058,0.14173010380625292,0.15378700499805154,0.17279507881584974,331878.90363718587,0.0990911418081506,-0.07111111111111111,0.33685505574778934,3357558
637,22,CHHATTISGARH,NARAINPUR,0.051733948481348935,0.15999999999997067,0.17279507881585107,0.18608227604770267,538186.4255225881,0.11639665523298087,-0.15378700499807765,0.2679584775086506,4632332
386,22,CHHATTISGARH,RAIGARH,0.02460592079969155,0.15378700499798634,0.16633602460585642,0.17937716262978387,919283.5687049709,0.10828955356290416,-0.1085121107266436,0.33685505574778934,8502955
387,22,CHHATTISGARH,RAIPUR,0.015747789311802873,0.1417301038062748,0.15378700499803225,0.17279507881584927,347880.1546775033,0.09995393644014344,-0.07972318339100345,0.3278123798539023,3486230
388,22,CHHATTISGARH,RAJ NANDGAON,0.04484429065744057,0.15378700499799247,0.16633602460587207,0.18608227604769695,1137680.4139510738,0.1178175629429232,-0.13588619761630144,0.33685505574778934,9670842
642,22,CHHATTISGARH,SUKMA,0.07972318339100813,0.1793771626298309,0.18608227604767616,0.19986159169548506,913032.0908478169,0.14164880402418237,-0.09842368319876971,0.28444444444444444,6458280
648,22,CHHATTISGARH,SURAJPUR,0.07111111111111701,0.1727950788157548,0.18608227604770008,0.19986159169548548,897470.7626219576,0.13526337241266134,-0.08882737408688965,0.34602076124567477,6646511
389,22,CHHATTISGARH,SURGUJA,0.059115724721263974,0.16633602460581048,0.17937716262981687,0.1929104190695861,622617.9286057444,0.12823440041488263,-0.07972318339100345,0.3188927335640138,4864080
463,38,DADRA & NAGAR HAVELI & DAMAN & DIU,DAMAN,-0.0354325259515571,0.0984236831987724,0.103406382160705,0.11909265667051065,3902.613193658407,0.0458225780419318,-0.11374086889657825,0.19986159169550174,86148
464,38,DADRA & NAGAR HAVELI & DAMAN & DIU,DIU,-0.0629911572472125,0.10851211072664324,0.11909265667051072,0.13588619761630133,2097.8928806568865,0.04543360693923233,-0.13588619761630144,0.24415224913494812,47012
465,38,DADRA & NAGAR HAVELI & DAMAN & DIU,DADRA & NAGAR HAVELI,-0.0088581314878892,0.10340638216071216,0.1190926566705086,0.1301653210303745,36433.74179016742,0.062469884322796654,-0.11374086889657825,0.2364628988850442,587628
077,07,DELHI,CENTRAL,-0.05911572472126107,0.05911572472126281,0.07535563244905925,0.09356401384083105,1474.9259156131602,0.010898005667837418,-0.13016532103037293,0.17937716262975778,137139
078,07,DELHI,EAST,-0.07111111111111122,0.044844290657439737,0.05911572472126141,0.0797231833910033,-83.44802020339013,-0.002085413568141247,-0.11909265667051133,0.13588619761630144,40526
079,07,DELHI,NEW DELHI,-0.035432525951556465,0.09842368319877158,0.1358861976163052,0.16633602460592362,6896.540497030821,0.034678061001826944,-0.11909265667051133,0.2288965782391388,200534
080,07,DELHI,NORTH,-0.038446751249519,0.08421376393694847,0.10340638216070573,0.119092656670514,13035.624724722951,0.03511883986697303,-0.11909265667051133,0.22145328719723184,373407
081,07,DELHI,NORTH EAST,-0.05536332179930811,0.06299115724721205,0.08882737408688965,0.1301653210303729,847.0776883098926,0.018887200588272694,-0.1085121107266436,0.2288965782391388,45774
082,07,DELHI,NORTH WEST,-0.04822760476739761,0.07972318339100357,0.09356401384082928,0.1085121107266448,6326.865132715826,0.03239098608481145,-0.10340638216070744,0.2069357939254133,197251
671,07,DELHI,SHAHADRA,-0.06299115724721277,0.038446751249519656,0.05173394848135302,0.06698961937716255,-46.328218980632755,-0.0010583034924252712,-0.11374086889657825,0.17937716262975778,44424
083,07,DELHI,SOUTH,-0.051733948481353355,0.06698961937716226,0.08421376393694929,0.09842368319877122,4682.949255774495,0.023162922168283504,-0.13588619761630144,0.17937716262975778,203572
084,07,DELHI,SOUTH WEST,-0.03543252595155657,0.12456747404846075,0.13588619761629533,0.14769703960014965,22855.32558355723,0.06352368625311969,-0.14173010380622836,0.2519646289888504,362148
085,07,DELHI,WEST,-0.0629911572472115,0.06299115724721135,0.0797231833910049,0.09842368319876914,2463.6014190620963,0.014739464743157049,-0.13016532103037293,0.19986159169550174,168657
670,07,DELHI,SOUTH EAST,-0.0629911572472124,0.05173394848135298,0.07111111111111126,0.09842368319876978,604.1165609004016,0.0046876822803314025,-0.13588619761630144,0.2069357939254133,130060
551,30,GOA,NORTH GOA,-0.07111111111111268,0.07111111111111926,0.08421376393695039,0.09842368319876547,36737.201835458676,0.01817078421222609,-0.19986159169550174,0.186082276047674,2026943
552,30,GOA,SOUTH GOA,-0.05536332179930716,0.07535563244907348,0.08882737408687533,0.10340638216072111,56300.472026643285,0.024881518011891302,-0.1929104190695886,0.24415224913494812,2268792
673,24,GUJARAT,MORBI,0.005868888537583897,0.141730103806277,0.15999999999998862,0.17937716262976114,595219.359570314,0.09864157410851537,-0.16000000000000003,0.3553094963475586,6044416
438,24,GUJARAT,AHMADABAD,-0.006814510255075463,0.16633602460583777,0.17937716262980713,0.19986159169548706,954323.0754490349,0.10884120433433624,-0.08882737408688965,0.33685505574778934,8784863
440,24,GUJARAT,ANAND,9.103274901070337E-4,0.1663360246058362,0.1793771626298144,0.19986159169548545,435116.1049638661,0.11347272749318725,-0.08421376393694734,0.3014225297962323,3842291
674,24,GUJARAT,DEVBHUMI DWARKA,-0.036889036477763176,0.10340638216073064,0.12456747404845013,0.15378700499807585,272821.7308996943,0.05443276263953697,-0.186082276047674,0.33685505574778934,5023982
447,24,GUJARAT,JAMNAGAR,0.00585186038556389,0.13588619761635876,0.147697039600176,0.16633602460592484,640818.8983790367,0.08975212926102157,-0.13588619761630144,0.36472126105344094,7153837
449,24,GUJARAT,KACHCHH,-0.02586092784805537,0.2364628988850917,0.26795847750870583,0.30142252979622575,6181608.423592871,0.12464758597154649,-0.1929104190695886,0.4340484429065744,49630741
443,24,GUJARAT,BHAVNAGAR,0.00684643417796684,0.12456747404847894,0.13588619761633988,0.14769703960016783,667983.8389360856,0.08226000474011537,-0.12456747404844293,0.29287197231833906,8129986
442,24,GUJARAT,BHARUCH,-0.02460592079969189,0.11909265667053154,0.13016532103035106,0.1476970396001622,415589.7049642215,0.07011527445996112,-0.14173010380622836,0.3188927335640138,5942322
459,24,GUJARAT,SURAT,-0.06698961937716776,0.0984236831987506,0.11374086889658684,0.1301653210303561,188231.20864482503,0.03624935207837057,-0.15378700499807765,0.24415224913494812,5202601
453,24,GUJARAT,NAVSARI,-0.05173394848135169,0.08882737408687531,0.1034063821607245,0.12456747404845386,96798.25285731092,0.036751098512177914,-0.14769703960015382,0.24415224913494812,2640202
462,24,GUJARAT,VALSAD,-0.02460592079969285,0.10851211072665887,0.12456747404846144,0.14769703960016514,200341.73738218163,0.05700500046666746,-0.14173010380622836,0.2519646289888504,3524114
672,24,GUJARAT,ARAVALLI,0.07972318339100788,0.17279507881575268,0.18608227604770483,0.20693579392540012,538748.1456219696,0.14049127934677008,-0.07111111111111111,0.3553094963475586,3843076
441,24,GUJARAT,BANAS KANTHA,0.05173394848135058,0.15999999999993883,0.1663360246058287,0.17937716262980022,1590979.384928971,0.12071176800832574,-0.14173010380622836,0.3188927335640138,13197838
668,24,GUJARAT,CHHOTA UDEPUR,0.05173394848135136,0.15999999999993833,0.17279507881583026,0.18608227604770672,508288.21945069043,0.12190372028280641,-0.08882737408688965,0.29287197231833906,4179280
445,24,GUJARAT,DAHOD,0.03844675124952076,0.1727950788157736,0.1793771626298193,0.19291041906959233,582181.9193412596,0.13193202612101274,-0.08421376393694734,0.3188927335640138,4420485
444,24,GUJARAT,DANGS,0.03543252595155657,0.15378700499805886,0.1663360246059253,0.17937716262975575,233279.74550507794,0.11056578442509178,-0.13588619761630144,0.2599000384467512,2115144
675,24,GUJARAT,GIR SOMNATH,-0.010396001537870202,0.11909265667053184,0.13016532103034936,0.14769703960015954,230825.91460652914,0.07301507125114376,-0.13588619761630144,0.3188927335640138,3168667
448,24,GUJARAT,JUNAGADH,0.013840830449826882,0.14769703960007963,0.1599999999999645,0.17279507881585038,738265.4331657256,0.10020706429858732,-0.14173010380622836,0.33685505574778934,7380122
669,24,GUJARAT,MAHISAGAR,0.044844290657438134,0.16633602460582386,0.17937716262980669,0.19291041906958745,390505.1356887033,0.12804514699107858,-0.09356401384083046,0.3188927335640138,3057162
452,24,GUJARAT,NARMADA,0.01993079584775094,0.14769703960017827,0.15999999999999712,0.17937716262978812,335744.64796406275,0.09911063488929998,-0.13588619761630144,0.2761399461745483,3395262
454,24,GUJARAT,PANCH MAHALS,0.02460592079969286,0.15999999999993422,0.17279507881582765,0.1793771626297978,487012.4182188804,0.12255010580369384,-0.10340638216070744,0.3014225297962323,3982812
458,24,GUJARAT,SABAR KANTHA,0.07535563244905444,0.17937716262982684,0.19291041906955794,0.20693579392539047,743337.5744560272,0.1436042228184916,-0.05911572472126105,0.3278123798539023,5187838
641,24,GUJARAT,TAPI,-0.02712802768166038,0.1417301038062312,0.16000000000002196,0.17937716262977244,306705.7088601846,0.0815476280038958,-0.13588619761630144,0.31009611687812383,3771978
461,24,GUJARAT,VADODARA,0.01777777777777754,0.14173010380627218,0.15378700499801817,0.16633602460589794,489053.6500200882,0.09905436194656954,-0.14769703960015382,0.3014225297962323,4946678
439,24,GUJARAT,AMRELI,0.02460592079969137,0.14769703960006036,0.15999999999995873,0.17279507881585054,917732.082731171,0.10458788862699996,-0.12456747404844293,0.3553094963475586,8788427
456,24,GUJARAT,PORBANDAR,0.006855314060713863,0.14173010380622397,0.17279507881584918,0.20693579392541042,235212.3868727469,0.08460728455741064,-0.13016532103037293,0.33685505574778934,2788240
457,24,GUJARAT,RAJKOT,0.02116060572455397,0.14173010380627432,0.15999999999998837,0.17937716262976375,948020.9770344181,0.10236753722222028,-0.21413302575932336,0.37425605536332185,9279397
460,24,GUJARAT,SURENDRANAGAR,0.02597232499621815,0.15378700499799083,0.16633602460586244,0.19291041906958134,1236935.807338547,0.11135638240991073,-0.186082276047674,0.37425605536332185,11127032
676,24,GUJARAT,BOTAD,0.038446751249519635,0.14173010380625156,0.15378700499805878,0.16633602460592486,319769.284018081,0.1070163810934091,-0.07972318339100345,0.33685505574778934,2995174
450,24,GUJARAT,KHEDA,-0.0068343606220635025,0.16633602460580466,0.17937716262982006,0.18608227604771113,475208.32670991,0.11398956076976326,-0.10340638216070744,0.31009611687812383,4177913
451,24,GUJARAT,MAHESANA,0.05911572472126291,0.16633602460579183,0.17279507881573897,0.18608227604770514,723671.1904498781,0.13447000419224397,-0.05911572472126105,0.3188927335640138,5393193
446,24,GUJARAT,GANDHINAGAR,0.04822760476739485,0.16633602460581345,0.1793771626298058,0.1860822760477043,334578.49591215706,0.13094854247742754,-0.08882737408688965,0.3014225297962323,2563098
455,24,GUJARAT,PATAN,0.032541330257592364,0.15378700499796977,0.1663360246058511,0.1793771626297756,793507.8598660427,0.11246113330811798,-0.13016532103037293,0.3839138792772011,7069966
058,06,HARYANA,AMBALA,-0.08882737408688623,0.017777777777779096,0.035432525951559386,0.055363321799310215,-59396.578998344405,-0.03037332607019596,-0.17279507881584008,0.21413302575932336,1963507
059,06,HARYANA,BHIWANI,0.015747789311802807,0.14173010380625362,0.1600000000000069,0.17279507881584985,432673.42864528135,0.10333486122667383,-0.2069357939254133,0.28444444444444444,4194676
060,06,HARYANA,FARIDABAD,-0.04822760476739438,0.08882737408688555,0.1034063821607149,0.12456747404843904,38632.58047536035,0.04100675534353903,-0.14769703960015382,0.2364628988850442,945230
061,06,HARYANA,FATEHABAD,-0.02977316416763091,0.08882737408689008,0.10340638216072318,0.11909265667051527,115147.00924619015,0.03553861917206032,-0.11374086889657825,0.2519646289888504,3246738
062,06,HARYANA,GURUGRAM,-0.013840830449826973,0.11909265667052893,0.13016532103034487,0.14769703960016656,113663.21625525119,0.07175857718317005,-0.13016532103037293,0.2364628988850442,1589083
063,06,HARYANA,HISAR,-0.002634497507328443,0.11909265667053576,0.13588619761633922,0.153787004998087,391316.1037757749,0.07517367294650158,-0.13016532103037293,0.2761399461745483,5213950
064,06,HARYANA,JHAJJAR,-0.0026322950482813687,0.1137408688965957,0.13016532103036504,0.1417301038062375,161075.81982761086,0.06821519602493006,-0.10340638216070744,0.2679584775086506,2367667
065,06,HARYANA,JIND,-0.041584006151481216,0.08421376393696622,0.09842368319877302,0.11374086889657363,104826.0231606891,0.029987803125361197,-0.1085121107266436,0.2519646289888504,3503951
066,06,HARYANA,KAITHAL,-0.06698961937717085,0.032541330257591074,0.0553633217993064,0.07972318339100638,-39147.207806460705,-0.013395870584650756,-0.15378700499807765,0.21413302575932336,2929802
067,06,HARYANA,KARNAL,-0.06698961937716481,0.03543252595156057,0.05911572472126461,0.08421376393694792,-43065.94638096935,-0.01354470425242692,-0.13588619761630144,0.21413302575932336,3186602
068,06,HARYANA,KURUKSHETRA,-0.08421376393695869,0.012056901191848384,0.03543252595155994,0.05911572472126384,-69409.49203204834,-0.03215310585978375,-0.14769703960015382,0.2288965782391388,2164099
069,06,HARYANA,MAHENDRAGARH,0.05536332179930848,0.14173010380626666,0.1537870049980546,0.1663360246059251,269975.3556511508,0.11031216505711822,-0.08882737408688965,0.2761399461745483,2455293
604,06,HARYANA,MEWAT,0.01384083044982678,0.14173010380623852,0.1537870049980888,0.16633602460592495,181194.38312613845,0.0946945720347557,-0.1085121107266436,0.2519646289888504,1920287
619,06,HARYANA,PALWAL,-0.012056901191848672,0.10340638216073152,0.11374086889658613,0.13016532103037098,96657.27669812535,0.056247928969189454,-0.08882737408688965,0.29287197231833906,1723336
070,06,HARYANA,PANCHKULA,-0.11909265667051257,-0.0026476916919175877,0.01384083044982665,0.03254133025759369,-56944.03899825355,-0.04988501359074869,-0.24415224913494812,0.16000000000000003,1145979
071,06,HARYANA,PANIPAT,-0.032541330257592545,0.07111111111111765,0.08882737408687993,0.11374086889657632,45255.69786128517,0.027156199703311564,-0.12456747404844293,0.2679584775086506,1670732
072,06,HARYANA,REWARI,0.04158400615148098,0.1358861976163121,0.14769703960017314,0.16000000000000772,202742.04827384395,0.10310784053272658,-0.1085121107266436,0.2599000384467512,1972079
073,06,HARYANA,ROHTAK,-0.0067991431983457345,0.10340638216072918,0.11374086889658534,0.13016532103037104,118876.36235975187,0.055920631053475604,-0.11374086889657825,0.2599000384467512,2130843
074,06,HARYANA,SIRSA,-0.01574778931180281,0.11909265667053534,0.13016532103033707,0.14173010380620987,374473.30427963485,0.06834507453067357,-0.09842368319876971,0.29287197231833906,5487960
075,06,HARYANA,SONIPAT,-0.02220684352172098,0.0797231833910173,0.09842368319876522,0.11374086889657428,96684.6704213702,0.034769931314431804,-0.11374086889657825,0.24415224913494812,2786505
076,06,HARYANA,YAMUNANAGAR,-0.113740868896588,0.010396001537870287,0.03254133025759148,0.05536332179930765,-92570.62410250033,-0.04169876505148781,-0.21413302575932336,0.2069357939254133,2225647
701,06,HARYANA,CHARKHI DADRI,0.035432525951559546,0.13588619761634615,0.14769703960017058,0.16633602460592456,182822.28239732416,0.10407655304471887,-0.09842368319876971,0.34602076124567477,1761774
015,02,HIMACHAL PRADESH,BILASPUR,-0.16000000000001816,0.024605920799693003,0.05173394848134943,0.07111111111111493,-99010.82776511634,-0.06505589300540021,-0.2679584775086506,0.1929104190695886,1527049
016,02,HIMACHAL PRADESH,CHAMBA,-0.25196462898884475,-0.005802531976141195,0.021070185544564624,0.051733948481353396,-874384.1416625225,-0.10140384374460817,-0.39369473279507883,0.21413302575932336,8634536
017,02,HIMACHAL PRADESH,HAMIRPUR,-0.18608227604769867,-0.04822760476740188,-0.02460592079969145,0.0068142031201795595,-162123.2309376291,-0.11099837553832849,-0.3014225297962323,0.17279507881584008,1464411
018,02,HIMACHAL PRADESH,KANGRA,-0.21413302575926726,-0.02113210168414319,0.02589193912831494,0.06698961937717489,-761866.4269969355,-0.10085947833860863,-0.34602076124567477,0.1929104190695886,7565612
020,02,HIMACHAL PRADESH,KULLU,-0.25990003844677845,-0.005808617609006771,0.021074266973955723,0.05173394848135365,-734933.1901093276,-0.10203718930133335,-0.3839138792772011,0.186082276047674,7211360
022,02,HIMACHAL PRADESH,MANDI,-0.24415224913495356,-0.01681295853712553,0.012962635877102216,0.044844290657438515,-577445.5283382738,-0.11168062993598618,-0.3553094963475586,0.19986159169550174,5177402
023,02,HIMACHAL PRADESH,SHIMLA,-0.2679584775086794,-0.012990816586308096,0.012961992262842574,0.041584006151480925,-775748.6196877701,-0.1161589964655555,-0.37425605536332185,0.19986159169550174,6689722
024,02,HIMACHAL PRADESH,SIRMAUR,-0.21413302575929466,0.001686343161059889,0.02585573404377268,0.05911572472126372,-300086.42364305834,-0.08191608615126822,-0.34602076124567477,0.2069357939254133,3670428
025,02,HIMACHAL PRADESH,SOLAN,-0.17937716262978784,-0.01205690119184853,0.008858131487889154,0.03543252595155648,-191145.78258696492,-0.07589911088762005,-0.3014225297962323,0.1929104190695886,2524974
026,02,HIMACHAL PRADESH,UNA,-0.16000000000000722,-0.0157477893118028,0.008858131487889333,0.048227604767394336,-153683.4121004906,-0.07617246522581553,-0.2519646289888504,0.1929104190695886,2022495
019,02,HIMACHAL PRADESH,KINNAUR,-0.17937716262976708,0.025866551782006735,0.04822760476739584,0.07111111111111318,-495404.4537019143,-0.05822416060024951,-0.3553094963475586,0.22145328719723184,8518904
021,02,HIMACHAL PRADESH,LAHUL & SPITI,-0.16000000000000464,0.025863904766697473,0.044844290657439556,0.06698961937716241,-988913.5478463874,-0.05364080311259531,-0.3278123798539023,0.17937716262975778,18455211
,01,JAMMU & KASHMIR,MIRPUR,-0.19986159169548579,-0.008858131487889331,0.032541330257593266,0.07111111111111518,-455369.7359824145,-0.09431697490615569,-0.3188927335640138,0.17937716262975778,4837249
,01,JAMMU & KASHMIR,MUZAFFARABAD,-0.2599000384467581,-0.01680968235937126,0.009648798990965362,0.0369018752991483,-752058.6933077478,-0.11577452306563066,-0.42377547097270285,0.17279507881584008,6508506
010,01,JAMMU & KASHMIR,PUNCH,-0.2679584775086779,-0.06698961937716907,-0.04158400615148116,-0.013002914942196669,-864847.1218264005,-0.1519461440731481,-0.40359861591695495,0.14769703960015382,5700333
001,01,JAMMU & KASHMIR,ANANTNAG,-0.25990003844676873,-0.04158400615148121,-0.013002125532247494,0.016756917200445927,-496774.7283566388,-0.13575967852154744,-0.3839138792772011,0.16000000000000003,3666744
003,01,JAMMU & KASHMIR,BARAMULA,-0.2928719723183607,-0.06698961937716742,-0.03701919254900033,-0.00581399807582058,-434138.1806048034,-0.15630767847351776,-0.40359861591695495,0.14769703960015382,2783290
007,01,JAMMU & KASHMIR,KATHUA,-0.22889657823912068,-0.03254133025759343,-0.00582834493265301,0.02977316416762853,-344630.47526771744,-0.10417299189012308,-0.3839138792772011,0.17937716262975778,3314635
014,01,JAMMU & KASHMIR,UDHAMPUR,-0.25196462898884475,-0.05173394848134776,-0.025937741686329546,0.0016830321415835972,-393589.26515986846,-0.1300098798386801,-0.36472126105344094,0.17937716262975778,3033474
002,01,JAMMU & KASHMIR,BADGAM,-0.2928719723183032,-0.06299115724721122,-0.0370183175702489,-0.013000393410203436,-256770.03157509785,-0.15296024950701786,-0.3839138792772011,0.2069357939254133,1682823
623,01,JAMMU & KASHMIR,BANDIPURA,-0.25196462898884475,-0.012993739501471011,0.00964497086496552,0.03690434377790526,-589181.8086453988,-0.10764587724480366,-0.40359861591695495,0.17279507881584008,5482179
626,01,JAMMU & KASHMIR,GANDERBAL,-0.24415224913493372,-0.021116334404224082,0.00573372065469069,0.03254133025759361,-255227.04014661413,-0.11679770306355777,-0.3553094963475586,0.19986159169550174,2192068
622,01,JAMMU & KASHMIR,KULGAM,-0.2761399461745367,-0.048227604767399,-0.02111027006559836,0.005735270349556633,-246286.11647128357,-0.14546151917228042,-0.39369473279507883,0.12456747404844293,1698369
008,01,JAMMU & KASHMIR,KUPWARA,-0.3100961168780993,-0.08882737408688397,-0.059115724721263946,-0.02595066913831199,-661390.8510544628,-0.17819968585029505,-0.42377547097270285,0.14173010380622836,3717596
011,01,JAMMU & KASHMIR,PULWAMA,-0.23646289888505773,-0.051733948481352106,-0.02112667867676494,0.016767872106119693,-169880.82460302734,-0.1410378025172808,-0.3278123798539023,0.19986159169550174,1208381
012,01,JAMMU & KASHMIR,RAJAURI,-0.22889657823912044,-0.048227604767399616,-0.02594418105697799,0.001676696127653111,-419428.18887691956,-0.11933874082386658,-0.37425605536332185,0.15378700499807765,3521026
621,01,JAMMU & KASHMIR,RAMBAN,-0.2599000384467455,-0.02112048488516827,0.009642596844838543,0.04158400615148089,-204517.59062212036,-0.11899541558270646,-0.3553094963475586,0.16633602460592078,1722238
627,01,JAMMU & KASHMIR,RIASI,-0.24415224913492883,-0.01680495984789275,0.009629390463404261,0.041584006151480925,-279876.05207601254,-0.10865413789526718,-0.3839138792772011,0.19986159169550174,2582725
625,01,JAMMU & KASHMIR,SHUPIYAN,-0.3100961168781305,-0.13016532103036518,-0.10851211072664624,-0.07535563244905875,-134594.42023696855,-0.19863549680562262,-0.3839138792772011,0.08882737408688965,681043
013,01,JAMMU & KASHMIR,SRINAGAR,-0.24415224913494155,-0.0384467512495188,-0.00447880993394983,0.01993079584775082,-48205.32803411815,-0.1273205468237235,-0.3188927335640138,0.14769703960015382,381957
620,01,JAMMU & KASHMIR,KISHTWAR,-0.23646289888502775,0.0016877560030951085,0.025859041362687768,0.05536332179930868,-1037493.5008458789,-0.09492027217861447,-0.40359861591695495,0.1929104190695886,10942149
004,01,JAMMU & KASHMIR,DODA,-0.2844444444444624,-0.04158400615148121,-0.013000413202550498,0.021057536957579295,-444987.73117876536,-0.13886733420589814,-0.41362552864282975,0.16000000000000003,3210495
624,01,JAMMU & KASHMIR,SAMBA,-0.14173010380621995,-0.013840830449827498,0.0044698090843086,0.03254133025759358,-84495.53875885114,-0.0688263814395136,-0.24415224913494812,0.1929104190695886,1231705
005,01,JAMMU & KASHMIR,JAMMU,-0.16633602460592492,-0.022206843521722246,-9.298012026233527E-4,0.024605920799692715,-268344.2468327818,-0.08393223434340216,-0.2599000384467512,0.21413302575932336,3204791
322,20,JHARKHAND,BOKARO,0.041584006151481105,0.1537870049980211,0.1663360246059031,0.17937716262976733,401023.552694505,0.11426169283911047,-0.13016532103037293,0.28444444444444444,3518062
323,20,JHARKHAND,CHATRA,0.08882737408688471,0.19291041906951306,0.2069357939253785,0.2141330257592495,717095.2013402595,0.15401914636529335,-0.1085121107266436,0.34602076124567477,4666877
325,20,JHARKHAND,DHANBAD,0.03844675124951876,0.15378700499801506,0.16633602460586666,0.17937716262978842,276987.15235280135,0.11139916515273808,-0.13588619761630144,0.2761399461745483,2490976
324,20,JHARKHAND,DEOGHAR,0.07972318339101274,0.18608227604765165,0.1998615916954839,0.21413302575930898,432434.0667114342,0.14202982635774453,-0.05536332179930796,0.3278123798539023,3050828
326,20,JHARKHAND,DUMKA,0.059115724721263814,0.16633602460580924,0.17937716262981593,0.19986159169548706,588126.8784214158,0.12769537768351133,-0.08421376393694734,0.3553094963475586,4613615
328,20,JHARKHAND,GARHWA,0.08882737408688192,0.18608227604757702,0.19986159169548315,0.2141330257593241,758119.5677260451,0.15115004582245398,-0.05536332179930796,0.3553094963475586,5023969
329,20,JHARKHAND,GIRIDIH,0.07535563244905094,0.17937716262983291,0.19291041906955653,0.20693579392538722,852342.3694001879,0.14022170570944653,-0.05173394848135333,0.31009611687812383,6087886
330,20,JHARKHAND,GODDA,0.06698961937716592,0.17279507881575668,0.17937716262981337,0.19291041906956977,361006.85908732656,0.12856587870164227,-0.05911572472126105,0.31009611687812383,2814180
331,20,JHARKHAND,GUMLA,0.06299115724721117,0.17937716262980094,0.1860822760476129,0.1998615916954841,874063.6245499906,0.13436685194489756,-0.08882737408688965,0.33685505574778934,6516036
332,20,JHARKHAND,HAZARIBAGH,0.0629911572472112,0.17279507881576622,0.18608227604768515,0.1998615916954867,690422.8722366673,0.13022097246708444,-0.13588619761630144,0.34602076124567477,5315097
333,20,JHARKHAND,JAMTARA,0.07535563244905222,0.17937716262982906,0.19291041906958217,0.20693579392538958,309214.8052903304,0.14004204251528726,-0.03543252595155709,0.31009611687812383,2214404
606,20,JHARKHAND,KHUNTI,0.048227604767397465,0.17279507881573852,0.17937716262982065,0.19291041906957127,398402.59607431403,0.12462705527290076,-0.05911572472126105,0.28444444444444444,3204257
334,20,JHARKHAND,KODARMA,0.07535563244904624,0.1663360246058836,0.17937716262977862,0.19291041906957546,261709.3560998211,0.13022027550770202,-0.05536332179930796,0.3188927335640138,2016064
335,20,JHARKHAND,LATEHAR,0.05911572472126196,0.17937716262980472,0.19291041906955955,0.19986159169548443,729275.3082474864,0.14099491602534955,-0.07535563244905807,0.3278123798539023,5182155
336,20,JHARKHAND,LOHARDAGA,0.05536332179930817,0.15999999999995387,0.1727950788158511,0.18608227604770156,222781.85665097783,0.12151930194863783,-0.09842368319876971,0.3014225297962323,1838361
337,20,JHARKHAND,PAKUR,0.04822760476739557,0.15378700499802062,0.16633602460587849,0.17937716262977438,251696.8073787092,0.11390254183981163,-0.11374086889657825,0.28444444444444444,2216228
338,20,JHARKHAND,PALAMU,0.09356401384082859,0.19291041906951759,0.20693579392537956,0.21413302575930762,843178.7150308779,0.15591873361808348,-0.03844675124951941,0.3188927335640138,5416996
343,20,JHARKHAND,WEST SINGHBHUM,0.05536332179930574,0.1663360246058106,0.17279507881579462,0.18608227604770952,1062273.8950273031,0.121766986629641,-0.13016532103037293,0.28444444444444444,8734513
327,20,JHARKHAND,EAST SINGHBHUM,0.013840830449826758,0.14769703960015643,0.1599999999999956,0.17279507881585043,462693.3277936763,0.10764197605787681,-0.07111111111111111,0.3014225297962323,4306723
607,20,JHARKHAND,RAMGARH,0.04158400615148088,0.1537870049980659,0.1663360246059251,0.17937716262975356,187564.76783333355,0.11042253487382458,-0.13016532103037293,0.28444444444444444,1705200
339,20,JHARKHAND,RANCHI,0.059115724721264494,0.16633602460583308,0.17937716262980408,0.19291041906959486,752173.8684460793,0.1241104773242319,-0.05536332179930796,0.3278123798539023,6072574
340,20,JHARKHAND,SAHIBGANJ,0.04158400615148112,0.15378700499799783,0.17279507881585043,0.1929104190695885,303814.88398460165,0.1125861053769338,-0.1085121107266436,0.3278123798539023,2704649
341,20,JHARKHAND,SARAIKELA-KHARSAWAN,0.03543252595155958,0.1476970396001565,0.15999999999999054,0.17279507881585,347656.40237280406,0.10791872373883526,-0.08882737408688965,0.2761399461745483,3228630
342,20,JHARKHAND,SIMDEGA,0.0753556324490503,0.17279507881574074,0.17937716262981596,0.19291041906958353,608807.5797732676,0.13327568957284044,-0.0629911572472126,0.3278123798539023,4575865
524,29,KARNATAKA,BAGALKOT,0.029773164167627857,0.17279507881577547,0.18608227604769484,0.22889657823914475,913653.2172087908,0.11981435235706689,-0.06698961937716265,0.3839138792772011,7637876
528,29,KARNATAKA,BALLARI,0.05173394848135093,0.2141330257592998,0.228896578239102,0.2599000384467518,1580284.2483740041,0.1613071413948832,-0.1085121107266436,0.3839138792772011,9811668
527,29,KARNATAKA,BELAGAVI,-0.005712474631082545,0.1476970396000891,0.16633602460584487,0.17937716262980144,1480517.0477841771,0.09473958649262589,-0.17279507881584008,0.36472126105344094,15647841
526,29,KARNATAKA,BENGALURU RURAL,0.10340638216070432,0.22145328719726445,0.23646289888504382,0.24415224913493005,484422.5775828151,0.18358222472646454,-0.03844675124951941,0.37425605536332185,2647699
525,29,KARNATAKA,BENGALURU URBAN,0.07972318339101331,0.20693579392537548,0.2214532871972011,0.2364628988850601,400063.9344316921,0.15880973194539566,-0.03254133025759323,0.36472126105344094,2525378
529,29,KARNATAKA,BIDAR,0.03254133025759322,0.14769703960012434,0.15999999999998363,0.17279507881585054,665724.4977937652,0.10404438460719538,-0.08882737408688965,0.3014225297962323,6408943
531,29,KARNATAKA,CHAMARAJANAGAR,0.08421376393694888,0.22145328719726065,0.23646289888504007,0.25196462898884464,1110878.00478849,0.17211921086643325,-0.11374086889657825,0.36472126105344094,6464990
630,29,KARNATAKA,CHIK BALLAPUR,0.1137408688965742,0.22889657823908874,0.23646289888506736,0.2519646289888446,925383.139543953,0.1896341681919408,-0.029773164167627833,0.37425605536332185,4888990
532,29,KARNATAKA,CHIKKAMAGALURU,0.0017574388818269655,0.1793771626298293,0.19986159169548326,0.21413302575928142,866355.6329552992,0.10464552181576546,-0.16000000000000003,0.3553094963475586,8290158
533,29,KARNATAKA,CHITRADURGA,0.08882737408688798,0.22145328719724125,0.23646289888506597,0.25196462898888705,1646143.872471855,0.16927379386604738,-0.0629911572472126,0.39369473279507883,9737571
534,29,KARNATAKA,DAKSHINA KANNADA,-0.0199307958477512,0.09842368319873902,0.113740868896601,0.13016532103037487,300459.104180126,0.053942735931381505,-0.17279507881584008,0.2364628988850442,5579048
535,29,KARNATAKA,DAVANGERE,0.03844675124952001,0.19291041906953638,0.20693579392538172,0.22145328719721985,976058.1259419601,0.14278410220941212,-0.07111111111111111,0.3553094963475586,6847089
536,29,KARNATAKA,DHARWAD,0.05911572472126467,0.16633602460584063,0.17279507881583536,0.18608227604770147,625688.0764492338,0.1267553224877777,-0.07972318339100345,0.33685505574778934,4944779
537,29,KARNATAKA,GADAG,0.07535563244905394,0.17937716262982922,0.19291041906955936,0.20693579392539113,764325.2747995825,0.14155013850376885,-0.06698961937716265,0.34602076124567477,5409858
539,29,KARNATAKA,HASSAN,0.021135477038679046,0.1793771626298339,0.19986159169548326,0.21413302575931553,983370.535545416,0.12580436086562802,-0.15378700499807765,0.3839138792772011,7828705
540,29,KARNATAKA,HAVERI,0.05173394848135297,0.18608227604762342,0.1929104190695419,0.20693579392538664,780913.8562658505,0.14009906617433596,-0.05536332179930796,0.36472126105344094,5582700
538,29,KARNATAKA,KALABURAGI,0.04158400615148121,0.15999999999993345,0.17279507881576336,0.18608227604767466,1484848.3445408032,0.11583553304522295,-0.10340638216070744,0.34602076124567477,12835141
541,29,KARNATAKA,KODAGU,-0.016745669978515287,0.13016532103033612,0.14769703960017272,0.16633602460592486,344525.7220539542,0.07338003028022012,-0.15378700499807765,0.34602076124567477,4703960
542,29,KARNATAKA,KOLAR,0.10340638216070525,0.2214532871972828,0.23646289888501454,0.24415224913492323,822097.6377992323,0.17999085752188357,-0.04822760476739715,0.37425605536332185,4576751
543,29,KARNATAKA,KOPPAL,0.0629911572472113,0.19291041906951725,0.20693579392538006,0.2519646289888464,981575.0059360797,0.15192257280258886,-0.11374086889657825,0.3839138792772011,6471180
544,29,KARNATAKA,MANDYA,0.05911572472126404,0.19291041906953152,0.20693579392538125,0.22145328719721827,820388.8509842476,0.1443005256194611,-0.07972318339100345,0.39369473279507883,5695228
545,29,KARNATAKA,MYSURU,0.06299115724721123,0.1860822760476501,0.19986159169548368,0.21413302575931917,1001505.9211743872,0.13880628739989875,-0.08421376393694734,0.3839138792772011,7227650
546,29,KARNATAKA,RAICHUR,0.07535563244905462,0.19291041906951312,0.20693579392537764,0.22145328719721646,1499232.9316762974,0.15268873086458018,-0.09842368319876971,0.37425605536332185,9829398
631,29,KARNATAKA,RAMANAGARAM,0.09842368319877406,0.21413302575927162,0.22889657823910617,0.2364628988850465,700551.639285139,0.17403353447245293,-0.1085121107266436,0.36472126105344094,4034113
547,29,KARNATAKA,SHIVAMOGGA,-0.001677356992484407,0.15999999999995704,0.1793771626298068,0.19986159169548723,967844.916819943,0.09908091248792232,-0.17279507881584008,0.3553094963475586,9782492
548,29,KARNATAKA,TUMAKURU,0.08421376393696131,0.22145328719729268,0.23646289888505284,0.2519646289888637,2047319.8812838802,0.16802989264298546,-0.044844290657439445,0.3839138792772011,12204538
549,29,KARNATAKA,UDUPI,-0.029773164167628572,0.09356401384086147,0.10340638216073082,0.11909265667052174,193747.3855010154,0.04704739572942647,-0.19986159169550174,0.22145328719723184,4125180
550,29,KARNATAKA,UTTARA KANNADA,-0.041584006151481244,0.12456747404847916,0.14173010380628295,0.1599999999999853,645678.225897302,0.05435694569464027,-0.2288965782391388,0.36472126105344094,11893283
530,29,KARNATAKA,VIJAYAPURA,0.03844675124952106,0.15378700499797263,0.16633602460585478,0.17937716262978542,1376884.2048688869,0.11240748711184805,-0.09842368319876971,0.39369473279507883,12262243
635,29,KARNATAKA,YADGIR,0.05173394848135169,0.19291041906951673,0.19986159169548218,0.21413302575931034,919912.6330084432,0.149579368322266,-0.044844290657439445,0.3553094963475586,6160245
554,32,KERALA,ALAPPUZHA,-0.019930795847751214,0.17937716262975512,0.2288965782391479,0.2679584775086488,128459.75829189815,0.07977274997748296,-0.14769703960015382,0.34602076124567477,1615612
555,32,KERALA,ERNAKULAM,-0.03254133025759244,0.11374086889660175,0.13016532103036002,0.15378700499808476,211798.81786823037,0.06094080611468619,-0.2069357939254133,0.2761399461745483,3482949
556,32,KERALA,IDUKKI,-0.06299115724721129,0.11374086889660215,0.135886197616318,0.16633602460592445,205049.5049188992,0.04146737455634527,-0.24415224913494812,0.28444444444444444,4955513
557,32,KERALA,KANNUR,-0.02977316416762789,0.10340638216073457,0.11909265667052533,0.13588619761630957,178698.8329987613,0.05269660264782294,-0.1929104190695886,0.2599000384467512,3397343
558,32,KERALA,KASARAGOD,-0.0157477893118029,0.10851211072666024,0.12456747404846082,0.14173010380622386,139256.73019077218,0.06103071242653588,-0.17937716262975778,0.2364628988850442,2288384
559,32,KERALA,KOLLAM,-0.04822760476739516,0.09842368319877129,0.1190926566705152,0.13588619761629855,123666.92876817218,0.043975820525935246,-0.2519646289888504,0.2761399461745483,2818601
560,32,KERALA,KOTTAYAM,-0.03689311872594058,0.11909265667052439,0.1417301038062386,0.17279507881584638,149823.40301445703,0.05989094982804089,-0.22145328719723184,0.3278123798539023,2507427
561,32,KERALA,KOZHIKODE,-0.029773164167628097,0.09356401384084187,0.10851211072665143,0.13016532103036957,125150.37756368773,0.0467167734923386,-0.16633602460592078,0.2519646289888504,2684454
562,32,KERALA,MALAPPURAM,-0.01993079584775084,0.11909265667053216,0.13588619761633686,0.15378700499808545,260324.37260239676,0.06426670925432958,-0.2069357939254133,0.2679584775086506,4058183
563,32,KERALA,PALAKKAD,-0.001678715861332802,0.15378700499803927,0.17937716262978082,0.19986159169548823,483363.1921106054,0.09473148981753028,-0.2069357939254133,0.36472126105344094,5112539
564,32,KERALA,PATTANAMTHITTA,-0.06299115724721124,0.09842368319875988,0.11909265667051769,0.14173010380623746,104299.80033643046,0.03472367946558336,-0.2364628988850442,0.3014225297962323,3011006
565,32,KERALA,THIRUVANANTHAPURAM,-0.06299115724721131,0.09356401384084151,0.1085121107266516,0.1301653210303751,81476.59250093086,0.03284896393217992,-0.22145328719723184,0.2679584775086506,2485730
566,32,KERALA,TRISSUR,-0.025805570526022788,0.11374086889659878,0.13016532103035705,0.1476970396001599,200528.12032216752,0.05819351541225634,-0.24415224913494812,0.31009611687812383,3453173
567,32,KERALA,WAYANAD,-0.024605920799693135,0.1245674740484748,0.14173010380622741,0.15378700499808676,170067.56463338603,0.06988986584264653,-0.186082276047674,0.2519646289888504,2438701
009,37,LADAKH,LEH,-0.18608227604769997,0.059115724721258305,0.09356401384085553,0.12456747404845217,-7826766.152219422,-0.037351591005408136,-0.37425605536332185,0.2761399461745483,209611635
006,37,LADAKH,KARGIL,-0.17937716262978887,0.01677389676070116,0.03690925662714173,0.06299115724721126,-1222791.9221308208,-0.06413480837020544,-0.3278123798539023,0.17937716262975778,19084969
553,31,LAKSHADWEEP,LAKSHADWEEP,-0.035432525951557096,0.08421376393694739,0.0935640138408303,0.10851211072664366,1035.3774152022997,0.03287200941714605,-0.16000000000000003,0.17279507881584008,33702
667,23,MADHYA PRADESH,AGAR MALWA,0.024605920799693003,0.14769703960013433,0.1600000000000046,0.17279507881584952,371426.874964297,0.1114211162347357,-0.11374086889657825,0.33685505574778934,3340865
639,23,MADHYA PRADESH,ALIRAJPUR,0.051733948481350885,0.17937716262973172,0.1860822760476308,0.19986159169548492,549212.2387690628,0.1365541766399524,-0.07535563244905807,0.3014225297962323,4031207
390,23,MADHYA PRADESH,ANUPPUR,0.044844290657445544,0.1727950788157701,0.18608227604767255,0.19986159169548645,563333.2962734152,0.12304991340970686,-0.1085121107266436,0.3278123798539023,4589056
391,23,MADHYA PRADESH,ASHOKNAGAR,0.06698961937716408,0.15999999999992795,0.17279507881585124,0.1929104190695999,755460.2296235262,0.12993249630410456,-0.08421376393694734,0.3553094963475586,5822740
392,23,MADHYA PRADESH,BALAGHAT,0.008858131487889657,0.14769703960016867,0.16000000000000758,0.1727950788158502,1120734.767313198,0.10071141735184372,-0.11909265667051133,0.31009611687812383,11141974
393,23,MADHYA PRADESH,BARWANI,0.032541330257592135,0.15378700499798634,0.1663360246058617,0.17937716262979095,717632.1494329192,0.10994024321772727,-0.07111111111111111,0.3188927335640138,6536978
394,23,MADHYA PRADESH,BETUL,0.04822760476739735,0.16633602460582078,0.17937716262981349,0.1929104190696019,1471184.11460489,0.12162266044811113,-0.10340638216070744,0.31009611687812383,12110448
395,23,MADHYA PRADESH,BHIND,0.05911572472126455,0.14173010380627793,0.1537870049980522,0.16000000000001752,626637.2743510564,0.11270681522526958,-0.10340638216070744,0.28444444444444444,5571431
396,23,MADHYA PRADESH,BHOPAL,0.0553633217993063,0.16633602460583877,0.17937716262979575,0.19986159169549056,438095.41945144103,0.13010923068047361,-0.08421376393694734,0.37425605536332185,3374356
397,23,MADHYA PRADESH,BURHANPUR,0.044844290657437794,0.16633602460582897,0.1727950788158499,0.1929104190696022,463490.1306955877,0.11984901087826191,-0.07111111111111111,0.28444444444444444,3873783
398,23,MADHYA PRADESH,CHHATARPUR,0.0797231833910108,0.1793771626296533,0.19291041906952594,0.20693579392538541,1556902.2070831014,0.14595017113285919,-0.07972318339100345,0.37425605536332185,10687142
399,23,MADHYA PRADESH,CHHINDWARA,0.04822760476739546,0.15378700499797945,0.16633602460585256,0.17937716262979547,1652450.5270432304,0.11608065733390137,-0.09356401384083046,0.34602076124567477,14251129
400,23,MADHYA PRADESH,DAMOH,0.084213763936952,0.18608227604763836,0.1998615916954825,0.21413302575931822,1353100.8205903315,0.15185781248571625,-0.08882737408688965,0.3553094963475586,8922849
401,23,MADHYA PRADESH,DATIA,0.06299115724721124,0.15378700499803793,0.16633602460588895,0.17937716262977982,390387.54927070986,0.11725258608640254,-0.08421376393694734,0.3014225297962323,3340498
402,23,MADHYA PRADESH,DEWAS,0.06299115724721117,0.15999999999993744,0.1727950788157565,0.18608227604766506,1058358.586912296,0.12465069397953857,-0.11374086889657825,0.33685505574778934,8505726
403,23,MADHYA PRADESH,DHAR,0.044844290657437925,0.1537870049979819,0.16633602460585456,0.17937716262979334,1143989.9450431166,0.1160724413431015,-0.10340638216070744,0.3278123798539023,9867234
404,23,MADHYA PRADESH,DINDORI,0.04158400615148121,0.1537870049980139,0.16633602460586688,0.18608227604769825,750449.6412112975,0.10778334945251883,-0.07535563244905807,0.2761399461745483,6974940
405,23,MADHYA PRADESH,EAST NIMAR,0.059115724721261094,0.17937716262978012,0.19291041906955533,0.2069357939253873,1204833.8762792086,0.13401016370850707,-0.12456747404844293,0.3553094963475586,9002549
406,23,MADHYA PRADESH,GUNA,0.05536332179930957,0.16633602460580846,0.17937716262980977,0.1929104190695877,1020166.0322377669,0.13030484779087012,-0.08882737408688965,0.34602076124567477,7842335
407,23,MADHYA PRADESH,GWALIOR,0.05911572472126171,0.15999999999993655,0.17279507881577116,0.18608227604770783,697454.1474834013,0.12308477941260718,-0.12456747404844293,0.33685505574778934,5674029
408,23,MADHYA PRADESH,HARDA,0.09356401384082424,0.19291041906951983,0.19986159169548245,0.21413302575931822,624706.4753134034,0.15502632441312503,-0.05173394848135333,0.34602076124567477,4035848
409,23,MADHYA PRADESH,HOSHANGABAD,0.06698961937716556,0.16633602460579572,0.17937716262982317,0.19986159169548584,1060586.2135090355,0.13119379095476014,-0.07535563244905807,0.33685505574778934,8095645
410,23,MADHYA PRADESH,INDORE,0.04484429065744149,0.14769703960009406,0.15999999999999318,0.1727950788158501,551924.1191037478,0.1166995540295457,-0.09842368319876971,0.31009611687812383,4738802
411,23,MADHYA PRADESH,JABALPUR,0.06299115724721119,0.16633602460584423,0.17937716262980397,0.19291041906959014,764309.1957262196,0.12353079548235327,-0.09842368319876971,0.3188927335640138,6198352
412,23,MADHYA PRADESH,JHABUA,0.04484429065743796,0.1663360246058206,0.17937716262981782,0.19291041906958026,508511.9995853715,0.12187215794054984,-0.11909265667051133,0.3014225297962323,4179358
413,23,MADHYA PRADESH,KATNI,0.08421376393695341,0.17937716262983383,0.1929104190695629,0.20693579392538763,877785.8505103124,0.14241810399615584,-0.04822760476739715,0.34602076124567477,6175594
415,23,MADHYA PRADESH,MANDLA,0.05536332179930573,0.1663360246058327,0.17937716262980877,0.1929104190695892,1101808.6619919038,0.1212518807723939,-0.07972318339100345,0.33685505574778934,9100880
416,23,MADHYA PRADESH,MANDSAUR,0.04158400615148114,0.15999999999996725,0.17279507881580045,0.1860822760476999,792391.8972772858,0.11671976573746594,-0.12456747404844293,0.33685505574778934,6799773
417,23,MADHYA PRADESH,MORENA,0.05173394848134982,0.14769703960012445,0.1599999999999851,0.17937716262977854,701337.0551195204,0.11292150806095849,-0.08421376393694734,0.31009611687812383,6223463
418,23,MADHYA PRADESH,NARSHIMAPURA,0.032541330257593544,0.1599999999999644,0.17279507881582493,0.18608227604770433,693106.410319637,0.11133314575252345,-0.09356401384083046,0.29287197231833906,6236392
419,23,MADHYA PRADESH,NIMACH,0.07111111111111526,0.19291041906952672,0.19986159169548293,0.22145328719721502,772230.1757599585,0.14675685587002077,-0.1085121107266436,0.3553094963475586,5274602
420,23,MADHYA PRADESH,PANNA,0.0935640138408229,0.1860822760475813,0.1998615916954831,0.21413302575932716,1324052.3164578185,0.1521736171452075,-0.041584006151480196,0.33685505574778934,8717597
421,23,MADHYA PRADESH,RAISEN,0.07972318339101327,0.17279507881572176,0.18608227604767733,0.19986159169548534,1406746.7385261822,0.13661961264265554,-0.044844290657439445,0.36472126105344094,10312010
422,23,MADHYA PRADESH,RAJGARH,0.03543252595155867,0.15378700499797773,0.15999999999996453,0.17937716262975992,878426.3005345787,0.11671833227552707,-0.13016532103037293,0.3553094963475586,7535187
423,23,MADHYA PRADESH,RATLAM,0.048227604767395245,0.1476970396001369,0.15999999999999506,0.17279507881585018,670092.9249089593,0.11339066744025691,-0.09842368319876971,0.3014225297962323,5920371
424,23,MADHYA PRADESH,REWA,0.08882737408688866,0.19291041906954393,0.2069357939253816,0.22889657823913126,1141848.1599450991,0.14753704180588095,-0.1085121107266436,0.36472126105344094,7751995
425,23,MADHYA PRADESH,SAGAR,0.055363321799304754,0.15999999999993433,0.1727950788158165,0.1793771626298007,1532579.2696720075,0.12231740920341475,-0.09842368319876971,0.3278123798539023,12549508
426,23,MADHYA PRADESH,SATNA,0.09356401384082205,0.1860822760476115,0.19986159169548356,0.2141330257593222,1377522.0839473063,0.1492259354856528,-0.11374086889657825,0.3553094963475586,9250027
427,23,MADHYA PRADESH,SEHORE,0.07111111111111473,0.166336024605811,0.17937716262981046,0.19291041906959072,1061949.5435806504,0.13335264453038218,-0.07972318339100345,0.33685505574778934,7979648
428,23,MADHYA PRADESH,SEONI,0.04484429065743873,0.15999999999997175,0.1727950788158512,0.18608227604770272,1241589.9047799488,0.11742616978962327,-0.08882737408688965,0.3278123798539023,10587279
429,23,MADHYA PRADESH,SHAHDOL,0.09356401384082667,0.1860822760476043,0.19986159169548348,0.21413302575933282,1046231.2982655579,0.15115921835204357,-0.0629911572472126,0.3839138792772011,6933487
430,23,MADHYA PRADESH,SHAJAPUR,0.05173394848135291,0.15378700499796077,0.1599999999999547,0.17279507881585054,512762.1518020808,0.1217639202512413,-0.08421376393694734,0.33685505574778934,4219787
431,23,MADHYA PRADESH,SHEOPUR,0.06698961937716709,0.16633602460580757,0.17279507881581185,0.18608227604770558,1064562.1492984423,0.1300539018056749,-0.09356401384083046,0.34602076124567477,8196536
432,23,MADHYA PRADESH,SHIVPURI,0.0753556324490508,0.172795078815729,0.18608227604769206,0.19986159169548592,1739762.657668691,0.13697392581313822,-0.09356401384083046,0.3553094963475586,12718231
433,23,MADHYA PRADESH,SIDHI,0.0888273740868847,0.18608227604764044,0.19986159169548345,0.22145328719722604,858628.7130029994,0.14689674652776658,-0.05911572472126105,0.3553094963475586,5855562
638,23,MADHYA PRADESH,SINGRAULI,0.07535563244905205,0.19986159169548798,0.21413302575926452,0.22889657823913315,1100848.298768182,0.15600597987008868,-0.16633602460592078,0.40359861591695495,7066555
434,23,MADHYA PRADESH,TIKAMGARH,0.0753556324490565,0.1663360246058106,0.17937716262981437,0.1998615916954885,616458.7961379173,0.13457838742570288,-0.09356401384083046,0.33685505574778934,4588875
435,23,MADHYA PRADESH,UJJAIN,0.048227604767394044,0.13588619761625326,0.14769703960017078,0.16000000000000747,813946.449664331,0.10973029952401588,-0.11909265667051133,0.31009611687812383,7431237
436,23,MADHYA PRADESH,UMARIA,0.08882737408688228,0.1860822760476346,0.19291041906955325,0.21413302575932144,824327.7171863947,0.1478460560337864,-0.0629911572472126,0.3839138792772011,5584765
437,23,MADHYA PRADESH,VIDISHA,0.0797231833910105,0.16633602460577984,0.17279507881575965,0.18608227604770788,1213977.2379846424,0.1361470549877268,-0.07972318339100345,0.33685505574778934,8929692
414,23,MADHYA PRADESH,WEST NIMAR,0.04484429065744174,0.15999999999992917,0.16633602460582284,0.17937716262979342,1161395.115748575,0.12022395168996518,-0.08421376393694734,0.3188927335640138,9673296
722,23,MADHYA PRADESH,NIVARI,0.06698961937716394,0.1663360246058481,0.17937716262980083,0.19291041906958364,217325.87497411293,0.13320559639614835,-0.06698961937716265,0.3278123798539023,1640914
466,27,MAHARASHTRA,AHAMADNAGAR,0.017777777777778576,0.1358861976163233,0.14769703960017277,0.16633602460592192,1848981.8470550433,0.09143604359649984,-0.13016532103037293,0.33685505574778934,20247712
467,27,MAHARASHTRA,AKOLA,0.05911572472126415,0.1663360246057787,0.17937716262982115,0.18608227604770947,855765.2227596132,0.13172321643913498,-0.08421376393694734,0.3188927335640138,6508098
468,27,MAHARASHTRA,AMARAVATI,0.05173394848134937,0.17279507881574047,0.1793771626298127,0.19291041906957465,1892997.0297298338,0.12950838381298826,-0.09356401384083046,0.33685505574778934,14634927
469,27,MAHARASHTRA,AURANGABAD,0.03543252595155881,0.14769703960011907,0.1599999999999874,0.18608227604769037,1307066.06488088,0.108619367862703,-0.10340638216070744,0.3553094963475586,12049449
471,27,MAHARASHTRA,BHANDARA,0.008858131487889137,0.15378700499800135,0.1663360246058924,0.18608227604769387,529767.0558106769,0.1069752442325871,-0.08882737408688965,0.33685505574778934,4961610
470,27,MAHARASHTRA,BID,0.03254133025759271,0.14173010380625542,0.15999999999997463,0.17279507881584993,1288417.2804603367,0.10285045701559214,-0.11909265667051133,0.36472126105344094,12544794
472,27,MAHARASHTRA,BULDHANA,0.06299115724721122,0.16633602460581412,0.17279507881580405,0.18608227604770422,1477236.924793912,0.1271731973545965,-0.09842368319876971,0.33685505574778934,11630150
473,27,MAHARASHTRA,CHANDRAPUR,0.06698961937716612,0.17279507881569456,0.18608227604767863,0.19986159169548634,1895782.61998161,0.14024825201726437,-0.13588619761630144,0.3553094963475586,13530633
474,27,MAHARASHTRA,DHULE,0.04158400615148119,0.15999999999994802,0.1727950788158296,0.18608227604769953,996187.886181851,0.11575876613676968,-0.09356401384083046,0.36472126105344094,8617611
475,27,MAHARASHTRA,GADCHIROLI,0.07535563244905376,0.17279507881572592,0.17937716262982634,0.1929104190695925,2361707.0755423885,0.13715315178586562,-0.12456747404844293,0.37425605536332185,17237884
476,27,MAHARASHTRA,GONDIA,0.006845725370660013,0.15999999999994646,0.17279507881583728,0.18608227604770244,687819.9567659728,0.11083851478217475,-0.07111111111111111,0.3278123798539023,6215661
477,27,MAHARASHTRA,HINGOLI,0.04158400615148113,0.15378700499798398,0.16633602460588287,0.17937716262977962,649330.6220676698,0.11622156256413005,-0.07535563244905807,0.34602076124567477,5596711
478,27,MAHARASHTRA,JALGAON,0.048227604767395515,0.15999999999992845,0.17279507881580183,0.17937716262980383,1708421.0475376316,0.1211823607277436,-0.08882737408688965,0.34602076124567477,14113319
479,27,MAHARASHTRA,JALNA,0.048227604767394947,0.15999999999993586,0.16633602460582947,0.1860822760476999,1114278.9328130044,0.12226021597110263,-0.1085121107266436,0.36472126105344094,9127228
480,27,MAHARASHTRA,KOLHAPUR,-0.029773164167627868,0.11374086889659518,0.13016532103034772,0.14769703960016742,530775.2244458613,0.05934787050020048,-0.14769703960015382,0.2761399461745483,8961350
481,27,MAHARASHTRA,LATUR,0.03543252595155923,0.14173010380627632,0.15378700499804013,0.17279507881584982,876610.2798088529,0.10337208365230485,-0.08882737408688965,0.3553094963475586,8490449
482,27,MAHARASHTRA,MUMBAI CITY,-0.05173394848135295,0.0517339484813542,0.06698961937716286,0.08421376393694746,886.1563664050148,0.011744442484463635,-0.13588619761630144,0.19986159169550174,76546
484,27,MAHARASHTRA,NAGPUR,0.05536332179930758,0.15999999999994605,0.1663360246058414,0.18608227604770225,1442903.2421755707,0.12173253180902925,-0.1085121107266436,0.3278123798539023,11865192
485,27,MAHARASHTRA,NANDED,0.035432525951559456,0.15378700499798242,0.1663360246058533,0.1793771626297892,1415684.39014412,0.11369643312245291,-0.09356401384083046,0.31009611687812383,12472028
486,27,MAHARASHTRA,NANDURBAR,0.024605920799692215,0.15378700499800096,0.1727950788158509,0.18608227604769614,780654.6515394786,0.10919070657398554,-0.09356401384083046,0.34602076124567477,7163183
487,27,MAHARASHTRA,NASHIK,0.024605920799692402,0.14173010380627185,0.1599999999999955,0.17937716262977016,1815942.720503942,0.09832152205613848,-0.10340638216070744,0.3553094963475586,18486361
488,27,MAHARASHTRA,USMANABAD,0.03254133025759243,0.14769703960017624,0.16000000000000886,0.18608227604768537,926654.551651392,0.10400280735332253,-0.10340638216070744,0.3553094963475586,8925215
665,27,MAHARASHTRA,PALGHAR,-0.029773164167627517,0.10851211072664113,0.1245674740484657,0.1417301038062253,389289.22850631265,0.06221506813155379,-0.14769703960015382,0.2364628988850442,6266083
489,27,MAHARASHTRA,PARBHANI,0.048227604767394225,0.1663360246057991,0.17279507881577516,0.18608227604770664,940035.696392724,0.12596075158958633,-0.0629911572472126,0.34602076124567477,7474260
490,27,MAHARASHTRA,PUNE,0.01302961406615358,0.1358861976163408,0.1537870049980624,0.17279507881584963,1628292.5083590546,0.08828609909420608,-0.186082276047674,0.39369473279507883,18462996
491,27,MAHARASHTRA,RAYGAD,-0.03543252595155754,0.11909265667053293,0.13588619761632742,0.14769703960016664,522750.8331057406,0.06355785759016287,-0.186082276047674,0.2364628988850442,8238352
492,27,MAHARASHTRA,RATNAGIRI,-0.032541330257592746,0.1137408688965739,0.12456747404847256,0.14173010380621506,579932.0026964865,0.059767402697046015,-0.21413302575932336,0.22145328719723184,9717129
493,27,MAHARASHTRA,SANGLI,9.158173639947794E-4,0.14173010380627882,0.15378700499802067,0.16633602460590607,939898.1241551163,0.0934266345375215,-0.13588619761630144,0.33685505574778934,10078127
494,27,MAHARASHTRA,SATARA,0.005863061365824518,0.14173010380625503,0.1537870049980618,0.17279507881584988,1118503.835290788,0.0910433548778095,-0.16633602460592078,0.34602076124567477,12298534
495,27,MAHARASHTRA,SINDHUDURG,-0.04484429065743832,0.08421376393696636,0.09842368319876994,0.11374086889657349,214354.31245631885,0.03608313781160264,-0.1929104190695886,0.19986159169550174,5951789
496,27,MAHARASHTRA,SOLAPUR,0.03254133025759237,0.14173010380626455,0.15378700499803197,0.17279507881584963,1786116.5176769271,0.10245450735365519,-0.11374086889657825,0.3839138792772011,17457025
483,27,MAHARASHTRA,SUB URBAN MUMBAI,-0.055363321799306954,0.0888273740868885,0.11374086889657381,0.12456747404844781,15452.633381967613,0.03028353416906645,-0.14173010380622836,0.24415224913494812,512479
497,27,MAHARASHTRA,THANE,-0.019930795847751186,0.12456747404847449,0.13588619761634382,0.14769703960017055,369174.1606453721,0.07294705649638569,-0.14173010380622836,0.2679584775086506,5069267
498,27,MAHARASHTRA,WARDHA,0.07111111111111686,0.1727950788157044,0.1860822760476456,0.19986159169548576,1034210.4808879293,0.13727366989058729,-0.09356401384083046,0.34602076124567477,7543509
499,27,MAHARASHTRA,WASHIM,0.04822760476739403,0.15378700499799833,0.15999999999997386,0.17279507881585038,700717.1123777125,0.114697688398098,-0.07972318339100345,0.29287197231833906,6120783
500,27,MAHARASHTRA,YAVATMAL,0.05173394848134995,0.17279507881574427,0.17937716262982512,0.192910419069584,2099436.073069789,0.1299586962819309,-0.1085121107266436,0.3553094963475586,16172960
252,14,MANIPUR,BISHNUPUR,-0.09356401384082692,0.11909265667051823,0.1417301038062359,0.17279507881584105,11171.584614421718,0.018961237798731607,-0.16633602460592078,0.29287197231833906,592328
253,14,MANIPUR,CHANDEL,0.010396001537870235,0.14173010380623446,0.15378700499807568,0.17279507881584977,218502.06662639766,0.09057506658638032,-0.15378700499807765,0.2519646289888504,2417211
254,14,MANIPUR,CHURACHANDPUR,-9.05751465072072E-4,0.1417301038062213,0.16000000000000852,0.17937716262975126,268094.82204901107,0.08990545722784334,-0.15378700499807765,0.2761399461745483,2987741
256,14,MANIPUR,IMPHAL WEST,-0.11374086889657482,0.05911572472126339,0.08421376393694723,0.10851211072664615,-11035.992669119714,-0.01841741313796321,-0.1929104190695886,0.21413302575932336,603204
255,14,MANIPUR,IMPHAL EAST,-0.09842368319877184,0.09842368319877681,0.11909265667051236,0.13588619761629905,8721.201574405937,0.016384402643731054,-0.16000000000000003,0.28444444444444444,535890
713,14,MANIPUR,JIRIBAM,-0.038446751249519545,0.14173010380624212,0.15378700499808154,0.17279507881584458,32528.288320605516,0.08975454051932465,-0.15378700499807765,0.2679584775086506,365087
260,14,MANIPUR,UKHRUL,-0.051733948481352036,0.10340638216073018,0.12456747404845468,0.14769703960015088,117205.85193657833,0.045434472838458625,-0.2364628988850442,0.2761399461745483,2585246
257,14,MANIPUR,SENAPATI,-0.06698961937716309,0.11374086889659892,0.1301653210303734,0.14769703960015673,102111.52954076932,0.04724100944405659,-0.2364628988850442,0.24415224913494812,2166467
258,14,MANIPUR,TAMENGLONG,-0.04822760476739591,0.1417301038062281,0.16000000000001394,0.17937716262976217,272888.85434417165,0.07342468114451212,-0.2288965782391388,0.28444444444444444,3724282
259,14,MANIPUR,THOUBAL,-0.06698961937716358,0.08882737408688139,0.1085121107266438,0.1301653210303746,8592.658877805357,0.017801433755017138,-0.16633602460592078,0.22145328719723184,485328
717,14,MANIPUR,KAMJONG,0.006837667046923299,0.1537870049980473,0.16633602460589147,0.18608227604769487,280948.82211302733,0.09590322984737057,-0.14769703960015382,0.2761399461745483,2934321
714,14,MANIPUR,NONEI,-0.012056901191849346,0.15378700499808778,0.1727950788158495,0.19291041906957793,130978.54096855363,0.09046213502144745,-0.186082276047674,0.2679584775086506,1452211
715,14,MANIPUR,PHERZAWL,0.024605920799692045,0.17279507881581735,0.1860822760477062,0.20693579392539907,305975.0505278695,0.11645797312361399,-0.13588619761630144,0.28444444444444444,2632958
716,14,MANIPUR,TENGNOUPAL,0.027128027681661636,0.14769703960018027,0.16000000000001674,0.17937716262975628,155527.50414514498,0.10315844806291044,-0.10340638216070744,0.2599000384467512,1511379
712,14,MANIPUR,KANGPOKPI,-0.06299115724721159,0.1190926566705213,0.13588619761631385,0.1537870049980809,115447.74384702905,0.05413144693863909,-0.2069357939254133,0.2679584775086506,2143163
711,14,MANIPUR,KAKCHING,-0.04822760476739626,0.09356401384082438,0.11374086889657699,0.13588619761630322,12481.856672797321,0.03181132449584984,-0.11374086889657825,0.24415224913494812,394750
273,17,MEGHALAYA,EAST GARO HILLS,-0.02220684352172242,0.10851211072666062,0.11909265667052399,0.13588619761630072,113686.09142527642,0.05808877009385866,-0.16000000000000003,0.2288965782391388,1961933
274,17,MEGHALAYA,EAST KHASI HILLS,-0.11909265667051494,0.06299115724721115,0.08882737408688764,0.10851211072664352,-27095.742687693277,-0.007713232642573476,-0.2519646289888504,0.2364628988850442,3519450
657,17,MEGHALAYA,EAST JAINTIA HILLS,-0.093564013840825,0.06698961937717106,0.08421376393694745,0.10851211072664407,9399.941313646417,0.0037831657768637897,-0.2519646289888504,0.2364628988850442,2489782
277,17,MEGHALAYA,SOUTH GARO HILLS,-0.03844675124952038,0.09356401384084462,0.10851211072665345,0.1245674740484429,93434.88072669192,0.04123401507305731,-0.1929104190695886,0.2364628988850442,2271292
278,17,MEGHALAYA,WEST GARO HILLS,-0.0103960015378702,0.10340638216073679,0.11374086889659088,0.13016532103036907,200924.38134409103,0.061038780151215666,-0.13016532103037293,0.2364628988850442,3298747
279,17,MEGHALAYA,WEST KHASI HILLS,-0.08421376393694888,0.0842137639369597,0.10340638216071658,0.12456747404844071,87788.83101474578,0.018095982565188132,-0.21413302575932336,0.2288965782391388,4859806
276,17,MEGHALAYA,RI-BHOI,-0.04484429065743809,0.1034063821607352,0.11909265667052507,0.1358861976162962,151003.00716733278,0.05135593517334878,-0.15378700499807765,0.2364628988850442,2948155
658,17,MEGHALAYA,SOUTH WEST KHASI HILLS,-0.10340638216071128,0.06698961937716809,0.08882737408688618,0.11374086889657593,-2385.0629043808235,-0.0014794212899733945,-0.24415224913494812,0.2599000384467512,1617098
663,17,MEGHALAYA,SOUTH WEST GARO HILLS,-0.015747789311802898,0.09842368319877404,0.11374086889657373,0.13016532103037023,56896.98002657448,0.05500291788073927,-0.10340638216070744,0.2069357939254133,1037207
656,17,MEGHALAYA,NORTH GARO HILLS,0.010396001537870198,0.11909265667052744,0.13588619761629828,0.14769703960015348,121191.84925318047,0.07832422204830633,-0.10340638216070744,0.2599000384467512,1552862
275,17,MEGHALAYA,WEST JAINTIA HILLS,-0.1137408688965738,0.059115724721253884,0.07972318339101143,0.1034063821607052,-15026.639772656374,-0.0067588715331121,-0.2288965782391388,0.24415224913494812,2229213
262,15,MIZORAM,CHAMPHAI,0.013840830449826808,0.15999999999997336,0.17279507881585102,0.19291041906959652,420754.93949461804,0.10161135067221627,-0.186082276047674,0.3014225297962323,4148573
267,15,MIZORAM,SAIHA,0.04158400615148096,0.17937716262980655,0.19291041906960585,0.21413302575932885,234269.96334406137,0.12687792833524464,-0.16633602460592078,0.29287197231833906,1851831
264,15,MIZORAM,LAWNGTLAI,0.05911572472126357,0.18608227604771432,0.19986159169548484,0.21413302575933194,410693.8921897583,0.14014461597381137,-0.19986159169550174,0.31009611687812383,2939881
268,15,MIZORAM,SERCHHIP,0.022206843521722416,0.17279507881585077,0.19291041906959508,0.20693579392540143,208522.5872001475,0.11870008612101492,-0.14769703960015382,0.3188927335640138,1762727
263,15,MIZORAM,KOLASIB,0.022206843521722412,0.16000000000001863,0.1793771626297759,0.1929104190695768,209602.3485881377,0.11493686086073068,-0.14769703960015382,0.29287197231833906,1828823
266,15,MIZORAM,MAMIT,0.03844675124951908,0.16633602460585986,0.17937716262980305,0.19291041906959225,440061.8061078163,0.11764278011614748,-0.13588619761630144,0.3014225297962323,3748513
265,15,MIZORAM,LUNGLEI,0.05173394848135225,0.1793771626298246,0.19291041906956735,0.2141330257593222,725984.2399151296,0.13198407154182054,-0.1929104190695886,0.3014225297962323,5509505
261,15,MIZORAM,AIZAWL,0.03844675124951891,0.17937716262981104,0.19291041906958298,0.21413302575933088,485587.772519701,0.12488732632746527,-0.16000000000000003,0.3014225297962323,3898664
613,13,NAGALAND,PAREN,-0.01674501985453496,0.14769703960017821,0.16633602460592517,0.17937716262976044,209706.99891449694,0.09283239249851662,-0.24415224913494812,0.28444444444444444,2264628
248,13,NAGALAND,PHEK,-0.059115724721263,0.1245674740484679,0.14173010380622267,0.1663360246059248,118091.3128798886,0.05095879882139722,-0.19986159169550174,0.2599000384467512,2323275
250,13,NAGALAND,WOKHA,-0.01777777777777773,0.12456747404846893,0.14173010380623063,0.1600000000000011,147153.0656722535,0.07361799824581321,-0.1929104190695886,0.2599000384467512,2003896
244,13,NAGALAND,DIMAPUR,-0.041584006151480814,0.13588619761631485,0.1476970396001636,0.16633602460592423,70202.87834223155,0.07429002444510545,-0.16000000000000003,0.2519646289888504,949846
245,13,NAGALAND,KOHIMA,-0.05911572472126358,0.11909265667052274,0.13588619761629558,0.15378700499808257,89685.58499109812,0.05507301002889637,-0.19986159169550174,0.2519646289888504,1632851
614,13,NAGALAND,KIPHIRE,-0.04822760476739725,0.13016532103034603,0.1476970396001687,0.17279507881584907,80063.01690907648,0.05716389385104834,-0.17279507881584008,0.2599000384467512,1404480
251,13,NAGALAND,ZUNHEBOTO,-0.04484429065743811,0.11909265667052815,0.13588619761630827,0.15378700499808445,111455.2202879814,0.05701038425594379,-0.17937716262975778,0.2519646289888504,1960862
246,13,NAGALAND,MOKOKCHUNG,-0.04158400615148075,0.10851211072665443,0.12456747404845543,0.14769703960015854,102775.44908643665,0.05140456679595937,-0.2599000384467512,0.2679584775086506,2005010
247,13,NAGALAND,MON,-0.051733948481354534,0.09842368319875676,0.11909265667052134,0.14173010380623952,115283.828098161,0.042413549795100196,-0.2679584775086506,0.2679584775086506,2724066
249,13,NAGALAND,TUENSANG,-0.05911572472126389,0.11374086889660134,0.13588619761630824,0.15378700499808287,133701.35435086323,0.05042743801601662,-0.1929104190695886,0.2599000384467512,2656787
615,13,NAGALAND,LONGLENG,-0.0482276047673976,0.10851211072665132,0.1301653210303737,0.15378700499807946,36301.03852060807,0.04967886375254227,-0.2364628988850442,0.24415224913494812,734358
344,21,ODISHA,ANUGUL,0.05911572472126406,0.17279507881577547,0.1793771626298218,0.19291041906958506,979035.7639401335,0.12843843088643475,-0.09356401384083046,0.3188927335640138,7634552
345,21,ODISHA,BOLANGIR (BALANGIR),0.044844290657440215,0.15378700499798603,0.1663360246058614,0.17937716262977885,890275.468382367,0.11395959332770461,-0.06698961937716265,0.3188927335640138,7823364
346,21,ODISHA,BALASORE (BALESHWAR),-0.02460592079969297,0.11909265667053091,0.1301653210303471,0.14769703960016364,302446.6655118023,0.06780265552843545,-0.07972318339100345,0.3014225297962323,4471001
347,21,ODISHA,BARAGARH,-0.002633857075248744,0.14173010380627057,0.1599999999999957,0.17279507881585024,638394.3109613478,0.09129920194999394,-0.07972318339100345,0.29287197231833906,7004326
348,21,ODISHA,BHADRAK,0.017777777777778583,0.12456747404847203,0.1358861976163363,0.15378700499808448,245877.6024340164,0.08208673505503719,-0.09842368319876971,0.28444444444444444,3001803
350,21,ODISHA,CUTTACK,0.044844290657438585,0.17937716262980904,0.19986159169548665,0.22889657823914725,561841.151804161,0.12227287674853796,-0.0629911572472126,0.36472126105344094,4607070
351,21,ODISHA,DEOGARH,0.06698961937716601,0.17937716262982922,0.19291041906955017,0.19986159169548423,477044.966343472,0.13452369863756344,-0.029773164167627833,0.28444444444444444,3554240
352,21,ODISHA,DHENKANAL,0.05173394848135047,0.15378700499801934,0.16633602460590266,0.18608227604769262,606686.6480491988,0.11387737505318367,-0.05911572472126105,0.34602076124567477,5335603
353,21,ODISHA,GAJAPATI,0.06299115724721129,0.19986159169548232,0.20693579392537778,0.2214532871972083,703989.2201819902,0.14402819989085502,-0.08882737408688965,0.29287197231833906,4897594
354,21,ODISHA,GANJAM,0.055363321799303956,0.17937716262982228,0.1929104190695709,0.2069357939253876,1270286.606404998,0.1276408582319328,-0.09356401384083046,0.31009611687812383,9965454
355,21,ODISHA,JAGATSINGHPUR,0.02712802768166073,0.13588619761632875,0.15378700499808737,0.17279507881584832,184972.81113508693,0.08966261341482791,-0.08421376393694734,0.29287197231833906,2068255
356,21,ODISHA,JAJAPUR,0.038446751249520204,0.14769703960017658,0.16633602460591929,0.1860822760476895,361845.2388938804,0.10449782376922923,-0.13588619761630144,0.3278123798539023,3471072
357,21,ODISHA,JHARSUGUDA,0.03543252595155711,0.153787004998057,0.16633602460589827,0.17937716262978137,274123.5806342715,0.11000510022608856,-0.09356401384083046,0.2679584775086506,2499034
358,21,ODISHA,KALAHANDI,0.004498790285916158,0.1663360246058619,0.1860822760477019,0.19986159169548617,1002553.0826426294,0.10687898686222749,-0.09842368319876971,0.29287197231833906,9392589
359,21,ODISHA,KANDHAMAL,0.07972318339100963,0.1929104190695232,0.20693579392537884,0.22145328719722068,1393629.9446122854,0.1460875144660841,-0.1085121107266436,0.3014225297962323,9552404
360,21,ODISHA,KENDRAPARHA,0.015747789311802828,0.1301653210303404,0.14173010380621834,0.16000000000000175,248475.04599859612,0.0822744995561451,-0.09842368319876971,0.3188927335640138,3027614
361,21,ODISHA,KEONJHAR (KENDUJHAR),0.044844290657440236,0.15999999999995182,0.17279507881582842,0.18608227604770342,1143505.0517554188,0.11472774755610303,-0.14173010380622836,0.3553094963475586,9980176
362,21,ODISHA,KHORDHA,0.02712802768165983,0.1537870049980362,0.17279507881585038,0.1860822760476905,372366.45800407254,0.10872390842122757,-0.07111111111111111,0.33685505574778934,3436743
363,21,ODISHA,KORAPUT,0.0096714324916813,0.1663360246058168,0.1860822760477129,0.1998615916954852,1139270.7741949682,0.11506978723749253,-0.17937716262975778,0.3278123798539023,9916232
364,21,ODISHA,MALKANGIRI,0.051733948481352425,0.1727950788157533,0.18608227604771385,0.19986159169548492,903501.9335244796,0.1328401395427449,-0.17937716262975778,0.31009611687812383,6811277
365,21,ODISHA,MAYURBHANJ,0.022206843521721115,0.13588619761635573,0.1476970396001759,0.16633602460592498,1159782.1329434663,0.09257429241813583,-0.13016532103037293,0.31009611687812383,12543165
366,21,ODISHA,NABARANGAPUR,0.03844675124952085,0.14769703960014258,0.15999999999998804,0.17279507881585027,691879.8626653146,0.10699960492766304,-0.11374086889657825,0.2679584775086506,6477055
367,21,ODISHA,NAYAGARH,0.059115724721264425,0.186082276047706,0.19986159169548476,0.21413302575933119,611200.390736481,0.13177216662908767,-0.05536332179930796,0.36472126105344094,4646759
368,21,ODISHA,NUAPARHA,0.03543252595155762,0.1599999999999765,0.17279507881585104,0.19291041906958672,529610.335239334,0.11552645324342836,-0.08882737408688965,0.2761399461745483,4592599
369,21,ODISHA,PURI,0.017777777777777958,0.15378700499803946,0.17279507881585057,0.19986159169548748,414296.8130529446,0.10047868318017117,-0.06698961937716265,0.31009611687812383,4132506
370,21,ODISHA,RAYAGARHA,0.059115724721263835,0.18608227604764227,0.19986159169548307,0.22145328719721535,1182834.6421248985,0.1360756404390011,-0.1085121107266436,0.29287197231833906,8707900
371,21,ODISHA,SAMBALPUR,0.013840830449825852,0.1599999999999364,0.17279507881578143,0.18608227604768032,928127.818131978,0.11631938606455207,-0.09842368319876971,0.2679584775086506,7991881
372,21,ODISHA,SUBARNAPUR,9.221503293429054E-4,0.14173010380628354,0.15999999999998715,0.1727950788158494,259115.7497348335,0.09175044635982742,-0.07535563244905807,0.3188927335640138,2830803
373,21,ODISHA,SUNDARGARH,0.04822760476739565,0.1537870049979723,0.1663360246058426,0.17937716262979034,1340478.7688000698,0.11441296759385829,-0.12456747404844293,0.31009611687812383,11732129
349,21,ODISHA,BAUDH (BAUDA),0.05173394848135244,0.172795078815796,0.18608227604770897,0.20693579392539072,474170.1883574707,0.12809057190205408,-0.08882737408688965,0.3188927335640138,3710015
598,34,PUDUCHERRY,KARAIKAL,0.04822760476739738,0.1793771626297517,0.19291041906957831,0.20693579392541703,24322.397768326457,0.13437915471466905,-0.0629911572472126,0.28444444444444444,183071
599,34,PUDUCHERRY,MAHE,-0.044844290657439445,0.06698961937716252,0.07972318339100333,0.10340638216070744,296.2886132181485,0.029194752525149713,-0.11909265667051133,0.16000000000000003,10600
600,34,PUDUCHERRY,PUDUCHERRY,0.04484429065743946,0.1929104190695761,0.20693579392541128,0.22889657823913562,44824.224679301304,0.13153454209464488,-0.05536332179930796,0.33685505574778934,347013
601,34,PUDUCHERRY,YANAM,-0.013840830449826981,0.10851211072664657,0.11909265667051067,0.13016532103037287,2833.8677816528148,0.06423793370841811,-0.08421376393694734,0.19986159169550174,44886
027,03,PUNJAB,AMRITSAR,-0.11374086889658086,-0.008858131487889805,0.015747789311802856,0.03844675124952081,-189916.7430238063,-0.05413335092337924,-0.19986159169550174,0.2069357939254133,3515937
605,03,PUNJAB,BARNALA,-0.06299115724721124,0.019930795847753383,0.03543252595155917,0.059115724721263835,-29395.184899470245,-0.015965073366810963,-0.13588619761630144,0.22145328719723184,1846179
028,03,PUNJAB,BATHINDA,-0.04484429065744632,0.07111111111111854,0.08882737408688775,0.10851211072664659,67097.18657059915,0.015402021550741715,-0.14173010380622836,0.24415224913494812,4365070
029,03,PUNJAB,FARIDKOT,-0.05911572472126449,0.03254133025759232,0.05911572472126393,0.08421376393694889,-19676.567638559063,-0.0103989036615489,-0.11374086889657825,0.2069357939254133,1896994
030,03,PUNJAB,FATEHGARH SAHIB,-0.08421376393694392,0.0026391195629341326,0.022206843521721364,0.044844290657438245,-49780.10854060165,-0.03337469545214028,-0.15378700499807765,0.17937716262975778,1496589
651,03,PUNJAB,FAZILKA,-0.03844675124952154,0.08882737408687641,0.09842368319875035,0.11374086889658042,127141.85781583385,0.03424516148521148,-0.11374086889657825,0.2599000384467512,3719961
031,03,PUNJAB,FIROZPUR,-0.08882737408688818,0.015747789311802814,0.04484429065743805,0.07535563244905946,-95610.1144251717,-0.03103013860617113,-0.16000000000000003,0.2599000384467512,3088898
032,03,PUNJAB,GURDASPUR,-0.12456747404846343,-0.03844675124952169,-0.017777777777778125,0.004480599741815706,-260609.67813579077,-0.07624665288055506,-0.22145328719723184,0.17279507881584008,3424574
033,03,PUNJAB,HOSHIARPUR,-0.14173010380621504,-0.02712802768166242,-0.008858131487889552,0.01039600153787017,-315648.25322654005,-0.0712938354101878,-0.2288965782391388,0.15378700499807765,4436125
034,03,PUNJAB,JALANDHAR,-0.09842368319876553,8.965962671054274E-4,0.017777777777778545,0.03844675124952009,-143437.60085291887,-0.04170098926241228,-0.186082276047674,0.2069357939254133,3448570
035,03,PUNJAB,KAPURTHALA,-0.1085121107266427,-0.006841149563626245,0.010396001537870235,0.035432525951556514,-114280.30811554645,-0.05366238060940522,-0.17937716262975778,0.2069357939254133,2138434
036,03,PUNJAB,LUDHIANA,-0.0842137639369608,0.019930795847753216,0.038446751249521335,0.06299115724721129,-124241.68250983354,-0.025943814347670367,-0.16000000000000003,0.21413302575932336,4796983
037,03,PUNJAB,MANSA,-0.04484429065745251,0.06698961937717085,0.08421376393695398,0.10340638216070862,51769.4832277957,0.01853368733811446,-0.12456747404844293,0.2519646289888504,2800307
038,03,PUNJAB,MOGA,-0.07111111111111773,0.01777777777777903,0.03844675124952085,0.06698961937716193,-64616.6076724515,-0.022135968632651427,-0.15378700499807765,0.2069357939254133,2925171
039,03,PUNJAB,SRI MUKTSAR SAHIB,-0.051733948481347186,0.05536332179930391,0.07111111111111744,0.09356401384082608,23460.18119728603,0.006880076574372098,-0.11909265667051133,0.2364628988850442,3417177
040,03,PUNJAB,SHAHID BHAGAT SINGH NAGAR,-0.10340638216071701,-0.00449832782914479,0.013840830449826811,0.035432525951556514,-78406.13963067908,-0.04764691911130659,-0.17937716262975778,0.17279507881584008,1650822
662,03,PUNJAB,PATHANKOT,-0.16633602460592462,-0.02977316416762845,-0.012056901191848936,0.017777777777777736,-104833.34247216354,-0.08372251995189534,-0.2519646289888504,0.17937716262975778,1257220
041,03,PUNJAB,PATIALA,-0.06299115724721123,0.029773164167629096,0.05173394848134978,0.07535563244905384,-54831.448178668594,-0.012808562381839979,-0.14173010380622836,0.22145328719723184,4293984
042,03,PUNJAB,RUPNAGAR,-0.10851211072665246,-0.006843385739529176,0.010396001537870235,0.02977316416762843,-89628.57241446589,-0.05009750043076914,-0.1929104190695886,0.17937716262975778,1795740
043,03,PUNJAB,SANGRUR,-0.059115724721259026,0.024605920799692475,0.04484429065743844,0.06698961937716243,-65102.9739461911,-0.013989738735021197,-0.13016532103037293,0.2364628988850442,4664151
608,03,PUNJAB,SAS NAGAR (SAHIBZADA AJIT SINGH NAGAR),-0.08882737408688243,0.024605920799691858,0.0415840061514811,0.05911572472126326,-35082.61396850169,-0.024763392162674782,-0.186082276047674,0.1929104190695886,1423227
609,03,PUNJAB,TARN TARAN,-0.10340638216072497,-0.012056901191848334,0.01205690119184916,0.044844290657438564,-151157.29694998666,-0.04796024169006507,-0.17937716262975778,0.2599000384467512,3158113
086,08,RAJASTHAN,AJMER,0.04484429065744182,0.1793771626297416,0.19291041906954637,0.22889657823914078,1397403.3851812864,0.13256862083692864,-0.186082276047674,0.37425605536332185,10557272
087,08,RAJASTHAN,ALWAR,0.03254133025759268,0.15999999999992665,0.1663360246058023,0.17937716262981562,1213844.2369531416,0.11507133173791907,-0.15378700499807765,0.3188927335640138,10566667
088,08,RAJASTHAN,BANSWARA,0.04484429065743809,0.1727950788157832,0.18608227604771094,0.1998615916954874,716776.3550412268,0.1305918224934234,-0.09356401384083046,0.3278123798539023,5496965
089,08,RAJASTHAN,BARAN,0.05911572472126396,0.1860822760476604,0.19291041906953107,0.21413302575931278,1267115.2855776665,0.14713916446348463,-0.09356401384083046,0.3553094963475586,8624299
090,08,RAJASTHAN,BARMER,0.016848830561529197,0.15378700499796846,0.1663360246058285,0.1793771626298058,3787833.332016317,0.10772371176796008,-0.2679584775086506,0.3553094963475586,35184293
091,08,RAJASTHAN,BHARATPUR,0.044844290657438335,0.16633602460576688,0.1793771626297615,0.18608227604764985,843931.3453911546,0.1329121971092078,-0.14173010380622836,0.3014225297962323,6364210
092,08,RAJASTHAN,BHILWARA,0.06698961937716362,0.18608227604762156,0.1998615916954835,0.22145328719723034,1888454.2248935122,0.1456829762379718,-0.14173010380622836,0.36472126105344094,12977374
093,08,RAJASTHAN,BIKANER,0.04484429065744553,0.15999999999992,0.17279507881577585,0.179377162629814,4616902.076429483,0.12062481089536478,-0.1929104190695886,0.29287197231833906,38299184
094,08,RAJASTHAN,BUNDI,0.06698961937716415,0.1860822760476155,0.19986159169548368,0.2214532871972348,1014878.5567147076,0.14212103687523375,-0.15378700499807765,0.36472126105344094,7150747
095,08,RAJASTHAN,CHITTAURGARH,0.07535563244905144,0.1860822760477233,0.19986159169552023,0.2214532871972193,1399050.9431276456,0.14559837866711536,-0.08421376393694734,0.37425605536332185,9628634
096,08,RAJASTHAN,CHURU,0.04822760476739659,0.15378700499796188,0.16633602460582708,0.17937716262980083,2074546.3862065692,0.11820738354243558,-0.14173010380622836,0.28444444444444444,17570047
097,08,RAJASTHAN,DAUSA,0.06299115724721131,0.17279507881580441,0.17937716262981565,0.19986159169548762,576067.6663515352,0.1348373568244251,-0.09842368319876971,0.33685505574778934,4282491
098,08,RAJASTHAN,DHAULPUR,0.05173394848135119,0.1537870049980035,0.16633602460591027,0.18608227604768568,452698.4109577171,0.11949673384355977,-0.08421376393694734,0.33685505574778934,3796325
099,08,RAJASTHAN,DUNGARPUR,0.07535563244905624,0.17937716262982176,0.18608227604769356,0.20693579392540332,642014.5063356482,0.13966648551746466,-0.11374086889657825,0.37425605536332185,4604348
101,08,RAJASTHAN,HANUMANGARH,0.012056901191848669,0.14769703960001232,0.15999999999994574,0.17279507881585085,1331218.9262222715,0.10726425819674525,-0.09842368319876971,0.2761399461745483,12428490
102,08,RAJASTHAN,JAIPUR,0.051733948481349455,0.17937716262978964,0.19291041906955206,0.21413302575933035,1889107.5848695163,0.13549554729507748,-0.1929104190695886,0.39369473279507883,13958482
103,08,RAJASTHAN,JAISALMER,-0.012949625051577922,0.166336024605805,0.186082276047663,0.1998615916955094,4943087.154431336,0.10261533954129021,-0.24415224913494812,0.39369473279507883,48195167
104,08,RAJASTHAN,JALOR,0.04822760476739477,0.15999999999993095,0.1727950788158386,0.17937716262979664,1622142.512471364,0.12368617091479933,-0.14769703960015382,0.3553094963475586,13130168
105,08,RAJASTHAN,JHALAWAR,0.02460592079969244,0.16633602460579908,0.17937716262982073,0.19291041906956924,948729.3314473026,0.12209744874196482,-0.11374086889657825,0.3278123798539023,7785147
106,08,RAJASTHAN,JHUNJHUNUN,0.03844675124952036,0.159999999999933,0.17279507881580758,0.1793771626298023,910714.1985125459,0.12159599287433946,-0.17937716262975778,0.29287197231833906,7500078
107,08,RAJASTHAN,JODHPUR,0.021154271820344725,0.15378700499795378,0.1663360246058314,0.1793771626297979,3217160.752151469,0.11354446562644058,-0.17937716262975778,0.34602076124567477,28354930
108,08,RAJASTHAN,KARAULI,0.035432525951558685,0.15999999999992728,0.17279507881576955,0.1860822760477036,751855.129233234,0.12019905704295179,-0.07972318339100345,0.3278123798539023,6265890
100,08,RAJASTHAN,GANGANAGAR,0.03254133025759279,0.135886197616339,0.15378700499805606,0.16633602460591176,1357234.2636706468,0.09702115922316738,-0.14173010380622836,0.2761399461745483,14004924
109,08,RAJASTHAN,KOTA,0.07111111111111343,0.17937716262975895,0.186082276047628,0.19986159169548667,898208.5338271837,0.14319850615640065,-0.14173010380622836,0.3553094963475586,6284796
110,08,RAJASTHAN,NAGAUR,0.037081492143922104,0.15378700499796688,0.16633602460585434,0.17937716262978673,2572423.127583221,0.11530529027096172,-0.15378700499807765,0.36472126105344094,22328531
111,08,RAJASTHAN,PALI,0.055363321799308564,0.15999999999992912,0.17279507881581627,0.1929104190695866,1945876.5836606186,0.1268652392386106,-0.1929104190695886,0.39369473279507883,15355856
629,08,RAJASTHAN,PRATAPGARH,0.05536332179930642,0.17279507881573297,0.1860822760476931,0.1998615916954851,721325.8319137541,0.1329656015777783,-0.09842368319876971,0.3553094963475586,5433909
112,08,RAJASTHAN,RAJ SAMAND,0.037084155130328526,0.15378700499800127,0.16633602460588262,0.17937716262976977,650160.7194559007,0.11386490137491986,-0.13588619761630144,0.36472126105344094,5723908
113,08,RAJASTHAN,SAWAI MADHOPUR,0.048227604767394044,0.17279507881576972,0.1793771626298095,0.20693579392541292,839734.8951412926,0.13435506253195598,-0.10340638216070744,0.34602076124567477,6261504
114,08,RAJASTHAN,SIKAR,0.04158400615148106,0.15378700499798387,0.1663360246058545,0.1793771626297885,1117429.7569275887,0.11480896957573143,-0.16633602460592078,0.3014225297962323,9747199
115,08,RAJASTHAN,SIROHI,0.048227604767394294,0.16633602460581706,0.1727950788158269,0.192910419069595,796537.2020325903,0.12618747440937306,-0.17937716262975778,0.3188927335640138,6321547
116,08,RAJASTHAN,TONK,0.10340638216071078,0.19291041906953124,0.20693579392538627,0.24415224913494343,1442067.8563964562,0.16120971394805161,-0.09356401384083046,0.39369473279507883,8958642
117,08,RAJASTHAN,UDAIPUR,0.06698961937716748,0.1727950788157343,0.18608227604768451,0.19986159169548431,1921164.3167375277,0.1338258663654554,-0.14769703960015382,0.3553094963475586,14373207
225,11,SIKKIM,EAST,-0.12456747404844222,0.07111111111111902,0.08882737408687774,0.10851211072664066,-7327.382648065066,-0.006222217528018009,-0.22145328719723184,0.19986159169550174,1180616
226,11,SIKKIM,NORTH,-0.14173010380623835,0.06299115724721113,0.08882737408688356,0.11374086889657467,-135750.92867359024,-0.025476909364993618,-0.2679584775086506,0.2364628988850442,5335204
227,11,SIKKIM,SOUTH,-0.11374086889657722,0.09842368319877255,0.11374086889657388,0.135886197616303,18103.16528948529,0.019693016322883207,-0.24415224913494812,0.22145328719723184,922577
228,11,SIKKIM,WEST,-0.11374086889657363,0.08882737408688408,0.11374086889657728,0.13588619761629642,7907.830614772296,0.005240429592846946,-0.2069357939254133,0.2288965782391388,1512801
610,33,TAMIL NADU,ARIYALUR,0.07535563244905819,0.19986159169548257,0.20693579392537886,0.2214532871972206,337607.01333629433,0.15310749080667663,-0.0629911572472126,0.34602076124567477,2209715
730,33,TAMIL NADU,CHENGALPATTU,0.04484429065743809,0.1929104190695478,0.2069357939253813,0.22145328719722443,431448.6753816277,0.13833745363993835,-0.09842368319876971,0.3278123798539023,3125557
568,33,TAMIL NADU,CHENNAI,0.02977316416762776,0.16633602460592498,0.18608227604768424,0.20693579392541914,40603.37388111105,0.10592744849636301,-0.08421376393694734,0.29287197231833906,385506
569,33,TAMIL NADU,COIMBATORE,0.009667502174738786,0.19291041906952383,0.20693579392537892,0.22145328719720542,691463.799914946,0.1286775149465255,-0.19986159169550174,0.3553094963475586,5383851
570,33,TAMIL NADU,CUDDALORE,0.055363321799308474,0.1929104190695248,0.20693579392538042,0.22145328719721308,620616.9323057409,0.1469339431831907,-0.10340638216070744,0.3553094963475586,4233341
571,33,TAMIL NADU,DHARMAPURI,0.08421376393695008,0.20693579392537642,0.2214532871972124,0.2364628988850593,833203.1918038151,0.1620773415302564,-0.07111111111111111,0.37425605536332185,5150772
572,33,TAMIL NADU,DINDIGUL,0.004489567947319625,0.20693579392537526,0.2214532871972528,0.23646289888503044,1009424.8936880644,0.14672720255725186,-0.14173010380622836,0.34602076124567477,6891183
573,33,TAMIL NADU,ERODE,0.06299115724721134,0.20693579392537736,0.22145328719721363,0.24415224913493003,915235.156433455,0.15700592986196954,-0.08882737408688965,0.37425605536332185,5843263
574,33,TAMIL NADU,KANCHIPURAM,0.04822760476739592,0.19986159169548282,0.2141330257592856,0.22889657823913473,287332.44025012513,0.14349245919770712,-0.07972318339100345,0.3188927335640138,2010389
729,33,TAMIL NADU,KALLAKKURICHI,0.048227604767393815,0.18608227604762087,0.1998615916954835,0.21413302575927845,548470.0778272211,0.13596932198499223,-0.08421376393694734,0.34602076124567477,4041352
575,33,TAMIL NADU,KANYAKUMARI,-0.05173394848135384,0.13016532103033832,0.1537870049980798,0.17279507881584946,114731.64466404331,0.06046450790749655,-0.24415224913494812,0.29287197231833906,1902020
576,33,TAMIL NADU,KARUR,0.07972318339100518,0.19291041906953113,0.2069357939253834,0.2141330257593319,511103.389785054,0.15462844307766704,-0.044844290657439445,0.3278123798539023,3313874
578,33,TAMIL NADU,MADURAI,0.02220684352172239,0.1727950788158511,0.19291041906958417,0.2141330257593309,492739.9878515772,0.1171096521218418,-0.13588619761630144,0.3553094963475586,4217505
587,33,TAMIL NADU,NILGIRIS,-0.0016635745683445326,0.18608227604770516,0.20693579392537959,0.22145328719719803,306308.5437406792,0.11046520266726943,-0.186082276047674,0.3278123798539023,2779224
579,33,TAMIL NADU,NAGAPATTINAM,0.048227604767394835,0.18608227604770883,0.20693579392539754,0.24415224913493763,407976.1306277305,0.13967697277253016,-0.12456747404844293,0.3278123798539023,2930267
580,33,TAMIL NADU,NAMAKKAL,0.04484429065743818,0.18608227604766397,0.1998615916954838,0.2141330257593226,544500.5214844681,0.13969455257680286,-0.14769703960015382,0.3278123798539023,3905479
581,33,TAMIL NADU,PERAMBALUR,0.04822760476739472,0.1860822760476106,0.19986159169548318,0.2069357939253838,275343.7118432911,0.13754303823618616,-0.11374086889657825,0.3014225297962323,2007167
582,33,TAMIL NADU,PUDUKKOTTAI,0.059115724721263974,0.1860822760476558,0.19986159169548354,0.2214532871972308,741339.4021253759,0.14019395403480647,-0.09356401384083046,0.3278123798539023,5299699
583,33,TAMIL NADU,RAMANATHAPURAM,0.0026557808249715272,0.15378700499802592,0.16633602460588715,0.17937716262977949,453630.739606618,0.09742739544326078,-0.14769703960015382,0.31009611687812383,4668989
731,33,TAMIL NADU,RANIPPETTAI,0.04158400615148103,0.18608227604771005,0.19986159169548504,0.21413302575933205,275810.12792642857,0.12999026224480312,-0.09842368319876971,0.3188927335640138,2128423
584,33,TAMIL NADU,SALEM,0.059115724721263724,0.19986159169548232,0.21413302575926643,0.23646289888501962,1004370.0892860567,0.14651777791337203,-0.16000000000000003,0.3839138792772011,6871944
585,33,TAMIL NADU,SIVAGANGA,0.032541330257592274,0.17937716262981962,0.1929104190695673,0.20693579392538913,598585.9877318748,0.12432909796625614,-0.12456747404844293,0.3278123798539023,4827074
588,33,TAMIL NADU,TENI,0.010396001537870183,0.18608227604771113,0.19986159169548492,0.22145328719722818,382454.86902587366,0.11753510003686696,-0.16633602460592078,0.3278123798539023,3260399
733,33,TAMIL NADU,TENKASI,0.006836258003072403,0.1793771626298214,0.19986159169548465,0.21413302575933255,387296.87862789485,0.12172966445186438,-0.13016532103037293,0.3278123798539023,3188221
586,33,TAMIL NADU,THANJAVUR,0.05911572472126375,0.1929104190695563,0.20693579392538525,0.22145328719722024,542486.0130258604,0.13918742252363875,-0.0629911572472126,0.33685505574778934,3908681
590,33,TAMIL NADU,THIRUVARUR,0.0711111111111138,0.18608227604769073,0.20693579392539352,0.23646289888505356,370001.0899486701,0.14362029301864856,-0.07111111111111111,0.33685505574778934,2584269
591,33,TAMIL NADU,TIRUCHIRAPALLI,0.06299115724721129,0.1860822760476869,0.19986159169548376,0.221453287197219,727420.7415543323,0.14216056377944022,-0.11909265667051133,0.34602076124567477,5131417
592,33,TAMIL NADU,TIRUNELVELI,-0.036912321451336265,0.16633602460584337,0.18608227604771374,0.2069357939253888,421724.3561269026,0.09605581680466195,-0.17937716262975778,0.3278123798539023,4398780
634,33,TAMIL NADU,TIRUPPUR,0.059115724721264064,0.19986159169548212,0.20693579392537734,0.22145328719722435,879405.114246372,0.1486581009264172,-0.08421376393694734,0.3553094963475586,5928070
732,33,TAMIL NADU,TIRUPPATTUR,0.06698961937716129,0.19986159169548323,0.2141330257592859,0.2288965782391284,358230.8179900444,0.1478081423160162,-0.11374086889657825,0.3014225297962323,2429659
589,33,TAMIL NADU,TIRUVALLUR,0.04484429065743828,0.19291041906953454,0.20693579392538036,0.22145328719721408,518273.7995054327,0.13974373099880003,-0.07111111111111111,0.31009611687812383,3721243
593,33,TAMIL NADU,TIRUVANNAMALAI,0.04158400615148115,0.1860822760476376,0.19986159169548304,0.22145328719722265,950235.8755829781,0.13434780674992133,-0.09842368319876971,0.3553094963475586,7086228
594,33,TAMIL NADU,TUTICORIN,-0.02220684352172203,0.16633602460579794,0.1793771626298261,0.19291041906955408,562366.9940251305,0.1048392268390068,-0.17937716262975778,0.3014225297962323,5373009
595,33,TAMIL NADU,VELLORE,0.05536332179930899,0.19291041906955217,0.20693579392538322,0.2214532871972225,340040.19141019677,0.1406650092235087,-0.08421376393694734,0.3014225297962323,2425418
596,33,TAMIL NADU,VILLUPURAM,0.04822760476739467,0.19291041906954384,0.2069357939253797,0.22145328719722707,596532.7208854605,0.14250440868271647,-0.13016532103037293,0.34602076124567477,4197052
597,33,TAMIL NADU,VIRUDHUNAGAR,-0.002646168688360165,0.1599999999999811,0.1727950788158511,0.186082276047698,512070.5954711466,0.10654525665897302,-0.14769703960015382,0.29287197231833906,4816093
577,33,TAMIL NADU,KRISHNAGIRI,0.08421376393695318,0.2141330257592944,0.22889657823909929,0.24415224913492622,990415.9150772587,0.16846614062099904,-0.07535563244905807,0.39369473279507883,5891097
501,36,TELANGANA,ADILABAD,0.06698961937716472,0.19291041906953696,0.19986159169548295,0.21413302575931728,687187.5363342997,0.14510259666123104,-0.05173394848135333,0.3553094963475586,4743469
507,36,TELANGANA,HYDERABAD,0.06698961937716381,0.16633602460592523,0.17937716262975056,0.19986159169549855,27273.272321733944,0.12168884062248696,-0.008858131487889272,0.3278123798539023,225991
508,36,TELANGANA,KARIMNAGAR,0.006862793185889873,0.16633602460586552,0.186082276047705,0.20693579392539982,231106.83202239964,0.09797676576585751,-0.07535563244905807,0.3553094963475586,2364683
690,36,TELANGANA,BHADRADRI KOTHAGUDEM,0.04158400615148109,0.18608227604764474,0.1998615916954836,0.214133025759323,1116610.7939225105,0.13785272045418911,-0.14173010380622836,0.3278123798539023,8112200
512,36,TELANGANA,MAHABUBNAGAR,0.05173394848135492,0.22145328719729693,0.22889657823910373,0.24415224913492906,546623.4502080653,0.1671883436991184,-0.05911572472126105,0.3839138792772011,3277821
692,36,TELANGANA,SIDDIPET,0.019930795847750985,0.1860822760476414,0.19986159169548387,0.214133025759331,576665.593445348,0.13243603627995795,-0.07111111111111111,0.36472126105344094,4362172
514,36,TELANGANA,NALGONDA,0.0669896193771643,0.21413302575929996,0.22889657823909973,0.2519646289888448,1375022.892733989,0.16348190725658882,-0.1085121107266436,0.41362552864282975,8420108
516,36,TELANGANA,NIZAMABAD,0.006845482125472933,0.18608227604763217,0.19986159169548393,0.2214532871972272,576784.5551810933,0.11612870560149306,-0.06698961937716265,0.3553094963475586,4973584
518,36,TELANGANA,RANGAREDDY,0.05911572472126311,0.1998615916955286,0.2141330257592392,0.22889657823912032,916947.1552185923,0.1569566447732153,-0.05911572472126105,0.3553094963475586,5852435
720,36,TELANGANA,MULUGU,0.024605920799691983,0.17937716262982747,0.19986159169548404,0.22145328719723573,685794.3039152843,0.1358731734013916,-0.11374086889657825,0.36472126105344094,5054976
695,36,TELANGANA,JOGULAMBA GADWAL,0.08882737408688265,0.2364628988850885,0.2599000384467466,0.2928719723183486,576854.542966082,0.19284822664993104,-0.044844290657439445,0.40359861591695495,2996596
699,36,TELANGANA,KUMURAM BHEEM,0.07972318339100426,0.19291041906953116,0.20693579392538258,0.22145328719721818,817458.5643554137,0.15220176951503822,-0.05536332179930796,0.34602076124567477,5379788
684,36,TELANGANA,MANCHERIAL,0.048227604767394384,0.1998615916955371,0.20693579392538106,0.22889657823912052,700590.9835586061,0.1538014083710129,-0.11374086889657825,0.3553094963475586,4563416
680,36,TELANGANA,NIRMAL,0.01777777777777788,0.19291041906953896,0.2069357939253835,0.2288965782391285,608794.882114895,0.1386460296705464,-0.0629911572472126,0.37425605536332185,4400168
685,36,TELANGANA,KAMAREDDY,0.0068458430666057295,0.17937716262983003,0.19291041906956224,0.20693579392538894,529644.3174353935,0.12014662496191278,-0.07972318339100345,0.34602076124567477,4417377
691,36,TELANGANA,SANGAREDDY,0.017777777777777688,0.17279507881570302,0.1860822760476333,0.19986159169548448,606039.4206816786,0.11604364460656938,-0.06698961937716265,0.34602076124567477,5234286
694,36,TELANGANA,NAGARKURNOOL,0.08882737408688357,0.22889657823909107,0.24415224913498898,0.2599000384467604,1333214.0445979778,0.18463626439370395,-0.06698961937716265,0.40359861591695495,7230954
693,36,TELANGANA,WANAPARTHY,0.06698961937716372,0.2364628988850237,0.2599000384467651,0.3014225297962111,452088.8848585141,0.1781462684931479,-0.044844290657439445,0.39369473279507883,2543857
721,36,TELANGANA,NARAYANPET,0.03844675124951945,0.21413302575925655,0.228896578239104,0.24415224913493194,444422.76698180713,0.15831280213735507,-0.05173394848135333,0.39369473279507883,2813898
698,36,TELANGANA,VIKARABAD,0.03844675124952023,0.1860822760476392,0.19986159169548393,0.21413302575928278,574607.2769906601,0.1325878035419378,-0.06698961937716265,0.36472126105344094,4341820
700,36,TELANGANA,MEDCHAL-MALKAJGIRI,0.038446751249518706,0.18608227604762284,0.1998615916954853,0.2069357939253954,179759.53651517225,0.14267771970009907,-0.05536332179930796,0.3553094963475586,1263977
697,36,TELANGANA,YADADRI BHUVANAGIRI,0.035432525951558984,0.19986159169548232,0.20693579392537764,0.2214532871972167,545211.7836254458,0.14419620428367694,-0.0629911572472126,0.34602076124567477,3788544
696,36,TELANGANA,SURYAPET,0.02712802768166277,0.1860822760476392,0.19986159169548376,0.22889657823913792,554484.1222455788,0.13199809733258674,-0.0629911572472126,0.39369473279507883,4207558
509,36,TELANGANA,KHAMMAM,0.04158400615148103,0.1793771626298023,0.19291041906954765,0.20693579392538805,748051.165002173,0.13672077531867757,-0.11374086889657825,0.33685505574778934,5483474
688,36,TELANGANA,MAHABUBABAD,0.013840830449827434,0.17937716262982178,0.19291041906956116,0.20693579392539277,526517.9694215144,0.1267883659871232,-0.0629911572472126,0.34602076124567477,4159758
689,36,TELANGANA,JANGAON,0.024605920799692205,0.18608227604764851,0.19986159169548415,0.21413302575933238,376004.58733532083,0.13226575174219218,-0.05911572472126105,0.33685505574778934,2848930
686,36,TELANGANA,WARANGAL (URBAN),0.015747789311802863,0.1727950788158514,0.18608227604770566,0.199861591695489,158012.92942564236,0.11554018583965202,-0.05536332179930796,0.3553094963475586,1371299
522,36,TELANGANA,WARANGAL (RURAL),0.004512162297177539,0.17279507881579653,0.17937716262981365,0.19291041906959927,303090.09454996977,0.11544543858768255,-0.07111111111111111,0.33685505574778934,2631366
687,36,TELANGANA,JAYASHANKAR BHUPALAPALLY,0.03543252595155807,0.18608227604765887,0.1998615916954844,0.22145328719724044,484546.43659110786,0.14311343384209146,-0.09356401384083046,0.36472126105344094,3392864
682,36,TELANGANA,PEDDAPALLI,0.012056901191848554,0.17937716262981573,0.19986159169548573,0.22145328719723947,289103.5079095603,0.11179577425841453,-0.11909265667051133,0.3553094963475586,2590845
681,36,TELANGANA,JAGTIAL,0.013840830449827226,0.1793771626298155,0.19291041906957954,0.21413302575933052,384804.40175818093,0.11301524018296676,-0.05173394848135333,0.3278123798539023,3410637
683,36,TELANGANA,RANJANNA SIRCILLA,0.029773164167628506,0.1860822760476131,0.19986159169548542,0.22145328719721932,281506.51335472905,0.13221624968556198,-0.044844290657439445,0.37425605536332185,2133794
513,36,TELANGANA,MEDAK,-9.070509450736132E-4,0.18608227604765482,0.19986159169548406,0.21413302575933046,385696.52550119837,0.11952534699835743,-0.05911572472126105,0.3553094963475586,3235035
269,16,TRIPURA,DHALAI,-0.01039600153787022,0.12456747404847368,0.13588619761633153,0.15378700499808517,222811.579452781,0.08011735817376571,-0.1085121107266436,0.2519646289888504,2787504
654,16,TRIPURA,GOMATI,-0.03254133025759282,0.11374086889658984,0.12456747404845601,0.1417301038062353,124698.28110242766,0.0632885608292163,-0.12456747404844293,0.22145328719723184,1976295
652,16,TRIPURA,KHOWAI,-0.03543252595155688,0.09842368319876345,0.11374086889657391,0.12456747404844305,69066.9368092925,0.05378528655055855,-0.12456747404844293,0.22145328719723184,1288086
270,16,TRIPURA,NORTH TRIPURA,-0.03543252595155644,0.11909265667052422,0.1301653210303732,0.14173010380623777,112197.50360192507,0.06820075287738182,-0.15378700499807765,0.24415224913494812,1650811
653,16,TRIPURA,SEPAHIJALA,-0.04158400615148094,0.09842368319877406,0.11374086889657334,0.1301653210303698,63692.61995248209,0.04939331899321013,-0.13016532103037293,0.2364628988850442,1294414
271,16,TRIPURA,SOUTH TRIPURA,-0.04484429065743861,0.10851211072665852,0.11909265667052128,0.13588619761629805,101987.68261153261,0.05745450890490916,-0.14769703960015382,0.24415224913494812,1781389
655,16,TRIPURA,UNOKOTI,-0.03543252595155872,0.10851211072666052,0.12456747404845711,0.13588619761629886,49824.974145472326,0.05907922916649969,-0.14173010380622836,0.22145328719723184,846595
272,16,TRIPURA,WEST TRIPURA,-0.024605920799692618,0.09356401384083671,0.10851211072664879,0.12456747404843899,61459.34341221144,0.053381801762653856,-0.11909265667051133,0.2364628988850442,1154860
118,09,UTTAR PRADESH,AGRA,0.05173394848135033,0.15378700499800324,0.1663360246058972,0.17279507881585016,602169.6528935373,0.118796026404784,-0.05911572472126105,0.29287197231833906,5084762
119,09,UTTAR PRADESH,ALIGARH,-0.012056901191848653,0.09842368319874699,0.10851211072665726,0.12456747404845629,239540.54127186735,0.05112016379874059,-0.09842368319876971,0.29287197231833906,4695914
121,09,UTTAR PRADESH,AMBEDKARNAGAR,0.07535563244904579,0.16633602460585278,0.17937716262979492,0.19986159169549023,375362.2517555288,0.1294238069255305,-0.012056901191849288,0.3188927335640138,2907631
640,09,UTTAR PRADESH,AMETHI,0.0711111111111176,0.15999999999995765,0.17279507881585088,0.1860822760477021,372924.06314375246,0.12351029437313396,-0.0271280276816609,0.29287197231833906,3027141
154,09,UTTAR PRADESH,AMROHA,-0.07111111111111704,0.03844675124952159,0.05911572472126427,0.07972318339100368,-27212.98087139595,-0.008699820785189348,-0.17937716262975778,0.2288965782391388,3135410
122,09,UTTAR PRADESH,AURAIYA,0.044844290657444046,0.14173010380624576,0.15378700499807726,0.166336024605925,258206.61927965237,0.1024903224402131,-0.08421376393694734,0.3278123798539023,2525028
123,09,UTTAR PRADESH,AZAMGARH,0.08882737408688857,0.17279507881571946,0.1860822760476957,0.19986159169548676,726923.2637491269,0.13888554152393617,-0.017777777777777778,0.31009611687812383,5243512
133,09,UTTAR PRADESH,BUDAUN,-0.004462279227383537,0.10340638216073476,0.1190926566705245,0.1358861976162967,308751.0326862993,0.05739461199144001,-0.07972318339100345,0.2761399461745483,5388312
124,09,UTTAR PRADESH,BAGHPAT,-0.02977316416762703,0.0669896193771664,0.0842137639369462,0.10340638216070487,39665.52489164304,0.02351056383253,-0.09842368319876971,0.2288965782391388,1691561
125,09,UTTAR PRADESH,BAHRAICH,-0.0016784336113759128,0.15378700499801082,0.16633602460587626,0.18608227604769478,613705.7357489417,0.09846527250913566,-0.17279507881584008,0.3278123798539023,6244557
126,09,UTTAR PRADESH,BALLIA,0.08421376393694771,0.17279507881584022,0.1860822760477057,0.21413302575932713,508325.63217717677,0.13705626984269692,-0.05173394848135333,0.3553094963475586,3717530
127,09,UTTAR PRADESH,BALRAMPUR,0.022206843521721566,0.1476970396001232,0.16633602460589283,0.17937716262977316,433157.82303947007,0.10304525665624018,-0.1085121107266436,0.3188927335640138,4212204
128,09,UTTAR PRADESH,BANDA,0.08882737408687844,0.1793771626297689,0.18608227604766311,0.1998615916954863,789557.5711184986,0.143466800649569,-0.029773164167627833,0.37425605536332185,5516307
129,09,UTTAR PRADESH,BARABANKI,0.02712802768166286,0.14173010380626186,0.15999999999999048,0.17937716262977957,454155.534668421,0.09439178039975334,-0.07535563244905807,0.31009611687812383,4821092
130,09,UTTAR PRADESH,BAREILLY,-0.019930795847751374,0.08421376393696682,0.0984236831987576,0.11909265667051519,211473.67666384586,0.04045854395748515,-0.10340638216070744,0.2679584775086506,5236856
131,09,UTTAR PRADESH,BASTI,0.06698961937716763,0.16633602460582908,0.17937716262980422,0.19986159169548914,432420.3251170814,0.12415940128401322,-0.007443291041906958,0.31009611687812383,3489747
179,09,UTTAR PRADESH,BHADOHI,0.0888273740868803,0.19291041906956277,0.20693579392539677,0.22145328719723903,188648.4383375908,0.150546862842996,0.010396001537870049,0.36472126105344094,1258326
132,09,UTTAR PRADESH,BIJNOR,-0.08421376393695837,0.01777777777777925,0.03543252595156,0.05536332179930928,-153361.95605094856,-0.026039432158273826,-0.17279507881584008,0.2069357939254133,5897437
134,09,UTTAR PRADESH,BULANDSHAHR,-0.059115724721264265,0.055363321799302034,0.07111111111111772,0.09356401384082508,45343.84154587678,0.010171824966143462,-0.15378700499807765,0.21413302575932336,4465675
135,09,UTTAR PRADESH,CHANDAULI,0.08421376393695978,0.19986159169558196,0.2141330257592239,0.228896578239112,455857.3225047785,0.14506884306862103,-0.0271280276816609,0.36472126105344094,3149762
136,09,UTTAR PRADESH,CHITRAKOOT,0.10851211072665418,0.1998615916954828,0.21413302575929372,0.2288965782391369,633000.8350281691,0.16079000495562393,-0.029773164167627833,0.3839138792772011,3947058
137,09,UTTAR PRADESH,DEORIA,0.06299115724721117,0.15999999999995082,0.17279507881585116,0.1929104190695821,394528.8437737708,0.12486194722012497,-0.008858131487889272,0.3014225297962323,3167421
140,09,UTTAR PRADESH,AYODHYA,0.06698961937716641,0.1599999999999739,0.17937716262978523,0.19291041906957804,416566.0349920533,0.12412614930191761,-0.03543252595155709,0.3278123798539023,3363207
138,09,UTTAR PRADESH,ETAH,0.015747789311802856,0.11374086889659647,0.12456747404845757,0.13588619761629744,225998.49002129157,0.07416179194883703,-0.08882737408688965,0.24415224913494812,3057112
139,09,UTTAR PRADESH,ETAWAH,0.04484429065743789,0.13588619761634024,0.1476970396001687,0.16633602460592464,289946.2657501983,0.09978200409099784,-0.05173394848135333,0.31009611687812383,2912455
141,09,UTTAR PRADESH,FARRUKHABAD,0.010396001537870255,0.11374086889657871,0.12456747404846513,0.13588619761630688,200568.27791420164,0.07321630143904206,-0.06698961937716265,0.2519646289888504,2746061
142,09,UTTAR PRADESH,FATEHPUR,0.07535563244905695,0.17279507881582573,0.18608227604770883,0.19986159169548806,681436.3867853552,0.13179480419857323,-0.05536332179930796,0.3839138792772011,5179341
143,09,UTTAR PRADESH,FIROZABAD,0.04484429065744598,0.1358861976163556,0.14769703960017555,0.16000000000000297,302803.64582984097,0.09976391685343367,-0.03543252595155709,0.2761399461745483,3043033
144,09,UTTAR PRADESH,GAUTAMBUDHNAGAR,-0.015747789311802863,0.09842368319877622,0.11909265667050889,0.13588619761630188,90728.42470494329,0.05060997307660695,-0.14769703960015382,0.2599000384467512,1799130
146,09,UTTAR PRADESH,GAZIPUR,0.08882737408688361,0.17279507881573697,0.18608227604768834,0.20693579392539815,578385.0855855228,0.13827221513668844,-0.041584006151480196,0.36472126105344094,4191005
145,09,UTTAR PRADESH,GHAZIABAD,-0.041584006151480904,0.0753556324490465,0.09356401384082356,0.11374086889657402,31926.32471817975,0.027523295736508628,-0.12456747404844293,0.2288965782391388,1164347
147,09,UTTAR PRADESH,GONDA,0.06299115724721122,0.166336024605819,0.17937716262981104,0.19291041906958578,627648.7502895007,0.12583067139454532,-0.05173394848135333,0.3278123798539023,4997607
148,09,UTTAR PRADESH,GORAKHPUR,0.0669896193771712,0.1599999999999497,0.1727950788158513,0.1929104190695859,517883.71693035506,0.12459093100401632,-0.022206843521722412,0.3014225297962323,4167218
149,09,UTTAR PRADESH,HAMIRPUR,0.09356401384082318,0.1793771626298306,0.18608227604768202,0.1929104190695826,706923.0463758712,0.14647830644796242,-0.044844290657439445,0.3553094963475586,4836349
661,09,UTTAR PRADESH,HAPUR,-0.06299115724721126,0.048227604767394204,0.06299115724721119,0.07972318339100908,2288.6225054487086,0.0016109912275138725,-0.14769703960015382,0.2069357939254133,1425629
150,09,UTTAR PRADESH,HARDOI,0.03844675124952119,0.14769703960011435,0.15999999999998296,0.17937716262977013,801907.8542961701,0.10666697192240748,-0.08421376393694734,0.3188927335640138,7529334
163,09,UTTAR PRADESH,HATHRAS,0.00684303265257387,0.14173010380626191,0.15378700499802422,0.1663360246058817,195826.11470674153,0.08729866071447676,-0.07535563244905807,0.2599000384467512,2250134
151,09,UTTAR PRADESH,JALAUN,0.06698961937716907,0.15378700499797868,0.16633602460586072,0.17937716262977757,691107.317372293,0.12188261646459526,-0.10340638216070744,0.34602076124567477,5680240
152,09,UTTAR PRADESH,JAUNPUR,0.09356401384082712,0.18608227604759064,0.19291041906953232,0.2069357939253835,741391.4860185425,0.148344454292728,-0.0271280276816609,0.31009611687812383,5008032
153,09,UTTAR PRADESH,JHANSI,0.07111111111111375,0.1663360246058184,0.17279507881580697,0.18608227604769967,816351.5595008668,0.13146182351701924,-0.07535563244905807,0.33685505574778934,6229627
155,09,UTTAR PRADESH,KANNAUJ,0.04158400615148115,0.13016532103032918,0.14173010380624512,0.1600000000000137,252158.4761826705,0.09633359907939851,-0.044844290657439445,0.2761399461745483,2623727
157,09,UTTAR PRADESH,KANPUR,0.06698961937716529,0.172795078815785,0.18608227604771133,0.19986159169548726,505151.4145665901,0.1352761190057027,-0.06698961937716265,0.36472126105344094,3743531
156,09,UTTAR PRADESH,KANPUR DEHAT,0.059115724721259505,0.15999999999994768,0.17279507881581474,0.18608227604770292,477044.9611939376,0.12125033299155073,-0.03254133025759323,0.36472126105344094,3941798
633,09,UTTAR PRADESH,KASGANJ,-9.021780061229661E-4,0.1085121107266606,0.11909265667052302,0.1358861976162971,159059.76733232927,0.06441947041614601,-0.08882737408688965,0.2364628988850442,2475748
158,09,UTTAR PRADESH,KAUSHAMBI,0.07972318339101007,0.17937716262982495,0.1998615916954845,0.21413302575933163,308133.9090063077,0.13925357010395736,0.010396001537870049,0.39369473279507883,2218096
159,09,UTTAR PRADESH,KHERI,-0.010396001537870273,0.11909265667053376,0.13588619761632711,0.1600000000000023,669481.9864735624,0.06884803459369927,-0.11374086889657825,0.3014225297962323,9738027
160,09,UTTAR PRADESH,KUSHINAGAR,0.03254133025759208,0.14173010380624915,0.15999999999998568,0.17279507881584918,359173.33100206236,0.09989917458207302,-0.05173394848135333,0.3014225297962323,3604253
161,09,UTTAR PRADESH,LALITPUR,0.06698961937716368,0.15999999999996367,0.17279507881585085,0.1998615916954927,773708.2256555043,0.12490292208135573,-0.08882737408688965,0.36472126105344094,6203252
162,09,UTTAR PRADESH,LUCKNOW,0.019930795847753223,0.15378700499800516,0.17279507881583722,0.1860822760477002,331058.03555301874,0.10467115685674741,-0.08421376393694734,0.3188927335640138,3170059
165,09,UTTAR PRADESH,MAHOBA,0.08882737408688765,0.18608227604761524,0.19291041906954015,0.2069357939253916,605695.9302245653,0.15012830945402925,-0.07535563244905807,0.3553094963475586,4045255
166,09,UTTAR PRADESH,MAINPURI,0.02977316416762859,0.11909265667053467,0.13016532103035072,0.14769703960015904,283879.06507516257,0.08265624499086699,-0.08882737408688965,0.2599000384467512,3441554
167,09,UTTAR PRADESH,MATHURA,0.0026490175764841643,0.13588619761632123,0.15378700499805142,0.1663360246059251,362601.9862009675,0.08621854355749557,-0.07111111111111111,0.29287197231833906,4213749
168,09,UTTAR PRADESH,MAU,0.07111111111111773,0.1599999999999813,0.17279507881585077,0.18608227604768818,260903.9131565658,0.12102690253635519,-0.012056901191849288,0.31009611687812383,2161729
169,09,UTTAR PRADESH,MEERUT,-0.07111111111111704,0.04822760476738865,0.06698961937717085,0.08882737408688861,-11759.002943966832,-0.003555013356535113,-0.16000000000000003,0.2288965782391388,3314219
170,09,UTTAR PRADESH,MIRZAPUR,0.10851211072665227,0.22145328719728583,0.23646289888501476,0.2599000384467696,949768.6449760508,0.17470120716842763,-0.044844290657439445,0.39369473279507883,5447558
171,09,UTTAR PRADESH,MORADABAD,-0.05173394848134795,0.05911572472124913,0.07972318339101551,0.09842368319876793,26376.856236126143,0.010628996501280024,-0.11909265667051133,0.22145328719723184,2489342
172,09,UTTAR PRADESH,MUZAFFARNAGAR,-0.0842137639369477,0.029773164167629106,0.04822760476739609,0.07111111111111285,-52238.831862679384,-0.014904966523041725,-0.16633602460592078,0.22145328719723184,3511799
173,09,UTTAR PRADESH,PILIBHIT,-0.02712802768166038,0.07972318339101638,0.09842368319877215,0.12456747404844867,173461.22694416723,0.03630670676728347,-0.11909265667051133,0.2519646289888504,4788939
174,09,UTTAR PRADESH,PRATAPGARH,0.07535563244904758,0.17937716262980885,0.19291041906954173,0.20693579392538894,630768.8398380124,0.13702040760516623,-0.0629911572472126,0.33685505574778934,4613609
175,09,UTTAR PRADESH,RAIBEARELI,0.06299115724721115,0.1599999999999598,0.1727950788157989,0.18608227604770214,586729.8369858796,0.12007172119035206,-0.05536332179930796,0.33685505574778934,4896223
176,09,UTTAR PRADESH,RAMPUR,-0.04158400615148121,0.05911572472125052,0.07535563244904701,0.08882737408688283,46568.88423138986,0.015464531196115404,-0.12456747404844293,0.2069357939254133,3018922
177,09,UTTAR PRADESH,SAHARANPUR,-0.09842368319876324,0.024605920799691403,0.04484429065743777,0.06698961937716155,-135273.30884192578,-0.02828166444200526,-0.22145328719723184,0.2069357939254133,4790695
659,09,UTTAR PRADESH,SAMBHAL,-0.03844675124952137,0.08421376393696398,0.09842368319875497,0.11374086889658187,107884.23472287737,0.03502384739853852,-0.1085121107266436,0.2288965782391388,3088314
178,09,UTTAR PRADESH,SANTKABIRNAGAR,0.06698961937716107,0.16000000000000197,0.17937716262976464,0.192910419069577,249988.7071313173,0.12187657652630353,-0.07111111111111111,0.31009611687812383,2058853
180,09,UTTAR PRADESH,SHAHJAHANPUR,-0.0044758239224223,0.10340638216073446,0.1137408688965944,0.1358861976162991,311813.7556259619,0.05721851106020402,-0.09842368319876971,0.2599000384467512,5462736
660,09,UTTAR PRADESH,SHAMLI,-0.06299115724721126,0.0482276047673939,0.07111111111111576,0.09356401384082645,-5120.270785982745,-0.0031624164684591663,-0.14769703960015382,0.2288965782391388,1623202
181,09,UTTAR PRADESH,SHRAWASTI,0.024605920799692975,0.15378700499803183,0.16633602460590385,0.18608227604769437,247477.70164801544,0.1017111613120307,-0.07535563244905807,0.3188927335640138,2439319
182,09,UTTAR PRADESH,SIDDHARTHNAGAR,0.05173394848134787,0.14173010380625534,0.1537870049980537,0.1727950788158493,378572.91769693105,0.10421196680096155,-0.05536332179930796,0.3188927335640138,3640380
183,09,UTTAR PRADESH,SITAPUR,0.03254133025759237,0.13588619761631562,0.14769703960017508,0.1663360246059248,671747.5650910134,0.09304949992184973,-0.07535563244905807,0.3188927335640138,7230057
184,09,UTTAR PRADESH,SONBHADRA,0.08421376393695029,0.19986159169551831,0.21413302575924492,0.22889657823912624,1331606.603457046,0.15779202195170805,-0.17937716262975778,0.37425605536332185,8450002
185,09,UTTAR PRADESH,SULTANPUR,0.0797231833910111,0.17279507881578082,0.18608227604770572,0.19986159169548673,453758.0420907215,0.13638662760755366,-0.010396001537870049,0.29287197231833906,3335749
186,09,UTTAR PRADESH,UNNAO,0.03844675124952165,0.15999999999994818,0.172795078815835,0.19291041906960094,672644.3043254977,0.11796779341566938,-0.0629911572472126,0.3188927335640138,5712341
187,09,UTTAR PRADESH,VARANASI,0.09356401384082343,0.18608227604766725,0.19291041906956716,0.21413302575932866,279590.3905793192,0.14764874066012973,-0.0271280276816609,0.3553094963475586,1899363
120,09,UTTAR PRADESH,PRAYAGRAJ,0.07972318339101456,0.19986159169548298,0.2141330257592615,0.2364628988850307,1004046.1662973037,0.14862703466526797,-0.05911572472126105,0.37425605536332185,6766620
164,09,UTTAR PRADESH,MAHARAJGANJ,0.0271280276816617,0.1301653210303379,0.14769703960017075,0.16633602460592484,330372.5801397441,0.08945774091434558,-0.1085121107266436,0.2761399461745483,3700747
045,05,UTTARAKHAND,ALMORA,-0.14769703960015873,0.02460592079969198,0.044844290657437905,0.07111111111111074,-185226.90106022605,-0.045876841939821424,-0.2679584775086506,0.2069357939254133,4045433
046,05,UTTARAKHAND,BAGESHWAR,-0.17937716262977652,0.027128027681661147,0.05173394848135214,0.07972318339100398,-154612.85595999175,-0.0537498712410894,-0.29287197231833906,0.19986159169550174,2883079
048,05,UTTARAKHAND,CHAMPAWAT,-0.14173010380623655,0.05173394848134937,0.07535563244905505,0.09842368319876814,-52732.623809794706,-0.023326165709717798,-0.2761399461745483,0.22145328719723184,2266165
049,05,UTTARAKHAND,DEHRADUN,-0.19291041906960177,0.009651125436671697,0.03693912922769034,0.06698961937716552,-273801.2720385918,-0.06831102125579623,-0.3188927335640138,0.21413302575932336,4018513
050,05,UTTARAKHAND,HARIDWAR,-0.098423683198776,0.019930795847752526,0.04158400615148117,0.06299115724721135,-95756.99296199766,-0.03251550188933797,-0.21413302575932336,0.17937716262975778,2950783
051,05,UTTARAKHAND,NAINITAL,-0.14173010380621381,0.04484429065744713,0.06299115724721116,0.08421376393694668,-108443.72195164039,-0.02125129072108659,-0.2679584775086506,0.22145328719723184,5111706
052,05,UTTARAKHAND,PAURI GARHWAL,-0.17279507881584907,0.022206843521720428,0.044844290657439036,0.07111111111111505,-339563.03213133,-0.050014728765023594,-0.3014225297962323,0.1929104190695886,6797764
054,05,UTTARAKHAND,RUDRAPRAYAG,-0.2364628988850163,0.009640715384607826,0.03691153927659031,0.05911572472126334,-221492.34907190854,-0.08613467555311784,-0.34602076124567477,0.21413302575932336,2576527
055,05,UTTARAKHAND,TEHRI GARHWAL,-0.21413302575927431,0.021077555134753817,0.04158400615148117,0.06698961937716238,-335913.4819232864,-0.06646262353619573,-0.3278123798539023,0.21413302575932336,5065420
056,05,UTTARAKHAND,UDHAM SINGH NAGAR,-0.06698961937716373,0.0553633217993046,0.07972318339100498,0.11909265667051185,9971.87360685602,0.002927569157235561,-0.16000000000000003,0.2288965782391388,3417188
047,05,UTTARAKHAND,CHAMOLI,-0.206935793925392,0.025875773113695894,0.05173394848134917,0.07972318339100656,-664394.3844979535,-0.06565631708899734,-0.3553094963475586,0.24415224913494812,10130102
053,05,UTTARAKHAND,PITHORAGARH,-0.17937716262978426,0.04158400615148127,0.06698961937716516,0.09356401384082566,-426397.07220792014,-0.045744415675792835,-0.3188927335640138,0.2364628988850442,9333695
057,05,UTTARAKHAND,UTTARKASHI,-0.24415224913492659,0.016778449841238854,0.03692025268011688,0.06698961937716195,-838524.2799187958,-0.08080255561974577,-0.36472126105344094,0.19986159169550174,10391325
664,19,WEST BENGAL,ALIPUR DUAR,-0.06698961937716233,0.07111111111111991,0.07972318339101564,0.09842368319877064,94299.69846002795,0.026999627515115324,-0.22145328719723184,0.22145328719723184,3499191
305,19,WEST BENGAL,BANKURA,-0.004473041843835562,0.12456747404847798,0.14173010380622744,0.1600000000000043,690176.3288828665,0.08257450839903271,-0.08421376393694734,0.33685505574778934,8367774
306,19,WEST BENGAL,PURBA BARDDHAMAN,-0.03254133025759024,0.09842368319874789,0.11374086889659102,0.13016532103036912,273299.6565981289,0.04314419464094059,-0.08882737408688965,0.31009611687812383,6345416
307,19,WEST BENGAL,BIRBHUM,-0.03543252595155932,0.124567474048473,0.14173010380623693,0.1600000000000071,337931.1372906507,0.06082345523602114,-0.08882737408688965,0.28444444444444444,5568338
310,19,WEST BENGAL,DAKSHIN DINAJPUR,-0.05911572472125804,0.09356401384084896,0.10851211072665297,0.12456747404844556,109832.38055435072,0.03979784647435273,-0.10340638216070744,0.2364628988850442,2766684
309,19,WEST BENGAL,DARJILING,-0.08882737408688389,0.08882737408689036,0.10851211072664337,0.13016532103036718,72772.83038835067,0.028383065773454976,-0.1929104190695886,0.2364628988850442,2570580
317,19,WEST BENGAL,PURBA MEDINIPUR,-0.0199307958477533,0.09356401384084209,0.11374086889658536,0.1417301038062276,234729.48189802066,0.04924263501917265,-0.09842368319876971,0.2599000384467512,4774369
313,19,WEST BENGAL,HAORA,-9.109425397360679E-4,0.09842368319875072,0.1137408688965727,0.12456747404844118,109662.81319969255,0.0617983632215583,-0.07535563244905807,0.2679584775086506,1779421
312,19,WEST BENGAL,HUGLI,-0.0246059207996923,0.10340638216073385,0.11374086889659371,0.13016532103037312,228988.68473655047,0.05992254411451321,-0.08882737408688965,0.2679584775086506,3830421
314,19,WEST BENGAL,JALPAIGURI,-0.05911572472126411,0.07111111111111913,0.0842137639369562,0.10340638216070414,127708.4782037119,0.029813289459194505,-0.17937716262975778,0.2761399461745483,4291724
308,19,WEST BENGAL,KOCH BIHAR,-0.07535563244905036,0.07535563244905152,0.09356401384082284,0.11374086889657592,88548.73658212289,0.021104535025810802,-0.13016532103037293,0.2761399461745483,4209471
315,19,WEST BENGAL,KOLKATA,0.02220684352172242,0.09842368319876538,0.11374086889657735,0.13588619761630133,15785.503118049724,0.0704704236139028,-0.07972318339100345,0.2679584775086506,225875
316,19,WEST BENGAL,MALDAH,-0.03844675124952087,0.11374086889658044,0.1301653210303538,0.14769703960015926,279058.70379985776,0.06308234216915658,-0.11909265667051133,0.31009611687812383,4432769
319,19,WEST BENGAL,MURSHIDABAD,-0.03844675124952205,0.11909265667053322,0.13588619761632686,0.153787004998084,437506.01053361327,0.06687655251417128,-0.10340638216070744,0.3278123798539023,6553296
320,19,WEST BENGAL,NADIA,-0.006827017828062642,0.11909265667053193,0.13588619761632137,0.15378700499808315,364683.38788876747,0.07693427284536744,-0.06698961937716265,0.2761399461745483,4752532
303,19,WEST BENGAL,NORTH TWENTY-FOUR PARGANAS,-0.004486463032668443,0.11909265667052443,0.14173010380622686,0.16000000000001388,349525.6303236314,0.07210116701003687,-0.07111111111111111,0.29287197231833906,4858451
318,19,WEST BENGAL,PASCHIM MEDINIPUR,-0.01993079584775258,0.11909265667053386,0.13016532103033573,0.1476970396001681,465954.3079395637,0.06148059418045437,-0.08421376393694734,0.3278123798539023,7589470
321,19,WEST BENGAL,PURULIYA,0.0517339484813503,0.15378700499798323,0.16633602460586208,0.17937716262978515,872280.7622677034,0.11472147660641538,-0.10340638216070744,0.3188927335640138,7614827
304,19,WEST BENGAL,SOUTH TWENTY-FOUR PARGANAS,-0.03543252595155579,0.09356401384085215,0.10851211072665957,0.11909265667051736,389928.5051058586,0.04221702586653273,-0.10340638216070744,0.29287197231833906,9269362
311,19,WEST BENGAL,UTTAR DINAJPUR,-0.051733948481349885,0.088827374086876,0.09842368319876346,0.1190926566705118,123223.59859731105,0.03168525487420816,-0.11909265667051133,0.2288965782391388,3902218
703,19,WEST BENGAL,JHARGRAM,-0.019930795847751204,0.1301653210303366,0.14173010380622397,0.15999999999999914,297030.25653667486,0.07937768031281085,-0.07535563244905807,0.33685505574778934,3751531
704,19,WEST BENGAL,PASCHIM BARDDHAMAN,-0.006819164797996548,0.11909265667053139,0.13588619761630985,0.15378700499808232,179565.69760261622,0.08143683978478651,-0.12456747404844293,0.28444444444444444,2210746
702,19,WEST BENGAL,KALIMPONG,-0.08421376393694548,0.09842368319877014,0.11909265667051899,0.13588619761629753,47449.03015629343,0.034658459937001396,-0.2364628988850442,0.24415224913494812,1372509
