di_code,st_code,state23,dist23,A16_p2,A16_p90,A16_p95,A16_p98,A16_sum,A16_mean,A16_min,A16_max,A16_count
603,35,ANDAMAN & NICOBAR,NICOBAR,-0.14769703960015226,0.04484429065743815,0.06299115724721137,0.07972318339100398,-88167.87389319506,-0.04395134925601339,-0.2679584775086506,0.2679584775086506,2020602
632,35,ANDAMAN & NICOBAR,NORTH & MIDDLE ANDAMAN,-0.09356401384082551,0.041584006151481175,0.06299115724721138,0.08882737408688968,-69692.36500378467,-0.017541569799385252,-0.17279507881584008,0.2599000384467512,4003957
602,35,ANDAMAN & NICOBAR,SOUTH ANDAMAN,-0.11374086889657453,0.041584006151480994,0.07535563244905856,0.10340638216070545,-103782.99516919548,-0.03586517213786309,-0.186082276047674,0.2761399461745483,2916597
502,28,ANDHRA PRADESH,ANANTAPUR,-0.12456747404846097,0.09842368319875608,0.12456747404846173,0.14769703960016217,70645.3332901304,0.0031535833168732943,-0.2364628988850442,0.3188927335640138,22430270
503,28,ANDHRA PRADESH,CHITTOOR,-0.07535563244905434,0.10851211072665998,0.1301653210303643,0.1600000000000018,614058.5843601406,0.03560677621527007,-0.22145328719723184,0.3278123798539023,17269415
504,28,ANDHRA PRADESH,Y S R KADAPA,-0.09356401384084988,0.1476970396001734,0.16633602460588892,0.19291041906958606,922182.898631001,0.05207362964703598,-0.21413302575932336,0.34602076124567477,17724326
505,28,ANDHRA PRADESH,EAST GODAVARI,-0.1476970396001441,0.0984236831987583,0.13016532103035916,0.15999999999999218,-81455.52465686495,-0.005389101132574642,-0.2679584775086506,0.33685505574778934,15133939
506,28,ANDHRA PRADESH,GUNTUR,-0.14769703960014635,0.08882737408688239,0.11909265667052193,0.14769703960016148,-392271.7158943464,-0.02954602757146774,-0.2364628988850442,0.3278123798539023,13291974
510,28,ANDHRA PRADESH,KRISHNA,-0.1417301038062225,0.04484429065744467,0.07972318339101155,0.11909265667050936,-445482.91728720797,-0.04363337301249311,-0.29287197231833906,0.3278123798539023,10225813
511,28,ANDHRA PRADESH,KURNOOL,-0.14173010380623632,0.1034063821607306,0.13016532103035836,0.15999999999999948,-309891.9912031312,-0.015364775967181582,-0.2288965782391388,0.3553094963475586,20185908
515,28,ANDHRA PRADESH,POTTI SRIRAMULU NELLORE,-0.10340638216070716,0.07972318339101668,0.10340638216072023,0.13016532103037448,183276.39671653905,0.012017654460229007,-0.2761399461745483,0.3188927335640138,15263341
517,28,ANDHRA PRADESH,PRAKASAM,-0.10851211072665481,0.11374086889659117,0.14173010380622933,0.1727950788158496,344206.71251128847,0.016838877512309895,-0.24415224913494812,0.3278123798539023,20457221
519,28,ANDHRA PRADESH,SRIKAKULAM,-0.1663360246059156,0.05911572472125904,0.08882737408688796,0.11909265667051142,-275980.3420570904,-0.04010265853045973,-0.29287197231833906,0.2761399461745483,6895077
520,28,ANDHRA PRADESH,VISAKHAPATNAM,-0.13016532103035744,0.09356401384082265,0.12456747404845388,0.1600000000000058,13856.354644176232,0.0010192711094742775,-0.2519646289888504,0.3278123798539023,13613577
521,28,ANDHRA PRADESH,VIZIANAGARAM,-0.14173010380623616,0.06299115724721117,0.09842368319876908,0.13016532103037182,-155385.22964997252,-0.021460415340480987,-0.28444444444444444,0.2761399461745483,7256513
523,28,ANDHRA PRADESH,WEST GODAVARI,-0.15999999999999243,0.05173394848134717,0.0842137639369565,0.12456747404845948,-367187.0153263319,-0.037777620730547405,-0.31009611687812383,0.3188927335640138,9731922
628,12,ARUNACHAL PRADESH,ANJAW,-0.25196462898884464,0.06698961937716778,0.09842368319877022,0.13016532103037032,-613791.4846852564,-0.08073183542068026,-0.33685505574778934,0.31009611687812383,7611073
229,12,ARUNACHAL PRADESH,CHANGLANG,-0.25196462898884486,0.02977316416762751,0.06299115724721124,0.0935640138408277,-516673.2554575831,-0.08312858139928483,-0.36472126105344094,0.2599000384467512,6227191
230,12,ARUNACHAL PRADESH,DIBANG VALLEY,-0.26795847750868224,0.021082086199114173,0.06299115724721122,0.09842368319876707,-1322250.110624485,-0.10842741750954603,-0.37425605536332185,0.2679584775086506,12207130
231,12,ARUNACHAL PRADESH,EAST KAMENG,-0.2364628988850515,0.04484429065743993,0.08421376393694373,0.11909265667050573,-441340.29547193117,-0.07951794693505906,-0.3553094963475586,0.28444444444444444,5558425
233,12,ARUNACHAL PRADESH,KURUNG KUMEY,-0.24415224913493147,0.029773164167627333,0.0669896193771638,0.10851211072664328,-535688.0485225304,-0.09541904554715637,-0.34602076124567477,0.28444444444444444,5621269
234,12,ARUNACHAL PRADESH,LOHIT,-0.25196462898884486,0.05173394848135074,0.09356401384082508,0.1301653210303727,-351476.29419833235,-0.09116027218014176,-0.37425605536332185,0.29287197231833906,3863405
235,12,ARUNACHAL PRADESH,LOWER DIBANG VALLEY,-0.27613994617455145,0.0415840061514812,0.08882737408688209,0.12456747404844107,-477421.5337387351,-0.10649024318015264,-0.3553094963475586,0.29287197231833906,4491587
237,12,ARUNACHAL PRADESH,PAPUMPARE,-0.22889657823911927,0.04484429065743781,0.07972318339100494,0.1137408688965764,-318968.69463130774,-0.07375107232427433,-0.36472126105344094,0.2364628988850442,4333778
238,12,ARUNACHAL PRADESH,TAWANG,-0.3014225297961796,-0.005805607093043287,0.04158400615148099,0.08882737408688686,-437022.12508490373,-0.1412563467599774,-0.37425605536332185,0.28444444444444444,3100277
239,12,ARUNACHAL PRADESH,TIRAP,-0.19986159169549036,0.04484429065743786,0.07535563244905483,0.10340638216070525,-88537.60112781948,-0.06018639739313429,-0.3014225297962323,0.2364628988850442,1474824
240,12,ARUNACHAL PRADESH,UPPER SIANG,-0.25196462898884464,0.02977316416762734,0.06698961937716476,0.10340638216070394,-850981.4445991117,-0.09976010082553052,-0.3553094963475586,0.3014225297962323,8540336
241,12,ARUNACHAL PRADESH,UPPER SUBANSIRI,-0.24415224913492972,0.0415840061514812,0.07972318339100817,0.11374086889657473,-726229.2449665731,-0.08845511518099533,-0.3553094963475586,0.29287197231833906,8220067
242,12,ARUNACHAL PRADESH,WEST KAMENG,-0.2679584775086823,0.01678574040824841,0.05911572472126391,0.10340638216070619,-654313.4282408747,-0.10602548452924836,-0.36472126105344094,0.28444444444444444,6178998
719,12,ARUNACHAL PRADESH,LOWER SIANG,-0.2141330257593225,0.06698961937716126,0.09842368319877044,0.13588619761630566,-127854.7506842811,-0.05593306503219514,-0.3553094963475586,0.2599000384467512,2292082
236,12,ARUNACHAL PRADESH,LOWER SUBANSIRI,-0.23646289888505814,0.021073298607472583,0.05911572472126307,0.09842368319877147,-223464.95139179597,-0.09141656502034402,-0.3553094963475586,0.2679584775086506,2449933
679,12,ARUNACHAL PRADESH,SIANG,-0.24415224913493636,0.029773164167627694,0.06299115724721127,0.09842368319876858,-409688.02014592564,-0.09363321610557006,-0.34602076124567477,0.2761399461745483,4383418
243,12,ARUNACHAL PRADESH,WEST SIANG,-0.2364628988850583,-0.0057926161617421704,0.025865897016969928,0.05911572472126241,-185457.21009323752,-0.10995250907213854,-0.3278123798539023,0.19986159169550174,1691102
725,12,ARUNACHAL PRADESH,SHI YOMI,-0.2679584775086712,-0.0211087408258871,0.01677889658384993,0.055363321799306954,-438630.95011769386,-0.13183931301887594,-0.3553094963475586,0.2679584775086506,3331997
724,12,ARUNACHAL PRADESH,LEPA RADA,-0.21413302575932563,0.044844290657438265,0.0797231833910028,0.11374086889657624,-70896.95052021701,-0.0732571520298616,-0.3553094963475586,0.2364628988850442,970650
723,12,ARUNACHAL PRADESH,PAKKE KESSANG,-0.19986159169548973,0.055363321799309105,0.08882737408688504,0.11909265667051284,-115990.06162884641,-0.04846383160062705,-0.34602076124567477,0.2599000384467512,2399368
677,12,ARUNACHAL PRADESH,KRA DAADI,-0.2141330257593276,0.05536332179930827,0.09356401384082474,0.13016532103036543,-144406.57629162088,-0.06492559420789241,-0.31009611687812383,0.2599000384467512,2229870
678,12,ARUNACHAL PRADESH,NAMSAI,-0.2844444444444747,-0.0591157247212496,-0.03543252595155962,-0.0026378132704077263,-244640.89062790325,-0.1447393681268001,-0.33685505574778934,0.16000000000000003,1693784
718,12,ARUNACHAL PRADESH,KAMLE,-0.20693579392539727,0.07111111111111486,0.10851211072664221,0.14769703960015368,-103851.77931341977,-0.05976449635174338,-0.31009611687812383,0.2761399461745483,1742339
232,12,ARUNACHAL PRADESH,EAST SIANG,-0.30142252979622586,-0.04158400615148101,0.005772563155548266,0.055363321799307294,-328524.5951571522,-0.15475048812616832,-0.3553094963475586,0.2679584775086506,2127307
666,12,ARUNACHAL PRADESH,LONGDING,-0.1998615916954888,0.04484429065743771,0.07535563244905562,0.10851211072664405,-69193.92050974647,-0.05910545632625891,-0.3014225297962323,0.22145328719723184,1174145
616,18,ASSAM,BAKSA,-0.3014225297962252,-0.11909265667052427,-0.10340638216071558,-0.0797231833910036,-613444.4597723366,-0.20140785528333943,-0.3553094963475586,0.12456747404844293,3055457
280,18,ASSAM,BARPETA,-0.30142252979625567,-0.10340638216072312,-0.08421376393695044,-0.06299115724721129,-560368.8225593804,-0.19659964722396633,-0.34602076124567477,0.08882737408688965,2859045
705,18,ASSAM,BISWANATH,-0.31889273356407183,-0.1190926566705143,-0.08421376393694723,-0.051733948481353396,-603123.5800435932,-0.21735007190375621,-0.36472126105344094,0.15378700499807765,2780367
281,18,ASSAM,BONGAIGAON,-0.2844444444444685,-0.06698961937716486,-0.037046641427528795,0.005752556679866589,-227077.92432033544,-0.16318601491428925,-0.3553094963475586,0.16633602460592078,1397646
282,18,ASSAM,CACHAR,-0.31009611687815924,0.001693662557198633,0.036920425371882636,0.07111111111111099,-513463.8697406884,-0.1103846022893261,-0.36472126105344094,0.24415224913494812,4659875
708,18,ASSAM,CHARAIDEO,-0.33685505574784874,-0.13016532103037337,-0.09356401384082488,-0.05173394848135415,-282771.10607359686,-0.22287038206597842,-0.37425605536332185,0.15378700499807765,1273387
612,18,ASSAM,CHIRANG,-0.29287197231831075,-0.10340638216072856,-0.08882737408688979,-0.07111111111111242,-430864.99577115796,-0.18041806231643,-0.33685505574778934,0.14769703960015382,2393821
283,18,ASSAM,DARRANG,-0.3100961168780976,-0.1137408688965745,-0.08421376393694864,-0.05911572472126246,-410489.83686882094,-0.20802208133729796,-0.36472126105344094,0.16000000000000003,1980527
284,18,ASSAM,DHEMAJI,-0.32781237985387573,-0.13588619761629822,-0.08421376393694822,-0.029773164167628225,-726431.5211388931,-0.23284407979174046,-0.37425605536332185,0.2679584775086506,3127982
285,18,ASSAM,DHUBRI,-0.30142252979628603,-0.10340638216070966,-0.07972318339100318,-0.055363321799306815,-414055.99460258306,-0.20073449540510524,-0.36472126105344094,0.13588619761630144,2073149
286,18,ASSAM,DIBRUGARH,-0.34602076124585646,-0.11909265667051094,-0.06698961937716318,-0.03704450194374431,-944480.0537081638,-0.22246197877843696,-0.3839138792772011,0.15378700499807765,4254504
299,18,ASSAM,DIMA HASAO,-0.19291041906958334,0.012964971900960005,0.04484429065743844,0.07972318339100451,-415805.13649168203,-0.06893907266003778,-0.3278123798539023,0.2599000384467512,6041285
287,18,ASSAM,GOALPARA,-0.2928719723183436,-0.07535563244905107,-0.05173394848135247,-0.0211416653096224,-414330.5932863467,-0.17062954700532648,-0.36472126105344094,0.14769703960015382,2434900
288,18,ASSAM,GOLAGHAT,-0.31009611687815924,-0.11374086889658953,-0.08882737408688263,-0.0669896193771629,-793455.6057994405,-0.19743555405489466,-0.37425605536332185,0.17279507881584008,4029611
289,18,ASSAM,HAILAKANDI,-0.30142252979617484,-0.001725256162221391,0.02588908015532436,0.05536332179930717,-174278.95794167524,-0.10690383556511907,-0.3553094963475586,0.17937716262975778,1635070
709,18,ASSAM,HOJAI,-0.29287197231832746,-0.071111111111118,-0.0482276047673944,-0.021142173647873966,-300754.71317833307,-0.16645111880306118,-0.33685505574778934,0.17279507881584008,1811736
290,18,ASSAM,JORHAT,-0.31889273356402936,-0.09842368319876788,-0.06299115724721124,-0.025915596475569985,-479330.37573357485,-0.20575234660174754,-0.36472126105344094,0.15378700499807765,2335717
618,18,ASSAM,KAMRUP METRO,-0.2844444444444745,0.021101546678294548,0.04822760476739416,0.07535563244905959,-117655.94459853407,-0.09739169793164337,-0.33685505574778934,0.2069357939254133,1212134
291,18,ASSAM,KAMRUP RURAL,-0.3014225297961854,-0.055363321799307696,-0.021117499888818725,0.01678490823024703,-642100.176053565,-0.1654318687174838,-0.3553094963475586,0.186082276047674,3891403
292,18,ASSAM,KARBI ANGLONG,-0.2761399461744185,-0.0058082203486401526,0.02585721281013465,0.055363321799310146,-825851.9929667827,-0.09069991558435865,-0.33685505574778934,0.21413302575932336,9120022
293,18,ASSAM,KARIMGANJ,-0.31889273356407427,-0.05173394848135049,-0.025935974544749083,0.005715956999290087,-343511.74284843425,-0.1544080740467505,-0.3839138792772011,0.17937716262975778,2229526
294,18,ASSAM,KOKRAJHAR,-0.31009611687823724,-0.11374086889659671,-0.09842368319876932,-0.07535563244905949,-724910.5692726834,-0.18725241193542033,-0.3553094963475586,0.14769703960015382,3879174
295,18,ASSAM,LAKHIMPUR,-0.3188927335640297,-0.12456747404845338,-0.08882737408688482,-0.04822760476739684,-832693.9581995545,-0.22167381753055274,-0.3553094963475586,0.2069357939254133,3763908
706,18,ASSAM,MAJULI,-0.3188927335639933,-0.07535563244905964,-0.05173394848135359,-0.03844675124951918,-328134.5866067233,-0.20644103482977016,-0.36472126105344094,0.05173394848135333,1595085
296,18,ASSAM,MARIGAON,-0.3188927335640578,-0.09356401384082338,-0.06698961937716141,-0.03703681835397201,-381685.56955477153,-0.202985159189047,-0.3553094963475586,0.16000000000000003,1884753
297,18,ASSAM,NAGAON,-0.3100961168782015,-0.10340638216071833,-0.07535563244905928,-0.032541330257593495,-636982.1163508649,-0.19842675128184104,-0.37425605536332185,0.16633602460592078,3221993
298,18,ASSAM,NALBARI,-0.3014225297961749,-0.11374086889657364,-0.08421376393694795,-0.06299115724721141,-264061.3741423376,-0.20283368040836405,-0.34602076124567477,0.07972318339100345,1306375
300,18,ASSAM,SIBSAGAR,-0.33685505574788116,-0.1417301038062414,-0.10851211072664575,-0.07111111111110954,-485023.3028816553,-0.23768451750687658,-0.3839138792772011,0.1085121107266436,2046198
301,18,ASSAM,SONITPUR,-0.3100961168782164,-0.08421376393695483,-0.06299115724721119,-0.03704208115199947,-747700.9858926027,-0.19911387713750636,-0.37425605536332185,0.19986159169550174,3761187
707,18,ASSAM,SOUTH SALMARA MANCACHAR,-0.2928719723183568,-0.06698961937716648,-0.05536332179931001,-0.03844675124951969,-125656.24815599865,-0.1807105580085627,-0.33685505574778934,0.07535563244905807,699403
302,18,ASSAM,TINSUKIA,-0.3278123798538836,-0.08882737408687331,-0.05536332179930425,-0.025951820721865245,-920305.6782904933,-0.19185583856653715,-0.37425605536332185,0.2069357939254133,4805197
617,18,ASSAM,UDALGURI,-0.30142252979617906,-0.12456747404846782,-0.10851211072665173,-0.08421376393694573,-519706.25002205046,-0.20654279314692214,-0.3553094963475586,0.16000000000000003,2524545
710,18,ASSAM,WEST KARBI ANGLONG,-0.25990003844676324,-0.012989938198730087,0.016779284934520106,0.0482276047673949,-407391.9983048022,-0.10691927326574209,-0.33685505574778934,0.2069357939254133,3818912
188,10,BIHAR,ARARIA,-0.2599000384467844,-0.13016532103036296,-0.09356401384082626,-0.055363321799307856,-641483.0434581569,-0.1849089517542613,-0.33685505574778934,0.08882737408688965,3476505
611,10,BIHAR,ARWAL,-0.1998615916954874,-0.0797231833910069,-0.048227604767396695,-0.012056901191849318,-106741.51135286159,-0.135720635119619,-0.2679584775086506,0.09356401384083046,790200
189,10,BIHAR,AURANGABAD,-0.17937716262979306,-0.055363321799308536,-0.0199307958477511,0.017777777777777497,-478066.33137699205,-0.11763281815979343,-0.2599000384467512,0.21413302575932336,4071463
190,10,BIHAR,BANKA,-0.22889657823911116,-0.08421376393695944,-0.0629911572472112,-0.029773164167628458,-552315.75238232,-0.14841917639526522,-0.3014225297962323,0.14173010380622836,3727975
191,10,BIHAR,BEGUSARAI,-0.21413302575931462,-0.05536332179930944,-0.01993079584775129,0.01574778931180293,-299055.49027080054,-0.12575622515804186,-0.3188927335640138,0.16633602460592078,2385201
200,10,BIHAR,KAIMUR,-0.160000000000005,-0.03543252595155637,-0.004497099669509681,0.03543252595155646,-390517.00971271645,-0.09413180896806714,-0.24415224913494812,0.2288965782391388,4155971
192,10,BIHAR,BHAGALPUR,-0.236462898885002,-0.0629911572472112,-0.03254133025759275,0.0026408800272348563,-447951.71663067944,-0.1420058298244556,-0.31009611687812383,0.186082276047674,3161985
193,10,BIHAR,BHOJPUR,-0.17937716262977824,-0.0669896193771665,-0.03543252595155784,0.004473349851833145,-343935.5251482879,-0.11645607338422088,-0.29287197231833906,0.13588619761630144,2959033
194,10,BIHAR,BUXAR,-0.16633602460592495,-0.06299115724721119,-0.029773164167628173,0.01574778931180301,-231820.0878721306,-0.11027314334176015,-0.2599000384467512,0.22145328719723184,2107650
195,10,BIHAR,DARBHANGA,-0.22889657823912185,-0.10340638216071305,-0.06698961937716222,-0.022206843521722416,-487678.56802767003,-0.1559570055796994,-0.34602076124567477,0.1085121107266436,3135810
196,10,BIHAR,GAYA,-0.1998615916954847,-0.03700541489590631,-0.005817889472681078,0.03691633584503251,-694301.6852894559,-0.11376637413669255,-0.28444444444444444,0.2519646289888504,6114662
197,10,BIHAR,GOPALGANJ,-0.259900038446743,-0.07111111111111784,-0.04158400615148108,-0.008858131487889144,-345269.12929605495,-0.13610782489160278,-0.3278123798539023,0.13016532103037293,2543564
199,10,BIHAR,JAHANABAD,-0.21413302575932236,-0.09356401384082534,-0.055363321799306836,-0.008858131487889217,-171219.83242787683,-0.14818898797812724,-0.28444444444444444,0.16000000000000003,1159636
198,10,BIHAR,JAMUI,-0.2141330257593006,-0.0354325259515597,-0.006845150845339226,0.029773164167628423,-448990.7455691499,-0.117801188879034,-0.3014225297962323,0.17937716262975778,3819342
201,10,BIHAR,KATIHAR,-0.267958477508691,-0.09356401384082293,-0.06299115724721123,-0.027128027681661553,-640514.5696541297,-0.17013533778631237,-0.34602076124567477,0.11374086889657825,3773694
202,10,BIHAR,KHAGARIA,-0.2364628988850584,-0.08421376393694739,-0.05536332179930768,-0.017777777777777684,-267445.46410112036,-0.14493287379608497,-0.34602076124567477,0.11374086889657825,1851170
203,10,BIHAR,KISHANGANJ,-0.2761399461745629,-0.13016532103035922,-0.09842368319877069,-0.06299115724721152,-476615.4827383796,-0.198506962309668,-0.34602076124567477,0.11909265667051133,2408235
204,10,BIHAR,LAKHISARAI,-0.1998615916954855,-0.04158400615148115,-0.0017401483194692752,0.036909170315913786,-185050.03644636812,-0.12295910323568442,-0.31009611687812383,0.2069357939254133,1509373
205,10,BIHAR,MADHEPURA,-0.23646289888505811,-0.10851211072664414,-0.07111111111111153,-0.03543252595155649,-365242.28360178316,-0.1630084733651094,-0.3188927335640138,0.07972318339100345,2247230
206,10,BIHAR,MADHUBANI,-0.244152249134927,-0.11909265667052249,-0.07972318339100617,-0.04158400615148092,-760322.0088198821,-0.17431757189721298,-0.33685505574778934,0.09842368319876971,4370352
207,10,BIHAR,MUNGER,-0.2288965782391302,-0.032541330257593454,-0.005824922383423552,0.0258549877973418,-209862.60689818693,-0.12052662677284337,-0.33685505574778934,0.16633602460592078,1746408
208,10,BIHAR,MUZAFFARPUR,-0.25196462898884486,-0.08882737408688673,-0.05911572472126369,-0.022206843521722412,-613876.616274673,-0.15538230108818588,-0.33685505574778934,0.13588619761630144,3958875
209,10,BIHAR,NALANDA,-0.19986159169548584,-0.07972318339100948,-0.032541330257592226,0.01993079584775114,-396157.0768168167,-0.13558554690403754,-0.28444444444444444,0.21413302575932336,2929383
210,10,BIHAR,NAWADA,-0.1998615916954844,-0.012975502502249292,0.016784613113756515,0.05173394848135434,-338503.434700106,-0.11048805666150106,-0.3014225297962323,0.24415224913494812,3071041
211,10,BIHAR,PASHCHIMI CHAMPARAN,-0.2599000384467757,-0.07111111111111802,-0.03701822240014246,-0.005818797261934159,-1132848.6787061915,-0.17293214450383135,-0.3278123798539023,0.19986159169550174,6560379
212,10,BIHAR,PATNA,-0.1998615916954859,-0.04158400615148112,0.009656188264936172,0.05911572472126407,-494852.18621295964,-0.1253386907236172,-0.3188927335640138,0.2069357939254133,3959090
213,10,BIHAR,PURBI CHAMPARAN,-0.2519646289888447,-0.10340638216072437,-0.06698961937716148,-0.022206843521722412,-797809.0348388436,-0.16092510870131535,-0.33685505574778934,0.13588619761630144,4966698
214,10,BIHAR,PURNIA,-0.2679584775086766,-0.11374086889657335,-0.07972318339100545,-0.04158400615148082,-695020.249044609,-0.1736587291672342,-0.33685505574778934,0.09356401384083046,4010639
215,10,BIHAR,ROHTAS,-0.17279507881584938,-0.037016357286374396,-0.005818794427350386,0.03692290876417091,-481914.9942769128,-0.1017577372685295,-0.29287197231833906,0.24415224913494812,4743839
216,10,BIHAR,SAHARSA,-0.25196462898884486,-0.10851211072664735,-0.07111111111111264,-0.032541330257593655,-349621.2294968128,-0.16909935178171953,-0.33685505574778934,0.09842368319876971,2073256
217,10,BIHAR,SAMASTIPUR,-0.214133025759325,-0.0711111111111177,-0.04158400615148111,-0.012056901191849344,-442527.5417604304,-0.13360347757961888,-0.3278123798539023,0.11909265667051133,3321029
218,10,BIHAR,SARAN,-0.2364628988850576,-0.05536332179930573,-0.024605920799692885,0.006825858445408345,-408997.75581549935,-0.1248437127072128,-0.3188927335640138,0.14173010380622836,3282541
219,10,BIHAR,SHEIKHPURA,-0.19986159169548803,-0.09356401384082463,-0.04822760476739756,0.012056901191849314,-117038.84125470629,-0.13992746412712775,-0.2761399461745483,0.2069357939254133,840498
220,10,BIHAR,SHEOHAR,-0.2288965782391453,-0.10340638216070527,-0.06698961937716323,-0.024605920799692392,-86633.44727243767,-0.15646843257842527,-0.31009611687812383,0.08421376393694734,556991
221,10,BIHAR,SITAMARHI,-0.23646289888506047,-0.10851211072665226,-0.07111111111111262,-0.024605920799692413,-432045.0461220012,-0.15814496697416597,-0.3188927335640138,0.13016532103037293,2739355
222,10,BIHAR,SIWAN,-0.22889657823912996,-0.05536332179930534,-0.02460592079969214,0.0068132744817489856,-337335.5201827869,-0.12220214087757694,-0.31009611687812383,0.14769703960015382,2766570
223,10,BIHAR,SUPAUL,-0.26795847750867113,-0.11909265667051688,-0.08421376393694738,-0.05173394848135453,-551599.1548068954,-0.1831293744245629,-0.33685505574778934,0.08421376393694734,3018897
224,10,BIHAR,VAISHALI,-0.2364628988850565,-0.05911572472125626,-0.02977316416762736,-9.130684170581614E-4,-322486.5947823562,-0.12773948198586457,-0.3278123798539023,0.15378700499807765,2529599
044,04,CHANDIGARH,CHANDIGARH,-0.2928719723183415,-0.051733948481353556,-0.027128027681660827,-0.004504905366406435,-25320.618232445475,-0.1702298914627992,-0.3553094963475586,0.1085121107266436,150026
646,22,CHHATTISGARH,BALOD,-0.1417301038062301,-0.0044982704389878725,0.013840830449827349,0.03844675124952002,-253944.15196566726,-0.06312414085570421,-0.2599000384467512,0.2069357939254133,4030747
644,22,CHHATTISGARH,BALODA BAZAR,-0.15999999999999712,0.002643392419291311,0.022206843521722194,0.04484429065743877,-398853.2761117935,-0.07116614316770513,-0.22145328719723184,0.2364628988850442,5614038
649,22,CHHATTISGARH,BALRAMPUR,-0.17279507881585013,-0.006839793405539168,0.017777777777778052,0.05173394848135389,-518853.4389334525,-0.06793334346224443,-0.2761399461745483,0.21413302575932336,7650578
374,22,CHHATTISGARH,BASTAR,-0.15378700499808956,0.029773164167629526,0.05536332179930758,0.08421376393694825,-227538.70127233033,-0.03565250612085848,-0.24415224913494812,0.2761399461745483,6393305
650,22,CHHATTISGARH,BEMETARA,-0.16000000000000728,-0.06299115724721113,-0.041584006151481084,-0.004502976285457383,-275700.5519156471,-0.10249067646425546,-0.2519646289888504,0.15378700499807765,2697016
636,22,CHHATTISGARH,BIJAPUR,-0.09842368319876695,0.06299115724721294,0.08421376393695208,0.10851211072664245,34490.79418277058,0.003159339829147093,-0.21413302575932336,0.2679584775086506,10931393
375,22,CHHATTISGARH,BILASPUR,-0.1727950788158503,-0.013840830449827242,0.012056901191849156,0.048227604767396196,-357909.88936289994,-0.08375430878341225,-0.2679584775086506,0.2288965782391388,4282196
734,22,CHHATTISGARH,GAURELA-PENDRA-MARWAHI,-0.1727950788158493,-0.02977316416762845,-0.010396001537870257,0.0157477893118029,-201147.7722381238,-0.08329209908641674,-0.2519646289888504,0.17937716262975778,2420209
376,22,CHHATTISGARH,DAKSHIN BASTAR DANTEWADA,-0.0984236831987692,0.05911572472126041,0.07972318339100998,0.10851211072664277,-11694.062736322318,-0.0035141930275961616,-0.21413302575932336,0.24415224913494812,3336766
377,22,CHHATTISGARH,DHAMTARI,-0.1417301038062273,0.010396001537870304,0.0297731641676271,0.05536332179930861,-228683.1884853084,-0.046914085350652154,-0.24415224913494812,0.2069357939254133,4882863
378,22,CHHATTISGARH,DURG,-0.15378700499808806,-0.012056901191848967,0.03844675124951992,0.08421376393694295,-233259.9597582544,-0.0847675518317612,-0.22145328719723184,0.2519646289888504,2758101
645,22,CHHATTISGARH,GARIYABAND,-0.14769703960016836,0.024605920799692323,0.048227604767396993,0.07972318339100591,-237891.0446044819,-0.041199769642983435,-0.24415224913494812,0.2519646289888504,5784384
379,22,CHHATTISGARH,JANJGIR - CHAMPA,-0.17279507881585107,-0.041584006151481195,-0.01682570441437164,0.016775738974393606,-564493.4844772827,-0.1044781698142091,-0.2761399461745483,0.24415224913494812,5413703
380,22,CHHATTISGARH,JASHPUR,-0.16633602460590188,-0.01993079584775254,8.992730475220991E-4,0.02712802768166139,-549403.257044946,-0.07754687959637845,-0.2599000384467512,0.1929104190695886,7094864
382,22,CHHATTISGARH,KABIRDHAM,-0.17279507881582115,-0.027128027681662406,-9.333128088020266E-4,0.029773164167628336,-453633.4733952635,-0.08973650415652241,-0.2519646289888504,0.19986159169550174,5063228
381,22,CHHATTISGARH,UTTAR BASTAR KANKER,-0.11909265667051673,0.027128027681661632,0.05173394848134997,0.08421376393694681,-284939.3709459945,-0.033312868602271,-0.22145328719723184,0.2364628988850442,8566278
643,22,CHHATTISGARH,KONDAGAON,-0.14769703960016364,0.0026376137475409185,0.024605920799691844,0.05173394848135175,-323429.5248861764,-0.05367451964115286,-0.24415224913494812,0.2364628988850442,6035251
383,22,CHHATTISGARH,KORBA,-0.13588619761632115,0.006814759682507754,0.0354325259515595,0.07111111111111311,-403168.26485974767,-0.05055511158108567,-0.22145328719723184,0.2599000384467512,7984432
384,22,CHHATTISGARH,KOREA,-0.14769703960016695,-0.004501438556597111,0.019930795847752033,0.05173394848135135,-472085.41773871286,-0.05875936726323815,-0.2599000384467512,0.2364628988850442,8044955
385,22,CHHATTISGARH,MAHASAMUND,-0.159999999999994,-0.0026544539624319703,0.022206843521721427,0.051733948481351946,-383689.4826833265,-0.06741824450597159,-0.2519646289888504,0.22145328719723184,5701522
647,22,CHHATTISGARH,MUNGELI,-0.17279507881584955,-0.019930795847752127,0.0026417896164482152,0.03254133025759368,-276356.43191912014,-0.0825134532046939,-0.2599000384467512,0.19986159169550174,3357558
637,22,CHHATTISGARH,NARAINPUR,-0.09842368319877377,0.0669896193771721,0.08882737408688404,0.11374086889657524,27322.611931038242,0.005909217494502023,-0.21413302575932336,0.2679584775086506,4632332
386,22,CHHATTISGARH,RAIGARH,-0.1476970396001689,0.0057383654053685795,0.029773164167627316,0.05911572472126354,-482034.19306259556,-0.05678255257225827,-0.2519646289888504,0.2761399461745483,8502955
387,22,CHHATTISGARH,RAIPUR,-0.166336024605925,0.002648428942760633,0.05173394848135262,0.09356401384082484,-286735.6260254522,-0.08238571287701628,-0.2364628988850442,0.2288965782391388,3486230
388,22,CHHATTISGARH,RAJ NANDGAON,-0.1358861976163276,-0.006836909474888547,0.01384083044982707,0.041584006151480966,-598447.4953036888,-0.0619748960967955,-0.2288965782391388,0.21413302575932336,9670842
642,22,CHHATTISGARH,SUKMA,-0.08882737408688605,0.07111111111111902,0.0984236831987701,0.12456747404844123,77878.83554582362,0.01208220830838311,-0.21413302575932336,0.2599000384467512,6458280
648,22,CHHATTISGARH,SURAJPUR,-0.172795078815851,-0.006838433161673265,0.01574778931180283,0.04822760476739483,-475415.35559742583,-0.07165279023352454,-0.2679584775086506,0.21413302575932336,6646511
389,22,CHHATTISGARH,SURGUJA,-0.16633602460592511,-0.019930795847752588,0.004483271038641,0.035432525951556854,-382297.5850792186,-0.07873801789240488,-0.2679584775086506,0.19986159169550174,4864080
463,38,DADRA & NAGAR HAVELI & DAMAN & DIU,DAMAN,-0.05173394848135313,0.15378700499807854,0.17937716262975908,0.2069357939254119,4253.400544647387,0.04994135178895204,-0.13016532103037293,0.2761399461745483,86148
464,38,DADRA & NAGAR HAVELI & DAMAN & DIU,DIU,-0.06698961937716255,0.09356401384082999,0.1301653210303731,0.16633602460592087,829.1957430550949,0.017957710716790122,-0.11909265667051133,0.2599000384467512,47012
465,38,DADRA & NAGAR HAVELI & DAMAN & DIU,DADRA & NAGAR HAVELI,-0.032541330257593655,0.09842368319877032,0.1245674740484417,0.1599999999999975,24693.42024723295,0.0423397386758435,-0.12456747404844293,0.28444444444444444,587628
077,07,DELHI,CENTRAL,-0.29287197231833717,0.03254133025759374,0.048227604767397625,0.06299115724721163,-15946.683768504383,-0.11782764697040697,-0.36472126105344094,0.13588619761630144,137139
078,07,DELHI,EAST,-0.2069357939254125,0.03844675124951962,0.051733948481352945,0.06299115724721278,-1772.2187324032548,-0.0442887558178125,-0.3014225297962323,0.14173010380622836,40526
079,07,DELHI,NEW DELHI,-0.2519646289888456,-0.015747789311802995,0.015747789311803016,0.04158400615148033,-26451.272665135326,-0.13300564934729783,-0.31009611687812383,0.17279507881584008,200534
080,07,DELHI,NORTH,-0.27613994617455634,-0.0026521902614573523,0.019930795847751346,0.038446751249519046,-56605.60780610012,-0.15249927165706728,-0.3553094963475586,0.13588619761630144,373407
081,07,DELHI,NORTH EAST,-0.2844444444444444,0.06299115724721187,0.07111111111111063,0.0797231833910033,-3092.2144082742134,-0.06894677382844244,-0.33685505574778934,0.11374086889657825,45774
082,07,DELHI,NORTH WEST,-0.27613994617454696,0.019930795847751558,0.035432525951556354,0.05173394848135379,-23828.35990477124,-0.12199154840653552,-0.3553094963475586,0.11909265667051133,197251
671,07,DELHI,SHAHADRA,-0.18608227604767424,0.06299115724721187,0.07111111111111068,0.0797231833910033,-483.61687833484797,-0.011047552498220094,-0.29287197231833906,0.1085121107266436,44424
083,07,DELHI,SOUTH,-0.25196462898884575,-0.01039600153787,0.02220684352172242,0.04484429065743977,-29489.330234426267,-0.14586087179410545,-0.3278123798539023,0.12456747404844293,203572
084,07,DELHI,SOUTH WEST,-0.2679584775086551,-9.440121581597102E-4,0.0297731641676282,0.04822760476739756,-53541.32962240131,-0.1488118212131339,-0.33685505574778934,0.11909265667051133,362148
085,07,DELHI,WEST,-0.2599000384467471,0.04484429065743784,0.05536332179930619,0.06698961937716275,-10522.700326117862,-0.06295619464234123,-0.37425605536332185,0.14769703960015382,168657
670,07,DELHI,SOUTH EAST,-0.27613994617454807,0.027128027681660834,0.04484429065743955,0.05911572472126113,-12688.71875173141,-0.09845894965029187,-0.34602076124567477,0.11374086889657825,130060
551,30,GOA,NORTH GOA,-0.051733948481354326,0.1190926566705279,0.13588619761630333,0.16000000000000567,128752.2774903086,0.06368285373468326,-0.17279507881584008,0.29287197231833906,2026943
552,30,GOA,SOUTH GOA,-0.04822760476739642,0.1190926566705231,0.14173010380621892,0.16633602460592414,137864.94200269366,0.06092824649898216,-0.17937716262975778,0.3188927335640138,2268792
673,24,GUJARAT,MORBI,-0.14769703960017116,0.03694587301399339,0.07972318339100952,0.1245674740484407,-326936.0261466045,-0.05418083893501812,-0.2519646289888504,0.2761399461745483,6044416
438,24,GUJARAT,AHMADABAD,-0.14769703960016223,0.012946454486310061,0.08421376393694766,0.16633602460592478,-447657.6648734761,-0.051055665138768705,-0.2679584775086506,0.31009611687812383,8784863
440,24,GUJARAT,ANAND,-0.130165321030372,-0.013022798537671772,0.009637739269805429,0.07111111111111008,-199294.66509489718,-0.05197350538205726,-0.2599000384467512,0.2761399461745483,3842291
674,24,GUJARAT,DEVBHUMI DWARKA,-0.1137408688965748,0.048227604767394,0.07972318339100531,0.1137408688965767,-87894.77356857166,-0.017536562542640435,-0.24415224913494812,0.3014225297962323,5023982
447,24,GUJARAT,JAMNAGAR,-0.1358861976163137,0.05536332179930471,0.08882737408688239,0.12456747404844007,-203530.34177053673,-0.0285061529697962,-0.2288965782391388,0.29287197231833906,7153837
449,24,GUJARAT,KACHCHH,-0.16000000000000045,0.09356401384085075,0.11909265667053677,0.14173010380617715,-1245473.1588261512,-0.02511404993682935,-0.28444444444444444,0.34602076124567477,49630741
443,24,GUJARAT,BHAVNAGAR,-0.13588619761632897,0.048227604767398756,0.07972318339101164,0.11909265667050882,-331379.24531078985,-0.040808260172069316,-0.24415224913494812,0.2761399461745483,8129986
442,24,GUJARAT,BHARUCH,-0.15378700499808665,0.02106759835680083,0.05536332179930627,0.11374086889657671,-299591.4154067381,-0.050544886136917364,-0.2519646289888504,0.29287197231833906,5942322
459,24,GUJARAT,SURAT,-0.14769703960017064,0.05536332179930908,0.11374086889657542,0.1663360246059249,-199109.95442020096,-0.03834436856698478,-0.2519646289888504,0.2761399461745483,5202601
453,24,GUJARAT,NAVSARI,-0.13016532103038028,0.059115724721246314,0.0888273740868909,0.11909265667050968,-60742.94651266028,-0.023062089917030223,-0.2288965782391388,0.2519646289888504,2640202
462,24,GUJARAT,VALSAD,-0.07111111111111688,0.08882737408687104,0.11909265667051787,0.14769703960015548,78625.90626770873,0.022372122165101694,-0.19986159169550174,0.2761399461745483,3524114
672,24,GUJARAT,ARAVALLI,-0.12456747404845651,9.02219826999166E-4,0.024605920799692656,0.05911572472126338,-187945.15662139302,-0.04901113018270374,-0.2364628988850442,0.2519646289888504,3843076
441,24,GUJARAT,BANAS KANTHA,-0.13016532103036732,-0.009684022906747889,0.0056967490863711915,0.041584006151480876,-709705.2255279187,-0.05384719208165437,-0.28444444444444444,0.2761399461745483,13197838
668,24,GUJARAT,CHHOTA UDEPUR,-0.11374086889657514,0.0517339484813481,0.07972318339101203,0.11374086889657502,-95307.97407454057,-0.022857890794439065,-0.2288965782391388,0.2599000384467512,4179280
445,24,GUJARAT,DAHOD,-0.09842368319876467,0.032541330257592475,0.048227604767396466,0.07535563244905785,-81691.48126552033,-0.018512637170838064,-0.2069357939254133,0.2364628988850442,4420485
444,24,GUJARAT,DANGS,-0.02460592079969201,0.11374086889658377,0.13588619761629736,0.1537870049980832,120784.78428707884,0.057247423656099944,-0.13016532103037293,0.2679584775086506,2115144
675,24,GUJARAT,GIR SOMNATH,-0.09842368319877043,0.0448442906574428,0.0669896193771632,0.10851211072664613,-50497.276674122324,-0.015973346236425868,-0.19986159169550174,0.28444444444444444,3168667
448,24,GUJARAT,JUNAGADH,-0.13588619761632173,0.05911572472125339,0.08421376393695128,0.11374086889657531,-158186.72595963688,-0.02147117650009495,-0.21413302575932336,0.29287197231833906,7380122
669,24,GUJARAT,MAHISAGAR,-0.13016532103037443,0.013840830449827252,0.03844675124952085,0.06698961937716225,-130546.9667242163,-0.042805853280165417,-0.24415224913494812,0.2364628988850442,3057162
452,24,GUJARAT,NARMADA,-0.10851211072664892,0.08882737408688125,0.11374086889658626,0.14769703960016337,46217.65150671282,0.013643287574946011,-0.2069357939254133,0.3014225297962323,3395262
454,24,GUJARAT,PANCH MAHALS,-0.1417301038062153,0.005736095377360411,0.03689722715446019,0.07535563244905913,-220138.25165838154,-0.055394821616335035,-0.2599000384467512,0.2599000384467512,3982812
458,24,GUJARAT,SABAR KANTHA,-0.1358861976163101,9.090212479690025E-4,0.029773164167627687,0.0669896193771627,-285404.50953697716,-0.0551368505903167,-0.2761399461745483,0.22145328719723184,5187838
641,24,GUJARAT,TAPI,-0.11374086889657305,0.0797231833910139,0.09842368319876912,0.12456747404844444,25591.21234781989,0.006804251125498483,-0.19986159169550174,0.3014225297962323,3771978
461,24,GUJARAT,VADODARA,-0.1358861976163164,0.005717060383673772,0.05911572472126268,0.14173010380624015,-260146.66999823964,-0.05269087023098988,-0.2519646289888504,0.2761399461745483,4946678
439,24,GUJARAT,AMRELI,-0.14173010380621767,0.02977316416762995,0.05911572472126419,0.0984236831987702,-426133.6252995999,-0.04856364616830073,-0.2364628988850442,0.29287197231833906,8788427
456,24,GUJARAT,PORBANDAR,-0.13588619761629833,0.07972318339101209,0.1085121107266503,0.13016532103037443,-57315.049594611395,-0.02061656180164062,-0.2679584775086506,0.28444444444444444,2788240
457,24,GUJARAT,RAJKOT,-0.14173010380622666,0.04484429065744099,0.08882737408688422,0.13588619761630077,-364649.0867450361,-0.03937489767071463,-0.22145328719723184,0.29287197231833906,9279397
460,24,GUJARAT,SURENDRANAGAR,-0.14173010380622605,0.005730628799246552,0.03691708191980976,0.07972318339100648,-605960.3465071642,-0.05455218586975979,-0.2519646289888504,0.2599000384467512,11127032
676,24,GUJARAT,BOTAD,-0.13588619761632809,0.015747789311802828,0.05173394848135277,0.09842368319877126,-160442.6946345499,-0.053694952613690054,-0.2288965782391388,0.2519646289888504,2995174
450,24,GUJARAT,KHEDA,-0.14173010380623174,-0.02116074590365928,-0.0017685623587475564,0.044844290657439556,-274715.2542414631,-0.06589672235868502,-0.2519646289888504,0.28444444444444444,4177913
451,24,GUJARAT,MAHESANA,-0.13016532103037287,-0.009692730854391842,0.016759354173039656,0.0797231833910052,-286737.1898706432,-0.05328048377883873,-0.2519646289888504,0.2519646289888504,5393193
446,24,GUJARAT,GANDHINAGAR,-0.1301653210303713,0.009638320544081189,0.05911572472126302,0.11909265667051129,-122529.52954590537,-0.04795605067426033,-0.24415224913494812,0.2599000384467512,2563098
455,24,GUJARAT,PATAN,-0.13588619761630494,-0.013840830449826588,0.006806148618961545,0.044844290657438904,-410325.37317536306,-0.05815400051635016,-0.24415224913494812,0.2364628988850442,7069966
058,06,HARYANA,AMBALA,-0.32781237985392225,-0.19291041906957512,-0.13016532103036835,-0.06299115724721165,-469842.5577495725,-0.2402609956472479,-0.39369473279507883,0.08421376393694734,1963507
059,06,HARYANA,BHIWANI,-0.2364628988850178,-0.07535563244904629,-0.06299115724721115,-0.03710952293905603,-547040.0945346653,-0.13064891096076478,-0.3553094963475586,0.16633602460592078,4194676
060,06,HARYANA,FARIDABAD,-0.25990003844679027,-0.022206843521722412,0.012056901191848745,0.03254133025759154,-145964.50040090753,-0.1549347851769689,-0.3553094963475586,0.13016532103037293,945230
061,06,HARYANA,FATEHABAD,-0.27613994617451354,-0.15378700499805192,-0.13016532103037032,-0.06698961937716269,-670759.359883536,-0.2070211080865277,-0.36472126105344094,0.09356401384083046,3246738
062,06,HARYANA,GURUGRAM,-0.24415224913493264,-0.032541330257591386,0.005776169548002686,0.03689634092970783,-209866.23556382375,-0.13249407292002652,-0.34602076124567477,0.15378700499807765,1589083
063,06,HARYANA,HISAR,-0.2519646289888621,-0.11909265667053062,-0.09356401384082304,-0.04484429065743926,-903002.5519499914,-0.17347105793796191,-0.40359861591695495,0.12456747404844293,5213950
064,06,HARYANA,JHAJJAR,-0.25990003844678067,-0.1085121107266497,-0.07535563244905943,-0.012998591767743442,-401055.42326385836,-0.1698459417688204,-0.36472126105344094,0.15378700499807765,2367667
065,06,HARYANA,JIND,-0.2679584775086796,-0.15378700499801945,-0.11909265667051205,-0.03844675124951955,-689226.7338844815,-0.19716855587262624,-0.3839138792772011,0.11374086889657825,3503951
066,06,HARYANA,KAITHAL,-0.2844444444444785,-0.1860822760476822,-0.1537870049980804,-0.051733948481353535,-641938.6736924314,-0.21966643032576544,-0.3839138792772011,0.10340638216070744,2929802
067,06,HARYANA,KARNAL,-0.3100961168780949,-0.18608227604768818,-0.13016532103037257,-0.036972324201871354,-720105.9315651051,-0.22648107595698425,-0.39369473279507883,0.1085121107266436,3186602
068,06,HARYANA,KURUKSHETRA,-0.3188927335640743,-0.19986159169548373,-0.14769703960015135,-0.0629911572472117,-516771.58403282927,-0.2393881724284007,-0.40359861591695495,0.09356401384083046,2164099
069,06,HARYANA,MAHENDRAGARH,-0.19986159169548895,-0.07535563244905483,-0.05173394848135164,-0.012987364937474195,-299145.742919963,-0.12223121065821087,-0.3014225297962323,0.19986159169550174,2455293
604,06,HARYANA,MEWAT,-0.24415224913492908,-0.088827374086884,-0.05536332179930662,-0.01205690119184935,-287609.6004510897,-0.1503085667332377,-0.34602076124567477,0.14769703960015382,1920287
619,06,HARYANA,PALWAL,-0.26795847750868096,-0.13588619761630796,-0.08882737408688966,-0.02977316416762803,-332128.3231444263,-0.19327598466516713,-0.37425605536332185,0.12456747404844293,1723336
070,06,HARYANA,PANCHKULA,-0.3188927335640294,-0.1301653210303635,-0.08882737408688966,-0.04484429065743947,-246852.64633800456,-0.2162517417821611,-0.40359861591695495,0.11374086889657825,1145979
071,06,HARYANA,PANIPAT,-0.28444444444446515,-0.13016532103037018,-0.044844290657439154,0.0057749387371138685,-320598.648698097,-0.19237889017518092,-0.3839138792772011,0.15378700499807765,1670732
072,06,HARYANA,REWARI,-0.214133025759329,-0.08882737408688471,-0.05536332179930816,9.062943661470587E-4,-261001.39385856947,-0.13273659966402052,-0.3188927335640138,0.13588619761630144,1972079
073,06,HARYANA,ROHTAK,-0.2679584775086688,-0.13016532103037645,-0.07972318339100469,-9.279506772894344E-4,-397059.55433871585,-0.18678078975228093,-0.3553094963475586,0.13588619761630144,2130843
074,06,HARYANA,SIRSA,-0.26795847750868595,-0.13016532103034736,-0.11374086889657649,-0.06299115724721185,-1032839.0522422381,-0.18850332239163814,-0.37425605536332185,0.1085121107266436,5487960
075,06,HARYANA,SONIPAT,-0.27613994617454585,-0.14173010380623297,-0.07972318339100401,-0.009660766906066213,-537814.7572517995,-0.1934100006550746,-0.36472126105344094,0.13588619761630144,2786505
076,06,HARYANA,YAMUNANAGAR,-0.33685505574785646,-0.1860822760476923,-0.13016532103036843,-0.06698961937716234,-557564.0216758826,-0.25115668568121186,-0.41362552864282975,0.09356401384083046,2225647
701,06,HARYANA,CHARKHI DADRI,-0.22145328719719962,-0.07111111111111817,-0.05536332179930912,-0.016823050182289332,-212751.1361207032,-0.12111436644067763,-0.33685505574778934,0.21413302575932336,1761774
015,02,HIMACHAL PRADESH,BILASPUR,-0.3368550557478334,-0.07535563244905738,-0.04158400615148101,-0.009672987320685035,-325643.3927007081,-0.21396671648589863,-0.42377547097270285,0.16000000000000003,1527049
016,02,HIMACHAL PRADESH,CHAMBA,-0.3100961168781125,0.048227604767395814,0.07972318339100895,0.1137408688965752,-909662.7179387293,-0.10549516135410052,-0.4444444444444444,0.28444444444444444,8634536
017,02,HIMACHAL PRADESH,HAMIRPUR,-0.34602076124573944,-0.1600000000000211,-0.11909265667050997,-0.07535563244905918,-359530.6749802094,-0.24615424111770182,-0.41362552864282975,0.15378700499807765,1464411
018,02,HIMACHAL PRADESH,KANGRA,-0.33685505574783403,-0.05173394848134865,-0.005800052661032235,0.048227604767395175,-1520100.9676879267,-0.201238150403017,-0.4340484429065744,0.28444444444444444,7565612
020,02,HIMACHAL PRADESH,KULLU,-0.30142252979622736,0.01297937666294267,0.04822760476739484,0.08421376393694564,-889908.5108436135,-0.12355376570802255,-0.4340484429065744,0.2679584775086506,7211360
022,02,HIMACHAL PRADESH,MANDI,-0.35530949634750736,-0.05911572472126442,-0.012994804096000413,0.029773164167628468,-1038494.5268025775,-0.20084963385575577,-0.4444444444444444,0.2364628988850442,5177402
023,02,HIMACHAL PRADESH,SHIMLA,-0.3460207612457426,-0.029773164167627566,0.016789160775534877,0.05911572472126229,-1172342.8756619375,-0.1755442014260294,-0.454963475586313,0.28444444444444444,6689722
024,02,HIMACHAL PRADESH,SIRMAUR,-0.33685505574781544,-0.08882737408688221,-0.04484429065743815,0.0016814331325347668,-740694.0810851017,-0.20219095359699452,-0.4444444444444444,0.19986159169550174,3670428
025,02,HIMACHAL PRADESH,SOLAN,-0.34602076124569864,-0.10851211072664253,-0.07111111111111273,-0.02590712307922711,-555890.2834840959,-0.22072984136238627,-0.4444444444444444,0.16000000000000003,2524974
026,02,HIMACHAL PRADESH,UNA,-0.3368550557477989,-0.16000000000000084,-0.11374086889657672,-0.07111111111111053,-488426.5186266089,-0.24208632211473874,-0.4340484429065744,0.1085121107266436,2022495
019,02,HIMACHAL PRADESH,KINNAUR,-0.21413302575931312,0.08421376393695496,0.11909265667051962,0.16000000000000622,-351219.45515444904,-0.04127830868300843,-0.33685505574778934,0.3278123798539023,8518904
021,02,HIMACHAL PRADESH,LAHUL & SPITI,-0.16633602460592328,0.08421376393695466,0.10851211072664849,0.14173010380623857,-470397.3289842154,-0.025515365386269848,-0.3188927335640138,0.28444444444444444,18455211
,01,JAMMU & KASHMIR,MIRPUR,-0.374256055363347,-0.13588619761629708,-0.0935640138408253,-0.06299115724721144,-1242623.5508913537,-0.25737435979220175,-0.48725874663590923,0.14173010380622836,4837249
,01,JAMMU & KASHMIR,MUZAFFARABAD,-0.31009611687811456,0.03694619318327858,0.07972318339100695,0.11909265667050924,-668127.0700365744,-0.10285379794030063,-0.4444444444444444,0.3014225297962323,6508506
010,01,JAMMU & KASHMIR,PUNCH,-0.3742560553633588,-0.06698961937716322,-0.016806619079222714,0.03254133025759273,-1212443.2278548882,-0.21301576744696737,-0.47637062668204533,0.2519646289888504,5700333
001,01,JAMMU & KASHMIR,ANANTNAG,-0.3014225297962441,0.005760921460339637,0.04158400615148104,0.07972318339100427,-484896.91938525287,-0.13251368504512795,-0.4444444444444444,0.2761399461745483,3666744
003,01,JAMMU & KASHMIR,BARAMULA,-0.3278123798539345,-0.05911572472126411,-0.016796136367538555,0.025843691045733995,-512590.97586966545,-0.18455392551063698,-0.42377547097270285,0.1929104190695886,2783290
007,01,JAMMU & KASHMIR,KATHUA,-0.35530949634751746,-0.09842368319877,-0.0517339484813527,0.009646484754366873,-762271.4806032351,-0.2304152025593986,-0.4444444444444444,0.2288965782391388,3314635
014,01,JAMMU & KASHMIR,UDHAMPUR,-0.3647212610534807,-0.07535563244905373,-0.021112586109351746,0.02584871295048009,-653818.7638444221,-0.21596853991726908,-0.454963475586313,0.2288965782391388,3033474
002,01,JAMMU & KASHMIR,BADGAM,-0.3278123798539035,-0.10340638216071305,-0.06299115724721144,-0.02593099228676471,-338922.4879818583,-0.20189921700454405,-0.42377547097270285,0.17279507881584008,1682823
623,01,JAMMU & KASHMIR,BANDIPURA,-0.3278123798539161,0.036956721855000256,0.07111111111111547,0.1085121107266411,-580931.8498463772,-0.10613857671528469,-0.4340484429065744,0.2761399461745483,5482179
626,01,JAMMU & KASHMIR,GANDERBAL,-0.2844444444444751,0.02588522029144004,0.06299115724721133,0.09842368319877154,-248580.1421576047,-0.11375593124671535,-0.42377547097270285,0.2599000384467512,2192068
622,01,JAMMU & KASHMIR,KULGAM,-0.30142252979621137,-0.04484429065743796,-0.009676367154001048,0.02583947180720727,-271859.07441008755,-0.1605654209463822,-0.39369473279507883,0.2288965782391388,1698369
008,01,JAMMU & KASHMIR,KUPWARA,-0.31009611687810873,-0.005806023487486453,0.03692648166968494,0.0753556324490592,-539468.8480583857,-0.14535002880181766,-0.41362552864282975,0.2679584775086506,3717596
011,01,JAMMU & KASHMIR,PULWAMA,-0.3278123798539735,-0.06299115724721135,-0.016781588656540163,0.02586264775955846,-239578.67190214028,-0.19890208029096376,-0.41362552864282975,0.19986159169550174,1208381
012,01,JAMMU & KASHMIR,RAJAURI,-0.38391387927720166,-0.11909265667051697,-0.07535563244905881,-0.0325413302575936,-861304.0229230821,-0.2450644479509077,-0.48725874663590923,0.17279507881584008,3521026
621,01,JAMMU & KASHMIR,RAMBAN,-0.3278123798538857,0.001694093566728928,0.044844290657438154,0.08421376393694864,-256937.81378214384,-0.14949531645133393,-0.454963475586313,0.2519646289888504,1722238
627,01,JAMMU & KASHMIR,RIASI,-0.35530949634754366,-0.02592832634920819,0.021090036283881335,0.06299115724721144,-456564.9212710955,-0.177248705439286,-0.454963475586313,0.2599000384467512,2582725
625,01,JAMMU & KASHMIR,SHUPIYAN,-0.336855055747782,-0.10340638216070581,-0.05911572472126103,-0.009657384892398316,-133751.68986689078,-0.19739178874225072,-0.41362552864282975,0.14769703960015382,681043
013,01,JAMMU & KASHMIR,SRINAGAR,-0.34602076124566167,-0.025946365075692597,0.005760404687233298,0.02977316416762806,-68503.93298091445,-0.18093348935479953,-0.40359861591695495,0.14769703960015382,381957
620,01,JAMMU & KASHMIR,KISHTWAR,-0.24415224913493028,0.05536332179930535,0.08421376393694963,0.11374086889657495,-773452.1838899712,-0.07076313418071806,-0.41362552864282975,0.2761399461745483,10942149
004,01,JAMMU & KASHMIR,DODA,-0.310096116878094,0.009654933164859299,0.044844290657438106,0.07535563244905956,-430756.67353880487,-0.13442624763446215,-0.4340484429065744,0.2288965782391388,3210495
624,01,JAMMU & KASHMIR,SAMBA,-0.3460207612456572,-0.17937716262976608,-0.1417301038062316,-0.0935640138408314,-321151.8217110032,-0.261596270119773,-0.41362552864282975,0.11374086889657825,1231705
005,01,JAMMU & KASHMIR,JAMMU,-0.36472126105339364,-0.1600000000000109,-0.11374086889657543,-0.0629911572472117,-850676.6859450669,-0.266073134780871,-0.4444444444444444,0.12456747404844293,3204791
322,20,JHARKHAND,BOKARO,-0.22889657823911413,-0.044844290657444254,-0.019930795847751218,0.010396001537870143,-444270.4489468818,-0.1265838209102223,-0.3014225297962323,0.1929104190695886,3518062
323,20,JHARKHAND,CHATRA,-0.17279507881584907,-0.00885813148788993,0.012056901191848724,0.038446751249520045,-320837.5630235072,-0.0689101356227794,-0.2761399461745483,0.21413302575932336,4666877
325,20,JHARKHAND,DHANBAD,-0.23646289888506064,-0.04158400615148121,-0.012991236905228453,0.016766882421401806,-315848.8667907675,-0.1270286357185044,-0.31009611687812383,0.19986159169550174,2490976
324,20,JHARKHAND,DEOGHAR,-0.22145328719726562,-0.07535563244904527,-0.05536332179930962,-0.02460592079969271,-422022.77366328845,-0.13861031282350095,-0.29287197231833906,0.16633602460592078,3050828
326,20,JHARKHAND,DUMKA,-0.2214532871972073,-0.06299115724721113,-0.038446751249520614,-0.010396001537870169,-600769.8320018264,-0.1304404430626332,-0.29287197231833906,0.16000000000000003,4613615
328,20,JHARKHAND,GARHWA,-0.1537870049980872,-0.006843482901554416,0.013840830449826938,0.04484429065743872,-319440.7011267751,-0.06368847167168312,-0.2519646289888504,0.1929104190695886,5023969
329,20,JHARKHAND,GIRIDIH,-0.2141330257593036,-0.04484429065744488,-0.02220684352172121,0.006820834767740032,-712646.4223947183,-0.11723985631060907,-0.29287197231833906,0.17937716262975778,6087886
330,20,JHARKHAND,GODDA,-0.22145328719720353,-0.06698961937717172,-0.04484429065743856,-0.013840830449826825,-383393.35822243826,-0.1365384140147815,-0.29287197231833906,0.1929104190695886,2814180
331,20,JHARKHAND,GUMLA,-0.19291041906957132,-0.027128027681662215,-0.0026499251051495796,0.02712802768166141,-609484.0889295842,-0.09369393261518619,-0.2679584775086506,0.186082276047674,6516036
332,20,JHARKHAND,HAZARIBAGH,-0.20693579392539477,-0.021128773282867185,0.0016943350552199791,0.025851686534659236,-496068.391239787,-0.09356368526459202,-0.29287197231833906,0.21413302575932336,5315097
333,20,JHARKHAND,JAMTARA,-0.22145328719722518,-0.08421376393695408,-0.0629911572472113,-0.03844675124951954,-326238.3798842659,-0.14775194552205845,-0.2761399461745483,0.10340638216070744,2214404
606,20,JHARKHAND,KHUNTI,-0.20693579392539355,-0.03844675124952147,-0.012056901191849023,0.019930795847750975,-338939.225105765,-0.10602590936312854,-0.3014225297962323,0.16633602460592078,3204257
334,20,JHARKHAND,KODARMA,-0.21413302575933102,-0.00450098313268499,0.015747789311802856,0.03844675124951903,-169141.40244358275,-0.0841606901419353,-0.29287197231833906,0.2069357939254133,2016064
335,20,JHARKHAND,LATEHAR,-0.16633602460591757,0.0044803941623378874,0.029773164167627347,0.06299115724721137,-300947.5783041138,-0.05818389578140098,-0.2679584775086506,0.21413302575932336,5182155
336,20,JHARKHAND,LOHARDAGA,-0.2141330257593213,-0.01777777777777858,0.010396001537870219,0.04158400615148092,-183650.43677772084,-0.10017455288001402,-0.2679584775086506,0.17937716262975778,1838361
337,20,JHARKHAND,PAKUR,-0.2214532871972223,-0.059115724721260754,-0.038446751249520135,-0.01384083044982696,-292899.23671304696,-0.132548234965728,-0.28444444444444444,0.14769703960015382,2216228
338,20,JHARKHAND,PALAMU,-0.17279507881585032,-0.012056901191849077,0.006816632488357605,0.03543252595155713,-416667.6290634462,-0.07704925172457987,-0.2599000384467512,0.1929104190695886,5416996
343,20,JHARKHAND,WEST SINGHBHUM,-0.2141330257592879,0.006816466607984883,0.03254133025759309,0.05911572472126395,-706857.1254974161,-0.08102605415837512,-0.28444444444444444,0.17937716262975778,8734513
327,20,JHARKHAND,EAST SINGHBHUM,-0.2288965782391122,-0.025941054291183586,0.005771648555001265,0.04484429065743835,-512616.49431556417,-0.11925620944461533,-0.31009611687812383,0.21413302575932336,4306723
607,20,JHARKHAND,RAMGARH,-0.21413302575933163,-0.03543252595155875,-0.01205690119184914,0.017777777777777583,-190573.36752539195,-0.11219374813661015,-0.2761399461745483,0.21413302575932336,1705200
339,20,JHARKHAND,RANCHI,-0.2288965782391084,-0.03543252595155993,-0.008858131487889187,0.024605920799692805,-708886.8119611628,-0.11696801004681529,-0.3014225297962323,0.1929104190695886,6072574
340,20,JHARKHAND,SAHIBGANJ,-0.23646289888506045,-0.044844290657444885,-0.02113346104242914,0.009642943283023495,-344098.5074064081,-0.12751419649626847,-0.31009611687812383,0.21413302575932336,2704649
341,20,JHARKHAND,SARAIKELA-KHARSAWAN,-0.22145328719720309,-0.035432525951557964,8.997390296670505E-4,0.041584006151481015,-395904.2733416374,-0.1228957200562769,-0.29287197231833906,0.19986159169550174,3228630
342,20,JHARKHAND,SIMDEGA,-0.14769703960016906,-0.008858131487889966,0.008858131487889501,0.03254133025759346,-288273.22688064945,-0.06310666025579834,-0.24415224913494812,0.1929104190695886,4575865
524,29,KARNATAKA,BAGALKOT,-0.13588619761630216,0.07535563244905347,0.09842368319875981,0.12456747404845826,-240363.05665666496,-0.031520650747407224,-0.2519646289888504,0.3014225297962323,7637876
528,29,KARNATAKA,BALLARI,-0.14769703960015368,0.09356401384085938,0.11909265667052592,0.141730103806224,-159855.7501920053,-0.01631723794345143,-0.24415224913494812,0.31009611687812383,9811668
527,29,KARNATAKA,BELAGAVI,-0.1301653210303577,0.044844290657444545,0.07535563244904885,0.1034063821607118,-539122.5001817608,-0.03449892239507417,-0.2519646289888504,0.31009611687812383,15647841
526,29,KARNATAKA,BENGALURU RURAL,-0.124567474048451,0.03691186482482161,0.06299115724721135,0.09842368319877126,-84048.55550466053,-0.031851985267869753,-0.2364628988850442,0.2761399461745483,2647699
525,29,KARNATAKA,BENGALURU URBAN,-0.09842368319876817,0.11909265667053298,0.13588619761634702,0.1537870049980848,44173.46484519685,0.017535137530281075,-0.2288965782391388,0.2761399461745483,2525378
529,29,KARNATAKA,BIDAR,-0.1600000000000163,0.004486039463522957,0.029773164167629013,0.06299115724721144,-436148.8932213348,-0.06816459863308359,-0.2519646289888504,0.21413302575932336,6408943
531,29,KARNATAKA,CHAMARAJANAGAR,-0.12456747404846294,0.103406382160728,0.13016532103036121,0.1599999999999976,96766.79553437437,0.014993027509461928,-0.2519646289888504,0.3278123798539023,6464990
630,29,KARNATAKA,CHIK BALLAPUR,-0.09356401384082379,0.07111111111111891,0.09356401384082909,0.11909265667051036,10272.929571870873,0.002105180406913599,-0.2599000384467512,0.29287197231833906,4888990
532,29,KARNATAKA,CHIKKAMAGALURU,-0.11374086889659553,0.05911572472126012,0.08421376393694671,0.10851211072664482,-71340.01663016916,-0.008617030908131262,-0.22145328719723184,0.3188927335640138,8290158
533,29,KARNATAKA,CHITRADURGA,-0.08882737408688524,0.08421376393696255,0.10340638216072451,0.1301653210303698,89110.47584629958,0.009163274590975833,-0.2069357939254133,0.3188927335640138,9737571
534,29,KARNATAKA,DAKSHINA KANNADA,-0.032541330257593225,0.13016532103033007,0.1476970396001738,0.16633602460592486,434772.4655771939,0.07805660063076737,-0.21413302575932336,0.31009611687812383,5579048
535,29,KARNATAKA,DAVANGERE,-0.14769703960017355,0.059115724721262405,0.08421376393694847,0.1137408688965763,-127892.50106681859,-0.018708943103689545,-0.2288965782391388,0.28444444444444444,6847089
536,29,KARNATAKA,DHARWAD,-0.14173010380623932,0.025883423005034233,0.05536332179930276,0.0888273740868842,-264986.0604428371,-0.05368232959913663,-0.2364628988850442,0.2761399461745483,4944779
537,29,KARNATAKA,GADAG,-0.135886197616308,0.03543252595155621,0.0711111111111174,0.1034063821607247,-250576.93381661593,-0.046405896621555864,-0.2364628988850442,0.24415224913494812,5409858
539,29,KARNATAKA,HASSAN,-0.1137408688965895,0.032541330257593114,0.05911572472126452,0.0935640138408274,-234528.6023725674,-0.030003665820458388,-0.22145328719723184,0.29287197231833906,7828705
540,29,KARNATAKA,HAVERI,-0.13016532103036835,0.03543252595156088,0.05911572472126476,0.08882737408688787,-193203.7242784893,-0.03466152013520612,-0.22145328719723184,0.24415224913494812,5582700
538,29,KARNATAKA,KALABURAGI,-0.15378700499804082,0.005745473040643166,0.03692370158045917,0.07972318339100326,-857390.7127037753,-0.06688650096773316,-0.2364628988850442,0.2761399461745483,12835141
541,29,KARNATAKA,KODAGU,-0.12456747404845825,0.048227604767398256,0.08421376393695398,0.11909265667051608,-161960.76479067586,-0.034495786711351,-0.2364628988850442,0.2761399461745483,4703960
542,29,KARNATAKA,KOLAR,-0.09356401384082325,0.05536332179930514,0.07972318339100805,0.11374086889657617,-31270.301895965516,-0.006846350353578734,-0.24415224913494812,0.2679584775086506,4576751
543,29,KARNATAKA,KOPPAL,-0.1417301038062158,0.05911572472126231,0.09842368319876608,0.12456747404844905,-226309.09987580645,-0.035026829833531316,-0.2519646289888504,0.2761399461745483,6471180
544,29,KARNATAKA,MANDYA,-0.11909265667051257,0.04822760476739834,0.07111111111111615,0.09842368319876932,-115417.11364395078,-0.020301044004098694,-0.21413302575932336,0.31009611687812383,5695228
545,29,KARNATAKA,MYSURU,-0.13016532103035924,0.04484429065744426,0.07111111111111673,0.10851211072664695,-183449.31168148937,-0.025425628887660378,-0.2519646289888504,0.3014225297962323,7227650
546,29,KARNATAKA,RAICHUR,-0.17937716262980496,0.04158400615147898,0.07535563244904825,0.10851211072664707,-646137.3318116625,-0.06580557768847776,-0.2519646289888504,0.28444444444444444,9829398
631,29,KARNATAKA,RAMANAGARAM,-0.08882737408688081,0.07972318339101533,0.10340638216072487,0.13016532103037465,27209.243692014246,0.006759417271331457,-0.21413302575932336,0.3014225297962323,4034113
547,29,KARNATAKA,SHIVAMOGGA,-0.10340638216070835,0.07535563244905445,0.10340638216071618,0.13588619761632081,68452.86716165004,0.00700770590713616,-0.2288965782391388,0.3188927335640138,9782492
548,29,KARNATAKA,TUMAKURU,-0.09842368319876985,0.051733948481347054,0.07972318339101118,0.10851211072664209,-131803.63352681007,-0.010817533006897232,-0.22145328719723184,0.31009611687812383,12204538
549,29,KARNATAKA,UDUPI,-0.04158400615148087,0.11374086889660041,0.13016532103035952,0.15378700499808337,268273.46345643426,0.06514445480799815,-0.1929104190695886,0.31009611687812383,4125180
550,29,KARNATAKA,UTTARA KANNADA,-0.07535563244905158,0.10340638216073549,0.12456747404846727,0.1537870049980866,356860.570183544,0.030042596847784334,-0.22145328719723184,0.34602076124567477,11893283
530,29,KARNATAKA,VIJAYAPURA,-0.13588619761630952,0.009640409923843504,0.036882594374955474,0.07535563244905948,-630698.3141106071,-0.05148959684783611,-0.2364628988850442,0.2761399461745483,12262243
635,29,KARNATAKA,YADGIR,-0.16633602460588068,0.04484429065744158,0.07972318339101034,0.1085121107266416,-324347.0250996605,-0.05273938131814752,-0.24415224913494812,0.2599000384467512,6160245
554,32,KERALA,ALAPPUZHA,-0.17279507881584827,0.051733948481349774,0.07111111111111328,0.09356401384082987,-30111.024880862795,-0.018698768325008837,-0.2679584775086506,0.2599000384467512,1615612
555,32,KERALA,ERNAKULAM,-0.09356401384082655,0.11374086889658619,0.13588619761629603,0.16633602460592473,158062.51687778678,0.045479277419958525,-0.28444444444444444,0.31009611687812383,3482949
556,32,KERALA,IDUKKI,-0.19986159169548576,0.07111111111111815,0.09842368319875938,0.13016532103037542,-244430.32610582886,-0.0494313989666493,-0.29287197231833906,0.31009611687812383,4955513
557,32,KERALA,KANNUR,-0.04158400615148075,0.11374086889660469,0.13016532103036155,0.15378700499808406,201074.35147748856,0.059294932287282213,-0.19986159169550174,0.3278123798539023,3397343
558,32,KERALA,KASARAGOD,-0.01777777777777742,0.12456747404847034,0.14173010380622025,0.16000000000000866,161653.3319442251,0.07084625641549858,-0.17279507881584008,0.28444444444444444,2288384
559,32,KERALA,KOLLAM,-0.11374086889657431,0.07972318339101458,0.09842368319876667,0.12456747404843911,45414.62275406239,0.01614938867956833,-0.2679584775086506,0.31009611687812383,2818601
560,32,KERALA,KOTTAYAM,-0.1476970396001578,0.09356401384084487,0.11374086889657406,0.13588619761629817,76102.26140080986,0.030421393638459495,-0.24415224913494812,0.29287197231833906,2507427
561,32,KERALA,KOZHIKODE,-0.08421376393694878,0.11909265667052736,0.14173010380623755,0.16633602460592473,162338.1663466877,0.06059842162697768,-0.22145328719723184,0.29287197231833906,2684454
562,32,KERALA,MALAPPURAM,-0.09356401384082966,0.11374086889660531,0.13588619761631213,0.1599999999999988,214270.9695627663,0.052897429329699354,-0.2519646289888504,0.29287197231833906,4058183
563,32,KERALA,PALAKKAD,-0.1245674740484422,0.10851211072665733,0.1301653210303714,0.153787004998083,178403.5218726991,0.03496424984678582,-0.2519646289888504,0.31009611687812383,5112539
564,32,KERALA,PATTANAMTHITTA,-0.14769703960016795,0.08882737408687766,0.11374086889657727,0.13588619761629972,26415.457904076247,0.008794282349909486,-0.2599000384467512,0.2761399461745483,3011006
565,32,KERALA,THIRUVANANTHAPURAM,-0.10340638216070427,0.08882737408688281,0.11374086889657353,0.13588619761629775,59570.672446158096,0.024017141740153097,-0.2761399461745483,0.3014225297962323,2485730
566,32,KERALA,TRISSUR,-0.11909265667051121,0.10340638216072973,0.12456747404846022,0.14769703960015737,114890.83068077659,0.03334146510328411,-0.2288965782391388,0.29287197231833906,3453173
567,32,KERALA,WAYANAD,-0.11374086889657474,0.05173394848134848,0.07535563244905417,0.10340638216070591,-43069.97947203601,-0.01769976005498236,-0.22145328719723184,0.3014225297962323,2438701
009,37,LADAKH,LEH,-0.1599999999999792,0.10851211072666196,0.14173010380622028,0.1860822760477008,-2318968.169801384,-0.011066786581891076,-0.3188927335640138,0.3553094963475586,209611635
006,37,LADAKH,KARGIL,-0.15378700499808548,0.09842368319877029,0.13016532103037087,0.16633602460592478,-248272.105342232,-0.013021744428965892,-0.3014225297962323,0.3278123798539023,19084969
553,31,LAKSHADWEEP,LAKSHADWEEP,-0.0482276047673971,0.1476970396001537,0.1600000000000001,0.17279507881583997,1524.7937194593405,0.04841039872931667,-0.07972318339100345,0.2364628988850442,33702
667,23,MADHYA PRADESH,AGAR MALWA,-0.13016532103036865,-0.00885813148788989,0.012056901191848757,0.04484429065743876,-207601.83604055867,-0.062276668338130066,-0.21413302575932336,0.1929104190695886,3340865
639,23,MADHYA PRADESH,ALIRAJPUR,-0.07535563244904976,0.06299115724722068,0.0888273740868838,0.11909265667051878,9353.803216341517,0.00232569634559208,-0.16633602460592078,0.2679584775086506,4031207
390,23,MADHYA PRADESH,ANUPPUR,-0.17279507881585016,-0.038446751249521856,-0.017777777777778104,0.008858131487889134,-425570.2564365166,-0.09295808280937111,-0.2519646289888504,0.186082276047674,4589056
391,23,MADHYA PRADESH,ASHOKNAGAR,-0.15999999999998785,-0.04484429065744684,-0.02712802768166114,0.010396001537870141,-557946.53234369,-0.09596188245112733,-0.2761399461745483,0.17279507881584008,5822740
392,23,MADHYA PRADESH,BALAGHAT,-0.15378700499806455,-0.017777777777779134,0.0044833531460826866,0.03543252595155757,-805382.1592976507,-0.07237321544615528,-0.2679584775086506,0.2288965782391388,11141974
393,23,MADHYA PRADESH,BARWANI,-0.07972318339101063,0.07535563244904873,0.09842368319877152,0.12456747404844769,86408.51931517597,0.01323766450137575,-0.19986159169550174,0.2679584775086506,6536978
394,23,MADHYA PRADESH,BETUL,-0.13588619761633247,0.02712802768166237,0.05173394848134946,0.0797231833910055,-498643.8111167979,-0.04122283969895768,-0.2599000384467512,0.2364628988850442,12110448
395,23,MADHYA PRADESH,BHIND,-0.1860822760477004,-0.07111111111111962,-0.05173394848134893,-0.032541330257592815,-644569.7592495522,-0.11593214723903741,-0.29287197231833906,0.15378700499807765,5571431
396,23,MADHYA PRADESH,BHOPAL,-0.14769703960016878,-0.00582369546089898,0.041584006151481036,0.08882737408688107,-241603.51368369063,-0.0717534260788329,-0.2679584775086506,0.2364628988850442,3374356
397,23,MADHYA PRADESH,BURHANPUR,-0.10851211072664486,0.06299115724721113,0.08882737408688608,0.11374086889657473,-12582.184607244482,-0.0032534940444208663,-0.2069357939254133,0.24415224913494812,3873783
398,23,MADHYA PRADESH,CHHATARPUR,-0.14769703960015917,-0.01683935847605184,-0.0017623104766102309,0.025850289927302997,-688182.4404617454,-0.06451294403660597,-0.29287197231833906,0.22145328719723184,10687142
399,23,MADHYA PRADESH,CHHINDWARA,-0.14173010380622372,9.013470293207824E-4,0.022206843521721743,0.05173394848135287,-840389.058984989,-0.059035301079633604,-0.2679584775086506,0.22145328719723184,14251129
400,23,MADHYA PRADESH,DAMOH,-0.1600000000000054,-0.022206843521721097,-0.00450107303553917,0.019930795847751086,-662732.957964119,-0.07437818064045773,-0.2761399461745483,0.22145328719723184,8922849
401,23,MADHYA PRADESH,DATIA,-0.19291041906958387,-0.06698961937716899,-0.04822760476739439,-0.022206843521722416,-396322.8535803541,-0.11903524995674275,-0.3188927335640138,0.17279507881584008,3340498
402,23,MADHYA PRADESH,DEWAS,-0.13016532103036724,0.01777777777777928,0.04158400615148122,0.06299115724721127,-436553.95269987505,-0.05141617768917812,-0.21413302575932336,0.22145328719723184,8505726
403,23,MADHYA PRADESH,DHAR,-0.11909265667052879,0.04158400615147895,0.06698961937716859,0.09842368319876761,-283429.1794302246,-0.028757522692297977,-0.19986159169550174,0.2599000384467512,9867234
404,23,MADHYA PRADESH,DINDORI,-0.14769703960017125,-0.015747789311802797,0.00681090578607006,0.029773164167627875,-502983.8668738742,-0.07224107110603793,-0.22145328719723184,0.19986159169550174,6974940
405,23,MADHYA PRADESH,EAST NIMAR,-0.10851211072665433,0.04822760476738699,0.06698961937717007,0.09356401384082533,-163286.02423097586,-0.01816182900341473,-0.1929104190695886,0.29287197231833906,9002549
406,23,MADHYA PRADESH,GUNA,-0.16633602460592484,-0.02595422935080725,-0.005854242831439635,0.021051127504593502,-616939.1099651578,-0.07880105225999967,-0.3188927335640138,0.22145328719723184,7842335
407,23,MADHYA PRADESH,GWALIOR,-0.19291041906955084,-0.041584006151475915,-0.017777777777778465,0.02220684352172242,-566121.8132911646,-0.0999076122223024,-0.29287197231833906,0.2069357939254133,5674029
408,23,MADHYA PRADESH,HARDA,-0.11909265667052585,0.03543252595155212,0.059115724721261226,0.0842137639369432,-174415.23163825658,-0.04328265089453056,-0.22145328719723184,0.21413302575932336,4035848
409,23,MADHYA PRADESH,HOSHANGABAD,-0.1537870049980307,0.004489229220353552,0.029773164167628378,0.05911572472126355,-544142.7800037402,-0.06731009060843743,-0.2761399461745483,0.21413302575932336,8095645
410,23,MADHYA PRADESH,INDORE,-0.11909265667052223,0.03692109495451578,0.07972318339100695,0.11909265667051219,-197669.97557748112,-0.041795596888178466,-0.2599000384467512,0.2519646289888504,4738802
411,23,MADHYA PRADESH,JABALPUR,-0.15999999999997094,-0.005847826476970383,0.021058876829764105,0.05536332179930801,-438939.3759465483,-0.07094318710595192,-0.29287197231833906,0.22145328719723184,6198352
412,23,MADHYA PRADESH,JHABUA,-0.08421376393695076,0.0415840061514782,0.0591157247212629,0.0797231833910058,-33248.09860244874,-0.007968381331029603,-0.16000000000000003,0.2599000384467512,4179358
413,23,MADHYA PRADESH,KATNI,-0.13588619761630502,-0.017777777777779207,0.002641323455272271,0.03254133025759336,-406905.2751096645,-0.06601915234047372,-0.2519646289888504,0.21413302575932336,6175594
415,23,MADHYA PRADESH,MANDLA,-0.14173010380622417,-0.004499217302108607,0.01777777777777839,0.04158400615148105,-539736.1500005575,-0.05939690398703672,-0.28444444444444444,0.2069357939254133,9100880
416,23,MADHYA PRADESH,MANDSAUR,-0.15378700499808703,-0.005792378121798389,0.029773164167631844,0.05911572472125389,-541374.2554881251,-0.07974472794836886,-0.2519646289888504,0.29287197231833906,6799773
417,23,MADHYA PRADESH,MORENA,-0.18608227604770697,-0.051733948481346624,-0.03706798220258977,-0.013006683376423167,-652739.4822411877,-0.10509686628926648,-0.34602076124567477,0.16000000000000003,6223463
418,23,MADHYA PRADESH,NARSHIMAPURA,-0.17937716262978978,-0.012056901191848438,0.01205690119184901,0.04484429065743872,-525112.9479267981,-0.08434848602988763,-0.2599000384467512,0.21413302575932336,6236392
419,23,MADHYA PRADESH,NIMACH,-0.166336024605925,-0.019930795847751058,0.024605920799693367,0.0482276047673976,-439878.11267992714,-0.08359570864919329,-0.2679584775086506,0.19986159169550174,5274602
420,23,MADHYA PRADESH,PANNA,-0.14769703960016856,-0.01777777777777928,8.951050139686811E-4,0.03254133025759335,-590266.8051418897,-0.0678394907079552,-0.2761399461745483,0.19986159169550174,8717597
421,23,MADHYA PRADESH,RAISEN,-0.15378700499802017,0.006816301441618408,0.027128027681660803,0.0517339484813533,-677272.6902768775,-0.06577497574013683,-0.24415224913494812,0.2288965782391388,10312010
422,23,MADHYA PRADESH,RAJGARH,-0.1476970396001708,-0.015747789311802797,0.004481751643643123,0.035432525951557374,-566175.253428977,-0.07522888524135526,-0.21413302575932336,0.1929104190695886,7535187
423,23,MADHYA PRADESH,RATLAM,-0.12456747404846796,0.0157477893118028,0.041584006151481195,0.0711111111111149,-308407.7497867691,-0.05218762844992088,-0.2069357939254133,0.21413302575932336,5920371
424,23,MADHYA PRADESH,REWA,-0.17279507881585046,-0.04158400615148127,-0.017777777777777944,0.012056901191849387,-728947.7235795879,-0.09418659550428696,-0.2761399461745483,0.22145328719723184,7751995
425,23,MADHYA PRADESH,SAGAR,-0.1476970396001631,-0.027128027681662795,-0.0068451047991297705,0.022206843521722155,-1002051.1989085687,-0.07997518233813967,-0.2519646289888504,0.2069357939254133,12549508
426,23,MADHYA PRADESH,SATNA,-0.15999999999999184,-0.01039600153787029,0.012056901191848938,0.04158400615148101,-684533.0691316875,-0.07415495461192809,-0.2679584775086506,0.22145328719723184,9250027
427,23,MADHYA PRADESH,SEHORE,-0.1417301038062288,-0.004492766773887494,0.017777777777779016,0.048227604767395155,-549777.2152250599,-0.06903740954171136,-0.2364628988850442,0.2364628988850442,7979648
428,23,MADHYA PRADESH,SEONI,-0.1358861976163173,-0.013840830449827401,0.006812674959143,0.03254133025759331,-673255.093148816,-0.06367462120581045,-0.2519646289888504,0.2364628988850442,10587279
429,23,MADHYA PRADESH,SHAHDOL,-0.15378700499808728,-0.01777777777777896,0.004479277210061805,0.027128027681661143,-482828.4611478965,-0.06975892702333499,-0.2519646289888504,0.19986159169550174,6933487
430,23,MADHYA PRADESH,SHAJAPUR,-0.14173010380623874,-0.03844675124951905,-0.017777777777778274,0.01993079584775115,-342313.04468851193,-0.08128793852651592,-0.21413302575932336,0.2069357939254133,4219787
431,23,MADHYA PRADESH,SHEOPUR,-0.18608227604770092,-0.059115724721250935,-0.04158400615148119,-0.013840830449826869,-861324.7769262355,-0.10522508999120526,-0.3278123798539023,0.16633602460592078,8196536
432,23,MADHYA PRADESH,SHIVPURI,-0.17937716262979475,-0.03543252595155815,-0.017777777777778867,0.012056901191849285,-1155975.5040055467,-0.09101155392060024,-0.31009611687812383,0.186082276047674,12718231
433,23,MADHYA PRADESH,SIDHI,-0.13016532103037054,0.006813606188127226,0.0354325259515585,0.07111111111111229,-277725.2337005622,-0.047514056589828615,-0.2288965782391388,0.2288965782391388,5855562
638,23,MADHYA PRADESH,SINGRAULI,-0.13016532103036982,0.02106088783393592,0.048227604767394225,0.07972318339100369,-272437.10129107395,-0.03860824146927321,-0.2519646289888504,0.2679584775086506,7066555
434,23,MADHYA PRADESH,TIKAMGARH,-0.14173010380623827,-0.017777777777779523,-0.002655203149798301,0.01993079584775104,-295048.8993584654,-0.06441177469792689,-0.29287197231833906,0.17937716262975778,4588875
435,23,MADHYA PRADESH,UJJAIN,-0.14173010380624934,-0.038446751249522015,-0.01777777777777827,0.022206843521722412,-598240.649405033,-0.08065042322345392,-0.22145328719723184,0.21413302575932336,7431237
436,23,MADHYA PRADESH,UMARIA,-0.13016532103037218,-0.01205690119184912,0.006816882368632234,0.03254133025759228,-320929.99755169055,-0.057559916295064115,-0.24415224913494812,0.22145328719723184,5584765
437,23,MADHYA PRADESH,VIDISHA,-0.14769703960017466,-0.04158400615147862,-0.017777777777778222,0.015747789311802922,-794503.4046419212,-0.0891032346696176,-0.24415224913494812,0.19986159169550174,8929692
414,23,MADHYA PRADESH,WEST NIMAR,-0.08882737408688565,0.04158400615148059,0.06299115724721119,0.0935640138408269,-144975.4178505575,-0.015007397048216258,-0.1929104190695886,0.28444444444444444,9673296
722,23,MADHYA PRADESH,NIVARI,-0.15378700499808093,-0.029773164167628794,-0.016845407748588545,0.005678328866534864,-125356.09478459225,-0.07683453877575662,-0.3278123798539023,0.2069357939254133,1640914
466,27,MAHARASHTRA,AHAMADNAGAR,-0.11374086889658494,0.0517339484813464,0.07535563244905119,0.103406382160711,-370826.54783503944,-0.01833815321042187,-0.22145328719723184,0.2679584775086506,20247712
467,27,MAHARASHTRA,AKOLA,-0.14769703960013172,0.006824732825190905,0.03844675124952113,0.07535563244905401,-439428.11022922705,-0.06763874311988022,-0.2069357939254133,0.2761399461745483,6508098
468,27,MAHARASHTRA,AMARAVATI,-0.15378700499801976,0.03844675124951387,0.0669896193771712,0.09842368319877065,-796614.2657172179,-0.054499940810858724,-0.22145328719723184,0.2679584775086506,14634927
469,27,MAHARASHTRA,AURANGABAD,-0.1137408688965773,0.044844290657445045,0.07535563244904857,0.10851211072664488,-316654.533114615,-0.026314519320722644,-0.2288965782391388,0.2599000384467512,12049449
471,27,MAHARASHTRA,BHANDARA,-0.1358861976163121,-0.017777777777779002,0.006805483938860594,0.04158400615148088,-332214.34646093403,-0.06708365584538765,-0.29287197231833906,0.2069357939254133,4961610
470,27,MAHARASHTRA,BID,-0.12456747404846434,0.044844290657446856,0.07111111111111736,0.09842368319876584,-405559.5212780549,-0.032374590703696166,-0.24415224913494812,0.2599000384467512,12544794
472,27,MAHARASHTRA,BULDHANA,-0.13588619761633644,0.03254133025759096,0.0591157247212621,0.09356401384082566,-536901.9508397052,-0.046221114980409324,-0.19986159169550174,0.2519646289888504,11630150
473,27,MAHARASHTRA,CHANDRAPUR,-0.13588619761631973,0.0016754990084659404,0.025835322639538055,0.059115724721263654,-773671.592532178,-0.057235511785155915,-0.2519646289888504,0.2679584775086506,13530633
474,27,MAHARASHTRA,DHULE,-0.0935640138408287,0.06698961937716998,0.09356401384082336,0.11909265667051167,-57986.83654669556,-0.006738171326844138,-0.1929104190695886,0.2679584775086506,8617611
475,27,MAHARASHTRA,GADCHIROLI,-0.12456747404845331,0.022206843521720313,0.04484429065744346,0.07111111111111522,-594467.05600724,-0.03452292251168906,-0.22145328719723184,0.2679584775086506,17237884
476,27,MAHARASHTRA,GONDIA,-0.1358861976163182,-0.004495262347015358,0.01777777777777844,0.041584006151481036,-371659.9529776273,-0.05989101768105464,-0.24415224913494812,0.2364628988850442,6215661
477,27,MAHARASHTRA,HINGOLI,-0.14173010380621548,0.013840830449827004,0.038446751249520815,0.0669896193771635,-325454.9556440845,-0.05825211718607847,-0.21413302575932336,0.24415224913494812,5596711
478,27,MAHARASHTRA,JALGAON,-0.10851211072664774,0.04158400615148009,0.06698961937716637,0.09842368319876717,-318512.0096936452,-0.022592813001482102,-0.2069357939254133,0.2761399461745483,14113319
479,27,MAHARASHTRA,JALNA,-0.11909265667052046,0.0026420271099850774,0.02977316416762694,0.07111111111111164,-451770.56776221865,-0.049568887607485325,-0.21413302575932336,0.2599000384467512,9127228
480,27,MAHARASHTRA,KOLHAPUR,-0.11909265667052055,0.048227604767398076,0.07535563244905345,0.108512110726644,-192585.81452992963,-0.021533706651116872,-0.2288965782391388,0.28444444444444444,8961350
481,27,MAHARASHTRA,LATUR,-0.14173010380623102,9.010850438183793E-4,0.02977316416762773,0.06698961937716252,-507766.2061409654,-0.05987706503791249,-0.24415224913494812,0.2519646289888504,8490449
482,27,MAHARASHTRA,MUMBAI CITY,-0.02220684352172242,0.19291041906958087,0.19986159169549803,0.21413302575932003,9710.039714795732,0.12868948108437447,-0.13588619761630144,0.28444444444444444,76546
484,27,MAHARASHTRA,NAGPUR,-0.15378700499803452,-0.005826458586673511,0.025859971479547012,0.07111111111111348,-892927.7665701484,-0.07533308857444493,-0.3014225297962323,0.2364628988850442,11865192
485,27,MAHARASHTRA,NANDED,-0.13588619761631707,0.03844675124952173,0.06698961937716677,0.09842368319876607,-586983.829557874,-0.04714184050195965,-0.24415224913494812,0.24415224913494812,12472028
486,27,MAHARASHTRA,NANDURBAR,-0.10340638216073221,0.09356401384084409,0.11909265667052006,0.1476970396001592,63187.10008287218,0.008838023434311197,-0.1929104190695886,0.29287197231833906,7163183
487,27,MAHARASHTRA,NASHIK,-0.09842368319876753,0.0591157247212572,0.08421376393694979,0.11374086889657443,-188227.77127138915,-0.010191313170660934,-0.21413302575932336,0.2679584775086506,18486361
488,27,MAHARASHTRA,USMANABAD,-0.13588619761631746,0.019930795847752977,0.04822760476739655,0.07972318339100466,-362673.21840708976,-0.04070452446273845,-0.24415224913494812,0.2519646289888504,8925215
665,27,MAHARASHTRA,PALGHAR,-0.06698961937716394,0.09842368319876098,0.11909265667051533,0.14769703960015357,209737.2109491502,0.03351958881315887,-0.1929104190695886,0.28444444444444444,6266083
489,27,MAHARASHTRA,PARBHANI,-0.14173010380622422,9.05132584804806E-4,0.0325413302575921,0.06698961937716216,-483808.9553440137,-0.06482832500378255,-0.22145328719723184,0.2364628988850442,7474260
490,27,MAHARASHTRA,PUNE,-0.1085121107266547,0.07111111111111869,0.10340638216071858,0.1358861976163211,-74278.79091373112,-0.004027399660406363,-0.2288965782391388,0.3014225297962323,18462996
491,27,MAHARASHTRA,RAYGAD,-0.07535563244905066,0.11374086889659749,0.13588619761630466,0.16633602460592484,389673.91613544617,0.04737790492115388,-0.17937716262975778,0.29287197231833906,8238352
492,27,MAHARASHTRA,RATNAGIRI,-0.038446751249519975,0.10851211072665969,0.12456747404845979,0.14769703960015426,504125.7083202762,0.05195485691256205,-0.17279507881584008,0.3014225297962323,9717129
493,27,MAHARASHTRA,SANGLI,-0.11909265667052313,0.04822760476739515,0.07111111111111759,0.10340638216070541,-168530.15220627974,-0.01675203358117401,-0.2288965782391388,0.2519646289888504,10078127
494,27,MAHARASHTRA,SATARA,-0.103406382160718,0.0669896193771711,0.093564013840823,0.12456747404844186,-59627.67060827005,-0.004853540063467472,-0.21413302575932336,0.28444444444444444,12298534
495,27,MAHARASHTRA,SINDHUDURG,-0.05173394848135134,0.1085121107266595,0.1245674740484601,0.14769703960015487,300171.20954037696,0.05052904696343836,-0.17937716262975778,0.2761399461745483,5951789
496,27,MAHARASHTRA,SOLAPUR,-0.12456747404846023,0.029773164167629235,0.05536332179930703,0.0888273740868858,-557774.7936734471,-0.031994856513855016,-0.24415224913494812,0.2761399461745483,17457025
483,27,MAHARASHTRA,SUB URBAN MUMBAI,-0.08421376393694774,0.17279507881584938,0.19291041906957995,0.20693579392541764,36760.142828428245,0.07204125108562696,-0.17279507881584008,0.29287197231833906,512479
497,27,MAHARASHTRA,THANE,-0.059115724721263294,0.12456747404846337,0.14769703960016692,0.17279507881584924,243356.89568697553,0.04808616395965897,-0.17279507881584008,0.3014225297962323,5069267
498,27,MAHARASHTRA,WARDHA,-0.1417301038062433,0.0026464520465431423,0.02460592079969206,0.05173394848135211,-565426.3344037044,-0.07505062983865651,-0.22145328719723184,0.24415224913494812,7543509
499,27,MAHARASHTRA,WASHIM,-0.1476970396001712,0.01205690119184871,0.041584006151481154,0.07111111111111279,-395743.5318661889,-0.06477773626724781,-0.2069357939254133,0.2288965782391388,6120783
500,27,MAHARASHTRA,YAVATMAL,-0.14173010380623452,0.04158400615147755,0.06299115724721392,0.08882737408688701,-763733.8233692262,-0.04727643449812237,-0.24415224913494812,0.2288965782391388,16172960
252,14,MANIPUR,BISHNUPUR,-0.3100961168781367,-0.05911572472126391,-0.02977316416762849,0.009641868262411955,-107880.49084476996,-0.18310272994852633,-0.3553094963475586,0.2069357939254133,592328
253,14,MANIPUR,CHANDEL,-0.19291041906957598,0.05536332179930783,0.08421376393694498,0.11374086889657622,-122344.1606164398,-0.050714991694957655,-0.3278123798539023,0.2679584775086506,2417211
254,14,MANIPUR,CHURACHANDPUR,-0.20693579392539746,0.05173394848135112,0.07972318339100502,0.11374086889657735,-185155.61659310994,-0.062091838405829484,-0.36472126105344094,0.2519646289888504,2987741
256,14,MANIPUR,IMPHAL WEST,-0.31009611687812416,-0.059115724721262,-0.009641517832854043,0.032541330257593475,-117467.24246473401,-0.19603517322949338,-0.36472126105344094,0.186082276047674,603204
255,14,MANIPUR,IMPHAL EAST,-0.301422529796177,-0.02110532917652261,0.012967281002968225,0.044844290657438945,-86826.03190845065,-0.16311888386118384,-0.34602076124567477,0.15378700499807765,535890
713,14,MANIPUR,JIRIBAM,-0.19291041906959003,0.06698961937716437,0.09356401384083145,0.1190926566705127,-9943.81539938446,-0.02743773583731328,-0.28444444444444444,0.22145328719723184,365087
260,14,MANIPUR,UKHRUL,-0.2364628988850609,0.016772603420127027,0.051733948481353605,0.08882737408688966,-258905.98659378086,-0.1003640758652113,-0.34602076124567477,0.2761399461745483,2585246
257,14,MANIPUR,SENAPATI,-0.25196462898884486,0.02109138171813021,0.059115724721262974,0.10340638216070652,-224370.62385812978,-0.10380311418622709,-0.36472126105344094,0.28444444444444444,2166467
258,14,MANIPUR,TAMENGLONG,-0.20693579392539688,0.06299115724721122,0.09842368319876632,0.14173010380623294,-214880.40901842684,-0.05781667248484058,-0.36472126105344094,0.2761399461745483,3724282
259,14,MANIPUR,THOUBAL,-0.3014225297961691,-0.04822760476739579,-0.016808704002132725,0.01677704734555949,-85625.82349872668,-0.17739124133840667,-0.3553094963475586,0.17279507881584008,485328
717,14,MANIPUR,KAMJONG,-0.18608227604769356,0.0797231833910096,0.10851211072664596,0.14173010380623238,-111902.71368886766,-0.038198528795150094,-0.3278123798539023,0.2761399461745483,2934321
714,14,MANIPUR,NONEI,-0.18608227604767347,0.07111111111111393,0.10340638216070536,0.1417301038062267,-57365.18623262099,-0.03962005672174761,-0.3188927335640138,0.28444444444444444,1452211
715,14,MANIPUR,PHERZAWL,-0.15378700499808587,0.08882737408688791,0.11909265667051512,0.14769703960015784,-51499.80124181291,-0.019601475540386343,-0.3188927335640138,0.29287197231833906,2632958
716,14,MANIPUR,TENGNOUPAL,-0.19291041906957393,0.06299115724721122,0.09356401384082323,0.11909265667050857,-63864.99432260195,-0.04236044123564021,-0.28444444444444444,0.24415224913494812,1511379
712,14,MANIPUR,KANGPOKPI,-0.2599000384467731,0.009655760999303,0.04822760476739555,0.08421376393694917,-238917.56429785927,-0.1120243066129982,-0.36472126105344094,0.2288965782391388,2143163
711,14,MANIPUR,KAKCHING,-0.29287197231836254,-0.038446751249519115,-9.258529586875738E-4,0.03254133025759336,-65267.82652925054,-0.16634192037998416,-0.33685505574778934,0.15378700499807765,394750
273,17,MEGHALAYA,EAST GARO HILLS,-0.19291041906957695,-0.0222068435217209,0.004480389462407134,0.032541330257593586,-186069.44213553268,-0.09507359176656834,-0.29287197231833906,0.17937716262975778,1961933
274,17,MEGHALAYA,EAST KHASI HILLS,-0.3014225297962373,-0.0017318386596954598,0.04158400615148098,0.08421376393694821,-495010.7409769073,-0.14091265368643088,-0.3839138792772011,0.2288965782391388,3519450
657,17,MEGHALAYA,EAST JAINTIA HILLS,-0.2761399461744961,-0.0370205377923341,0.0017086000369195306,0.048227604767397084,-358058.68964122003,-0.14410679126185771,-0.34602076124567477,0.2519646289888504,2489782
277,17,MEGHALAYA,SOUTH GARO HILLS,-0.19291041906958278,-0.02112833519543254,0.00575850800383223,0.04158400615148068,-206561.5384224941,-0.09115826469283266,-0.3014225297962323,0.2069357939254133,2271292
278,17,MEGHALAYA,WEST GARO HILLS,-0.2519646289888452,-0.029773164167627448,-0.009670484227391373,0.01675350541398663,-323917.24442370376,-0.0984027589748132,-0.3188927335640138,0.186082276047674,3298747
279,17,MEGHALAYA,WEST KHASI HILLS,-0.284444444444478,-0.025928236736367568,0.005747491882531969,0.04484429065743903,-648022.9193886562,-0.13357748719913737,-0.36472126105344094,0.2288965782391388,4859806
276,17,MEGHALAYA,RI-BHOI,-0.22145328719721666,0.009649469438821992,0.036910005645996724,0.06698961937716201,-263124.9779063617,-0.08948847815244887,-0.3188927335640138,0.2069357939254133,2948155
658,17,MEGHALAYA,SOUTH WEST KHASI HILLS,-0.29287197231829765,-0.02592896870686378,0.016787746632494223,0.06299115724721166,-223045.2666643977,-0.13835187135945468,-0.3553094963475586,0.22145328719723184,1617098
663,17,MEGHALAYA,SOUTH WEST GARO HILLS,-0.2599000384467454,-0.027128027681660376,-0.006835677098114175,0.015747789311802953,-101673.52499292215,-0.09828888182147827,-0.3188927335640138,0.16000000000000003,1037207
656,17,MEGHALAYA,NORTH GARO HILLS,-0.19986159169549733,0.006828766503390314,0.0325413302575925,0.05911572472126276,-116965.92716269047,-0.07559308078580351,-0.29287197231833906,0.1929104190695886,1552862
275,17,MEGHALAYA,WEST JAINTIA HILLS,-0.2844444444444737,-0.059115724721263384,-0.021110733040855756,0.025878282531687707,-348630.21624262154,-0.15681129512619046,-0.3553094963475586,0.2288965782391388,2229213
262,15,MIZORAM,CHAMPHAI,-0.18608227604768574,0.07535563244905019,0.10851211072664564,0.14173010380623413,-175457.62626914596,-0.04237261340856321,-0.33685505574778934,0.2761399461745483,4148573
267,15,MIZORAM,SAIHA,-0.16000000000000741,0.0888273740868809,0.1190926566705083,0.1537870049980778,-35563.882505501984,-0.01926099134283458,-0.2679584775086506,0.31009611687812383,1851831
264,15,MIZORAM,LAWNGTLAI,-0.13588619761629836,0.07535563244905258,0.10340638216070427,0.13588619761630266,-37009.35460683003,-0.012629020999456057,-0.2761399461745483,0.29287197231833906,2939881
268,15,MIZORAM,SERCHHIP,-0.16633602460592467,0.08421376393694628,0.11909265667051026,0.1476970396001517,-47426.74076787805,-0.02699735452727105,-0.28444444444444444,0.31009611687812383,1762727
263,15,MIZORAM,KOLASIB,-0.12456747404843804,0.0669896193771613,0.09356401384082517,0.12456747404843986,-35824.20646369606,-0.019644445119528352,-0.24415224913494812,0.2519646289888504,1828823
266,15,MIZORAM,MAMIT,-0.12456747404844021,0.06698961937716531,0.09356401384082402,0.1301653210303677,-79745.018744007,-0.021318427491889176,-0.2679584775086506,0.29287197231833906,3748513
265,15,MIZORAM,LUNGLEI,-0.1358861976162967,0.08421376393695254,0.11374086889657356,0.14769703960015335,-69027.56852841761,-0.012549224958488975,-0.28444444444444444,0.28444444444444444,5509505
261,15,MIZORAM,AIZAWL,-0.14173010380623866,0.09842368319877057,0.13016532103037295,0.16633602460592437,-37903.302635394175,-0.009748272903480279,-0.2761399461745483,0.3014225297962323,3898664
613,13,NAGALAND,PAREN,-0.21413302575932958,0.029773164167627177,0.06299115724721129,0.10340638216070619,-147983.7427178453,-0.06550894800122399,-0.3278123798539023,0.28444444444444444,2264628
248,13,NAGALAND,PHEK,-0.2364628988850573,0.051733948481349754,0.0888273740868828,0.12456747404843832,-171859.77004639027,-0.07416097961577554,-0.36472126105344094,0.3014225297962323,2323275
250,13,NAGALAND,WOKHA,-0.1998615916954897,0.041584006151481175,0.07111111111111316,0.1034063821607066,-122284.02289275396,-0.06117646915260411,-0.31009611687812383,0.2364628988850442,2003896
244,13,NAGALAND,DIMAPUR,-0.25990003844674514,0.021110817865286974,0.055363321799307176,0.09842368319876971,-86148.48643923787,-0.09116397097396249,-0.3188927335640138,0.2599000384467512,949846
245,13,NAGALAND,KOHIMA,-0.2441522491349324,0.0210697466730092,0.05536332179930639,0.08882737408688968,-146518.80156901432,-0.08997244572840916,-0.37425605536332185,0.24415224913494812,1632851
614,13,NAGALAND,KIPHIRE,-0.2364628988850539,0.06698961937716515,0.10340638216070368,0.14173010380623025,-91479.7539237303,-0.06531528719127382,-0.33685505574778934,0.3014225297962323,1404480
251,13,NAGALAND,ZUNHEBOTO,-0.23646289888505861,0.03697057168401275,0.0711111111111144,0.10340638216070609,-158937.4851756419,-0.0812980054153085,-0.34602076124567477,0.2288965782391388,1960862
246,13,NAGALAND,MOKOKCHUNG,-0.20693579392540098,0.025883223791976256,0.0553633217993094,0.08882737408688907,-144574.01847413008,-0.07231070120027779,-0.31009611687812383,0.21413302575932336,2005010
247,13,NAGALAND,MON,-0.22145328719723364,0.025879842320240508,0.0591157247212636,0.0935640138408282,-224268.0952171236,-0.08250945671100143,-0.3278123798539023,0.21413302575932336,2724066
249,13,NAGALAND,TUENSANG,-0.23646289888502656,0.05173394848135157,0.08882737408688667,0.12456747404844014,-199495.4652413425,-0.075242657464294,-0.3553094963475586,0.2761399461745483,2656787
615,13,NAGALAND,LONGLENG,-0.19986159169548945,0.04158400615148113,0.07535563244905961,0.1085121107266467,-49265.32946369706,-0.06742081466241523,-0.28444444444444444,0.24415224913494812,734358
344,21,ODISHA,ANUGUL,-0.186082276047674,0.022206843521721576,0.04484429065744161,0.07535563244905602,-476958.1792319834,-0.06257152434602258,-0.2761399461745483,0.22145328719723184,7634552
345,21,ODISHA,BOLANGIR (BALANGIR),-0.13016532103035602,0.013840830449826664,0.03543252595155916,0.07111111111111046,-340495.9512746048,-0.043585139111480466,-0.24415224913494812,0.2288965782391388,7823364
346,21,ODISHA,BALASORE (BALESHWAR),-0.26795847750870405,-0.06698961937716857,-0.04484429065744035,-0.012999035749895879,-751027.1368879852,-0.16836566595552727,-0.3278123798539023,0.17937716262975778,4471001
347,21,ODISHA,BARAGARH,-0.1793771626298093,0.004482831501010425,0.027128027681659856,0.06299115724721147,-505890.19097194757,-0.07234928306381053,-0.2679584775086506,0.2288965782391388,7004326
348,21,ODISHA,BHADRAK,-0.26795847750868657,-0.0888273740868867,-0.05536332179930923,-0.02591857195907088,-555286.5969080469,-0.18538355388525618,-0.3188927335640138,0.24415224913494812,3001803
350,21,ODISHA,CUTTACK,-0.22145328719721394,0.012959970456722356,0.03693463062507178,0.07111111111111126,-441890.9174166882,-0.09616823813650192,-0.29287197231833906,0.22145328719723184,4607070
351,21,ODISHA,DEOGARH,-0.18608227604769872,0.02220684352172177,0.041584006151481126,0.06698961937716148,-209625.26266502493,-0.05911301376412853,-0.2679584775086506,0.21413302575932336,3554240
352,21,ODISHA,DHENKANAL,-0.20693579392538672,-9.318861027131969E-4,0.02977316416762775,0.06299115724721144,-486917.7179235236,-0.09139629454894614,-0.2761399461745483,0.19986159169550174,5335603
353,21,ODISHA,GAJAPATI,-0.1417301038062348,0.09356401384082474,0.1190926566705172,0.1476970396001532,58486.92288158737,0.01196576023935798,-0.2364628988850442,0.2761399461745483,4897594
354,21,ODISHA,GANJAM,-0.17937716262979927,0.06698961937716785,0.09356401384082345,0.12456747404844104,-411484.34341736056,-0.04134674370175159,-0.2679584775086506,0.2519646289888504,9965454
355,21,ODISHA,JAGATSINGHPUR,-0.2214532871972109,-0.05173394848134944,-0.03254133025759237,-0.005879925281691983,-285947.15472155117,-0.13860831239756774,-0.28444444444444444,0.2288965782391388,2068255
356,21,ODISHA,JAJAPUR,-0.2519646289890096,-0.037016537556159,-0.009676110079217004,0.029773164167628152,-476058.5537152681,-0.13748165652819805,-0.3188927335640138,0.22145328719723184,3471072
357,21,ODISHA,JHARSUGUDA,-0.1860822760476962,-0.009671362203452499,0.00964592134557256,0.0325413302575937,-210840.72621352482,-0.08460985065638818,-0.2679584775086506,0.24415224913494812,2499034
358,21,ODISHA,KALAHANDI,-0.15378700499803408,0.06698961937716791,0.09356401384082537,0.12456747404844226,-265734.36223774264,-0.028329092895098197,-0.24415224913494812,0.2761399461745483,9392589
359,21,ODISHA,KANDHAMAL,-0.10851211072664803,0.07972318339101452,0.1034063821607159,0.12456747404844407,6396.308923913846,6.704942557127438E-4,-0.22145328719723184,0.28444444444444444,9552404
360,21,ODISHA,KENDRAPARHA,-0.24415224913498776,-0.06698961937716696,-0.04158400615148115,-0.022206843521722416,-481213.4249554577,-0.1593383092406493,-0.3014225297962323,0.09356401384083046,3027614
361,21,ODISHA,KEONJHAR (KENDUJHAR),-0.2364628988850494,-0.016819721334482233,0.005744280595952008,0.03254133025759199,-1033277.3720025405,-0.10366861546309672,-0.31009611687812383,0.1929104190695886,9980176
362,21,ODISHA,KHORDHA,-0.22889657823913748,0.025861175228949797,0.051733948481351905,0.08421376393694673,-286360.310177461,-0.08361175253563809,-0.29287197231833906,0.2288965782391388,3436743
363,21,ODISHA,KORAPUT,-0.1599999999999814,0.06698961937717056,0.09356401384082863,0.12456747404844146,-195578.60457760925,-0.019754029442959953,-0.31009611687812383,0.28444444444444444,9916232
364,21,ODISHA,MALKANGIRI,-0.11374086889658079,0.09842368319876245,0.1301653210303627,0.1600000000000081,79815.30673400113,0.011735089976876544,-0.2288965782391388,0.3014225297962323,6811277
365,21,ODISHA,MAYURBHANJ,-0.25196462898892275,-0.041584006151475686,-0.016815244043065405,0.016765857634908482,-1585894.0462094012,-0.12658672263329837,-0.3278123798539023,0.1929104190695886,12543165
366,21,ODISHA,NABARANGAPUR,-0.16000000000001213,0.005728825113026289,0.0325413302575922,0.07111111111111144,-366607.21482592646,-0.05669600933158009,-0.24415224913494812,0.2599000384467512,6477055
367,21,ODISHA,NAYAGARH,-0.1600000000000068,0.06698961937716823,0.0935640138408237,0.1190926566705078,-130947.45271096157,-0.028231705705376413,-0.2364628988850442,0.2288965782391388,4646759
368,21,ODISHA,NUAPARHA,-0.11909265667051286,0.044844290657441895,0.07535563244905481,0.10851211072664332,-110163.1409850551,-0.02403041653333272,-0.2069357939254133,0.2679584775086506,4592599
369,21,ODISHA,PURI,-0.22145328719722063,0.017777777777777157,0.029773164167630168,0.038446751249520496,-390345.3395832558,-0.0946697741115137,-0.29287197231833906,0.19986159169550174,4132506
370,21,ODISHA,RAYAGARHA,-0.12456747404845005,0.08421376393695516,0.10851211072664879,0.13588619761629928,33862.191922439095,0.003895573640146835,-0.24415224913494812,0.2761399461745483,8707900
371,21,ODISHA,SAMBALPUR,-0.19291041906955086,0.006815482903335276,0.03543252595155913,0.0669896193771626,-563638.9520172977,-0.07063912489195188,-0.2679584775086506,0.2288965782391388,7991881
372,21,ODISHA,SUBARNAPUR,-0.18608227604770367,-0.027128027681661063,-9.297387677848232E-4,0.03844675124951901,-283314.9619479056,-0.10031915947115967,-0.2519646289888504,0.19986159169550174,2830803
373,21,ODISHA,SUNDARGARH,-0.18608227604769817,0.005740520233566551,0.03254133025759338,0.06299115724721131,-761356.2257481186,-0.06498351724128942,-0.2761399461745483,0.2599000384467512,11732129
349,21,ODISHA,BAUDH (BAUDA),-0.17279507881585002,0.059115724721264834,0.0888273740868814,0.11374086889657502,-167792.28405896536,-0.04532678382906221,-0.2599000384467512,0.2288965782391388,3710015
598,34,PUDUCHERRY,KARAIKAL,-0.07972318339100327,0.08421376393694568,0.11374086889657974,0.15378700499807832,2113.9713412189176,0.011679509751870138,-0.17279507881584008,0.28444444444444444,183071
599,34,PUDUCHERRY,MAHE,-0.004558034121358793,0.1137408688965781,0.1301653210303731,0.15378700499807774,599.9985928790552,0.05912076824108311,-0.09356401384083046,0.2288965782391388,10600
600,34,PUDUCHERRY,PUDUCHERRY,-0.13016532103037456,0.1190926566705144,0.1537870049980777,0.17937716262975392,531.4014641119134,0.0015593721642811003,-0.22145328719723184,0.2679584775086506,347013
601,34,PUDUCHERRY,YANAM,-0.12456747404844301,0.04822760476739707,0.08882737408688968,0.13016532103037295,-1054.2578021424388,-0.023897848461409108,-0.186082276047674,0.2519646289888504,44886
027,03,PUNJAB,AMRITSAR,-0.35530949634753134,-0.23646289888500882,-0.15378700499808026,-0.07111111111111185,-960001.7109008092,-0.27363627174631827,-0.4340484429065744,0.09842368319876971,3515937
605,03,PUNJAB,BARNALA,-0.30142252979619594,-0.21413302575923884,-0.16633602460592387,-0.07972318339100523,-448307.1503556453,-0.24348397775932407,-0.40359861591695495,0.08421376393694734,1846179
028,03,PUNJAB,BATHINDA,-0.29287197231837864,-0.17937716262979017,-0.13016532103036949,-0.04822760476739754,-987920.8833099309,-0.22677521238773857,-0.39369473279507883,0.14769703960015382,4365070
029,03,PUNJAB,FARIDKOT,-0.30142252979619233,-0.20693579392538577,-0.16633602460592392,-0.06698961937716237,-455507.1583756576,-0.24073177518074693,-0.39369473279507883,0.1085121107266436,1896994
030,03,PUNJAB,FATEHGARH SAHIB,-0.33685505574780317,-0.20693579392538022,-0.1600000000000041,-0.07972318339100556,-365615.4705514696,-0.24512411362650643,-0.40359861591695495,0.07111111111111111,1496589
651,03,PUNJAB,FAZILKA,-0.2928719723183619,-0.16633602460588853,-0.13588619761629747,-0.06698961937716252,-798834.814125787,-0.21516302875935805,-0.41362552864282975,0.11909265667051133,3719961
031,03,PUNJAB,FIROZPUR,-0.31889273356405806,-0.22145328719724228,-0.1929104190695763,-0.10851211072664514,-790169.6933972688,-0.2564485489419909,-0.4444444444444444,0.08421376393694734,3088898
032,03,PUNJAB,GURDASPUR,-0.3647212610534133,-0.24415224913502837,-0.20693579392541128,-0.13016532103037476,-951896.1315823391,-0.2784965410428254,-0.4444444444444444,0.08421376393694734,3424574
033,03,PUNJAB,HOSHIARPUR,-0.37425605536339257,-0.19986159169548634,-0.16000000000000023,-0.11374086889657765,-1218696.526832623,-0.2752606697830036,-0.4444444444444444,0.07535563244905807,4436125
034,03,PUNJAB,JALANDHAR,-0.3553094963474897,-0.21413302575928256,-0.14173010380622889,-0.06698961937716302,-909244.6329030044,-0.2643407338670821,-0.4340484429065744,0.07972318339100345,3448570
035,03,PUNJAB,KAPURTHALA,-0.34602076124565845,-0.23646289888500374,-0.1929104190695852,-0.1137408688965799,-582609.6301388968,-0.2735748637254957,-0.454963475586313,0.07972318339100345,2138434
036,03,PUNJAB,LUDHIANA,-0.3278123798538935,-0.17279507881584888,-0.08421376393694723,-0.021092472528736826,-1158434.614074467,-0.24190120380158564,-0.40359861591695495,0.11909265667051133,4796983
037,03,PUNJAB,MANSA,-0.284444444444477,-0.17937716262980324,-0.1476970396001526,-0.07535563244905875,-627065.6078754839,-0.22449205965048125,-0.3839138792772011,0.16000000000000003,2800307
038,03,PUNJAB,MOGA,-0.310096116878077,-0.2214532871972624,-0.17937716262975295,-0.075355632449059,-724220.9643487898,-0.24809926004159666,-0.39369473279507883,0.11374086889657825,2925171
039,03,PUNJAB,SRI MUKTSAR SAHIB,-0.2928719723183594,-0.18608227604771385,-0.16000000000000525,-0.0711111111111103,-771608.4852641636,-0.22628663518877024,-0.39369473279507883,0.09842368319876971,3417177
040,03,PUNJAB,SHAHID BHAGAT SINGH NAGAR,-0.34602076124573644,-0.20693579392538788,-0.15378700499807876,-0.0935640138408319,-423811.9528737389,-0.2575478646455205,-0.41362552864282975,0.07535563244905807,1650822
662,03,PUNJAB,PATHANKOT,-0.3553094963475034,-0.18608227604769037,-0.13588619761630377,-0.08421376393694545,-327784.88674833684,-0.2617771796029907,-0.4340484429065744,0.13016532103037293,1257220
041,03,PUNJAB,PATIALA,-0.3100961168780991,-0.19291041906955939,-0.14173010380623158,-0.06299115724721173,-999840.2616156891,-0.2335615196784453,-0.40359861591695495,0.11374086889657825,4293984
042,03,PUNJAB,RUPNAGAR,-0.34602076124565884,-0.18608227604769353,-0.14173010380623016,-0.09356401384083154,-447379.9370438899,-0.25006106852993215,-0.42377547097270285,0.09842368319876971,1795740
043,03,PUNJAB,SANGRUR,-0.3014225297961803,-0.21413302575925228,-0.17279507881584683,-0.08421376393694581,-1137387.6104796336,-0.24440904226912144,-0.39369473279507883,0.07972318339100345,4664151
608,03,PUNJAB,SAS NAGAR (SAHIBZADA AJIT SINGH NAGAR),-0.3100961168781293,-0.11374086889657739,-0.059115724721262,-0.016816602054899498,-306600.8311030331,-0.21641707270795718,-0.39369473279507883,0.13016532103037293,1423227
609,03,PUNJAB,TARN TARAN,-0.33685505574783875,-0.24415224913508807,-0.2141330257593287,-0.12456747404844284,-855391.5293659315,-0.27140459187754806,-0.4340484429065744,0.07535563244905807,3158113
086,08,RAJASTHAN,AJMER,-0.22889657823912135,-0.048227604767397785,-0.009668627283305505,0.036938019448660556,-1295336.5908814326,-0.12288576598122584,-0.3553094963475586,0.2364628988850442,10557272
087,08,RAJASTHAN,ALWAR,-0.19986159169548695,-0.06698961937717168,-0.03254133025759262,0.012973430135549944,-1218195.7570170222,-0.1154838518896742,-0.31009611687812383,0.2069357939254133,10566667
088,08,RAJASTHAN,BANSWARA,-0.0935640138408228,0.041584006151481286,0.0629911572472112,0.08882737408688601,-63192.9135245329,-0.011513323071829566,-0.2288965782391388,0.2679584775086506,5496965
089,08,RAJASTHAN,BARAN,-0.19291041906957274,-0.041584006151478045,-0.021148577571258268,0.00963703512142295,-775528.497537152,-0.09005543255933189,-0.3278123798539023,0.22145328719723184,8624299
090,08,RAJASTHAN,BARMER,-0.19291041906954193,-0.025942489242872627,0.0016742991227673063,0.03690521858052361,-3151671.5040145805,-0.0896316503200087,-0.3188927335640138,0.2761399461745483,35184293
091,08,RAJASTHAN,BHARATPUR,-0.1998615916954889,-0.0669896193771721,-0.04822760476739655,-0.01574778931180295,-721651.5040562381,-0.11365413487138894,-0.31009611687812383,0.186082276047674,6364210
092,08,RAJASTHAN,BHILWARA,-0.21413302575927534,-0.03703432363477032,-0.009675308330723317,0.032541330257593405,-1395617.5989135802,-0.10766357098821774,-0.34602076124567477,0.29287197231833906,12977374
093,08,RAJASTHAN,BIKANER,-0.2519646289889362,-0.09842368319874316,-0.07972318339101543,-0.05536332179930764,-6202916.874829663,-0.16206227956314842,-0.3553094963475586,0.22145328719723184,38299184
094,08,RAJASTHAN,BUNDI,-0.1663360246058945,-0.025956100626333942,0.005747862245108968,0.04484429065743832,-573233.1986033394,-0.08027413331161257,-0.28444444444444444,0.24415224913494812,7150747
095,08,RAJASTHAN,CHITTAURGARH,-0.17279507881585027,-0.025930906402209384,0.005757592828702975,0.032541330257592684,-851907.387305861,-0.0886574823994489,-0.29287197231833906,0.2519646289888504,9628634
096,08,RAJASTHAN,CHURU,-0.2519646289888799,-0.09356401384085498,-0.07111111111111848,-0.0517339484813507,-2900890.511365094,-0.16529236442795137,-0.34602076124567477,0.2069357939254133,17570047
097,08,RAJASTHAN,DAUSA,-0.2141330257592977,-0.05911572472124925,-0.04158400615148118,0.0017089562323014638,-481452.3350815652,-0.11269120641763421,-0.3188927335640138,0.19986159169550174,4282491
098,08,RAJASTHAN,DHAULPUR,-0.17279507881584935,-0.04822760476739327,-0.03254133025759248,-0.008858131487889139,-363652.6481636586,-0.09599173016133515,-0.29287197231833906,0.16000000000000003,3796325
099,08,RAJASTHAN,DUNGARPUR,-0.11909265667050876,0.009642049994012665,0.025832069602614145,0.05173394848135332,-183351.43173385703,-0.03988702721224051,-0.2679584775086506,0.2599000384467512,4604348
101,08,RAJASTHAN,HANUMANGARH,-0.25196462898887617,-0.103406382160735,-0.08421376393695768,-0.05911572472126323,-2080170.9007580986,-0.16761179111648045,-0.37425605536332185,0.13588619761630144,12428490
102,08,RAJASTHAN,JAIPUR,-0.22145328719722182,-0.048227604767397535,-0.005809783001209637,0.048227604767396196,-1615578.9011785141,-0.11587680297661962,-0.3278123798539023,0.2288965782391388,13958482
103,08,RAJASTHAN,JAISALMER,-0.22889657823910026,-0.05536332179930676,-0.029773164167628412,0.016769289101612385,-6117821.230700483,-0.12700207041230402,-0.3553094963475586,0.2519646289888504,48195167
104,08,RAJASTHAN,JALOR,-0.17937716262977912,-0.029773164167630036,-0.005858917829523341,0.02977316416762771,-1132127.5142043852,-0.08632319055980751,-0.3014225297962323,0.2679584775086506,13130168
105,08,RAJASTHAN,JHALAWAR,-0.15378700499808728,-0.022206843521721323,-9.322058929684398E-4,0.02712802768166168,-599975.1577505462,-0.07721426295332007,-0.2519646289888504,0.24415224913494812,7785147
106,08,RAJASTHAN,JHUNJHUNUN,-0.22145328719724686,-0.059115724721254634,-0.0415840061514812,-0.005800013115874284,-905419.0750788745,-0.12088900291814787,-0.3188927335640138,0.2069357939254133,7500078
107,08,RAJASTHAN,JODHPUR,-0.22145328719724516,-0.06299115724721897,-0.03703827184289222,-0.0017490846147845203,-3633092.8700421513,-0.1282241144538075,-0.34602076124567477,0.28444444444444444,28354930
108,08,RAJASTHAN,KARAULI,-0.16633602460590555,-0.029773164167631358,-0.013014572477712446,0.012953811153171759,-506540.3591051254,-0.08098059207327271,-0.3014225297962323,0.21413302575932336,6265890
100,08,RAJASTHAN,GANGANAGAR,-0.2519646289888664,-0.10340638216073439,-0.0888273740868843,-0.06299115724721135,-2220116.3220295194,-0.15870381771164035,-0.37425605536332185,0.186082276047674,14004924
109,08,RAJASTHAN,KOTA,-0.16000000000001005,-0.041584006151481244,-0.012999711377982642,0.04158400615148075,-545821.3019482404,-0.08701853981980529,-0.3014225297962323,0.33685505574778934,6284796
110,08,RAJASTHAN,NAGAUR,-0.23646289888504204,-0.07972318339101621,-0.05536332179930653,-0.016816606986319038,-3283475.9490707302,-0.14717724442207802,-0.33685505574778934,0.2519646289888504,22328531
111,08,RAJASTHAN,PALI,-0.21413302575927726,-0.03254133025759292,-0.0017405495703065553,0.04822760476739688,-1631055.4277471465,-0.10633985669497416,-0.3188927335640138,0.2519646289888504,15355856
629,08,RAJASTHAN,PRATAPGARH,-0.13588619761631912,0.01677296562677672,0.04158400615147856,0.07111111111111533,-258268.12115071778,-0.04760785567051992,-0.2364628988850442,0.33685505574778934,5433909
112,08,RAJASTHAN,RAJ SAMAND,-0.1793771626297885,-0.012999141737942041,0.021069804324208918,0.055363321799307474,-472393.2320283306,-0.08273186485350861,-0.3188927335640138,0.3188927335640138,5723908
113,08,RAJASTHAN,SAWAI MADHOPUR,-0.17937716262976972,-0.041584006151480904,-0.01683040894319069,0.036966546260488495,-574093.1837543352,-0.09185318610524722,-0.33685505574778934,0.2519646289888504,6261504
114,08,RAJASTHAN,SIKAR,-0.22889657823911871,-0.06698961937717327,-0.04484429065743871,-0.009676513008146885,-1284197.538608645,-0.13194332370808998,-0.33685505574778934,0.19986159169550174,9747199
115,08,RAJASTHAN,SIROHI,-0.17937716262976408,0.0016781802310433368,0.03693426309080061,0.07972318339100344,-427536.05615254067,-0.0677302893162618,-0.3278123798539023,0.28444444444444444,6321547
116,08,RAJASTHAN,TONK,-0.20693579392539405,-0.04822760476739582,-0.0168102048420022,0.041584006151480765,-888460.3842873896,-0.0993215705972781,-0.33685505574778934,0.2599000384467512,8958642
117,08,RAJASTHAN,UDAIPUR,-0.15999999999998982,-0.0017420653237026674,0.025864046531173017,0.059115724721263446,-959640.9124616327,-0.06684736718824855,-0.28444444444444444,0.28444444444444444,14373207
225,11,SIKKIM,EAST,-0.3278123798539342,0.051733948481353105,0.09842368319877236,0.14173010380622536,-121199.09734286138,-0.10291903454309903,-0.39369473279507883,0.28444444444444444,1180616
226,11,SIKKIM,NORTH,-0.2679584775086895,0.02587715066493931,0.06299115724721127,0.10340638216070516,-565366.3233190043,-0.106104515954005,-0.3553094963475586,0.3278123798539023,5335204
227,11,SIKKIM,SOUTH,-0.22889657823913745,0.06299115724721141,0.10340638216070462,0.14173010380622839,-60093.70187186832,-0.06537123386662883,-0.33685505574778934,0.28444444444444444,922577
228,11,SIKKIM,WEST,-0.2844444444444666,0.025875390175459933,0.06698961937716211,0.10851211072664278,-156773.6683446213,-0.10389213059743599,-0.36472126105344094,0.2679584775086506,1512801
610,33,TAMIL NADU,ARIYALUR,-0.10851211072664253,0.05536332179930228,0.0753556324490533,0.09842368319877218,-2313.0279352599873,-0.0010489767372831198,-0.2069357939254133,0.28444444444444444,2209715
730,33,TAMIL NADU,CHENGALPATTU,-0.1137408688965747,0.09356401384082269,0.13016532103036152,0.16633602460592484,14748.805444406415,0.004728980075336498,-0.2288965782391388,0.3188927335640138,3125557
568,33,TAMIL NADU,CHENNAI,-0.04158400615148047,0.19291041906958675,0.20693579392540457,0.21413302575932744,45528.08921862383,0.11877521163548269,-0.14173010380622836,0.3014225297962323,385506
569,33,TAMIL NADU,COIMBATORE,-0.1301653210303724,0.11374086889658745,0.14769703960016597,0.17937716262976955,133236.16843256334,0.024794499808967335,-0.28444444444444444,0.3188927335640138,5383851
570,33,TAMIL NADU,CUDDALORE,-0.13016532103035344,0.05536332179930286,0.07972318339100987,0.1137408688965759,-67002.28676762238,-0.01586310280075903,-0.2364628988850442,0.29287197231833906,4233341
571,33,TAMIL NADU,DHARMAPURI,-0.07535563244905091,0.11374086889657747,0.13588619761631304,0.1663360246059247,190194.6690715093,0.0369972734617121,-0.1929104190695886,0.28444444444444444,5150772
572,33,TAMIL NADU,DINDIGUL,-0.16633602460586644,0.10851211072665215,0.14173010380624199,0.17937716262975184,151487.7446553965,0.02201983835942764,-0.28444444444444444,0.34602076124567477,6891183
573,33,TAMIL NADU,ERODE,-0.09842368319876552,0.09842368319876534,0.12456747404845692,0.1599999999999975,113666.11168420108,0.019499090953101997,-0.2288965782391388,0.3014225297962323,5843263
574,33,TAMIL NADU,KANCHIPURAM,-0.12456747404844683,0.08882737408688478,0.13588619761629933,0.1727950788158478,-11842.008318853004,-0.005913842843615995,-0.2288965782391388,0.31009611687812383,2010389
729,33,TAMIL NADU,KALLAKKURICHI,-0.11909265667051391,0.05173394848134874,0.07972318339100734,0.10851211072664396,-77104.15142653938,-0.01911462377897912,-0.2288965782391388,0.29287197231833906,4041352
575,33,TAMIL NADU,KANYAKUMARI,-0.1476970396001547,0.09842368319875826,0.12456747404845728,0.15378700499808448,41880.30266968859,0.022071259410206504,-0.2679584775086506,0.3188927335640138,1902020
576,33,TAMIL NADU,KARUR,-0.07535563244905626,0.09842368319876253,0.11909265667051491,0.16000000000000242,103145.85105651862,0.031205589079536192,-0.1929104190695886,0.29287197231833906,3313874
578,33,TAMIL NADU,MADURAI,-0.14173010380623874,0.0984236831987679,0.13588619761629722,0.17279507881584796,12813.438037070531,0.0030453734383297268,-0.2364628988850442,0.31009611687812383,4217505
587,33,TAMIL NADU,NILGIRIS,-0.20693579392538408,0.04822760476739537,0.0842137639369472,0.12456747404843994,-178971.9566443718,-0.06454333013713034,-0.28444444444444444,0.28444444444444444,2779224
579,33,TAMIL NADU,NAGAPATTINAM,-0.08882737408688661,0.048227604767394426,0.06698961937716258,0.09356401384082919,-16600.65757684184,-0.005683493278881125,-0.21413302575932336,0.2761399461745483,2930267
580,33,TAMIL NADU,NAMAKKAL,-0.1190926566705152,0.09842368319877176,0.13016532103037434,0.15999999999999873,52750.961444151726,0.013533544351522086,-0.24415224913494812,0.31009611687812383,3905479
581,33,TAMIL NADU,PERAMBALUR,-0.1301653210303753,0.05536332179930543,0.09842368319876355,0.14769703960015507,-61078.7789499866,-0.030510814183106836,-0.21413302575932336,0.3278123798539023,2007167
582,33,TAMIL NADU,PUDUKKOTTAI,-0.10851211072664331,0.04822760476739934,0.0711111111111157,0.09842368319876905,-54927.584444851775,-0.010387300643709997,-0.24415224913494812,0.29287197231833906,5299699
583,33,TAMIL NADU,RAMANATHAPURAM,-0.11374086889657446,0.03254133025759343,0.05536332179930951,0.08421376393694747,-122550.67318264687,-0.026320511057865186,-0.21413302575932336,0.2519646289888504,4668989
731,33,TAMIL NADU,RANIPPETTAI,-0.10851211072664227,0.07111111111111634,0.09842368319877173,0.1358861976162982,-5954.926295080678,-0.0028065772514071522,-0.21413302575932336,0.29287197231833906,2128423
584,33,TAMIL NADU,SALEM,-0.11909265667051137,0.11374086889658645,0.14173010380623302,0.1727950788158492,183330.05135450637,0.02674423704543066,-0.2519646289888504,0.31009611687812383,6871944
585,33,TAMIL NADU,SIVAGANGA,-0.10851211072664646,0.05173394848134708,0.07535563244905027,0.10340638216070472,-58189.921286551544,-0.012086317709670556,-0.21413302575932336,0.2679584775086506,4827074
588,33,TAMIL NADU,TENI,-0.1663360246059244,0.11374086889657828,0.14769703960015942,0.17937716262975276,52573.535194989134,0.016156770952278708,-0.3014225297962323,0.31009611687812383,3260399
733,33,TAMIL NADU,TENKASI,-0.13016532103036896,0.07972318339101103,0.11374086889657468,0.15378700499807837,4646.200203051093,0.0014603277818745067,-0.2599000384467512,0.29287197231833906,3188221
586,33,TAMIL NADU,THANJAVUR,-0.10851211072663922,0.05173394848134887,0.07535563244905248,0.10851211072664314,-50987.326379652906,-0.013081986207480552,-0.2364628988850442,0.2679584775086506,3908681
590,33,TAMIL NADU,THIRUVARUR,-0.10340638216071067,0.03844675124952174,0.05536332179930829,0.07972318339100336,-42733.822102007776,-0.016587637763306587,-0.19986159169550174,0.2288965782391388,2584269
591,33,TAMIL NADU,TIRUCHIRAPALLI,-0.10851211072664602,0.07972318339101074,0.11374086889657466,0.15378700499807987,18787.543363549295,0.0036716684086926855,-0.2519646289888504,0.29287197231833906,5131417
592,33,TAMIL NADU,TIRUNELVELI,-0.16633602460592486,0.0888273740868914,0.11909265667051266,0.14769703960015268,25177.057106550463,0.005734558011583266,-0.28444444444444444,0.36472126105344094,4398780
634,33,TAMIL NADU,TIRUPPUR,-0.07972318339100849,0.1085121107266565,0.13588619761630152,0.1727950788158482,232391.47328441037,0.03928436909257512,-0.3014225297962323,0.33685505574778934,5928070
732,33,TAMIL NADU,TIRUPPATTUR,-0.07972318339100633,0.09842368319877533,0.12456747404844641,0.14769703960015199,64448.719661168274,0.026591920765532035,-0.186082276047674,0.28444444444444444,2429659
589,33,TAMIL NADU,TIRUVALLUR,-0.1537870049980877,0.08421376393694935,0.11909265667051334,0.15378700499808004,-24226.484442686444,-0.006532260222754903,-0.24415224913494812,0.31009611687812383,3721243
593,33,TAMIL NADU,TIRUVANNAMALAI,-0.12456747404845925,0.07111111111111895,0.09842368319876516,0.13016532103037265,-28324.85657045553,-0.004004671318489383,-0.22145328719723184,0.2761399461745483,7086228
594,33,TAMIL NADU,TUTICORIN,-0.12456747404845678,0.048227604767398444,0.08421376393694532,0.13016532103037012,-143218.31617521727,-0.026699464400507175,-0.2599000384467512,0.3188927335640138,5373009
595,33,TAMIL NADU,VELLORE,-0.07111111111111307,0.10851211072665656,0.13588619761629556,0.15999999999999798,78898.08764003582,0.032637907241426276,-0.19986159169550174,0.31009611687812383,2425418
596,33,TAMIL NADU,VILLUPURAM,-0.14769703960016384,0.06299115724721119,0.09356401384082418,0.13588619761629722,-57680.947059942046,-0.013779276417285392,-0.24415224913494812,0.3014225297962323,4197052
597,33,TAMIL NADU,VIRUDHUNAGAR,-0.1301653210303731,0.055363321799308224,0.09356401384082558,0.14173010380623183,-94979.18373884926,-0.01976208280306471,-0.2599000384467512,0.3014225297962323,4816093
577,33,TAMIL NADU,KRISHNAGIRI,-0.07535563244905123,0.09356401384083425,0.11909265667051805,0.1476970396001522,147269.74315041557,0.025050047036916788,-0.21413302575932336,0.31009611687812383,5891097
501,36,TELANGANA,ADILABAD,-0.13588619761631363,0.0591157247212594,0.08421376393694702,0.10851211072664065,-126210.11565853808,-0.026649807423252146,-0.21413302575932336,0.2761399461745483,4743469
507,36,TELANGANA,HYDERABAD,-0.03543252595155669,0.17279507881585127,0.1860822760476966,0.19291041906957454,24255.259117630896,0.10822296372079994,-0.17279507881584008,0.2599000384467512,225991
508,36,TELANGANA,KARIMNAGAR,-0.14173010380623816,0.01777777777777844,0.04822760476739452,0.08421376393694807,-113962.96246882528,-0.04831411681810032,-0.24415224913494812,0.24415224913494812,2364683
690,36,TELANGANA,BHADRADRI KOTHAGUDEM,-0.11909265667051225,0.07535563244905479,0.09842368319877128,0.12456747404844337,20255.11288736781,0.002500622804138977,-0.22145328719723184,0.2599000384467512,8112200
512,36,TELANGANA,MAHABUBNAGAR,-0.13588619761630516,0.05911572472125318,0.08882737408689088,0.11909265667051352,-113453.23755956827,-0.034700411897197005,-0.2069357939254133,0.29287197231833906,3277821
692,36,TELANGANA,SIDDIPET,-0.1417301038062256,0.0120569011918486,0.03844675124951988,0.0669896193771629,-238944.22492448948,-0.05487552300792015,-0.24415224913494812,0.2364628988850442,4362172
514,36,TELANGANA,NALGONDA,-0.13588619761631654,0.07535563244906172,0.10340638216072194,0.1417301038062225,-166837.33399273074,-0.019835950155349683,-0.22145328719723184,0.31009611687812383,8420108
516,36,TELANGANA,NIZAMABAD,-0.12456747404844601,0.04484429065744443,0.06299115724721117,0.08882737408688522,-122824.76562711793,-0.024729304763726992,-0.2288965782391388,0.24415224913494812,4973584
518,36,TELANGANA,RANGAREDDY,-0.13016532103037315,0.0669896193771678,0.10340638216070931,0.14173010380622808,-133478.76984000095,-0.022847968656981545,-0.2288965782391388,0.3014225297962323,5852435
720,36,TELANGANA,MULUGU,-0.15378700499808554,0.059115724721249666,0.07535563244904518,0.1034063821607037,-51434.22299508442,-0.010190418701174044,-0.24415224913494812,0.2679584775086506,5054976
695,36,TELANGANA,JOGULAMBA GADWAL,-0.14769703960016578,0.022206843521720934,0.06299115724721133,0.09842368319876663,-166943.73425647634,-0.05581095528196577,-0.2364628988850442,0.2364628988850442,2996596
699,36,TELANGANA,KUMURAM BHEEM,-0.14173010380621676,0.05536332179930417,0.07972318339101117,0.10340638216070991,-144464.86756856545,-0.02689776514119618,-0.2069357939254133,0.2519646289888504,5379788
684,36,TELANGANA,MANCHERIAL,-0.14769703960016892,0.04484429065744806,0.06698961937717174,0.09356401384082486,-165244.17524064556,-0.036276211760569624,-0.2519646289888504,0.24415224913494812,4563416
680,36,TELANGANA,NIRMAL,-0.13016532103036577,0.051733948481346416,0.07111111111111669,0.09356401384082726,-126335.30965111201,-0.02877141317199847,-0.2364628988850442,0.22145328719723184,4400168
685,36,TELANGANA,KAMAREDDY,-0.14769703960016342,0.029773164167629807,0.04822760476739796,0.06698961937716118,-194068.7543308129,-0.04402332862988558,-0.2364628988850442,0.19986159169550174,4417377
691,36,TELANGANA,SANGAREDDY,-0.15378700499807607,0.0167842026029233,0.044844290657437995,0.08421376393694653,-326789.25461612834,-0.06257318390487686,-0.2599000384467512,0.2761399461745483,5234286
694,36,TELANGANA,NAGARKURNOOL,-0.13016532103035197,0.10340638216073059,0.12456747404846076,0.15378700499808393,20208.11871056222,0.002798614044204603,-0.21413302575932336,0.31009611687812383,7230954
693,36,TELANGANA,WANAPARTHY,-0.14173010380623263,0.06299115724721123,0.08882737408688297,0.1137408688965753,-89254.74012690166,-0.03517095737469714,-0.2288965782391388,0.2519646289888504,2543857
721,36,TELANGANA,NARAYANPET,-0.16000000000001646,0.03543252595155894,0.06299115724721127,0.09356401384082694,-163239.37619421651,-0.05814932308703746,-0.2364628988850442,0.2519646289888504,2813898
698,36,TELANGANA,VIKARABAD,-0.14173010380623152,0.025870953013291835,0.055363321799310035,0.08421376393694752,-239689.27681215486,-0.055307121955567744,-0.2364628988850442,0.3014225297962323,4341820
700,36,TELANGANA,MEDCHAL-MALKAJGIRI,-0.11374086889657456,0.12456747404845929,0.14769703960016597,0.16633602460592478,14544.562672744853,0.011544227785696713,-0.19986159169550174,0.28444444444444444,1263977
697,36,TELANGANA,YADADRI BHUVANAGIRI,-0.1358861976162967,0.04484429065744254,0.07535563244905097,0.10340638216070405,-105809.87135229303,-0.027984321474655554,-0.24415224913494812,0.3014225297962323,3788544
696,36,TELANGANA,SURYAPET,-0.13016532103037237,0.044844290657440486,0.08421376393695054,0.11909265667051827,-120299.01205241338,-0.028637863673354455,-0.2288965782391388,0.29287197231833906,4207558
509,36,TELANGANA,KHAMMAM,-0.1358861976163198,0.04822760476739721,0.07972318339100899,0.11374086889657498,-176426.74072589728,-0.0322453889620263,-0.22145328719723184,0.28444444444444444,5483474
688,36,TELANGANA,MAHABUBABAD,-0.13016532103037384,0.04822760476739225,0.06698961937716996,0.08882737408688132,-95757.19177978094,-0.02305884809708057,-0.22145328719723184,0.2364628988850442,4159758
689,36,TELANGANA,JANGAON,-0.14769703960016414,0.006814618645472462,0.029773164167627316,0.05911572472126261,-147109.91885655504,-0.05174831547718023,-0.2364628988850442,0.24415224913494812,2848930
686,36,TELANGANA,WARANGAL (URBAN),-0.15378700499808157,0.02460592079969296,0.05911572472126235,0.09842368319876842,-73133.45574103888,-0.0534757066914067,-0.2519646289888504,0.2288965782391388,1371299
522,36,TELANGANA,WARANGAL (RURAL),-0.166336024605925,-0.004496228897978692,0.017777777777777615,0.04484429065743883,-178006.7543414146,-0.06780184570870701,-0.24415224913494812,0.2364628988850442,2631366
687,36,TELANGANA,JAYASHANKAR BHUPALAPALLY,-0.17279507881584938,0.009636932007104077,0.025822478949093414,0.051733948481354784,-182461.71828583535,-0.053891064048108686,-0.2519646289888504,0.2519646289888504,3392864
682,36,TELANGANA,PEDDAPALLI,-0.1476970396001551,0.038446751249521176,0.06299115724721127,0.08882737408688475,-113115.59796696212,-0.043741585658573355,-0.24415224913494812,0.2519646289888504,2590845
681,36,TELANGANA,JAGTIAL,-0.11374086889657417,0.05911572472126278,0.08421376393694525,0.10851211072664334,-60398.7309431336,-0.01773882277098851,-0.2364628988850442,0.2519646289888504,3410637
683,36,TELANGANA,RANJANNA SIRCILLA,-0.14173010380622209,0.03844675124952164,0.05536332179930485,0.07535563244905251,-65947.09627635655,-0.030973627016314564,-0.21413302575932336,0.24415224913494812,2133794
513,36,TELANGANA,MEDAK,-0.1358861976163245,0.024605920799692885,0.044844290657440736,0.06698961937716356,-135091.62384846288,-0.04186419153264821,-0.22145328719723184,0.21413302575932336,3235035
269,16,TRIPURA,DHALAI,-0.1860822760476753,-0.00582941727493184,0.01676474001168478,0.0368971403169304,-188755.58358332224,-0.06787169111400708,-0.31009611687812383,0.21413302575932336,2787504
654,16,TRIPURA,GOMATI,-0.22889657823914855,-0.012993920043295564,0.009631162419608475,0.03254133025759369,-156254.40043928596,-0.07930434998467631,-0.34602076124567477,0.1929104190695886,1976295
652,16,TRIPURA,KHOWAI,-0.23646289888505737,-0.027128027681659814,-0.004498649634844176,0.022206843521722412,-124272.5639846584,-0.09677619673134513,-0.3014225297962323,0.16633602460592078,1288086
270,16,TRIPURA,NORTH TRIPURA,-0.26795847750865526,0.001690807880359179,0.02586675425138498,0.05536332179930698,-130395.12719053624,-0.0792624217156285,-0.34602076124567477,0.186082276047674,1650811
653,16,TRIPURA,SEPAHIJALA,-0.2519646289888449,-0.04484429065743766,-0.02460592079969296,-0.002654264361927163,-142917.3725691977,-0.1108317318120739,-0.3278123798539023,0.14173010380622836,1294414
271,16,TRIPURA,SOUTH TRIPURA,-0.2288965782391421,-0.027128027681659787,-0.008858131487889113,0.015747789311802957,-167312.0854578742,-0.09425484977880409,-0.3188927335640138,0.14769703960015382,1781389
655,16,TRIPURA,UNOKOTI,-0.28444444444446954,-0.021104099761874107,0.0016806214196074312,0.025825389987537327,-84231.5606490449,-0.09987633230089792,-0.34602076124567477,0.15378700499807765,846595
272,16,TRIPURA,WEST TRIPURA,-0.24415224913494107,-0.044844290657437814,-0.0246059207996928,0.0044951355420392025,-126899.76201886611,-0.110221449884105,-0.31009611687812383,0.12456747404844293,1154860
118,09,UTTAR PRADESH,AGRA,-0.21413302575933227,-0.08421376393695357,-0.0517339484813544,0.005762772566928024,-670373.1044539234,-0.13225120302076251,-0.3553094963475586,0.14769703960015382,5084762
119,09,UTTAR PRADESH,ALIGARH,-0.2844444444444731,-0.17279507881583767,-0.14173010380623333,-0.08421376393694752,-996868.0240338222,-0.2127408429644424,-0.37425605536332185,0.10340638216070744,4695914
121,09,UTTAR PRADESH,AMBEDKARNAGAR,-0.19986159169548756,-0.071111111111118,-0.05173394848135023,-0.027128027681661695,-354535.8283805965,-0.1222429170379077,-0.3014225297962323,0.16633602460592078,2907631
640,09,UTTAR PRADESH,AMETHI,-0.19291041906958642,-0.07535563244906042,-0.059115724721264556,-0.03706324133489241,-345518.6404682975,-0.11443377677453422,-0.3278123798539023,0.17279507881584008,3027141
154,09,UTTAR PRADESH,AMROHA,-0.31889273356406905,-0.21413302575926899,-0.17279507881584755,-0.11909265667051441,-810521.9683888945,-0.2591188337935495,-0.39369473279507883,0.08882737408688965,3135410
122,09,UTTAR PRADESH,AURAIYA,-0.2364628988850327,-0.10851211072665905,-0.08882737408689093,-0.055363321799307315,-391058.9277408983,-0.15522357912087453,-0.33685505574778934,0.1929104190695886,2525028
123,09,UTTAR PRADESH,AZAMGARH,-0.20693579392539962,-0.05536332179930127,-0.03543252595155979,-0.006831390359343847,-565572.3077325203,-0.1080579204815244,-0.3014225297962323,0.13588619761630144,5243512
133,09,UTTAR PRADESH,BUDAUN,-0.28444444444447076,-0.14769703960011102,-0.13016532103035455,-0.0935640138408297,-1064553.2823407152,-0.19789285254387587,-0.3839138792772011,0.1085121107266436,5388312
124,09,UTTAR PRADESH,BAGHPAT,-0.3188927335640533,-0.19291041906959902,-0.13588619761630275,-0.0591157247212617,-417724.76985132,-0.2475939721671878,-0.37425605536332185,0.08421376393694734,1691561
125,09,UTTAR PRADESH,BAHRAICH,-0.27613994617455756,-0.10851211072666285,-0.08882737408688446,-0.05911572472126269,-1015527.5455980694,-0.16293508548656255,-0.3839138792772011,0.12456747404844293,6244557
126,09,UTTAR PRADESH,BALLIA,-0.20693579392540917,-0.0448442906574405,-0.017777777777777677,0.017777777777777563,-380459.9273487454,-0.10258073794883432,-0.33685505574778934,0.16000000000000003,3717530
127,09,UTTAR PRADESH,BALRAMPUR,-0.23646289888502983,-0.09842368319875215,-0.07972318339101195,-0.059115724721263266,-656412.6423571209,-0.1561560373756122,-0.3278123798539023,0.11909265667051133,4212204
128,09,UTTAR PRADESH,BANDA,-0.16000000000000653,-0.04484429065744733,-0.02977316416762769,-0.0045004286474534735,-498091.96856445103,-0.09050595393310802,-0.2679584775086506,0.17937716262975778,5516307
129,09,UTTAR PRADESH,BARABANKI,-0.22889657823911566,-0.09356401384085433,-0.07535563244905422,-0.04484429065743859,-721486.6219941628,-0.14995392896478613,-0.3278123798539023,0.12456747404844293,4821092
130,09,UTTAR PRADESH,BAREILLY,-0.29287197231833484,-0.15999999999998635,-0.13016532103037307,-0.06698961937716195,-1128598.1923911634,-0.21592020481007024,-0.3839138792772011,0.11909265667051133,5236856
131,09,UTTAR PRADESH,BASTI,-0.221453287197217,-0.09356401384084206,-0.0753556324490502,-0.04484429065743852,-500093.32807446684,-0.14359012422240716,-0.3278123798539023,0.1085121107266436,3489747
179,09,UTTAR PRADESH,BHADOHI,-0.17937716262975234,-0.04484429065744079,-0.024605920799693072,0.0026448100745571405,-120789.25942743922,-0.09639329237058548,-0.2599000384467512,0.13588619761630144,1258326
132,09,UTTAR PRADESH,BIJNOR,-0.3278123798538817,-0.21413302575928997,-0.17937716262976433,-0.1301653210303728,-1565858.4408957502,-0.2658681832906442,-0.40359861591695495,0.06698961937716265,5897437
134,09,UTTAR PRADESH,BULANDSHAHR,-0.3100961168780878,-0.19291041906954587,-0.16000000000000428,-0.10340638216070824,-1051805.2184422135,-0.23594777627400537,-0.3839138792772011,0.11374086889657825,4465675
135,09,UTTAR PRADESH,CHANDAULI,-0.16633602460589392,-0.03254133025759415,-0.004490643824722754,0.02977316416762852,-300917.61932768207,-0.09576191659041071,-0.2679584775086506,0.17937716262975778,3149762
136,09,UTTAR PRADESH,CHITRAKOOT,-0.15999999999999612,-0.02977316416762986,-0.013009809132553769,0.012927862498751507,-310518.02663702477,-0.07887540154596466,-0.2679584775086506,0.2599000384467512,3947058
137,09,UTTAR PRADESH,DEORIA,-0.20693579392540162,-0.059115724721264765,-0.02977316416762783,0.004476053585892974,-363692.0321872147,-0.1151025990722736,-0.31009611687812383,0.14769703960015382,3167421
140,09,UTTAR PRADESH,AYODHYA,-0.2214532871972193,-0.07972318339101363,-0.05536332179930885,-0.01993079584775117,-452005.40107661416,-0.1346861846294772,-0.3188927335640138,0.14769703960015382,3363207
138,09,UTTAR PRADESH,ETAH,-0.2679584775086758,-0.1417301038062285,-0.12456747404844928,-0.09356401384083116,-569534.3733633228,-0.18689368102018178,-0.36472126105344094,0.16000000000000003,3057112
139,09,UTTAR PRADESH,ETAWAH,-0.23646289888505528,-0.10851211072665654,-0.08882737408688689,-0.05911572472126261,-455474.1144577338,-0.15674669868423416,-0.33685505574778934,0.13016532103037293,2912455
141,09,UTTAR PRADESH,FARRUKHABAD,-0.29287197231833567,-0.14769703960017488,-0.12456747404844401,-0.07972318339100504,-564487.1417023815,-0.2060627989388465,-0.36472126105344094,0.11374086889657825,2746061
142,09,UTTAR PRADESH,FATEHPUR,-0.18608227604769084,-0.06698961937717264,-0.04822760476739533,-0.01993079584775111,-563594.570985012,-0.10900333115575986,-0.3188927335640138,0.14769703960015382,5179341
143,09,UTTAR PRADESH,FIROZABAD,-0.23646289888503652,-0.11374086889658365,-0.09356401384082397,-0.04822760476739754,-493096.98523251514,-0.16245936042348508,-0.3188927335640138,0.14769703960015382,3043033
144,09,UTTAR PRADESH,GAUTAMBUDHNAGAR,-0.284444444444462,-0.06299115724721134,-0.01679016342207328,0.016771052600005068,-327462.73539764166,-0.18266469715486802,-0.36472126105344094,0.17937716262975778,1799130
146,09,UTTAR PRADESH,GAZIPUR,-0.17279507881584988,-0.051733948481347374,-0.02220684352172195,0.01205690119184937,-422335.6506073224,-0.1009660992235839,-0.2761399461745483,0.14173010380622836,4191005
145,09,UTTAR PRADESH,GHAZIABAD,-0.31889273356402253,-0.03254133025759131,0.005788243893828721,0.03254133025759167,-235334.34324054778,-0.20287887137470415,-0.3839138792772011,0.11909265667051133,1164347
147,09,UTTAR PRADESH,GONDA,-0.2441522491349291,-0.09842368319873877,-0.07972318339101409,-0.05911572472126322,-769011.6871653122,-0.15417103413594094,-0.3278123798539023,0.12456747404844293,4997607
148,09,UTTAR PRADESH,GORAKHPUR,-0.19986159169548912,-0.051733948481348185,-0.022206843521722416,0.017777777777777504,-459243.41176762606,-0.11048342004018628,-0.33685505574778934,0.16000000000000003,4167218
149,09,UTTAR PRADESH,HAMIRPUR,-0.16000000000000617,-0.051733948481344744,-0.038446751249521856,-0.019930795847751166,-435183.80240489775,-0.09017245469171041,-0.29287197231833906,0.16000000000000003,4836349
661,09,UTTAR PRADESH,HAPUR,-0.3188927335640326,-0.19291041906959894,-0.14173010380622886,-0.07972318339100512,-349962.0079983197,-0.24634282128493556,-0.3839138792772011,0.07535563244905807,1425629
150,09,UTTAR PRADESH,HARDOI,-0.2679584775086912,-0.11374086889657818,-0.09842368319876216,-0.07111111111111136,-1279447.511512115,-0.17018762324811001,-0.3553094963475586,0.15378700499807765,7529334
163,09,UTTAR PRADESH,HATHRAS,-0.26795847750866664,-0.1417301038062147,-0.11909265667051117,-0.07972318339100512,-425375.44795583846,-0.18963102527452075,-0.37425605536332185,0.10340638216070744,2250134
151,09,UTTAR PRADESH,JALAUN,-0.20693579392538047,-0.07972318339101755,-0.06299115724721116,-0.037073257841404465,-730581.2179541915,-0.1288441724545941,-0.3278123798539023,0.186082276047674,5680240
152,09,UTTAR PRADESH,JAUNPUR,-0.1860822760476933,-0.055363321799302284,-0.041584006151481244,-0.0199307958477511,-510035.0065143131,-0.10205251360232294,-0.29287197231833906,0.13588619761630144,5008032
153,09,UTTAR PRADESH,JHANSI,-0.18608227604770572,-0.055363321799307204,-0.0325413302575929,0.005740099851214546,-657465.6435246994,-0.10587550350291912,-0.3014225297962323,0.19986159169550174,6229627
155,09,UTTAR PRADESH,KANNAUJ,-0.2761399461745689,-0.1476970396001749,-0.13016532103037454,-0.09356401384082877,-521091.9205521809,-0.19907583880552282,-0.37425605536332185,0.11374086889657825,2623727
157,09,UTTAR PRADESH,KANPUR,-0.22889657823913387,-0.06698961937716809,-0.02110458215530522,0.055363321799307565,-459730.1545729381,-0.12311261397511296,-0.33685505574778934,0.21413302575932336,3743531
156,09,UTTAR PRADESH,KANPUR DEHAT,-0.22889657823912873,-0.09842368319873918,-0.07972318339101399,-0.05173394848135205,-566810.6812841728,-0.14406605129392377,-0.33685505574778934,0.17937716262975778,3941798
633,09,UTTAR PRADESH,KASGANJ,-0.28444444444447087,-0.14769703960017572,-0.12456747404845357,-0.08882737408688966,-494054.94611501123,-0.2000930751942431,-0.37425605536332185,0.11909265667051133,2475748
158,09,UTTAR PRADESH,KAUSHAMBI,-0.1860822760476832,-0.05911572472126477,-0.035432525951558276,-0.0044758546225761395,-227810.6842040166,-0.10295345677967925,-0.3188927335640138,0.11374086889657825,2218096
159,09,UTTAR PRADESH,KHERI,-0.30142252979618334,-0.1358861976163321,-0.11374086889659389,-0.08421376393694797,-2092050.300793684,-0.21514178781640808,-0.3839138792772011,0.1085121107266436,9738027
160,09,UTTAR PRADESH,KUSHINAGAR,-0.2441522491349271,-0.09356401384082512,-0.05911572472126364,-0.019930795847751006,-573917.8244106002,-0.15962743329690274,-0.33685505574778934,0.11909265667051133,3604253
161,09,UTTAR PRADESH,LALITPUR,-0.16000000000000195,-0.03254133025758849,-0.013840830449826909,0.0157477893118029,-518311.30110617564,-0.08367313918771209,-0.3014225297962323,0.17937716262975778,6203252
162,09,UTTAR PRADESH,LUCKNOW,-0.22145328719722163,-0.036985471770080415,0.025911280394055103,0.06698961937716552,-394003.90712848085,-0.12457285531923562,-0.3278123798539023,0.186082276047674,3170059
165,09,UTTAR PRADESH,MAHOBA,-0.14769703960016412,-0.04158400615147552,-0.025989718018208513,0.0016657475675181685,-325650.59533557406,-0.08071603408710686,-0.31009611687812383,0.21413302575932336,4045255
166,09,UTTAR PRADESH,MAINPURI,-0.26795847750869156,-0.1417301038062339,-0.12456747404845384,-0.09356401384083035,-639294.5698108241,-0.18614154787928272,-0.3553094963475586,0.11374086889657825,3441554
167,09,UTTAR PRADESH,MATHURA,-0.26795847750868856,-0.11909265667052973,-0.08882737408688286,-0.02977316416762818,-733220.5801635482,-0.1743432549568157,-0.36472126105344094,0.13588619761630144,4213749
168,09,UTTAR PRADESH,MAU,-0.19986159169549117,-0.05173394848134918,-0.022206843521722416,0.012056901191849373,-227909.54105555726,-0.10572162555447752,-0.3014225297962323,0.13588619761630144,2161729
169,09,UTTAR PRADESH,MEERUT,-0.3188927335640726,-0.18608227604769412,-0.1137408688965764,-0.04484429065743839,-838497.6588139782,-0.2534968645480699,-0.39369473279507883,0.10340638216070744,3314219
170,09,UTTAR PRADESH,MIRZAPUR,-0.16633602460592486,-0.0325413302575919,-0.006839735504897053,0.029773164167628378,-464670.15036245505,-0.08547180056202282,-0.2599000384467512,0.2069357939254133,5447558
171,09,UTTAR PRADESH,MORADABAD,-0.3100961168780764,-0.179377162629802,-0.11909265667050932,-0.05173394848135433,-577650.2095227638,-0.23277383783029865,-0.39369473279507883,0.11374086889657825,2489342
172,09,UTTAR PRADESH,MUZAFFARNAGAR,-0.32781237985386014,-0.2214532871972188,-0.166336024605924,-0.08421376393694703,-936005.6890260102,-0.267064422439283,-0.39369473279507883,0.08882737408688965,3511799
173,09,UTTAR PRADESH,PILIBHIT,-0.3014225297961854,-0.14769703960017747,-0.13016532103036052,-0.09356401384082709,-1034132.8904310067,-0.21645159712473921,-0.3839138792772011,0.11374086889657825,4788939
174,09,UTTAR PRADESH,PRATAPGARH,-0.19986159169548873,-0.06698961937717314,-0.05173394848134838,-0.032541330257592774,-516947.2111164629,-0.1122952072200049,-0.3188927335640138,0.16633602460592078,4613609
175,09,UTTAR PRADESH,RAIBEARELI,-0.19986159169548845,-0.07111111111111983,-0.05536332179930544,-0.032541330257592906,-561032.9654631905,-0.1148129676747866,-0.34602076124567477,0.17279507881584008,4896223
176,09,UTTAR PRADESH,RAMPUR,-0.3014225297961885,-0.17279507881582296,-0.14769703960016037,-0.08421376393694636,-662453.29371807,-0.219986581077825,-0.3839138792772011,0.09842368319876971,3018922
177,09,UTTAR PRADESH,SAHARANPUR,-0.3278123798538504,-0.18608227604769945,-0.13016532103037495,-0.07535563244905916,-1228866.7484932875,-0.25691984118934824,-0.3839138792772011,0.11909265667051133,4790695
659,09,UTTAR PRADESH,SAMBHAL,-0.3100961168781122,-0.15999999999993503,-0.14173010380624668,-0.0935640138408305,-672826.9294069598,-0.21842846419319825,-0.40359861591695495,0.11374086889657825,3088314
178,09,UTTAR PRADESH,SANTKABIRNAGAR,-0.2141330257593227,-0.071111111111117,-0.0448442906574384,-0.015747789311803012,-244486.70441179545,-0.11919419433716934,-0.33685505574778934,0.11374086889657825,2058853
180,09,UTTAR PRADESH,SHAHJAHANPUR,-0.2928719723183099,-0.14173010380625942,-0.12456747404846213,-0.09356401384082869,-1104677.0285450742,-0.20271066826051495,-0.3839138792772011,0.14769703960015382,5462736
660,09,UTTAR PRADESH,SHAMLI,-0.31889273356406617,-0.2141330257593331,-0.15999999999999912,-0.07535563244905887,-420601.54596843605,-0.25977478755055233,-0.3839138792772011,0.09356401384083046,1623202
181,09,UTTAR PRADESH,SHRAWASTI,-0.2288965782391494,-0.09842368319875393,-0.08421376393694924,-0.06299115724721135,-351939.19175631815,-0.1446439160634561,-0.33685505574778934,0.08882737408688965,2439319
182,09,UTTAR PRADESH,SIDDHARTHNAGAR,-0.21413302575933096,-0.10340638216072834,-0.07972318339100866,-0.04484429065743861,-535735.0141762459,-0.1474748903093556,-0.31009611687812383,0.09356401384083046,3640380
183,09,UTTAR PRADESH,SITAPUR,-0.27613994617452,-0.13016532103033776,-0.10851211072665352,-0.07535563244905809,-1383912.8604441006,-0.191697605308466,-0.3553094963475586,0.11374086889657825,7230057
184,09,UTTAR PRADESH,SONBHADRA,-0.14173010380621784,0.010396001537870288,0.02977316416763008,0.055363321799308675,-475342.9552950164,-0.056326940585737686,-0.24415224913494812,0.2519646289888504,8450002
185,09,UTTAR PRADESH,SULTANPUR,-0.19986159169548964,-0.07111111111111892,-0.055363321799307634,-0.035432525951557145,-385868.88846099976,-0.11598109898699943,-0.3014225297962323,0.13588619761630144,3335749
186,09,UTTAR PRADESH,UNNAO,-0.22889657823913392,-0.07972318339101277,-0.06299115724721116,-0.037053749536094166,-757496.4185622546,-0.13284908597816567,-0.34602076124567477,0.16000000000000003,5712341
187,09,UTTAR PRADESH,VARANASI,-0.17279507881584708,-0.00885813148788973,0.02977316416762608,0.07111111111111681,-152155.08846396784,-0.08035149974284281,-0.2599000384467512,0.17279507881584008,1899363
120,09,UTTAR PRADESH,PRAYAGRAJ,-0.17937716262975598,-0.044844290657443935,-0.021135343295038394,0.021071938971840565,-652955.1912297648,-0.09665570877050374,-0.3188927335640138,0.24415224913494812,6766620
164,09,UTTAR PRADESH,MAHARAJGANJ,-0.23646289888502828,-0.09356401384083818,-0.07111111111111504,-0.032541330257593634,-539440.1119287465,-0.14606870143797998,-0.3188927335640138,0.09842368319876971,3700747
045,05,UTTARAKHAND,ALMORA,-0.31009611687809335,-0.05911572472126389,-0.016819850158982453,0.03254133025759354,-733722.7055127679,-0.18172781812898034,-0.41362552864282975,0.22145328719723184,4045433
046,05,UTTARAKHAND,BAGESHWAR,-0.29287197231834766,-0.01297906375466046,0.032541330257592836,0.07972318339100282,-414007.33691473486,-0.14392620143949447,-0.41362552864282975,0.2599000384467512,2883079
048,05,UTTARAKHAND,CHAMPAWAT,-0.2928719723183589,-0.005793724506059683,0.0369440727027877,0.07972318339100382,-299115.99921442434,-0.13231333584443242,-0.40359861591695495,0.24415224913494812,2266165
049,05,UTTARAKHAND,DEHRADUN,-0.31889273356404235,-0.0669896193771643,-0.025922433177950656,0.02588079646158162,-728979.6986025171,-0.18187405527926703,-0.42377547097270285,0.2364628988850442,4018513
050,05,UTTARAKHAND,HARIDWAR,-0.3278123798538069,-0.14769703960016162,-0.09842368319876864,-0.044844290657439285,-711270.7608796791,-0.24152101119541655,-0.39369473279507883,0.13016532103037293,2950783
051,05,UTTARAKHAND,NAINITAL,-0.29287197231831397,-0.05911572472126487,-0.016813191816703217,0.025885345496105168,-831799.0366219713,-0.16300439371359907,-0.40359861591695495,0.2519646289888504,5111706
052,05,UTTARAKHAND,PAURI GARHWAL,-0.327812379853907,-0.04822760476739513,-0.012990195374260986,0.029773164167628378,-1184127.9474752024,-0.17441191328846078,-0.42377547097270285,0.2364628988850442,6797764
054,05,UTTARAKHAND,RUDRAPRAYAG,-0.31009611687813365,-0.0017288157545379966,0.0482276047673951,0.09356401384082798,-382278.23506326217,-0.14866162143371625,-0.41362552864282975,0.28444444444444444,2576527
055,05,UTTARAKHAND,TEHRI GARHWAL,-0.3368550557478096,-0.029773164167627736,0.012968599441667237,0.05536332179930725,-887230.4316775462,-0.17554419618057432,-0.4340484429065744,0.24415224913494812,5065420
056,05,UTTARAKHAND,UDHAM SINGH NAGAR,-0.3188927335640513,-0.14173010380622503,-0.1085121107266428,-0.05911572472126182,-746472.2858874982,-0.21915131770150598,-0.41362552864282975,0.11374086889657825,3417188
047,05,UTTARAKHAND,CHAMOLI,-0.3100961168780916,0.03695965306874255,0.06698961937716728,0.09842368319876554,-1090465.0567639633,-0.10776117500672043,-0.41362552864282975,0.2761399461745483,10130102
053,05,UTTARAKHAND,PITHORAGARH,-0.2761399461745603,0.025886196950942915,0.059115724721264466,0.09356401384082719,-966825.649424045,-0.10372227502468856,-0.39369473279507883,0.31009611687812383,9333695
057,05,UTTARAKHAND,UTTARKASHI,-0.2928719723183204,0.03695450786581978,0.07111111111111665,0.09842368319877166,-1086880.7111481777,-0.10473487914158476,-0.42377547097270285,0.28444444444444444,10391325
664,19,WEST BENGAL,ALIPUR DUAR,-0.26795847750867596,-0.08421376393695718,-0.059115724721264085,-0.021134272163232028,-522896.1553844878,-0.14971417358721903,-0.3278123798539023,0.22145328719723184,3499191
305,19,WEST BENGAL,BANKURA,-0.2519646289888907,-0.08421376393696187,-0.06299115724721119,-0.037037488028707516,-1326627.9075660913,-0.15872124660232872,-0.3278123798539023,0.2069357939254133,8367774
306,19,WEST BENGAL,PURBA BARDDHAMAN,-0.25990003844683446,-0.08421376393695007,-0.05173394848135184,-0.022206843521722412,-1115120.5253001396,-0.1760374586287955,-0.3188927335640138,0.12456747404844293,6345416
307,19,WEST BENGAL,BIRBHUM,-0.267958477508696,-0.09356401384082275,-0.05536332179930915,-0.021128861315031142,-1009749.0451414769,-0.18174242935759466,-0.3278123798539023,0.17279507881584008,5568338
310,19,WEST BENGAL,DAKSHIN DINAJPUR,-0.28444444444447614,-0.09842368319877622,-0.07111111111111501,-0.044844290657438494,-520378.58499818307,-0.1885595753253318,-0.33685505574778934,0.07111111111111111,2766684
309,19,WEST BENGAL,DARJILING,-0.2761399461745334,-0.00580350637474067,0.03693747626112982,0.08421376393694897,-324657.40949854377,-0.12662380394526687,-0.37425605536332185,0.2761399461745483,2570580
317,19,WEST BENGAL,PURBA MEDINIPUR,-0.25196462898886146,-0.0711111111111196,-0.05536332179930501,-0.03543252595155757,-713730.3274138523,-0.1497296450823517,-0.31009611687812383,0.17279507881584008,4774369
313,19,WEST BENGAL,HAORA,-0.2599000384467637,-0.027128027681660536,0.013840830449826732,0.059115724721263196,-227004.56801898754,-0.12792404588276293,-0.3188927335640138,0.17937716262975778,1779421
312,19,WEST BENGAL,HUGLI,-0.26795847750868595,-0.04822760476739675,-0.021127941179380647,0.012939940001272788,-560329.9534849318,-0.14662906333128783,-0.3278123798539023,0.186082276047674,3830421
314,19,WEST BENGAL,JALPAIGURI,-0.29287197231834494,-0.11374086889660294,-0.08882737408688164,-0.0553633217993074,-778337.0147452443,-0.18170122331573485,-0.3553094963475586,0.14173010380622836,4291724
308,19,WEST BENGAL,KOCH BIHAR,-0.27613994617454646,-0.10851211072665785,-0.08882737408688415,-0.06698961937716165,-757831.8513164123,-0.18062018123713397,-0.33685505574778934,0.08421376393694734,4209471
315,19,WEST BENGAL,KOLKATA,-0.1358861976163013,0.07972318339101063,0.08882737408688209,0.10340638216070736,4775.826595562284,0.0213204812528901,-0.2679584775086506,0.1929104190695886,225875
316,19,WEST BENGAL,MALDAH,-0.2679584775086921,-0.07972318339101234,-0.05536332179930644,-0.029773164167628544,-712515.6049786281,-0.161067017735314,-0.34602076124567477,0.1085121107266436,4432769
319,19,WEST BENGAL,MURSHIDABAD,-0.25196462898891697,-0.0711111111111179,-0.044844290657437884,-0.01777777777777752,-1025142.7370662801,-0.15670187480696812,-0.3188927335640138,0.17937716262975778,6553296
320,19,WEST BENGAL,NADIA,-0.22889657823912488,-0.05173394848134761,-0.03254133025759316,-0.012056901191849111,-618392.9427113369,-0.1304573034040003,-0.31009611687812383,0.16633602460592078,4752532
303,19,WEST BENGAL,NORTH TWENTY-FOUR PARGANAS,-0.24415224913493944,-0.03254133025759332,9.023004028350656E-4,0.04158400615148126,-538861.342035082,-0.11115789014199005,-0.3188927335640138,0.17937716262975778,4858451
318,19,WEST BENGAL,PASCHIM MEDINIPUR,-0.24415224913499686,-0.07535563244904539,-0.05536332179930831,-0.02977316416762808,-1100081.29792845,-0.14515082421390324,-0.31009611687812383,0.16633602460592078,7589470
321,19,WEST BENGAL,PURULIYA,-0.23646289888502647,-0.0753556324490502,-0.05173394848134992,-0.022206843521722416,-1136098.3504634325,-0.1494184968569534,-0.3014225297962323,0.15378700499807765,7614827
304,19,WEST BENGAL,SOUTH TWENTY-FOUR PARGANAS,-0.24415224913497807,-0.04484429065744641,-0.02460592079969272,9.086705472413872E-4,-1135948.7203426098,-0.12298761409284355,-0.3014225297962323,0.13588619761630144,9269362
311,19,WEST BENGAL,UTTAR DINAJPUR,-0.26795847750868174,-0.1034063821607149,-0.07535563244905392,-0.044844290657438626,-713047.2183971329,-0.18335029255306415,-0.3278123798539023,0.08882737408688965,3902218
703,19,WEST BENGAL,JHARGRAM,-0.2519646289888446,-0.075355632449045,-0.05536332179930897,-0.029773164167628454,-561973.2346539069,-0.1501804303872532,-0.3014225297962323,0.13016532103037293,3751531
704,19,WEST BENGAL,PASCHIM BARDDHAMAN,-0.2599000384467698,-0.04822760476739366,-0.016816153256048173,0.01674527214577782,-327089.084748447,-0.14834181442025954,-0.3188927335640138,0.1929104190695886,2210746
702,19,WEST BENGAL,KALIMPONG,-0.23646289888506006,0.0415840061514811,0.07972318339100415,0.11909265667051323,-108400.63894691887,-0.07917968375142498,-0.33685505574778934,0.29287197231833906,1372509
