di_code,st_code,state23,dist23,A13_p2,A13_p90,A13_p95,A13_p98,A13_sum,A13_mean,A13_min,A13_max,A13_count
603,35,ANDAMAN & NICOBAR,NICOBAR,-0.11374086889658643,0.07111111111111715,0.08421376393695314,0.09842368319876585,-5135.246453090787,-0.0025599007938980948,-0.19986159169550174,0.19986159169550174,2020602
632,35,ANDAMAN & NICOBAR,NORTH & MIDDLE ANDAMAN,-0.06698961937716219,0.07111111111111089,0.08421376393695733,0.0935640138408322,97088.2219803629,0.02443710760101568,-0.16000000000000003,0.19986159169550174,4003957
602,35,ANDAMAN & NICOBAR,SOUTH ANDAMAN,-0.0842137639369479,0.07111111111111834,0.08421376393695731,0.1034063821607179,45986.26887722983,0.015891865970634897,-0.17937716262975778,0.1929104190695886,2916597
502,28,ANDHRA PRADESH,ANANTAPUR,-0.015747789311802846,0.14769703960008634,0.1599999999999735,0.17279507881585082,2302021.0116145764,0.10276142413406558,-0.16633602460592078,0.29287197231833906,22430270
503,28,ANDHRA PRADESH,CHITTOOR,-0.017777777777778406,0.19986159169550868,0.21413302575924145,0.22889657823911289,2122348.497035879,0.12306641403526106,-0.13588619761630144,0.33685505574778934,17269415
504,28,ANDHRA PRADESH,Y S R KADAPA,-0.029773164167628288,0.19291041906952153,0.2069357939253759,0.22889657823911527,1926504.9423627937,0.10878547523567363,-0.1929104190695886,0.3278123798539023,17724326
505,28,ANDHRA PRADESH,EAST GODAVARI,-0.06698961937716734,0.1476970396000583,0.16633602460582705,0.17937716262980383,1111108.7404301416,0.07351100366353126,-0.1929104190695886,0.29287197231833906,15133939
506,28,ANDHRA PRADESH,GUNTUR,-0.04484429065743805,0.17937716262978248,0.19291041906953496,0.20693579392538197,1526047.5244752485,0.11494237388672668,-0.1929104190695886,0.3014225297962323,13291974
510,28,ANDHRA PRADESH,KRISHNA,-0.06698961937716408,0.17937716262978723,0.19291041906954545,0.20693579392538644,945885.2211169527,0.09264589298132814,-0.2069357939254133,0.29287197231833906,10225813
511,28,ANDHRA PRADESH,KURNOOL,-0.05173394848135064,0.14769703960006297,0.15999999999995593,0.17937716262980344,1784320.7770361458,0.08846853023309341,-0.21413302575932336,0.28444444444444444,20185908
515,28,ANDHRA PRADESH,POTTI SRIRAMULU NELLORE,-0.0553633217993227,0.22145328719721452,0.22889657823908974,0.2441522491350108,2138063.2456541527,0.1401953866439619,-0.17937716262975778,0.34602076124567477,15263341
517,28,ANDHRA PRADESH,PRAKASAM,-0.02977316416762883,0.2069357939253727,0.21413302575940263,0.22889657823909634,2593687.919901004,0.126885361618096,-0.16633602460592078,0.34602076124567477,20457221
519,28,ANDHRA PRADESH,SRIKAKULAM,-0.05911572472126392,0.1476970396000811,0.16633602460583488,0.17937716262980757,574852.309562897,0.08353169542444489,-0.22145328719723184,0.29287197231833906,6895077
520,28,ANDHRA PRADESH,VISAKHAPATNAM,-0.05911572472126407,0.13016532103032843,0.15378700499800765,0.17279507881583328,764701.9485021587,0.056251346294353986,-0.19986159169550174,0.3188927335640138,13613577
521,28,ANDHRA PRADESH,VIZIANAGARAM,-0.041584006151481064,0.15378700499799183,0.1663360246058632,0.1793771626297889,650461.917051466,0.08983597047502524,-0.14173010380622836,0.3014225297962323,7256513
523,28,ANDHRA PRADESH,WEST GODAVARI,-0.04822760476739865,0.17279507881568631,0.1860822760476086,0.19986159169548356,946694.0460795361,0.09739954608382735,-0.2069357939254133,0.28444444444444444,9731922
628,12,ARUNACHAL PRADESH,ANJAW,-0.09356401384082448,0.08882737408687752,0.10340638216072826,0.11909265667051899,226949.65373388998,0.029850629328003912,-0.22145328719723184,0.2069357939254133,7611073
229,12,ARUNACHAL PRADESH,CHANGLANG,-0.13016532103036496,0.05536332179931059,0.07111111111111848,0.0888273740868826,-133873.55398154893,-0.021539180733306545,-0.2599000384467512,0.17937716262975778,6227191
230,12,ARUNACHAL PRADESH,DIBANG VALLEY,-0.07972318339100883,0.07535563244905838,0.09356401384084982,0.10851211072665688,269325.7608354374,0.02208530480091105,-0.24415224913494812,0.19986159169550174,12207130
231,12,ARUNACHAL PRADESH,EAST KAMENG,-0.0984236831987693,0.06299115724722093,0.07535563244904478,0.08882737408688546,48195.55664087726,0.008683575360769769,-0.2364628988850442,0.1929104190695886,5558425
233,12,ARUNACHAL PRADESH,KURUNG KUMEY,-0.08421376393695243,0.06698961937717396,0.08421376393695854,0.09842368319876955,95523.23746487434,0.01701500746864119,-0.17937716262975778,0.1929104190695886,5621269
234,12,ARUNACHAL PRADESH,LOHIT,-0.15378700499808784,0.07111111111111866,0.08882737408688579,0.1085121107266423,-68094.86317772498,-0.017661351174506536,-0.28444444444444444,0.21413302575932336,3863405
235,12,ARUNACHAL PRADESH,LOWER DIBANG VALLEY,-0.14769703960017075,0.0629911572472319,0.07972318339101538,0.10340638216072436,-95387.15374669193,-0.021276378380340508,-0.28444444444444444,0.22145328719723184,4491587
237,12,ARUNACHAL PRADESH,PAPUMPARE,-0.11909265667051736,0.0553633217993178,0.07111111111111884,0.08421376393695512,-37448.29129110323,-0.008658691858845395,-0.21413302575932336,0.16633602460592078,4333778
238,12,ARUNACHAL PRADESH,TAWANG,-0.12456747404845667,0.0553633217993019,0.07111111111111795,0.09356401384082347,-26572.167971597613,-0.008588781111325059,-0.21413302575932336,0.17279507881584008,3100277
239,12,ARUNACHAL PRADESH,TIRAP,-0.1358861976162968,0.04484429065744573,0.05911572472126431,0.07535563244905379,-59469.72550127177,-0.04042653614155251,-0.21413302575932336,0.16633602460592078,1474824
240,12,ARUNACHAL PRADESH,UPPER SIANG,-0.09356401384082341,0.079723183391017,0.0935640138408368,0.10851211072664911,195829.07010009608,0.022956937430003117,-0.2288965782391388,0.19986159169550174,8540336
241,12,ARUNACHAL PRADESH,UPPER SUBANSIRI,-0.08421376393694964,0.07535563244906639,0.0888273740868764,0.10340638216071782,173999.2616794796,0.021193204267028577,-0.19986159169550174,0.1929104190695886,8220067
242,12,ARUNACHAL PRADESH,WEST KAMENG,-0.11374086889657398,0.06299115724722383,0.07972318339101597,0.09356401384083345,5616.124857960932,9.100414778937687E-4,-0.22145328719723184,0.186082276047674,6178998
719,12,ARUNACHAL PRADESH,LOWER SIANG,-0.13016532103036899,0.01777777777777885,0.03254133025759262,0.04822760476739534,-83214.62103333384,-0.036404191357585346,-0.2599000384467512,0.16000000000000003,2292082
236,12,ARUNACHAL PRADESH,LOWER SUBANSIRI,-0.10340638216071399,0.0669896193771745,0.07972318339101495,0.09356401384082383,16058.81041255534,0.00656944758936653,-0.186082276047674,0.17937716262975778,2449933
679,12,ARUNACHAL PRADESH,SIANG,-0.10851211072664449,0.05911572472125555,0.0753556324490518,0.08882737408688736,10498.661940917456,0.0023994440500923297,-0.22145328719723184,0.17937716262975778,4383418
243,12,ARUNACHAL PRADESH,WEST SIANG,-0.09842368319876604,0.05911572472125335,0.07111111111111827,0.08882737408688053,-5162.732057896599,-0.003060842677119487,-0.2069357939254133,0.17279507881584008,1691102
725,12,ARUNACHAL PRADESH,SHI YOMI,-0.09842368319877311,0.07972318339101751,0.09356401384082179,0.10851211072664074,92319.68977583945,0.02774853091168461,-0.1929104190695886,0.1929104190695886,3331997
724,12,ARUNACHAL PRADESH,LEPA RADA,-0.1137408688965743,0.03254133025759403,0.04484429065743778,0.05911572472126344,-20661.89788724516,-0.021349744716026492,-0.19986159169550174,0.15378700499807765,970650
723,12,ARUNACHAL PRADESH,PAKKE KESSANG,-0.11909265667051626,0.05173394848134604,0.06299115724721116,0.07535563244905079,-27789.605667354706,-0.011611260054504241,-0.2519646289888504,0.14769703960015382,2399368
677,12,ARUNACHAL PRADESH,KRA DAADI,-0.08882737408688343,0.07535563244905533,0.08882737408688432,0.10340638216071027,44266.35317590098,0.019902274239629356,-0.17279507881584008,0.2069357939254133,2229870
678,12,ARUNACHAL PRADESH,NAMSAI,-0.14173010380623793,-0.03254133025759383,-0.017777777777778357,-9.38793013093208E-4,-130258.5172367394,-0.07706616596101111,-0.28444444444444444,0.1085121107266436,1693784
718,12,ARUNACHAL PRADESH,KAMLE,-0.11909265667051563,0.059115724721250616,0.07535563244904518,0.08882737408688313,-9350.765847085891,-0.0053811674200362715,-0.2519646289888504,0.16633602460592078,1742339
232,12,ARUNACHAL PRADESH,EAST SIANG,-0.16000000000000206,-0.004499951072993165,0.01574778931180287,0.03844675124951952,-151361.22338907907,-0.07129823321638772,-0.28444444444444444,0.15378700499807765,2127307
666,12,ARUNACHAL PRADESH,LONGDING,-0.1301653210303767,0.024605920799691212,0.04822760476739948,0.06698961937716352,-58551.48193389038,-0.050014683844859305,-0.1929104190695886,0.16000000000000003,1174145
616,18,ASSAM,BAKSA,-0.15378700499808676,-0.02977316416762995,-0.022206843521721642,-0.010396001537870223,-234331.5287082411,-0.07693640372904943,-0.3014225297962323,0.07972318339100345,3055457
280,18,ASSAM,BARPETA,-0.20693579392540254,-0.019930795847753303,-0.006856581200502933,0.006793859087406606,-214943.4496147356,-0.07541070214141238,-0.28444444444444444,0.08882737408688965,2859045
705,18,ASSAM,BISWANATH,-0.19291041906958317,-0.019930795847752664,-0.006849938581554006,0.006802682840304884,-180283.02053945785,-0.06496931768849977,-0.2679584775086506,0.11374086889657825,2780367
281,18,ASSAM,BONGAIGAON,-0.19986159169549866,-0.029773164167628673,-0.01574778931180283,-0.002657593173165458,-117769.85909626019,-0.0846334756690173,-0.31009611687812383,0.07111111111111111,1397646
282,18,ASSAM,CACHAR,-0.14173010380622592,-0.008858131487889921,0.010396001537870276,0.029773164167627302,-290076.0280749833,-0.06236062336556466,-0.2599000384467512,0.16633602460592078,4659875
708,18,ASSAM,CHARAIDEO,-0.13016532103036932,-0.044844290657449846,-0.03254133025759427,-0.019930795847750628,-97515.86223689215,-0.076858621717075,-0.2069357939254133,0.11909265667051133,1273387
612,18,ASSAM,CHIRANG,-0.1663360246058612,-0.03844675124952197,-0.02712802768166097,-0.013840830449826876,-213887.07860614185,-0.08956191070378249,-0.2679584775086506,0.07111111111111111,2393821
283,18,ASSAM,DARRANG,-0.20693579392541994,-0.006846794674972136,0.006811245980965008,0.01993079584775083,-124013.36340559057,-0.06284569227353048,-0.2761399461745483,0.1085121107266436,1980527
284,18,ASSAM,DHEMAJI,-0.15999999999999948,-0.013840830449827148,0.0026348223970990422,0.022206843521722416,-179809.98492311302,-0.05763473811151417,-0.2599000384467512,0.14769703960015382,3127982
285,18,ASSAM,DHUBRI,-0.18608227604767147,0.002636029882898904,0.013840830449827491,0.0271280276816611,-109059.27426665541,-0.052871975468381446,-0.2761399461745483,0.11374086889657825,2073149
286,18,ASSAM,DIBRUGARH,-0.19291041906957812,-0.03543252595155389,-0.019930795847752307,0.002634571638411437,-331009.8067658988,-0.07796575091141429,-0.2761399461745483,0.1085121107266436,4254504
299,18,ASSAM,DIMA HASAO,-0.13016532103034612,0.004486474411207068,0.024605920799691913,0.04484429065743862,-330195.90687044105,-0.054745354537590635,-0.2599000384467512,0.16000000000000003,6041285
287,18,ASSAM,GOALPARA,-0.1793771626297538,-0.008858131487889618,0.006811353617373043,0.024605920799692725,-148307.3627516916,-0.06107591023670049,-0.28444444444444444,0.10340638216070744,2434900
288,18,ASSAM,GOLAGHAT,-0.13588619761630158,-0.013840830449826843,-9.322422660568126E-4,0.013840830449826974,-241515.49231734435,-0.0600962986334593,-0.2599000384467512,0.11909265667051133,4029611
289,18,ASSAM,HAILAKANDI,-0.13016532103036743,-0.017777777777779436,-0.004494570391254432,0.010396001537870235,-98216.3368861035,-0.06024653378862991,-0.2599000384467512,0.14173010380622836,1635070
709,18,ASSAM,HOJAI,-0.1301653210303633,0.002636878515192954,0.012056901191848317,0.02460592079969257,-83033.42889746185,-0.045954415782810246,-0.2679584775086506,0.13016532103037293,1811736
290,18,ASSAM,JORHAT,-0.1301653210303773,-0.027128027681663183,-0.017777777777778912,-0.004501005235967727,-147857.7649883768,-0.06346787862774143,-0.2679584775086506,0.12456747404844293,2335717
618,18,ASSAM,KAMRUP METRO,-0.1663360246059247,-0.024605920799692652,-0.002654563462753545,0.01993079584775088,-101527.61923552853,-0.08404120385115413,-0.29287197231833906,0.13016532103037293,1212134
291,18,ASSAM,KAMRUP RURAL,-0.16000000000000433,-0.022206843521721382,-0.010396001537870282,0.0026343089790052776,-280842.81871709717,-0.0723568596442483,-0.29287197231833906,0.10340638216070744,3891403
292,18,ASSAM,KARBI ANGLONG,-0.13016532103035056,-0.012056901191849238,0.0026385903391884205,0.02220684352172236,-580474.3072498931,-0.06375109718790982,-0.24415224913494812,0.13588619761630144,9120022
293,18,ASSAM,KARIMGANJ,-0.1600000000000034,-0.02712802768166269,-0.013840830449827498,0.0026410397295273695,-168068.65201319908,-0.07554663677521462,-0.2519646289888504,0.14173010380622836,2229526
294,18,ASSAM,KOKRAJHAR,-0.14173010380622383,-0.029773164167630595,-0.017777777777778815,-0.0026541328648072935,-285919.68625854386,-0.07385621501621621,-0.2679584775086506,0.12456747404844293,3879174
295,18,ASSAM,LAKHIMPUR,-0.1358861976162994,-0.012056901191849633,-9.273162489239599E-4,0.01384083044982672,-218445.28503461246,-0.0581529381573435,-0.2599000384467512,0.11909265667051133,3763908
706,18,ASSAM,MAJULI,-0.2141330257593294,-0.01384083044982678,8.994056995583619E-4,0.01993079584775105,-107849.33365175227,-0.06785181737472078,-0.2761399461745483,0.08882737408688965,1595085
296,18,ASSAM,MARIGAON,-0.18608227604767158,0.012056901191848738,0.02712802768166105,0.04484429065743791,-103887.40621880733,-0.055248621826756654,-0.2761399461745483,0.11909265667051133,1884753
297,18,ASSAM,NAGAON,-0.14769703960016367,-0.008858131487889928,0.006813723603653979,0.029773164167626848,-202039.58205847227,-0.0629374936424762,-0.28444444444444444,0.13588619761630144,3221993
298,18,ASSAM,NALBARI,-0.17279507881584277,-0.024605920799691674,-0.012056901191848851,8.801998674108258E-4,-91482.50293692212,-0.07027053018993512,-0.2679584775086506,0.10340638216070744,1306375
300,18,ASSAM,SIBSAGAR,-0.13588619761629933,-0.03844675124952143,-0.027128027681660997,-0.015747789311802863,-150055.8272115482,-0.07353450169913689,-0.2599000384467512,0.09356401384083046,2046198
301,18,ASSAM,SONITPUR,-0.18608227604767136,-0.015747789311802794,-0.004502156457031047,0.012056901191849122,-248695.55627036066,-0.06622799403794434,-0.28444444444444444,0.12456747404844293,3761187
707,18,ASSAM,SOUTH SALMARA MANCACHAR,-0.2214532871972344,8.939443195957917E-4,0.013840830449826782,0.032541330257593544,-45337.246289903436,-0.06520104806446882,-0.2761399461745483,0.13016532103037293,699403
302,18,ASSAM,TINSUKIA,-0.1599999999999972,-0.04484429065745083,-0.03254133025759052,-0.013840830449827085,-421184.4177829349,-0.08780418459984463,-0.28444444444444444,0.1085121107266436,4805197
617,18,ASSAM,UDALGURI,-0.1358861976163204,-0.01384083044982581,-9.403525160229778E-4,0.015747789311802863,-148690.2528162116,-0.059092805078021136,-0.2679584775086506,0.11374086889657825,2524545
710,18,ASSAM,WEST KARBI ANGLONG,-0.13016532103035222,-0.01205690119184897,0.004479036627417356,0.022206843521721982,-230905.30235566874,-0.06060066772004523,-0.2599000384467512,0.14173010380622836,3818912
188,10,BIHAR,ARARIA,-0.09842368319876478,0.048227604767388466,0.05911572472125278,0.06698961937716723,22440.352343263537,0.006468482793278704,-0.2069357939254133,0.13588619761630144,3476505
611,10,BIHAR,ARWAL,-0.05173394848135327,0.0984236831987514,0.10340638216072726,0.11374086889657435,48754.84062207497,0.06199123331230985,-0.2069357939254133,0.16633602460592078,790200
189,10,BIHAR,AURANGABAD,-0.05536332179930884,0.10851211072656759,0.11909265667053152,0.12456747404846429,296967.2143153124,0.07307163886725611,-0.21413302575932336,0.2069357939254133,4071463
190,10,BIHAR,BANKA,-0.07972318339100634,0.05536332179931993,0.06698961937717396,0.07535563244904415,38073.057552889164,0.010231053198239774,-0.2069357939254133,0.15378700499807765,3727975
191,10,BIHAR,BEGUSARAI,-0.13016532103037,0.09842368319876381,0.119092656670522,0.13588619761630336,54099.79419876583,0.022749576990220524,-0.2364628988850442,0.19986159169550174,2385201
200,10,BIHAR,KAIMUR,-0.09356401384082252,0.13016532103030415,0.13588619761620674,0.1476970396001778,230456.88758885997,0.05555026587407439,-0.17279507881584008,0.21413302575932336,4155971
192,10,BIHAR,BHAGALPUR,-0.14769703960015576,0.0553633217992999,0.0669896193771703,0.07972318339100865,-11177.854886496816,-0.0035435081502835646,-0.2364628988850442,0.15378700499807765,3161985
193,10,BIHAR,BHOJPUR,-0.07111111111111028,0.11909265667053813,0.13016532103033862,0.13588619761631673,224147.916220176,0.0758961615523797,-0.24415224913494812,0.22145328719723184,2959033
194,10,BIHAR,BUXAR,-0.051733948481353494,0.13016532103032008,0.14173010380622417,0.14769703960016684,197608.31171558273,0.09399914340190955,-0.22145328719723184,0.19986159169550174,2107650
195,10,BIHAR,DARBHANGA,-0.09356401384082723,0.09356401384087489,0.10340638216073603,0.11374086889658887,120385.04888113993,0.03849849669629746,-0.21413302575932336,0.16633602460592078,3135810
196,10,BIHAR,GAYA,-0.07535563244905881,0.10340638216074219,0.10851211072665105,0.11909265667052303,319852.9491366128,0.05241022894108336,-0.22145328719723184,0.186082276047674,6114662
197,10,BIHAR,GOPALGANJ,-0.07535563244905938,0.11374086889654503,0.12456747404847977,0.13588619761635667,137326.7379301193,0.05413528755737871,-0.24415224913494812,0.186082276047674,2543564
199,10,BIHAR,JAHANABAD,-0.06299115724721153,0.0888273740868716,0.09842368319876615,0.10851211072663951,60340.22398936261,0.05222383762771004,-0.19986159169550174,0.16000000000000003,1159636
198,10,BIHAR,JAMUI,-0.10340638216071245,0.06698961937717449,0.07972318339101561,0.08882737408688858,47503.4091449675,0.012463415177947142,-0.2288965782391388,0.186082276047674,3819342
201,10,BIHAR,KATIHAR,-0.13588619761630122,0.0384467512495136,0.04822760476739423,0.0629911572472112,-72146.18589810727,-0.01916367915627074,-0.2519646289888504,0.12456747404844293,3773694
202,10,BIHAR,KHAGARIA,-0.11909265667051432,0.08421376393696338,0.09842368319877402,0.11374086889657392,40536.37160779358,0.02196729284652294,-0.2288965782391388,0.17279507881584008,1851170
203,10,BIHAR,KISHANGANJ,-0.1301653210303749,0.013840830449826012,0.022206843521720778,0.03254133025759132,-79754.8012477329,-0.033217308078909186,-0.2364628988850442,0.09842368319876971,2408235
204,10,BIHAR,LAKHISARAI,-0.10851211072665308,0.08421376393696418,0.09356401384082383,0.1085121107266415,38280.43418665999,0.025435973693680024,-0.21413302575932336,0.17937716262975778,1509373
205,10,BIHAR,MADHEPURA,-0.1034063821607048,0.0629911572472328,0.07535563244906843,0.08421376393696216,20021.126636378405,0.008935474983514855,-0.2069357939254133,0.14769703960015382,2247230
206,10,BIHAR,MADHUBANI,-0.08421376393694624,0.07972318339098404,0.08882737408688086,0.0984236831987653,133292.19987500628,0.03055964757762711,-0.2288965782391388,0.16000000000000003,4370352
207,10,BIHAR,MUNGER,-0.14769703960015254,0.05536332179931683,0.06299115724722318,0.07535563244904715,-31087.863801397427,-0.01785413520272242,-0.2364628988850442,0.14769703960015382,1746408
208,10,BIHAR,MUZAFFARPUR,-0.09842368319877311,0.07972318339101693,0.08882737408687491,0.1034063821607208,81499.43678177813,0.020628852262516595,-0.2599000384467512,0.16000000000000003,3958875
209,10,BIHAR,NALANDA,-0.08421376393694334,0.10340638216074008,0.11374086889657324,0.12456747404846455,169006.8850365829,0.057842942305505636,-0.2364628988850442,0.186082276047674,2929383
210,10,BIHAR,NAWADA,-0.09842368319876871,0.09356401384088066,0.10340638216073589,0.11374086889658254,109872.42203240344,0.03586253238998153,-0.2519646289888504,0.17937716262975778,3071041
211,10,BIHAR,PASHCHIMI CHAMPARAN,-0.08421376393694611,0.07972318339097392,0.09356401384086127,0.10340638216072463,215989.7377017904,0.03297136610888692,-0.3014225297962323,0.17279507881584008,6560379
212,10,BIHAR,PATNA,-0.1301653210303707,0.09842368319875537,0.10851211072666654,0.11909265667052926,144981.35037315197,0.03672161736654965,-0.2679584775086506,0.186082276047674,3959090
213,10,BIHAR,PURBI CHAMPARAN,-0.08421376393694831,0.09356401384088467,0.10340638216074055,0.10851211072666449,183613.10612443683,0.037036380602069506,-0.24415224913494812,0.17937716262975778,4966698
214,10,BIHAR,PURNIA,-0.11374086889657545,0.04158400615146443,0.04822760476739429,0.05911572472126069,-16843.58313589626,-0.0042085611836823805,-0.2288965782391388,0.11909265667051133,4010639
215,10,BIHAR,ROHTAS,-0.0935640138408234,0.12456747404836045,0.13588619761627024,0.14173010380626547,297712.28078479803,0.06286280445614574,-0.2288965782391388,0.19986159169550174,4743839
216,10,BIHAR,SAHARSA,-0.12456747404843962,0.06698961937717592,0.07972318339101726,0.08882737408688605,20529.315855167468,0.009929299798605743,-0.2288965782391388,0.14769703960015382,2073256
217,10,BIHAR,SAMASTIPUR,-0.09842368319876847,0.08421376393696652,0.09842368319876699,0.10851211072664868,74557.70361120449,0.02250971418226455,-0.2288965782391388,0.17279507881584008,3321029
218,10,BIHAR,SARAN,-0.11374086889657878,0.10340638216074148,0.11374086889657886,0.12456747404846176,126946.21143070325,0.03874944574579306,-0.24415224913494812,0.17279507881584008,3282541
219,10,BIHAR,SHEIKHPURA,-0.05173394848135353,0.09356401384086067,0.09842368319876435,0.10851211072664156,50664.66384143336,0.060572865009461796,-0.2069357939254133,0.16000000000000003,840498
220,10,BIHAR,SHEOHAR,-0.09356401384083048,0.10851211072665475,0.11374086889657281,0.11909265667051054,24999.65159150075,0.0451518024814112,-0.21413302575932336,0.16000000000000003,556991
221,10,BIHAR,SITAMARHI,-0.08421376393694792,0.09842368319873576,0.10340638216073791,0.11374086889659737,119687.4224818088,0.04381016203172437,-0.22145328719723184,0.17279507881584008,2739355
222,10,BIHAR,SIWAN,-0.07535563244905956,0.11374086889656401,0.12456747404847708,0.13588619761632445,158549.38260621883,0.057435617745796586,-0.21413302575932336,0.186082276047674,2766570
223,10,BIHAR,SUPAUL,-0.13016532103037057,0.06698961937717567,0.07972318339101661,0.08882737408689326,28940.412527444354,0.009608135900054167,-0.2519646289888504,0.14769703960015382,3018897
224,10,BIHAR,VAISHALI,-0.12456747404843777,0.07111111111111945,0.08421376393696073,0.09356401384084576,13905.589194374854,0.00550811348172933,-0.24415224913494812,0.16000000000000003,2529599
044,04,CHANDIGARH,CHANDIGARH,-0.19986159169550308,-0.07535563244905871,-0.04822760476739724,-0.010396001537870042,-19211.009677775222,-0.12915514393514932,-0.2599000384467512,0.10340638216070744,150026
646,22,CHHATTISGARH,BALOD,-0.055363321799306496,0.12456747404847653,0.14173010380622178,0.16000000000000436,258614.06910036175,0.0642849650161077,-0.22145328719723184,0.2364628988850442,4030747
644,22,CHHATTISGARH,BALODA BAZAR,-0.04822760476740099,0.1137408688965817,0.12456747404846653,0.13588619761629991,328382.80399386765,0.058592317131399965,-0.21413302575932336,0.19986159169550174,5614038
649,22,CHHATTISGARH,BALRAMPUR,-0.05173394848134995,0.06698961937717453,0.07972318339101568,0.09356401384082348,158328.54214761878,0.02072991412700293,-0.24415224913494812,0.17937716262975778,7650578
374,22,CHHATTISGARH,BASTAR,-0.029773164167627666,0.09356401384087527,0.10851211072666136,0.11909265667052163,330874.94740149536,0.05184402047435369,-0.19986159169550174,0.2679584775086506,6393305
650,22,CHHATTISGARH,BEMETARA,0.004496446282967044,0.1301653210303178,0.13588619761632795,0.147697039600168,249999.89400379523,0.0929365504508696,-0.14769703960015382,0.2069357939254133,2697016
636,22,CHHATTISGARH,BIJAPUR,-0.04158400615148115,0.09842368319873633,0.11374086889659994,0.12456747404846535,486827.03006348794,0.044593117161485375,-0.1929104190695886,0.2364628988850442,10931393
375,22,CHHATTISGARH,BILASPUR,-0.05536332179930806,0.11374086889657797,0.13588619761631723,0.15378700499808687,232323.2735955587,0.05436584954087767,-0.2069357939254133,0.22145328719723184,4282196
734,22,CHHATTISGARH,GAURELA-PENDRA-MARWAHI,-0.04822760476739423,0.06299115724721417,0.07535563244904724,0.08882737408688646,53874.21620395221,0.022308457629600046,-0.1929104190695886,0.1929104190695886,2420209
376,22,CHHATTISGARH,DAKSHIN BASTAR DANTEWADA,-0.027128027681660564,0.09356401384086684,0.10851211072665855,0.1190926566705162,168702.8383376423,0.05069703759843796,-0.21413302575932336,0.2288965782391388,3336766
377,22,CHHATTISGARH,DHAMTARI,-0.07535563244904492,0.1358861976163293,0.15999999999999728,0.17279507881585102,229303.82016044325,0.04704140720396129,-0.2288965782391388,0.2288965782391388,4882863
378,22,CHHATTISGARH,DURG,-0.044844290657438036,0.11909265667053172,0.1301653210303663,0.14769703960016,202285.25442405415,0.07351122673159606,-0.1929104190695886,0.2069357939254133,2758101
645,22,CHHATTISGARH,GARIYABAND,-0.05536332179930887,0.10851211072666175,0.12456747404847036,0.14173010380622555,232056.4717541964,0.04018929420538708,-0.21413302575932336,0.21413302575932336,5784384
379,22,CHHATTISGARH,JANJGIR - CHAMPA,-0.03543252595155682,0.11909265667053362,0.13016532103034967,0.14173010380622797,405039.8740811534,0.07496601096284158,-0.19986159169550174,0.21413302575932336,5413703
380,22,CHHATTISGARH,JASHPUR,-0.038446751249520676,0.06698961937717565,0.07972318339101667,0.08882737408688265,194426.95484324417,0.02744287272451703,-0.22145328719723184,0.1929104190695886,7094864
382,22,CHHATTISGARH,KABIRDHAM,-0.07111111111111665,0.11374086889654922,0.11909265667053688,0.13016532103033499,234516.0114578186,0.046391301063929226,-0.2069357939254133,0.2069357939254133,5063228
381,22,CHHATTISGARH,UTTAR BASTAR KANKER,-0.03844675124952036,0.10851211072666274,0.12456747404846927,0.14173010380620835,475273.66320908297,0.05556525600530301,-0.2069357939254133,0.22145328719723184,8566278
643,22,CHHATTISGARH,KONDAGAON,-0.02977316416762877,0.09356401384086592,0.10340638216073109,0.11909265667051815,304099.9415558687,0.0504666922157407,-0.186082276047674,0.2364628988850442,6035251
383,22,CHHATTISGARH,KORBA,-0.07111111111111502,0.06698961937717644,0.07972318339101764,0.08882737408688487,160389.78567733633,0.020112008355134083,-0.19986159169550174,0.2069357939254133,7984432
384,22,CHHATTISGARH,KOREA,-0.06299115724721119,0.051733948481345056,0.06698961937717139,0.07972318339101175,61643.90136738857,0.007672672156101175,-0.2519646289888504,0.17279507881584008,8044955
385,22,CHHATTISGARH,MAHASAMUND,-0.05911572472126187,0.1245674740484747,0.13588619761634108,0.14769703960016944,351035.3727576954,0.061680576765654506,-0.21413302575932336,0.21413302575932336,5701522
647,22,CHHATTISGARH,MUNGELI,-0.04484429065743779,0.10851211072666513,0.11909265667052865,0.13016532103035594,161148.54045963296,0.04811511879742386,-0.2288965782391388,0.2069357939254133,3357558
637,22,CHHATTISGARH,NARAINPUR,-0.05173394848135079,0.07111111111111838,0.08421376393695705,0.09842368319876914,114865.79576997034,0.024842682375938303,-0.22145328719723184,0.1929104190695886,4632332
386,22,CHHATTISGARH,RAIGARH,-0.0669896193771671,0.09356401384086116,0.11374086889658301,0.13016532103035278,298511.6646970641,0.03516400815137251,-0.2069357939254133,0.21413302575932336,8502955
387,22,CHHATTISGARH,RAIPUR,-0.055363321799308765,0.11374086889657568,0.13016532103035935,0.14173010380623885,239473.4423772403,0.06880620500087684,-0.22145328719723184,0.2069357939254133,3486230
388,22,CHHATTISGARH,RAJ NANDGAON,-0.04822760476739568,0.1245674740484782,0.13588619761633722,0.14769703960017488,621638.6317155977,0.06437655753037758,-0.19986159169550174,0.22145328719723184,9670842
642,22,CHHATTISGARH,SUKMA,-0.012056901191848978,0.11909265667053329,0.1301653210303475,0.14173010380622938,455896.6560786475,0.07072830926698288,-0.19986159169550174,0.2364628988850442,6458280
648,22,CHHATTISGARH,SURAJPUR,-0.07111111111111773,0.0629911572472364,0.07535563244905949,0.0888273740868773,84501.5899860521,0.012735757544182012,-0.24415224913494812,0.17279507881584008,6646511
389,22,CHHATTISGARH,SURGUJA,-0.044844290657437794,0.07535563244906797,0.08882737408689241,0.09842368319876808,162968.1471939577,0.033564922694949664,-0.21413302575932336,0.2069357939254133,4864080
463,38,DADRA & NAGAR HAVELI & DAMAN & DIU,DAMAN,-0.06698961937716258,0.0669896193771625,0.07972318339100329,0.0935640138408306,408.24922975326956,0.004793463062474634,-0.16633602460592078,0.17937716262975778,86148
464,38,DADRA & NAGAR HAVELI & DAMAN & DIU,DIU,-0.07972318339100329,0.07535563244905791,0.09356401384082991,0.10851211072664341,244.3518907207553,0.0052918754147203585,-0.186082276047674,0.17279507881584008,47012
465,38,DADRA & NAGAR HAVELI & DAMAN & DIU,DADRA & NAGAR HAVELI,-0.05536332179930756,0.10340638216071743,0.11909265667051268,0.1301653210303669,25618.49498537155,0.0439258868188008,-0.12456747404844293,0.22145328719723184,587628
077,07,DELHI,CENTRAL,-0.19291041906958536,-0.03543252595155657,8.715141850443373E-4,0.02977316416762772,-15091.043381620058,-0.11150544889443145,-0.2519646289888504,0.09842368319876971,137139
078,07,DELHI,EAST,-0.20693579392541173,-0.11909265667051352,-0.10851211072664324,-0.09356401384082992,-6143.292148688654,-0.15352437084433607,-0.24415224913494812,-0.024605920799692427,40526
079,07,DELHI,NEW DELHI,-0.17937716262975256,-0.051733948481354666,-0.03254133025759355,-0.01205690119184927,-21085.039952352123,-0.10602247634280186,-0.24415224913494812,0.1085121107266436,200534
080,07,DELHI,NORTH,-0.16633602460592462,0.044844290657438154,0.05536332179930689,0.06698961937716309,-16427.80857775732,-0.04425760874454805,-0.2288965782391388,0.11374086889657825,373407
081,07,DELHI,NORTH EAST,-0.18608227604767288,-0.006842696240728971,0.01574778931180319,0.0354325259515571,-4983.475036539492,-0.1111160097128387,-0.2288965782391388,0.10340638216070744,45774
082,07,DELHI,NORTH WEST,-0.18608227604767116,0.04822760476739555,0.05911572472126256,0.07111111111110993,-12040.421220791213,-0.061642078349551856,-0.2519646289888504,0.11374086889657825,197251
671,07,DELHI,SHAHADRA,-0.20693579392541173,-0.12456747404844333,-0.1137408688965779,-0.09842368319876968,-6860.001675612389,-0.15670716231027115,-0.2599000384467512,-0.03844675124951941,44424
083,07,DELHI,SOUTH,-0.19291041906958864,-0.05173394848135435,-0.03543252595155638,-0.01993079584775082,-22800.336136409573,-0.11277559983959566,-0.2519646289888504,0.05911572472126105,203572
084,07,DELHI,SOUTH WEST,-0.1537870049980818,0.06299115724721124,0.07535563244905978,0.08882737408688968,-6963.022214258072,-0.019352900351165762,-0.22145328719723184,0.14173010380622836,362148
085,07,DELHI,WEST,-0.18608227604767108,-0.03254133025759342,0.0026573939212931534,0.027128027681660838,-18806.376979461238,-0.11251654926421456,-0.2679584775086506,0.08882737408688965,168657
670,07,DELHI,SOUTH EAST,-0.20693579392541436,-0.0888273740868897,-0.0629911572472126,-0.027128027681660852,-18046.100146213557,-0.14002990376295604,-0.28444444444444444,0.05173394848135333,130060
551,30,GOA,NORTH GOA,-0.07972318339100987,0.07111111111111852,0.08882737408688413,0.10851211072664287,16263.256888884396,0.008044056617036255,-0.17937716262975778,0.2364628988850442,2026943
552,30,GOA,SOUTH GOA,-0.07111111111111441,0.07972318339101186,0.09842368319876973,0.11909265667051747,55669.10503208752,0.024602490702143015,-0.186082276047674,0.2679584775086506,2268792
673,24,GUJARAT,MORBI,-0.055363321799306635,0.14173010380621617,0.14769703960006844,0.15999999999995232,537693.7028774371,0.089108246207508,-0.22145328719723184,0.2599000384467512,6044416
438,24,GUJARAT,AHMADABAD,-0.07535563244905509,0.15378700499800774,0.19291041906955156,0.21413302575921678,702805.7604934084,0.08015548125483504,-0.22145328719723184,0.29287197231833906,8784863
440,24,GUJARAT,ANAND,-0.04822760476739602,0.1476970396001804,0.1663360246059252,0.1998615916954855,343402.0865468863,0.08955488188735901,-0.186082276047674,0.2679584775086506,3842291
674,24,GUJARAT,DEVBHUMI DWARKA,-0.09842368319876896,0.1537870049979513,0.15999999999993794,0.17279507881585068,443343.4037619566,0.0884548535968768,-0.2519646289888504,0.2599000384467512,5023982
447,24,GUJARAT,JAMNAGAR,-0.051733948481353646,0.1476970396000899,0.159999999999971,0.16633602460588884,688556.6976295754,0.09643821348826415,-0.21413302575932336,0.2519646289888504,7153837
449,24,GUJARAT,KACHCHH,-0.1860822760476267,0.08882737408690229,0.10851211072665302,0.12456747404847146,-947788.9322593487,-0.019111466518290463,-0.2679584775086506,0.2519646289888504,49630741
443,24,GUJARAT,BHAVNAGAR,-0.06299115724721129,0.1476970396000683,0.15999999999996065,0.17279507881585068,782740.3613859009,0.09639189166677528,-0.2288965782391388,0.2761399461745483,8129986
442,24,GUJARAT,BHARUCH,-0.038446751249520086,0.14769703960015806,0.1663360246058699,0.17937716262979825,536159.8899427431,0.09045699974929453,-0.19986159169550174,0.2761399461745483,5942322
459,24,GUJARAT,SURAT,-0.051733948481350274,0.1727950788157509,0.18608227604768904,0.19986159169548398,513467.291364322,0.09888294698523316,-0.19986159169550174,0.2761399461745483,5202601
453,24,GUJARAT,NAVSARI,-0.04484429065743852,0.1358861976163457,0.14769703960017247,0.16633602460592312,192320.59992554437,0.07301777775063438,-0.1929104190695886,0.2519646289888504,2640202
462,24,GUJARAT,VALSAD,-0.0482276047673949,0.10851211072666274,0.11909265667052787,0.13016532103035872,185541.21078726777,0.0527936761741138,-0.17937716262975778,0.2288965782391388,3524114
672,24,GUJARAT,ARAVALLI,-0.08882737408688364,0.13588619761630577,0.14173010380627005,0.15378700499806336,293187.25506238133,0.07645548831417091,-0.2599000384467512,0.24415224913494812,3843076
441,24,GUJARAT,BANAS KANTHA,-0.07972318339101388,0.11909265667053881,0.1301653210303314,0.13588619761633752,943534.8537016899,0.07158845768004267,-0.22145328719723184,0.2519646289888504,13197838
668,24,GUJARAT,CHHOTA UDEPUR,-0.048227604767394905,0.12456747404847963,0.13588619761632628,0.14173010380624518,311497.6394751042,0.07470706512215625,-0.17937716262975778,0.2364628988850442,4179280
445,24,GUJARAT,DAHOD,-0.04822760476739483,0.10851211072663507,0.11909265667053054,0.12456747404846716,263717.3951085595,0.05976271179873814,-0.19986159169550174,0.2069357939254133,4420485
444,24,GUJARAT,DANGS,-0.044844290657437884,0.09356401384084778,0.10340638216072796,0.11374086889657277,78902.26955436432,0.03739669428783919,-0.16633602460592078,0.1929104190695886,2115144
675,24,GUJARAT,GIR SOMNATH,-0.0415840061514808,0.14769703960013564,0.1537870049980226,0.1663360246059227,298889.2376210243,0.09454492585158733,-0.2069357939254133,0.2519646289888504,3168667
448,24,GUJARAT,JUNAGADH,-0.1034063821607224,0.14173010380628007,0.15378700499799458,0.16633602460586144,484776.49375451903,0.06580022184134691,-0.19986159169550174,0.2599000384467512,7380122
669,24,GUJARAT,MAHISAGAR,-0.05911572472126452,0.12456747404847617,0.13588619761633688,0.1476970396001635,209744.41601254826,0.06877439532650327,-0.21413302575932336,0.24415224913494812,3057162
452,24,GUJARAT,NARMADA,-0.05173394848134749,0.12456747404847351,0.13588619761631804,0.14769703960016295,214560.18731176236,0.06333740988988772,-0.14769703960015382,0.24415224913494812,3395262
454,24,GUJARAT,PANCH MAHALS,-0.04822760476739398,0.12456747404847592,0.1301653210303319,0.14769703960017114,292787.706610258,0.07367607699683283,-0.19986159169550174,0.2519646289888504,3982812
458,24,GUJARAT,SABAR KANTHA,-0.09842368319877151,0.11909265667053537,0.13016532103032555,0.14173010380620804,260204.05960361284,0.05026841510189759,-0.2364628988850442,0.21413302575932336,5187838
641,24,GUJARAT,TAPI,-0.059115724721250644,0.14769703960015695,0.15999999999997397,0.1727950788158508,267544.98947895644,0.07113548475317749,-0.15378700499807765,0.2599000384467512,3771978
461,24,GUJARAT,VADODARA,-0.029773164167627722,0.1358861976163265,0.14769703960017147,0.16633602460592486,434617.3268735517,0.08802866925257581,-0.19986159169550174,0.2761399461745483,4946678
439,24,GUJARAT,AMRELI,-0.051733948481353285,0.135886197616306,0.14769703960016858,0.15378700499806974,788946.1133277576,0.08991099884823213,-0.19986159169550174,0.24415224913494812,8788427
456,24,GUJARAT,PORBANDAR,-0.12456747404843964,0.14769703960014272,0.1599999999999855,0.1727950788158505,199341.26512287636,0.07170423023431167,-0.2288965782391388,0.2599000384467512,2788240
457,24,GUJARAT,RAJKOT,-0.038446751249520184,0.14769703960008854,0.15378700499799883,0.1663360246058716,920630.3271594142,0.09940988814214252,-0.2069357939254133,0.2599000384467512,9279397
460,24,GUJARAT,SURENDRANAGAR,-0.05911572472126301,0.13588619761631068,0.14769703960011607,0.1599999999999697,934946.8387509983,0.08416952366582914,-0.22145328719723184,0.2679584775086506,11127032
676,24,GUJARAT,BOTAD,0.004486027222577263,0.14769703960011654,0.159999999999988,0.1663360246058958,332733.72230351344,0.11135515700953921,-0.186082276047674,0.24415224913494812,2995174
450,24,GUJARAT,KHEDA,-0.0026523603274677694,0.1476970396001708,0.16633602460590574,0.19986159169548598,424092.3102021691,0.10172821781233178,-0.1929104190695886,0.2679584775086506,4177913
451,24,GUJARAT,MAHESANA,-0.02586694569335525,0.13588619761631718,0.14173010380624687,0.1537870049980883,506290.38969017146,0.09407707771509734,-0.24415224913494812,0.2599000384467512,5393193
446,24,GUJARAT,GANDHINAGAR,-0.019930795847751037,0.13016532103032402,0.1417301038062247,0.14769703960016867,226746.81276063027,0.0887449881124528,-0.19986159169550174,0.2519646289888504,2563098
455,24,GUJARAT,PATAN,-0.048227604767396896,0.12456747404847894,0.13016532103033004,0.1417301038062429,551940.983343889,0.07822469271637662,-0.24415224913494812,0.2288965782391388,7069966
058,06,HARYANA,AMBALA,-0.11374086889657356,0.07111111111111956,0.07972318339101611,0.09356401384082276,30529.10058931095,0.015611510670585919,-0.21413302575932336,0.15378700499807765,1963507
059,06,HARYANA,BHIWANI,-0.05911572472126191,0.08882737408690135,0.0984236831987525,0.10340638216072622,232968.2021949912,0.05563950834564301,-0.19986159169550174,0.16000000000000003,4194676
060,06,HARYANA,FARIDABAD,-0.16633602460592517,0.051733948481347165,0.05911572472126288,0.07111111111111361,-35286.51984600829,-0.037455061723693964,-0.2679584775086506,0.11374086889657825,945230
061,06,HARYANA,FATEHABAD,-0.051733948481354056,0.08882737408684527,0.0935640138408157,0.10340638216073553,180581.47958196737,0.05573411306471307,-0.2069357939254133,0.16000000000000003,3246738
062,06,HARYANA,GURUGRAM,-0.15378700499808826,0.06698961937717332,0.0797231833910155,0.09356401384082266,-22700.332979645267,-0.014331317112701174,-0.2364628988850442,0.15378700499807765,1589083
063,06,HARYANA,HISAR,-0.06698961937716338,0.0935640138408256,0.09842368319877734,0.108512110726656,300093.7571019862,0.05764942902170478,-0.19986159169550174,0.16000000000000003,5213950
064,06,HARYANA,JHAJJAR,-0.0984236831987662,0.09356401384086248,0.09842368319873933,0.10851211072665486,113703.2312387811,0.048153026419002334,-0.22145328719723184,0.17937716262975778,2367667
065,06,HARYANA,JIND,-0.07972318339100423,0.093564013840845,0.09842368319874847,0.10340638216073385,209908.49957705452,0.060048970378352134,-0.21413302575932336,0.16000000000000003,3503951
066,06,HARYANA,KAITHAL,-0.0888273740868896,0.08421376393697387,0.08882737408687622,0.0984236831987678,137119.51923973043,0.04692123493062547,-0.2519646289888504,0.14173010380622836,2929802
067,06,HARYANA,KARNAL,-0.09842368319876922,0.07535563244905996,0.08421376393697033,0.09356401384085859,88875.94068979414,0.02795244115038073,-0.2364628988850442,0.15378700499807765,3186602
068,06,HARYANA,KURUKSHETRA,-0.09842368319876571,0.07972318339096371,0.08882737408689845,0.09842368319875332,59085.846879134144,0.027370802377325927,-0.24415224913494812,0.16000000000000003,2164099
069,06,HARYANA,MAHENDRAGARH,-0.09842368319877183,0.0842137639369701,0.08882737408687028,0.09842368319876231,94983.62340083481,0.038810391107901784,-0.21413302575932336,0.15378700499807765,2455293
604,06,HARYANA,MEWAT,-0.13588619761630008,0.07535563244905605,0.08421376393695595,0.09356401384082397,34703.11374855331,0.01813630449242468,-0.2288965782391388,0.14769703960015382,1920287
619,06,HARYANA,PALWAL,-0.09356401384082759,0.07972318339101732,0.0888273740868839,0.09842368319877379,50339.45324301408,0.029294121323157514,-0.2519646289888504,0.15378700499807765,1723336
070,06,HARYANA,PANCHKULA,-0.19291041906957293,0.032541330257592135,0.04822760476739541,0.06299115724721123,-96410.14020462916,-0.08445872893809686,-0.2761399461745483,0.13588619761630144,1145979
071,06,HARYANA,PANIPAT,-0.11909265667050974,0.07972318339101943,0.08421376393696581,0.09356401384082208,41961.74898811613,0.025179627964511817,-0.2599000384467512,0.15378700499807765,1670732
072,06,HARYANA,REWARI,-0.10340638216070516,0.07535563244905623,0.0842137639369541,0.09356401384082437,63463.00273462795,0.03227516551895368,-0.2069357939254133,0.15378700499807765,1972079
073,06,HARYANA,ROHTAK,-0.10340638216070423,0.093564013840878,0.09842368319874577,0.10340638216072756,110180.08217424233,0.05182981378637375,-0.22145328719723184,0.17937716262975778,2130843
074,06,HARYANA,SIRSA,-0.04822760476739672,0.0935640138408469,0.09842368319875845,0.1085121107266598,344481.727092685,0.06287131564129789,-0.19986159169550174,0.16000000000000003,5487960
075,06,HARYANA,SONIPAT,-0.10340638216070938,0.08421376393697547,0.08882737408689162,0.09842368319874954,99403.75450903366,0.035747773681315716,-0.2364628988850442,0.17279507881584008,2786505
076,06,HARYANA,YAMUNANAGAR,-0.14173010380623535,0.04484429065745357,0.05536332179930081,0.06698961937716703,-29546.88907354776,-0.013309500691234537,-0.24415224913494812,0.12456747404844293,2225647
701,06,HARYANA,CHARKHI DADRI,-0.0711111111111098,0.09356401384087247,0.10340638216073368,0.1085121107266547,100854.15879216672,0.0574139709321727,-0.1929104190695886,0.17279507881584008,1761774
015,02,HIMACHAL PRADESH,BILASPUR,-0.20693579392539563,-0.07535563244904964,-0.051733948481352515,-0.019930795847751016,-198485.1568514985,-0.13041633343298403,-0.28444444444444444,0.11374086889657825,1527049
016,02,HIMACHAL PRADESH,CHAMBA,-0.15378700499807998,0.03254133025759188,0.055363321799304255,0.08421376393694395,-294969.1728191162,-0.03420808599427968,-0.29287197231833906,0.2069357939254133,8634536
017,02,HIMACHAL PRADESH,HAMIRPUR,-0.1998615916954855,-0.04822760476739349,-0.015747789311802863,0.015747789311802908,-176312.15696491132,-0.12071288548581245,-0.3188927335640138,0.11374086889657825,1464411
018,02,HIMACHAL PRADESH,KANGRA,-0.18608227604768993,0.01205690119184886,0.03254133025759134,0.055363321799309764,-636972.5385939517,-0.08432543511838413,-0.31009611687812383,0.17937716262975778,7565612
020,02,HIMACHAL PRADESH,KULLU,-0.17937716262978007,0.027128027681663225,0.044844290657442255,0.06698961937716427,-298308.97003029945,-0.04141683795875301,-0.28444444444444444,0.17937716262975778,7211360
022,02,HIMACHAL PRADESH,MANDI,-0.1929104190695732,0.0246059207996924,0.05173394848134732,0.08421376393695633,-402549.79656707053,-0.07785498831480642,-0.29287197231833906,0.2069357939254133,5177402
023,02,HIMACHAL PRADESH,SHIMLA,-0.18608227604770097,0.04822760476739712,0.07111111111111747,0.09842368319876603,-328499.1997122501,-0.049188791845573995,-0.28444444444444444,0.2069357939254133,6689722
024,02,HIMACHAL PRADESH,SIRMAUR,-0.18608227604770491,-0.019930795847752363,0.006822907751819559,0.035432525951558824,-340973.51000787225,-0.09307723782375549,-0.2761399461745483,0.15378700499807765,3670428
025,02,HIMACHAL PRADESH,SOLAN,-0.1998615916954866,-0.029773164167626986,8.941862212937447E-4,0.032541330257592566,-277534.44855681714,-0.11020184490110133,-0.28444444444444444,0.13588619761630144,2524974
026,02,HIMACHAL PRADESH,UNA,-0.18608227604769817,0.002640952689652297,0.02977316416762733,0.04822760476739344,-186892.50878259324,-0.09263239884925786,-0.29287197231833906,0.11909265667051133,2022495
019,02,HIMACHAL PRADESH,KINNAUR,-0.11909265667051863,0.002639736303366747,0.015747789311802804,0.032541330257593586,-356952.7029516809,-0.04195212890810456,-0.2364628988850442,0.186082276047674,8518904
021,02,HIMACHAL PRADESH,LAHUL & SPITI,-0.10851211072665165,-0.004500687423996275,0.006805728097882289,0.017777777777778957,-824183.1334089516,-0.044705470244785,-0.21413302575932336,0.10340638216070744,18455211
,01,JAMMU & KASHMIR,MIRPUR,-0.1998615916954861,-0.012056901191848707,0.013840830449826907,0.038446751249519635,-483891.27220894845,-0.10022440529513282,-0.28444444444444444,0.16000000000000003,4837249
,01,JAMMU & KASHMIR,MUZAFFARABAD,-0.16633602460592142,0.04158400615148125,0.07111111111111745,0.09842368319876502,-231196.20424432325,-0.03559114537090732,-0.29287197231833906,0.2288965782391388,6508506
010,01,JAMMU & KASHMIR,PUNCH,-0.18608227604770172,0.02586738714414548,0.055363321799308564,0.08421376393694692,-364563.86608744477,-0.06405071176441508,-0.29287197231833906,0.21413302575932336,5700333
001,01,JAMMU & KASHMIR,ANANTNAG,-0.1663360246058921,0.059115724721261066,0.08421376393695226,0.10851211072664929,-108024.46080900835,-0.02952115966206333,-0.2599000384467512,0.1929104190695886,3666744
003,01,JAMMU & KASHMIR,BARAMULA,-0.18608227604770317,0.05536332179930554,0.08421376393694416,0.11374086889657486,-141382.69186088647,-0.050903609330847616,-0.3014225297962323,0.21413302575932336,2783290
007,01,JAMMU & KASHMIR,KATHUA,-0.1860822760477061,0.048227604767398395,0.06698961937716456,0.08421376393694495,-198163.9137618373,-0.0598998906442928,-0.31009611687812383,0.22145328719723184,3314635
014,01,JAMMU & KASHMIR,UDHAMPUR,-0.17937716262978845,0.06299115724721113,0.08882737408689154,0.11374086889657484,-147833.15098615485,-0.048832048780793696,-0.2679584775086506,0.22145328719723184,3033474
002,01,JAMMU & KASHMIR,BADGAM,-0.1793771626297839,0.00885813148788943,0.044844290657438106,0.08421376393694491,-118827.82704967455,-0.07078682026246917,-0.2519646289888504,0.17937716262975778,1682823
623,01,JAMMU & KASHMIR,BANDIPURA,-0.13588619761630458,0.0157477893118028,0.03844675124952139,0.06698961937717006,-225194.66828992777,-0.04114396823394041,-0.24415224913494812,0.2069357939254133,5482179
626,01,JAMMU & KASHMIR,GANDERBAL,-0.15378700499808753,0.0246059207996926,0.04484429065744107,0.06698961937716506,-83602.3569555292,-0.03825834150447481,-0.2519646289888504,0.17937716262975778,2192068
622,01,JAMMU & KASHMIR,KULGAM,-0.17279507881585032,0.019930795847751717,0.04484429065743814,0.07972318339100408,-91980.86476760892,-0.05432574322733502,-0.2679584775086506,0.2069357939254133,1698369
008,01,JAMMU & KASHMIR,KUPWARA,-0.14769703960016903,0.09356401384083596,0.11909265667052671,0.14173010380622827,-38261.50244476069,-0.010308863064776809,-0.2599000384467512,0.2288965782391388,3717596
011,01,JAMMU & KASHMIR,PULWAMA,-0.17937716262976242,0.02220684352172114,0.038446751249520565,0.05911572472126229,-82731.08316877385,-0.06868468055334791,-0.2599000384467512,0.17279507881584008,1208381
012,01,JAMMU & KASHMIR,RAJAURI,-0.1727950788158496,0.027128027681660213,0.051733948481351454,0.0797231833910037,-207472.69962780393,-0.0590316325548068,-0.2761399461745483,0.2069357939254133,3521026
621,01,JAMMU & KASHMIR,RAMBAN,-0.17937716262975553,0.051733948481349996,0.07972318339100631,0.10851211072664693,-78192.20859408603,-0.04549493434124475,-0.28444444444444444,0.22145328719723184,1722238
627,01,JAMMU & KASHMIR,RIASI,-0.17937716262978284,0.022206843521721198,0.04484429065744048,0.06698961937716202,-160880.5789817576,-0.062457436010304894,-0.2761399461745483,0.19986159169550174,2582725
625,01,JAMMU & KASHMIR,SHUPIYAN,-0.17937716262975295,-0.012056901191849392,0.029773164167628458,0.07111111111110985,-61492.31259746799,-0.09075083529480352,-0.24415224913494812,0.17279507881584008,681043
013,01,JAMMU & KASHMIR,SRINAGAR,-0.1998615916954926,-0.03254133025759359,-0.010396001537870176,0.0068234844096913844,-42211.9816994485,-0.11149084160744496,-0.2679584775086506,0.10340638216070744,381957
620,01,JAMMU & KASHMIR,KISHTWAR,-0.11909265667051815,0.024605920799692805,0.04822760476739602,0.07972318339101041,-335185.1071628305,-0.03066608280068659,-0.2519646289888504,0.2069357939254133,10942149
004,01,JAMMU & KASHMIR,DODA,-0.1537870049980888,0.09356401384082834,0.1137408688965809,0.1358861976162981,-24738.637858179456,-0.007720187435618058,-0.2761399461745483,0.2288965782391388,3210495
624,01,JAMMU & KASHMIR,SAMBA,-0.18608227604769162,0.05911572472125164,0.07111111111111958,0.07972318339101471,-70690.21095109123,-0.05758116338952662,-0.24415224913494812,0.12456747404844293,1231705
005,01,JAMMU & KASHMIR,JAMMU,-0.18608227604769717,0.05911572472124368,0.07111111111112034,0.08421376393696411,-182230.20978126314,-0.05699763960782569,-0.2761399461745483,0.14173010380622836,3204791
322,20,JHARKHAND,BOKARO,-0.0935640138408232,0.029773164167631486,0.04158400615148128,0.05173394848135174,-31057.5377458417,-0.008849073363423597,-0.22145328719723184,0.14173010380622836,3518062
323,20,JHARKHAND,CHATRA,-0.06698961937716474,0.07535563244906465,0.08882737408687866,0.10340638216072123,103961.58781836451,0.022329078455187293,-0.2364628988850442,0.17937716262975778,4666877
325,20,JHARKHAND,DHANBAD,-0.09356401384082455,0.02220684352171898,0.03254133025758892,0.04158400615148118,-39533.08850372434,-0.015899484932120022,-0.2288965782391388,0.11909265667051133,2490976
324,20,JHARKHAND,DEOGHAR,-0.06698961937716212,0.03844675124951743,0.04822760476740245,0.059115724721264744,9480.518895683037,0.003113807528567623,-0.2288965782391388,0.14173010380622836,3050828
326,20,JHARKHAND,DUMKA,-0.10851211072664423,0.017777777777779696,0.02977316416762984,0.04158400615148116,-99075.158806071,-0.021511412395829755,-0.2364628988850442,0.12456747404844293,4613615
328,20,JHARKHAND,GARHWA,-0.07111111111111566,0.08882737408689309,0.09842368319874596,0.11374086889658935,147577.00058304192,0.029423156122158973,-0.2364628988850442,0.17937716262975778,5023969
329,20,JHARKHAND,GIRIDIH,-0.07111111111111505,0.0517339484813448,0.06299115724721141,0.07535563244904712,66275.10001923081,0.010903139283455487,-0.2069357939254133,0.1929104190695886,6087886
330,20,JHARKHAND,GODDA,-0.08421376393695072,0.055363321799330366,0.06698961937717694,0.07535563244908225,3303.095160462026,0.0011763359090006017,-0.17937716262975778,0.14769703960015382,2814180
331,20,JHARKHAND,GUMLA,-0.032541330257592004,0.07535563244907416,0.08882737408687456,0.09842368319877305,222891.42919859802,0.03426434738356022,-0.1929104190695886,0.19986159169550174,6516036
332,20,JHARKHAND,HAZARIBAGH,-0.08421376393694677,0.044844290657449784,0.055363321799303464,0.07111111111111605,-14062.73274803082,-0.0026523784301363015,-0.2364628988850442,0.16000000000000003,5315097
333,20,JHARKHAND,JAMTARA,-0.07535563244905583,0.029773164167632704,0.04158400615147901,0.05173394848134875,-9261.155798485794,-0.004194337243504569,-0.2069357939254133,0.14769703960015382,2214404
606,20,JHARKHAND,KHUNTI,-0.06299115724721123,0.06299115724724219,0.07535563244905949,0.08882737408689127,53003.67693457585,0.016580444605737963,-0.17279507881584008,0.17279507881584008,3204257
334,20,JHARKHAND,KODARMA,-0.08882737408688277,0.048227604767397354,0.0629911572472112,0.07535563244905974,-11691.570339858445,-0.00581744395180637,-0.24415224913494812,0.16000000000000003,2016064
335,20,JHARKHAND,LATEHAR,-0.04158400615148117,0.0711111111111201,0.08421376393696159,0.09356401384082307,140910.6960779871,0.027243061071590604,-0.19986159169550174,0.186082276047674,5182155
336,20,JHARKHAND,LOHARDAGA,-0.035432525951558096,0.07972318339101923,0.08882737408687501,0.10340638216071638,69232.05060461577,0.037763535094,-0.186082276047674,0.186082276047674,1838361
337,20,JHARKHAND,PAKUR,-0.09356401384082412,0.035432525951553356,0.04822760476739623,0.0629911572472113,-24166.63786037564,-0.01093633848075522,-0.1929104190695886,0.15378700499807765,2216228
338,20,JHARKHAND,PALAMU,-0.06299115724721129,0.09356401384087719,0.1034063821607365,0.11374086889658651,211391.20039059006,0.039089990858818466,-0.22145328719723184,0.1929104190695886,5416996
343,20,JHARKHAND,WEST SINGHBHUM,-0.06698961937716773,0.055363321799313824,0.06698961937717347,0.07535563244904707,92766.96744229799,0.010633749108489866,-0.2364628988850442,0.17937716262975778,8734513
327,20,JHARKHAND,EAST SINGHBHUM,-0.1085121107266487,0.05173394848134503,0.06299115724722777,0.07535563244904853,-10201.036194146007,-0.0023731911134570005,-0.21413302575932336,0.17279507881584008,4306723
607,20,JHARKHAND,RAMGARH,-0.08882737408688282,0.03844675124952213,0.04822760476739702,0.059115724721264286,-11327.781623416291,-0.0066688556481259275,-0.2069357939254133,0.12456747404844293,1705200
339,20,JHARKHAND,RANCHI,-0.0753556324490513,0.06698961937717482,0.07972318339100298,0.09842368319876219,94562.60582440549,0.015603054876309471,-0.22145328719723184,0.1929104190695886,6072574
340,20,JHARKHAND,SAHIBGANJ,-0.1358861976162973,0.03844675124952229,0.051733948481348255,0.06698961937716456,-63204.65290456089,-0.023422044433432297,-0.2519646289888504,0.15378700499807765,2704649
341,20,JHARKHAND,SARAIKELA-KHARSAWAN,-0.09356401384082166,0.044844290657452594,0.0553633217993117,0.06299115724721117,3583.9770178927415,0.0011125301390697408,-0.2069357939254133,0.14173010380622836,3228630
342,20,JHARKHAND,SIMDEGA,-0.04158400615148105,0.0753556324490736,0.08421376393696424,0.09842368319877265,145620.49429248477,0.03187817043933093,-0.19986159169550174,0.17279507881584008,4575865
524,29,KARNATAKA,BAGALKOT,-0.08882737408688497,0.1417301038062714,0.14769703960017988,0.16000000000001682,647975.2136036364,0.08497395849875279,-0.22145328719723184,0.24415224913494812,7637876
528,29,KARNATAKA,BALLARI,-0.07111111111111296,0.1476970396000963,0.1599999999999785,0.17279507881585013,899578.8786377013,0.09182430155939862,-0.21413302575932336,0.28444444444444444,9811668
527,29,KARNATAKA,BELAGAVI,-0.044844290657439584,0.1245674740484812,0.1358861976163403,0.1476970396001721,1208844.7157352825,0.07735503530605177,-0.1929104190695886,0.24415224913494812,15647841
526,29,KARNATAKA,BENGALURU RURAL,0.013840830449826952,0.16633602460582514,0.17937716262980047,0.18608227604770125,334616.12939458026,0.12680988935350315,-0.16633602460592078,0.3188927335640138,2647699
525,29,KARNATAKA,BENGALURU URBAN,-0.0415840061514812,0.15378700499806866,0.16000000000002143,0.17279507881585035,201341.20328289026,0.07992458147556089,-0.17279507881584008,0.3014225297962323,2525378
529,29,KARNATAKA,BIDAR,-0.006833502401786036,0.12456747404848048,0.13588619761634602,0.14173010380621562,567725.0097933887,0.08872829446088067,-0.16000000000000003,0.2288965782391388,6408943
531,29,KARNATAKA,CHAMARAJANAGAR,-0.048227604767398784,0.1599999999999232,0.17279507881575798,0.18608227604771216,492824.8934623992,0.07635818820108217,-0.1929104190695886,0.2761399461745483,6464990
630,29,KARNATAKA,CHIK BALLAPUR,-0.008858131487889541,0.16633602460580038,0.17937716262981288,0.18608227604770716,593450.3747462857,0.12161283620713965,-0.15378700499807765,0.3188927335640138,4888990
532,29,KARNATAKA,CHIKKAMAGALURU,-0.04484429065744346,0.1301653210303236,0.14173010380625742,0.15378700499804226,642298.9914561675,0.0775821274381193,-0.2069357939254133,0.2599000384467512,8290158
533,29,KARNATAKA,CHITRADURGA,-0.013840830449827484,0.15378700499796114,0.1663360246058307,0.17937716262979672,1062246.421612224,0.10923132832668511,-0.17279507881584008,0.2761399461745483,9737571
534,29,KARNATAKA,DAKSHINA KANNADA,-0.027128027681662104,0.11374086889660015,0.1301653210303611,0.14769703960016078,335279.46479064936,0.06019418743115995,-0.17279507881584008,0.2679584775086506,5579048
535,29,KARNATAKA,DAVANGERE,-0.029773164167628426,0.16633602460580768,0.1793771626298156,0.19986159169548623,790074.7165721321,0.11557724492610365,-0.16633602460592078,0.29287197231833906,6847089
536,29,KARNATAKA,DHARWAD,-0.03844675124952173,0.13016532103032846,0.1358861976163367,0.14769703960017155,407902.15841743944,0.0826350566356976,-0.186082276047674,0.24415224913494812,4944779
537,29,KARNATAKA,GADAG,-0.013840830449827564,0.1358861976163227,0.14769703960017455,0.16000000000000308,513324.1139160074,0.09506567664033887,-0.186082276047674,0.2599000384467512,5409858
539,29,KARNATAKA,HASSAN,-0.01993079584775106,0.14173010380628034,0.15378700499803807,0.1600000000000094,753721.2918416156,0.09642492017351145,-0.186082276047674,0.2599000384467512,7828705
540,29,KARNATAKA,HAVERI,-0.027128027681661164,0.15999999999992237,0.17279507881582185,0.18608227604769975,652470.4682038773,0.11705580912445179,-0.16000000000000003,0.2761399461745483,5582700
538,29,KARNATAKA,KALABURAGI,-0.006824486386151955,0.14769703960005048,0.15378700499798423,0.16633602460585653,1371341.4556401782,0.10698066848720308,-0.2288965782391388,0.24415224913494812,12835141
541,29,KARNATAKA,KODAGU,0.00684009439763557,0.13588619761635548,0.1476970396001758,0.16633602460592503,419705.5520239392,0.08939247244787735,-0.17937716262975778,0.2519646289888504,4703960
542,29,KARNATAKA,KOLAR,0.01574778931180292,0.1793771626298206,0.19291041906955547,0.2069357939253884,634694.2426544337,0.13896057566275696,-0.14769703960015382,0.31009611687812383,4576751
543,29,KARNATAKA,KOPPAL,-0.0753556324490582,0.13588619761625767,0.14769703960016678,0.16000000000001158,595927.8052557352,0.09223430184299851,-0.19986159169550174,0.2519646289888504,6471180
544,29,KARNATAKA,MANDYA,-0.015747789311802908,0.16633602460579522,0.17937716262982353,0.19291041906956377,680897.3531008093,0.11976496977923115,-0.2069357939254133,0.29287197231833906,5695228
545,29,KARNATAKA,MYSURU,-0.04158400615148115,0.15378700499797032,0.1663360246058309,0.17937716262979692,704942.0627709272,0.0977032571614927,-0.2364628988850442,0.2761399461745483,7227650
546,29,KARNATAKA,RAICHUR,-0.022206843521722038,0.13588619761630116,0.14769703960015657,0.16000000000000325,889604.4670686143,0.09060138299943363,-0.2069357939254133,0.2519646289888504,9829398
631,29,KARNATAKA,RAMANAGARAM,-0.025818709397215478,0.16633602460582864,0.17279507881581757,0.18608227604770208,423777.37291239266,0.10527628500398961,-0.2069357939254133,0.31009611687812383,4034113
547,29,KARNATAKA,SHIVAMOGGA,-0.05173394848135206,0.13588619761632442,0.14769703960016603,0.1600000000000075,701498.7253521589,0.07181432955744603,-0.1929104190695886,0.29287197231833906,9782492
548,29,KARNATAKA,TUMAKURU,-0.012056901191849097,0.15999999999994585,0.1663360246058427,0.17937716262979153,1368391.8084730322,0.11230815993789602,-0.186082276047674,0.2679584775086506,12204538
549,29,KARNATAKA,UDUPI,-0.02712802768166133,0.12456747404847016,0.14173010380622336,0.16000000000000095,275168.44973221974,0.06681875429352149,-0.17937716262975778,0.2679584775086506,4125180
550,29,KARNATAKA,UTTARA KANNADA,-0.04822760476739581,0.10340638216073271,0.11909265667052597,0.13588619761631077,491445.4194339935,0.04137273165581736,-0.19986159169550174,0.2599000384467512,11893283
530,29,KARNATAKA,VIJAYAPURA,-0.013840830449826917,0.15999999999991657,0.16633602460580793,0.1727950788158267,1491226.497326703,0.12174228064084712,-0.2069357939254133,0.24415224913494812,12262243
635,29,KARNATAKA,YADGIR,-0.03543252595155842,0.13588619761634327,0.14769703960017203,0.17279507881584938,560301.4741613716,0.09110597851124759,-0.17279507881584008,0.24415224913494812,6160245
554,32,KERALA,ALAPPUZHA,-0.08882737408688857,0.07111111111111795,0.0888273740868819,0.10851211072664727,16038.371417559887,0.009959733773060557,-0.1929104190695886,0.21413302575932336,1615612
555,32,KERALA,ERNAKULAM,-0.0629911572472112,0.10851211072666102,0.12456747404846523,0.14173010380621448,141292.28821683154,0.04065398489182905,-0.16633602460592078,0.2519646289888504,3482949
556,32,KERALA,IDUKKI,-0.0044786360139617044,0.14173010380624934,0.1599999999999952,0.1727950788158501,451001.3865825157,0.09120647928530805,-0.14769703960015382,0.2761399461745483,4955513
557,32,KERALA,KANNUR,-0.0325413302575918,0.10851211072666267,0.1245674740484622,0.14173010380624004,197048.68013961546,0.05810779972842493,-0.16633602460592078,0.24415224913494812,3397343
558,32,KERALA,KASARAGOD,-0.03543252595155731,0.10340638216072631,0.11909265667051909,0.1358861976162998,116531.88853467396,0.05107131388147513,-0.17279507881584008,0.24415224913494812,2288384
559,32,KERALA,KOLLAM,-0.06299115724721117,0.11909265667053,0.13588619761632134,0.1537870049980864,147265.81055492072,0.052367556298821255,-0.17937716262975778,0.2761399461745483,2818601
560,32,KERALA,KOTTAYAM,-0.051733948481351065,0.103406382160729,0.12456747404845758,0.14173010380623774,118168.30566578149,0.04723702654925688,-0.17279507881584008,0.24415224913494812,2507427
561,32,KERALA,KOZHIKODE,-0.022206843521721743,0.1190926566705266,0.14173010380622836,0.16000000000000608,173459.86869937266,0.06474998760523602,-0.11909265667051133,0.2519646289888504,2684454
562,32,KERALA,MALAPPURAM,-0.00885813148788911,0.1301653210303432,0.14173010380624024,0.16000000000001316,298475.6304601594,0.0736851735030713,-0.16633602460592078,0.2679584775086506,4058183
563,32,KERALA,PALAKKAD,-0.012056901191849252,0.13588619761633497,0.1537870049980435,0.17279507881584916,419793.4794602619,0.08227283825917714,-0.19986159169550174,0.28444444444444444,5112539
564,32,KERALA,PATTANAMTHITTA,-0.01574778931180285,0.14173010380627032,0.1537870049980086,0.17279507881585066,226893.44778151083,0.07553777982501449,-0.16633602460592078,0.2761399461745483,3011006
565,32,KERALA,THIRUVANANTHAPURAM,-0.04822760476739561,0.1085121107266601,0.1301653210303612,0.15378700499808556,112985.4073331946,0.04555239064898747,-0.17937716262975778,0.3014225297962323,2485730
566,32,KERALA,TRISSUR,-0.03543252595155784,0.10851211072665574,0.11909265667051971,0.13588619761629905,190849.3957360729,0.0553847372345774,-0.17937716262975778,0.2519646289888504,3453173
567,32,KERALA,WAYANAD,-9.123183961733181E-4,0.12456747404847253,0.14173010380621523,0.15378700499808606,190683.18977420183,0.07836192974536595,-0.09842368319876971,0.2761399461745483,2438701
009,37,LADAKH,LEH,-0.1358861976163181,-0.02460592079968666,-0.013840830449825741,-9.400727993744822E-4,-1.4524456091913914E7,-0.06931490387857543,-0.28444444444444444,0.15378700499807765,209611635
006,37,LADAKH,KARGIL,-0.11374086889658785,-0.017777777777779894,-0.006853725015564945,0.002631849804608241,-1037498.947684551,-0.054416287014790794,-0.2288965782391388,0.07972318339100345,19084969
553,31,LAKSHADWEEP,LAKSHADWEEP,-0.1190926566705113,-9.659624850989716E-4,0.01574778931180315,0.035432525951557096,-1631.7253827261034,-0.05180535267585346,-0.16633602460592078,0.12456747404844293,33702
667,23,MADHYA PRADESH,AGAR MALWA,-0.04822760476739523,0.09842368319874337,0.10851211072666066,0.11909265667052397,181107.31289011257,0.054328806881380316,-0.1929104190695886,0.19986159169550174,3340865
639,23,MADHYA PRADESH,ALIRAJPUR,-0.048227604767395744,0.10340638216074048,0.1137408688966073,0.12456747404846043,215411.5498016741,0.05355916118663282,-0.16000000000000003,0.1929104190695886,4031207
390,23,MADHYA PRADESH,ANUPPUR,-0.04484429065743801,0.07535563244905567,0.08421376393696413,0.09356401384083006,147697.10182894891,0.032261745774913274,-0.19986159169550174,0.17937716262975778,4589056
391,23,MADHYA PRADESH,ASHOKNAGAR,-0.10340638216070842,0.11374086889656361,0.12456747404847479,0.1358861976163135,312028.53008663416,0.05366615507008314,-0.2679584775086506,0.21413302575932336,5822740
392,23,MADHYA PRADESH,BALAGHAT,-0.04158400615148113,0.10851211072662963,0.12456747404847508,0.14173010380625153,429878.32341437315,0.03862970660193416,-0.22145328719723184,0.22145328719723184,11141974
393,23,MADHYA PRADESH,BARWANI,-0.03543252595155829,0.11909265667053716,0.1301653210303325,0.14173010380621504,450730.7833344274,0.06905132662278489,-0.15378700499807765,0.22145328719723184,6536978
394,23,MADHYA PRADESH,BETUL,-0.06299115724721117,0.09356401384086495,0.10340638216073955,0.11374086889659182,398898.41253000824,0.0329768964324749,-0.2288965782391388,0.19986159169550174,12110448
395,23,MADHYA PRADESH,BHIND,-0.03254133025759337,0.1358861976163368,0.14173010380623657,0.15378700499807235,505720.4366912223,0.09095874463073925,-0.2069357939254133,0.21413302575932336,5571431
396,23,MADHYA PRADESH,BHOPAL,-0.09356401384082409,0.12456747404847454,0.13016532103034145,0.14173010380622844,194924.28955818657,0.05789024086832439,-0.24415224913494812,0.21413302575932336,3374356
397,23,MADHYA PRADESH,BURHANPUR,-0.048227604767393815,0.11909265667053456,0.13016532103034004,0.1417301038062144,224167.86817378944,0.057965198160740534,-0.15378700499807765,0.2288965782391388,3873783
398,23,MADHYA PRADESH,CHHATARPUR,-0.0797231833910126,0.1476970396000449,0.15378700499797052,0.1663360246058594,767185.1906776347,0.07191897433286855,-0.2679584775086506,0.2364628988850442,10687142
399,23,MADHYA PRADESH,CHHINDWARA,-0.06698961937716796,0.09356401384085543,0.10851211072662151,0.12456747404847063,395626.06594090525,0.027791775330798907,-0.24415224913494812,0.21413302575932336,14251129
400,23,MADHYA PRADESH,DAMOH,-0.0753556324490513,0.10851211072666112,0.11909265667053247,0.13016532103035755,316338.7617662481,0.03550253730930731,-0.2761399461745483,0.19986159169550174,8922849
401,23,MADHYA PRADESH,DATIA,-0.07972318339100579,0.14769703960007555,0.15999999999998155,0.16633602460589791,318607.5740577973,0.09569352832788879,-0.2364628988850442,0.22145328719723184,3340498
402,23,MADHYA PRADESH,DEWAS,-0.06698961937716544,0.10340638216074229,0.11374086889658565,0.12456747404846609,389341.12651103566,0.045855575052274444,-0.2069357939254133,0.21413302575932336,8505726
403,23,MADHYA PRADESH,DHAR,-0.03543252595155804,0.11909265667053735,0.13016532103033268,0.13588619761633575,722679.8217558597,0.07332512980910734,-0.16633602460592078,0.22145328719723184,9867234
404,23,MADHYA PRADESH,DINDORI,-0.03844675124952028,0.08421376393697,0.09356401384085597,0.10851211072665641,279977.86024548643,0.04021182753995226,-0.186082276047674,0.186082276047674,6974940
405,23,MADHYA PRADESH,EAST NIMAR,-0.09356401384087781,0.10851211072660326,0.11909265667053227,0.13016532103035183,376286.8136241133,0.041853286571628665,-0.2288965782391388,0.21413302575932336,9002549
406,23,MADHYA PRADESH,GUNA,-0.06698961937716262,0.11909265667053659,0.13016532103032702,0.14173010380623413,479628.1476554767,0.061262452190623116,-0.2519646289888504,0.21413302575932336,7842335
407,23,MADHYA PRADESH,GWALIOR,-0.10340638216070938,0.14769703959999614,0.1537870049979631,0.15999999999994083,289655.55956863816,0.05111761222409192,-0.2679584775086506,0.22145328719723184,5674029
408,23,MADHYA PRADESH,HARDA,-0.04822760476739408,0.12456747404847965,0.13588619761629908,0.1476970396001732,257771.82492414257,0.0639683117342517,-0.21413302575932336,0.22145328719723184,4035848
409,23,MADHYA PRADESH,HOSHANGABAD,-0.0753556324490546,0.12456747404846231,0.1358861976163121,0.1417301038062428,419815.4171501224,0.05193088065415379,-0.24415224913494812,0.21413302575932336,8095645
410,23,MADHYA PRADESH,INDORE,-0.05911572472126423,0.11909265667053769,0.12456747404847826,0.13588619761633827,300721.197387386,0.06358488134080284,-0.17279507881584008,0.2288965782391388,4738802
411,23,MADHYA PRADESH,JABALPUR,-0.06299115724721134,0.13016532103031658,0.14173010380626985,0.15378700499806464,415817.8616083204,0.06720619286994245,-0.24415224913494812,0.22145328719723184,6198352
412,23,MADHYA PRADESH,JHABUA,-0.024605920799692847,0.10340638216074201,0.11374086889659006,0.12456747404845747,271836.0376768435,0.06514938594310128,-0.1929104190695886,0.19986159169550174,4179358
413,23,MADHYA PRADESH,KATNI,-0.05911572472126421,0.1301653210303219,0.1417301038062466,0.15378700499807843,387813.15369305975,0.06292151328439133,-0.22145328719723184,0.21413302575932336,6175594
415,23,MADHYA PRADESH,MANDLA,-0.05911572472126408,0.08882737408689188,0.10340638216073025,0.11909265667052618,289201.9961571939,0.03182611207085252,-0.2069357939254133,0.19986159169550174,9100880
416,23,MADHYA PRADESH,MANDSAUR,-0.09842368319873745,0.07972318339101309,0.09356401384084155,0.10340638216071861,199651.85896834306,0.02940882950457523,-0.2288965782391388,0.1929104190695886,6799773
417,23,MADHYA PRADESH,MORENA,-0.10851211072664584,0.13588619761623263,0.1476970396000841,0.15378700499800557,331726.21525051957,0.05341087315436243,-0.2599000384467512,0.21413302575932336,6223463
418,23,MADHYA PRADESH,NARSHIMAPURA,-0.05536332179931074,0.11374086889656372,0.12456747404847122,0.13588619761631907,345993.07939582446,0.055576600308710755,-0.2069357939254133,0.2069357939254133,6236392
419,23,MADHYA PRADESH,NIMACH,-0.11909265667051837,0.066989619377175,0.07972318339100945,0.09356401384083547,-9262.02447408562,-0.001760181916577299,-0.2761399461745483,0.17937716262975778,5274602
420,23,MADHYA PRADESH,PANNA,-0.06698961937716641,0.11374086889658798,0.12456747404847342,0.13588619761632809,309836.9027181886,0.03560962178430401,-0.2364628988850442,0.21413302575932336,8717597
421,23,MADHYA PRADESH,RAISEN,-0.06698961937716738,0.12456747404847957,0.13588619761632198,0.14173010380624143,523457.9470549598,0.05083688485127933,-0.24415224913494812,0.21413302575932336,10312010
422,23,MADHYA PRADESH,RAJGARH,-0.07111111111111539,0.09356401384087372,0.1034063821607338,0.1137408688965898,382706.9975970732,0.0508510759326316,-0.21413302575932336,0.2069357939254133,7535187
423,23,MADHYA PRADESH,RATLAM,-0.024605920799692878,0.09842368319873296,0.10851211072666317,0.11909265667052119,358267.41585397715,0.06062469830031091,-0.17937716262975778,0.19986159169550174,5920371
424,23,MADHYA PRADESH,REWA,-0.0797231833910085,0.13588619761625756,0.1417301038062854,0.15378700499802853,526134.6158288502,0.0679813197008562,-0.24415224913494812,0.21413302575932336,7751995
425,23,MADHYA PRADESH,SAGAR,-0.07535563244905033,0.10851211072666835,0.11909265667053281,0.1301653210303506,526941.1493275955,0.04205594938147324,-0.24415224913494812,0.21413302575932336,12549508
426,23,MADHYA PRADESH,SATNA,-0.07535563244905348,0.141730103806262,0.1476970396000789,0.15378700499800588,571434.4374268416,0.0619030645587821,-0.2364628988850442,0.22145328719723184,9250027
427,23,MADHYA PRADESH,SEHORE,-0.06698961937716719,0.1190926566705358,0.12456747404847543,0.1358861976163297,487837.8793208401,0.06125947480534594,-0.22145328719723184,0.22145328719723184,7979648
428,23,MADHYA PRADESH,SEONI,-0.06698961937716491,0.11909265667053694,0.13016532103032108,0.14173010380626566,458387.190524284,0.043353003964246024,-0.2288965782391388,0.21413302575932336,10587279
429,23,MADHYA PRADESH,SHAHDOL,-0.051733948481349656,0.09356401384085422,0.10851211072665594,0.11909265667051708,319011.01572907704,0.0460906262919493,-0.2069357939254133,0.22145328719723184,6933487
430,23,MADHYA PRADESH,SHAJAPUR,-0.008858131487889175,0.10340638216074399,0.11374086889659794,0.12456747404846243,286368.62125542446,0.0680030026367128,-0.1929104190695886,0.19986159169550174,4219787
431,23,MADHYA PRADESH,SHEOPUR,-0.13016532103034892,0.1034063821607385,0.11909265667053455,0.13016532103033548,-98587.71586942225,-0.012044122672760125,-0.28444444444444444,0.2069357939254133,8196536
432,23,MADHYA PRADESH,SHIVPURI,-0.10851211072664746,0.12456747404847998,0.13588619761626594,0.1476970396000809,497112.11575750454,0.039138326003515994,-0.28444444444444444,0.21413302575932336,12718231
433,23,MADHYA PRADESH,SIDHI,-0.05911572472126345,0.10851211072666599,0.11909265667053272,0.13016532103034673,259705.06957368777,0.04443111347128771,-0.2288965782391388,0.2069357939254133,5855562
638,23,MADHYA PRADESH,SINGRAULI,-0.07535563244905592,0.09842368319873297,0.11374086889660331,0.12456747404846542,259026.12298109417,0.036707713653945706,-0.2288965782391388,0.19986159169550174,7066555
434,23,MADHYA PRADESH,TIKAMGARH,-0.07535563244905945,0.14769703960013003,0.15999999999999082,0.1663360246058968,384964.19320820237,0.08404107567800179,-0.2519646289888504,0.2288965782391388,4588875
435,23,MADHYA PRADESH,UJJAIN,-0.01574778931180291,0.11374086889656522,0.11909265667053519,0.1301653210303453,519278.2907760397,0.0700052963025669,-0.22145328719723184,0.2069357939254133,7431237
436,23,MADHYA PRADESH,UMARIA,-0.038446751249519816,0.10851211072666334,0.12456747404846961,0.13588619761633083,268424.63219747617,0.048142895580621334,-0.1929104190695886,0.2069357939254133,5584765
437,23,MADHYA PRADESH,VIDISHA,-0.05173394848135115,0.13588619761629048,0.14173010380624018,0.15378700499802156,696833.1509426921,0.07814955532128832,-0.2288965782391388,0.21413302575932336,8929692
414,23,MADHYA PRADESH,WEST NIMAR,-0.041584006151481126,0.11909265667053871,0.13016532103032613,0.13588619761634382,696456.2111414162,0.07209494576569951,-0.16633602460592078,0.2364628988850442,9673296
722,23,MADHYA PRADESH,NIVARI,-0.06698961937716343,0.15378700499802148,0.1599999999999902,0.1727950788158494,135712.93118823628,0.08318255679288906,-0.2599000384467512,0.2288965782391388,1640914
466,27,MAHARASHTRA,AHAMADNAGAR,-0.03844675124952057,0.11909265667053899,0.1301653210303224,0.1417301038062411,1432461.5014305143,0.07083823592087919,-0.19986159169550174,0.2288965782391388,20247712
467,27,MAHARASHTRA,AKOLA,-0.044844290657446384,0.12456747404848047,0.13588619761635007,0.1476970396001713,549447.537346316,0.0845734261675516,-0.186082276047674,0.2519646289888504,6508098
468,27,MAHARASHTRA,AMARAVATI,-0.05911572472125449,0.10851211072664428,0.11909265667053456,0.13016532103035394,762036.7581067217,0.05213433903938854,-0.1929104190695886,0.2288965782391388,14634927
469,27,MAHARASHTRA,AURANGABAD,-0.05173394848135184,0.12456747404847877,0.13016532103032924,0.14173010380622322,943741.4845590292,0.07842648985608298,-0.17937716262975778,0.2288965782391388,12049449
471,27,MAHARASHTRA,BHANDARA,-0.05536332179930976,0.1417301038062478,0.15378700499804612,0.16633602460589902,340484.1537193353,0.06875356838811861,-0.19986159169550174,0.24415224913494812,4961610
470,27,MAHARASHTRA,BID,-0.029773164167627916,0.12456747404844627,0.13588619761628923,0.14769703960015035,1030015.8961245735,0.08222305557085259,-0.17937716262975778,0.2288965782391388,12544794
472,27,MAHARASHTRA,BULDHANA,-0.038446751249520954,0.13588619761630416,0.14173010380625414,0.15378700499803902,1035437.1938496226,0.08913929539102076,-0.17937716262975778,0.2364628988850442,11630150
473,27,MAHARASHTRA,CHANDRAPUR,-0.044844290657439764,0.12456747404847915,0.13588619761634402,0.14769703960016917,827130.3944131045,0.06119034470730281,-0.2599000384467512,0.2519646289888504,13530633
474,27,MAHARASHTRA,DHULE,-0.0325413302575925,0.1358861976163009,0.1476970396001044,0.15999999999999528,759024.2467912443,0.08819993848068751,-0.186082276047674,0.2519646289888504,8617611
475,27,MAHARASHTRA,GADCHIROLI,-0.03543252595155735,0.10851211072664939,0.12456747404846964,0.14173010380622322,898324.2559048529,0.05216904513644952,-0.2288965782391388,0.2519646289888504,17237884
476,27,MAHARASHTRA,GONDIA,-0.055363321799302735,0.1301653210303389,0.14769703960017283,0.1663360246059251,351492.77598596434,0.056641184751496716,-0.2288965782391388,0.2364628988850442,6215661
477,27,MAHARASHTRA,HINGOLI,-0.029773164167628426,0.11909265667053603,0.1358861976162797,0.14769703960015115,451694.1972873193,0.08084726582386832,-0.15378700499807765,0.2364628988850442,5596711
478,27,MAHARASHTRA,JALGAON,-0.04158400615148108,0.14173010380628576,0.1476970396001235,0.15999999999999523,1231857.5412730316,0.0873785798570546,-0.15378700499807765,0.24415224913494812,14113319
479,27,MAHARASHTRA,JALNA,-0.006825463952937833,0.13016532103031386,0.14173010380625356,0.14769703960016473,871541.4945046117,0.09562673062202925,-0.16000000000000003,0.24415224913494812,9127228
480,27,MAHARASHTRA,KOLHAPUR,-0.041584006151481195,0.11909265667053669,0.13016532103033737,0.14173010380622866,522258.88599376223,0.05839562833004508,-0.19986159169550174,0.2599000384467512,8961350
481,27,MAHARASHTRA,LATUR,-0.015747789311802922,0.1301653210303188,0.13588619761635554,0.1417301038062235,786168.8090043953,0.0927069984930543,-0.17279507881584008,0.2364628988850442,8490449
482,27,MAHARASHTRA,MUMBAI CITY,-0.13016532103037418,-0.02220684352172242,-0.006815006620498426,0.01777777777777774,-5002.254383124749,-0.06629607496202747,-0.1929104190695886,0.12456747404844293,76546
484,27,MAHARASHTRA,NAGPUR,-0.06299115724721119,0.10851211072659983,0.11909265667053377,0.13016532103033204,592962.9790109771,0.050026143537660286,-0.21413302575932336,0.2288965782391388,11865192
485,27,MAHARASHTRA,NANDED,-0.03254133025759182,0.12456747404847987,0.1358861976163436,0.14769703960016972,1011920.5337825075,0.08126935360410888,-0.16633602460592078,0.2519646289888504,12472028
486,27,MAHARASHTRA,NANDURBAR,-0.0448442906574393,0.1358861976163033,0.14769703960010694,0.15999999999997544,529691.2658291988,0.07408828406761131,-0.17937716262975778,0.2599000384467512,7163183
487,27,MAHARASHTRA,NASHIK,-0.04484429065743971,0.1190926566705383,0.13016532103032474,0.1417301038062285,1264909.0656019866,0.06848662305718647,-0.186082276047674,0.24415224913494812,18486361
488,27,MAHARASHTRA,USMANABAD,-0.03543252595155651,0.12456747404848108,0.1358861976163472,0.1417301038062244,776980.712880328,0.08720420706392865,-0.186082276047674,0.2288965782391388,8925215
665,27,MAHARASHTRA,PALGHAR,-0.06698961937716469,0.10340638216073963,0.1190926566705296,0.13016532103035605,248290.57707491514,0.0396810752468281,-0.19986159169550174,0.2288965782391388,6266083
489,27,MAHARASHTRA,PARBHANI,-0.0026602966396485754,0.1358861976162672,0.14769703960016664,0.1600000000000057,757774.2344882684,0.10153849739711279,-0.16633602460592078,0.2364628988850442,7474260
490,27,MAHARASHTRA,PUNE,-0.07111111111111804,0.10340638216074509,0.11374086889656558,0.12456747404847097,801980.1589326306,0.04348340327037877,-0.1929104190695886,0.22145328719723184,18462996
491,27,MAHARASHTRA,RAYGAD,-0.07972318339101254,0.09356401384086216,0.10851211072666177,0.12456747404846347,147483.0121974249,0.017931495643003784,-0.17937716262975778,0.2364628988850442,8238352
492,27,MAHARASHTRA,RATNAGIRI,-0.07972318339101346,0.06299115724721115,0.07972318339101367,0.09842368319876771,37.48256823775557,3.8629283080932055E-6,-0.19986159169550174,0.19986159169550174,9717129
493,27,MAHARASHTRA,SANGLI,-0.013840830449826777,0.12456747404846205,0.13588619761630014,0.14769703960016847,835527.8337472429,0.08305214316668635,-0.17937716262975778,0.2288965782391388,10078127
494,27,MAHARASHTRA,SATARA,-0.05536332179930578,0.10340638216074384,0.1137408688965799,0.12456747404846567,646850.9338725482,0.052652013580525917,-0.1929104190695886,0.21413302575932336,12298534
495,27,MAHARASHTRA,SINDHUDURG,-0.06698961937716681,0.09356401384084516,0.10851211072665645,0.13016532103037268,157250.22096511463,0.026470572618619292,-0.16633602460592078,0.2288965782391388,5951789
496,27,MAHARASHTRA,SOLAPUR,-0.010396001537870176,0.13016532103031378,0.14173010380626702,0.15378700499803719,1624107.1369075796,0.09316138950321236,-0.186082276047674,0.2364628988850442,17457025
483,27,MAHARASHTRA,SUB URBAN MUMBAI,-0.1137408688965768,0.01993079584775126,0.04158400615148079,0.06299115724721181,-19387.823181126627,-0.037995582452284016,-0.2288965782391388,0.17937716262975778,512479
497,27,MAHARASHTRA,THANE,-0.07535563244904736,0.1034063821607379,0.11909265667052932,0.1301653210303564,164383.7032599523,0.03248143712936525,-0.2069357939254133,0.21413302575932336,5069267
498,27,MAHARASHTRA,WARDHA,-0.055363321799303644,0.11374086889654432,0.12456747404847651,0.1358861976163286,506524.73483742896,0.0672324546370801,-0.1929104190695886,0.2069357939254133,7543509
499,27,MAHARASHTRA,WASHIM,-0.02977316416762756,0.11374086889657795,0.11909265667052979,0.13016532103036954,459725.52448750735,0.07525070249447134,-0.17937716262975778,0.21413302575932336,6120783
500,27,MAHARASHTRA,YAVATMAL,-0.041584006151481175,0.12456747404848034,0.13016532103032982,0.14173010380623696,1179002.0178322322,0.07298224847932742,-0.17937716262975778,0.2364628988850442,16172960
252,14,MANIPUR,BISHNUPUR,-0.14173010380622622,0.01574778931180284,0.02712802768166021,0.03844675124951905,-19577.052808231,-0.03322761868678818,-0.2519646289888504,0.14769703960015382,592328
253,14,MANIPUR,CHANDEL,-0.07111111111111572,0.041584006151475526,0.055363321799303394,0.07111111111111572,-11144.791962301113,-0.0046198202591957865,-0.13588619761630144,0.17937716262975778,2417211
254,14,MANIPUR,CHURACHANDPUR,-0.09842368319877344,0.019930795847752453,0.035432525951559865,0.0553633217993081,-82959.28032068173,-0.027820350917334064,-0.16633602460592078,0.17937716262975778,2987741
256,14,MANIPUR,IMPHAL WEST,-0.11909265667051357,0.006808619769076558,0.01777777777777778,0.032541330257593544,-21277.462931756214,-0.03550888779025531,-0.2519646289888504,0.17937716262975778,603204
255,14,MANIPUR,IMPHAL EAST,-0.11374086889657474,0.010396001537870294,0.019930795847751752,0.03254133025759265,-16734.82621775919,-0.03143949014196595,-0.24415224913494812,0.14173010380622836,535890
713,14,MANIPUR,JIRIBAM,-0.10340638216070693,0.012056901191849165,0.027128027681661684,0.0448442906574393,-12409.262058175835,-0.034240584786931934,-0.1929104190695886,0.13588619761630144,365087
260,14,MANIPUR,UKHRUL,-0.0984236831987772,0.035432525951557,0.051733948481348185,0.07111111111111558,-64050.31335041726,-0.02482889867810515,-0.16633602460592078,0.16000000000000003,2585246
257,14,MANIPUR,SENAPATI,-0.10851211072665132,0.032541330257593815,0.051733948481348456,0.07111111111111473,-65709.50202038683,-0.030399928582697078,-0.2069357939254133,0.17279507881584008,2166467
258,14,MANIPUR,TAMENGLONG,-0.1085121107266458,0.04484429065744489,0.059115724721258964,0.07972318339100881,-84721.45933395566,-0.022795530263203308,-0.21413302575932336,0.16633602460592078,3724282
259,14,MANIPUR,THOUBAL,-0.1476970396001574,0.017777777777778895,0.02977316416762692,0.04822760476739713,-13913.280439537051,-0.02882417928857119,-0.24415224913494812,0.13588619761630144,485328
717,14,MANIPUR,KAMJONG,-0.08421376393695719,0.02712802768166234,0.04158400615148123,0.059115724721263224,-50204.62211824535,-0.017137588896775843,-0.24415224913494812,0.16633602460592078,2934321
714,14,MANIPUR,NONEI,-0.10340638216070547,0.03254133025759377,0.04822760476739436,0.06698961937716243,-34597.01619099872,-0.02389490619505937,-0.16633602460592078,0.186082276047674,1452211
715,14,MANIPUR,PHERZAWL,-0.0888273740868805,0.02712802768166287,0.04158400615148125,0.05911572472126393,-57698.873921436105,-0.021960920986246746,-0.186082276047674,0.17937716262975778,2632958
716,14,MANIPUR,TENGNOUPAL,-0.07111111111111607,0.03543252595155382,0.04822760476739849,0.06299115724721122,-11833.075353034445,-0.007848654782573483,-0.16633602460592078,0.16633602460592078,1511379
712,14,MANIPUR,KANGPOKPI,-0.10340638216071295,0.022206843521721344,0.04158400615148112,0.06299115724721135,-70108.38062172047,-0.032872605034249325,-0.24415224913494812,0.1929104190695886,2143163
711,14,MANIPUR,KAKCHING,-0.1245674740484443,0.022206843521722038,0.032541330257593155,0.04484429065743915,-9265.962655806954,-0.023615280365516494,-0.24415224913494812,0.15378700499807765,394750
273,17,MEGHALAYA,EAST GARO HILLS,-0.14173010380621268,-0.03254133025759365,-0.015747789311802842,0.0026383299446718135,-154628.41368506764,-0.07900855997352821,-0.19986159169550174,0.1085121107266436,1961933
274,17,MEGHALAYA,EAST KHASI HILLS,-0.13016532103037096,0.002641122149560293,0.019930795847751533,0.0384467512495196,-177728.8894887583,-0.050593345520499884,-0.2599000384467512,0.16000000000000003,3519450
657,17,MEGHALAYA,EAST JAINTIA HILLS,-0.13016532103036757,0.004487901283983237,0.022206843521721194,0.03844675124952009,-121408.25832488044,-0.048862812287617546,-0.21413302575932336,0.17937716262975778,2489782
277,17,MEGHALAYA,SOUTH GARO HILLS,-0.16000000000001036,-0.03844675124952138,-0.017777777777778243,0.006824987748808461,-206657.96586159768,-0.0912008193624221,-0.2679584775086506,0.13016532103037293,2271292
278,17,MEGHALAYA,WEST GARO HILLS,-0.14173010380622644,-0.02460592079969285,-0.008858131487889416,0.010396001537870162,-231477.627985899,-0.07032054522223216,-0.24415224913494812,0.15378700499807765,3298747
279,17,MEGHALAYA,WEST KHASI HILLS,-0.13016532103034661,0.002639217795702095,0.019930795847752952,0.03844675124952119,-243889.65065882244,-0.050273170460722466,-0.21413302575932336,0.186082276047674,4859806
276,17,MEGHALAYA,RI-BHOI,-0.13016532103036293,-0.019930795847753372,-0.006844316175477048,0.010396001537870216,-186891.2699283753,-0.06356148876075393,-0.2679584775086506,0.15378700499807765,2948155
658,17,MEGHALAYA,SOUTH WEST KHASI HILLS,-0.14769703960015365,-0.0026530813896233486,0.012056901191848457,0.02977316416762821,-93029.96526015768,-0.05770519132160679,-0.2761399461745483,0.16000000000000003,1617098
663,17,MEGHALAYA,SOUTH WEST GARO HILLS,-0.1417301038062423,-0.02220684352172165,-0.008858131487889501,0.006799167551757182,-70063.16645780278,-0.06773081083289802,-0.21413302575932336,0.1085121107266436,1037207
656,17,MEGHALAYA,NORTH GARO HILLS,-0.14769703960015687,-0.04158400615148125,-0.029773164167627066,-0.015747789311802898,-128984.89864916379,-0.08336073675689264,-0.2069357939254133,0.07111111111111111,1552862
275,17,MEGHALAYA,WEST JAINTIA HILLS,-0.11909265667050883,0.012056901191849191,0.029773164167628517,0.044844290657438356,-87164.78781908246,-0.03920607747263557,-0.28444444444444444,0.17937716262975778,2229213
262,15,MIZORAM,CHAMPHAI,-0.09356401384082418,0.024605920799691858,0.03844675124952145,0.05173394848135064,-95232.05789876204,-0.022998323066654544,-0.16000000000000003,0.16000000000000003,4148573
267,15,MIZORAM,SAIHA,-0.08421376393694502,0.041584006151481244,0.055363321799307946,0.07535563244905415,-23587.064079066422,-0.012774483690286003,-0.1929104190695886,0.1929104190695886,1851831
264,15,MIZORAM,LAWNGTLAI,-0.0888273740868836,0.03254133025759349,0.04822760476739447,0.066989619377162,-48632.812700271905,-0.01659539376947147,-0.17279507881584008,0.17937716262975778,2939881
268,15,MIZORAM,SERCHHIP,-0.08421376393694799,0.029773164167628745,0.04484429065744015,0.05911572472126355,-31722.37731261577,-0.018057750815054906,-0.16633602460592078,0.16000000000000003,1762727
263,15,MIZORAM,KOLASIB,-0.10340638216070434,0.015747789311802794,0.029773164167626757,0.04484429065743813,-57659.684859702174,-0.03161807689958408,-0.2679584775086506,0.15378700499807765,1828823
266,15,MIZORAM,MAMIT,-0.10851211072664935,0.015747789311802797,0.029773164167628142,0.04822760476739391,-138809.55034354454,-0.03710829065925807,-0.2364628988850442,0.16633602460592078,3748513
265,15,MIZORAM,LUNGLEI,-0.09842368319877075,0.02460592079969273,0.03844675124952165,0.05536332179930927,-143224.99226142984,-0.026038330566816627,-0.19986159169550174,0.17937716262975778,5509505
261,15,MIZORAM,AIZAWL,-0.09356401384082454,0.024605920799693187,0.03844675124952142,0.05536332179930928,-89808.04753500439,-0.02309754811398502,-0.22145328719723184,0.16633602460592078,3898664
613,13,NAGALAND,PAREN,-0.10340638216071431,0.017777777777778905,0.03844675124952083,0.055363321799308134,-80842.9716058869,-0.035787296130846115,-0.2069357939254133,0.16000000000000003,2264628
248,13,NAGALAND,PHEK,-0.0984236831987619,0.03543252595155792,0.05173394848134906,0.07111111111111354,-45496.83839735708,-0.019632809377423587,-0.186082276047674,0.1929104190695886,2323275
250,13,NAGALAND,WOKHA,-0.1245674740484562,-0.010396001537870292,0.006804853054899351,0.02712802768166158,-115410.89378262323,-0.05773796785831366,-0.2599000384467512,0.14769703960015382,2003896
244,13,NAGALAND,DIMAPUR,-0.11909265667051079,0.0026372909135406867,0.019930795847751256,0.04484429065743868,-45282.46135585122,-0.04791876402362617,-0.19986159169550174,0.16000000000000003,949846
245,13,NAGALAND,KOHIMA,-0.11909265667051107,0.019930795847752484,0.04158400615148119,0.06299115724721131,-75856.55875727966,-0.046581053372310485,-0.17937716262975778,0.15378700499807765,1632851
614,13,NAGALAND,KIPHIRE,-0.10340638216072445,0.048227604767393656,0.06698961937716234,0.07972318339100302,-33130.07412372645,-0.023654417652494975,-0.16633602460592078,0.17937716262975778,1404480
251,13,NAGALAND,ZUNHEBOTO,-0.1085121107266442,0.013840830449826723,0.03254133025759404,0.05173394848135073,-70054.36188688659,-0.035833459210407356,-0.16633602460592078,0.14769703960015382,1960862
246,13,NAGALAND,MOKOKCHUNG,-0.11909265667051765,-0.0044969922385034835,0.012056901191848794,0.035432525951557485,-109664.30354314364,-0.054850122930378345,-0.17279507881584008,0.16000000000000003,2005010
247,13,NAGALAND,MON,-0.13016532103035708,0.01205690119184854,0.03844675124952105,0.06299115724721124,-148047.2938582083,-0.054467407733358536,-0.19986159169550174,0.15378700499807765,2724066
249,13,NAGALAND,TUENSANG,-0.11374086889658243,0.04484429065744707,0.06299115724721116,0.0797231833910077,-76085.00628900045,-0.02869658244835897,-0.19986159169550174,0.16000000000000003,2656787
615,13,NAGALAND,LONGLENG,-0.13016532103036754,0.0044827222069937405,0.02220684352172242,0.04158400615148097,-40113.69363058348,-0.054896576012657794,-0.186082276047674,0.16000000000000003,734358
344,21,ODISHA,ANUGUL,-0.059115724721256084,0.08882737408688149,0.09842368319875232,0.11374086889658686,247714.76490591772,0.032497378424536955,-0.22145328719723184,0.21413302575932336,7634552
345,21,ODISHA,BOLANGIR (BALANGIR),-0.04158400615148106,0.10340638216074088,0.10851211072666504,0.12456747404845515,446585.22053471656,0.057165081961397524,-0.22145328719723184,0.2288965782391388,7823364
346,21,ODISHA,BALASORE (BALESHWAR),-0.141730103806231,0.0325413302575898,0.04484429065744486,0.059115724721264445,-101636.15969330654,-0.022784848737733586,-0.2288965782391388,0.15378700499807765,4471001
347,21,ODISHA,BARAGARH,-0.07111111111110673,0.11909265667053424,0.13588619761633394,0.14769703960017644,389245.9577035414,0.05566754698530841,-0.2069357939254133,0.2069357939254133,7004326
348,21,ODISHA,BHADRAK,-0.10340638216070427,0.04158400615146629,0.05173394848134698,0.06299115724721126,-5817.456677754897,-0.0019421696822880582,-0.21413302575932336,0.186082276047674,3001803
350,21,ODISHA,CUTTACK,-0.075355632449059,0.10340638216073332,0.11909265667052778,0.13016532103035816,173869.9654615409,0.03783913084487254,-0.22145328719723184,0.24415224913494812,4607070
351,21,ODISHA,DEOGARH,-0.06698961937716871,0.07535563244906265,0.08421376393696073,0.09842368319877319,67097.9986260997,0.018921216202210534,-0.14769703960015382,0.19986159169550174,3554240
352,21,ODISHA,DHENKANAL,-0.07111111111111298,0.08882737408689109,0.09842368319874792,0.11374086889659704,175982.11468592778,0.03303250754105374,-0.21413302575932336,0.21413302575932336,5335603
353,21,ODISHA,GAJAPATI,-0.059115724721264404,0.08882737408688228,0.1034063821607221,0.11909265667051606,134290.72678932603,0.02747435768476851,-0.17937716262975778,0.2288965782391388,4897594
354,21,ODISHA,GANJAM,-0.06698961937716652,0.11374086889656065,0.12456747404847215,0.14173010380621962,484650.7564468559,0.048698646576069836,-0.21413302575932336,0.2364628988850442,9965454
355,21,ODISHA,JAGATSINGHPUR,-0.11909265667051121,0.0669896193771727,0.07972318339101428,0.09842368319877,13002.7590956783,0.006302879623051759,-0.2364628988850442,0.19986159169550174,2068255
356,21,ODISHA,JAJAPUR,-0.07972318339100865,0.09356401384084856,0.10851211072666114,0.12456747404846885,113015.57778574103,0.03263793650217271,-0.2069357939254133,0.2069357939254133,3471072
357,21,ODISHA,JHARSUGUDA,-0.07972318339101737,0.07111111111111966,0.0797231833910132,0.08882737408688723,40590.034796289605,0.016288678396855955,-0.17937716262975778,0.16633602460592078,2499034
358,21,ODISHA,KALAHANDI,-0.04822760476739492,0.11374086889657327,0.12456747404847518,0.14173010380621787,513777.32906559575,0.05477216254581715,-0.16633602460592078,0.22145328719723184,9392589
359,21,ODISHA,KANDHAMAL,-0.03254133025759259,0.09842368319873744,0.1085121107266623,0.12456747404845898,439278.75486430153,0.04604747602042617,-0.13016532103037293,0.2364628988850442,9552404
360,21,ODISHA,KENDRAPARHA,-0.14173010380624443,0.051733948481345604,0.06299115724721116,0.07972318339100856,-20522.70600333064,-0.006795432350866586,-0.2519646289888504,0.17937716262975778,3027614
361,21,ODISHA,KEONJHAR (KENDUJHAR),-0.08882737408688632,0.05911572472125509,0.07111111111111956,0.08421376393695448,111252.04288380344,0.011161906343553034,-0.22145328719723184,0.21413302575932336,9980176
362,21,ODISHA,KHORDHA,-0.07111111111111326,0.10340638216073336,0.11374086889659418,0.1301653210303733,162082.21494402565,0.047324917471732196,-0.19986159169550174,0.2364628988850442,3436743
363,21,ODISHA,KORAPUT,-0.0553633217993057,0.09356401384086711,0.1085121107266608,0.13016532103036096,380549.0059711388,0.03843659834202357,-0.186082276047674,0.24415224913494812,9916232
364,21,ODISHA,MALKANGIRI,-0.03254133025759009,0.13016532103032008,0.14173010380624382,0.15378700499807552,505707.81126283767,0.07435324012418544,-0.186082276047674,0.2519646289888504,6811277
365,21,ODISHA,MAYURBHANJ,-0.11374086889659839,0.0415840061514613,0.05536332179931194,0.06698961937717209,-187658.16116437898,-0.014978952505666592,-0.2599000384467512,0.21413302575932336,12543165
366,21,ODISHA,NABARANGAPUR,-0.02977316416762851,0.1034063821607415,0.11374086889660559,0.13016532103037504,409014.9553528093,0.06325438995097137,-0.14173010380622836,0.22145328719723184,6477055
367,21,ODISHA,NAYAGARH,-0.055363321799308925,0.10851211072666427,0.11909265667052817,0.13016532103036033,207077.56681104447,0.044645029768535925,-0.2288965782391388,0.24415224913494812,4646759
368,21,ODISHA,NUAPARHA,-0.07111111111111686,0.09842368319875487,0.10851211072666245,0.12456747404845794,159026.6803777745,0.03468925572764412,-0.186082276047674,0.2069357939254133,4592599
369,21,ODISHA,PURI,-0.10851211072664249,0.09356401384084635,0.11374086889658966,0.13016532103036874,72601.10629876217,0.017607819631938647,-0.2519646289888504,0.2679584775086506,4132506
370,21,ODISHA,RAYAGARHA,-0.05536332179930745,0.10340638216073923,0.11374086889658751,0.1301653210303582,346708.0258451303,0.039885978125787896,-0.16633602460592078,0.24415224913494812,8707900
371,21,ODISHA,SAMBALPUR,-0.06698961937716456,0.07111111111111759,0.08882737408688213,0.10340638216072008,180001.5483721578,0.02255903679243118,-0.17937716262975778,0.17937716262975778,7991881
372,21,ODISHA,SUBARNAPUR,-0.041584006151480855,0.1137408688965779,0.12456747404846787,0.1358861976163177,175507.21587167692,0.06214545203090062,-0.21413302575932336,0.2069357939254133,2830803
373,21,ODISHA,SUNDARGARH,-0.06299115724721119,0.0629911572472297,0.07535563244905735,0.08882737408688252,200176.88943678368,0.017085561142211575,-0.19986159169550174,0.17937716262975778,11732129
349,21,ODISHA,BAUDH (BAUDA),-0.05536332179931062,0.0888273740868696,0.10340638216072456,0.11374086889657416,134875.5826511811,0.03643478848229105,-0.2364628988850442,0.19986159169550174,3710015
598,34,PUDUCHERRY,KARAIKAL,-0.01574778931180319,0.1727950788158478,0.1860822760476714,0.19986159169550274,20186.31550181399,0.11152765610427852,-0.12456747404844293,0.28444444444444444,183071
599,34,PUDUCHERRY,MAHE,-0.035432525951557096,0.08882737408688968,0.09842368319876946,0.11374086889657839,435.043147869217,0.04286690906495469,-0.08421376393694734,0.186082276047674,10600
600,34,PUDUCHERRY,PUDUCHERRY,-0.075355632449059,0.19291041906957532,0.20693579392540967,0.22145328719722646,33194.90224325775,0.09740885196971727,-0.16633602460592078,0.3188927335640138,347013
601,34,PUDUCHERRY,YANAM,-0.06698961937716251,0.13016532103037418,0.14769703960015376,0.15999999999999917,2194.78095489682,0.0497511543756396,-0.1085121107266436,0.21413302575932336,44886
027,03,PUNJAB,AMRITSAR,-0.13016532103038003,0.07111111111110467,0.07535563244906972,0.0797231833910161,90403.61317081781,0.025768399555503425,-0.2364628988850442,0.13016532103037293,3515937
605,03,PUNJAB,BARNALA,-0.08882737408688844,0.05173394848134497,0.05536332179932539,0.0629911572472112,40939.46174790006,0.022234985513384355,-0.21413302575932336,0.12456747404844293,1846179
028,03,PUNJAB,BATHINDA,-0.0984236831987674,0.07111111111107556,0.07972318339100856,0.08882737408688866,160396.50062279907,0.036818687720334434,-0.2364628988850442,0.13588619761630144,4365070
029,03,PUNJAB,FARIDKOT,-0.08882737408688965,0.07111111111110137,0.07535563244907403,0.07972318339101545,75491.47066586376,0.039896619427901944,-0.21413302575932336,0.14173010380622836,1896994
030,03,PUNJAB,FATEHGARH SAHIB,-0.08882737408688966,0.08882737408687152,0.09842368319874657,0.10340638216073281,63029.31260931276,0.04225752362869666,-0.2069357939254133,0.14173010380622836,1496589
651,03,PUNJAB,FAZILKA,-0.055363321799306975,0.08882737408690272,0.09356401384087681,0.10340638216072605,196108.3432902576,0.052821014258734554,-0.21413302575932336,0.15378700499807765,3719961
031,03,PUNJAB,FIROZPUR,-0.08882737408688697,0.07111111111109147,0.07972318339101762,0.08421376393695677,118228.98807684999,0.03837106470741911,-0.2364628988850442,0.13016532103037293,3088898
032,03,PUNJAB,GURDASPUR,-0.09356401384082759,0.07111111111108633,0.07535563244905549,0.08421376393695729,95942.88785511129,0.028070039911699055,-0.21413302575932336,0.13016532103037293,3424574
033,03,PUNJAB,HOSHIARPUR,-0.17279507881585018,0.05536332179930649,0.06299115724721573,0.07535563244904772,-115016.27968997028,-0.025978131131376106,-0.2599000384467512,0.14173010380622836,4436125
034,03,PUNJAB,JALANDHAR,-0.13016532103037792,0.05536332179931989,0.06299115724722977,0.0711111111111168,8881.263030626225,0.0025820109376799216,-0.2364628988850442,0.16000000000000003,3448570
035,03,PUNJAB,KAPURTHALA,-0.09842368319877144,0.06299115724721181,0.07111111111111831,0.07972318339100747,25967.87706494569,0.012193685208377485,-0.2364628988850442,0.13588619761630144,2138434
036,03,PUNJAB,LUDHIANA,-0.1245674740484615,0.06299115724724899,0.06698961937717632,0.07535563244906503,54436.89601474743,0.011367366372861723,-0.22145328719723184,0.13588619761630144,4796983
037,03,PUNJAB,MANSA,-0.059115724721262586,0.08421376393697033,0.08882737408687613,0.09842368319876844,140698.41147630906,0.050370608410307646,-0.22145328719723184,0.14769703960015382,2800307
038,03,PUNJAB,MOGA,-0.08421376393694911,0.06698961937717844,0.07535563244905971,0.07972318339101535,99598.306411149,0.034119788487787614,-0.2288965782391388,0.12456747404844293,2925171
039,03,PUNJAB,SRI MUKTSAR SAHIB,-0.07111111111110993,0.07972318339097306,0.08421376393697291,0.0935640138408305,176199.59177219364,0.05167337257847081,-0.21413302575932336,0.16000000000000003,3417177
040,03,PUNJAB,SHAHID BHAGAT SINGH NAGAR,-0.13588619761629503,0.06698961937717515,0.07535563244906539,0.07972318339101518,15960.106352110452,0.009698856491964121,-0.22145328719723184,0.13016532103037293,1650822
662,03,PUNJAB,PATHANKOT,-0.19291041906957465,0.05173394848134524,0.06299115724721115,0.07111111111111697,-58657.27515162538,-0.04684516179105683,-0.28444444444444444,0.12456747404844293,1257220
041,03,PUNJAB,PATIALA,-0.09842368319876717,0.08421376393695879,0.08882737408690146,0.09842368319874768,172011.6612931131,0.04018172357763663,-0.22145328719723184,0.17279507881584008,4293984
042,03,PUNJAB,RUPNAGAR,-0.15999999999999814,0.059115724721252046,0.07111111111111833,0.0797231833910126,-40491.92494153681,-0.022632785199576698,-0.24415224913494812,0.13016532103037293,1795740
043,03,PUNJAB,SANGRUR,-0.07111111111111146,0.06698961937717843,0.07535563244906843,0.07972318339101704,169490.8933129053,0.03642127496929226,-0.21413302575932336,0.13016532103037293,4664151
608,03,PUNJAB,SAS NAGAR (SAHIBZADA AJIT SINGH NAGAR),-0.1727950788158488,0.07111111111111894,0.07972318339101234,0.08882737408688234,-29582.92719221139,-0.020881386661732632,-0.2761399461745483,0.14769703960015382,1423227
609,03,PUNJAB,TARN TARAN,-0.08421376393694675,0.07111111111111366,0.07535563244907129,0.08421376393695106,113714.12829578128,0.036080011925889485,-0.24415224913494812,0.13016532103037293,3158113
086,08,RAJASTHAN,AJMER,-0.1476970396001586,0.07111111111110652,0.084213763936962,0.09842368319877015,117543.25711779523,0.011151073233420763,-0.2761399461745483,0.17279507881584008,10557272
087,08,RAJASTHAN,ALWAR,-0.16633602460584296,0.07111111111109493,0.08421376393696603,0.09356401384085626,-8662.705225351456,-8.212165913777808E-4,-0.3014225297962323,0.16000000000000003,10566667
088,08,RAJASTHAN,BANSWARA,-0.048227604767395474,0.11909265667053807,0.13016532103032183,0.14173010380621143,377775.13167548674,0.06882808367103188,-0.1929104190695886,0.22145328719723184,5496965
089,08,RAJASTHAN,BARAN,-0.09356401384082648,0.11909265667053542,0.13016532103033146,0.14173010380622073,387270.2107655236,0.04497034790931344,-0.2679584775086506,0.19986159169550174,8624299
090,08,RAJASTHAN,BARMER,-0.09842368319876468,0.027128027681665466,0.04158400615147233,0.05536332179930549,-751002.1961604455,-0.02135805275076035,-0.28444444444444444,0.17937716262975778,35184293
091,08,RAJASTHAN,BHARATPUR,-0.10851211072664776,0.08421376393697036,0.09842368319875616,0.10851211072665258,242563.83115542866,0.03820179439259022,-0.2519646289888504,0.19986159169550174,6364210
092,08,RAJASTHAN,BHILWARA,-0.13016532103037198,0.08882737408688496,0.10340638216073306,0.11909265667052468,304416.8776637345,0.02348394584868699,-0.29287197231833906,0.1929104190695886,12977374
093,08,RAJASTHAN,BIKANER,-0.08882737408687696,0.03844675124950413,0.05173394848134498,0.06299115724722619,-584439.2443541507,-0.015269518859834557,-0.2364628988850442,0.16633602460592078,38299184
094,08,RAJASTHAN,BUNDI,-0.14769703960016714,0.13016532103031492,0.14173010380624168,0.1537870049979946,273948.7979502924,0.038363099661356,-0.2679584775086506,0.19986159169550174,7150747
095,08,RAJASTHAN,CHITTAURGARH,-0.12456747404845371,0.09356401384087971,0.10851211072666525,0.12456747404846606,180971.49071144612,0.018833592702244762,-0.2761399461745483,0.2069357939254133,9628634
096,08,RAJASTHAN,CHURU,-0.07535563244905195,0.04158400615146318,0.0553633217993132,0.06698961937717013,-76401.70722484367,-0.004353359350878692,-0.22145328719723184,0.14173010380622836,17570047
097,08,RAJASTHAN,DAUSA,-0.1358861976163009,0.07535563244907348,0.0842137639369667,0.09842368319876696,92551.2409398743,0.02166301882240663,-0.2679584775086506,0.16633602460592078,4282491
098,08,RAJASTHAN,DHAULPUR,-0.10851211072665062,0.11374086889655181,0.12456747404847231,0.13588619761633633,159903.05757850123,0.0422088804593005,-0.2599000384467512,0.1929104190695886,3796325
099,08,RAJASTHAN,DUNGARPUR,-0.07535563244905938,0.1034063821607345,0.11909265667052729,0.13588619761632617,189020.88449008853,0.041120383364564236,-0.21413302575932336,0.2069357939254133,4604348
101,08,RAJASTHAN,HANUMANGARH,-0.05536332179930881,0.08882737408685407,0.09356401384080995,0.10340638216073633,462442.05285789585,0.0372617176496633,-0.2069357939254133,0.21413302575932336,12428490
102,08,RAJASTHAN,JAIPUR,-0.15378700499808193,0.06299115724723466,0.07111111111111978,0.08421376393695507,11124.594698755782,7.979074665818707E-4,-0.29287197231833906,0.16633602460592078,13958482
103,08,RAJASTHAN,JAISALMER,-0.13588619761631146,0.012957986368604346,0.03254133025758917,0.05173394848134784,-2275943.7592124185,-0.047247142187063156,-0.3014225297962323,0.19986159169550174,48195167
104,08,RAJASTHAN,JALOR,-0.06698961937716237,0.08882737408688242,0.09842368319874538,0.11374086889659112,507316.89335195196,0.03868222643613273,-0.22145328719723184,0.2364628988850442,13130168
105,08,RAJASTHAN,JHALAWAR,-0.10851211072665624,0.08882737408687708,0.10340638216072726,0.11374086889658419,265393.20280107774,0.03415498172280377,-0.2519646289888504,0.186082276047674,7785147
106,08,RAJASTHAN,JHUNJHUNUN,-0.1301653210303685,0.07111111111108556,0.07972318339098462,0.09356401384084544,113097.92779978397,0.015100516545483111,-0.2519646289888504,0.15378700499807765,7500078
107,08,RAJASTHAN,JODHPUR,-0.08882737408689152,0.05173394848134404,0.06299115724722357,0.0753556324490534,-42365.519273019745,-0.001495222221527094,-0.3014225297962323,0.17937716262975778,28354930
108,08,RAJASTHAN,KARAULI,-0.13588619761629891,0.07972318339097728,0.08882737408689276,0.10340638216072374,7069.737776458336,0.001130238767058563,-0.2761399461745483,0.16633602460592078,6265890
100,08,RAJASTHAN,GANGANAGAR,-0.059115724721261934,0.08882737408688349,0.09842368319876088,0.10851211072666463,524157.7952910742,0.03746913725672067,-0.22145328719723184,0.1929104190695886,14004924
109,08,RAJASTHAN,KOTA,-0.11374086889657928,0.12456747404847991,0.13588619761628645,0.14173010380626122,270467.6207800887,0.04311978544042243,-0.2679584775086506,0.19986159169550174,6284796
110,08,RAJASTHAN,NAGAUR,-0.08882737408688446,0.04822760476738371,0.05911572472125969,0.07111111111111872,48346.544085356276,0.0021670666227438158,-0.29287197231833906,0.16000000000000003,22328531
111,08,RAJASTHAN,PALI,-0.11909265667051414,0.07535563244906476,0.09356401384083463,0.11374086889658813,328208.49718534935,0.02139819650701257,-0.2761399461745483,0.22145328719723184,15355856
629,08,RAJASTHAN,PRATAPGARH,-0.09356401384083564,0.08882737408688428,0.0984236831987466,0.11374086889658869,145702.23653460175,0.026858022650667335,-0.24415224913494812,0.17937716262975778,5433909
112,08,RAJASTHAN,RAJ SAMAND,-0.14173010380623266,0.059115724721260636,0.07972318339101446,0.1034063821607255,-174120.0454304195,-0.030494247356135547,-0.24415224913494812,0.19986159169550174,5723908
113,08,RAJASTHAN,SAWAI MADHOPUR,-0.16000000000002018,0.08882737408688318,0.09842368319875298,0.10851211072665279,121769.23503872004,0.019482712083011527,-0.2761399461745483,0.17937716262975778,6261504
114,08,RAJASTHAN,SIKAR,-0.13588619761629614,0.05173394848134463,0.06698961937717314,0.0797231833910135,-21750.7798089911,-0.0022347575781452135,-0.2679584775086506,0.14769703960015382,9747199
115,08,RAJASTHAN,SIROHI,-0.13016532103037426,0.08882737408688103,0.09842368319876227,0.113740868896591,55319.994489684,0.008763797059547813,-0.2519646289888504,0.22145328719723184,6321547
116,08,RAJASTHAN,TONK,-0.1476970396001619,0.08882737408689903,0.0984236831987355,0.10340638216073417,343987.0902320128,0.038454543017620565,-0.2599000384467512,0.17279507881584008,8958642
117,08,RAJASTHAN,UDAIPUR,-0.11909265667052163,0.07111111111111945,0.09356401384083692,0.11374086889658326,-214854.85485900872,-0.014966516317125263,-0.22145328719723184,0.2069357939254133,14373207
225,11,SIKKIM,EAST,-0.14173010380624143,0.03844675124952196,0.05536332179930405,0.07111111111111672,-33781.068630322785,-0.028685980716767832,-0.22145328719723184,0.15378700499807765,1180616
226,11,SIKKIM,NORTH,-0.13016532103034587,0.04484429065745334,0.05911572472124553,0.07535563244904575,-145286.23869125478,-0.02726643840513208,-0.21413302575932336,0.17937716262975778,5335204
227,11,SIKKIM,SOUTH,-0.15378700499808257,0.03543252595155912,0.05173394848135381,0.07111111111111006,-37413.38879795309,-0.04069909678836139,-0.28444444444444444,0.16633602460592078,922577
228,11,SIKKIM,WEST,-0.1301653210303763,0.04158400615147924,0.05911572472126367,0.07972318339100579,-37550.65646439472,-0.024884393831001377,-0.2599000384467512,0.15378700499807765,1512801
610,33,TAMIL NADU,ARIYALUR,0.06299115724721148,0.24415224913508687,0.2599000384468249,0.26795847750868274,423943.0158314895,0.19226156103077774,-0.12456747404844293,0.3553094963475586,2209715
730,33,TAMIL NADU,CHENGALPATTU,-0.0415840061514811,0.22145328719721766,0.23646289888508532,0.251964628988891,428684.57138784823,0.1374511857478021,-0.17279507881584008,0.34602076124567477,3125557
568,33,TAMIL NADU,CHENNAI,-0.09842368319877182,0.07111111111111189,0.10851211072664743,0.14173010380622564,-3121.5803900448377,-0.008143683994387396,-0.17937716262975778,0.2599000384467512,385506
569,33,TAMIL NADU,COIMBATORE,0.001739348562611725,0.19986159169555084,0.21413302575923138,0.22889657823911908,716749.342458842,0.13338301186338994,-0.2288965782391388,0.3188927335640138,5383851
570,33,TAMIL NADU,CUDDALORE,0.0026420410421275527,0.2288965782390992,0.2441522491350375,0.2599000384467522,638807.7757550998,0.15124070991595145,-0.13588619761630144,0.33685505574778934,4233341
571,33,TAMIL NADU,DHARMAPURI,-0.02582221504413044,0.22145328719718857,0.22889657823909537,0.24415224913500147,646257.1785455679,0.1257120069556487,-0.17279507881584008,0.33685505574778934,5150772
572,33,TAMIL NADU,DINDIGUL,-0.008858131487889357,0.22145328719725602,0.2288965782390933,0.24415224913493297,1005925.3368104808,0.14621851667675828,-0.12456747404844293,0.33685505574778934,6891183
573,33,TAMIL NADU,ERODE,-0.025840291755956018,0.20693579392537562,0.21413302575924134,0.2288965782391144,698124.6896544928,0.11976126057693902,-0.186082276047674,0.34602076124567477,5843263
574,33,TAMIL NADU,KANCHIPURAM,-0.04484429065743806,0.2214532871972683,0.236462898885014,0.25196462898884464,301889.211350532,0.15076204171110932,-0.14769703960015382,0.34602076124567477,2010389
729,33,TAMIL NADU,KALLAKKURICHI,0.01039600153787026,0.24415224913513492,0.2599000384468315,0.26795847750869295,714462.7225727359,0.17711998502563542,-0.1085121107266436,0.37425605536332185,4041352
575,33,TAMIL NADU,KANYAKUMARI,-0.027128027681661088,0.13588619761634485,0.15378700499808934,0.17279507881584957,127996.08846966474,0.06745497744815411,-0.14769703960015382,0.28444444444444444,1902020
576,33,TAMIL NADU,KARUR,0.01384083044982705,0.22889657823908854,0.2364628988850532,0.24415224913494032,613063.900147399,0.18547542098435668,-0.14173010380622836,0.3278123798539023,3313874
578,33,TAMIL NADU,MADURAI,-0.013840830449826839,0.22889657823909618,0.23646289888503247,0.2519646289888446,640491.7043278752,0.15222584431965527,-0.13016532103037293,0.3553094963475586,4217505
587,33,TAMIL NADU,NILGIRIS,-0.03254133025759144,0.11909265667053058,0.13588619761630055,0.15378700499808398,183838.16307161047,0.06629824847091594,-0.186082276047674,0.2761399461745483,2779224
579,33,TAMIL NADU,NAGAPATTINAM,-0.10851211072664638,0.17937716262979825,0.1929104190695852,0.20693579392540265,312864.1332450364,0.10711390137832215,-0.19986159169550174,0.31009611687812383,2930267
580,33,TAMIL NADU,NAMAKKAL,-0.015747789311802866,0.2214532871971887,0.23646289888508476,0.2441522491349656,604933.4497255047,0.1551989470418841,-0.13588619761630144,0.3278123798539023,3905479
581,33,TAMIL NADU,PERAMBALUR,-0.00448608336563169,0.25196462898903066,0.25990003844684195,0.2761399461745582,395169.82952894195,0.19740003724370783,-0.11909265667051133,0.3553094963475586,2007167
582,33,TAMIL NADU,PUDUKKOTTAI,0.02977316416762813,0.23646289888509073,0.2519646289889804,0.2679584775086915,905110.5704687829,0.17116455613842863,-0.11909265667051133,0.3553094963475586,5299699
583,33,TAMIL NADU,RAMANATHAPURAM,-0.015747789311802988,0.19986159169550918,0.2141330257592524,0.22889657823912107,609842.7463002038,0.130977434319196,-0.16633602460592078,0.3278123798539023,4668989
731,33,TAMIL NADU,RANIPPETTAI,0.0246059207996927,0.2288965782390932,0.23646289888502486,0.25196462898884475,363521.23248980235,0.17132880760458644,-0.12456747404844293,0.3278123798539023,2128423
584,33,TAMIL NADU,SALEM,-0.03254133025759342,0.21413302575929,0.2288965782390976,0.24415224913506883,775052.3117472935,0.1130648390421079,-0.17937716262975778,0.34602076124567477,6871944
585,33,TAMIL NADU,SIVAGANGA,0.032541330257593454,0.22145328719723406,0.23646289888505345,0.2441522491349677,781807.539682271,0.16238506778320091,-0.11909265667051133,0.3278123798539023,4827074
588,33,TAMIL NADU,TENI,-0.022206843521721954,0.20693579392537736,0.22145328719727606,0.23646289888501057,388906.2595202002,0.11951772567073296,-0.11909265667051133,0.34602076124567477,3260399
733,33,TAMIL NADU,TENKASI,0.024605920799692847,0.25196462898902183,0.2679584775086999,0.2844444444444718,571794.4305579069,0.17971831948104336,-0.09842368319876971,0.39369473279507883,3188221
586,33,TAMIL NADU,THANJAVUR,0.015747789311803,0.20693579392538017,0.2288965782391154,0.24415224913494887,540551.6131669881,0.13869110718274222,-0.14173010380622836,0.34602076124567477,3908681
590,33,TAMIL NADU,THIRUVARUR,-0.07972318339100491,0.17937716262981504,0.1929104190695702,0.21413302575933105,301129.05867862393,0.11688680065740772,-0.1929104190695886,0.31009611687812383,2584269
591,33,TAMIL NADU,TIRUCHIRAPALLI,-0.004484925626769942,0.22889657823909001,0.23646289888504526,0.2519646289888445,829258.7685749971,0.16206287135525774,-0.14173010380622836,0.33685505574778934,5131417
592,33,TAMIL NADU,TIRUNELVELI,0.013840830449826839,0.2364628988850973,0.2519646289889638,0.2679584775086907,705634.189132459,0.16072173071743964,-0.13016532103037293,0.36472126105344094,4398780
634,33,TAMIL NADU,TIRUPPUR,0.02712802768166162,0.22889657823908705,0.24415224913506828,0.25196462898888233,1046586.6254776019,0.1769191214356525,-0.1085121107266436,0.33685505574778934,5928070
732,33,TAMIL NADU,TIRUPPATTUR,-0.019930795847751457,0.21413302575920692,0.2288965782391029,0.23646289888502284,288963.5682344784,0.11922806769498158,-0.09356401384083046,0.3278123798539023,2429659
589,33,TAMIL NADU,TIRUVALLUR,-0.04484429065743821,0.21413302575923934,0.22889657823910595,0.24415224913492883,504408.3606726982,0.136005150819229,-0.1929104190695886,0.33685505574778934,3721243
593,33,TAMIL NADU,TIRUVANNAMALAI,0.006836606541512763,0.2288965782390881,0.2441522491350219,0.2519646289888806,1126881.4874411116,0.1593226063075347,-0.11909265667051133,0.33685505574778934,7086228
594,33,TAMIL NADU,TUTICORIN,-0.001685590060780547,0.22889657823909154,0.24415224913504605,0.25990003844673715,905795.5811918676,0.1688628767606881,-0.16633602460592078,0.36472126105344094,5373009
595,33,TAMIL NADU,VELLORE,-0.019930795847751304,0.2214532871972864,0.23646289888504549,0.25196462898884464,302969.8101376982,0.12533004101875128,-0.14173010380622836,0.34602076124567477,2425418
596,33,TAMIL NADU,VILLUPURAM,-0.0068427553060275825,0.23646289888508062,0.24415224913501468,0.2599000384467581,706297.7959639011,0.16872594954781608,-0.13016532103037293,0.34602076124567477,4197052
597,33,TAMIL NADU,VIRUDHUNAGAR,0.019930795847751183,0.22889657823908807,0.24415224913496902,0.25990003844676657,830776.6540191266,0.1728576344972696,-0.10340638216070744,0.34602076124567477,4816093
577,33,TAMIL NADU,KRISHNAGIRI,-0.025827915990747435,0.19986159169551665,0.21413302575922039,0.22889657823910448,694275.733326942,0.1180937740800339,-0.186082276047674,0.3278123798539023,5891097
501,36,TELANGANA,ADILABAD,-0.03543252595155908,0.12456747404847773,0.13016532103033693,0.14173010380622506,332723.1110631188,0.07025591244276465,-0.15378700499807765,0.2288965782391388,4743469
507,36,TELANGANA,HYDERABAD,-0.09356401384082486,0.02220684352172243,0.04484429065743869,0.06698961937716232,-7292.165109583728,-0.03253643740820383,-0.16633602460592078,0.15378700499807765,225991
508,36,TELANGANA,KARIMNAGAR,-0.022206843521722416,0.19986159169548215,0.21413302575925225,0.2214532871972108,334342.67847716354,0.1417431670367558,-0.186082276047674,0.2761399461745483,2364683
690,36,TELANGANA,BHADRADRI KOTHAGUDEM,-0.03686029729058634,0.1663360246058227,0.17937716262981643,0.19291041906957176,736113.9946420509,0.09087796506904373,-0.22145328719723184,0.29287197231833906,8112200
512,36,TELANGANA,MAHABUBNAGAR,-0.05173394848135018,0.15378700499807582,0.1727950788158501,0.18608227604769706,303403.19366134715,0.09279784356480768,-0.15378700499807765,0.2599000384467512,3277821
692,36,TELANGANA,SIDDIPET,-0.05173394848135114,0.17937716262981343,0.19291041906958584,0.20693579392538752,468214.1194202752,0.1075292557959916,-0.1929104190695886,0.2679584775086506,4362172
514,36,TELANGANA,NALGONDA,-0.0482276047673995,0.17937716262976164,0.19291041906954087,0.20693579392538636,1015496.4394210253,0.120736385994805,-0.19986159169550174,0.28444444444444444,8420108
516,36,TELANGANA,NIZAMABAD,-0.059115724721264085,0.18608227604760974,0.1929104190695318,0.20693579392538256,467722.90522389277,0.09417044037659238,-0.17279507881584008,0.2679584775086506,4973584
518,36,TELANGANA,RANGAREDDY,-0.044844290657437814,0.14769703960015787,0.16633602460590996,0.186082276047693,523171.88268588984,0.0895529288451611,-0.2069357939254133,0.2679584775086506,5852435
720,36,TELANGANA,MULUGU,-0.06299115724721124,0.1301653210303394,0.15378700499807846,0.17279507881585043,226438.61727311037,0.044863209469469846,-0.24415224913494812,0.2519646289888504,5054976
695,36,TELANGANA,JOGULAMBA GADWAL,-0.09842368319877066,0.1476970396000957,0.15999999999998768,0.1793771626297839,305939.32868903334,0.10227856869564352,-0.17279507881584008,0.2599000384467512,2996596
699,36,TELANGANA,KUMURAM BHEEM,-0.05536332179930873,0.1358861976162846,0.14769703960013697,0.16633602460592503,368120.9485408157,0.0685400608747019,-0.186082276047674,0.2679584775086506,5379788
684,36,TELANGANA,MANCHERIAL,-0.051733948481347755,0.16633602460591002,0.1860822760477087,0.19986159169548517,367284.9142807089,0.0806304083487742,-0.17937716262975778,0.2679584775086506,4563416
680,36,TELANGANA,NIRMAL,-0.055363321799309174,0.16000000000001563,0.17937716262980533,0.19986159169548445,324132.97067242075,0.07381755463011519,-0.19986159169550174,0.2519646289888504,4400168
685,36,TELANGANA,KAMAREDDY,-0.048227604767400914,0.17937716262981748,0.1929104190695719,0.19986159169548387,384090.6915650798,0.08712866116317851,-0.22145328719723184,0.2599000384467512,4417377
691,36,TELANGANA,SANGAREDDY,-0.03254133025759188,0.14769703960013364,0.17279507881585035,0.19291041906959136,506438.95270542684,0.09697227579118174,-0.186082276047674,0.2679584775086506,5234286
694,36,TELANGANA,NAGARKURNOOL,-0.06299115724721127,0.14173010380626647,0.15999999999998835,0.1793771626297915,505891.1140164928,0.07006065219642997,-0.19986159169550174,0.2761399461745483,7230954
693,36,TELANGANA,WANAPARTHY,-0.10851211072664502,0.15999999999999778,0.1793771626297899,0.19291041906959053,238906.79597270512,0.094141562966121,-0.186082276047674,0.2599000384467512,2543857
721,36,TELANGANA,NARAYANPET,-0.0517339484813543,0.16000000000000747,0.17279507881585074,0.1929104190695837,271779.5183283687,0.09681362051342887,-0.186082276047674,0.2679584775086506,2813898
698,36,TELANGANA,VIKARABAD,-0.027128027681661716,0.1417301038062627,0.15378700499805562,0.1727950788158498,419208.7666821324,0.09673036145835665,-0.17937716262975778,0.2519646289888504,4341820
700,36,TELANGANA,MEDCHAL-MALKAJGIRI,-0.06698961937716107,0.12456747404846114,0.15378700499808304,0.179377162629752,62590.756268160316,0.0496791800411215,-0.2364628988850442,0.2679584775086506,1263977
697,36,TELANGANA,YADADRI BHUVANAGIRI,-0.027128027681661643,0.16633602460584912,0.17937716262980824,0.19986159169548662,410626.7973062115,0.10860151472697371,-0.17937716262975778,0.2761399461745483,3788544
696,36,TELANGANA,SURYAPET,-0.02977316416762817,0.19291041906951653,0.19986159169548295,0.21413302575928012,588540.1666649948,0.14010533230233044,-0.186082276047674,0.3014225297962323,4207558
509,36,TELANGANA,KHAMMAM,-0.022206843521722263,0.18608227604770464,0.19291041906955528,0.20693579392538686,685975.2484949856,0.12537520454685008,-0.17279507881584008,0.29287197231833906,5483474
688,36,TELANGANA,MAHABUBABAD,-0.04484429065743823,0.1793771626298263,0.19291041906952672,0.2069357939253808,422216.3298164847,0.10167196878261943,-0.16000000000000003,0.2761399461745483,4159758
689,36,TELANGANA,JANGAON,-0.01777777777777751,0.17937716262981998,0.19291041906956602,0.19986159169548529,355834.60808320565,0.12517063227221006,-0.15378700499807765,0.2679584775086506,2848930
686,36,TELANGANA,WARANGAL (URBAN),-0.04484429065743899,0.18608227604770863,0.1998615916954842,0.20693579392539388,162636.61372428693,0.11892105691818403,-0.16000000000000003,0.2599000384467512,1371299
522,36,TELANGANA,WARANGAL (RURAL),-0.006815144538789881,0.1860822760476754,0.19291041906955259,0.20693579392538886,347994.7723795383,0.1325493965193016,-0.15378700499807765,0.2599000384467512,2631366
687,36,TELANGANA,JAYASHANKAR BHUPALAPALLY,-0.0482276047673971,0.1537870049980727,0.17279507881585074,0.18608227604769936,248004.34383219772,0.07324943611861015,-0.21413302575932336,0.2679584775086506,3392864
682,36,TELANGANA,PEDDAPALLI,-0.048227604767394766,0.19986159169548204,0.2069357939253753,0.2214532871972001,305182.7212012623,0.11801357532354154,-0.2069357939254133,0.28444444444444444,2590845
681,36,TELANGANA,JAGTIAL,-0.044844290657438154,0.19986159169548215,0.2069357939253771,0.21413302575927282,382865.5369728814,0.11244580472850794,-0.17937716262975778,0.2599000384467512,3410637
683,36,TELANGANA,RANJANNA SIRCILLA,-0.06698961937716098,0.17937716262979847,0.19291041906956727,0.20693579392539788,199930.67424238677,0.0939022107531996,-0.17279507881584008,0.29287197231833906,2133794
513,36,TELANGANA,MEDAK,-0.04484429065743823,0.19291041906954243,0.20693579392537925,0.2141330257592801,338141.2964421483,0.10478822887813814,-0.15378700499807765,0.2679584775086506,3235035
269,16,TRIPURA,DHALAI,-0.12456747404845556,-0.008858131487889814,0.006810874575887065,0.024605920799692885,-153353.21719011205,-0.05514190357114379,-0.2599000384467512,0.14173010380622836,2787504
654,16,TRIPURA,GOMATI,-0.12456747404845421,-0.013840830449827292,8.919949402043493E-4,0.01777777777777746,-119071.48619162137,-0.06043277365366111,-0.2599000384467512,0.14173010380622836,1976295
652,16,TRIPURA,KHOWAI,-0.12456747404844623,-0.015747789311802814,-9.286864914324707E-4,0.01574778931180291,-79060.80921850906,-0.06156792924634861,-0.186082276047674,0.14769703960015382,1288086
270,16,TRIPURA,NORTH TRIPURA,-0.11909265667050693,-0.013840830449827063,8.934017680721549E-4,0.017777777777777518,-95590.88671980915,-0.05810619874073245,-0.22145328719723184,0.13016532103037293,1650811
653,16,TRIPURA,SEPAHIJALA,-0.14173010380623674,-0.01574778931180281,8.825993239924308E-4,0.01993079584775116,-87294.62987163196,-0.06769656363422523,-0.21413302575932336,0.14173010380622836,1294414
271,16,TRIPURA,SOUTH TRIPURA,-0.13588619761629653,-0.017777777777778753,-9.396617729585938E-4,0.019930795847751242,-120299.08781162094,-0.06777019376204217,-0.186082276047674,0.14769703960015382,1781389
655,16,TRIPURA,UNOKOTI,-0.11909265667051491,-0.013840830449826903,-9.390097413722433E-4,0.015747789311802884,-47470.850491656885,-0.056287861720447974,-0.2069357939254133,0.13016532103037293,846595
272,16,TRIPURA,WEST TRIPURA,-0.13588619761630027,-0.015747789311802814,-9.341598049021218E-4,0.01574778931180294,-75516.08841460595,-0.06559108245921441,-0.19986159169550174,0.12456747404844293,1154860
118,09,UTTAR PRADESH,AGRA,-0.07972318339101021,0.1190926566705342,0.1301653210303414,0.141730103806223,323779.7634947248,0.06387527028077315,-0.24415224913494812,0.2069357939254133,5084762
119,09,UTTAR PRADESH,ALIGARH,-0.055363321799307696,0.08421376393696897,0.09356401384084938,0.10340638216072146,177266.6339873265,0.037830336849738896,-0.2519646289888504,0.17279507881584008,4695914
121,09,UTTAR PRADESH,AMBEDKARNAGAR,-0.05173394848135417,0.14173010380620252,0.1476970396000699,0.15999999999999878,277265.2050265668,0.09560023202838604,-0.24415224913494812,0.21413302575932336,2907631
640,09,UTTAR PRADESH,AMETHI,-0.008858131487889139,0.14769703960003736,0.15999999999995823,0.1663360246058889,313138.58707842376,0.10370969023453669,-0.16000000000000003,0.22145328719723184,3027141
154,09,UTTAR PRADESH,AMROHA,-0.07535563244905893,0.035432525951553426,0.04822760476739805,0.05911572472126407,-16636.71553752249,-0.005318654516924156,-0.2288965782391388,0.12456747404844293,3135410
122,09,UTTAR PRADESH,AURAIYA,-0.008858131487889156,0.14173010380627868,0.14769703960013073,0.15999999999999828,254434.07761012795,0.10099288208331063,-0.19986159169550174,0.2288965782391388,2525028
123,09,UTTAR PRADESH,AZAMGARH,-0.04158400615148086,0.13588619761629758,0.1417301038062689,0.1476970396001421,466552.5922087451,0.08913927047005385,-0.2364628988850442,0.21413302575932336,5243512
133,09,UTTAR PRADESH,BUDAUN,-0.027128027681661365,0.11374086889654561,0.12456747404847661,0.13016532103032835,346030.1847857659,0.0643245401329037,-0.2288965782391388,0.1929104190695886,5388312
124,09,UTTAR PRADESH,BAGHPAT,-0.09842368319877215,0.022206843521721017,0.03543252595156018,0.04822760476739401,-41067.08178766734,-0.02434129512775217,-0.22145328719723184,0.11374086889657825,1691561
125,09,UTTAR PRADESH,BAHRAICH,-0.09842368319876856,0.12456747404847811,0.13588619761633947,0.14173010380622197,344251.46282080334,0.055233008466105786,-0.2679584775086506,0.21413302575932336,6244557
126,09,UTTAR PRADESH,BALLIA,-0.09356401384083045,0.13016532103032147,0.1358861976163113,0.1417301038062464,260665.18468304275,0.07028132289434368,-0.2364628988850442,0.19986159169550174,3717530
127,09,UTTAR PRADESH,BALRAMPUR,-0.05173394848135444,0.13016532103032366,0.14173010380624865,0.14769703960017433,297349.27366294747,0.07073734004419217,-0.2761399461745483,0.21413302575932336,4212204
128,09,UTTAR PRADESH,BANDA,-0.03254133025759363,0.14173010380627665,0.14769703960008126,0.15999999999999598,567299.2545450883,0.10308128506091459,-0.1929104190695886,0.21413302575932336,5516307
129,09,UTTAR PRADESH,BARABANKI,-0.055363321799307745,0.12456747404847344,0.1358861976163236,0.14769703960017155,287026.3943717577,0.05965562526118393,-0.2364628988850442,0.21413302575932336,4821092
130,09,UTTAR PRADESH,BAREILLY,-0.0591157247212637,0.10851211072666718,0.11909265667053247,0.13016532103036269,279791.322678802,0.05352888220464988,-0.2069357939254133,0.2069357939254133,5236856
131,09,UTTAR PRADESH,BASTI,-0.06299115724721163,0.14173010380626358,0.15378700499797704,0.15999999999996556,327739.70327309566,0.09410280454409727,-0.2288965782391388,0.21413302575932336,3489747
179,09,UTTAR PRADESH,BHADOHI,-0.059115724721262156,0.14173010380629159,0.1476970396001391,0.1537870049980432,108759.5774426376,0.08679326122391938,-0.2069357939254133,0.2288965782391388,1258326
132,09,UTTAR PRADESH,BIJNOR,-0.10340638216070648,0.015747789311802787,0.02977316416762914,0.044844290657439605,-152509.72454783047,-0.025894731184316403,-0.2519646289888504,0.13588619761630144,5897437
134,09,UTTAR PRADESH,BULANDSHAHR,-0.07972318339100332,0.059115724721255335,0.07111111111111944,0.08421376393695967,33475.69782555815,0.00750948590353942,-0.2288965782391388,0.16633602460592078,4465675
135,09,UTTAR PRADESH,CHANDAULI,-0.09356401384082498,0.12456747404848281,0.13016532103031775,0.14173010380624693,185686.38508069757,0.059091535283978855,-0.2288965782391388,0.2069357939254133,3149762
136,09,UTTAR PRADESH,CHITRAKOOT,-0.08882737408688812,0.14769703960000893,0.15378700499797424,0.16633602460586522,276168.98229379335,0.07015032141250269,-0.2364628988850442,0.2288965782391388,3947058
137,09,UTTAR PRADESH,DEORIA,-0.06698961937716358,0.13588619761629295,0.1417301038062606,0.14769703960017813,272960.0388502488,0.08638740234583808,-0.2288965782391388,0.19986159169550174,3167421
140,09,UTTAR PRADESH,AYODHYA,-0.06299115724721151,0.12456747404847811,0.13588619761633536,0.14769703960016206,245266.26909048553,0.07308314883720819,-0.2288965782391388,0.21413302575932336,3363207
138,09,UTTAR PRADESH,ETAH,-0.010396001537870138,0.12456747404847582,0.1301653210303327,0.13588619761634005,227929.3195912157,0.07479539698239225,-0.2069357939254133,0.1929104190695886,3057112
139,09,UTTAR PRADESH,ETAWAH,-0.048227604767395765,0.14173010380627246,0.14769703960015537,0.16000000000000356,238021.61330547978,0.08191267278832699,-0.1929104190695886,0.22145328719723184,2912455
141,09,UTTAR PRADESH,FARRUKHABAD,-0.055363321799306794,0.09842368319875681,0.10851211072665747,0.11909265667051563,120340.98266703899,0.043929786674389085,-0.24415224913494812,0.17937716262975778,2746061
142,09,UTTAR PRADESH,FATEHPUR,-0.03543252595155658,0.15378700499797263,0.1599999999999575,0.16633602460587923,553968.643547922,0.10714160606094106,-0.21413302575932336,0.24415224913494812,5179341
143,09,UTTAR PRADESH,FIROZABAD,-0.02712802768166144,0.12456747404847676,0.13016532103032996,0.13588619761634413,221322.20675493244,0.07291844248442526,-0.186082276047674,0.186082276047674,3043033
144,09,UTTAR PRADESH,GAUTAMBUDHNAGAR,-0.166336024605925,0.05536332179930164,0.06299115724721113,0.07111111111111727,-26497.734826679287,-0.014780920648964413,-0.2599000384467512,0.13016532103037293,1799130
146,09,UTTAR PRADESH,GAZIPUR,-0.05911572472126302,0.12456747404848177,0.13016532103032408,0.14173010380622797,335740.8711264252,0.08026423073405449,-0.22145328719723184,0.1929104190695886,4191005
145,09,UTTAR PRADESH,GHAZIABAD,-0.1727950788158508,0.024605920799691976,0.038446751249520454,0.0517339484813533,-53274.593775440444,-0.045927378508709496,-0.2679584775086506,0.13016532103037293,1164347
147,09,UTTAR PRADESH,GONDA,-0.03543252595155647,0.12456747404847762,0.13588619761629328,0.14769703960017405,382289.02308038424,0.0766410901300798,-0.2288965782391388,0.21413302575932336,4997607
148,09,UTTAR PRADESH,GORAKHPUR,-0.09356401384082493,0.14173010380629944,0.14769703960009598,0.15378700499803222,342863.2213798951,0.08248501847472055,-0.2288965782391388,0.21413302575932336,4167218
149,09,UTTAR PRADESH,HAMIRPUR,-0.03543252595155653,0.1599999999999289,0.1663360246058196,0.17279507881580455,538840.3864368189,0.11165066361277544,-0.21413302575932336,0.2288965782391388,4836349
661,09,UTTAR PRADESH,HAPUR,-0.10340638216070565,0.0297731641676304,0.041584006151481216,0.055363321799306864,-30034.834670853626,-0.02114191180912474,-0.22145328719723184,0.11374086889657825,1425629
150,09,UTTAR PRADESH,HARDOI,-0.012056901191849378,0.1417301038062299,0.15378700499797707,0.16633602460585462,709916.9464377853,0.09443066380660858,-0.2519646289888504,0.2364628988850442,7529334
163,09,UTTAR PRADESH,HATHRAS,-0.027128027681660238,0.08882737408688546,0.10340638216072587,0.1137408688965838,94116.98776317076,0.04195705457624927,-0.2364628988850442,0.16000000000000003,2250134
151,09,UTTAR PRADESH,JALAUN,-0.035432525951556965,0.14769703960012984,0.15999999999997402,0.17279507881585082,551937.6995559178,0.09733887813994357,-0.22145328719723184,0.2364628988850442,5680240
152,09,UTTAR PRADESH,JAUNPUR,-0.024605920799692885,0.14173010380620457,0.14769703960005945,0.15378700499801445,476472.61719679256,0.09533704084338282,-0.2069357939254133,0.2069357939254133,5008032
153,09,UTTAR PRADESH,JHANSI,-0.06299115724721144,0.14769703960007513,0.15999999999996165,0.1663360246058591,573948.804054987,0.09242630274708362,-0.21413302575932336,0.2364628988850442,6229627
155,09,UTTAR PRADESH,KANNAUJ,-0.022206843521722416,0.1137408688965969,0.12456747404847007,0.13588619761630838,145745.737063329,0.05568010885193902,-0.2069357939254133,0.1929104190695886,2623727
157,09,UTTAR PRADESH,KANPUR,-0.07535563244905184,0.15378700499796372,0.16633602460580796,0.17279507881578543,362060.2455591373,0.09695727548840787,-0.2364628988850442,0.22145328719723184,3743531
156,09,UTTAR PRADESH,KANPUR DEHAT,0.004505805575371304,0.15378700499797873,0.15999999999994635,0.17279507881585082,425876.5645534736,0.10824488143878241,-0.2288965782391388,0.22145328719723184,3941798
633,09,UTTAR PRADESH,KASGANJ,-0.03543252595155652,0.10851211072666524,0.11374086889661196,0.12456747404846155,146454.40964155638,0.059314279578358116,-0.2288965782391388,0.186082276047674,2475748
158,09,UTTAR PRADESH,KAUSHAMBI,-0.035432525951556694,0.1599999999999436,0.1663360246058615,0.17279507881585104,242634.67392826983,0.10965279570976884,-0.2069357939254133,0.2364628988850442,2218096
159,09,UTTAR PRADESH,KHERI,-0.0984236831987693,0.07972318339100189,0.09356401384084832,0.10851211072665465,291522.44657387875,0.029979518332194643,-0.2679584775086506,0.2069357939254133,9738027
160,09,UTTAR PRADESH,KUSHINAGAR,-0.08882737408688966,0.11374086889654592,0.124567474048475,0.13016532103033215,192729.11525956314,0.05360498085603416,-0.24415224913494812,0.186082276047674,3604253
161,09,UTTAR PRADESH,LALITPUR,-0.10340638216070475,0.1358861976163003,0.14769703960014274,0.1537870049980463,414573.7381564596,0.06692635491895169,-0.2679584775086506,0.22145328719723184,6203252
162,09,UTTAR PRADESH,LUCKNOW,-0.11909265667051944,0.13016532103033845,0.14173010380623197,0.15378700499808776,143353.06008741184,0.04532416986417233,-0.2288965782391388,0.22145328719723184,3170059
165,09,UTTAR PRADESH,MAHOBA,-0.05173394848135425,0.14769703960012026,0.15999999999998338,0.1663360246058844,412220.64543743536,0.10217336048242287,-0.2288965782391388,0.2288965782391388,4045255
166,09,UTTAR PRADESH,MAINPURI,-8.9777106910351E-4,0.13588619761629014,0.14173010380627787,0.15378700499803333,297574.2703985511,0.08664383825037876,-0.22145328719723184,0.2069357939254133,3441554
167,09,UTTAR PRADESH,MATHURA,-0.07535563244905667,0.09356401384087087,0.10340638216073492,0.1137408688965954,191299.52993771282,0.045486697486874145,-0.2364628988850442,0.17279507881584008,4213749
168,09,UTTAR PRADESH,MAU,-0.08882737408688965,0.1301653210303182,0.13588619761635545,0.14173010380621065,168611.19895201738,0.07821458442387588,-0.24415224913494812,0.1929104190695886,2161729
169,09,UTTAR PRADESH,MEERUT,-0.1245674740484585,-9.334899674953317E-4,0.01205690119184851,0.029773164167627587,-146850.5331649605,-0.044396247649855995,-0.24415224913494812,0.13588619761630144,3314219
170,09,UTTAR PRADESH,MIRZAPUR,-0.0888273740868888,0.1301653210303221,0.14173010380625573,0.15378700499806036,333793.28094141115,0.06139820411385035,-0.2599000384467512,0.22145328719723184,5447558
171,09,UTTAR PRADESH,MORADABAD,-0.0797231833910065,0.07111111111112028,0.08421376393696274,0.09356401384082201,59684.94373815953,0.024051048862416022,-0.22145328719723184,0.15378700499807765,2489342
172,09,UTTAR PRADESH,MUZAFFARNAGAR,-0.11909265667050964,-0.012056901191849793,8.970934765741884E-4,0.013840830449826874,-167277.87334229006,-0.047728308871196196,-0.2364628988850442,0.09842368319876971,3511799
173,09,UTTAR PRADESH,PILIBHIT,-0.09356401384082497,0.09356401384085905,0.10851211072665866,0.11909265667052144,192963.995791456,0.040388779298204384,-0.2599000384467512,0.21413302575932336,4788939
174,09,UTTAR PRADESH,PRATAPGARH,-0.012056901191849233,0.1417301038062743,0.14769703960011968,0.15999999999999584,438416.3178565908,0.09523612895794482,-0.19986159169550174,0.2288965782391388,4613609
175,09,UTTAR PRADESH,RAIBEARELI,-0.013840830449826872,0.1476970396000353,0.1537870049979749,0.16633602460590746,509642.4381530382,0.10429611872994886,-0.2364628988850442,0.22145328719723184,4896223
176,09,UTTAR PRADESH,RAMPUR,-0.0797231833910029,0.09356401384085715,0.10340638216072895,0.11374086889659306,118148.57993447459,0.03923461835793453,-0.2069357939254133,0.17937716262975778,3018922
177,09,UTTAR PRADESH,SAHARANPUR,-0.13016532103035436,0.010396001537870314,0.022206843521721756,0.03254133025759352,-178181.128251676,-0.03725242564296592,-0.2599000384467512,0.11909265667051133,4790695
659,09,UTTAR PRADESH,SAMBHAL,-0.05536332179931045,0.09356401384084972,0.10340638216074233,0.11374086889660831,116125.53675012474,0.037699327326713515,-0.24415224913494812,0.16633602460592078,3088314
178,09,UTTAR PRADESH,SANTKABIRNAGAR,-0.07972318339100501,0.14173010380624604,0.14769703960017508,0.15378700499808723,188385.93240559616,0.0918434787346176,-0.2599000384467512,0.19986159169550174,2058853
180,09,UTTAR PRADESH,SHAHJAHANPUR,-0.027128027681661556,0.12456747404844107,0.135886197616269,0.1417301038062544,387666.4807918464,0.0711376532261355,-0.2069357939254133,0.21413302575932336,5462736
660,09,UTTAR PRADESH,SHAMLI,-0.09842368319876757,0.017777777777779006,0.029773164167628544,0.041584006151481105,-46635.270061927324,-0.028803192686336316,-0.22145328719723184,0.11374086889657825,1623202
181,09,UTTAR PRADESH,SHRAWASTI,-0.04822760476739448,0.14769703960003847,0.1537870049979696,0.1599999999999555,206381.82078893218,0.0848211153018926,-0.2519646289888504,0.22145328719723184,2439319
182,09,UTTAR PRADESH,SIDDHARTHNAGAR,-0.03844675124951878,0.14769703960003372,0.15378700499798517,0.15999999999995915,378075.94874789397,0.10407516327065827,-0.24415224913494812,0.22145328719723184,3640380
183,09,UTTAR PRADESH,SITAPUR,-0.04158400615148087,0.10851211072666607,0.11909265667053127,0.13588619761632498,410683.213683133,0.056887244026461295,-0.2364628988850442,0.22145328719723184,7230057
184,09,UTTAR PRADESH,SONBHADRA,-0.10340638216072857,0.11374086889657135,0.13016532103032574,0.14173010380625564,250006.58914002872,0.029625149874775,-0.2599000384467512,0.2288965782391388,8450002
185,09,UTTAR PRADESH,SULTANPUR,-0.019930795847751124,0.14173010380627057,0.1476970396001292,0.15378700499804251,303273.76932842535,0.09115537974810224,-0.17937716262975778,0.2069357939254133,3335749
186,09,UTTAR PRADESH,UNNAO,-0.024605920799692812,0.1537870049979619,0.1663360246058181,0.17279507881579137,586521.274636291,0.10286360876804092,-0.2364628988850442,0.2364628988850442,5712341
187,09,UTTAR PRADESH,VARANASI,-0.11374086889657596,0.11909265667053054,0.12456747404846752,0.13588619761629636,89783.75396106731,0.04741385487756847,-0.21413302575932336,0.186082276047674,1899363
120,09,UTTAR PRADESH,PRAYAGRAJ,-0.06698961937716572,0.1417301038062762,0.1476970396001211,0.16000000000001277,588659.5789750855,0.08713815219574833,-0.2288965782391388,0.22145328719723184,6766620
164,09,UTTAR PRADESH,MAHARAJGANJ,-0.05536332179930816,0.1358861976163006,0.1417301038062635,0.147697039600144,291242.904788325,0.07886227213128541,-0.2519646289888504,0.2069357939254133,3700747
045,05,UTTARAKHAND,ALMORA,-0.15378700499808456,0.017777777777778937,0.035432525951557776,0.05536332179930836,-217420.3480456269,-0.05385048761652059,-0.2679584775086506,0.16000000000000003,4045433
046,05,UTTARAKHAND,BAGESHWAR,-0.13588619761629772,0.02712802768166155,0.041584006151481216,0.059115724721263696,-103506.19320095859,-0.03598306572026887,-0.2288965782391388,0.14173010380622836,2883079
048,05,UTTARAKHAND,CHAMPAWAT,-0.14173010380623732,0.024605920799692454,0.041584006151481195,0.0629911572472113,-94818.5936830674,-0.04194280634681437,-0.29287197231833906,0.17279507881584008,2266165
049,05,UTTARAKHAND,DEHRADUN,-0.18608227604770228,-0.004499597499865561,0.02712802768166198,0.07111111111111627,-303995.12188891484,-0.07584412255792979,-0.2761399461745483,0.2069357939254133,4018513
050,05,UTTARAKHAND,HARIDWAR,-0.1476970396001579,-0.002648751424066661,0.012056901191848567,0.027128027681661605,-161784.04699438243,-0.05493582581272445,-0.2761399461745483,0.11909265667051133,2950783
051,05,UTTARAKHAND,NAINITAL,-0.14173010380623535,0.022206843521720542,0.041584006151481195,0.06698961937716177,-216090.93411164908,-0.04234649254334595,-0.24415224913494812,0.16633602460592078,5111706
052,05,UTTARAKHAND,PAURI GARHWAL,-0.1663360246059251,-0.006837538714006146,0.01384083044982694,0.035432525951559234,-483354.8153489704,-0.07119402791054387,-0.28444444444444444,0.16000000000000003,6797764
054,05,UTTARAKHAND,RUDRAPRAYAG,-0.16000000000001752,0.029773164167629904,0.04484429065744227,0.0629911572472113,-103789.70570201625,-0.04036208322254226,-0.2599000384467512,0.16633602460592078,2576527
055,05,UTTARAKHAND,TEHRI GARHWAL,-0.1663360246059172,0.022206843521720608,0.03844675124952152,0.05911572472126215,-282120.80256905576,-0.055819399047397154,-0.3014225297962323,0.17279507881584008,5065420
056,05,UTTARAKHAND,UDHAM SINGH NAGAR,-0.12456747404844065,0.07111111111111924,0.08421376393695988,0.0984236831987592,5970.378838438328,0.0017527996877544352,-0.2679584775086506,0.16000000000000003,3417188
047,05,UTTARAKHAND,CHAMOLI,-0.14173010380622422,0.015747789311802783,0.03254133025759237,0.05173394848134937,-426100.7978624083,-0.04210783496833606,-0.2519646289888504,0.17279507881584008,10130102
053,05,UTTARAKHAND,PITHORAGARH,-0.1358861976163077,0.017777777777779617,0.03254133025759231,0.051733948481349795,-375990.98518347886,-0.04033678708796831,-0.2761399461745483,0.16000000000000003,9333695
057,05,UTTARAKHAND,UTTARKASHI,-0.13588619761630263,0.03691489963974065,0.05911572472125876,0.08421376393694782,-318866.4014036218,-0.030726862360120906,-0.29287197231833906,0.21413302575932336,10391325
664,19,WEST BENGAL,ALIPUR DUAR,-0.1600000000000051,-0.04484429065744681,-0.029773164167627656,-0.0103960015378702,-321391.63772935624,-0.09201996026364528,-0.2761399461745483,0.13588619761630144,3499191
305,19,WEST BENGAL,BANKURA,-0.08882737408688926,0.035432525951555695,0.048227604767395446,0.06299115724721482,-29328.03653327983,-0.003508883306624474,-0.24415224913494812,0.14769703960015382,8367774
306,19,WEST BENGAL,PURBA BARDDHAMAN,-0.10851211072664438,0.0753556324490407,0.08882737408688757,0.09842368319875039,44801.67241567229,0.007072574107854396,-0.2364628988850442,0.17279507881584008,6345416
307,19,WEST BENGAL,BIRBHUM,-0.09842368319876697,0.05911572472125958,0.07111111111111967,0.0842137639369506,-2991.243791058477,-5.383871527322115E-4,-0.2288965782391388,0.14769703960015382,5568338
310,19,WEST BENGAL,DAKSHIN DINAJPUR,-0.10851211072664202,0.05911572472125601,0.07111111111111912,0.0842137639369468,-13828.585749499349,-0.005010798544457083,-0.2364628988850442,0.15378700499807765,2766684
309,19,WEST BENGAL,DARJILING,-0.16000000000001546,0.006826308817438832,0.03254133025759457,0.059115724721263356,-183439.00804224904,-0.07154540235546406,-0.31009611687812383,0.16000000000000003,2570580
317,19,WEST BENGAL,PURBA MEDINIPUR,-0.14769703960016467,0.0103960015378703,0.027128027681663676,0.04484429065743983,-292128.6666260256,-0.06128410114053185,-0.2761399461745483,0.12456747404844293,4774369
313,19,WEST BENGAL,HAORA,-0.153787004998086,-0.02712802768166196,-0.012056901191848672,0.006797942762414401,-143629.90923851746,-0.08093986504284059,-0.24415224913494812,0.09842368319876971,1779421
312,19,WEST BENGAL,HUGLI,-0.14173010380621767,0.02220684352172033,0.03844675124952138,0.05536332179930806,-148640.71338587266,-0.03889681149671223,-0.2519646289888504,0.13016532103037293,3830421
314,19,WEST BENGAL,JALPAIGURI,-0.16633602460592492,-0.04822760476739099,-0.03543252595155976,-0.02220684352172219,-406580.9198767697,-0.09491550461932752,-0.31009611687812383,0.08421376393694734,4291724
308,19,WEST BENGAL,KOCH BIHAR,-0.1537870049980853,-0.015747789311802797,-0.004510521053749754,0.008858131487889352,-280937.215878338,-0.06695803397555386,-0.28444444444444444,0.08882737408688965,4209471
315,19,WEST BENGAL,KOLKATA,-0.17279507881584558,-0.09842368319876144,-0.08421376393694915,-0.06698961937716232,-28667.605212945935,-0.1279793408068468,-0.2519646289888504,0.024605920799692427,225875
316,19,WEST BENGAL,MALDAH,-0.124567474048452,0.029773164167629564,0.044844290657437676,0.0669896193771616,-135032.0591042784,-0.030524539963215462,-0.24415224913494812,0.14769703960015382,4432769
319,19,WEST BENGAL,MURSHIDABAD,-0.12456747404844534,0.04822760476739725,0.06299115724721115,0.07972318339101304,-96097.3600091073,-0.014689307091538876,-0.2679584775086506,0.16000000000000003,6553296
320,19,WEST BENGAL,NADIA,-0.1358861976163082,0.02220684352172109,0.03844675124952109,0.05536332179930909,-184940.25195297832,-0.03901533296104292,-0.2519646289888504,0.13016532103037293,4752532
303,19,WEST BENGAL,NORTH TWENTY-FOUR PARGANAS,-0.16633602460591268,-0.015747789311802804,0.006811825314460331,0.032541330257592815,-389204.91976109496,-0.08028632662743367,-0.2761399461745483,0.12456747404844293,4858451
318,19,WEST BENGAL,PASCHIM MEDINIPUR,-0.11374086889657747,0.06299115724723951,0.07535563244907144,0.08421376393696199,-35272.074640862505,-0.004653993041692908,-0.2519646289888504,0.15378700499807765,7589470
321,19,WEST BENGAL,PURULIYA,-0.08421376393694587,0.044844290657456244,0.05536332179931753,0.06698961937717043,48081.269743514866,0.006323599580194042,-0.24415224913494812,0.17937716262975778,7614827
304,19,WEST BENGAL,SOUTH TWENTY-FOUR PARGANAS,-0.16633602460584207,-9.294777079030929E-4,0.01993079584775221,0.041584006151481175,-726631.2500011614,-0.07867137148232341,-0.29287197231833906,0.13588619761630144,9269362
311,19,WEST BENGAL,UTTAR DINAJPUR,-0.13588619761631335,0.024605920799688843,0.0415840061514812,0.05911572472126404,-124605.79986909602,-0.032040668935171296,-0.2288965782391388,0.13016532103037293,3902218
703,19,WEST BENGAL,JHARGRAM,-0.09842368319877208,0.032541330257591254,0.04822760476739858,0.06299115724721124,-65586.9853538763,-0.017527314613682086,-0.24415224913494812,0.14173010380622836,3751531
704,19,WEST BENGAL,PASCHIM BARDDHAMAN,-0.12456747404845066,0.0068064715980030955,0.017777777777778617,0.029773164167628166,-79742.94797042741,-0.03616511262750024,-0.24415224913494812,0.12456747404844293,2210746
702,19,WEST BENGAL,KALIMPONG,-0.14769703960015976,0.02220684352172268,0.03844675124952172,0.05536332179930919,-69500.161813799,-0.050765391113461546,-0.28444444444444444,0.13588619761630144,1372509
