di_code,st_code,state23,dist23,A41_p2,A41_p90,A41_p95,A41_p98,A41_sum,A41_mean,A41_min,A41_max,A41_count
603,35,ANDAMAN & NICOBAR,NICOBAR,-0.37425605536329387,-0.17279507881584924,-0.1476970396001558,-0.12456747404844168,-514156.36262086313,-0.25630498806317664,-0.4444444444444444,0.01574778931180315,2020602
632,35,ANDAMAN & NICOBAR,NORTH & MIDDLE ANDAMAN,-0.3188927335640548,-0.14173010380622592,-0.11374086889657474,-0.08421376393694692,-878527.3240865218,-0.22112534673337583,-0.41362552864282975,0.15378700499807765,4003957
602,35,ANDAMAN & NICOBAR,SOUTH ANDAMAN,-0.3188927335640484,-0.15378700499808418,-0.11909265667050917,-0.07111111111111046,-651271.9109050443,-0.2250655722075121,-0.42377547097270285,0.11909265667051133,2916597
502,28,ANDHRA PRADESH,ANANTAPUR,-0.1476970396001638,-0.00885813148788935,0.01205690119184886,0.035432525951558755,-1495431.3061483803,-0.0667555378248661,-0.2599000384467512,0.17937716262975778,22430270
503,28,ANDHRA PRADESH,CHITTOOR,-0.1793771626297892,-0.012056901191848471,0.0177777777777785,0.048227604767394364,-1573666.6422543863,-0.09125057021485163,-0.31009611687812383,0.17937716262975778,17269415
504,28,ANDHRA PRADESH,Y S R KADAPA,-0.1537870049980548,0.01205690119184901,0.03543252595155938,0.06299115724721127,-979149.6080192764,-0.05529041379180721,-0.28444444444444444,0.2069357939254133,17724326
505,28,ANDHRA PRADESH,EAST GODAVARI,-0.17279507881584938,0.004478561986930962,0.02977316416762834,0.05536332179930751,-925259.6881298773,-0.06121522210103575,-0.29287197231833906,0.186082276047674,15133939
506,28,ANDHRA PRADESH,GUNTUR,-0.13588619761630252,0.03254133025758634,0.04822760476739879,0.0711111111111158,-365174.2650491572,-0.027505039151073732,-0.2519646289888504,0.2069357939254133,13291974
510,28,ANDHRA PRADESH,KRISHNA,-0.1417301038062323,0.017777777777779433,0.03543252595155978,0.059115724721263724,-433469.48048313265,-0.042456702148374915,-0.2519646289888504,0.186082276047674,10225813
511,28,ANDHRA PRADESH,KURNOOL,-0.11374086889658303,0.013840830449826287,0.03254133025759278,0.05536332179930895,-719162.5475334971,-0.035656847354911925,-0.2679584775086506,0.1929104190695886,20185908
515,28,ANDHRA PRADESH,POTTI SRIRAMULU NELLORE,-0.20693579392538453,-0.051733948481347096,-0.0199307958477514,0.015747789311802898,-1738359.1460119137,-0.1139863065774947,-0.3014225297962323,0.186082276047674,15263341
517,28,ANDHRA PRADESH,PRAKASAM,-0.15999999999997186,0.0157477893118028,0.044844290657445295,0.07111111111111701,-1156687.0640739845,-0.05658608935866235,-0.28444444444444444,0.19986159169550174,20457221
519,28,ANDHRA PRADESH,SRIKAKULAM,-0.08421376393694634,0.05911572472126149,0.09356401384082338,0.13016532103037448,-1453.8288409065894,-2.1125563195566427E-4,-0.22145328719723184,0.2679584775086506,6895077
520,28,ANDHRA PRADESH,VISAKHAPATNAM,-0.1793771626297873,0.025862948563720376,0.05173394848134893,0.08421376393694674,-705848.9241581496,-0.05192212775459561,-0.31009611687812383,0.22145328719723184,13613577
521,28,ANDHRA PRADESH,VIZIANAGARAM,-0.09356401384082334,0.041584006151481244,0.06698961937716519,0.09842368319876918,-106432.50536614032,-0.01469950378186249,-0.2519646289888504,0.2519646289888504,7256513
523,28,ANDHRA PRADESH,WEST GODAVARI,-0.1476970396001709,-0.006841833946710323,0.013840830449827122,0.04158400615148101,-604181.7748302403,-0.06216055848696294,-0.2519646289888504,0.1929104190695886,9731922
628,12,ARUNACHAL PRADESH,ANJAW,-0.12456747404845071,0.1929104190695631,0.21413302575927537,0.236462898885031,512029.4864041431,0.06734710607481266,-0.2288965782391388,0.36472126105344094,7611073
229,12,ARUNACHAL PRADESH,CHANGLANG,-0.09356401384082538,0.12456747404846287,0.14769703960016314,0.17279507881584874,246443.843477802,0.039650837132557834,-0.19986159169550174,0.3278123798539023,6227191
230,12,ARUNACHAL PRADESH,DIBANG VALLEY,-0.10851211072665033,0.21413302575923973,0.23646289888503016,0.25990003844676146,940199.9552394031,0.07709846440553703,-0.2069357939254133,0.3839138792772011,12207130
231,12,ARUNACHAL PRADESH,EAST KAMENG,-0.09356401384082523,0.15378700499807701,0.1860822760477063,0.21413302575933213,275839.13671969145,0.049698978455693536,-0.17937716262975778,0.3278123798539023,5558425
233,12,ARUNACHAL PRADESH,KURUNG KUMEY,-0.09356401384082459,0.15999999999998826,0.19291041906956652,0.22145328719721877,277371.71680602897,0.049406636105480115,-0.19986159169550174,0.34602076124567477,5621269
234,12,ARUNACHAL PRADESH,LOHIT,-0.10340638216070762,0.13016532103036024,0.1663360246059246,0.20693579392541453,153275.52755431345,0.03975414285699023,-0.2069357939254133,0.3278123798539023,3863405
235,12,ARUNACHAL PRADESH,LOWER DIBANG VALLEY,-0.09842368319876435,0.14173010380622333,0.17279507881584963,0.21413302575932927,225632.87748455757,0.05032806083254107,-0.19986159169550174,0.37425605536332185,4491587
237,12,ARUNACHAL PRADESH,PAPUMPARE,-0.09842368319877204,0.14769703960017136,0.17279507881585016,0.19986159169548842,202523.87174508572,0.046827017710087925,-0.21413302575932336,0.3188927335640138,4333778
238,12,ARUNACHAL PRADESH,TAWANG,-0.1137408688965746,0.14769703960017136,0.17279507881584985,0.19986159169549111,166538.03763802644,0.05382920782043456,-0.2288965782391388,0.3278123798539023,3100277
239,12,ARUNACHAL PRADESH,TIRAP,-0.09842368319877078,0.16000000000001735,0.17937716262978393,0.1998615916954879,101632.30321714652,0.06908795936966843,-0.22145328719723184,0.31009611687812383,1474824
240,12,ARUNACHAL PRADESH,UPPER SIANG,-0.11909265667051612,0.16000000000000836,0.19986159169548656,0.23646289888503444,342052.8883557473,0.0400986776463832,-0.2069357939254133,0.3553094963475586,8540336
241,12,ARUNACHAL PRADESH,UPPER SUBANSIRI,-0.11374086889657453,0.1537870049980878,0.18608227604770144,0.21413302575933094,348194.2883758898,0.04241025281909666,-0.2069357939254133,0.3553094963475586,8220067
242,12,ARUNACHAL PRADESH,WEST KAMENG,-0.10340638216070334,0.13588619761632176,0.1600000000000139,0.19291041906958473,244886.86614087288,0.03968166862667065,-0.21413302575932336,0.3278123798539023,6178998
719,12,ARUNACHAL PRADESH,LOWER SIANG,-0.0669896193771635,0.16633602460592503,0.19291041906957895,0.2214532871972344,165171.30711409092,0.07225806951106856,-0.16633602460592078,0.33685505574778934,2292082
236,12,ARUNACHAL PRADESH,LOWER SUBANSIRI,-0.10340638216070364,0.12456747404845801,0.15378700499808534,0.1793771626297517,69178.97422979109,0.028300206168037932,-0.19986159169550174,0.31009611687812383,2449933
679,12,ARUNACHAL PRADESH,SIANG,-0.11374086889657416,0.13588619761631288,0.16633602460592498,0.19291041906957698,148025.69289917528,0.03383091770042099,-0.2069357939254133,0.3278123798539023,4383418
243,12,ARUNACHAL PRADESH,WEST SIANG,-0.09356401384082585,0.15378700499808937,0.1793771626297793,0.20693579392539835,88160.83905327186,0.05226815097099146,-0.186082276047674,0.3278123798539023,1691102
725,12,ARUNACHAL PRADESH,SHI YOMI,-0.11909265667051033,0.15378700499808667,0.186082276047695,0.22145328719724075,118925.22020639839,0.035745355699188804,-0.2069357939254133,0.33685505574778934,3331997
724,12,ARUNACHAL PRADESH,LEPA RADA,-0.08421376393694774,0.15999999999999864,0.18608227604768396,0.22145328719722696,59806.16133774015,0.061797143901018814,-0.186082276047674,0.34602076124567477,970650
723,12,ARUNACHAL PRADESH,PAKKE KESSANG,-0.09356401384082487,0.14769703960016978,0.17279507881585005,0.19291041906959375,123128.83963322535,0.05144660900569085,-0.186082276047674,0.3278123798539023,2399368
677,12,ARUNACHAL PRADESH,KRA DAADI,-0.10340638216070466,0.13588619761631893,0.16000000000000753,0.19291041906957676,78947.0392912362,0.03549480618241591,-0.19986159169550174,0.31009611687812383,2229870
678,12,ARUNACHAL PRADESH,NAMSAI,-0.035432525951556694,0.09356401384082445,0.1085121107266465,0.124567474048438,77149.55141806569,0.04564477056495503,-0.16000000000000003,0.2599000384467512,1693784
718,12,ARUNACHAL PRADESH,KAMLE,-0.10340638216070475,0.14769703960016758,0.17937716262976106,0.20693579392540967,77949.99118057836,0.044858566644973334,-0.19986159169550174,0.33685505574778934,1742339
232,12,ARUNACHAL PRADESH,EAST SIANG,-0.059115724721262974,0.13016532103036016,0.16000000000000741,0.1793771626297524,119828.05374006311,0.056444631789632375,-0.17279507881584008,0.31009611687812383,2127307
666,12,ARUNACHAL PRADESH,LONGDING,-0.08421376393694993,0.1663360246059066,0.18608227604770775,0.20693579392539918,98784.74807755108,0.08438194526606942,-0.186082276047674,0.29287197231833906,1174145
616,18,ASSAM,BAKSA,0.024605920799691802,0.13588619761633033,0.15378700499808337,0.1727950788158492,280036.87411207764,0.09194251462650102,-0.10340638216070744,0.29287197231833906,3055457
280,18,ASSAM,BARPETA,0.024605920799692198,0.17279507881576991,0.18608227604770408,0.1998615916954866,326459.05597522063,0.11453480753026071,-0.08421376393694734,0.3014225297962323,2859045
705,18,ASSAM,BISWANATH,0.004507316816299651,0.15378700499806577,0.1663360246059139,0.18608227604769165,257941.58856604167,0.09295544839706986,-0.11909265667051133,0.29287197231833906,2780367
281,18,ASSAM,BONGAIGAON,0.024605920799692763,0.17279507881585074,0.19291041906959325,0.2141330257593305,166001.9487571477,0.11929471597367018,-0.09356401384083046,0.3188927335640138,1397646
282,18,ASSAM,CACHAR,-0.02586115936446416,0.17279507881578124,0.19291041906957054,0.2069357939253877,488535.0013411148,0.1050253873844885,-0.19986159169550174,0.3278123798539023,4659875
708,18,ASSAM,CHARAIDEO,0.0026481681688444846,0.1417301038062276,0.15378700499808826,0.16633602460592484,116530.33826152555,0.09184517248330311,-0.11909265667051133,0.2599000384467512,1273387
612,18,ASSAM,CHIRANG,0.03844675124951935,0.1537870049980495,0.16633602460591163,0.17937716262976053,265123.8083556712,0.11101649994070993,-0.05911572472126105,0.3014225297962323,2393821
283,18,ASSAM,DARRANG,0.019930795847751058,0.16633602460588995,0.17937716262978,0.19986159169548903,209196.12496915835,0.10601337576522885,-0.09356401384083046,0.3188927335640138,1980527
284,18,ASSAM,DHEMAJI,-0.03254133025759344,0.113740868896586,0.1358861976163007,0.16633602460592414,188500.24418759608,0.060420238688936555,-0.16000000000000003,0.3278123798539023,3127982
285,18,ASSAM,DHUBRI,0.022206843521722416,0.17279507881581008,0.17937716262980347,0.19291041906960243,237793.23366507154,0.11528224537920657,-0.05911572472126105,0.3014225297962323,2073149
286,18,ASSAM,DIBRUGARH,-0.02220684352172242,0.1417301038062218,0.1663360246059244,0.1860822760476976,336747.77573084435,0.07931726693877707,-0.16000000000000003,0.2761399461745483,4254504
299,18,ASSAM,DIMA HASAO,-0.06698961937716273,0.15378700499803333,0.17279507881585082,0.18608227604770153,478537.41816469893,0.0793398708821939,-0.2288965782391388,0.31009611687812383,6041285
287,18,ASSAM,GOALPARA,0.03254133025759305,0.17279507881585104,0.18608227604770236,0.2069357939254065,293407.8186553901,0.12083115269837338,-0.07111111111111111,0.31009611687812383,2434900
288,18,ASSAM,GOLAGHAT,0.012056901191849335,0.1476970396001772,0.1599999999999966,0.1793771626297843,394336.04102479946,0.09812263493318162,-0.12456747404844293,0.28444444444444444,4029611
289,18,ASSAM,HAILAKANDI,0.010396001537870181,0.17937716262981857,0.19986159169548467,0.214133025759332,193674.45182344003,0.11880115646449217,-0.13588619761630144,0.3014225297962323,1635070
709,18,ASSAM,HOJAI,0.022206843521722416,0.15378700499806447,0.1727950788158505,0.19291041906957626,182027.46887479693,0.10074214806779665,-0.08421376393694734,0.3188927335640138,1811736
290,18,ASSAM,JORHAT,-0.002648496580449551,0.15378700499806192,0.17279507881585038,0.19291041906957293,221363.1556458182,0.09502003426257027,-0.14173010380622836,0.31009611687812383,2335717
618,18,ASSAM,KAMRUP METRO,0.004510112397613886,0.17937716262980438,0.19986159169548615,0.22145328719724564,135936.55550181973,0.11252378276742211,-0.1085121107266436,0.3278123798539023,1212134
291,18,ASSAM,KAMRUP RURAL,0.015747789311802884,0.17279507881585124,0.18608227604770824,0.20693579392539818,441324.5293755899,0.11370366233847191,-0.11374086889657825,0.31009611687812383,3891403
292,18,ASSAM,KARBI ANGLONG,-0.017777777777778454,0.17279507881579312,0.1860822760476628,0.20693579392538944,932404.4974182127,0.10240213734001341,-0.16000000000000003,0.31009611687812383,9120022
293,18,ASSAM,KARIMGANJ,0.04484429065743833,0.1929104190695467,0.20693579392538278,0.22145328719722882,301281.9487748201,0.13542583746808803,-0.08882737408688965,0.31009611687812383,2229526
294,18,ASSAM,KOKRAJHAR,0.02977316416762682,0.14769703960017413,0.16633602460592364,0.19291041906957432,384445.136981495,0.09930642786579208,-0.07972318339100345,0.3014225297962323,3879174
295,18,ASSAM,LAKHIMPUR,-0.017777777777777417,0.13016532103034723,0.14173010380621698,0.1600000000000002,277093.0266543858,0.07376571959568923,-0.16633602460592078,0.3188927335640138,3763908
706,18,ASSAM,MAJULI,-0.006815409444066962,0.15378700499808712,0.17279507881584952,0.1929104190695782,148287.2123692269,0.09329271226813693,-0.11374086889657825,0.28444444444444444,1595085
296,18,ASSAM,MARIGAON,0.024605920799692968,0.1663360246058803,0.1793771626297944,0.1998615916954887,216490.24378162972,0.11513221903607684,-0.08882737408688965,0.3014225297962323,1884753
297,18,ASSAM,NAGAON,0.029773164167628118,0.15999999999996387,0.17279507881585054,0.19291041906957798,364058.3145954772,0.11340806403822502,-0.08421376393694734,0.31009611687812383,3221993
298,18,ASSAM,NALBARI,0.01384083044982685,0.15378700499808917,0.16633602460592511,0.1793771626297513,128886.09126938235,0.09900137924574126,-0.07972318339100345,0.29287197231833906,1306375
300,18,ASSAM,SIBSAGAR,-0.0044737578487433,0.135886197616343,0.15378700499808742,0.1663360246059247,182730.79952696583,0.08954679426982098,-0.11909265667051133,0.2599000384467512,2046198
301,18,ASSAM,SONITPUR,0.004503672082160351,0.15378700499807885,0.17279507881585038,0.19291041906957937,340960.3465938503,0.09079824400579431,-0.11374086889657825,0.3278123798539023,3761187
707,18,ASSAM,SOUTH SALMARA MANCACHAR,-0.004509249841572676,0.16633602460592495,0.17937716262975106,0.1929104190695804,74183.02022139197,0.10668514439747949,-0.05911572472126105,0.2679584775086506,699403
302,18,ASSAM,TINSUKIA,-0.027128027681660855,0.13016532103033665,0.14769703960017247,0.16633602460592492,330171.64909608697,0.06883078101386149,-0.15378700499807765,0.31009611687812383,4805197
617,18,ASSAM,UDALGURI,0.012056901191848967,0.13016532103034023,0.14173010380620826,0.15999999999999595,210472.8018880258,0.08364656068994204,-0.09842368319876971,0.2761399461745483,2524545
710,18,ASSAM,WEST KARBI ANGLONG,9.045963039272884E-4,0.17279507881583686,0.19291041906958148,0.21413302575933094,413580.8334092929,0.10854352154378162,-0.13588619761630144,0.3278123798539023,3818912
188,10,BIHAR,ARARIA,0.013840830449826827,0.10851211072666218,0.1190926566705239,0.13588619761630444,263565.65327571816,0.07597340126546791,-0.09842368319876971,0.2519646289888504,3476505
611,10,BIHAR,ARWAL,9.10604744569982E-4,0.08421376393694961,0.09842368319876751,0.11909265667051391,39962.23366327549,0.05081153212876037,-0.08421376393694734,0.21413302575932336,790200
189,10,BIHAR,AURANGABAD,0.002654398066146448,0.07972318339100982,0.09842368319876987,0.12456747404843987,210568.89141123087,0.05181250066730533,-0.07972318339100345,0.2761399461745483,4071463
190,10,BIHAR,BANKA,-9.022341770119201E-4,0.103406382160737,0.11909265667052278,0.14173010380623455,246391.63838022752,0.06621075694715962,-0.14173010380622836,0.28444444444444444,3727975
191,10,BIHAR,BEGUSARAI,-0.013840830449827073,0.12456747404847192,0.14173010380622753,0.15999999999999964,175654.93866667477,0.07386489375963548,-0.09356401384083046,0.2519646289888504,2385201
200,10,BIHAR,KAIMUR,-0.03254133025759263,0.07535563244905563,0.10340638216072033,0.135886197616297,115703.14165388381,0.027889556040544335,-0.11374086889657825,0.28444444444444444,4155971
192,10,BIHAR,BHAGALPUR,0.00449171026189931,0.11909265667053313,0.13588619761632909,0.15378700499808795,252303.61872474398,0.07998313973257913,-0.08882737408688965,0.2679584775086506,3161985
193,10,BIHAR,BHOJPUR,-0.017777777777777802,0.08421376393695991,0.10340638216072254,0.13016532103037332,123273.03884017511,0.04174007337938643,-0.10340638216070744,0.2288965782391388,2959033
194,10,BIHAR,BUXAR,-0.019930795847750944,0.07535563244905252,0.09356401384082443,0.11374086889657402,73706.78305052462,0.03506114904534834,-0.09842368319876971,0.22145328719723184,2107650
195,10,BIHAR,DARBHANGA,0.002650570528258774,0.09356401384085716,0.10851211072665486,0.12456747404844594,180095.23364654125,0.05759349538833393,-0.1085121107266436,0.24415224913494812,3135810
196,10,BIHAR,GAYA,-0.006807461437539427,0.09356401384086716,0.10851211072665619,0.13588619761629983,352584.6184233719,0.057773550697451374,-0.13588619761630144,0.3188927335640138,6114662
197,10,BIHAR,GOPALGANJ,-0.015747789311802804,0.10340638216073345,0.11909265667052418,0.13016532103036502,140619.38843856627,0.055433276461705774,-0.07972318339100345,0.22145328719723184,2543564
199,10,BIHAR,JAHANABAD,0.002652721139169992,0.08421376393696547,0.09356401384083121,0.10851211072664273,61404.05846555006,0.05314457532594874,-0.06698961937716265,0.2599000384467512,1159636
198,10,BIHAR,JAMUI,-0.01993079584775136,0.11374086889658086,0.1476970396001554,0.1793771626297521,220444.68212204194,0.057837819358879834,-0.14769703960015382,0.31009611687812383,3819342
201,10,BIHAR,KATIHAR,0.008858131487889139,0.13588619761634915,0.15378700499806774,0.16633602460592511,337064.29110038007,0.08953199464773072,-0.10340638216070744,0.2679584775086506,3773694
202,10,BIHAR,KHAGARIA,0.006845269626436646,0.11374086889659199,0.13016532103037182,0.1537870049980807,133847.35045282939,0.07253396955644616,-0.08882737408688965,0.2519646289888504,1851170
203,10,BIHAR,KISHANGANJ,0.02220684352172227,0.11374086889658892,0.13016532103035713,0.14173010380622364,191023.43786839707,0.07955990469159728,-0.08421376393694734,0.2519646289888504,2408235
204,10,BIHAR,LAKHISARAI,0.006874066965660674,0.12456747404845711,0.1600000000000105,0.19291041906959727,110965.15656876196,0.07373236127979199,-0.13016532103037293,0.29287197231833906,1509373
205,10,BIHAR,MADHEPURA,0.038446751249520864,0.13016532103033618,0.14173010380621856,0.15378700499808642,213554.81841094844,0.09531000788201704,-0.07111111111111111,0.2599000384467512,2247230
206,10,BIHAR,MADHUBANI,0.008858131487889631,0.09842368319874392,0.10851211072665892,0.12456747404844744,272015.8730774197,0.06236455865055624,-0.09356401384083046,0.24415224913494812,4370352
207,10,BIHAR,MUNGER,0.006840845521116442,0.16000000000002276,0.1860822760477079,0.20693579392539374,165670.18017867213,0.09514638300224527,-0.08421376393694734,0.3014225297962323,1746408
208,10,BIHAR,MUZAFFARPUR,0.0026586991589145318,0.10851211072666438,0.11909265667052701,0.13588619761630577,261689.7887580001,0.06623800364844902,-0.11374086889657825,0.2519646289888504,3958875
209,10,BIHAR,NALANDA,-0.010396001537870242,0.07535563244906517,0.08882737408688861,0.10851211072663983,126307.85067504496,0.04322911293079924,-0.10340638216070744,0.2519646289888504,2929383
210,10,BIHAR,NAWADA,-0.004462309969560355,0.09842368319877086,0.12456747404844876,0.16000000000000253,173692.63554791737,0.05669355105689193,-0.13588619761630144,0.28444444444444444,3071041
211,10,BIHAR,PASHCHIMI CHAMPARAN,-0.0271280276816611,0.10851211072666699,0.12456747404846782,0.1417301038062343,398031.6370473782,0.06076051097449859,-0.13588619761630144,0.2761399461745483,6560379
212,10,BIHAR,PATNA,-0.006806181656090357,0.09842368319876625,0.11909265667051538,0.14173010380623616,216577.66931615953,0.054855898929741936,-0.11909265667051133,0.2364628988850442,3959090
213,10,BIHAR,PURBI CHAMPARAN,-0.006792685579636854,0.10851211072666181,0.11909265667053147,0.13588619761631385,291821.220496108,0.0588629102692135,-0.08882737408688965,0.24415224913494812,4966698
214,10,BIHAR,PURNIA,0.019930795847751155,0.12456747404847167,0.13588619761632237,0.15378700499808512,341532.4028831682,0.08533576271432645,-0.10340638216070744,0.2679584775086506,4010639
215,10,BIHAR,ROHTAS,-0.029773164167629672,0.08882737408687487,0.11909265667051717,0.15378700499808332,166149.63928282584,0.03508297426348144,-0.13588619761630144,0.3014225297962323,4743839
216,10,BIHAR,SAHARSA,0.02712802768165929,0.1301653210303419,0.14173010380621734,0.16000000000000564,178661.89284646342,0.08641240210702769,-0.07535563244905807,0.2679584775086506,2073256
217,10,BIHAR,SAMASTIPUR,0.004504335144096712,0.11374086889660749,0.1301653210303699,0.1417301038062422,238912.4659442142,0.0721300558159371,-0.09842368319876971,0.24415224913494812,3321029
218,10,BIHAR,SARAN,0.004514689309625793,0.11374086889659057,0.12456747404845923,0.14173010380623877,217971.80326534688,0.066534372861957,-0.07972318339100345,0.2519646289888504,3282541
219,10,BIHAR,SHEIKHPURA,0.0068617860081924015,0.08421376393696549,0.09356401384082944,0.10340638216070785,44959.64791509088,0.05375215145129608,-0.11374086889657825,0.2069357939254133,840498
220,10,BIHAR,SHEOHAR,-0.02712802768166168,0.07111111111111655,0.08882737408688289,0.10340638216070538,16255.126926934545,0.029358340360420905,-0.08421376393694734,0.1929104190695886,556991
221,10,BIHAR,SITAMARHI,-0.012056901191848662,0.07535563244906282,0.0888273740868857,0.10340638216070751,109938.20654474525,0.04024157712089182,-0.09356401384083046,0.2069357939254133,2739355
222,10,BIHAR,SIWAN,0.004519688662968528,0.09842368319873417,0.11374086889658899,0.12456747404845997,164953.39542622858,0.059755515977647757,-0.07972318339100345,0.2288965782391388,2766570
223,10,BIHAR,SUPAUL,0.027128027681660782,0.11909265667053472,0.1358861976163159,0.15378700499808434,255397.59183936365,0.08479128514882533,-0.08421376393694734,0.2599000384467512,3018897
224,10,BIHAR,VAISHALI,0.004514308109464746,0.12456747404847357,0.13588619761632514,0.1537870049980861,194689.1251347518,0.07711789697732581,-0.08882737408688965,0.2364628988850442,2529599
044,04,CHANDIGARH,CHANDIGARH,-0.147697039600157,0.006817370031127618,0.019930795847750822,0.03844675124951935,-7974.568465641403,-0.053612826981819246,-0.1929104190695886,0.17937716262975778,150026
646,22,CHHATTISGARH,BALOD,-0.06698961937716254,0.04158400615147168,0.055363321799303714,0.07535563244905358,19666.793131441744,0.004888671033373378,-0.17279507881584008,0.2364628988850442,4030747
644,22,CHHATTISGARH,BALODA BAZAR,-0.04822760476739796,0.05536332179930847,0.0711111111111168,0.08882737408689018,68765.26366575174,0.012269571022979944,-0.17279507881584008,0.21413302575932336,5614038
649,22,CHHATTISGARH,BALRAMPUR,-0.04822760476739813,0.07535563244904757,0.09842368319877091,0.11909265667051186,170682.4473124312,0.022347407661181547,-0.16633602460592078,0.24415224913494812,7650578
374,22,CHHATTISGARH,BASTAR,-0.13016532103036296,-0.013840830449826806,8.974647974396315E-4,0.022206843521722426,-384292.62496773084,-0.06021391124784844,-0.2288965782391388,0.186082276047674,6393305
650,22,CHHATTISGARH,BEMETARA,-0.01574778931180284,0.07535563244906568,0.08882737408688003,0.10851211072664674,107609.27770964742,0.04000335722819332,-0.11374086889657825,0.186082276047674,2697016
636,22,CHHATTISGARH,BIJAPUR,-0.12456747404845905,0.012056901191848853,0.03254133025758976,0.059115724721263904,-442178.49048437155,-0.040503332836483746,-0.2288965782391388,0.1929104190695886,10931393
375,22,CHHATTISGARH,BILASPUR,-0.035432525951558005,0.07111111111110081,0.0842137639369604,0.10340638216071094,123635.51146070524,0.028931882329117854,-0.12456747404844293,0.2679584775086506,4282196
734,22,CHHATTISGARH,GAURELA-PENDRA-MARWAHI,-0.03844675124952077,0.07111111111111923,0.0842137639369445,0.10340638216070364,61186.03227015152,0.02533616458111705,-0.13016532103037293,0.24415224913494812,2420209
376,22,CHHATTISGARH,DAKSHIN BASTAR DANTEWADA,-0.14173010380623938,-0.010396001537870294,0.010396001537870245,0.03543252595155672,-208917.14813207203,-0.0627818750305331,-0.2599000384467512,0.16633602460592078,3336766
377,22,CHHATTISGARH,DHAMTARI,-0.08882737408688028,0.03543252595155258,0.048227604767400414,0.06698961937716344,-41760.403213875106,-0.008567097273874374,-0.19986159169550174,0.2069357939254133,4882863
378,22,CHHATTISGARH,DURG,-0.02977316416762643,0.07535563244906698,0.08882737408689183,0.10340638216070816,97976.48399375977,0.03560502494230948,-0.11374086889657825,0.22145328719723184,2758101
645,22,CHHATTISGARH,GARIYABAND,-0.0753556324490525,0.04484429065744849,0.0591157247212593,0.07972318339100622,-4644.487533026201,-8.043674648977636E-4,-0.21413302575932336,0.24415224913494812,5784384
379,22,CHHATTISGARH,JANJGIR - CHAMPA,-0.022206843521721677,0.07972318339100483,0.09356401384084685,0.10851211072664807,224722.90661721202,0.04159239857380604,-0.15378700499807765,0.2599000384467512,5413703
380,22,CHHATTISGARH,JASHPUR,-0.04822760476739638,0.07535563244904833,0.09356401384082266,0.11374086889657449,161096.03048745255,0.022738297087749153,-0.15378700499807765,0.2519646289888504,7094864
382,22,CHHATTISGARH,KABIRDHAM,-0.017777777777778357,0.1137408688965952,0.13588619761631904,0.1599999999999989,301211.4143567516,0.05958479900989349,-0.11909265667051133,0.28444444444444444,5063228
381,22,CHHATTISGARH,UTTAR BASTAR KANKER,-0.08882737408688574,0.03844675124951647,0.05536332179930531,0.07972318339100458,-84615.5727847167,-0.009892586793200367,-0.1929104190695886,0.22145328719723184,8566278
643,22,CHHATTISGARH,KONDAGAON,-0.11909265667051976,-0.015747789311802794,-9.336022171199513E-4,0.017777777777777604,-339793.3386666845,-0.05639016486394182,-0.21413302575932336,0.17279507881584008,6035251
383,22,CHHATTISGARH,KORBA,-0.051733948481351884,0.08421376393696475,0.10851211072665545,0.13588619761630566,246938.800956893,0.03096478498975636,-0.16633602460592078,0.2761399461745483,7984432
384,22,CHHATTISGARH,KOREA,-0.048227604767397486,0.07111111111111879,0.09356401384082527,0.11909265667051412,155310.78966921935,0.01933117056195152,-0.14769703960015382,0.2519646289888504,8044955
385,22,CHHATTISGARH,MAHASAMUND,-0.048227604767394065,0.06698961937717449,0.08421376393695514,0.10851211072664153,135515.960271615,0.023811567833861538,-0.16000000000000003,0.2519646289888504,5701522
647,22,CHHATTISGARH,MUNGELI,-0.03543252595155916,0.0753556324490491,0.0888273740868842,0.10851211072664298,114807.61959263748,0.03427882275441976,-0.14173010380622836,0.24415224913494812,3357558
637,22,CHHATTISGARH,NARAINPUR,-0.11909265667051966,0.027128027681661605,0.048227604767395835,0.07535563244905537,-172622.6808904125,-0.037334094135659156,-0.21413302575932336,0.2069357939254133,4632332
386,22,CHHATTISGARH,RAIGARH,-0.03844675124952048,0.07972318339101821,0.09842368319877416,0.12456747404844767,281289.6284349298,0.03313529070034929,-0.16000000000000003,0.2599000384467512,8502955
387,22,CHHATTISGARH,RAIPUR,-0.04484429065743812,0.05536332179930338,0.06698961937717202,0.08421376393694953,51280.33302767922,0.014734014226335242,-0.14769703960015382,0.1929104190695886,3486230
388,22,CHHATTISGARH,RAJ NANDGAON,-0.04484429065744196,0.07111111111111337,0.09356401384082803,0.12456747404844871,240474.50158932758,0.02490340818013512,-0.16000000000000003,0.2761399461745483,9670842
642,22,CHHATTISGARH,SUKMA,-0.1301653210303626,-0.024605920799692812,-0.00450207332760861,0.01993079584775123,-449207.38859353337,-0.06969052894298089,-0.2288965782391388,0.17279507881584008,6458280
648,22,CHHATTISGARH,SURAJPUR,-0.04484429065743865,0.07972318339101646,0.10340638216072169,0.13016532103037348,177549.73427155532,0.02675961917509141,-0.14173010380622836,0.2761399461745483,6646511
389,22,CHHATTISGARH,SURGUJA,-0.051733948481350135,0.07111111111111876,0.09356401384082302,0.11909265667050774,94957.77599607632,0.01955750534979894,-0.15378700499807765,0.2519646289888504,4864080
463,38,DADRA & NAGAR HAVELI & DAMAN & DIU,DAMAN,-0.1190926566705137,-0.008858131487889206,0.0026386850754520044,0.01777777777777775,-4669.480965480803,-0.05482676487225231,-0.17937716262975778,0.11909265667051133,86148
464,38,DADRA & NAGAR HAVELI & DAMAN & DIU,DIU,-0.17279507881583986,0.017777777777777812,0.03543252595155691,0.05173394848135313,-2905.653978635923,-0.06292711223912688,-0.22145328719723184,0.1085121107266436,47012
465,38,DADRA & NAGAR HAVELI & DAMAN & DIU,DADRA & NAGAR HAVELI,-0.13016532103037365,8.892687669613586E-4,0.01574778931180289,0.03254133025759357,-25770.137429745413,-0.0441858954122914,-0.24415224913494812,0.11909265667051133,587628
077,07,DELHI,CENTRAL,-0.11909265667051379,0.04158400615148099,0.05536332179930706,0.07111111111111061,-2978.1916298255856,-0.022005409843417353,-0.17937716262975778,0.16633602460592078,137139
078,07,DELHI,EAST,-0.1417301038062264,-0.010396001537870079,0.008858131487889276,0.03254133025759328,-2918.075826643036,-0.07292437743776634,-0.16633602460592078,0.13588619761630144,40526
079,07,DELHI,NEW DELHI,-0.10340638216070976,0.027128027681661743,0.04158400615148073,0.05911572472126136,-4091.7202866461184,-0.020574507720764683,-0.16633602460592078,0.15378700499807765,200534
080,07,DELHI,NORTH,-0.11374086889657671,0.02712802768166165,0.04158400615148097,0.059115724721261045,-8546.343887160136,-0.023024418757010473,-0.17279507881584008,0.186082276047674,373407
081,07,DELHI,NORTH EAST,-0.11374086889657797,0.029773164167627653,0.04484429065743942,0.06299115724721278,-1334.5453146075192,-0.029756214098169562,-0.16000000000000003,0.14769703960015382,45774
082,07,DELHI,NORTH WEST,-0.11909265667051518,0.027128027681661535,0.041584006151480675,0.05911572472126124,-6102.213874782269,-0.031240862663966907,-0.1929104190695886,0.15378700499807765,197251
671,07,DELHI,SHAHADRA,-0.13588619761630127,-0.01574778931180312,-9.79977345271926E-4,0.022206843521722416,-3096.348507406742,-0.07073175941695944,-0.16633602460592078,0.09842368319876971,44424
083,07,DELHI,SOUTH,-0.10340638216070826,0.03254133025759132,0.0415840061514811,0.05536332179930717,-2727.2210826908185,-0.01348944996492852,-0.17937716262975778,0.1929104190695886,203572
084,07,DELHI,SOUTH WEST,-0.09842368319877162,0.05911572472126419,0.0797231833910019,0.09356401384082724,-1995.6495147113103,-0.005546672839126584,-0.16000000000000003,0.21413302575932336,362148
085,07,DELHI,WEST,-0.12456747404843971,0.017777777777777462,0.035432525951556576,0.05536332179930847,-7715.162098917365,-0.0461589926295897,-0.17279507881584008,0.17279507881584008,168657
670,07,DELHI,SOUTH EAST,-0.13588619761630127,0.015747789311803154,0.03543252595155701,0.05911572472126104,-5974.289693105024,-0.04635789472514083,-0.17937716262975778,0.15378700499807765,130060
551,30,GOA,NORTH GOA,-0.1860822760476891,-0.017777777777778593,0.0026364828678081703,0.027128027681661507,-166640.58180960052,-0.08242299091324504,-0.2761399461745483,0.1929104190695886,2026943
552,30,GOA,SOUTH GOA,-0.18608227604769093,-0.029773164167629994,-0.006838834645604733,0.015747789311802953,-206308.8587208781,-0.09117645731010969,-0.28444444444444444,0.16000000000000003,2268792
673,24,GUJARAT,MORBI,-0.1190926566705145,0.012056901191850208,0.0271280276816632,0.041584006151481175,-230008.1158852347,-0.03811764897067863,-0.2761399461745483,0.17279507881584008,6044416
438,24,GUJARAT,AHMADABAD,-0.1085121107266515,0.024605920799688315,0.038446751249513765,0.05173394848134856,-204467.78455050595,-0.023319691717167478,-0.2288965782391388,0.17279507881584008,8784863
440,24,GUJARAT,ANAND,-0.08882737408688537,0.038446751249516194,0.05173394848134715,0.0669896193771635,-5879.619189360667,-0.0015333296525382406,-0.186082276047674,0.17937716262975778,3842291
674,24,GUJARAT,DEVBHUMI DWARKA,-0.16000000000000122,-0.02460592079969323,-0.0026508431512345613,0.032541330257593655,-358686.45132079,-0.0715642936593665,-0.2761399461745483,0.19986159169550174,5023982
447,24,GUJARAT,JAMNAGAR,-0.1301653210303705,0.01039600153787031,0.027128027681661813,0.04158400615148113,-260380.99927981547,-0.03646857039264943,-0.2599000384467512,0.1929104190695886,7153837
449,24,GUJARAT,KACHCHH,-0.19986159169548529,0.08421376393696109,0.1034063821607353,0.13016532103034328,-1161019.619633844,-0.023411106452590324,-0.3014225297962323,0.2288965782391388,49630741
443,24,GUJARAT,BHAVNAGAR,-0.14173010380623643,0.009638599945943793,0.025816061072140108,0.04158400615148113,-286839.9517646177,-0.03532339319674707,-0.2679584775086506,0.2519646289888504,8129986
442,24,GUJARAT,BHARUCH,-0.09356401384082574,0.04158400615147854,0.055363321799305525,0.07111111111111545,-43946.57856977935,-0.0074143473266778765,-0.2069357939254133,0.16633602460592078,5942322
459,24,GUJARAT,SURAT,-0.10340638216071828,0.051733948481344966,0.06299115724722434,0.07972318339101238,-25670.58626412884,-0.004943612306620404,-0.2519646289888504,0.16633602460592078,5202601
453,24,GUJARAT,NAVSARI,-0.09842368319877086,0.03254133025758723,0.04822760476739723,0.06299115724721129,-46346.07630038087,-0.017596073952687752,-0.2364628988850442,0.17279507881584008,2640202
462,24,GUJARAT,VALSAD,-0.11374086889657667,0.01205690119184954,0.027128027681661428,0.04158400615148106,-119977.56486768974,-0.0341382740842726,-0.24415224913494812,0.16633602460592078,3524114
672,24,GUJARAT,ARAVALLI,-0.11909265667051998,0.00680989353515167,0.029773164167627136,0.06299115724721134,-177403.8156071457,-0.04626222701309292,-0.2364628988850442,0.21413302575932336,3843076
441,24,GUJARAT,BANAS KANTHA,-0.10340638216072096,0.03254133025758799,0.05536332179930396,0.08421376393695333,-288788.21757865144,-0.02191111755068303,-0.2761399461745483,0.2288965782391388,13197838
668,24,GUJARAT,CHHOTA UDEPUR,-0.098423683198771,0.038446751249517935,0.055363321799303755,0.07111111111111507,-58861.15854994035,-0.014116782433298045,-0.2288965782391388,0.19986159169550174,4179280
445,24,GUJARAT,DAHOD,-0.10340638216071159,0.01777777777777921,0.0384467512495213,0.05911572472126394,-141493.05084235498,-0.03206465927488378,-0.21413302575932336,0.19986159169550174,4420485
444,24,GUJARAT,DANGS,-0.11909265667051071,-0.004494997446547744,0.012056901191848804,0.032541330257592836,-108406.89504498917,-0.05138077187878669,-0.21413302575932336,0.17279507881584008,2115144
675,24,GUJARAT,GIR SOMNATH,-0.14769703960015595,-0.013840830449827016,8.881062783051408E-4,0.017777777777777462,-189114.0037979551,-0.05982072024033555,-0.29287197231833906,0.11374086889657825,3168667
448,24,GUJARAT,JUNAGADH,-0.12456747404844824,-9.308012786518214E-4,0.013840830449826582,0.032541330257593995,-365972.2751081515,-0.04967455559446527,-0.2761399461745483,0.15378700499807765,7380122
669,24,GUJARAT,MAHISAGAR,-0.12456747404845689,0.013840830449826695,0.03254133025759265,0.05536332179930889,-107162.54464702407,-0.03513819032639976,-0.2288965782391388,0.17937716262975778,3057162
452,24,GUJARAT,NARMADA,-0.1417301038062183,0.04158400615148012,0.05536332179930468,0.07111111111111554,-52317.72276185035,-0.015444007076009698,-0.2519646289888504,0.17937716262975778,3395262
454,24,GUJARAT,PANCH MAHALS,-0.10851211072664385,0.017777777777779235,0.03254133025759258,0.051733948481352245,-113863.01621763001,-0.028652092149171606,-0.22145328719723184,0.17279507881584008,3982812
458,24,GUJARAT,SABAR KANTHA,-0.11909265667050833,0.022206843521721593,0.05173394848134967,0.07972318339101223,-169792.1998836964,-0.03280188940103498,-0.2519646289888504,0.22145328719723184,5187838
641,24,GUJARAT,TAPI,-0.1727950788158505,0.041584006151481265,0.0629911572472112,0.08882737408688698,-117167.4099865453,-0.03115274377927662,-0.2599000384467512,0.2069357939254133,3771978
461,24,GUJARAT,VADODARA,-0.08882737408689038,0.05173394848134594,0.06299115724722387,0.07972318339101393,-4219.300131096887,-8.545894347781928E-4,-0.2069357939254133,0.16633602460592078,4946678
439,24,GUJARAT,AMRELI,-0.11374086889657734,-9.337620757954179E-4,0.010396001537870295,0.024605920799692132,-365153.78152267885,-0.041614174498472774,-0.2599000384467512,0.13588619761630144,8788427
456,24,GUJARAT,PORBANDAR,-0.19291041906958037,-0.008858131487889808,0.00681347779416211,0.022206843521722416,-196129.45395625982,-0.07054892279097705,-0.28444444444444444,0.11909265667051133,2788240
457,24,GUJARAT,RAJKOT,-0.1301653210303751,0.0068128210728842006,0.01993079584775263,0.035432525951558255,-350648.3823175811,-0.03786309817857873,-0.2679584775086506,0.16000000000000003,9279397
460,24,GUJARAT,SURENDRANAGAR,-0.1190926566705205,0.006811871977532552,0.019930795847752664,0.03254133025759266,-464675.3041025882,-0.041832858708671046,-0.24415224913494812,0.2069357939254133,11127032
676,24,GUJARAT,BOTAD,-0.10340638216070522,0.012056901191849248,0.022206843521722273,0.03543252595155939,-96931.06222953416,-0.032439674520953164,-0.2599000384467512,0.12456747404844293,2995174
450,24,GUJARAT,KHEDA,-0.07972318339100701,0.0325413302575898,0.04822760476739884,0.06299115724721123,-41917.75526602838,-0.010054930106782073,-0.186082276047674,0.22145328719723184,4177913
451,24,GUJARAT,MAHESANA,-0.09356401384082401,0.012056901191849646,0.022206843521720778,0.038446751249519975,-149706.06450542394,-0.02781784792225052,-0.2288965782391388,0.186082276047674,5393193
446,24,GUJARAT,GANDHINAGAR,-0.09356401384082493,0.012056901191849404,0.022206843521720494,0.03543252595155852,-68522.60009710072,-0.02681862319040015,-0.1929104190695886,0.22145328719723184,2563098
455,24,GUJARAT,PATAN,-0.098423683198767,0.022206843521722096,0.038446751249521495,0.05536332179930844,-151635.69231240219,-0.021490803897383795,-0.2519646289888504,0.19986159169550174,7069966
058,06,HARYANA,AMBALA,-0.09356401384082533,0.01574778931180281,0.03254133025759324,0.04822760476739428,-54997.80915823831,-0.028123949541877552,-0.17937716262975778,0.17937716262975778,1963507
059,06,HARYANA,BHIWANI,-0.09356401384082406,0.006812017254769152,0.019930795847752182,0.03543252595155873,-135767.1828195296,-0.032425108793298095,-0.1929104190695886,0.186082276047674,4194676
060,06,HARYANA,FARIDABAD,-0.11374086889657362,0.024605920799691136,0.04484429065743792,0.06698961937716272,-25703.407407894032,-0.02728301672064239,-0.17937716262975778,0.2069357939254133,945230
061,06,HARYANA,FATEHABAD,-0.09356401384082826,-0.013840830449825897,-0.002653598598882209,0.01039600153787022,-142107.00794523946,-0.0438594703423781,-0.1929104190695886,0.13588619761630144,3246738
062,06,HARYANA,GURUGRAM,-0.10340638216070368,0.03543252595156002,0.05173394848134931,0.07535563244905952,-26951.672569761173,-0.017015299584428076,-0.19986159169550174,0.2364628988850442,1589083
063,06,HARYANA,HISAR,-0.09356401384083718,-0.00450355237009319,0.010396001537870283,0.027128027681661716,-204065.8335400181,-0.03920201106490273,-0.186082276047674,0.17279507881584008,5213950
064,06,HARYANA,JHAJJAR,-0.08421376393694846,0.01993079584775253,0.0354325259515596,0.05536332179930793,-63849.69873994611,-0.02704018343870351,-0.186082276047674,0.22145328719723184,2367667
065,06,HARYANA,JIND,-0.09356401384082326,-0.019930795847753053,-0.006836552888898225,0.010396001537870203,-173565.89025641128,-0.04965236292813203,-0.186082276047674,0.14769703960015382,3503951
066,06,HARYANA,KAITHAL,-0.098423683198769,-0.0271280276816654,-0.01205690119184841,0.010396001537870224,-157833.53862858017,-0.054009411548299406,-0.1929104190695886,0.16633602460592078,2929802
067,06,HARYANA,KARNAL,-0.09356401384082201,0.015747789311802807,0.03543252595155875,0.0591157247212637,-112777.0364232526,-0.0354695933372811,-0.19986159169550174,0.17937716262975778,3186602
068,06,HARYANA,KURUKSHETRA,-0.09356401384082211,0.022206843521722832,0.041584006151481195,0.06299115724721129,-75687.33620769721,-0.035061241079353773,-0.1929104190695886,0.17279507881584008,2164099
069,06,HARYANA,MAHENDRAGARH,-0.07535563244905423,0.024605920799692215,0.04158400615148118,0.06698961937716315,-34058.12106415713,-0.013916177879655295,-0.17937716262975778,0.24415224913494812,2455293
604,06,HARYANA,MEWAT,-0.07111111111111512,0.059115724721264855,0.08421376393694714,0.10851211072664503,1291.4182233993297,6.74912179245378E-4,-0.16633602460592078,0.2599000384467512,1920287
619,06,HARYANA,PALWAL,-0.08421376393694865,0.0026311015204312066,0.015747789311802814,0.0354325259515573,-54666.27596518399,-0.03181203642952847,-0.17937716262975778,0.16633602460592078,1723336
070,06,HARYANA,PANCHKULA,-0.10340638216070716,0.11374086889657381,0.1417301038062351,0.17937716262975426,22109.32167326026,0.01936855606934817,-0.19986159169550174,0.3278123798539023,1145979
071,06,HARYANA,PANIPAT,-0.088827374086885,0.013840830449826938,0.032541330257592566,0.055363321799306656,-51230.99641863326,-0.030741746022973294,-0.186082276047674,0.17937716262975778,1670732
072,06,HARYANA,REWARI,-0.07535563244905766,0.044844290657451144,0.059115724721255106,0.07535563244905194,-1758.0962061347773,-8.941090652220791E-4,-0.17279507881584008,0.2288965782391388,1972079
073,06,HARYANA,ROHTAK,-0.08882737408688895,0.004478246515237518,0.0222068435217215,0.038446751249519184,-80466.86904670346,-0.037852420840163006,-0.17937716262975778,0.19986159169550174,2130843
074,06,HARYANA,SIRSA,-0.10340638216071263,-0.017777777777779804,-0.006847854691713676,0.006817995396004567,-277962.33285737725,-0.05073086956733029,-0.21413302575932336,0.16000000000000003,5487960
075,06,HARYANA,SONIPAT,-0.08882737408687999,8.935930293889401E-4,0.015747789311802814,0.03543252595155808,-107033.24396676767,-0.03849150568405685,-0.186082276047674,0.17279507881584008,2786505
076,06,HARYANA,YAMUNANAGAR,-0.08421376393694843,0.035432525951558526,0.05536332179930745,0.08882737408688818,-29585.36580955133,-0.013326832673060483,-0.17937716262975778,0.29287197231833906,2225647
701,06,HARYANA,CHARKHI DADRI,-0.08421376393694861,0.019930795847752324,0.032541330257593815,0.04822760476739527,-37147.27487583964,-0.021147095821065318,-0.17937716262975778,0.22145328719723184,1761774
015,02,HIMACHAL PRADESH,BILASPUR,-0.15378700499808404,0.13588619761629744,0.16633602460592464,0.19291041906958278,32613.678092677503,0.021429090134900554,-0.2519646289888504,0.3278123798539023,1527049
016,02,HIMACHAL PRADESH,CHAMBA,-0.13588619761629642,0.21413302575927495,0.23646289888505012,0.25990003844675935,744910.6868911746,0.08638858288712609,-0.2679584775086506,0.36472126105344094,8634536
017,02,HIMACHAL PRADESH,HAMIRPUR,-0.11374086889657481,0.07972318339101318,0.11374086889657425,0.15378700499808176,-10295.316086398414,-0.00704873295847084,-0.22145328719723184,0.31009611687812383,1464411
018,02,HIMACHAL PRADESH,KANGRA,-0.17279507881585024,0.1599999999999785,0.19986159169548656,0.22889657823911547,213813.52941236267,0.028305645549012225,-0.2761399461745483,0.34602076124567477,7565612
020,02,HIMACHAL PRADESH,KULLU,-0.1358861976163015,0.2141330257592459,0.23646289888499297,0.2599000384467651,671196.1913711283,0.0931880254681133,-0.2519646289888504,0.36472126105344094,7211360
022,02,HIMACHAL PRADESH,MANDI,-0.1476970396001611,0.15378700499808834,0.19291041906959086,0.22145328719724183,174580.136416666,0.03376460402322482,-0.2599000384467512,0.3553094963475586,5177402
023,02,HIMACHAL PRADESH,SHIMLA,-0.17279507881584946,0.17937716262977677,0.21413302575933296,0.24415224913493855,273635.2810038829,0.04097358194691276,-0.2599000384467512,0.36472126105344094,6689722
024,02,HIMACHAL PRADESH,SIRMAUR,-0.13016532103036782,0.1476970396001686,0.17937716262976516,0.21413302575932958,115260.1638983369,0.0314631411880731,-0.2519646289888504,0.34602076124567477,3670428
025,02,HIMACHAL PRADESH,SOLAN,-0.10851211072664493,0.14173010380622802,0.1727950788158495,0.19986159169549017,86098.92088607996,0.034187683637036975,-0.2288965782391388,0.36472126105344094,2524974
026,02,HIMACHAL PRADESH,UNA,-0.1301653210303666,0.09356401384082255,0.11909265667050924,0.15378700499807793,4844.398891167523,0.002401103678230082,-0.2761399461745483,0.3014225297962323,2022495
019,02,HIMACHAL PRADESH,KINNAUR,-0.07972318339100498,0.19986159169548318,0.22145328719722202,0.2441522491349291,879845.1085873148,0.10340690828055395,-0.24415224913494812,0.3553094963475586,8518904
021,02,HIMACHAL PRADESH,LAHUL & SPITI,-0.025856164671762622,0.19986159169548282,0.2214532871972209,0.23646289888501454,2084761.1505951681,0.11308193993236089,-0.16633602460592078,0.33685505574778934,18455211
,01,JAMMU & KASHMIR,MIRPUR,-0.15378700499808756,0.13016532103036302,0.16633602460592484,0.1998615916954923,64112.89672851871,0.013279175127567485,-0.24415224913494812,0.33685505574778934,4837249
,01,JAMMU & KASHMIR,MUZAFFARABAD,-0.11909265667050994,0.2761399461745153,0.3014225297962159,0.3368550557478252,798265.1218839176,0.12288770090477452,-0.2519646289888504,0.454963475586313,6508506
010,01,JAMMU & KASHMIR,PUNCH,-0.12456747404844268,0.1929104190695965,0.22889657823912615,0.2599000384467722,321937.2830795854,0.056561590554899954,-0.2364628988850442,0.3839138792772011,5700333
001,01,JAMMU & KASHMIR,ANANTNAG,-0.1358861976162976,0.24415224913492423,0.2761399461745563,0.3014225297962022,321615.7234071926,0.08789184458250007,-0.24415224913494812,0.41362552864282975,3666744
003,01,JAMMU & KASHMIR,BARAMULA,-0.14769703960016234,0.19291041906960898,0.22889657823912063,0.2599000384467803,120951.04963600247,0.04354737413604387,-0.2288965782391388,0.39369473279507883,2783290
007,01,JAMMU & KASHMIR,KATHUA,-0.11374086889657571,0.14769703960017225,0.1793771626297785,0.21413302575933107,131298.1744692157,0.03968808519775966,-0.2519646289888504,0.36472126105344094,3314635
014,01,JAMMU & KASHMIR,UDHAMPUR,-0.13588619761629978,0.1663360246059251,0.19986159169548764,0.22889657823914825,165629.85996841645,0.054710633897610814,-0.2599000384467512,0.3839138792772011,3033474
002,01,JAMMU & KASHMIR,BADGAM,-0.15378700499808307,0.19986159169548465,0.22145328719721596,0.24415224913493916,62513.152503241174,0.03723965505518665,-0.2519646289888504,0.36472126105344094,1682823
623,01,JAMMU & KASHMIR,BANDIPURA,-0.08421376393694596,0.2761399461745533,0.3014225297961755,0.3278123798539191,794555.3337558758,0.14516844319809258,-0.22145328719723184,0.4340484429065744,5482179
626,01,JAMMU & KASHMIR,GANDERBAL,-0.10340638216070448,0.2599000384467654,0.2844444444444697,0.31009611687812255,258959.16013957618,0.11850560612306568,-0.22145328719723184,0.41362552864282975,2192068
622,01,JAMMU & KASHMIR,KULGAM,-0.11909265667051241,0.21413302575925344,0.2441522491349275,0.26795847750867496,148326.04783928863,0.08760433824144914,-0.2288965782391388,0.37425605536332185,1698369
008,01,JAMMU & KASHMIR,KUPWARA,-0.1358861976162958,0.21413302575931006,0.2519646289888447,0.2844444444444571,233334.85348398154,0.06286781488204493,-0.24415224913494812,0.42377547097270285,3717596
011,01,JAMMU & KASHMIR,PULWAMA,-0.1476970396001593,0.18608227604768504,0.23646289888505584,0.2761399461745578,30740.143236099146,0.025520963070534895,-0.2519646289888504,0.3839138792772011,1208381
012,01,JAMMU & KASHMIR,RAJAURI,-0.08421376393694843,0.1860822760477053,0.2141330257593263,0.24415224913493702,258792.9038883114,0.07363362812327778,-0.22145328719723184,0.3553094963475586,3521026
621,01,JAMMU & KASHMIR,RAMBAN,-0.13016532103036962,0.20693579392539,0.24415224913493208,0.26795847750866486,139245.79152482003,0.0810180228519019,-0.2519646289888504,0.39369473279507883,1722238
627,01,JAMMU & KASHMIR,RIASI,-0.10340638216070613,0.22145328719720758,0.25196462898884464,0.2761399461745438,236250.43599073886,0.09171769881541361,-0.2288965782391388,0.3839138792772011,2582725
625,01,JAMMU & KASHMIR,SHUPIYAN,-0.11909265667051261,0.1358861976163078,0.15378700499808554,0.17937716262975326,31852.11296311792,0.04700759713217249,-0.21413302575932336,0.28444444444444444,681043
013,01,JAMMU & KASHMIR,SRINAGAR,-0.19291041906958398,0.05173394848135451,0.08882737408688965,0.13016532103037418,-20132.82665230727,-0.05317508671789892,-0.2679584775086506,0.34602076124567477,381957
620,01,JAMMU & KASHMIR,KISHTWAR,-0.0935640138408247,0.2519646289889126,0.2761399461745355,0.30142252979622175,1523344.549761282,0.13937078079743057,-0.2364628988850442,0.40359861591695495,10942149
004,01,JAMMU & KASHMIR,DODA,-0.15999999999999537,0.19291041906960477,0.2288965782391353,0.2599000384467589,155119.49999325818,0.048408146872619955,-0.24415224913494812,0.39369473279507883,3210495
624,01,JAMMU & KASHMIR,SAMBA,-0.10851211072664102,0.11374086889657396,0.14173010380623705,0.17279507881584577,10350.343613340006,0.00843093858002236,-0.2069357939254133,0.31009611687812383,1231705
005,01,JAMMU & KASHMIR,JAMMU,-0.11374086889657509,0.13588619761631582,0.1663360246059249,0.19986159169549203,51417.143251340385,0.016082162250823328,-0.24415224913494812,0.36472126105344094,3204791
322,20,JHARKHAND,BOKARO,0.001771646950858095,0.14173010380625656,0.15378700499803902,0.17279507881584957,323214.0536025905,0.09209181023379084,-0.2069357939254133,0.3188927335640138,3518062
323,20,JHARKHAND,CHATRA,-0.041584006151481154,0.07972318339101622,0.09842368319876556,0.12456747404844769,140640.55923855136,0.030207061541862014,-0.14769703960015382,0.2679584775086506,4666877
325,20,JHARKHAND,DHANBAD,-0.004497144225135669,0.1417301038062523,0.1599999999999992,0.17937716262975123,238352.7037464216,0.09586109674657166,-0.13016532103037293,0.3188927335640138,2490976
324,20,JHARKHAND,DEOGHAR,-0.010396001537870252,0.09842368319874152,0.11374086889659983,0.13016532103037765,173089.40942411285,0.05684995854241116,-0.11909265667051133,0.2679584775086506,3050828
326,20,JHARKHAND,DUMKA,0.006867969263076734,0.12456747404847027,0.14769703960016548,0.179377162629751,358429.3625839829,0.07782295709876753,-0.14173010380622836,0.28444444444444444,4613615
328,20,JHARKHAND,GARHWA,-0.03254133025759267,0.08882737408687925,0.11374086889658275,0.14173010380623882,182282.01382207044,0.036342466168570564,-0.12456747404844293,0.2599000384467512,5023969
329,20,JHARKHAND,GIRIDIH,-0.019930795847751384,0.10340638216073164,0.12456747404846176,0.14769703960016148,317257.1488247772,0.052193039034340166,-0.11909265667051133,0.3014225297962323,6087886
330,20,JHARKHAND,GODDA,0.013840830449827516,0.13016532103035564,0.1537870049980886,0.1860822760476956,214047.0500953135,0.07622887595147221,-0.08421376393694734,0.29287197231833906,2814180
331,20,JHARKHAND,GUMLA,-0.04822760476739567,0.07535563244905095,0.0935640138408219,0.11909265667051024,146645.7451179913,0.02254335561986467,-0.14769703960015382,0.2599000384467512,6516036
332,20,JHARKHAND,HAZARIBAGH,-0.02977316416762792,0.10340638216072737,0.1245674740484547,0.147697039600156,269644.5169187915,0.050857775177450756,-0.19986159169550174,0.2761399461745483,5315097
333,20,JHARKHAND,JAMTARA,-0.010396001537870105,0.10851211072666352,0.1190926566705273,0.13588619761629833,148741.92936868587,0.06736457388221556,-0.13588619761630144,0.2761399461745483,2214404
606,20,JHARKHAND,KHUNTI,-0.017777777777778968,0.12456747404846576,0.14173010380622034,0.16633602460592473,200063.87652117037,0.062583356742645,-0.1085121107266436,0.31009611687812383,3204257
334,20,JHARKHAND,KODARMA,-0.022206843521722416,0.10851211072665333,0.1301653210303771,0.15378700499808168,103612.26279799166,0.0515549677268115,-0.15378700499807765,0.28444444444444444,2016064
335,20,JHARKHAND,LATEHAR,-0.055363321799310354,0.06698961937717055,0.08882737408688354,0.11909265667050789,85446.50376269459,0.01651985537756942,-0.14769703960015382,0.24415224913494812,5182155
336,20,JHARKHAND,LOHARDAGA,-0.04822760476739496,0.06698961937716988,0.08882737408688002,0.11909265667050839,35250.62879526344,0.019227920391928218,-0.13588619761630144,0.2364628988850442,1838361
337,20,JHARKHAND,PAKUR,0.024605920799691736,0.12456747404846369,0.14173010380622447,0.16633602460592453,180582.86384389512,0.08172073145760597,-0.05911572472126105,0.2761399461745483,2216228
338,20,JHARKHAND,PALAMU,-0.024605920799691348,0.09842368319876091,0.11909265667052157,0.14769703960016298,228505.29722616012,0.04225469160143817,-0.12456747404844293,0.2761399461745483,5416996
343,20,JHARKHAND,WEST SINGHBHUM,0.004505364749950993,0.14769703960015862,0.16633602460588257,0.19291041906959294,756185.2904355532,0.08668047344572141,-0.12456747404844293,0.3278123798539023,8734513
327,20,JHARKHAND,EAST SINGHBHUM,0.027128027681661223,0.16633602460589855,0.18608227604770497,0.21413302575933207,447485.9106855611,0.10410408966548036,-0.09356401384083046,0.3188927335640138,4306723
607,20,JHARKHAND,RAMGARH,0.008858131487889208,0.14173010380620718,0.15999999999999576,0.1793771626297526,155260.63282635622,0.09140454703110588,-0.12456747404844293,0.3014225297962323,1705200
339,20,JHARKHAND,RANCHI,-0.02977316416762843,0.1190926566705317,0.14173010380622697,0.172795078815849,360629.24613411183,0.0595046833616383,-0.17279507881584008,0.3188927335640138,6072574
340,20,JHARKHAND,SAHIBGANJ,0.012056901191849398,0.1599999999999767,0.1793771626298084,0.19986159169548595,261398.10318419014,0.09686752013083548,-0.07111111111111111,0.28444444444444444,2704649
341,20,JHARKHAND,SARAIKELA-KHARSAWAN,-0.024605920799692624,0.14769703960012887,0.17279507881584985,0.1998615916954896,314548.25270735845,0.09764136588532506,-0.11374086889657825,0.33685505574778934,3228630
342,20,JHARKHAND,SIMDEGA,-0.03254133025759245,0.09356401384084397,0.1137408688965809,0.1358861976162992,186770.2280817158,0.040886368314497046,-0.11909265667051133,0.2679584775086506,4575865
524,29,KARNATAKA,BAGALKOT,-0.1476970396001706,0.027128027681664592,0.04158400615147744,0.05536332179930608,-207111.54575646546,-0.027160125147144474,-0.2679584775086506,0.14173010380622836,7637876
528,29,KARNATAKA,BALLARI,-0.1537870049980581,0.00885813148788961,0.029773164167630123,0.05536332179930484,-587861.0516017844,-0.06000577799142332,-0.2519646289888504,0.21413302575932336,9811668
527,29,KARNATAKA,BELAGAVI,-0.13588619761630835,0.019930795847754038,0.03254133025758878,0.044844290657443976,-535383.2920570528,-0.034259647182353796,-0.2761399461745483,0.16633602460592078,15647841
526,29,KARNATAKA,BENGALURU RURAL,-0.17279507881585005,-0.06698961937716863,-0.05173394848135142,-0.02712802768166132,-291142.0962734173,-0.110334481130296,-0.2519646289888504,0.14769703960015382,2647699
525,29,KARNATAKA,BENGALURU URBAN,-0.16000000000001352,-0.04484429065744971,-0.03254133025759477,-0.013840830449826692,-228741.0333650441,-0.09080124216950104,-0.2519646289888504,0.15378700499807765,2525378
529,29,KARNATAKA,BIDAR,-0.08421376393694702,0.04484429065745208,0.05536332179930707,0.06698961937716823,-1092.4954968276943,-1.7074333606509828E-4,-0.2288965782391388,0.14173010380622836,6408943
531,29,KARNATAKA,CHAMARAJANAGAR,-0.1998615916954887,-0.03703606314060323,-0.012999679055656072,0.016781343284466073,-635730.3022237006,-0.0984999230077079,-0.3839138792772011,0.17279507881584008,6464990
630,29,KARNATAKA,CHIK BALLAPUR,-0.1727950788158509,-0.05536332179930358,-0.02712802768166039,0.006812932509894407,-528616.4576495851,-0.10832674376188808,-0.2679584775086506,0.14173010380622836,4888990
532,29,KARNATAKA,CHIKKAMAGALURU,-0.25196462898884453,-0.0629911572472168,-0.041584006151481216,-0.013003077270823877,-1061123.5538548536,-0.1281711848809206,-0.40359861591695495,0.14173010380622836,8290158
533,29,KARNATAKA,CHITRADURGA,-0.17279507881585016,-0.0482276047673942,-0.027128027681661386,0.002642001544522358,-944180.8936939545,-0.09709059131715927,-0.28444444444444444,0.17279507881584008,9737571
534,29,KARNATAKA,DAKSHINA KANNADA,-0.22889657823913817,-0.07972318339101624,-0.06299115724721117,-0.04158400615148102,-773800.3237698271,-0.13892375350926134,-0.3839138792772011,0.11909265667051133,5579048
535,29,KARNATAKA,DAVANGERE,-0.166336024605925,-0.02712802768166445,-0.008858131487889028,0.012056901191849014,-593044.3780284706,-0.08675437131924417,-0.28444444444444444,0.16000000000000003,6847089
536,29,KARNATAKA,DHARWAD,-0.1301653210303599,-0.01993079584775376,-0.008858131487889748,0.006800949839696223,-282344.8484781208,-0.05719896809398558,-0.2364628988850442,0.14173010380622836,4944779
537,29,KARNATAKA,GADAG,-0.1358861976163348,-0.013840830449825245,-0.0045099965947820635,0.01039600153787025,-315047.83373257617,-0.05834566246923076,-0.2288965782391388,0.16633602460592078,5409858
539,29,KARNATAKA,HASSAN,-0.22145328719727483,-0.07972318339101844,-0.06299115724721115,-0.035432525951556985,-1003227.9414200783,-0.1283447545058805,-0.3553094963475586,0.13588619761630144,7828705
540,29,KARNATAKA,HAVERI,-0.1537870049980671,-0.029773164167630824,-0.012056901191849436,0.010396001537870247,-448990.3281622577,-0.08055065893903991,-0.24415224913494812,0.13016532103037293,5582700
538,29,KARNATAKA,KALABURAGI,-0.0753556324490504,0.05911572472126164,0.0669896193771752,0.0797231833910145,180481.70915461011,0.014079683667157604,-0.21413302575932336,0.16633602460592078,12835141
541,29,KARNATAKA,KODAGU,-0.28444444444447065,-0.08882737408688121,-0.07111111111111741,-0.051733948481353396,-765510.5585472243,-0.16304497565852735,-0.40359861591695495,0.14173010380622836,4703960
542,29,KARNATAKA,KOLAR,-0.17937716262977627,-0.07111111111111984,-0.05173394848134908,-0.02460592079969274,-518263.4435852033,-0.11346910311391263,-0.2761399461745483,0.14769703960015382,4576751
543,29,KARNATAKA,KOPPAL,-0.13588619761632723,-0.008858131487889378,0.006810480720090241,0.024605920799691337,-384191.54072878463,-0.05946297222680959,-0.2364628988850442,0.17937716262975778,6471180
544,29,KARNATAKA,MANDYA,-0.17279507881585035,-0.055363321799301146,-0.035432525951560025,-0.01384083044982674,-589328.690763441,-0.10365869762584848,-0.2761399461745483,0.15378700499807765,5695228
545,29,KARNATAKA,MYSURU,-0.17937716262976908,-0.041584006151476845,-0.024605920799691584,-0.0026527538783174347,-682186.8162947581,-0.09454943528640797,-0.28444444444444444,0.15378700499807765,7227650
546,29,KARNATAKA,RAICHUR,-0.11909265667052635,0.006814822989797067,0.02220684352172117,0.03543252595155651,-394593.746601961,-0.04018722981784252,-0.22145328719723184,0.14769703960015382,9829398
631,29,KARNATAKA,RAMANAGARAM,-0.16633602460592492,-0.03543252595155823,-0.013840830449827105,0.015747789311802936,-375254.1856047114,-0.09322198191272602,-0.2519646289888504,0.14173010380622836,4034113
547,29,KARNATAKA,SHIVAMOGGA,-0.2069357939253838,-0.03543252595155636,-0.01993079584775213,-0.0026538846139944608,-938335.0937604909,-0.09605991176221249,-0.31009611687812383,0.13588619761630144,9782492
548,29,KARNATAKA,TUMAKURU,-0.16633602460592317,-0.055363321799303304,-0.03254133025759325,0.004480749228670989,-1226915.2783312297,-0.10069674230426201,-0.2599000384467512,0.17279507881584008,12204538
549,29,KARNATAKA,UDUPI,-0.21413302575933094,-0.07972318339101624,-0.059115724721264536,-0.03254133025759363,-543295.2728338996,-0.1319276006375283,-0.34602076124567477,0.14769703960015382,4125180
550,29,KARNATAKA,UTTARA KANNADA,-0.18608227604770278,-0.02977316416763043,-0.010396001537870276,0.012056901191849182,-1028010.066991787,-0.08654386216502825,-0.31009611687812383,0.17937716262975778,11893283
530,29,KARNATAKA,VIJAYAPURA,-0.08882737408688754,0.035432525951559185,0.04822760476739379,0.059115724721257645,-51312.341329760304,-0.004189089631726166,-0.2761399461745483,0.17937716262975778,12262243
635,29,KARNATAKA,YADGIR,-0.11374086889657743,0.015747789311802787,0.02977316416762893,0.0448442906574381,-234762.19624601235,-0.03817273484503183,-0.24415224913494812,0.16000000000000003,6160245
554,32,KERALA,ALAPPUZHA,-0.3014225297961818,0.005775872285844626,0.051733948481354756,0.07972318339100583,-254016.04150513466,-0.15774245910703263,-0.39369473279507883,0.16000000000000003,1615612
555,32,KERALA,ERNAKULAM,-0.3278123798539434,-0.12456747404846714,-0.0984236831987652,-0.06698961937716279,-710949.7206709564,-0.20456133570893692,-0.4340484429065744,0.16633602460592078,3482949
556,32,KERALA,IDUKKI,-0.39369473279498385,-0.15378700499807035,-0.12456747404845295,-0.08882737408688583,-1273462.971795495,-0.2575337407225954,-0.47637062668204533,0.09842368319876971,4955513
557,32,KERALA,KANNUR,-0.2519646289888448,-0.09842368319876985,-0.07972318339101085,-0.05536332179930735,-535221.5927775006,-0.15783180634048322,-0.40359861591695495,0.09842368319876971,3397343
558,32,KERALA,KASARAGOD,-0.24415224913493175,-0.10340638216072505,-0.08421376393694911,-0.06299115724721141,-360047.69368420076,-0.15779465181305855,-0.3839138792772011,0.07972318339100345,2288384
559,32,KERALA,KOLLAM,-0.3553094963475584,-0.17279507881585088,-0.1476970396001601,-0.11374086889657621,-705132.1753996845,-0.25074420705125056,-0.46560553633217994,0.12456747404844293,2818601
560,32,KERALA,KOTTAYAM,-0.3553094963475619,-0.11374086889657599,-0.03697942347486884,0.025897302977642835,-598448.1959140052,-0.23922584960047108,-0.46560553633217994,0.14769703960015382,2507427
561,32,KERALA,KOZHIKODE,-0.25196462898884475,-0.09842368319875819,-0.07535563244905316,-0.04822760476739597,-415096.60413349234,-0.15494938497388822,-0.40359861591695495,0.14173010380622836,2684454
562,32,KERALA,MALAPPURAM,-0.25990003844675946,-0.0935640138408397,-0.06698961937716578,-0.037012070301305204,-629809.2557553299,-0.15548205464086012,-0.39369473279507883,0.13016532103037293,4058183
563,32,KERALA,PALAKKAD,-0.31889273356405956,-0.08882737408687832,-0.0629911572472112,-0.037052988303746585,-849908.8638640165,-0.16656860554772948,-0.46560553633217994,0.1085121107266436,5112539
564,32,KERALA,PATTANAMTHITTA,-0.3647212610534412,-0.16633602460592514,-0.1358861976162971,-0.09842368319877189,-775576.7506189569,-0.25820642419815604,-0.48725874663590923,0.09842368319876971,3011006
565,32,KERALA,THIRUVANANTHAPURAM,-0.355309496347536,-0.17937716262978995,-0.15378700499808562,-0.11909265667050893,-637363.2136421317,-0.25696608773114155,-0.454963475586313,0.10340638216070744,2485730
566,32,KERALA,TRISSUR,-0.31009611687810157,-0.09842368319876803,-0.06299115724721131,-0.009662295828615934,-629036.1019966543,-0.18254707637810208,-0.42377547097270285,0.15378700499807765,3453173
567,32,KERALA,WAYANAD,-0.2761399461745476,-0.0842137639369553,-0.06299115724721119,-0.038446751249519386,-371876.6783033305,-0.1528240332755762,-0.3839138792772011,0.11374086889657825,2438701
009,37,LADAKH,LEH,-0.07111111111111684,0.1998615916954882,0.2288965782390984,0.25990003844678844,1.800005770620245E7,0.08590147967116243,-0.2364628988850442,0.41362552864282975,209611635
006,37,LADAKH,KARGIL,-0.03254133025759236,0.206935793925378,0.22889657823910892,0.2519646289888658,2162396.830849205,0.11341660331316455,-0.15378700499807765,0.42377547097270285,19084969
553,31,LAKSHADWEEP,LAKSHADWEEP,-0.26795847750865076,-0.09356401384083035,-0.07535563244905814,-0.04822760476739715,-4858.99719004004,-0.1542674188596958,-0.31009611687812383,0.06698961937716265,33702
667,23,MADHYA PRADESH,AGAR MALWA,-0.09842368319877096,0.035432525951557534,0.048227604767395474,0.06299115724721129,-35538.14150467083,-0.010660777833426933,-0.2288965782391388,0.16000000000000003,3340865
639,23,MADHYA PRADESH,ALIRAJPUR,-0.10851211072665211,0.044844290657446474,0.06698961937717064,0.08882737408689294,-92610.10707683938,-0.02302624746447656,-0.22145328719723184,0.2069357939254133,4031207
390,23,MADHYA PRADESH,ANUPPUR,-0.029773164167627313,0.09842368319875693,0.11909265667052367,0.1417301038062269,198919.67064454817,0.04345038436431967,-0.14769703960015382,0.2599000384467512,4589056
391,23,MADHYA PRADESH,ASHOKNAGAR,-0.07972318339100662,0.04484429065745033,0.06299115724721115,0.08421376393694575,-18269.27212179444,-0.00314215366919669,-0.19986159169550174,0.2288965782391388,5822740
392,23,MADHYA PRADESH,BALAGHAT,-0.02712802768166049,0.08421376393696574,0.10340638216072377,0.13016532103036926,454482.5613998826,0.040840691531332934,-0.16000000000000003,0.28444444444444444,11141974
393,23,MADHYA PRADESH,BARWANI,-0.07535563244905959,0.05911572472125078,0.07535563244904538,0.09356401384082338,59691.18792335506,0.009144606639257244,-0.22145328719723184,0.1929104190695886,6536978
394,23,MADHYA PRADESH,BETUL,-0.05173394848135035,0.07535563244905667,0.08882737408687873,0.10851211072664724,275260.8877721449,0.022755793211611888,-0.22145328719723184,0.2364628988850442,12110448
395,23,MADHYA PRADESH,BHIND,-0.04158400615148121,0.06698961937717485,0.07972318339101447,0.0935640138408245,133297.7748243571,0.023974902694109228,-0.15378700499807765,0.2069357939254133,5571431
396,23,MADHYA PRADESH,BHOPAL,-0.06299115724721127,0.05173394848134636,0.06698961937717043,0.08421376393694677,32019.281855478304,0.009509353314796057,-0.186082276047674,0.1929104190695886,3374356
397,23,MADHYA PRADESH,BURHANPUR,-0.048227604767393795,0.07535563244905442,0.08882737408688075,0.10340638216071345,95944.43749668417,0.024809257353531577,-0.1929104190695886,0.1929104190695886,3873783
398,23,MADHYA PRADESH,CHHATARPUR,-0.07111111111111758,0.04822760476739342,0.07111111111111741,0.09842368319877326,-33509.9875522429,-0.0031413587800564924,-0.19986159169550174,0.2364628988850442,10687142
399,23,MADHYA PRADESH,CHHINDWARA,-0.03543252595155899,0.0935640138408612,0.10851211072665996,0.12456747404845775,592297.1937389859,0.041607446916592565,-0.1929104190695886,0.2599000384467512,14251129
400,23,MADHYA PRADESH,DAMOH,-0.05911572472126353,0.04158400615147587,0.05911572472126317,0.07972318339100601,6545.516664086277,7.345999847692704E-4,-0.19986159169550174,0.2519646289888504,8922849
401,23,MADHYA PRADESH,DATIA,-0.06299115724721126,0.04484429065744261,0.06698961937716513,0.08421376393694528,-12461.610175756672,-0.0037428345822957507,-0.19986159169550174,0.2364628988850442,3340498
402,23,MADHYA PRADESH,DEWAS,-0.06299115724721122,0.05911572472124822,0.075355632449045,0.09842368319876924,71897.55421108294,0.00846790505474082,-0.186082276047674,0.2069357939254133,8505726
403,23,MADHYA PRADESH,DHAR,-0.09842368319877111,0.048227604767394114,0.06698961937717102,0.08882737408688643,-57711.60330737765,-0.0058555817896279345,-0.2288965782391388,0.19986159169550174,9867234
404,23,MADHYA PRADESH,DINDORI,-0.027128027681662528,0.10851211072666328,0.12456747404846683,0.1417301038062281,389358.89020339586,0.05592168084390011,-0.15378700499807765,0.24415224913494812,6974940
405,23,MADHYA PRADESH,EAST NIMAR,-0.1358861976163575,0.041584006151465416,0.05536332179930256,0.06698961937716597,-55931.261535560814,-0.0062210713546262,-0.2599000384467512,0.22145328719723184,9002549
406,23,MADHYA PRADESH,GUNA,-0.07972318339101334,0.04822760476739557,0.06698961937716798,0.08421376393694464,-54929.514035861706,-0.007016095164400875,-0.2069357939254133,0.1929104190695886,7842335
407,23,MADHYA PRADESH,GWALIOR,-0.07111111111111652,0.06698961937717383,0.08882737408688267,0.11374086889657371,50998.685182134286,0.009000106944127659,-0.21413302575932336,0.24415224913494812,5674029
408,23,MADHYA PRADESH,HARDA,-0.07111111111111568,0.03543252595155622,0.04822760476739826,0.06299115724721122,-27658.344199585743,-0.00686365774976762,-0.186082276047674,0.16633602460592078,4035848
409,23,MADHYA PRADESH,HOSHANGABAD,-0.07535563244905341,0.06698961937717143,0.08882737408688719,0.11374086889657438,157460.31597348597,0.019477733648024652,-0.1929104190695886,0.2761399461745483,8095645
410,23,MADHYA PRADESH,INDORE,-0.09356401384082358,0.03254133025758884,0.05173394848134813,0.07972318339100633,-108429.65650235204,-0.022926507683609206,-0.2288965782391388,0.2069357939254133,4738802
411,23,MADHYA PRADESH,JABALPUR,-0.04158400615148105,0.09356401384084193,0.10851211072665212,0.1301653210303704,235612.43127548817,0.038080650113515156,-0.17937716262975778,0.2599000384467512,6198352
412,23,MADHYA PRADESH,JHABUA,-0.08882737408688132,0.04822760476739381,0.06299115724721115,0.07535563244905015,-15573.012913612229,-0.003732294795335189,-0.1929104190695886,0.17279507881584008,4179358
413,23,MADHYA PRADESH,KATNI,-0.059115724721264376,0.06299115724722829,0.0797231833910145,0.10340638216071522,89502.74098584183,0.01452154949439216,-0.186082276047674,0.2288965782391388,6175594
415,23,MADHYA PRADESH,MANDLA,-0.03844675124951935,0.1034063821607369,0.11909265667052735,0.1417301038062313,473234.66573344124,0.05207854616348672,-0.17937716262975778,0.2599000384467512,9100880
416,23,MADHYA PRADESH,MANDSAUR,-0.17279507881585116,0.029773164167631618,0.04158400615148128,0.05911572472126414,-139940.36826420893,-0.02061329382233373,-0.2679584775086506,0.19986159169550174,6799773
417,23,MADHYA PRADESH,MORENA,-0.07535563244905157,0.05536332179930035,0.06698961937717106,0.08882737408688365,15443.648438346634,0.002486564853363085,-0.21413302575932336,0.2288965782391388,6223463
418,23,MADHYA PRADESH,NARSHIMAPURA,-0.02220684352172176,0.1137408688965702,0.13016532103033948,0.14173010380622034,366351.7226076921,0.05884679339635687,-0.14173010380622836,0.24415224913494812,6236392
419,23,MADHYA PRADESH,NIMACH,-0.15999999999995235,0.03254133025759038,0.05173394848135026,0.07972318339100315,-130223.76288998961,-0.02474810050318279,-0.2679584775086506,0.22145328719723184,5274602
420,23,MADHYA PRADESH,PANNA,-0.06698961937716727,0.04484429065744881,0.06299115724721116,0.09356401384082583,407.6741288086796,4.685407519493161E-5,-0.19986159169550174,0.2679584775086506,8717597
421,23,MADHYA PRADESH,RAISEN,-0.044844290657438036,0.07535563244906464,0.09356401384083068,0.11374086889657417,290568.4530450041,0.02821925824599682,-0.2069357939254133,0.22145328719723184,10312010
422,23,MADHYA PRADESH,RAJGARH,-0.07972318339100572,0.05536332179930888,0.06698961937717265,0.08421376393694703,79419.96156125797,0.010552695720944657,-0.2288965782391388,0.19986159169550174,7535187
423,23,MADHYA PRADESH,RATLAM,-0.08421376393695254,0.04158400615146982,0.05536332179930479,0.07535563244904885,-67444.35636320426,-0.011412686657065196,-0.2288965782391388,0.186082276047674,5920371
424,23,MADHYA PRADESH,REWA,-0.04158400615148117,0.06299115724721972,0.08421376393695082,0.10851211072664324,181197.65421872924,0.02341236499157784,-0.14769703960015382,0.28444444444444444,7751995
425,23,MADHYA PRADESH,SAGAR,-0.04822760476739781,0.06698961937717508,0.08421376393696006,0.10340638216071563,236867.46219168074,0.018904741094452355,-0.21413302575932336,0.2364628988850442,12549508
426,23,MADHYA PRADESH,SATNA,-0.07972318339101098,0.05911572472125431,0.08421376393694598,0.11374086889657549,95973.19939352124,0.010396704799105878,-0.21413302575932336,0.2599000384467512,9250027
427,23,MADHYA PRADESH,SEHORE,-0.04822760476739406,0.05911572472125923,0.07535563244905152,0.09356401384082354,128100.38377464103,0.016086004316275597,-0.19986159169550174,0.21413302575932336,7979648
428,23,MADHYA PRADESH,SEONI,-0.05173394848134942,0.07972318339100874,0.09842368319876317,0.11909265667051588,347578.77633989387,0.03287304789498239,-0.186082276047674,0.2519646289888504,10587279
429,23,MADHYA PRADESH,SHAHDOL,-0.0753556324490507,0.06299115724721707,0.07972318339101214,0.10340638216070429,147352.9294004055,0.021289511857439734,-0.19986159169550174,0.2599000384467512,6933487
430,23,MADHYA PRADESH,SHAJAPUR,-0.05911572472126441,0.04822760476739035,0.06299115724721117,0.07535563244904896,31504.58320161431,0.007481288435638386,-0.22145328719723184,0.17279507881584008,4219787
431,23,MADHYA PRADESH,SHEOPUR,-0.09356401384085727,0.03844675124951452,0.059115724721255626,0.08882737408688816,-195093.59366807182,-0.023833914337969386,-0.2288965782391388,0.2519646289888504,8196536
432,23,MADHYA PRADESH,SHIVPURI,-0.07972318339100949,0.04158400615147378,0.0629911572472122,0.08421376393694852,-99014.25106173533,-0.0077955292462406145,-0.21413302575932336,0.2519646289888504,12718231
433,23,MADHYA PRADESH,SIDHI,-0.032541330257592,0.08882737408688511,0.11374086889657369,0.14173010380623458,194154.64813786373,0.03321655297893101,-0.12456747404844293,0.2599000384467512,5855562
638,23,MADHYA PRADESH,SINGRAULI,-0.05911572472126451,0.07972318339101594,0.10340638216071904,0.1301653210303715,147148.78575606836,0.020853091687797868,-0.19986159169550174,0.2761399461745483,7066555
434,23,MADHYA PRADESH,TIKAMGARH,-0.07111111111111544,0.027128027681662913,0.044844290657439466,0.06698961937716211,-55453.96259576275,-0.01210608869442323,-0.19986159169550174,0.21413302575932336,4588875
435,23,MADHYA PRADESH,UJJAIN,-0.08882737408688775,0.024605920799690324,0.03844675124952015,0.055363321799306066,-166352.5387677734,-0.022426431017785128,-0.22145328719723184,0.16633602460592078,7431237
436,23,MADHYA PRADESH,UMARIA,-0.035432525951556874,0.08421376393696259,0.10340638216072313,0.13016532103037495,207970.27133895166,0.03730019475104929,-0.17937716262975778,0.2519646289888504,5584765
437,23,MADHYA PRADESH,VIDISHA,-0.059115724721262024,0.04484429065745144,0.06299115724721117,0.07972318339100984,36255.66292494771,0.004066057895825052,-0.17937716262975778,0.2069357939254133,8929692
414,23,MADHYA PRADESH,WEST NIMAR,-0.0669896193771634,0.04822760476739228,0.06299115724721636,0.07972318339100996,63482.150810835454,0.006571471610966545,-0.22145328719723184,0.17937716262975778,9673296
722,23,MADHYA PRADESH,NIVARI,-0.07111111111111587,0.032541330257593606,0.05173394848135064,0.07535563244905931,-22685.26672271537,-0.013904485526930216,-0.16633602460592078,0.2069357939254133,1640914
466,27,MAHARASHTRA,AHAMADNAGAR,-0.09842368319876948,0.03844675124951338,0.05173394848134603,0.06698961937716545,-112265.75380971227,-0.005551777793864507,-0.28444444444444444,0.16633602460592078,20247712
467,27,MAHARASHTRA,AKOLA,-0.03844675124951942,0.07111111111111586,0.07972318339101764,0.09356401384082333,213156.3659356753,0.03280998266671969,-0.1929104190695886,0.186082276047674,6508098
468,27,MAHARASHTRA,AMARAVATI,-0.06299115724721124,0.0842137639369612,0.09842368319874371,0.11374086889658142,520876.0837493565,0.0356354599155633,-0.2288965782391388,0.22145328719723184,14634927
469,27,MAHARASHTRA,AURANGABAD,-0.08882737408688905,0.04822760476738886,0.059115724721252955,0.07111111111111723,40285.169995914366,0.00334776475097036,-0.2288965782391388,0.1929104190695886,12049449
471,27,MAHARASHTRA,BHANDARA,-0.04484429065744046,0.07535563244906425,0.09356401384082734,0.11374086889657431,168393.14332294805,0.03400343119958566,-0.186082276047674,0.2519646289888504,4961610
470,27,MAHARASHTRA,BID,-0.0629911572472113,0.05536332179931581,0.06698961937717335,0.07972318339101256,164250.3687097284,0.013111610456465878,-0.22145328719723184,0.17937716262975778,12544794
472,27,MAHARASHTRA,BULDHANA,-0.05911572472126364,0.06299115724723651,0.0753556324490563,0.08882737408687558,220229.4282135675,0.01895923400466126,-0.2069357939254133,0.17937716262975778,11630150
473,27,MAHARASHTRA,CHANDRAPUR,-0.04822760476739753,0.06698961937717636,0.07972318339101754,0.09356401384083164,331843.5913798972,0.024549483228521938,-0.17937716262975778,0.21413302575932336,13530633
474,27,MAHARASHTRA,DHULE,-0.07111111111111351,0.044844290657450915,0.05911572472125998,0.07535563244905288,19678.43938177664,0.002286668904459904,-0.2288965782391388,0.1929104190695886,8617611
475,27,MAHARASHTRA,GADCHIROLI,-0.06299115724721117,0.04484429065744884,0.06299115724721117,0.08882737408688586,10992.143643617432,6.383548413847485E-4,-0.186082276047674,0.2364628988850442,17237884
476,27,MAHARASHTRA,GONDIA,-0.0482276047673949,0.06299115724722038,0.0797231833910132,0.09842368319876695,142683.74537596465,0.0229927239904306,-0.16633602460592078,0.2679584775086506,6215661
477,27,MAHARASHTRA,HINGOLI,-0.10340638216070411,0.05911572472125472,0.07111111111111905,0.08421376393694537,91845.22409669112,0.016439076020440174,-0.2288965782391388,0.16633602460592078,5596711
478,27,MAHARASHTRA,JALGAON,-0.06698961937716243,0.06299115724723439,0.07972318339101304,0.10340638216072436,182080.49612220554,0.012915401852704936,-0.2069357939254133,0.1929104190695886,14113319
479,27,MAHARASHTRA,JALNA,-0.05536332179930828,0.05173394848134433,0.05911572472124933,0.07111111111111759,120002.6705845214,0.013166857947977393,-0.19986159169550174,0.15378700499807765,9127228
480,27,MAHARASHTRA,KOLHAPUR,-0.15378700499808245,0.006817644226440603,0.019930795847752508,0.03543252595155909,-407709.9577439893,-0.04558750420028419,-0.2679584775086506,0.14769703960015382,8961350
481,27,MAHARASHTRA,LATUR,-0.06698961937716426,0.04484429065745558,0.0553633217993057,0.06698961937716942,44525.91133179777,0.005250607181893129,-0.19986159169550174,0.14769703960015382,8490449
482,27,MAHARASHTRA,MUMBAI CITY,-0.14173010380622617,-0.019930795847750815,-0.0026759247773304193,0.015747789311803182,-5331.4613298343,-0.07065913344435981,-0.21413302575932336,0.08421376393694734,76546
484,27,MAHARASHTRA,NAGPUR,-0.03543252595155745,0.10851211072666472,0.11909265667053165,0.13016532103036169,695244.3511708558,0.05865525325616807,-0.17279507881584008,0.2599000384467512,11865192
485,27,MAHARASHTRA,NANDED,-0.04822760476739552,0.06698961937717636,0.07972318339101707,0.08882737408688744,344673.8772880453,0.027681445603950836,-0.19986159169550174,0.186082276047674,12472028
486,27,MAHARASHTRA,NANDURBAR,-0.09356401384082885,0.07111111111111537,0.08882737408687617,0.10851211072664887,91747.0329096008,0.012832721011410508,-0.2288965782391388,0.2069357939254133,7163183
487,27,MAHARASHTRA,NASHIK,-0.10340638216070502,0.03254133025758838,0.04822760476739832,0.07111111111111518,-249548.86112716596,-0.013511452523452885,-0.28444444444444444,0.19986159169550174,18486361
488,27,MAHARASHTRA,USMANABAD,-0.0753556324490541,0.03254133025758911,0.044844290657445114,0.0591157247212613,-76051.86609879445,-0.008535659339975053,-0.21413302575932336,0.14769703960015382,8925215
665,27,MAHARASHTRA,PALGHAR,-0.12456747404844237,0.006812855640452466,0.022206843521721097,0.04158400615148107,-270354.9824016806,-0.04320734409827842,-0.2364628988850442,0.17279507881584008,6266083
489,27,MAHARASHTRA,PARBHANI,-0.05536332179930837,0.051733948481344175,0.06299115724721831,0.071111111111118,130191.65094866214,0.01744512284704925,-0.2069357939254133,0.14769703960015382,7474260
490,27,MAHARASHTRA,PUNE,-0.13588619761629875,0.04484429065745194,0.06299115724721115,0.07972318339101005,-134821.66450225384,-0.00731003721455868,-0.2519646289888504,0.2069357939254133,18462996
491,27,MAHARASHTRA,RAYGAD,-0.11374086889657563,0.0415840061514813,0.05911572472126494,0.0797231833910055,-140743.05702451488,-0.017112028539529565,-0.28444444444444444,0.1929104190695886,8238352
492,27,MAHARASHTRA,RATNAGIRI,-0.13016532103037082,0.02460592079969324,0.044844290657442575,0.06299115724721124,-387916.02602547663,-0.039978365105393945,-0.2599000384467512,0.186082276047674,9717129
493,27,MAHARASHTRA,SANGLI,-0.09842368319877033,0.019930795847752862,0.03254133025758805,0.04484429065744457,-245331.1206407427,-0.024386112026116333,-0.2364628988850442,0.15378700499807765,10078127
494,27,MAHARASHTRA,SATARA,-0.14769703960016137,0.022206843521722325,0.04158400615148123,0.06299115724721127,-351816.3352543903,-0.028636950944427097,-0.2679584775086506,0.19986159169550174,12298534
495,27,MAHARASHTRA,SINDHUDURG,-0.1663360246059248,-0.010396001537870299,0.010396001537870268,0.03254133025759281,-437115.06742638745,-0.07358136646160753,-0.2761399461745483,0.16000000000000003,5951789
496,27,MAHARASHTRA,SOLAPUR,-0.07535563244905363,0.041584006151465965,0.0553633217993066,0.06698961937716834,-19333.34305935991,-0.0011089915574053347,-0.2288965782391388,0.17279507881584008,17457025
483,27,MAHARASHTRA,SUB URBAN MUMBAI,-0.14173010380622564,0.019930795847750968,0.03844675124951907,0.055363321799307315,-25245.488169465316,-0.04947523083586013,-0.2288965782391388,0.17279507881584008,512479
497,27,MAHARASHTRA,THANE,-0.13016532103036674,0.01993079584775264,0.03844675124952081,0.059115724721263314,-180138.38512405398,-0.035594487257288976,-0.28444444444444444,0.186082276047674,5069267
498,27,MAHARASHTRA,WARDHA,-0.03254133025759356,0.09356401384087046,0.10340638216073679,0.11374086889658924,415437.11050959304,0.05514213771981017,-0.2069357939254133,0.19986159169550174,7543509
499,27,MAHARASHTRA,WASHIM,-0.05536332179930694,0.06299115724723138,0.07111111111111929,0.08421376393694611,149004.36455409037,0.024389951199549502,-0.186082276047674,0.16633602460592078,6120783
500,27,MAHARASHTRA,YAVATMAL,-0.05536332179930673,0.07535563244904557,0.08882737408687777,0.09842368319875783,520256.8456219195,0.032204791684803495,-0.22145328719723184,0.21413302575932336,16172960
252,14,MANIPUR,BISHNUPUR,-0.1190926566705086,0.10340638216071067,0.11909265667050864,0.14173010380622658,21986.584296184596,0.03731725333607869,-0.17937716262975778,0.2761399461745483,592328
253,14,MANIPUR,CHANDEL,-0.09356401384082644,0.13588619761633866,0.1537870049980711,0.17279507881584905,110309.83475864759,0.04572643537271717,-0.21413302575932336,0.28444444444444444,2417211
254,14,MANIPUR,CHURACHANDPUR,-0.0935640138408289,0.13588619761632634,0.1600000000000026,0.1793771626297731,161088.81063397048,0.05402104771605384,-0.24415224913494812,0.29287197231833906,2987741
256,14,MANIPUR,IMPHAL WEST,-0.051733948481353896,0.11374086889657532,0.1301653210303673,0.15999999999999764,34129.32336962803,0.05695671132298065,-0.16633602460592078,0.28444444444444444,603204
255,14,MANIPUR,IMPHAL EAST,-0.059115724721262156,0.13588619761629392,0.1599999999999986,0.19291041906957848,32387.810047564388,0.06084653772082087,-0.17279507881584008,0.3014225297962323,535890
713,14,MANIPUR,JIRIBAM,-0.0629911572472118,0.1301653210303627,0.14769703960015151,0.1663360246059239,21700.1451483944,0.05987669986812682,-0.16000000000000003,0.2761399461745483,365087
260,14,MANIPUR,UKHRUL,-0.108512110726641,0.14769703960017308,0.1663360246059216,0.18608227604769156,150322.03358490925,0.05827185451142084,-0.2364628988850442,0.29287197231833906,2585246
257,14,MANIPUR,SENAPATI,-0.11909265667051319,0.1417301038062248,0.16000000000001566,0.17937716262975836,117638.93020987426,0.05442462607334199,-0.2519646289888504,0.28444444444444444,2166467
258,14,MANIPUR,TAMENGLONG,-0.13588619761630064,0.1301653210303574,0.15378700499808753,0.17937716262975356,122027.22955291955,0.032833185666025964,-0.2599000384467512,0.29287197231833906,3724282
259,14,MANIPUR,THOUBAL,-0.05536332179930692,0.11909265667052063,0.14173010380623682,0.16633602460592303,28661.283872532695,0.05937765637461737,-0.13588619761630144,0.29287197231833906,485328
717,14,MANIPUR,KAMJONG,-0.08421376393694764,0.14769703960017366,0.17279507881585035,0.19291041906958598,186319.61227795167,0.06360109455869761,-0.2288965782391388,0.3278123798539023,2934321
714,14,MANIPUR,NONEI,-0.11909265667051287,0.12456747404844823,0.14769703960015504,0.1663360246059244,50155.35472636494,0.034640487195489025,-0.2364628988850442,0.28444444444444444,1452211
715,14,MANIPUR,PHERZAWL,-0.10851211072664085,0.11909265667052267,0.1417301038062325,0.16633602460592467,80677.89246112715,0.03070702599999073,-0.2288965782391388,0.3014225297962323,2632958
716,14,MANIPUR,TENGNOUPAL,-0.08421376393695101,0.13016532103035408,0.1537870049980875,0.17279507881584918,75947.49954401857,0.050374538126117835,-0.186082276047674,0.31009611687812383,1511379
712,14,MANIPUR,KANGPOKPI,-0.11374086889657828,0.15378700499808526,0.17279507881584902,0.19291041906958695,133527.1694006151,0.06260857635168134,-0.2519646289888504,0.29287197231833906,2143163
711,14,MANIPUR,KAKCHING,-0.048227604767397486,0.1301653210303705,0.15378700499807654,0.1793771626297565,26086.91871742074,0.06648525601365919,-0.15378700499807765,0.2679584775086506,394750
273,17,MEGHALAYA,EAST GARO HILLS,-0.03254133025759362,0.15999999999996103,0.17937716262979683,0.1929104190696055,183849.0247358737,0.09393905266662952,-0.16633602460592078,0.29287197231833906,1961933
274,17,MEGHALAYA,EAST KHASI HILLS,-0.06299115724721133,0.14769703960016986,0.17279507881585013,0.19291041906957518,240185.4675002105,0.06837260043201682,-0.186082276047674,0.3188927335640138,3519450
657,17,MEGHALAYA,EAST JAINTIA HILLS,-0.04822760476739556,0.15378700499807024,0.17937716262978254,0.19986159169548756,204835.27448366585,0.0824394296160235,-0.19986159169550174,0.3278123798539023,2489782
277,17,MEGHALAYA,SOUTH GARO HILLS,-0.0057041360761795655,0.17279507881585118,0.1929104190695985,0.20693579392540118,249207.83288297325,0.10997862315978668,-0.17937716262975778,0.33685505574778934,2271292
278,17,MEGHALAYA,WEST GARO HILLS,0.006825080087059594,0.19291041906954987,0.20693579392538305,0.221453287197219,420478.13998227636,0.12773697533908093,-0.186082276047674,0.31009611687812383,3298747
279,17,MEGHALAYA,WEST KHASI HILLS,-0.04822760476739464,0.135886197616332,0.15378700499808695,0.1727950788158485,313300.8522483131,0.06458095744539256,-0.1929104190695886,0.28444444444444444,4859806
276,17,MEGHALAYA,RI-BHOI,-0.024605920799692864,0.16633602460588698,0.17937716262979325,0.199861591695489,275639.2863100115,0.09374457889622381,-0.17279507881584008,0.3188927335640138,2948155
658,17,MEGHALAYA,SOUTH WEST KHASI HILLS,-0.05911572472126299,0.15378700499808698,0.1727950788158496,0.19986159169549358,116556.27995531309,0.07229823654934367,-0.17937716262975778,0.3188927335640138,1617098
663,17,MEGHALAYA,SOUTH WEST GARO HILLS,0.05911572472126253,0.20693579392538658,0.2214532871972284,0.23646289888505612,152470.42917381128,0.1473947912731269,-0.03543252595155709,0.3188927335640138,1037207
656,17,MEGHALAYA,NORTH GARO HILLS,0.03844675124951896,0.19291041906958611,0.20693579392538372,0.22145328719723603,205968.14801822405,0.13311369584398386,-0.07535563244905807,0.31009611687812383,1552862
275,17,MEGHALAYA,WEST JAINTIA HILLS,-0.01993079584775106,0.15999999999998193,0.1793771626297776,0.1998615916954931,205550.01951141958,0.09245487990165455,-0.14769703960015382,0.31009611687812383,2229213
262,15,MIZORAM,CHAMPHAI,-0.12456747404844107,0.12456747404846209,0.1417301038062316,0.16633602460592475,118640.57396900438,0.02865142588699596,-0.24415224913494812,0.28444444444444444,4148573
267,15,MIZORAM,SAIHA,-0.12456747404843888,0.11374086889657292,0.1301653210303748,0.15378700499808057,40036.19556206727,0.021683144859161806,-0.2288965782391388,0.3014225297962323,1851831
264,15,MIZORAM,LAWNGTLAI,-0.09842368319876936,0.1358861976163232,0.15378700499808687,0.1727950788158487,149542.7804208011,0.05102977164327012,-0.2364628988850442,0.3188927335640138,2939881
268,15,MIZORAM,SERCHHIP,-0.13588619761630216,0.10340638216071618,0.12456747404844416,0.14769703960015088,20665.11879526839,0.011763480463365492,-0.24415224913494812,0.2761399461745483,1762727
263,15,MIZORAM,KOLASIB,-0.10340638216070401,0.11374086889659094,0.14173010380622586,0.16633602460592428,49481.53098180836,0.027133531088467524,-0.2288965782391388,0.3014225297962323,1828823
266,15,MIZORAM,MAMIT,-0.08882737408688247,0.13016532103036396,0.1537870049980869,0.17937716262975173,170844.2652860367,0.04567220798577048,-0.2069357939254133,0.31009611687812383,3748513
265,15,MIZORAM,LUNGLEI,-0.1137408688965743,0.11909265667052513,0.13588619761631626,0.1600000000000038,144264.94970095565,0.026227395025178516,-0.2519646289888504,0.28444444444444444,5509505
261,15,MIZORAM,AIZAWL,-0.11909265667051039,0.10851211072665415,0.13016532103037093,0.15378700499808182,87203.54296262862,0.022427700908476005,-0.24415224913494812,0.29287197231833906,3898664
613,13,NAGALAND,PAREN,-0.10340638216070643,0.1417301038062082,0.16000000000000797,0.1793771626297511,135323.96073136159,0.05990475807719536,-0.24415224913494812,0.28444444444444444,2264628
248,13,NAGALAND,PHEK,-0.11374086889657718,0.16633602460590743,0.1860822760477056,0.21413302575933146,153209.61244742162,0.06611305800413383,-0.2364628988850442,0.31009611687812383,2323275
250,13,NAGALAND,WOKHA,-0.04484429065743873,0.1727950788158512,0.1929104190695857,0.2141330257593313,197125.0081224273,0.098618050774997,-0.186082276047674,0.3188927335640138,2003896
244,13,NAGALAND,DIMAPUR,-0.0669896193771624,0.14769703960015673,0.16633602460592478,0.18608227604767122,73264.48958495534,0.07752987983899087,-0.24415224913494812,0.2761399461745483,949846
245,13,NAGALAND,KOHIMA,-0.11374086889657443,0.14173010380622753,0.15999999999999642,0.17937716262975112,95382.54701549778,0.058571329705744614,-0.2519646289888504,0.29287197231833906,1632851
614,13,NAGALAND,KIPHIRE,-0.13016532103037481,0.1860822760477084,0.20693579392538622,0.22889657823912332,100673.68681702664,0.07187962893451473,-0.2364628988850442,0.3278123798539023,1404480
251,13,NAGALAND,ZUNHEBOTO,-0.08421376393694623,0.16000000000002218,0.1793771626297744,0.19986159169548884,134227.24521294114,0.06865848730489427,-0.24415224913494812,0.31009611687812383,1960862
246,13,NAGALAND,MOKOKCHUNG,-0.05173394848135456,0.16633602460587643,0.18608227604769975,0.20693579392539987,180873.11383235094,0.09046619736751187,-0.186082276047674,0.3278123798539023,2005010
247,13,NAGALAND,MON,-0.07535563244905635,0.16633602460588273,0.18608227604770353,0.20693579392540024,231277.5254384544,0.0850882643601936,-0.2069357939254133,0.31009611687812383,2724066
249,13,NAGALAND,TUENSANG,-0.12456747404843754,0.1727950788158509,0.19291041906959108,0.21413302575933058,171940.12153430874,0.0648497531175662,-0.24415224913494812,0.3188927335640138,2656787
615,13,NAGALAND,LONGLENG,-0.06299115724721152,0.16633602460592525,0.18608227604769306,0.20693579392541062,60443.22549223542,0.08271804020946381,-0.17937716262975778,0.3014225297962323,734358
344,21,ODISHA,ANUGUL,-0.03695374438275726,0.13016532103033593,0.15378700499808812,0.17937716262975634,569158.7185914861,0.07466719340979501,-0.22145328719723184,0.28444444444444444,7634552
345,21,ODISHA,BOLANGIR (BALANGIR),-0.041584006151481195,0.07535563244905746,0.09842368319876638,0.12456747404844626,206324.69107962327,0.026410564734104996,-0.15378700499807765,0.2679584775086506,7823364
346,21,ODISHA,BALASORE (BALESHWAR),0.004508687130687847,0.130165321030339,0.1537870049980874,0.18608227604769456,363662.3771685805,0.08152602656765291,-0.08421376393694734,0.3188927335640138,4471001
347,21,ODISHA,BARAGARH,-0.06698961937716125,0.09842368319876886,0.11909265667053004,0.13588619761633636,286070.90578384325,0.040912089833391604,-0.16633602460592078,0.2679584775086506,7004326
348,21,ODISHA,BHADRAK,-0.010396001537870164,0.09842368319875466,0.10851211072665376,0.13016532103037023,177157.00541304742,0.059144224697681276,-0.12456747404844293,0.2599000384467512,3001803
350,21,ODISHA,CUTTACK,-0.03254133025759296,0.12456747404845787,0.1476970396001594,0.17937716262975187,272419.59363990166,0.05928637888139079,-0.16000000000000003,0.3014225297962323,4607070
351,21,ODISHA,DEOGARH,-0.09842368319877415,0.1417301038062309,0.16633602460592503,0.18608227604768807,244126.83926538154,0.06884224270596684,-0.17937716262975778,0.29287197231833906,3554240
352,21,ODISHA,DHENKANAL,0.010396001537870223,0.14173010380623227,0.16633602460592506,0.19291041906957504,471446.36701335636,0.08849226355396429,-0.13016532103037293,0.31009611687812383,5335603
353,21,ODISHA,GAJAPATI,-0.10340638216072362,0.0888273740868831,0.1085121107266504,0.13588619761629955,45447.526803751505,0.009298047878266602,-0.2069357939254133,0.28444444444444444,4897594
354,21,ODISHA,GANJAM,-0.05536332179930791,0.11374086889659274,0.14173010380622464,0.1663360246059249,437289.6893510573,0.04393971483546346,-0.186082276047674,0.3014225297962323,9965454
355,21,ODISHA,JAGATSINGHPUR,-0.0591157247212619,0.08882737408688215,0.09842368319877302,0.11909265667050932,83014.22172650452,0.04023981700294595,-0.16633602460592078,0.2599000384467512,2068255
356,21,ODISHA,JAJAPUR,-0.017777777777778597,0.10851211072665158,0.13588619761630993,0.1663360246059245,189168.9797098127,0.05463039050824229,-0.11909265667051133,0.29287197231833906,3471072
357,21,ODISHA,JHARSUGUDA,-0.10851211072665357,0.09842368319875937,0.10851211072665286,0.12456747404844047,96680.61394448808,0.038797686073831814,-0.1929104190695886,0.2599000384467512,2499034
358,21,ODISHA,KALAHANDI,-0.07972318339100762,0.08421376393696392,0.10340638216072152,0.13016532103037026,220007.90825027533,0.023454341463382863,-0.29287197231833906,0.2761399461745483,9392589
359,21,ODISHA,KANDHAMAL,-0.07972318339101263,0.09356401384083077,0.11374086889657921,0.14173010380623752,188998.95190135032,0.019811849786023784,-0.186082276047674,0.2599000384467512,9552404
360,21,ODISHA,KENDRAPARHA,-0.03254133025759364,0.10851211072665395,0.13588619761630918,0.16633602460592503,168363.59407116755,0.055748175395277044,-0.15378700499807765,0.24415224913494812,3027614
361,21,ODISHA,KEONJHAR (KENDUJHAR),-0.006800926600830876,0.13588619761634735,0.16000000000002187,0.17937716262976627,762789.5481838231,0.07653059913301151,-0.14173010380622836,0.3014225297962323,9980176
362,21,ODISHA,KHORDHA,-0.04158400615148082,0.10851211072665362,0.13588619761630502,0.16633602460592453,163919.01398931397,0.047861227783510985,-0.15378700499807765,0.2679584775086506,3436743
363,21,ODISHA,KORAPUT,-0.1417301038062166,0.03254133025759194,0.055363321799305774,0.07972318339100726,-404413.5519766459,-0.04084698952695808,-0.2761399461745483,0.21413302575932336,9916232
364,21,ODISHA,MALKANGIRI,-0.15999999999997905,-0.002647886771208371,0.01777777777777846,0.04158400615148107,-415264.7479979639,-0.06105557168654106,-0.29287197231833906,0.17937716262975778,6811277
365,21,ODISHA,MAYURBHANJ,-0.03254133025758921,0.135886197616346,0.1600000000000171,0.18608227604769398,973168.7941245011,0.07767873806681383,-0.15378700499807765,0.3278123798539023,12543165
366,21,ODISHA,NABARANGAPUR,-0.12456747404845936,-0.004502008570460295,0.01574778931180284,0.04822760476739551,-346254.3187368187,-0.05354842265044877,-0.2599000384467512,0.2288965782391388,6477055
367,21,ODISHA,NAYAGARH,-0.024605920799692798,0.11909265667052504,0.14173010380622497,0.16633602460592464,275447.3484407619,0.05938525964052532,-0.16000000000000003,0.28444444444444444,4646759
368,21,ODISHA,NUAPARHA,-0.06698961937716225,0.07111111111111827,0.09356401384082307,0.11909265667051008,66226.44276655497,0.01444629293401442,-0.186082276047674,0.24415224913494812,4592599
369,21,ODISHA,PURI,-0.14769703960017563,0.07972318339101686,0.0935640138408377,0.10851211072664849,20540.098985316392,0.004981554367330395,-0.1929104190695886,0.22145328719723184,4132506
370,21,ODISHA,RAYAGARHA,-0.09356401384082663,0.07535563244904817,0.09842368319877198,0.12456747404844336,76408.96427996036,0.008790238617798679,-0.2288965782391388,0.24415224913494812,8707900
371,21,ODISHA,SAMBALPUR,-0.027128027681661022,0.130165321030335,0.14769703960017236,0.17279507881584893,612427.5132475313,0.07675364422690256,-0.19986159169550174,0.29287197231833906,7991881
372,21,ODISHA,SUBARNAPUR,-0.006811628122861213,0.1245674740484729,0.1417301038062245,0.15378700499808545,202312.71207252378,0.07163702575361414,-0.08882737408688965,0.2761399461745483,2830803
373,21,ODISHA,SUNDARGARH,-0.015747789311802835,0.12456747404847388,0.14769703960016461,0.16633602460590452,776821.7724026162,0.06630353746793298,-0.14173010380622836,0.3014225297962323,11732129
349,21,ODISHA,BAUDH (BAUDA),-0.022206843521722416,0.11909265667052542,0.14173010380623152,0.16633602460592467,223813.3825197693,0.060460115102549894,-0.14769703960015382,0.28444444444444444,3710015
598,34,PUDUCHERRY,KARAIKAL,-0.2364628988850467,-0.11909265667050843,-0.10340638216070742,-0.08882737408688966,-29746.396351314073,-0.164346280147697,-0.3014225297962323,0.007443291041906958,183071
599,34,PUDUCHERRY,MAHE,-0.22889657823913828,-0.13588619761630133,-0.12456747404844276,-0.10340638216070747,-1762.1103132883536,-0.1736292662742005,-0.2761399461745483,0.008858131487889272,10600
600,34,PUDUCHERRY,PUDUCHERRY,-0.20693579392541753,-0.04158400615148081,-0.017777777777777497,0.004477360609220846,-39322.63177980065,-0.11539038102985502,-0.29287197231833906,0.09356401384083046,347013
601,34,PUDUCHERRY,YANAM,-0.17279507881583947,-0.02220684352172242,9.157043306187268E-4,0.02460592079969245,-3894.0471301088837,-0.08827001140310657,-0.21413302575932336,0.08882737408688965,44886
027,03,PUNJAB,AMRITSAR,-0.11374086889657473,-0.010396001537870295,0.008858131487889472,0.03254133025759272,-172814.60779730132,-0.04925860490038414,-0.22145328719723184,0.17937716262975778,3515937
605,03,PUNJAB,BARNALA,-0.09356401384082583,-0.013840830449825798,-0.0026651805324370767,0.01574778931180293,-75034.84367319813,-0.040752823580007105,-0.186082276047674,0.13588619761630144,1846179
028,03,PUNJAB,BATHINDA,-0.0984236831987669,-0.017777777777779634,-0.004503836247425869,0.017777777777777847,-204874.91543862323,-0.04702861660931014,-0.2288965782391388,0.16000000000000003,4365070
029,03,PUNJAB,FARIDKOT,-0.1034063821607045,-0.022206843521721434,-0.010396001537870257,0.01039600153787016,-97232.89245358782,-0.05138678147184465,-0.19986159169550174,0.14173010380622836,1896994
030,03,PUNJAB,FATEHGARH SAHIB,-0.10851211072664123,-0.0026539126040004725,0.024605920799691917,0.05173394848135371,-71826.0690170366,-0.04815524210865919,-0.2069357939254133,0.13588619761630144,1496589
651,03,PUNJAB,FAZILKA,-0.10851211072664596,-0.0026501036966543367,0.027128027681662528,0.059115724721264376,-175185.57981061126,-0.047185549853965225,-0.21413302575932336,0.17279507881584008,3719961
031,03,PUNJAB,FIROZPUR,-0.09842368319876571,-0.017777777777779436,-0.002651207847274083,0.022206843521722412,-145580.60791161173,-0.04724799744281712,-0.1929104190695886,0.2069357939254133,3088898
032,03,PUNJAB,GURDASPUR,-0.10851211072664174,0.002643055980338134,0.029773164167628804,0.06299115724721134,-137023.30874291825,-0.0400889511586853,-0.19986159169550174,0.16633602460592078,3424574
033,03,PUNJAB,HOSHIARPUR,-0.11374086889657586,0.06698961937716767,0.10340638216071084,0.13588619761630003,-56669.92838733611,-0.01279974308698048,-0.21413302575932336,0.3188927335640138,4436125
034,03,PUNJAB,JALANDHAR,-0.11909265667050818,0.019930795847752897,0.03844675124952155,0.05911572472126419,-124940.69535024461,-0.03632346444905593,-0.22145328719723184,0.19986159169550174,3448570
035,03,PUNJAB,KAPURTHALA,-0.10851211072664471,0.0384467512495215,0.055363321799307176,0.07535563244905653,-60573.88719358945,-0.028443561652695425,-0.21413302575932336,0.22145328719723184,2138434
036,03,PUNJAB,LUDHIANA,-0.10851211072665132,0.004484618733462508,0.02460592079969187,0.04484429065743805,-197300.4094414939,-0.04119974142224231,-0.19986159169550174,0.16000000000000003,4796983
037,03,PUNJAB,MANSA,-0.09356401384082337,-0.017777777777779582,-0.00885813148788916,0.004462289166489947,-131199.32108921531,-0.04696989508936882,-0.17937716262975778,0.14769703960015382,2800307
038,03,PUNJAB,MOGA,-0.10340638216070898,-0.019930795847753223,-0.004505238630270261,0.019930795847751204,-147381.38771114283,-0.05048902894977251,-0.2069357939254133,0.13588619761630144,2925171
039,03,PUNJAB,SRI MUKTSAR SAHIB,-0.10340638216070595,-0.024605920799693766,-0.013840830449827616,0.004488338536650169,-179835.55394691913,-0.05273967713823805,-0.21413302575932336,0.16000000000000003,3417177
040,03,PUNJAB,SHAHID BHAGAT SINGH NAGAR,-0.11909265667050933,0.02585163307958113,0.07111111111111525,0.11374086889657475,-56122.19234191626,-0.034105104159702325,-0.21413302575932336,0.31009611687812383,1650822
662,03,PUNJAB,PATHANKOT,-0.11909265667051493,0.07535563244905856,0.11374086889657642,0.1537870049980766,-18458.658090065794,-0.014741544376886585,-0.22145328719723184,0.29287197231833906,1257220
041,03,PUNJAB,PATIALA,-0.09842368319877115,-0.012056901191849115,0.0068164856352226485,0.029773164167627986,-199801.2149629185,-0.04667333092281098,-0.186082276047674,0.1929104190695886,4293984
042,03,PUNJAB,RUPNAGAR,-0.1137408688965776,0.05173394848135084,0.08882737408688579,0.1245674740484401,-46002.764975018225,-0.025713045249626053,-0.19986159169550174,0.3014225297962323,1795740
043,03,PUNJAB,SANGRUR,-0.08882737408688428,-0.008858131487888643,0.002634446930828642,0.019930795847750964,-165290.38644083956,-0.03551864348976216,-0.186082276047674,0.186082276047674,4664151
608,03,PUNJAB,SAS NAGAR (SAHIBZADA AJIT SINGH NAGAR),-0.1245674740484383,0.03254133025759224,0.07111111111111455,0.10851211072663987,-43774.12946736254,-0.0308983799084425,-0.21413302575932336,0.2519646289888504,1423227
609,03,PUNJAB,TARN TARAN,-0.10340638216070694,-0.019930795847753258,-0.0026498832544459726,0.022206843521722416,-161668.94122724293,-0.05129544951839773,-0.1929104190695886,0.17937716262975778,3158113
086,08,RAJASTHAN,AJMER,-0.09842368319876922,0.021061565336958514,0.044844290657439646,0.08421376393694652,-338959.7448898512,-0.032156374011828526,-0.2364628988850442,0.2679584775086506,10557272
087,08,RAJASTHAN,ALWAR,-0.06698961937716671,0.08421376393696073,0.10851211072665733,0.14173010380622839,147895.87705517403,0.014020394885265162,-0.22145328719723184,0.3014225297962323,10566667
088,08,RAJASTHAN,BANSWARA,-0.12456747404843874,0.0415840061514813,0.0591157247212633,0.07972318339100794,-129214.46853729626,-0.023542005564391247,-0.2519646289888504,0.17937716262975778,5496965
089,08,RAJASTHAN,BARAN,-0.09842368319876682,0.04158400615148004,0.06299115724721116,0.0842137639369514,-158632.98092614004,-0.018420679266909105,-0.21413302575932336,0.24415224913494812,8624299
090,08,RAJASTHAN,BARMER,-0.10851211072665727,0.006815672163339137,0.02712802768166206,0.05173394848135132,-1465612.5675454272,-0.04168114379671534,-0.2288965782391388,0.2519646289888504,35184293
091,08,RAJASTHAN,BHARATPUR,-0.06698961937716341,0.06299115724723822,0.075355632449065,0.0888273740868771,79083.65945888711,0.012455021361062529,-0.1929104190695886,0.21413302575932336,6364210
092,08,RAJASTHAN,BHILWARA,-0.10340638216072119,0.0026395613362390088,0.02220684352172085,0.044844290657438196,-551191.3902953733,-0.042521127150700985,-0.2288965782391388,0.2288965782391388,12977374
093,08,RAJASTHAN,BIKANER,-0.14769703960017008,-0.027128027681665046,-0.012056901191849628,0.004478294616511464,-2876102.3951302404,-0.07514331077097294,-0.2519646289888504,0.16000000000000003,38299184
094,08,RAJASTHAN,BUNDI,-0.10851211072664682,0.03254133025759104,0.05911572472126453,0.09842368319876697,-187581.1141559879,-0.026268386759850278,-0.2288965782391388,0.24415224913494812,7150747
095,08,RAJASTHAN,CHITTAURGARH,-0.14173010380626147,0.015747789311802804,0.04158400615148115,0.07535563244905866,-355721.6253594368,-0.0370197326720501,-0.24415224913494812,0.22145328719723184,9628634
096,08,RAJASTHAN,CHURU,-0.14173010380622758,-0.03254133025758613,-0.019930795847753206,-0.004509399247248732,-1349599.4271107318,-0.07690000000474534,-0.2364628988850442,0.17937716262975778,17570047
097,08,RAJASTHAN,DAUSA,-0.08421376393694699,0.032541330257590886,0.055363321799306225,0.08882737408688968,-66346.98005296789,-0.015529514927098642,-0.186082276047674,0.2679584775086506,4282491
098,08,RAJASTHAN,DHAULPUR,-0.07111111111111502,0.05173394848134658,0.06698961937716756,0.08421376393694519,11584.781041377117,0.0030579817892637993,-0.21413302575932336,0.24415224913494812,3796325
099,08,RAJASTHAN,DUNGARPUR,-0.10851211072665172,0.022206843521721382,0.0415840061514812,0.06299115724721127,-157664.5742726817,-0.03429900222185997,-0.2069357939254133,0.1929104190695886,4604348
101,08,RAJASTHAN,HANUMANGARH,-0.13588619761631837,-0.02977316416763178,-0.017777777777779107,-0.004506027223527144,-854901.5377849253,-0.0688845219035338,-0.22145328719723184,0.13588619761630144,12428490
102,08,RAJASTHAN,JAIPUR,-0.08882737408688672,0.02712802768166259,0.05536332179930712,0.09842368319876886,-291937.23042567406,-0.02093909056803033,-0.21413302575932336,0.2679584775086506,13958482
103,08,RAJASTHAN,JAISALMER,-0.1245674740484655,0.01384083044982613,0.03254133025758885,0.048227604767393926,-1991792.778029544,-0.04134834888156138,-0.2679584775086506,0.17937716262975778,48195167
104,08,RAJASTHAN,JALOR,-0.11374086889659667,0.005729504905617014,0.025831812085886714,0.05173394848135384,-585769.8278792842,-0.04466415650338165,-0.28444444444444444,0.2288965782391388,13130168
105,08,RAJASTHAN,JHALAWAR,-0.08421376393694863,0.0517339484813463,0.06698961937716914,0.09356401384082516,-1174.5847911914298,-1.5116409030677575E-4,-0.2288965782391388,0.22145328719723184,7785147
106,08,RAJASTHAN,JHUNJHUNUN,-0.11374086889658315,0.008858131487889928,0.03844675124952094,0.08882737408688338,-299208.316149396,-0.03994945103290147,-0.22145328719723184,0.2761399461745483,7500078
107,08,RAJASTHAN,JODHPUR,-0.13016532103035094,-0.024605920799689537,-0.008858131487889847,0.008858131487889444,-1914730.3929006434,-0.06757730061676828,-0.2364628988850442,0.17279507881584008,28354930
108,08,RAJASTHAN,KARAULI,-0.08882737408688873,0.041584006151480585,0.06299115724721119,0.09356401384082706,-78088.00208719367,-0.012483926560188506,-0.19986159169550174,0.24415224913494812,6265890
100,08,RAJASTHAN,GANGANAGAR,-0.14173010380623038,-0.02712802768166371,-0.01384083044982745,0.0026430995664590614,-1020267.4078854049,-0.07293326530303315,-0.2364628988850442,0.13016532103037293,14004924
109,08,RAJASTHAN,KOTA,-0.10340638216072817,0.03254133025759284,0.05173394848135099,0.07111111111111164,-178741.4944831701,-0.02849618327393568,-0.24415224913494812,0.22145328719723184,6284796
110,08,RAJASTHAN,NAGAUR,-0.1417301038062333,-0.03543252595155636,-0.019930795847752616,0.0026352078008435136,-1744646.7752414362,-0.07820136612925983,-0.24415224913494812,0.2364628988850442,22328531
111,08,RAJASTHAN,PALI,-0.12456747404846193,0.0016772094462096348,0.029773164167628055,0.06299115724721129,-815264.0350965132,-0.05315273729260993,-0.28444444444444444,0.2364628988850442,15355856
629,08,RAJASTHAN,PRATAPGARH,-0.08882737408688637,0.05536332179930086,0.07535563244904585,0.09356401384082352,-18583.81650668267,-0.0034256479278806083,-0.24415224913494812,0.21413302575932336,5433909
112,08,RAJASTHAN,RAJ SAMAND,-0.10340638216071034,0.05173394848134885,0.07972318339100824,0.10851211072664711,-114017.61649772077,-0.019968300558639025,-0.24415224913494812,0.2761399461745483,5723908
113,08,RAJASTHAN,SAWAI MADHOPUR,-0.0797231833910078,0.055363321799302645,0.07535563244904873,0.10340638216070419,4398.243036175367,7.037056832759737E-4,-0.2069357939254133,0.2679584775086506,6261504
114,08,RAJASTHAN,SIKAR,-0.12456747404846708,0.0016731960017579595,0.02977316416762802,0.07972318339100602,-495078.2373655078,-0.050866215025081554,-0.24415224913494812,0.2679584775086506,9747199
115,08,RAJASTHAN,SIROHI,-0.10851211072664939,0.05536332179930359,0.0842137639369542,0.1137408688965756,-129605.39610177485,-0.020532095126474983,-0.2599000384467512,0.2599000384467512,6321547
116,08,RAJASTHAN,TONK,-0.0984236831987675,0.03543252595155659,0.04484429065744759,0.059115724721264695,-89719.34338735198,-0.010029784395322976,-0.22145328719723184,0.2519646289888504,8958642
117,08,RAJASTHAN,UDAIPUR,-0.09842368319877284,0.07972318339101715,0.10340638216072907,0.13016532103036887,-3570.5522186697926,-2.487201328400824E-4,-0.2519646289888504,0.2761399461745483,14373207
225,11,SIKKIM,EAST,-0.10851211072664015,0.13588619761631254,0.15999999999999623,0.17937716262975073,50890.80387310851,0.04321511064497238,-0.19986159169550174,0.3014225297962323,1180616
226,11,SIKKIM,NORTH,-0.07111111111111589,0.17937716262981315,0.20693579392538386,0.22889657823913237,439012.9226936158,0.08239127754639174,-0.2069357939254133,0.34602076124567477,5335204
227,11,SIKKIM,SOUTH,-0.08421376393695058,0.14769703960016123,0.1727950788158473,0.19986159169549708,54701.549432393,0.059505533349176326,-0.186082276047674,0.33685505574778934,922577
228,11,SIKKIM,WEST,-0.0935640138408238,0.15378700499808784,0.1793771626297587,0.21413302575932788,83189.33420296315,0.05512862755963263,-0.19986159169550174,0.33685505574778934,1512801
610,33,TAMIL NADU,ARIYALUR,-0.22145328719721527,-0.08421376393695647,-0.06698961937716841,-0.048227604767394155,-322777.71540366876,-0.1463822851468425,-0.31009611687812383,0.03844675124951941,2209715
730,33,TAMIL NADU,CHENGALPATTU,-0.20693579392539474,-0.06698961937717088,-0.04822760476739473,-0.022206843521722416,-375312.2638395595,-0.1203381673462805,-0.31009611687812383,0.11909265667051133,3125557
568,33,TAMIL NADU,CHENNAI,-0.19986159169549866,-0.07535563244905233,-0.0629911572472113,-0.05173394848135426,-47754.730140505555,-0.1245841474215368,-0.29287197231833906,0.08421376393694734,385506
569,33,TAMIL NADU,COIMBATORE,-0.3100961168780982,-0.08882737408687329,-0.066989619377169,-0.03703340054643262,-825395.1911672824,-0.153601391802843,-0.4340484429065744,0.12456747404844293,5383851
570,33,TAMIL NADU,CUDDALORE,-0.22145328719721355,-0.05911572472125523,-0.03844675124952111,-0.019930795847751124,-535721.084195157,-0.12683445657004733,-0.3188927335640138,0.09842368319876971,4233341
571,33,TAMIL NADU,DHARMAPURI,-0.17937716262977207,-0.021124893896331463,0.001693254339548652,0.029773164167628506,-435738.8096903283,-0.08476130261007886,-0.34602076124567477,0.15378700499807765,5150772
572,33,TAMIL NADU,DINDIGUL,-0.2928719723183381,-0.06299115724721115,-0.029773164167627236,0.009660757142491032,-933086.5729608816,-0.1356308760070973,-0.4444444444444444,0.13588619761630144,6891183
573,33,TAMIL NADU,ERODE,-0.21413302575933005,-0.04484429065744648,-0.02594828354556082,0.005721925263675837,-621239.7762426437,-0.10657187723897275,-0.3839138792772011,0.14769703960015382,5843263
574,33,TAMIL NADU,KANCHIPURAM,-0.19986159169549128,-0.06299115724721112,-0.048227604767395515,-0.027128027681661664,-227080.30065982725,-0.11340282617816641,-0.31009611687812383,0.1085121107266436,2010389
729,33,TAMIL NADU,KALLAKKURICHI,-0.19986159169548662,-0.044844290657444996,-0.022206843521721885,0.008858131487889517,-426893.2854251559,-0.10582963943839675,-0.31009611687812383,0.16000000000000003,4041352
575,33,TAMIL NADU,KANYAKUMARI,-0.33685505574778357,-0.13016532103034537,-0.09842368319877479,-0.06299115724721137,-407338.23017779464,-0.21467055328746418,-0.47637062668204533,0.11374086889657825,1902020
576,33,TAMIL NADU,KARUR,-0.19986159169548465,-0.08882737408688234,-0.0669896193771632,-0.03844675124951915,-443098.4707438699,-0.13405433818397142,-0.29287197231833906,0.13016532103037293,3313874
578,33,TAMIL NADU,MADURAI,-0.22145328719723487,-0.04484429065744321,-0.02114249785906148,0.005712837951349101,-496632.7004642183,-0.11803483422825939,-0.41362552864282975,0.15378700499807765,4217505
587,33,TAMIL NADU,NILGIRIS,-0.3100961168781313,-0.08421376393695837,-0.06299115724721117,-0.037064211861870214,-465085.31165486603,-0.16772546590479578,-0.40359861591695495,0.14173010380622836,2779224
579,33,TAMIL NADU,NAGAPATTINAM,-0.2441522491349377,-0.08882737408688371,-0.07111111111111679,-0.05173394848135108,-466065.890135363,-0.15956490529599948,-0.3278123798539023,0.041584006151480196,2930267
580,33,TAMIL NADU,NAMAKKAL,-0.25196462898884453,-0.04484429065744299,-0.01298961244980352,0.016775638788052907,-407573.8463125636,-0.10456527378048484,-0.40359861591695495,0.16000000000000003,3905479
581,33,TAMIL NADU,PERAMBALUR,-0.18608227604768446,-0.04484429065744998,-0.027128027681660016,0.006823977100085787,-196104.17982247434,-0.0979603439026411,-0.28444444444444444,0.13588619761630144,2007167
582,33,TAMIL NADU,PUDUKKOTTAI,-0.24415224913496694,-0.11909265667052948,-0.10340638216071765,-0.07972318339100636,-900004.060559013,-0.17019886914875007,-0.34602076124567477,0.08882737408688965,5299699
583,33,TAMIL NADU,RAMANATHAPURAM,-0.25990003844675735,-0.09842368319875795,-0.08421376393694995,-0.06698961937716234,-749182.4313246032,-0.16090376295729497,-0.36472126105344094,0.03844675124951941,4668989
731,33,TAMIL NADU,RANIPPETTAI,-0.1860822760476964,-0.0553633217993026,-0.029773164167626768,8.982288410547259E-4,-228745.21682558337,-0.10780840771131345,-0.28444444444444444,0.15378700499807765,2128423
584,33,TAMIL NADU,SALEM,-0.2141330257593244,-0.012986657656039175,0.012957068726206054,0.03690405502137676,-603714.065710297,-0.08806996977159796,-0.3839138792772011,0.17279507881584008,6871944
585,33,TAMIL NADU,SIVAGANGA,-0.25196462898888305,-0.10851211072666085,-0.08882737408688451,-0.06698961937716202,-796625.2524953574,-0.16546277575788088,-0.34602076124567477,0.08882737408688965,4827074
588,33,TAMIL NADU,TENI,-0.3100961168781023,-0.08421376393695239,-0.055363321799307516,-0.025959507042514447,-525846.4680029174,-0.16160185743791594,-0.454963475586313,0.12456747404844293,3260399
733,33,TAMIL NADU,TENKASI,-0.2679584775086468,-0.07111111111111879,-0.04822760476739322,-0.0259645220561729,-444952.6266631848,-0.13985120182888053,-0.4340484429065744,0.11909265667051133,3188221
586,33,TAMIL NADU,THANJAVUR,-0.2288965782391302,-0.05173394848134838,-0.027128027681660914,-0.0044976749844683195,-512309.47004522715,-0.1314449275333616,-0.34602076124567477,0.09842368319876971,3908681
590,33,TAMIL NADU,THIRUVARUR,-0.22889657823912374,-0.06299115724721116,-0.03543252595155938,-0.004508166961011639,-350367.0802992624,-0.13599912028272476,-0.3278123798539023,0.12456747404844293,2584269
591,33,TAMIL NADU,TIRUCHIRAPALLI,-0.21413302575927648,-0.05911572472125578,-0.03254133025759417,0.0068294280972441435,-633754.9024069754,-0.12385535506129143,-0.3188927335640138,0.14173010380622836,5131417
592,33,TAMIL NADU,TIRUNELVELI,-0.32781237985394324,-0.09842368319875355,-0.07535563244904747,-0.051733948481352765,-759142.5524024257,-0.1729092875068573,-0.454963475586313,0.11909265667051133,4398780
634,33,TAMIL NADU,TIRUPPUR,-0.23646289888500638,-0.0842137639369647,-0.07111111111111856,-0.05911572472126438,-795100.2408145547,-0.13440687338613158,-0.41362552864282975,0.09356401384083046,5928070
732,33,TAMIL NADU,TIRUPPATTUR,-0.192910419069584,-0.004495029578956212,0.017777777777778222,0.041584006151480966,-199077.96163988265,-0.08214073778227518,-0.33685505574778934,0.14769703960015382,2429659
589,33,TAMIL NADU,TIRUVALLUR,-0.19291041906957693,-0.03254133025759346,-0.006829245605618556,0.02220684352172241,-367651.34810915694,-0.09913094418536908,-0.28444444444444444,0.16633602460592078,3721243
593,33,TAMIL NADU,TIRUVANNAMALAI,-0.19291041906958434,-0.0370298654255255,-0.013000050485908424,0.016784451827016822,-717666.0658376741,-0.10146624054262691,-0.3188927335640138,0.186082276047674,7086228
594,33,TAMIL NADU,TUTICORIN,-0.24415224913497607,-0.055363321799309924,-0.041584006151478475,-0.027128027681660564,-664055.5058888908,-0.12379650042631377,-0.37425605536332185,0.08421376393694734,5373009
595,33,TAMIL NADU,VELLORE,-0.179377162629758,-0.0026465564025792664,0.01993079584775099,0.04484429065743828,-203436.6124749104,-0.08415597242051347,-0.31009611687812383,0.16000000000000003,2425418
596,33,TAMIL NADU,VILLUPURAM,-0.19986159169548856,-0.051733948481347145,-0.027128027681660314,-9.343927593468474E-4,-457212.4593211988,-0.10922249338012138,-0.31009611687812383,0.14769703960015382,4197052
597,33,TAMIL NADU,VIRUDHUNAGAR,-0.22145328719722357,-0.0629911572472111,-0.04822760476739671,-0.025967356167386234,-608991.4761301745,-0.12671134351644753,-0.39369473279507883,0.11374086889657825,4816093
577,33,TAMIL NADU,KRISHNAGIRI,-0.16633602460592506,-0.027128027681661174,9.001151106557355E-4,0.02977316416762794,-518194.23566351336,-0.0881429525165402,-0.3188927335640138,0.17937716262975778,5891097
501,36,TELANGANA,ADILABAD,-0.06698961937716831,0.06698961937717457,0.0797231833910151,0.08882737408688528,79096.7354224753,0.016701615047401263,-0.186082276047674,0.186082276047674,4743469
507,36,TELANGANA,HYDERABAD,-0.09356401384082777,0.013840830449826575,0.027128027681661813,0.044844290657439924,-5880.730828170047,-0.026238850551228387,-0.16633602460592078,0.186082276047674,225991
508,36,TELANGANA,KARIMNAGAR,-0.10851211072664596,0.024605920799692836,0.04158400615148114,0.05911572472126306,-54451.39331963305,-0.02308443831892076,-0.2364628988850442,0.22145328719723184,2364683
690,36,TELANGANA,BHADRADRI KOTHAGUDEM,-0.12456747404846183,0.015747789311802797,0.0354325259515585,0.05911572472126378,-361053.85692377406,-0.04457440021027941,-0.22145328719723184,0.186082276047674,8112200
512,36,TELANGANA,MAHABUBNAGAR,-0.10851211072664478,8.931586728920658E-4,0.019930795847751922,0.04822760476739544,-143051.2491149901,-0.04375315657336262,-0.19986159169550174,0.17279507881584008,3277821
692,36,TELANGANA,SIDDIPET,-0.13588619761629908,0.004479964838238507,0.01777777777777865,0.03543252595155759,-165255.33079888637,-0.0379522573115192,-0.24415224913494812,0.21413302575932336,4362172
514,36,TELANGANA,NALGONDA,-0.13588619761630139,-0.012056901191849188,0.004479740789653564,0.02977316416762777,-447759.38302237267,-0.05323588306445184,-0.2599000384467512,0.186082276047674,8420108
516,36,TELANGANA,NIZAMABAD,-0.1417301038062139,0.03844675124952189,0.05536332179930707,0.07535563244905805,-131313.83388694515,-0.02643847762544992,-0.2364628988850442,0.2069357939254133,4973584
518,36,TELANGANA,RANGAREDDY,-0.11374086889659384,0.006815460056772222,0.02220684352172187,0.041584006151481105,-252640.9794415654,-0.04324532797739458,-0.2069357939254133,0.17937716262975778,5852435
720,36,TELANGANA,MULUGU,-0.08882737408688518,0.05173394848134692,0.0753556324490469,0.09842368319877061,-35498.69129218723,-0.007033187371094942,-0.2288965782391388,0.21413302575932336,5054976
695,36,TELANGANA,JOGULAMBA GADWAL,-0.11909265667051497,0.012056901191849533,0.02460592079969249,0.03844675124952092,-101678.68467596953,-0.033992198322708174,-0.22145328719723184,0.13016532103037293,2996596
699,36,TELANGANA,KUMURAM BHEEM,-0.06698961937716422,0.05911572472125128,0.07535563244904607,0.09356401384082423,49352.57787035765,0.009188905725050656,-0.17937716262975778,0.2069357939254133,5379788
684,36,TELANGANA,MANCHERIAL,-0.07535563244905916,0.044844290657447466,0.06299115724721119,0.08421376393694595,-7667.445110428372,-0.001683241555010209,-0.19986159169550174,0.19986159169550174,4563416
680,36,TELANGANA,NIRMAL,-0.13588619761632761,0.04822760476739258,0.06299115724721115,0.07535563244905413,-17220.39980109677,-0.003921747918555835,-0.2364628988850442,0.17937716262975778,4400168
685,36,TELANGANA,KAMAREDDY,-0.113740868896575,0.041584006151474874,0.05536332179930453,0.07111111111111573,-70816.46662016319,-0.016064289139056838,-0.2069357939254133,0.17937716262975778,4417377
691,36,TELANGANA,SANGAREDDY,-0.1358861976163212,0.05173394848134463,0.06299115724722687,0.07535563244905448,-14586.733178870836,-0.002793048807082185,-0.2364628988850442,0.16633602460592078,5234286
694,36,TELANGANA,NAGARKURNOOL,-0.1245674740484504,0.019930795847752154,0.04484429065744262,0.07535563244905383,-296237.6044712275,-0.04102582393587097,-0.22145328719723184,0.19986159169550174,7230954
693,36,TELANGANA,WANAPARTHY,-0.11374086889657464,0.004480850041057681,0.019930795847750985,0.03844675124951888,-105354.17194719073,-0.04151496139625571,-0.22145328719723184,0.16633602460592078,2543857
721,36,TELANGANA,NARAYANPET,-0.10851211072664024,0.002633578503359918,0.017777777777778343,0.03844675124951855,-106367.79982300116,-0.037890463086590505,-0.21413302575932336,0.17279507881584008,2813898
698,36,TELANGANA,VIKARABAD,-0.09356401384082431,0.051733948481345764,0.06299115724722364,0.07535563244905326,-19276.857657896773,-0.0044480401108680356,-0.2069357939254133,0.16633602460592078,4341820
700,36,TELANGANA,MEDCHAL-MALKAJGIRI,-0.08882737408688277,0.017777777777779013,0.03254133025759288,0.04822760476739558,-30621.108385312727,-0.024304412460126976,-0.19986159169550174,0.1929104190695886,1263977
697,36,TELANGANA,YADADRI BHUVANAGIRI,-0.10340638216071282,-0.004504463841988585,0.012056901191848653,0.03543252595155692,-166498.723444885,-0.044035152320412094,-0.1929104190695886,0.186082276047674,3788544
696,36,TELANGANA,SURYAPET,-0.11374086889657485,-0.002651146866925585,0.012056901191848962,0.027128027681659964,-183812.43259259927,-0.043757594482663156,-0.2288965782391388,0.17279507881584008,4207558
509,36,TELANGANA,KHAMMAM,-0.113740868896578,0.019930795847753105,0.03844675124952146,0.05536332179930593,-179455.90063495605,-0.03279902634768503,-0.21413302575932336,0.186082276047674,5483474
688,36,TELANGANA,MAHABUBABAD,-0.10851211072665343,0.024605920799692507,0.04158400615148121,0.05911572472126366,-96470.46260154888,-0.023230607556871865,-0.1929104190695886,0.1929104190695886,4159758
689,36,TELANGANA,JANGAON,-0.10340638216070724,-0.004505858047148825,0.008858131487889649,0.027128027681661414,-117730.16209836841,-0.04141350642295231,-0.19986159169550174,0.1929104190695886,2848930
686,36,TELANGANA,WARANGAL (URBAN),-0.08882737408688493,0.02220684352172089,0.0415840061514811,0.07111111111110993,-27204.703634300495,-0.019892274164177673,-0.186082276047674,0.22145328719723184,1371299
522,36,TELANGANA,WARANGAL (RURAL),-0.08421376393694523,0.03844675124952202,0.05173394848134792,0.07111111111111443,-20651.135352798075,-0.00786590990932009,-0.17937716262975778,0.2288965782391388,2631366
687,36,TELANGANA,JAYASHANKAR BHUPALAPALLY,-0.0669896193771624,0.055363321799305476,0.07111111111111644,0.09356401384082735,14627.624418357585,0.004320348683587857,-0.19986159169550174,0.21413302575932336,3392864
682,36,TELANGANA,PEDDAPALLI,-0.08421376393694781,0.04822760476739907,0.06698961937716597,0.08882737408688678,-13880.0376427074,-0.005367384042561799,-0.2069357939254133,0.21413302575932336,2590845
681,36,TELANGANA,JAGTIAL,-0.07535563244905166,0.04484429065744684,0.06299115724721117,0.0842137639369481,-10151.58863193896,-0.0029814737623459764,-0.19986159169550174,0.21413302575932336,3410637
683,36,TELANGANA,RANJANNA SIRCILLA,-0.14769703960015387,0.02460592079969316,0.041584006151481126,0.06299115724721147,-62115.588237195276,-0.02917406786032577,-0.2364628988850442,0.2069357939254133,2133794
513,36,TELANGANA,MEDAK,-0.1034063821607056,0.017777777777779013,0.035432525951559796,0.05536332179930864,-96508.78194742175,-0.029907569521568218,-0.19986159169550174,0.1929104190695886,3235035
269,16,TRIPURA,DHALAI,0.006846468229812968,0.18608227604770344,0.1998615916954847,0.22145328719723112,341439.5683162272,0.12277295577128808,-0.13016532103037293,0.3188927335640138,2787504
654,16,TRIPURA,GOMATI,0.027128027681661632,0.17937716262980663,0.19291041906960502,0.21413302575932988,238264.35120007044,0.12092715112867616,-0.09356401384083046,0.3278123798539023,1976295
652,16,TRIPURA,KHOWAI,0.03254133025759366,0.18608227604770636,0.1998615916954873,0.21413302575932952,162654.90219457023,0.12666611446145662,-0.08421376393694734,0.3278123798539023,1288086
270,16,TRIPURA,NORTH TRIPURA,0.012056901191849356,0.18608227604770314,0.19986159169548748,0.2214532871972361,199898.1268192877,0.12151074943899066,-0.13588619761630144,0.3188927335640138,1650811
653,16,TRIPURA,SEPAHIJALA,0.03844675124951876,0.17279507881585116,0.19291041906958747,0.20693579392540906,156689.83337918238,0.12151220861796712,-0.05911572472126105,0.29287197231833906,1294414
271,16,TRIPURA,SOUTH TRIPURA,0.029773164167628596,0.1727950788158508,0.18608227604770483,0.20693579392540287,206334.7955209489,0.1162381970360648,-0.06698961937716265,0.31009611687812383,1781389
655,16,TRIPURA,UNOKOTI,0.04158400615148101,0.19291041906955256,0.20693579392538547,0.22145328719722374,110987.51139527046,0.13160180678059677,-0.09356401384083046,0.3278123798539023,846595
272,16,TRIPURA,WEST TRIPURA,0.027128027681661324,0.17279507881585113,0.18608227604770344,0.19986159169548848,137753.86788486005,0.11964901118691942,-0.08882737408688965,0.28444444444444444,1154860
118,09,UTTAR PRADESH,AGRA,-0.055363321799304276,0.0711111111111186,0.08882737408688679,0.1085121107266482,86115.26737560143,0.016988819559154465,-0.14769703960015382,0.22145328719723184,5084762
119,09,UTTAR PRADESH,ALIGARH,-0.07111111111111704,0.051733948481348324,0.07535563244905018,0.09842368319877118,-22177.025949699335,-0.004732782154945795,-0.17937716262975778,0.2069357939254133,4695914
121,09,UTTAR PRADESH,AMBEDKARNAGAR,-0.022206843521721212,0.0888273740868755,0.10340638216073016,0.11909265667052245,124026.96030256231,0.04276413328374282,-0.09356401384083046,0.21413302575932336,2907631
640,09,UTTAR PRADESH,AMETHI,-0.03844675124952126,0.06299115724721303,0.07535563244904592,0.09356401384082477,52116.17695304766,0.0172605765978475,-0.1085121107266436,0.2069357939254133,3027141
154,09,UTTAR PRADESH,AMROHA,-0.07111111111111502,0.03844675124951285,0.05173394848134765,0.06698961937716726,-8497.703031507448,-0.002716662823865157,-0.15378700499807765,0.21413302575932336,3135410
122,09,UTTAR PRADESH,AURAIYA,-0.03844675124952129,0.08421376393695983,0.09842368319876582,0.11374086889657382,74547.1481391758,0.02959010605962628,-0.14769703960015382,0.21413302575932336,2525028
123,09,UTTAR PRADESH,AZAMGARH,-0.027128027681662323,0.0669896193771726,0.07972318339101346,0.0984236831987669,131008.53295867678,0.025030415109264844,-0.10340638216070744,0.21413302575932336,5243512
133,09,UTTAR PRADESH,BUDAUN,-0.06698961937717071,0.04484429065744808,0.06299115724721117,0.08421376393694864,-26571.98892254861,-0.004939542973448311,-0.14173010380622836,0.2069357939254133,5388312
124,09,UTTAR PRADESH,BAGHPAT,-0.051733948481352494,0.06698961937717426,0.07972318339101432,0.08882737408688002,35775.69503545472,0.02120498251521673,-0.16633602460592078,0.17937716262975778,1691561
125,09,UTTAR PRADESH,BAHRAICH,-0.04484429065744251,0.08882737408688669,0.1085121107266531,0.12456747404844824,195185.40796859178,0.03131628607312939,-0.13016532103037293,0.2519646289888504,6244557
126,09,UTTAR PRADESH,BALLIA,-0.027128027681661036,0.09356401384083711,0.1137408688965752,0.141730103806235,159887.1056050385,0.04310923727437371,-0.10340638216070744,0.2679584775086506,3717530
127,09,UTTAR PRADESH,BALRAMPUR,-0.02977316416762794,0.08421376393696677,0.10340638216072229,0.11909265667051336,165163.94843693168,0.03929136345181698,-0.11909265667051133,0.2519646289888504,4212204
128,09,UTTAR PRADESH,BANDA,-0.05173394848134853,0.04822760476739181,0.06299115724721115,0.08421376393694796,73883.41643982174,0.013425008847252446,-0.13016532103037293,0.2679584775086506,5516307
129,09,UTTAR PRADESH,BARABANKI,-0.0297731641676277,0.09356401384085027,0.10851211072665629,0.12456747404845675,194644.01561569917,0.04045485252433886,-0.14173010380622836,0.2288965782391388,4821092
130,09,UTTAR PRADESH,BAREILLY,-0.06299115724721117,0.05173394848134492,0.06299115724721942,0.07972318339100985,18225.328316149105,0.003486818115857633,-0.16000000000000003,0.2069357939254133,5236856
131,09,UTTAR PRADESH,BASTI,-0.032541330257592774,0.09356401384086065,0.10851211072665748,0.1245674740484545,132137.55164734143,0.03794021313689914,-0.10340638216070744,0.24415224913494812,3489747
179,09,UTTAR PRADESH,BHADOHI,-0.019930795847751207,0.07111111111111923,0.0842137639369456,0.09842368319876976,40442.27212185584,0.032274092740130274,-0.09356401384083046,0.24415224913494812,1258326
132,09,UTTAR PRADESH,BIJNOR,-0.07535563244904966,0.032541330257588985,0.04484429065744362,0.05911572472126411,-46300.4594302328,-0.007861386899824947,-0.186082276047674,0.22145328719723184,5897437
134,09,UTTAR PRADESH,BULANDSHAHR,-0.07535563244905295,0.029773164167630276,0.04822760476739593,0.06698961937716248,-57330.739134243864,-0.012860803667531069,-0.1929104190695886,0.17279507881584008,4465675
135,09,UTTAR PRADESH,CHANDAULI,-0.03254133025759139,0.07111111111111935,0.08421376393695451,0.10340638216070507,93749.97597118653,0.029834336053049776,-0.16000000000000003,0.2519646289888504,3149762
136,09,UTTAR PRADESH,CHITRAKOOT,-0.041584006151481154,0.06698961937717071,0.08421376393695429,0.11374086889657525,77271.1996581493,0.019627835997100912,-0.13588619761630144,0.2679584775086506,3947058
137,09,UTTAR PRADESH,DEORIA,-0.038446751249521446,0.06698961937717145,0.08421376393694685,0.10851211072664316,59446.40115459812,0.018813816836286988,-0.1085121107266436,0.21413302575932336,3167421
140,09,UTTAR PRADESH,AYODHYA,-0.013840830449827065,0.10340638216073442,0.11909265667052386,0.1301653210303698,182146.36897934668,0.05427501402308008,-0.10340638216070744,0.22145328719723184,3363207
138,09,UTTAR PRADESH,ETAH,-0.04822760476739742,0.0553633217993041,0.07111111111111479,0.09356401384082978,30909.248055476102,0.01014292273974598,-0.14769703960015382,0.19986159169550174,3057112
139,09,UTTAR PRADESH,ETAWAH,-0.03543252595155878,0.08882737408687759,0.10851211072664915,0.12456747404844776,102651.23419252495,0.03532635898463024,-0.12456747404844293,0.2288965782391388,2912455
141,09,UTTAR PRADESH,FARRUKHABAD,-0.04158400615148117,0.10340638216073705,0.11374086889657746,0.13016532103035067,116605.69063005467,0.042566239703817364,-0.12456747404844293,0.2288965782391388,2746061
142,09,UTTAR PRADESH,FATEHPUR,-0.04484429065744242,0.06299115724721113,0.07535563244904779,0.09356401384082577,92147.8952379527,0.017822080014670588,-0.11909265667051133,0.21413302575932336,5179341
143,09,UTTAR PRADESH,FIROZABAD,-0.0482276047673957,0.08882737408688765,0.10851211072665527,0.1245674740484558,79077.34108372848,0.026053402558108313,-0.14173010380622836,0.21413302575932336,3043033
144,09,UTTAR PRADESH,GAUTAMBUDHNAGAR,-0.09842368319876421,0.01039600153787029,0.024605920799692645,0.041584006151480925,-50733.17596475918,-0.028299892542136586,-0.19986159169550174,0.17937716262975778,1799130
146,09,UTTAR PRADESH,GAZIPUR,-0.017777777777778392,0.07535563244906024,0.09356401384084423,0.11374086889658001,151449.632468931,0.036206459476590264,-0.09842368319876971,0.2288965782391388,4191005
145,09,UTTAR PRADESH,GHAZIABAD,-0.10851211072664774,0.035432525951560344,0.04484429065743779,0.05911572472126215,-15499.275092476999,-0.013361736304988266,-0.17279507881584008,0.16633602460592078,1164347
147,09,UTTAR PRADESH,GONDA,-0.008858131487889618,0.10851211072666471,0.11909265667052737,0.13588619761630258,303685.9395353116,0.06088278778088212,-0.09842368319876971,0.2519646289888504,4997607
148,09,UTTAR PRADESH,GORAKHPUR,-0.04484429065744116,0.051733948481346013,0.0669896193771675,0.09356401384082741,35493.370738219826,0.008538890025268371,-0.13016532103037293,0.2519646289888504,4167218
149,09,UTTAR PRADESH,HAMIRPUR,-0.059115724721264896,0.05911572472125712,0.07535563244904868,0.09356401384082545,55234.51651095993,0.011444892732632205,-0.14173010380622836,0.22145328719723184,4836349
661,09,UTTAR PRADESH,HAPUR,-0.07972318339100581,0.038446751249521516,0.051733948481351134,0.07111111111110968,-8728.17504530848,-0.0061438762385326836,-0.16633602460592078,0.16000000000000003,1425629
150,09,UTTAR PRADESH,HARDOI,-0.05536332179930419,0.07535563244905456,0.09356401384084426,0.10851211072665162,129036.07067010304,0.017163925821908992,-0.13588619761630144,0.2288965782391388,7529334
163,09,UTTAR PRADESH,HATHRAS,-0.0517339484813529,0.09842368319876678,0.11374086889658948,0.12456747404845878,63211.104801402456,0.028179309995036598,-0.14769703960015382,0.17937716262975778,2250134
151,09,UTTAR PRADESH,JALAUN,-0.03844675124952095,0.07535563244905912,0.08421376393696002,0.10340638216071213,156558.5738998611,0.027610427696573788,-0.13588619761630144,0.19986159169550174,5680240
152,09,UTTAR PRADESH,JAUNPUR,-0.010396001537870271,0.0797231833910155,0.0935640138408361,0.1085121107266453,204660.3394729214,0.0409503304893842,-0.13016532103037293,0.2519646289888504,5008032
153,09,UTTAR PRADESH,JHANSI,-0.05911572472126138,0.04822760476739519,0.06299115724721117,0.08421376393694766,13906.804877445209,0.002239493398655513,-0.19986159169550174,0.22145328719723184,6229627
155,09,UTTAR PRADESH,KANNAUJ,-0.035432525951559,0.1085121107266635,0.1190926566705297,0.1301653210303548,121357.70574384677,0.04636300451726318,-0.13588619761630144,0.2069357939254133,2623727
157,09,UTTAR PRADESH,KANPUR,-0.044844290657437974,0.08421376393695375,0.10851211072665015,0.12456747404845352,97568.57432029914,0.026128201743815277,-0.14173010380622836,0.2519646289888504,3743531
156,09,UTTAR PRADESH,KANPUR DEHAT,-0.04484429065744055,0.07111111111111959,0.08421376393695762,0.10340638216070974,82336.04877280157,0.02092732162168706,-0.14173010380622836,0.2288965782391388,3941798
633,09,UTTAR PRADESH,KASGANJ,-0.0482276047673938,0.05536332179930255,0.06698961937716785,0.08421376393694531,33750.38182902525,0.013668960795258355,-0.12456747404844293,0.186082276047674,2475748
158,09,UTTAR PRADESH,KAUSHAMBI,-0.02977316416762811,0.06698961937717302,0.08421376393694921,0.10340638216070472,56335.38391603568,0.025459396399389586,-0.11909265667051133,0.21413302575932336,2218096
159,09,UTTAR PRADESH,KHERI,-0.03254133025759321,0.10851211072666758,0.12456747404846853,0.14173010380622553,552378.4768925306,0.05680537080053857,-0.13588619761630144,0.3014225297962323,9738027
160,09,UTTAR PRADESH,KUSHINAGAR,-0.01993079584775255,0.11909265667053129,0.1301653210303548,0.1417301038062323,222557.95102646382,0.06190146562995654,-0.08882737408688965,0.24415224913494812,3604253
161,09,UTTAR PRADESH,LALITPUR,-0.10340638216070455,0.02977316416763183,0.044844290657445454,0.06299115724721129,-81296.55308399643,-0.01312403913856589,-0.21413302575932336,0.2288965782391388,6203252
162,09,UTTAR PRADESH,LUCKNOW,-0.048227604767394114,0.07535563244905315,0.08882737408688993,0.10340638216070444,81246.73520066985,0.025687912241979083,-0.14769703960015382,0.2364628988850442,3170059
165,09,UTTAR PRADESH,MAHOBA,-0.055363321799309334,0.04484429065744945,0.055363321799303374,0.07535563244905616,27053.132958395414,0.006705412590395284,-0.16000000000000003,0.24415224913494812,4045255
166,09,UTTAR PRADESH,MAINPURI,-0.04484429065744152,0.07972318339101661,0.09356401384082383,0.10851211072664416,74163.02258000452,0.021593832437108402,-0.14173010380622836,0.21413302575932336,3441554
167,09,UTTAR PRADESH,MATHURA,-0.07111111111111856,0.04484429065744538,0.06698961937716597,0.08882737408688486,-34263.1057707866,-0.008146990887348207,-0.17279507881584008,0.186082276047674,4213749
168,09,UTTAR PRADESH,MAU,-0.02977316416762859,0.06698961937717111,0.07972318339101177,0.10340638216070487,50790.43534426112,0.02356043262754814,-0.11374086889657825,0.2599000384467512,2161729
169,09,UTTAR PRADESH,MEERUT,-0.07111111111111519,0.051733948481344924,0.06299115724721117,0.07535563244905334,37078.19500664476,0.011209579512220886,-0.16633602460592078,0.17279507881584008,3314219
170,09,UTTAR PRADESH,MIRZAPUR,-0.06299115724721117,0.06299115724721735,0.07972318339101382,0.10340638216070445,79512.92444519931,0.01462567116691726,-0.16633602460592078,0.2519646289888504,5447558
171,09,UTTAR PRADESH,MORADABAD,-0.07535563244905023,0.035432525951552336,0.048227604767400414,0.06299115724721129,-20186.220000704925,-0.008134375827081996,-0.15378700499807765,0.17937716262975778,2489342
172,09,UTTAR PRADESH,MUZAFFARNAGAR,-0.0629911572472113,0.06698961937717497,0.07972318339101432,0.08882737408688256,77808.81167030454,0.022200682744823987,-0.16000000000000003,0.19986159169550174,3511799
173,09,UTTAR PRADESH,PILIBHIT,-0.05536332179930938,0.0797231833910171,0.09842368319876935,0.12456747404844534,135363.22287759426,0.028332515148605138,-0.14173010380622836,0.2679584775086506,4788939
174,09,UTTAR PRADESH,PRATAPGARH,-0.024605920799691528,0.07535563244906278,0.08882737408688507,0.10340638216071078,146066.57564464738,0.03172969314314932,-0.11374086889657825,0.24415224913494812,4613609
175,09,UTTAR PRADESH,RAIBEARELI,-0.04158400615148121,0.06299115724721431,0.07535563244904599,0.09356401384082463,84248.40197846692,0.017241070754229662,-0.11374086889657825,0.2364628988850442,4896223
176,09,UTTAR PRADESH,RAMPUR,-0.07972318339101257,0.02977316416763071,0.041584006151481244,0.05911572472126363,-49225.74795015513,-0.016346818855371318,-0.15378700499807765,0.1929104190695886,3018922
177,09,UTTAR PRADESH,SAHARANPUR,-0.07111111111111618,0.04822760476739566,0.06299115724721117,0.09356401384082656,23561.928976555064,0.00492610533908046,-0.17937716262975778,0.31009611687812383,4790695
659,09,UTTAR PRADESH,SAMBHAL,-0.06698961937716816,0.0517339484813472,0.07535563244904799,0.1034063821607223,-5645.482382760867,-0.0018327655933497147,-0.16000000000000003,0.2069357939254133,3088314
178,09,UTTAR PRADESH,SANTKABIRNAGAR,-0.04158400615148117,0.05173394848134854,0.07111111111111476,0.10340638216070602,20179.965872066572,0.009838305030367533,-0.1085121107266436,0.24415224913494812,2058853
180,09,UTTAR PRADESH,SHAHJAHANPUR,-0.05911572472125705,0.07111111111111953,0.08882737408688078,0.10340638216072003,70493.97600495676,0.012935799889969759,-0.14173010380622836,0.24415224913494812,5462736
660,09,UTTAR PRADESH,SHAMLI,-0.04158400615148099,0.07535563244907294,0.08882737408687295,0.09842368319877588,54142.79186662879,0.03344003936591039,-0.15378700499807765,0.22145328719723184,1623202
181,09,UTTAR PRADESH,SHRAWASTI,-0.051733948481348685,0.05911572472126438,0.07972318339100874,0.09842368319877252,18369.255703824747,0.00754960272231315,-0.11909265667051133,0.21413302575932336,2439319
182,09,UTTAR PRADESH,SIDDHARTHNAGAR,-0.03844675124952136,0.04822760476739603,0.06299115724721123,0.07972318339100551,30612.12550347035,0.008426777663024526,-0.11374086889657825,0.21413302575932336,3640380
183,09,UTTAR PRADESH,SITAPUR,-0.02977316416762803,0.09842368319874566,0.11374086889657871,0.12456747404845644,353789.1843976759,0.04900636548120957,-0.14173010380622836,0.24415224913494812,7230057
184,09,UTTAR PRADESH,SONBHADRA,-0.14769703960016628,0.0984236831987398,0.12456747404846946,0.1476970396001687,245319.68064162994,0.02906976304600365,-0.22145328719723184,0.28444444444444444,8450002
185,09,UTTAR PRADESH,SULTANPUR,-0.017777777777778444,0.07972318339101715,0.09356401384083174,0.10851211072664631,128998.0016927737,0.03877309223639798,-0.09356401384083046,0.2364628988850442,3335749
186,09,UTTAR PRADESH,UNNAO,-0.04822760476739692,0.06698961937717277,0.08421376393695425,0.10340638216071045,87074.3886023668,0.015271033175163908,-0.14769703960015382,0.2288965782391388,5712341
187,09,UTTAR PRADESH,VARANASI,-0.015747789311802866,0.07535563244906869,0.08882737408689079,0.1034063821607057,72909.69444277254,0.03850284176106621,-0.11909265667051133,0.2288965782391388,1899363
120,09,UTTAR PRADESH,PRAYAGRAJ,-0.032541330257592614,0.07111111111111963,0.08882737408688274,0.11374086889657424,203928.2008519732,0.03018710174356386,-0.14173010380622836,0.24415224913494812,6766620
164,09,UTTAR PRADESH,MAHARAJGANJ,-0.044844290657439057,0.07972318339101375,0.10340638216071944,0.13016532103037223,56722.20156746226,0.01535914393914585,-0.12456747404844293,0.2679584775086506,3700747
045,05,UTTARAKHAND,ALMORA,-0.11909265667050907,0.11909265667051569,0.14769703960015615,0.17937716262975195,76508.83095229242,0.018949642435887728,-0.2519646289888504,0.3188927335640138,4045433
046,05,UTTARAKHAND,BAGESHWAR,-0.13016532103037584,0.16000000000001216,0.1860822760477007,0.2141330257593311,100083.15912433281,0.034793076442015666,-0.2519646289888504,0.3188927335640138,2883079
048,05,UTTARAKHAND,CHAMPAWAT,-0.13016532103036968,0.0935640138408256,0.12456747404844554,0.15378700499807835,12964.835637086342,0.005734967893134845,-0.21413302575932336,0.3014225297962323,2266165
049,05,UTTARAKHAND,DEHRADUN,-0.14769703960015923,0.13588619761631057,0.18608227604769154,0.22889657823914222,12001.120109605154,0.0029941744419107394,-0.2679584775086506,0.3839138792772011,4018513
050,05,UTTARAKHAND,HARIDWAR,-0.08882737408688224,0.04822760476740176,0.07111111111111534,0.10340638216070545,-5962.845758203713,-0.0020247599315660354,-0.17937716262975778,0.3014225297962323,2950783
051,05,UTTARAKHAND,NAINITAL,-0.11909265667050752,0.09356401384082379,0.1190926566705149,0.15378700499808307,45811.20054301335,0.008977441234041395,-0.24415224913494812,0.31009611687812383,5111706
052,05,UTTARAKHAND,PAURI GARHWAL,-0.14173010380624015,0.1190926566705232,0.15378700499808717,0.18608227604768915,40372.63387794649,0.005946543474597485,-0.2519646289888504,0.3278123798539023,6797764
054,05,UTTARAKHAND,RUDRAPRAYAG,-0.15378700499808257,0.16633602460591843,0.19986159169548606,0.22145328719722798,73436.32535923948,0.02855816051947562,-0.2519646289888504,0.3278123798539023,2576527
055,05,UTTARAKHAND,TEHRI GARHWAL,-0.1600000000000013,0.1537870049980875,0.1860822760476915,0.21413302575932755,132556.6652196128,0.02622718113980503,-0.2599000384467512,0.3553094963475586,5065420
056,05,UTTARAKHAND,UDHAM SINGH NAGAR,-0.0797231833910085,0.06299115724721115,0.08421376393694752,0.10340638216070494,12842.090040663177,0.003770214926474682,-0.17279507881584008,0.2364628988850442,3417188
047,05,UTTARAKHAND,CHAMOLI,-0.14173010380623516,0.17279507881582667,0.1929104190695673,0.21413302575929968,597994.0787239721,0.05909455252201171,-0.2599000384467512,0.33685505574778934,10130102
053,05,UTTARAKHAND,PITHORAGARH,-0.11909265667051366,0.17279507881583572,0.1929104190695704,0.21413302575930201,616474.8423137639,0.06613619857764551,-0.2519646289888504,0.3278123798539023,9333695
057,05,UTTARAKHAND,UTTARKASHI,-0.14769703960015862,0.17937716262980535,0.20693579392538453,0.22889657823912227,692023.0900686074,0.06668528934049722,-0.2761399461745483,0.37425605536332185,10391325
664,19,WEST BENGAL,ALIPUR DUAR,0.01993079584775147,0.14769703960016925,0.1599999999999966,0.1793771626297649,348498.1507102762,0.09978102170573147,-0.16000000000000003,0.3188927335640138,3499191
305,19,WEST BENGAL,BANKURA,0.0415840061514811,0.14769703960013,0.159999999999992,0.17279507881584993,910937.1712385829,0.10898691529914449,-0.16000000000000003,0.3014225297962323,8367774
306,19,WEST BENGAL,PURBA BARDDHAMAN,0.03543252595155808,0.13588619761629767,0.1476970396001756,0.16000000000001588,634981.7315064598,0.10024079707439974,-0.09356401384083046,0.2519646289888504,6345416
307,19,WEST BENGAL,BIRBHUM,0.029773164167628915,0.13016532103031916,0.14173010380622536,0.15378700499808814,521149.8030027596,0.09380056531143616,-0.08882737408688965,0.2679584775086506,5568338
310,19,WEST BENGAL,DAKSHIN DINAJPUR,0.03254133025759178,0.14769703960006914,0.15999999999993458,0.1727950788157934,280562.15150416037,0.10166190858943704,-0.08882737408688965,0.2519646289888504,2766684
309,19,WEST BENGAL,DARJILING,-0.09842368319876472,0.1417301038062171,0.16000000000000855,0.17937716262975079,159311.99539264286,0.06213531643058881,-0.21413302575932336,0.31009611687812383,2570580
317,19,WEST BENGAL,PURBA MEDINIPUR,0.0415840061514811,0.14173010380627116,0.1537870049980459,0.16633602460592506,507367.65006303106,0.10643792935837355,-0.10340638216070744,0.2599000384467512,4774369
313,19,WEST BENGAL,HAORA,0.019930795847751155,0.1537870049980244,0.16633602460589347,0.17937716262977532,195390.26425352605,0.11010841476688941,-0.07972318339100345,0.2519646289888504,1779421
312,19,WEST BENGAL,HUGLI,0.0384467512495197,0.14769703960007968,0.1599999999999921,0.16633602460592511,436627.6206994058,0.11425821277185096,-0.10340638216070744,0.2761399461745483,3830421
314,19,WEST BENGAL,JALPAIGURI,0.006846683516218384,0.1476970396001696,0.15999999999999942,0.1793771626297677,412533.174474284,0.09630504658041367,-0.1085121107266436,0.28444444444444444,4291724
308,19,WEST BENGAL,KOCH BIHAR,0.03543252595155755,0.14173010380626858,0.15378700499804318,0.16633602460592495,441206.21864496934,0.1051562388624547,-0.08882737408688965,0.2519646289888504,4209471
315,19,WEST BENGAL,KOLKATA,-0.02460592079969226,0.10340638216070537,0.12456747404844076,0.15378700499807718,11228.984437779183,0.050128987601250855,-0.10340638216070744,0.24415224913494812,225875
316,19,WEST BENGAL,MALDAH,0.006841996452503557,0.15378700499801154,0.1663360246058751,0.17937716262978307,461252.0149672125,0.10426787281017057,-0.09356401384083046,0.2679584775086506,4432769
319,19,WEST BENGAL,MURSHIDABAD,0.027128027681661417,0.14769703960005573,0.15999999999996195,0.17279507881585016,716628.2095182771,0.10954277868898785,-0.1085121107266436,0.29287197231833906,6553296
320,19,WEST BENGAL,NADIA,0.04158400615148102,0.16633602460583288,0.17279507881583336,0.18608227604770333,581269.4416587426,0.12262566189301734,-0.11374086889657825,0.29287197231833906,4752532
303,19,WEST BENGAL,NORTH TWENTY-FOUR PARGANAS,0.013840830449826745,0.15999999999995881,0.172795078815851,0.18608227604769415,542640.3344893565,0.11193743173332633,-0.09356401384083046,0.28444444444444444,4858451
318,19,WEST BENGAL,PASCHIM MEDINIPUR,0.03254133025759331,0.13588619761631746,0.14769703960016592,0.16000000000000453,748655.1875220536,0.09878171524729278,-0.09356401384083046,0.2599000384467512,7589470
321,19,WEST BENGAL,PURULIYA,0.017777777777778146,0.1301653210303324,0.14769703960016997,0.17937716262976225,676374.9083045864,0.0889561384095011,-0.14173010380622836,0.3278123798539023,7614827
304,19,WEST BENGAL,SOUTH TWENTY-FOUR PARGANAS,-0.04484429065743813,0.1860822760476899,0.19291041906949707,0.2069357939253775,1029287.5383366978,0.11143955381836819,-0.15378700499807765,0.2679584775086506,9269362
311,19,WEST BENGAL,UTTAR DINAJPUR,0.03254133025759225,0.1417301038062464,0.15999999999999792,0.17279507881584957,380345.8105869038,0.09780069796668257,-0.07111111111111111,0.2679584775086506,3902218
703,19,WEST BENGAL,JHARGRAM,0.03254133025759323,0.1476970396001781,0.16633602460591954,0.1860822760476904,392557.2372281303,0.10490609018925774,-0.07972318339100345,0.3188927335640138,3751531
704,19,WEST BENGAL,PASCHIM BARDDHAMAN,0.02977316416762847,0.14769703960017097,0.16000000000000394,0.17937716262975223,235673.48856302435,0.10688290907377124,-0.14173010380622836,0.2761399461745483,2210746
702,19,WEST BENGAL,KALIMPONG,-0.0888273740868872,0.1537870049980897,0.1793771626297733,0.20693579392540346,87538.0839084763,0.06394093122894703,-0.2069357939254133,0.31009611687812383,1372509
