di_code,st_code,state23,dist23,A17_p2,A17_p90,A17_p95,A17_p98,A17_sum,A17_mean,A17_min,A17_max,A17_count
603,35,ANDAMAN & NICOBAR,NICOBAR,-0.17279507881584405,0.0984236831987723,0.12456747404844486,0.15378700499807862,-40525.36621167217,-0.020201740673192293,-0.3188927335640138,0.33685505574778934,2020602
632,35,ANDAMAN & NICOBAR,NORTH & MIDDLE ANDAMAN,-0.1929104190695793,0.06698961937716988,0.08882737408688458,0.11374086889657567,-83892.57452748473,-0.02111576284782539,-0.3553094963475586,0.3014225297962323,4003957
602,35,ANDAMAN & NICOBAR,SOUTH ANDAMAN,-0.2069357939254122,0.05173394848135044,0.07535563244905402,0.1034063821607045,-111998.15960206819,-0.038704156366883326,-0.3553094963475586,0.3278123798539023,2916597
502,28,ANDHRA PRADESH,ANANTAPUR,-0.02106028073411665,0.22889657823909115,0.2441522491349974,0.2599000384467684,3468733.519549934,0.15484306816144777,-0.31009611687812383,0.3553094963475586,22430270
503,28,ANDHRA PRADESH,CHITTOOR,-0.07972318339100747,0.20693579392537664,0.22889657823910806,0.24415224913493735,2005859.5915003738,0.11631169307441566,-0.3278123798539023,0.37425605536332185,17269415
504,28,ANDHRA PRADESH,Y S R KADAPA,-0.09356401384082945,0.2214532871972674,0.23646289888504346,0.2599000384467665,2330270.510885698,0.13158522429922656,-0.34602076124567477,0.40359861591695495,17724326
505,28,ANDHRA PRADESH,EAST GODAVARI,-0.17279507881585002,0.12456747404847104,0.15378700499808665,0.17937716262977008,198261.94321266428,0.01311701897710103,-0.34602076124567477,0.3278123798539023,15133939
506,28,ANDHRA PRADESH,GUNTUR,-0.119092656670511,0.19986159169549972,0.2214532871972369,0.23646289888501984,1536455.7298291877,0.1157263231491808,-0.3188927335640138,0.37425605536332185,13291974
510,28,ANDHRA PRADESH,KRISHNA,-0.1793771626297916,0.14769703960016167,0.16633602460587135,0.19291041906959103,473905.841455375,0.046417291327223616,-0.34602076124567477,0.3188927335640138,10225813
511,28,ANDHRA PRADESH,KURNOOL,-0.05911572472126282,0.21413302575925777,0.22889657823909365,0.24415224913497927,2699878.9293508935,0.13386288147343184,-0.3188927335640138,0.34602076124567477,20185908
515,28,ANDHRA PRADESH,POTTI SRIRAMULU NELLORE,-0.17937716262960263,0.20693579392537675,0.22889657823910203,0.25196462898885585,1169065.359665806,0.07665702613968493,-0.3553094963475586,0.4340484429065744,15263341
517,28,ANDHRA PRADESH,PRAKASAM,-0.03690747773829804,0.23646289888511568,0.2599000384468744,0.2761399461744553,2977704.307395393,0.14567176140838387,-0.34602076124567477,0.41362552864282975,20457221
519,28,ANDHRA PRADESH,SRIKAKULAM,-0.11374086889657829,0.12456747404847289,0.14173010380621917,0.1663360246059247,362447.6083352079,0.052667202902596084,-0.33685505574778934,0.3014225297962323,6895077
520,28,ANDHRA PRADESH,VISAKHAPATNAM,-0.09356401384082794,0.1727950788158266,0.19986159169548423,0.2288965782391148,950444.9256112252,0.06991456834782422,-0.3278123798539023,0.37425605536332185,13613577
521,28,ANDHRA PRADESH,VIZIANAGARAM,-0.08421376393694668,0.12456747404846655,0.1476970396001663,0.17279507881584863,366396.94262887945,0.050603462027959414,-0.3278123798539023,0.33685505574778934,7256513
523,28,ANDHRA PRADESH,WEST GODAVARI,-0.18608227604770172,0.09842368319875378,0.12456747404846338,0.15378700499808595,-146278.58554291702,-0.015049706811473317,-0.34602076124567477,0.2761399461745483,9731922
628,12,ARUNACHAL PRADESH,ANJAW,-0.10851211072664124,0.17937716262979886,0.20693579392538847,0.2441522491349361,448308.38449824095,0.05896588600212036,-0.2761399461745483,0.41362552864282975,7611073
229,12,ARUNACHAL PRADESH,CHANGLANG,-0.1034063821607047,0.12456747404845665,0.16000000000001022,0.1860822760476946,169345.72042651614,0.02724636771188921,-0.29287197231833906,0.33685505574778934,6227191
230,12,ARUNACHAL PRADESH,DIBANG VALLEY,-0.12456747404844339,0.15378700499807546,0.1793771626297873,0.20693579392539632,456838.55189438205,0.037461766123289844,-0.2761399461745483,0.37425605536332185,12207130
231,12,ARUNACHAL PRADESH,EAST KAMENG,-0.13016532103037493,0.1417301038062207,0.17279507881585013,0.19986159169549025,189018.77364262272,0.03405622592465031,-0.29287197231833906,0.37425605536332185,5558425
233,12,ARUNACHAL PRADESH,KURUNG KUMEY,-0.13588619761629867,0.14173010380621415,0.16633602460592503,0.19986159169549003,155473.4759972339,0.027693600274397084,-0.3014225297962323,0.3553094963475586,5621269
234,12,ARUNACHAL PRADESH,LOHIT,-0.11374086889657681,0.15378700499808715,0.18608227604769614,0.21413302575932824,144498.69146779212,0.037477748176226094,-0.28444444444444444,0.36472126105344094,3863405
235,12,ARUNACHAL PRADESH,LOWER DIBANG VALLEY,-0.10340638216070543,0.16000000000002007,0.19291041906959888,0.22145328719724083,186763.52255526732,0.041658139670290084,-0.2599000384467512,0.37425605536332185,4491587
237,12,ARUNACHAL PRADESH,PAPUMPARE,-0.08882737408688762,0.1417301038062132,0.16633602460592506,0.19291041906957698,216293.54632337188,0.050010804341182685,-0.2679584775086506,0.33685505574778934,4333778
238,12,ARUNACHAL PRADESH,TAWANG,-0.1085121107266448,0.192910419069602,0.2214532871972321,0.25196462898884503,219135.33339422662,0.07082995314089509,-0.2519646289888504,0.40359861591695495,3100277
239,12,ARUNACHAL PRADESH,TIRAP,-0.103406382160706,0.14173010380621542,0.16633602460592486,0.19986159169549275,53593.45222212588,0.03643194272289027,-0.28444444444444444,0.3278123798539023,1474824
240,12,ARUNACHAL PRADESH,UPPER SIANG,-0.1137408688965759,0.16000000000001274,0.18608227604770392,0.2141330257593307,420426.5709028956,0.049286382645820505,-0.3188927335640138,0.36472126105344094,8540336
241,12,ARUNACHAL PRADESH,UPPER SUBANSIRI,-0.1301653210303667,0.15378700499807682,0.17937716262978257,0.21413302575933052,315548.97144196526,0.03843403554400839,-0.28444444444444444,0.3839138792772011,8220067
242,12,ARUNACHAL PRADESH,WEST KAMENG,-0.11374086889657524,0.15378700499807518,0.1793771626297825,0.2069357939253995,259458.90835461993,0.0420429342978444,-0.28444444444444444,0.36472126105344094,6178998
719,12,ARUNACHAL PRADESH,LOWER SIANG,-0.10340638216070813,0.1417301038062385,0.15999999999999479,0.18608227604767222,107612.00581492149,0.04707740062279101,-0.2679584775086506,0.3278123798539023,2292082
236,12,ARUNACHAL PRADESH,LOWER SUBANSIRI,-0.09842368319876878,0.13016532103036618,0.15378700499808592,0.17937716262975167,86656.07180728539,0.03544985633514043,-0.28444444444444444,0.33685505574778934,2449933
679,12,ARUNACHAL PRADESH,SIANG,-0.11374086889657681,0.15999999999999925,0.18608227604770058,0.20693579392540154,220183.6746210702,0.05032245165814185,-0.3278123798539023,0.3553094963475586,4383418
243,12,ARUNACHAL PRADESH,WEST SIANG,-0.10851211072664421,0.14769703960017141,0.17279507881585035,0.1998615916954909,75441.10120977528,0.04472696618810186,-0.24415224913494812,0.33685505574778934,1691102
725,12,ARUNACHAL PRADESH,SHI YOMI,-0.11909265667050886,0.1476970396001701,0.17279507881585024,0.19291041906958295,125247.0464819743,0.037645507143068836,-0.2599000384467512,0.36472126105344094,3331997
724,12,ARUNACHAL PRADESH,LEPA RADA,-0.10851211072664661,0.1417301038062274,0.1599999999999966,0.18608227604767164,39545.843350613955,0.04086234791803779,-0.2364628988850442,0.3278123798539023,970650
723,12,ARUNACHAL PRADESH,PAKKE KESSANG,-0.1034063821607054,0.1358861976163158,0.1600000000000117,0.1860822760476884,89931.02820655967,0.037575652133199876,-0.2761399461745483,0.3188927335640138,2399368
677,12,ARUNACHAL PRADESH,KRA DAADI,-0.10851211072664066,0.1600000000000038,0.17937716262977987,0.20693579392540126,105468.84244743941,0.04741908188786498,-0.2599000384467512,0.3278123798539023,2229870
678,12,ARUNACHAL PRADESH,NAMSAI,-0.10851211072664706,0.044844290657442235,0.05911572472126462,0.07972318339100362,-19212.084248494564,-0.011366640006046423,-0.28444444444444444,0.22145328719723184,1693784
718,12,ARUNACHAL PRADESH,KAMLE,-0.11909265667051454,0.1417301038062254,0.16633602460592503,0.18608227604767896,69317.22862280483,0.03989059488945374,-0.29287197231833906,0.3188927335640138,1742339
232,12,ARUNACHAL PRADESH,EAST SIANG,-0.17279507881584763,0.10851211072664971,0.14769703960016237,0.19291041906957765,26379.42157293052,0.012425944434827503,-0.3188927335640138,0.34602076124567477,2127307
666,12,ARUNACHAL PRADESH,LONGDING,-0.08882737408688963,0.166336024605925,0.19291041906960366,0.2214532871972421,68120.99978207097,0.05818896729450604,-0.2599000384467512,0.3553094963475586,1174145
616,18,ASSAM,BAKSA,-0.10851211072664631,0.05911572472125268,0.07535563244904868,0.09356401384082527,-4886.493530722895,-0.0016043476572338144,-0.28444444444444444,0.2519646289888504,3055457
280,18,ASSAM,BARPETA,-0.19986159169548523,0.05536332179930327,0.07111111111111745,0.09356401384082634,-90908.77998616772,-0.03189441195748866,-0.29287197231833906,0.24415224913494812,2859045
705,18,ASSAM,BISWANATH,-0.1929104190695975,0.08882737408688016,0.10340638216071331,0.11909265667050921,39044.76876352016,0.01407072046097626,-0.28444444444444444,0.2519646289888504,2780367
281,18,ASSAM,BONGAIGAON,-0.21413302575933174,0.05536332179930688,0.08421376393694598,0.11909265667051219,-43243.10728801693,-0.031075985796346288,-0.28444444444444444,0.28444444444444444,1397646
282,18,ASSAM,CACHAR,-0.1358861976163032,0.11374086889659654,0.13588619761630494,0.1599999999999964,173093.94790613095,0.037211783972175186,-0.31009611687812383,0.3553094963475586,4659875
708,18,ASSAM,CHARAIDEO,-0.08421376393694709,0.07111111111111847,0.08421376393695104,0.10340638216070461,21732.834732480333,0.01712906685361273,-0.29287197231833906,0.2364628988850442,1273387
612,18,ASSAM,CHIRANG,-0.1085121107266446,0.04158400615148128,0.05911572472126475,0.07535563244905566,-37150.82343680792,-0.01555633352375797,-0.28444444444444444,0.2599000384467512,2393821
283,18,ASSAM,DARRANG,-0.2069357939253914,0.051733948481348005,0.06698961937716805,0.08882737408688494,-59417.11701760667,-0.03011054413270212,-0.29287197231833906,0.2519646289888504,1980527
284,18,ASSAM,DHEMAJI,-0.1727950788158461,0.0888273740868831,0.10851211072664954,0.13016532103036518,70408.67442537374,0.02256818781793726,-0.2761399461745483,0.31009611687812383,3127982
285,18,ASSAM,DHUBRI,-0.18608227604769617,0.05173394848135024,0.07111111111111462,0.0935640138408279,-79313.0931438294,-0.03845101613979962,-0.29287197231833906,0.28444444444444444,2073149
286,18,ASSAM,DIBRUGARH,-0.20693579392539893,0.0669896193771745,0.0797231833910156,0.10340638216070508,-49963.85925336017,-0.01176844228024775,-0.3014225297962323,0.2599000384467512,4254504
299,18,ASSAM,DIMA HASAO,-0.07972318339100382,0.1417301038062202,0.1663360246059149,0.19291041906959167,312887.46868664876,0.05187567455323071,-0.34602076124567477,0.37425605536332185,6041285
287,18,ASSAM,GOALPARA,-0.1998615916954858,0.07535563244904653,0.09356401384082398,0.11374086889657638,-14614.714338950296,-0.006018628910522965,-0.29287197231833906,0.2599000384467512,2434900
288,18,ASSAM,GOLAGHAT,-0.1793771626297519,0.08421376393695724,0.09842368319876975,0.11909265667050935,79550.05187928164,0.01979443897438611,-0.3278123798539023,0.2761399461745483,4029611
289,18,ASSAM,HAILAKANDI,-0.11909265667051326,0.11374086889657882,0.13588619761629464,0.16000000000000708,56394.50770418578,0.034592754338144086,-0.29287197231833906,0.29287197231833906,1635070
709,18,ASSAM,HOJAI,-0.07972318339100554,0.10340638216071653,0.13016532103037218,0.15378700499808334,61589.244509565855,0.03408624439003829,-0.28444444444444444,0.29287197231833906,1811736
290,18,ASSAM,JORHAT,-0.09842368319877062,0.08882737408686776,0.10340638216071864,0.1245674740484466,71039.32951637756,0.030493600007385574,-0.28444444444444444,0.24415224913494812,2335717
618,18,ASSAM,KAMRUP METRO,-0.19291041906957943,0.11374086889657299,0.13588619761629597,0.16000000000000378,34685.70202750412,0.028711676455757774,-0.31009611687812383,0.28444444444444444,1212134
291,18,ASSAM,KAMRUP RURAL,-0.1727950788158466,0.08421376393695638,0.10851211072664688,0.13588619761630025,42777.84403209325,0.011021362307404024,-0.3014225297962323,0.29287197231833906,3891403
292,18,ASSAM,KARBI ANGLONG,-0.06698961937716315,0.12456747404847124,0.14173010380622408,0.1663360246059241,442358.0918087362,0.04858236333725738,-0.2761399461745483,0.33685505574778934,9120022
293,18,ASSAM,KARIMGANJ,-0.1476970396001579,0.09356401384082971,0.11374086889657396,0.1417301038062306,50330.42197790259,0.022623458106924527,-0.29287197231833906,0.3014225297962323,2229526
294,18,ASSAM,KOKRAJHAR,-0.10851211072664609,0.05911572472125403,0.07535563244905001,0.09356401384082623,-7903.188913853687,-0.002041481044462051,-0.2761399461745483,0.2519646289888504,3879174
295,18,ASSAM,LAKHIMPUR,-0.1727950788158457,0.07972318339101724,0.09356401384082912,0.11374086889657463,62683.95259239326,0.016687272595449745,-0.2679584775086506,0.28444444444444444,3763908
706,18,ASSAM,MAJULI,-0.22145328719723065,0.07972318339101304,0.09842368319876701,0.11374086889657557,-54875.57229406893,-0.03452415683580774,-0.2599000384467512,0.2364628988850442,1595085
296,18,ASSAM,MARIGAON,-0.20693579392539332,0.0591157247212492,0.0753556324490463,0.09842368319876404,-49635.045786230985,-0.026396538077209007,-0.3014225297962323,0.2599000384467512,1884753
297,18,ASSAM,NAGAON,-0.186082276047685,0.07535563244904658,0.09356401384082284,0.11374086889657473,-1100.126378663871,-3.427011492383668E-4,-0.31009611687812383,0.3014225297962323,3221993
298,18,ASSAM,NALBARI,-0.19986159169548814,0.055363321799306114,0.07111111111111522,0.08882737408688966,-18796.067850577292,-0.014437839050564333,-0.3188927335640138,0.2288965782391388,1306375
300,18,ASSAM,SIBSAGAR,-0.14173010380622653,0.08421376393696393,0.09842368319876106,0.11374086889657412,51709.91036222853,0.025340318747054138,-0.3188927335640138,0.24415224913494812,2046198
301,18,ASSAM,SONITPUR,-0.1929104190695862,0.07111111111111926,0.08882737408688784,0.10340638216070924,-12497.471407521833,-0.003328095098598987,-0.29287197231833906,0.2519646289888504,3761187
707,18,ASSAM,SOUTH SALMARA MANCACHAR,-0.19986159169548937,0.07111111111111315,0.08882737408688966,0.1085121107266469,-31076.642209442358,-0.0446923844783972,-0.3014225297962323,0.2364628988850442,699403
302,18,ASSAM,TINSUKIA,-0.16633602460592445,0.048227604767396376,0.06698961937716776,0.08421376393695014,-63890.60305696671,-0.013319254151278803,-0.29287197231833906,0.31009611687812383,4805197
617,18,ASSAM,UDALGURI,-0.09842368319877005,0.05911572472125291,0.07535563244904812,0.09356401384082542,1395.2822990851055,5.545161392022311E-4,-0.2679584775086506,0.22145328719723184,2524545
710,18,ASSAM,WEST KARBI ANGLONG,-0.07535563244905907,0.11909265667052829,0.14173010380621692,0.16000000000000453,171156.2812888079,0.04491964811879948,-0.28444444444444444,0.3188927335640138,3818912
188,10,BIHAR,ARARIA,-0.15378700499808373,0.001676486483251191,0.025845646887253704,0.05911572472126283,-233457.3644877046,-0.06729461828642987,-0.3014225297962323,0.2288965782391388,3476505
611,10,BIHAR,ARWAL,-0.10340638216070697,0.05173394848134872,0.06698961937716093,0.08421376393694774,4857.181522038013,0.006175851856575796,-0.2761399461745483,0.19986159169550174,790200
189,10,BIHAR,AURANGABAD,-0.07111111111111122,0.07535563244905345,0.0888273740868863,0.11374086889657523,96084.93354477531,0.023642621899376787,-0.3014225297962323,0.28444444444444444,4071463
190,10,BIHAR,BANKA,-0.06698961937716232,0.11909265667053086,0.13588619761633344,0.16000000000000714,153531.33505276218,0.04125718703677861,-0.31009611687812383,0.29287197231833906,3727975
191,10,BIHAR,BEGUSARAI,-0.21413302575932688,0.029773164167630282,0.04158400615148126,0.0553633217993106,-65525.50373439065,-0.027554217425516742,-0.3014225297962323,0.1929104190695886,2385201
200,10,BIHAR,KAIMUR,-0.05911572472126266,0.11909265667052969,0.14173010380623627,0.16633602460592503,170349.6002040972,0.041061760756580246,-0.3188927335640138,0.3278123798539023,4155971
192,10,BIHAR,BHAGALPUR,-0.2069357939253848,0.041584006151481286,0.059115724721263814,0.07535563244905524,-96629.71891170004,-0.030632728730166137,-0.29287197231833906,0.3188927335640138,3161985
193,10,BIHAR,BHOJPUR,-0.15378700499807746,0.041584006151477414,0.05911572472126461,0.07535563244905803,45.666888540008586,1.546274267757405E-5,-0.29287197231833906,0.2288965782391388,2959033
194,10,BIHAR,BUXAR,-0.09842368319877036,0.04158400615148132,0.05173394848134845,0.06698961937716139,5404.7396896803275,0.0025709490493065674,-0.3188927335640138,0.19986159169550174,2107650
195,10,BIHAR,DARBHANGA,-0.11909265667051092,0.05536332179931045,0.06698961937717086,0.07972318339100859,16448.888913754014,0.005260266963293411,-0.28444444444444444,0.2364628988850442,3135810
196,10,BIHAR,GAYA,-0.07972318339100987,0.0935640138408388,0.11909265667052109,0.14769703960015773,139467.98517271064,0.022852842384552763,-0.3278123798539023,0.3278123798539023,6114662
197,10,BIHAR,GOPALGANJ,-0.1358861976163031,0.032541330257585356,0.04484429065744913,0.05536332179930695,-38595.59826516677,-0.015214690467613694,-0.29287197231833906,0.2069357939254133,2543564
199,10,BIHAR,JAHANABAD,-0.07535563244905952,0.05173394848134871,0.06299115724721122,0.08421376393694789,3851.2826312655516,0.0033332451472021228,-0.28444444444444444,0.24415224913494812,1159636
198,10,BIHAR,JAMUI,-0.05911572472126387,0.13016532103034223,0.1476970396001715,0.1663360246059249,215390.1180742902,0.056511659165231314,-0.3188927335640138,0.28444444444444444,3819342
201,10,BIHAR,KATIHAR,-0.20693579392538655,0.01676453040246531,0.04484429065743787,0.07535563244905953,-204082.94026095356,-0.05420910252903453,-0.3188927335640138,0.2364628988850442,3773694
202,10,BIHAR,KHAGARIA,-0.2069357939254185,0.01777777777777901,0.03254133025759181,0.05173394848135467,-80118.21945379401,-0.04341731435936185,-0.29287197231833906,0.19986159169550174,1851170
203,10,BIHAR,KISHANGANJ,-0.15378700499808268,0.016761944244790338,0.032541330257592684,0.05536332179930802,-130343.65192242606,-0.054287204961975935,-0.3014225297962323,0.21413302575932336,2408235
204,10,BIHAR,LAKHISARAI,-0.10851211072664349,0.06698961937716841,0.08882737408688651,0.12456747404843989,11861.060636540738,0.007881248808701594,-0.3014225297962323,0.29287197231833906,1509373
205,10,BIHAR,MADHEPURA,-0.14769703960015218,0.004478364713292867,0.024605920799691913,0.048227604767395044,-130773.11823770587,-0.05836434421258039,-0.28444444444444444,0.21413302575932336,2247230
206,10,BIHAR,MADHUBANI,-0.09842368319877187,0.05911572472126417,0.07111111111111894,0.08421376393695103,45319.00019997795,0.010390200446691167,-0.28444444444444444,0.2288965782391388,4370352
207,10,BIHAR,MUNGER,-0.22145328719720908,0.07111111111111892,0.09842368319877316,0.13588619761630005,-20222.687713146624,-0.011614133505587583,-0.29287197231833906,0.3014225297962323,1746408
208,10,BIHAR,MUZAFFARPUR,-0.13016532103037257,0.022206843521722714,0.038446751249521474,0.05536332179931024,-106353.15627798895,-0.026919738775440245,-0.2761399461745483,0.22145328719723184,3958875
209,10,BIHAR,NALANDA,-0.08421376393694885,0.05173394848134806,0.06698961937716416,0.08882737408688725,-8637.853723502447,-0.002956322604631156,-0.3014225297962323,0.2679584775086506,2929383
210,10,BIHAR,NAWADA,-0.06698961937716165,0.08421376393695483,0.10340638216070927,0.13016532103036624,69645.3352786875,0.022732347626836222,-0.3014225297962323,0.28444444444444444,3071041
211,10,BIHAR,PASHCHIMI CHAMPARAN,-0.15378700499807738,0.021046441438425684,0.036866728609134584,0.06299115724721134,-188531.5047543358,-0.028779799135165277,-0.3014225297962323,0.2599000384467512,6560379
212,10,BIHAR,PATNA,-0.19986159169549766,0.05173394848134605,0.0711111111111177,0.08421376393694739,-33865.06062157215,-0.008577515625559173,-0.31009611687812383,0.2364628988850442,3959090
213,10,BIHAR,PURBI CHAMPARAN,-0.1417301038062326,0.032541330257586036,0.044844290657449146,0.0591157247212624,-130744.43066365432,-0.026372303142556185,-0.3014225297962323,0.21413302575932336,4966698
214,10,BIHAR,PURNIA,-0.15378700499808168,0.0016814271872191053,0.02584857565764141,0.059115724721262516,-262533.12543175044,-0.06559689302498821,-0.3014225297962323,0.2288965782391388,4010639
215,10,BIHAR,ROHTAS,-0.13016532103037418,0.09842368319875977,0.1245674740484679,0.15378700499808698,104828.91275798737,0.02213492646888558,-0.29287197231833906,0.36472126105344094,4743839
216,10,BIHAR,SAHARSA,-0.17279507881584724,0.019930795847753206,0.03844675124952148,0.05536332179930976,-88761.10699260588,-0.04293058999157354,-0.28444444444444444,0.2069357939254133,2073256
217,10,BIHAR,SAMASTIPUR,-0.14173010380622642,0.0325413302575895,0.04484429065744352,0.06299115724721127,-53976.44794500276,-0.016296027867914432,-0.28444444444444444,0.2069357939254133,3321029
218,10,BIHAR,SARAN,-0.20693579392541933,0.027128027681663027,0.04158400615148121,0.05536332179930706,-95305.65306653628,-0.029091385959045042,-0.29287197231833906,0.186082276047674,3282541
219,10,BIHAR,SHEIKHPURA,-0.06698961937716422,0.05911572472126488,0.07535563244905075,0.08882737408688457,7949.904727198971,0.009504622539011047,-0.29287197231833906,0.2761399461745483,840498
220,10,BIHAR,SHEOHAR,-0.13016532103037437,0.029773164167627084,0.04484429065743855,0.06299115724721173,-12786.127902653296,-0.023092990694275718,-0.2761399461745483,0.1929104190695886,556991
221,10,BIHAR,SITAMARHI,-0.07972318339100432,0.055363321799298856,0.06698961937717121,0.07972318339100767,27315.429503537765,0.00999848912861348,-0.2761399461745483,0.24415224913494812,2739355
222,10,BIHAR,SIWAN,-0.0984236831987696,0.0415840061514716,0.0517339484813463,0.06698961937716336,-13952.575738532338,-0.005054417705794246,-0.28444444444444444,0.186082276047674,2766570
223,10,BIHAR,SUPAUL,-0.16633602460592456,0.02108336547955725,0.0369235189955172,0.06299115724721134,-134690.67057313773,-0.044716925375853124,-0.29287197231833906,0.22145328719723184,3018897
224,10,BIHAR,VAISHALI,-0.2069357939253993,0.01993079584775311,0.032541330257591414,0.051733948481350656,-89343.61473107748,-0.03538970998839455,-0.29287197231833906,0.19986159169550174,2529599
044,04,CHANDIGARH,CHANDIGARH,-0.13588619761630133,0.048227604767397535,0.07111111111111028,0.09356401384083052,-3634.2423841210366,-0.024432921855189575,-0.31009611687812383,0.19986159169550174,150026
646,22,CHHATTISGARH,BALOD,-0.15378700499808456,0.07111111111111933,0.08882737408689105,0.10851211072664534,25397.198765287474,0.006313106010872303,-0.3014225297962323,0.2288965782391388,4030747
644,22,CHHATTISGARH,BALODA BAZAR,-0.1476970396001536,0.0753556324490592,0.08882737408688528,0.10851211072664513,58455.360208227,0.010430007179713999,-0.3014225297962323,0.2288965782391388,5614038
649,22,CHHATTISGARH,BALRAMPUR,-0.059115724721263384,0.11909265667052782,0.13588619761631637,0.1537870049980844,411283.55142786127,0.05384924655593176,-0.31009611687812383,0.2599000384467512,7650578
374,22,CHHATTISGARH,BASTAR,-0.07972318339101034,0.1537870049980178,0.17937716262981018,0.19986159169548515,402215.355876149,0.06302218197208934,-0.34602076124567477,0.33685505574778934,6393305
650,22,CHHATTISGARH,BEMETARA,-0.13588619761629833,0.0797231833910156,0.10340638216070645,0.1245674740484373,41978.535890798485,0.015605367891114415,-0.3188927335640138,0.2288965782391388,2697016
636,22,CHHATTISGARH,BIJAPUR,-0.055363321799307426,0.1085121107266624,0.1245674740484668,0.14769703960016234,410044.74165101326,0.037559897205194294,-0.28444444444444444,0.29287197231833906,10931393
375,22,CHHATTISGARH,BILASPUR,-0.16633602460592434,0.07535563244905602,0.0935640138408312,0.11374086889657473,12585.265244428027,0.0029450714348219784,-0.33685505574778934,0.2679584775086506,4282196
734,22,CHHATTISGARH,GAURELA-PENDRA-MARWAHI,-0.08421376393694545,0.10340638216072859,0.1137408688965839,0.13016532103037118,101324.05632823611,0.04195668311721707,-0.3278123798539023,0.2364628988850442,2420209
376,22,CHHATTISGARH,DAKSHIN BASTAR DANTEWADA,-0.04484429065743837,0.15378700499803766,0.1663360246058896,0.18608227604769784,274771.18421646126,0.0825717290500445,-0.2761399461745483,0.3278123798539023,3336766
377,22,CHHATTISGARH,DHAMTARI,-0.17279507881584905,0.07111111111111945,0.08421376393695441,0.10340638216070734,-31753.623544928138,-0.006514218273088934,-0.33685505574778934,0.2364628988850442,4882863
378,22,CHHATTISGARH,DURG,-0.1476970396001485,0.07111111111111892,0.0935640138408231,0.11909265667051416,24027.696828760498,0.008731755927766873,-0.31009611687812383,0.22145328719723184,2758101
645,22,CHHATTISGARH,GARIYABAND,-0.11909265667051191,0.08421376393695681,0.10340638216071753,0.12456747404844842,79572.14345348458,0.013780905396134581,-0.3188927335640138,0.2519646289888504,5784384
379,22,CHHATTISGARH,JANJGIR - CHAMPA,-0.166336024605925,0.05911572472125852,0.079723183391008,0.10851211072664428,-96982.40472170703,-0.017949798231750243,-0.31009611687812383,0.2364628988850442,5413703
380,22,CHHATTISGARH,JASHPUR,-0.05911572472126337,0.1301653210303348,0.14769703960017302,0.1600000000000087,469982.0099856888,0.06633677153072023,-0.29287197231833906,0.2679584775086506,7094864
382,22,CHHATTISGARH,KABIRDHAM,-0.08421376393694695,0.10340638216073003,0.12456747404846188,0.14173010380622372,147400.6624096808,0.029158386518525797,-0.28444444444444444,0.2364628988850442,5063228
381,22,CHHATTISGARH,UTTAR BASTAR KANKER,-0.10340638216071674,0.08882737408687688,0.10851211072665355,0.12456747404844981,210171.3588710239,0.024571581100872732,-0.3278123798539023,0.2519646289888504,8566278
643,22,CHHATTISGARH,KONDAGAON,-0.07535563244905343,0.11374086889660161,0.13016532103036088,0.14769703960016145,221715.09727955732,0.036794573247015114,-0.34602076124567477,0.2519646289888504,6035251
383,22,CHHATTISGARH,KORBA,-0.16633602460586955,0.09842368319874358,0.11374086889659184,0.13016532103036696,244706.47315885563,0.030684863203366258,-0.36472126105344094,0.24415224913494812,7984432
384,22,CHHATTISGARH,KOREA,-0.036853586983908025,0.11909265667053241,0.13588619761632667,0.1476970396001666,459310.33708919166,0.05716928286855733,-0.3188927335640138,0.2519646289888504,8044955
385,22,CHHATTISGARH,MAHASAMUND,-0.1476970396001547,0.08421376393695626,0.108512110726647,0.1301653210303723,11135.889087359265,0.001956691874983188,-0.3278123798539023,0.2599000384467512,5701522
647,22,CHHATTISGARH,MUNGELI,-0.13588619761630089,0.06698961937717314,0.08421376393694886,0.10340638216070491,7756.1230503435945,0.002315793744766813,-0.28444444444444444,0.2069357939254133,3357558
637,22,CHHATTISGARH,NARAINPUR,-0.06698961937716434,0.11909265667052517,0.1358861976163164,0.15999999999999748,194285.26276107616,0.042019184568788316,-0.2599000384467512,0.28444444444444444,4632332
386,22,CHHATTISGARH,RAIGARH,-0.13588619761629758,0.09356401384085752,0.11374086889659615,0.13588619761630244,167052.97151741938,0.01967846736612738,-0.29287197231833906,0.2599000384467512,8502955
387,22,CHHATTISGARH,RAIPUR,-0.1537870049980756,0.07535563244906002,0.0935640138408345,0.11374086889657442,40985.49370884694,0.011776071092470712,-0.3188927335640138,0.22145328719723184,3486230
388,22,CHHATTISGARH,RAJ NANDGAON,-0.12456747404845163,0.08882737408687802,0.10340638216072415,0.12456747404845009,198342.90056454274,0.02054028256528457,-0.31009611687812383,0.24415224913494812,9670842
642,22,CHHATTISGARH,SUKMA,-0.04484429065743829,0.12456747404847013,0.1417301038062233,0.1600000000000053,379455.40240220394,0.05886912899291064,-0.29287197231833906,0.29287197231833906,6458280
648,22,CHHATTISGARH,SURAJPUR,-0.05911572472126255,0.11909265667053197,0.1358861976163207,0.15378700499808612,368290.88442238997,0.05550739826919386,-0.31009611687812383,0.24415224913494812,6646511
389,22,CHHATTISGARH,SURGUJA,-0.07111111111111032,0.1245674740484712,0.14173010380622933,0.1663360246059248,265250.0320531316,0.05463090164546204,-0.3553094963475586,0.2679584775086506,4864080
463,38,DADRA & NAGAR HAVELI & DAMAN & DIU,DAMAN,-0.2141330257593233,0.07111111111110995,0.08421376393694661,0.09842368319876993,-1694.3446443976495,-0.01989416727847925,-0.2364628988850442,0.1929104190695886,86148
464,38,DADRA & NAGAR HAVELI & DAMAN & DIU,DIU,-0.19986159169550144,0.1190926566705107,0.1417301038062284,0.16633602460592087,451.6750387709212,0.009781827454104811,-0.2599000384467512,0.2761399461745483,47012
465,38,DADRA & NAGAR HAVELI & DAMAN & DIU,DADRA & NAGAR HAVELI,-0.15378700499807835,0.08882737408688225,0.10851211072664413,0.13016532103037465,18166.547328191176,0.031148656557778678,-0.24415224913494812,0.2288965782391388,587628
077,07,DELHI,CENTRAL,-0.20693579392541145,0.05536332179930669,0.07972318339100423,0.10340638216070673,-3265.941663583146,-0.02413155154695277,-0.28444444444444444,0.1929104190695886,137139
078,07,DELHI,EAST,-0.09842368319876951,0.07535563244905849,0.0935640138408305,0.113740868896578,584.3226468251186,0.014602555853228063,-0.22145328719723184,0.19986159169550174,40526
079,07,DELHI,NEW DELHI,-0.0984236831987709,0.06299115724721141,0.08421376393694548,0.10340638216070862,-768.2027100888231,-0.0038627744524516684,-0.2288965782391388,0.2288965782391388,200534
080,07,DELHI,NORTH,-0.10851211072664473,0.055363321799308994,0.07972318339100407,0.10340638216070883,-3943.4613937621684,-0.010623947231809192,-0.2761399461745483,0.2364628988850442,373407
081,07,DELHI,NORTH EAST,-0.20693579392541267,0.04822760476739739,0.06698961937716276,0.08882737408688969,-1260.6144600191885,-0.02810778574319985,-0.28444444444444444,0.17279507881584008,45774
082,07,DELHI,NORTH WEST,-0.10851211072664337,0.05911572472126266,0.07972318339100545,0.10340638216070791,101.61921336434037,5.202492003525494E-4,-0.2679584775086506,0.19986159169550174,197251
671,07,DELHI,SHAHADRA,-0.08421376393694745,0.07972318339100326,0.09842368319876961,0.11909265667051123,640.4677834015577,0.014630592474169896,-0.24415224913494812,0.19986159169550174,44424
083,07,DELHI,SOUTH,-0.09842368319876994,0.0753556324490599,0.0888273740868897,0.10340638216070923,710.0201446504285,0.0035119196152236134,-0.3014225297962323,0.19986159169550174,203572
084,07,DELHI,SOUTH WEST,-0.10340638216070716,0.06698961937716023,0.07972318339100216,0.09842368319877161,520.3492552338223,0.0014462494839845193,-0.29287197231833906,0.2069357939254133,362148
085,07,DELHI,WEST,-0.11909265667051072,0.07111111111111172,0.08882737408688963,0.10851211072664489,715.4973560395056,0.004280744430315073,-0.28444444444444444,0.2069357939254133,168657
670,07,DELHI,SOUTH EAST,-0.17279507881583997,0.06698961937716286,0.08421376393694716,0.1034063821607073,-642.1112121280514,-0.0049825042813071195,-0.31009611687812383,0.21413302575932336,130060
551,30,GOA,NORTH GOA,-0.1929104190696016,0.11374086889659238,0.13016532103036113,0.15378700499808398,30996.98784496642,0.015331586218312418,-0.31009611687812383,0.28444444444444444,2026943
552,30,GOA,SOUTH GOA,-0.1727950788158485,0.09842368319875815,0.11909265667052037,0.1417301038062373,17364.35292780625,0.007674029090441503,-0.29287197231833906,0.31009611687812383,2268792
673,24,GUJARAT,MORBI,-0.13588619761630366,0.17279507881582273,0.18608227604767918,0.2069357939253839,565853.961624099,0.09377505047959869,-0.3188927335640138,0.28444444444444444,6044416
438,24,GUJARAT,AHMADABAD,-0.1727950788158467,0.14173010380623052,0.15999999999999254,0.18608227604770558,448696.7987451098,0.051174179072847055,-0.3014225297962323,0.2761399461745483,8784863
440,24,GUJARAT,ANAND,-0.2519646289890295,0.07535563244904847,0.09356401384082322,0.1137408688965749,-61649.73480943164,-0.016077464102687806,-0.28444444444444444,0.2288965782391388,3842291
674,24,GUJARAT,DEVBHUMI DWARKA,-0.14769703960015354,0.18608227604763525,0.20693579392538097,0.22889657823911053,462824.5099885246,0.09234167898900897,-0.3014225297962323,0.36472126105344094,5023982
447,24,GUJARAT,JAMNAGAR,-0.1417301038062272,0.1663360246058429,0.1860822760477127,0.20693579392538863,674237.308440586,0.09443266141625131,-0.31009611687812383,0.3839138792772011,7153837
449,24,GUJARAT,KACHCHH,-0.25196462898889443,0.17937716262978948,0.19986159169548476,0.22889657823911022,1056521.1585903717,0.021303971866533863,-0.37425605536332185,0.41362552864282975,49630741
443,24,GUJARAT,BHAVNAGAR,-0.18608227604769498,0.1599999999999575,0.17937716262981931,0.19986159169548506,633524.2101414546,0.078016415205818,-0.36472126105344094,0.34602076124567477,8129986
442,24,GUJARAT,BHARUCH,-0.18608227604767388,0.13588619761629903,0.1476970396001415,0.16633602460588817,329382.39655408275,0.05557100395125886,-0.3188927335640138,0.2599000384467512,5942322
459,24,GUJARAT,SURAT,-0.1537870049980787,0.08882737408687981,0.10851211072665441,0.13016532103036998,-13399.275638390729,-0.0025804172629399565,-0.31009611687812383,0.2519646289888504,5202601
453,24,GUJARAT,NAVSARI,-0.1476970396001568,0.07111111111111858,0.09356401384082302,0.11909265667051577,-6698.978235511651,-0.0025433807098474925,-0.29287197231833906,0.2599000384467512,2640202
462,24,GUJARAT,VALSAD,-0.11909265667051125,0.093564013840852,0.11374086889660082,0.13588619761631304,87297.91013736946,0.02483964386625331,-0.2761399461745483,0.2519646289888504,3524114
672,24,GUJARAT,ARAVALLI,-0.10340638216070766,0.1476970396001736,0.15999999999999281,0.1793771626297683,318358.6751226892,0.08301952948254464,-0.31009611687812383,0.3188927335640138,3843076
441,24,GUJARAT,BANAS KANTHA,-0.025832243770652095,0.14173010380623935,0.1600000000000033,0.17937716262978032,1110689.8976421044,0.08427094814892933,-0.28444444444444444,0.36472126105344094,13197838
668,24,GUJARAT,CHHOTA UDEPUR,-0.10340638216070762,0.13016532103034112,0.14173010380623088,0.16000000000000678,266672.87584973016,0.06395665770048552,-0.3014225297962323,0.2679584775086506,4179280
445,24,GUJARAT,DAHOD,-0.059115724721261205,0.13588619761634071,0.14769703960017203,0.1663360246059249,320051.61614546645,0.07252897552908168,-0.2761399461745483,0.2761399461745483,4420485
444,24,GUJARAT,DANGS,-0.055363321799307114,0.09842368319876955,0.11909265667051351,0.1358861976162998,81160.66027672373,0.03846708615240243,-0.2599000384467512,0.2761399461745483,2115144
675,24,GUJARAT,GIR SOMNATH,-0.13588619761630133,0.1537870049980513,0.17279507881585057,0.18608227604769764,222889.27624767527,0.07050454631180106,-0.2761399461745483,0.28444444444444444,3168667
448,24,GUJARAT,JUNAGADH,-0.05536332179930699,0.15999999999998432,0.1793771626297944,0.19986159169548795,681965.1017280456,0.09256524513848462,-0.29287197231833906,0.42377547097270285,7380122
669,24,GUJARAT,MAHISAGAR,-0.1600000000000012,0.13588619761632514,0.1537870049980879,0.172795078815849,168839.65103783697,0.0553618786522086,-0.2679584775086506,0.2679584775086506,3057162
452,24,GUJARAT,NARMADA,-0.1929104190695769,0.13588619761633983,0.1476970396001729,0.16633602460592498,174014.20841215434,0.0513683800473675,-0.2761399461745483,0.2679584775086506,3395262
454,24,GUJARAT,PANCH MAHALS,-0.15378700499808284,0.12456747404847303,0.13588619761633347,0.15378700499808598,205726.4935951734,0.05176829709787888,-0.3014225297962323,0.2679584775086506,3982812
458,24,GUJARAT,SABAR KANTHA,-0.14769703960015637,0.1476970396001761,0.16633602460590358,0.19291041906958856,434912.0088599567,0.08401997043196371,-0.3188927335640138,0.33685505574778934,5187838
641,24,GUJARAT,TAPI,-0.22889657823912918,0.09842368319876246,0.11909265667052145,0.14173010380623535,-28829.186998960107,-0.0076651713650288025,-0.3278123798539023,0.24415224913494812,3771978
461,24,GUJARAT,VADODARA,-0.1358861976163045,0.10851211072666368,0.12456747404846588,0.14173010380623033,219404.95591742225,0.04443892385921826,-0.3188927335640138,0.24415224913494812,4946678
439,24,GUJARAT,AMRELI,-0.04484429065743937,0.17279507881573336,0.18608227604766178,0.19986159169548517,931182.6237416882,0.10612075830830643,-0.29287197231833906,0.31009611687812383,8788427
456,24,GUJARAT,PORBANDAR,-0.1663360246059235,0.19291041906955486,0.21413302575927018,0.23646289888503932,286098.94641900534,0.10291148052650802,-0.2519646289888504,0.37425605536332185,2788240
457,24,GUJARAT,RAJKOT,-0.13016532103037431,0.15378700499802428,0.16633602460587632,0.18608227604769959,783808.177405374,0.08463579891092667,-0.29287197231833906,0.3278123798539023,9279397
460,24,GUJARAT,SURENDRANAGAR,-0.07972318339100348,0.15999999999996606,0.17279507881581418,0.1929104190695738,1036342.1961162161,0.09329774206031889,-0.31009611687812383,0.31009611687812383,11127032
676,24,GUJARAT,BOTAD,-0.025839169170775785,0.17279507881574646,0.18608227604762806,0.19986159169548542,326257.9864638324,0.10918793880217578,-0.2761399461745483,0.2679584775086506,2995174
450,24,GUJARAT,KHEDA,-0.1537870049980835,0.11909265667052989,0.14769703960017144,0.1663360246059251,119024.21554022434,0.0285506740682136,-0.3014225297962323,0.2679584775086506,4177913
451,24,GUJARAT,MAHESANA,-0.012939888843455774,0.14173010380625525,0.1537870049980593,0.1727950788158498,483195.26941993326,0.08978562468982396,-0.28444444444444444,0.3188927335640138,5393193
446,24,GUJARAT,GANDHINAGAR,-0.044844290657439216,0.12456747404847325,0.1358861976163302,0.15378700499808412,177692.91203818587,0.06954609493516078,-0.28444444444444444,0.2519646289888504,2563098
455,24,GUJARAT,PATAN,-0.059115724721261434,0.14173010380622916,0.16000000000001496,0.17279507881585,597906.2925771319,0.08473919752556812,-0.2679584775086506,0.34602076124567477,7069966
058,06,HARYANA,AMBALA,-0.13016532103037037,-0.005856367671398517,0.009633140767521385,0.03254133025759238,-98860.74398017525,-0.05055391510907929,-0.33685505574778934,0.21413302575932336,1963507
059,06,HARYANA,BHIWANI,-0.04158400615148105,0.07111111111112003,0.0842137639369535,0.09842368319876602,131595.62931060733,0.03142882181470129,-0.2599000384467512,0.2679584775086506,4194676
060,06,HARYANA,FARIDABAD,-0.10851211072664728,0.05911572472126498,0.08421376393694613,0.10851211072664411,-7416.6217366179435,-0.007872412075166426,-0.28444444444444444,0.2679584775086506,945230
061,06,HARYANA,FATEHABAD,-0.09356401384082356,0.016764780844634612,0.0325413302575929,0.051733948481352474,-94314.08637679914,-0.029108809861831186,-0.3278123798539023,0.22145328719723184,3246738
062,06,HARYANA,GURUGRAM,-0.0797231833910044,0.07972318339101628,0.10340638216071424,0.12456747404843903,31279.444228995428,0.019747535631161883,-0.28444444444444444,0.2761399461745483,1589083
063,06,HARYANA,HISAR,-0.0629911572472113,0.05536332179930115,0.07111111111111823,0.08421376393694693,51582.01550334924,0.00990914896155674,-0.29287197231833906,0.2364628988850442,5213950
064,06,HARYANA,JHAJJAR,-0.07535563244905957,0.05536332179930454,0.0669896193771663,0.08421376393694872,20716.39119336261,0.008773338466920695,-0.29287197231833906,0.24415224913494812,2367667
065,06,HARYANA,JIND,-0.0797231833910037,0.025838658833550035,0.03685929697401269,0.05536332179931045,-50264.34996737429,-0.014379229370700158,-0.29287197231833906,0.22145328719723184,3503951
066,06,HARYANA,KAITHAL,-0.09356401384082315,-0.0017549287925630551,0.012942582811566433,0.02977316416762717,-108512.98980055761,-0.037132302648719084,-0.3188927335640138,0.19986159169550174,2929802
067,06,HARYANA,KARNAL,-0.1245674740484528,-0.013026091498803464,0.0016658967610881103,0.021049819460041478,-171223.4701970267,-0.053851626628082024,-0.31009611687812383,0.21413302575932336,3186602
068,06,HARYANA,KURUKSHETRA,-0.11909265667051049,-0.0168470253653179,-0.001773912379877384,0.021077317742450263,-115000.91040520972,-0.053272777799942855,-0.29287197231833906,0.21413302575932336,2164099
069,06,HARYANA,MAHENDRAGARH,-0.04158400615148098,0.09356401384084409,0.11374086889657431,0.1358861976162999,104616.70494417353,0.04274647660227765,-0.2679584775086506,0.3188927335640138,2455293
604,06,HARYANA,MEWAT,-0.0842137639369469,0.08421376393694886,0.1085121107266435,0.1417301038062257,44598.59789821939,0.02330781489171234,-0.29287197231833906,0.3014225297962323,1920287
619,06,HARYANA,PALWAL,-0.10340638216070439,0.044844290657442554,0.05911572472126488,0.07535563244905824,-23905.038787889465,-0.013911098777863702,-0.3014225297962323,0.19986159169550174,1723336
070,06,HARYANA,PANCHKULA,-0.10851211072664584,0.09356401384082372,0.11909265667050987,0.14769703960015043,1512.3382493949712,0.0013248623640341184,-0.31009611687812383,0.29287197231833906,1145979
071,06,HARYANA,PANIPAT,-0.11909265667051423,0.00963115054695707,0.029773164167627715,0.059115724721262405,-57459.1987449239,-0.03447905014507075,-0.29287197231833906,0.21413302575932336,1670732
072,06,HARYANA,REWARI,-0.05911572472126227,0.0753556324490662,0.08882737408687987,0.1085121107266409,60438.71296004257,0.03073711265593081,-0.29287197231833906,0.3014225297962323,1972079
073,06,HARYANA,ROHTAK,-0.06698961937716187,0.055363321799303644,0.07111111111111654,0.08421376393694728,21622.536073175634,0.010171457455346092,-0.29287197231833906,0.2519646289888504,2130843
074,06,HARYANA,SIRSA,-0.07972318339100631,0.05911572472125739,0.0711111111111187,0.08882737408688907,18985.67572765494,0.0034650732316363507,-0.3553094963475586,0.28444444444444444,5487960
075,06,HARYANA,SONIPAT,-0.09356401384082834,0.029773164167629696,0.0448442906574398,0.07111111111111275,-42225.78407352901,-0.015185319508625214,-0.3014225297962323,0.2364628988850442,2786505
076,06,HARYANA,YAMUNANAGAR,-0.17279507881584885,-0.005835203094016639,0.025892411377215187,0.06698961937716114,-157644.25804004402,-0.07101141362565755,-0.31009611687812383,0.2364628988850442,2225647
701,06,HARYANA,CHARKHI DADRI,-0.04484429065743833,0.06698961937717166,0.07972318339101128,0.09842368319876721,48776.17645413207,0.027767164097724582,-0.2599000384467512,0.3278123798539023,1761774
015,02,HIMACHAL PRADESH,BILASPUR,-0.20693579392541747,0.12456747404845117,0.15378700499808298,0.1793771626297528,13249.163383853049,0.008705473683704409,-0.3278123798539023,0.36472126105344094,1527049
016,02,HIMACHAL PRADESH,CHAMBA,-0.09842368319876653,0.19986159169548393,0.2288965782391216,0.259900038446765,712655.8656318191,0.08264793538547419,-0.29287197231833906,0.42377547097270285,8634536
017,02,HIMACHAL PRADESH,HAMIRPUR,-0.12456747404843835,0.0888273740868924,0.12456747404845522,0.15378700499808473,-5672.785366470798,-0.0038838971861972224,-0.2761399461745483,0.29287197231833906,1464411
018,02,HIMACHAL PRADESH,KANGRA,-0.1599999999999276,0.14769703960016928,0.19291041906958048,0.2288965782391225,158495.0075261984,0.02098231817534929,-0.3188927335640138,0.40359861591695495,7565612
020,02,HIMACHAL PRADESH,KULLU,-0.09356401384082591,0.19986159169548343,0.2288965782391168,0.2599000384467735,600506.065368989,0.08337349828974164,-0.2679584775086506,0.42377547097270285,7211360
022,02,HIMACHAL PRADESH,MANDI,-0.1190926566705115,0.16000000000001072,0.18608227604770372,0.22145328719723817,239608.78087492438,0.046341443951106565,-0.31009611687812383,0.37425605536332185,5177402
023,02,HIMACHAL PRADESH,SHIMLA,-0.0935640138408259,0.17937716262979492,0.20693579392538966,0.23646289888505775,469033.89453926426,0.07023216685830612,-0.3188927335640138,0.40359861591695495,6689722
024,02,HIMACHAL PRADESH,SIRMAUR,-0.10340638216070921,0.16633602460590635,0.1929104190696052,0.22145328719723162,177350.39836199995,0.04841222183534589,-0.31009611687812383,0.36472126105344094,3670428
025,02,HIMACHAL PRADESH,SOLAN,-0.1034063821607048,0.13588619761632542,0.16000000000000944,0.19291041906957548,93515.0152317254,0.03713242539108068,-0.3014225297962323,0.3278123798539023,2524974
026,02,HIMACHAL PRADESH,UNA,-0.14769703960015151,0.09842368319877415,0.12456747404845485,0.14769703960015484,15452.153117348542,0.007658787502880094,-0.28444444444444444,0.29287197231833906,2022495
019,02,HIMACHAL PRADESH,KINNAUR,-0.06698961937716184,0.24415224913496955,0.2679584775086872,0.29287197231834106,1082541.9624325999,0.12722957294023496,-0.2364628988850442,0.4340484429065744,8518904
021,02,HIMACHAL PRADESH,LAHUL & SPITI,-0.06299115724721137,0.228896578239098,0.2519646289888671,0.26795847750867985,2265249.4152178005,0.12287201257100624,-0.2069357939254133,0.41362552864282975,18455211
,01,JAMMU & KASHMIR,MIRPUR,-0.16633602460589036,0.13588619761632487,0.1600000000000079,0.18608227604768823,172883.71148550173,0.035807976221087355,-0.2761399461745483,0.3839138792772011,4837249
,01,JAMMU & KASHMIR,MUZAFFARABAD,-0.11909265667051099,0.18608227604770966,0.22145328719721846,0.251964628988845,420196.5632644915,0.06468651601086733,-0.2679584775086506,0.41362552864282975,6508506
010,01,JAMMU & KASHMIR,PUNCH,-0.09356401384082579,0.17279507881585096,0.19986159169548606,0.2288965782391341,404360.28154891846,0.07104259706378911,-0.28444444444444444,0.41362552864282975,5700333
001,01,JAMMU & KASHMIR,ANANTNAG,-0.19291041906957565,0.21413302575931892,0.2441522491349327,0.2844444444444536,174698.16743007928,0.04774189525918158,-0.29287197231833906,0.4444444444444444,3666744
003,01,JAMMU & KASHMIR,BARAMULA,-0.19291041906959658,0.14769703960016667,0.18608227604769564,0.22145328719722662,2075.3430212909516,7.472092162967335E-4,-0.31009611687812383,0.40359861591695495,2783290
007,01,JAMMU & KASHMIR,KATHUA,-0.13016532103036954,0.1417301038062206,0.1727950788158502,0.214133025759331,71452.22118510632,0.021598181798243906,-0.31009611687812383,0.3839138792772011,3314635
014,01,JAMMU & KASHMIR,UDHAMPUR,-0.09842368319876456,0.17279507881585054,0.1998615916954874,0.23646289888505506,171567.9440062595,0.056672093877771564,-0.2761399461745483,0.39369473279507883,3033474
002,01,JAMMU & KASHMIR,BADGAM,-0.18608227604768482,0.10851211072665429,0.13588619761630058,0.166336024605924,-39496.2505888524,-0.023528276674669654,-0.28444444444444444,0.34602076124567477,1682823
623,01,JAMMU & KASHMIR,BANDIPURA,-0.17279507881584968,0.1998615916954842,0.22889657823912177,0.2679584775086591,279405.87680074753,0.05104857324892712,-0.28444444444444444,0.4340484429065744,5482179
626,01,JAMMU & KASHMIR,GANDERBAL,-0.16633602460592456,0.2141330257593111,0.24415224913493747,0.28444444444445127,139064.5152997189,0.06363908759559242,-0.28444444444444444,0.42377547097270285,2192068
622,01,JAMMU & KASHMIR,KULGAM,-0.2069357939253936,0.14769703960016514,0.19291041906958464,0.23646289888505426,-13677.277374639141,-0.008078074288396367,-0.29287197231833906,0.40359861591695495,1698369
008,01,JAMMU & KASHMIR,KUPWARA,-0.1476970396001665,0.1860822760477045,0.21413302575933227,0.25196462898884514,185361.7912987826,0.04994234940720552,-0.2679584775086506,0.41362552864282975,3717596
011,01,JAMMU & KASHMIR,PULWAMA,-0.206935793925387,0.16633602460592478,0.206935793925408,0.24415224913494737,-27646.341873233392,-0.02295243924412195,-0.29287197231833906,0.39369473279507883,1208381
012,01,JAMMU & KASHMIR,RAJAURI,-0.07972318339100722,0.1727950788158509,0.19986159169548665,0.228896578239141,241299.51081515994,0.06865628144642041,-0.2761399461745483,0.42377547097270285,3521026
621,01,JAMMU & KASHMIR,RAMBAN,-0.10851211072664284,0.19986159169548665,0.2288965782391196,0.2599000384467655,123576.10114735225,0.07190085443207483,-0.2761399461745483,0.4340484429065744,1722238
627,01,JAMMU & KASHMIR,RIASI,-0.10340638216070619,0.20693579392538344,0.23646289888503755,0.2679584775086597,201334.6083812334,0.07816259426227297,-0.3014225297962323,0.4340484429065744,2582725
625,01,JAMMU & KASHMIR,SHUPIYAN,-0.2069357939254073,0.08421376393694735,0.11909265667051148,0.14769703960015737,-36049.11823655174,-0.053201570300722624,-0.29287197231833906,0.3278123798539023,681043
013,01,JAMMU & KASHMIR,SRINAGAR,-0.19986159169549653,0.13588619761629958,0.16000000000000555,0.18608227604767175,-8828.271982022554,-0.023317348145917068,-0.29287197231833906,0.37425605536332185,381957
620,01,JAMMU & KASHMIR,KISHTWAR,-0.1085121107266421,0.21413302575928286,0.2441522491349277,0.2761399461745343,877699.0655406481,0.08030068055762205,-0.2599000384467512,0.454963475586313,10942149
004,01,JAMMU & KASHMIR,DODA,-0.1085121107266428,0.19986159169548545,0.22889657823913045,0.25990003844674975,243335.65777596654,0.07593776579654093,-0.29287197231833906,0.41362552864282975,3210495
624,01,JAMMU & KASHMIR,SAMBA,-0.09842368319876912,0.08882737408688626,0.11374086889657568,0.14173010380623033,9396.947841539657,0.007654343957198247,-0.29287197231833906,0.2599000384467512,1231705
005,01,JAMMU & KASHMIR,JAMMU,-0.1137408688965755,0.10851211072665615,0.13588619761631437,0.16000000000000603,24823.786433621462,0.007764339592999075,-0.31009611687812383,0.31009611687812383,3204791
322,20,JHARKHAND,BOKARO,-0.15999999999999784,0.09842368319875798,0.11374086889658859,0.1301653210303706,111831.1682352081,0.03186351152912053,-0.3014225297962323,0.28444444444444444,3518062
323,20,JHARKHAND,CHATRA,-0.0368736209813227,0.12456747404846931,0.1417301038062282,0.1537870049980857,291980.9981846448,0.06271226471915381,-0.31009611687812383,0.2761399461745483,4666877
325,20,JHARKHAND,DHANBAD,-0.16633602460592406,0.08882737408688446,0.10851211072664874,0.12456747404844279,58719.3791923715,0.02361586003088525,-0.31009611687812383,0.2519646289888504,2490976
324,20,JHARKHAND,DEOGHAR,-0.04822760476739656,0.1245674740484713,0.14173010380622095,0.15999999999999803,202751.19069457168,0.06659215502416042,-0.3278123798539023,0.29287197231833906,3050828
326,20,JHARKHAND,DUMKA,-0.0797231833910056,0.13016532103034242,0.14769703960017055,0.16633602460592484,302283.269275468,0.06563239609307384,-0.3014225297962323,0.3014225297962323,4613615
328,20,JHARKHAND,GARHWA,-0.07111111111111,0.1245674740484702,0.14173010380622286,0.16633602460592475,297866.780693883,0.05938717250883131,-0.29287197231833906,0.3014225297962323,5023969
329,20,JHARKHAND,GIRIDIH,-0.04484429065743839,0.13016532103033435,0.1476970396001734,0.16633602460592486,415457.4496640073,0.0683483003227679,-0.3188927335640138,0.29287197231833906,6087886
330,20,JHARKHAND,GODDA,-0.051733948481354784,0.1190926566705275,0.13588619761632567,0.16000000000000086,145718.5489072636,0.051894951056480544,-0.28444444444444444,0.3014225297962323,2814180
331,20,JHARKHAND,GUMLA,-0.059115724721263474,0.13016532103033251,0.14769703960017455,0.1663360246059175,418708.8591599069,0.06436670021100785,-0.28444444444444444,0.2519646289888504,6516036
332,20,JHARKHAND,HAZARIBAGH,-0.07535563244905931,0.11374086889659946,0.1301653210303568,0.15378700499808476,255736.21543728028,0.04823452409884664,-0.3188927335640138,0.2599000384467512,5315097
333,20,JHARKHAND,JAMTARA,-0.13588619761630408,0.11909265667053104,0.13016532103035194,0.1476970396001601,132436.51383718938,0.05997992199613505,-0.31009611687812383,0.24415224913494812,2214404
606,20,JHARKHAND,KHUNTI,-0.08882737408688512,0.11909265667053043,0.13588619761633564,0.16000000000000208,138635.48195490657,0.04336751829086114,-0.3278123798539023,0.2679584775086506,3204257
334,20,JHARKHAND,KODARMA,-0.059115724721262274,0.1137408688965949,0.13016532103036474,0.14769703960015798,101646.12447709628,0.050576664628868034,-0.3188927335640138,0.2761399461745483,2016064
335,20,JHARKHAND,LATEHAR,-0.06299115724721124,0.12456747404847061,0.14173010380622436,0.15999999999999975,286037.28985988157,0.05530120546769734,-0.31009611687812383,0.2599000384467512,5182155
336,20,JHARKHAND,LOHARDAGA,-0.07111111111111224,0.11909265667053011,0.1358861976163207,0.15378700499808576,91802.50951149868,0.050074889583345876,-0.29287197231833906,0.2364628988850442,1838361
337,20,JHARKHAND,PAKUR,-0.036880910690525535,0.1301653210303494,0.1476970396001676,0.16633602460592456,146397.26534380674,0.0662504257194145,-0.3014225297962323,0.29287197231833906,2216228
338,20,JHARKHAND,PALAMU,-0.04822760476739757,0.13016532103033637,0.1476970396001709,0.16000000000000514,371988.1297583892,0.06878721803451046,-0.28444444444444444,0.31009611687812383,5416996
343,20,JHARKHAND,WEST SINGHBHUM,-0.08882737408688601,0.10851211072666342,0.12456747404846795,0.1417301038062376,314754.02912896074,0.03607981880754653,-0.29287197231833906,0.31009611687812383,8734513
327,20,JHARKHAND,EAST SINGHBHUM,-0.1301653210303746,0.09842368319875988,0.11374086889658229,0.13016532103037093,119752.23253796017,0.027859418265647577,-0.3014225297962323,0.2599000384467512,4306723
607,20,JHARKHAND,RAMGARH,-0.10851211072664514,0.08882737408688386,0.10340638216070476,0.12456747404843946,34183.202273393894,0.020124226360501086,-0.29287197231833906,0.2599000384467512,1705200
339,20,JHARKHAND,RANCHI,-0.08882737408688966,0.10851211072665977,0.12456747404845979,0.14173010380623915,235199.34915282746,0.03880845202720396,-0.31009611687812383,0.2761399461745483,6072574
340,20,JHARKHAND,SAHIBGANJ,-0.19291041906957776,0.11909265667052905,0.14769703960017164,0.17279507881584974,107480.88187673857,0.039829694102786535,-0.28444444444444444,0.3014225297962323,2704649
341,20,JHARKHAND,SARAIKELA-KHARSAWAN,-0.166336024605925,0.09356401384083873,0.10851211072665103,0.1301653210303714,71847.58475985102,0.022302766749240966,-0.3014225297962323,0.2679584775086506,3228630
342,20,JHARKHAND,SIMDEGA,-0.07111111111111403,0.11374086889657214,0.1301653210303432,0.1476970396001687,204376.08281074782,0.044740512887409316,-0.28444444444444444,0.2519646289888504,4575865
524,29,KARNATAKA,BAGALKOT,-0.1793771626297725,0.15378700499799286,0.172795078815819,0.19291041906959516,299403.40802113205,0.03926306474916381,-0.3014225297962323,0.3014225297962323,7637876
528,29,KARNATAKA,BALLARI,-0.11374086889657668,0.19986159169548268,0.21413302575925067,0.22889657823911252,1048913.1883956203,0.10706756595567,-0.31009611687812383,0.3278123798539023,9811668
527,29,KARNATAKA,BELAGAVI,-0.16633602460592486,0.11909265667053132,0.14173010380624881,0.17279507881585007,322912.1621590968,0.02066343292850231,-0.3553094963475586,0.3278123798539023,15647841
526,29,KARNATAKA,BENGALURU RURAL,-0.04158400615148055,0.17937716262980524,0.1929104190695903,0.21413302575933038,290072.2563129203,0.10992904255427148,-0.3278123798539023,0.3278123798539023,2647699
525,29,KARNATAKA,BENGALURU URBAN,-0.06299115724721185,0.1537870049980787,0.17279507881585057,0.19291041906957634,193582.89700222126,0.07684483737782417,-0.3188927335640138,0.29287197231833906,2525378
529,29,KARNATAKA,BIDAR,-0.09842368319877082,0.1085121107266652,0.11909265667052933,0.13588619761630058,320690.47220524156,0.050119896354365076,-0.33685505574778934,0.2761399461745483,6408943
531,29,KARNATAKA,CHAMARAJANAGAR,-0.055363321799309896,0.19986159169548334,0.2214532871972108,0.23646289888504432,707415.2521185766,0.10960677448349627,-0.2761399461745483,0.36472126105344094,6464990
630,29,KARNATAKA,CHIK BALLAPUR,-0.0017042501073753107,0.1998615916954827,0.21413302575925072,0.22889657823911763,647543.6526579632,0.13269790283868832,-0.3188927335640138,0.3839138792772011,4888990
532,29,KARNATAKA,CHIKKAMAGALURU,-0.11909265667051529,0.1663360246058711,0.1929104190695736,0.21413302575931575,340705.5510722037,0.041153204089940124,-0.3014225297962323,0.34602076124567477,8290158
533,29,KARNATAKA,CHITRADURGA,-0.08421376393694607,0.20693579392537553,0.22889657823910048,0.24415224913496225,1233791.9245767244,0.1268714377928501,-0.3188927335640138,0.34602076124567477,9737571
534,29,KARNATAKA,DAKSHINA KANNADA,-0.10851211072664133,0.08882737408687677,0.11374086889659335,0.14173010380622555,40990.43191915278,0.007359191364035181,-0.31009611687812383,0.34602076124567477,5579048
535,29,KARNATAKA,DAVANGERE,-0.11374086889657536,0.18608227604765656,0.1998615916954841,0.22145328719722254,600111.725004536,0.08778822859286306,-0.31009611687812383,0.33685505574778934,6847089
536,29,KARNATAKA,DHARWAD,-0.01675015664676078,0.17937716262982772,0.192910419069568,0.20693579392539174,590832.2124829213,0.11969403037763705,-0.31009611687812383,0.31009611687812383,4944779
537,29,KARNATAKA,GADAG,-0.001718592672119876,0.18608227604760158,0.19986159169548337,0.21413302575928794,713013.3040128783,0.13204735636214224,-0.29287197231833906,0.3188927335640138,5409858
539,29,KARNATAKA,HASSAN,-0.09842368319876925,0.17937716262982312,0.19986159169548354,0.22145328719721713,641296.0836218641,0.08204216112793318,-0.3278123798539023,0.34602076124567477,7828705
540,29,KARNATAKA,HAVERI,-0.08421376393694766,0.17937716262980882,0.1929104190695467,0.20693579392538577,620142.4138963058,0.11125602700586928,-0.3014225297962323,0.3188927335640138,5582700
538,29,KARNATAKA,KALABURAGI,-0.05911572472126198,0.14173010380627415,0.15999999999995376,0.1727950788157963,1010409.6241222239,0.07882376529194755,-0.3014225297962323,0.2599000384467512,12835141
541,29,KARNATAKA,KODAGU,-0.10851211072664393,0.10851211072665119,0.13588619761629592,0.1727950788158466,71749.67019390794,0.015281857447497783,-0.2761399461745483,0.34602076124567477,4703960
542,29,KARNATAKA,KOLAR,-0.016768579318246806,0.19986159169548254,0.2141330257592633,0.22889657823912174,591417.6822595778,0.1294855633796418,-0.34602076124567477,0.3553094963475586,4576751
543,29,KARNATAKA,KOPPAL,-0.10340638216070498,0.1793771626297878,0.19291041906954534,0.20693579392538478,699377.8034327722,0.10824570166923045,-0.3014225297962323,0.3014225297962323,6471180
544,29,KARNATAKA,MANDYA,-0.10851211072664818,0.18608227604768032,0.20693579392538242,0.22889657823912854,512911.53879486525,0.09021746767473662,-0.29287197231833906,0.3553094963475586,5695228
545,29,KARNATAKA,MYSURU,-0.11374086889657455,0.1860822760476612,0.2069357939253808,0.22889657823912582,665660.5679083621,0.09225893741249201,-0.31009611687812383,0.3553094963475586,7227650
546,29,KARNATAKA,RAICHUR,-0.07111111111111167,0.19291041906953074,0.20693579392537748,0.2214532871972126,1191542.3364054228,0.12135211498705435,-0.3014225297962323,0.36472126105344094,9829398
631,29,KARNATAKA,RAMANAGARAM,-0.05173394848135457,0.18608227604765595,0.20693579392538436,0.22145328719721416,453550.4601862316,0.11267262143353583,-0.29287197231833906,0.34602076124567477,4034113
547,29,KARNATAKA,SHIVAMOGGA,-0.14769703960016986,0.12456747404846635,0.1537870049980741,0.1793771626297779,226885.22578076983,0.023226856709905222,-0.33685505574778934,0.3014225297962323,9782492
548,29,KARNATAKA,TUMAKURU,-0.08882737408688604,0.19291041906956358,0.20693579392538167,0.22889657823913004,1202679.703784025,0.09870765353189387,-0.3278123798539023,0.3553094963475586,12204538
549,29,KARNATAKA,UDUPI,-0.1034063821607077,0.10340638216072681,0.12456747404845678,0.14769703960015282,98014.2636593052,0.023800661039028618,-0.3014225297962323,0.33685505574778934,4125180
550,29,KARNATAKA,UTTARA KANNADA,-0.14173010380621842,0.09356401384082284,0.11909265667051573,0.1476970396001548,-7520.961817239766,-6.331582771016179E-4,-0.3014225297962323,0.29287197231833906,11893283
530,29,KARNATAKA,VIJAYAPURA,-0.13588619761629753,0.13016532103032383,0.14173010380625062,0.16000000000000764,668288.1675338519,0.05455839591551951,-0.29287197231833906,0.2599000384467512,12262243
635,29,KARNATAKA,YADGIR,-0.09842368319876645,0.18608227604763986,0.19986159169548257,0.21413302575928453,696767.8143502991,0.11329563895319077,-0.3188927335640138,0.29287197231833906,6160245
554,32,KERALA,ALAPPUZHA,-0.160000000000005,0.07535563244904955,0.09356401384082431,0.11374086889657667,3450.2561168733,0.002142588638102505,-0.2599000384467512,0.24415224913494812,1615612
555,32,KERALA,ERNAKULAM,-0.15378700499808753,0.10340638216072891,0.13016532103037554,0.15378700499808198,75219.41117454723,0.021642857115948655,-0.28444444444444444,0.3188927335640138,3482949
556,32,KERALA,IDUKKI,-0.12456747404843811,0.14173010380622392,0.17279507881584977,0.20693579392540365,149530.7109406209,0.030239751130849056,-0.29287197231833906,0.36472126105344094,4955513
557,32,KERALA,KANNUR,-0.1301653210303742,0.09842368319876452,0.12456747404845456,0.14769703960016042,68824.89144670543,0.02029581221088178,-0.2761399461745483,0.33685505574778934,3397343
558,32,KERALA,KASARAGOD,-0.10851211072664461,0.11374086889659323,0.13588619761630918,0.15999999999999942,66011.53321456721,0.02893024197059551,-0.28444444444444444,0.33685505574778934,2288384
559,32,KERALA,KOLLAM,-0.14173010380621906,0.10851211072664907,0.1358861976162968,0.1663360246059244,74976.27180975901,0.02666147777463264,-0.2761399461745483,0.34602076124567477,2818601
560,32,KERALA,KOTTAYAM,-0.14173010380622716,0.10340638216072459,0.130165321030379,0.15999999999999776,61357.84300200594,0.024527406418844686,-0.2761399461745483,0.34602076124567477,2507427
561,32,KERALA,KOZHIKODE,-0.11909265667051272,0.08882737408687993,0.11909265667050768,0.15378700499807924,13873.122691689689,0.005178630244956912,-0.2761399461745483,0.3278123798539023,2684454
562,32,KERALA,MALAPPURAM,-0.10340638216070612,0.09842368319876708,0.12456747404845342,0.160000000000006,65795.08814650544,0.016242942441400593,-0.2761399461745483,0.3553094963475586,4058183
563,32,KERALA,PALAKKAD,-0.09842368319876997,0.13588619761631182,0.16633602460592495,0.1998615916954911,204707.11238073843,0.04011933479542757,-0.28444444444444444,0.37425605536332185,5112539
564,32,KERALA,PATTANAMTHITTA,-0.10851211072664406,0.10851211072665182,0.1301653210303725,0.1663360246059244,71616.06470754162,0.023842550680536218,-0.29287197231833906,0.34602076124567477,3011006
565,32,KERALA,THIRUVANANTHAPURAM,-0.11374086889657611,0.10851211072665443,0.13588619761629495,0.16633602460592448,70675.214488297,0.02849416624288287,-0.28444444444444444,0.3553094963475586,2485730
566,32,KERALA,TRISSUR,-0.13016532103037443,0.10340638216072097,0.13016532103037523,0.16000000000000245,75801.67516287687,0.021997742485087703,-0.29287197231833906,0.3278123798539023,3453173
567,32,KERALA,WAYANAD,-0.10851211072664177,0.09842368319877777,0.12456747404845014,0.1537870049980809,45795.205786744875,0.018819701426145283,-0.28444444444444444,0.3014225297962323,2438701
009,37,LADAKH,LEH,-0.08882737408688826,0.23646289888502578,0.2679584775086965,0.3014225297962032,2.374889458435096E7,0.11333659139588413,-0.2761399461745483,0.4982698961937717,209611635
006,37,LADAKH,KARGIL,-0.08421376393694731,0.24415224913499312,0.276139946174539,0.30142252979620127,2453110.0862332187,0.1286643642668369,-0.2679584775086506,0.46560553633217994,19084969
553,31,LAKSHADWEEP,LAKSHADWEEP,-0.18608227604767402,0.010396001537870047,0.027128027681660897,0.04822760476739715,-1751.0456202817995,-0.055593629216365584,-0.28444444444444444,0.13016532103037293,33702
667,23,MADHYA PRADESH,AGAR MALWA,-0.1537870049980856,0.0711111111111193,0.08421376393695801,0.0984236831987707,82698.67717841278,0.02480805656090593,-0.3014225297962323,0.22145328719723184,3340865
639,23,MADHYA PRADESH,ALIRAJPUR,-0.07111111111111124,0.130165321030338,0.14769703960017114,0.16000000000001166,268144.86337645585,0.06667058461892937,-0.28444444444444444,0.2519646289888504,4031207
390,23,MADHYA PRADESH,ANUPPUR,-0.071111111111111,0.10340638216073113,0.11909265667052081,0.13588619761629805,189090.1987645524,0.04130331499757379,-0.31009611687812383,0.22145328719723184,4589056
391,23,MADHYA PRADESH,ASHOKNAGAR,-0.16633602460591926,0.1190926566705334,0.13016532103033954,0.14769703960016675,354450.8125572236,0.06096241348870088,-0.31009611687812383,0.2519646289888504,5822740
392,23,MADHYA PRADESH,BALAGHAT,-0.12456747404845475,0.08421376393696212,0.10851211072665466,0.13016532103037412,142845.02396958874,0.012836333131811426,-0.3014225297962323,0.24415224913494812,11141974
393,23,MADHYA PRADESH,BARWANI,-0.11374086889657868,0.103406382160732,0.12456747404846229,0.147697039600161,244728.53190533072,0.037492069357888194,-0.31009611687812383,0.2679584775086506,6536978
394,23,MADHYA PRADESH,BETUL,-0.075355632449054,0.08421376393696652,0.10340638216072576,0.11909265667051326,340188.25073008175,0.028123332556573608,-0.3188927335640138,0.2364628988850442,12110448
395,23,MADHYA PRADESH,BHIND,-0.05536332179930691,0.07972318339100992,0.09356401384083632,0.10851211072664373,184762.6831096685,0.03323136755203675,-0.3014225297962323,0.2364628988850442,5571431
396,23,MADHYA PRADESH,BHOPAL,-0.16633602460592456,0.07972318339101662,0.09356401384083572,0.10851211072664603,79958.01699969209,0.023746598609938854,-0.3014225297962323,0.2288965782391388,3374356
397,23,MADHYA PRADESH,BURHANPUR,-0.16633602460592445,0.09842368319876313,0.113740868896579,0.13016532103036965,103754.27151174028,0.026828719732208694,-0.3014225297962323,0.22145328719723184,3873783
398,23,MADHYA PRADESH,CHHATARPUR,-0.0325413302575933,0.13016532103033082,0.1417301038062372,0.16000000000000816,750670.6993165677,0.0703708405905216,-0.31009611687812383,0.2679584775086506,10687142
399,23,MADHYA PRADESH,CHHINDWARA,-0.07535563244905935,0.0935640138408551,0.10851211072665871,0.12456747404845739,454050.4430241936,0.031895946672186606,-0.3188927335640138,0.24415224913494812,14251129
400,23,MADHYA PRADESH,DAMOH,-0.025813256766866615,0.14173010380626702,0.15378700499803402,0.17279507881585027,722130.0206094576,0.08104428257768291,-0.33685505574778934,0.28444444444444444,8922849
401,23,MADHYA PRADESH,DATIA,-0.07111111111111482,0.08421376393695419,0.09842368319877019,0.12456747404844426,85473.68640103255,0.025671952887794565,-0.33685505574778934,0.3188927335640138,3340498
402,23,MADHYA PRADESH,DEWAS,-0.06299115724721156,0.07972318339101411,0.09842368319876416,0.11374086889657958,241544.81957871382,0.028448514293713725,-0.31009611687812383,0.21413302575932336,8505726
403,23,MADHYA PRADESH,DHAR,-0.1301653210303737,0.08882737408687252,0.10851211072665748,0.13016532103036385,352341.36359560565,0.03574954695703898,-0.31009611687812383,0.24415224913494812,9867234
404,23,MADHYA PRADESH,DINDORI,-0.07535563244905197,0.08882737408687587,0.10851211072665529,0.12456747404844955,222068.85507586546,0.031894645149711666,-0.29287197231833906,0.24415224913494812,6974940
405,23,MADHYA PRADESH,EAST NIMAR,-0.22145328719720747,0.07535563244906357,0.0888273740868765,0.10851211072664922,28395.09933972026,0.0031583042160024783,-0.31009611687812383,0.2288965782391388,9002549
406,23,MADHYA PRADESH,GUNA,-0.03685379386158157,0.10340638216073561,0.1190926566705266,0.1358861976163185,424829.16871366434,0.05426303015101171,-0.29287197231833906,0.2364628988850442,7842335
407,23,MADHYA PRADESH,GWALIOR,-0.059115724721263446,0.11909265667053445,0.13588619761633697,0.15378700499808778,317334.80997505225,0.056002369799730084,-0.2761399461745483,0.31009611687812383,5674029
408,23,MADHYA PRADESH,HARDA,-0.07972318339100327,0.07111111111111973,0.08882737408688951,0.10340638216070923,83946.57431252347,0.020832069743178076,-0.3188927335640138,0.2364628988850442,4035848
409,23,MADHYA PRADESH,HOSHANGABAD,-0.17937716262977993,0.05536332179930205,0.07972318339101252,0.10340638216070916,-53861.44501346514,-0.0066626239975706185,-0.31009611687812383,0.2761399461745483,8095645
410,23,MADHYA PRADESH,INDORE,-0.0629911572472115,0.07111111111111897,0.08882737408688877,0.1085121107266435,121368.84467520789,0.025662386470223363,-0.33685505574778934,0.22145328719723184,4738802
411,23,MADHYA PRADESH,JABALPUR,-0.1137408688965787,0.08882737408688095,0.10851211072664968,0.13016532103036843,85474.30754803719,0.01381470910431718,-0.3188927335640138,0.2679584775086506,6198352
412,23,MADHYA PRADESH,JHABUA,-0.06698961937716283,0.11909265667052846,0.13588619761632934,0.15378700499808756,213116.78950338342,0.05107648010532106,-0.31009611687812383,0.24415224913494812,4179358
413,23,MADHYA PRADESH,KATNI,-0.09356401384083114,0.124567474048471,0.14769703960017064,0.166336024605925,276796.0353960506,0.04490932102840413,-0.34602076124567477,0.2761399461745483,6175594
415,23,MADHYA PRADESH,MANDLA,-0.1537870049980816,0.08421376393696205,0.10340638216072041,0.12456747404844555,197989.162708457,0.02178831876993206,-0.36472126105344094,0.2519646289888504,9100880
416,23,MADHYA PRADESH,MANDSAUR,-0.19986159169548995,0.07535563244905731,0.09842368319875933,0.12456747404844742,83372.37749429558,0.012280797423026232,-0.3553094963475586,0.3278123798539023,6799773
417,23,MADHYA PRADESH,MORENA,-0.06698961937716354,0.10340638216073099,0.11909265667052396,0.14173010380623652,255744.5794713201,0.041177153526267905,-0.3278123798539023,0.2519646289888504,6223463
418,23,MADHYA PRADESH,NARSHIMAPURA,-0.13588619761631407,0.06698961937717039,0.08882737408688256,0.10851211072663969,-94825.10957793867,-0.015231683892190585,-0.3188927335640138,0.22145328719723184,6236392
419,23,MADHYA PRADESH,NIMACH,-0.1793771626298,0.13016532103033737,0.14769703960017028,0.17279507881584896,294326.79300908535,0.05593471492850135,-0.3188927335640138,0.33685505574778934,5274602
420,23,MADHYA PRADESH,PANNA,-0.021027610334085754,0.14769703960015773,0.15999999999998438,0.17937716262978012,771010.7177036658,0.08861242740360184,-0.29287197231833906,0.2679584775086506,8717597
421,23,MADHYA PRADESH,RAISEN,-0.09842368319876964,0.08421376393696554,0.0984236831987597,0.11374086889657642,182557.53891499562,0.017729517025710892,-0.31009611687812383,0.24415224913494812,10312010
422,23,MADHYA PRADESH,RAJGARH,-0.14173010380623424,0.07972318339101907,0.09356401384083068,0.10851211072664584,239278.2738908693,0.031793402658040835,-0.28444444444444444,0.2288965782391388,7535187
423,23,MADHYA PRADESH,RATLAM,-0.05911572472126265,0.0753556324490632,0.09356401384084218,0.11374086889658293,151676.16837203427,0.025666084996826988,-0.3188927335640138,0.2364628988850442,5920371
424,23,MADHYA PRADESH,REWA,-0.051733948481354146,0.1301653210303461,0.14769703960017136,0.16633602460592486,442476.91453429585,0.05717199302657055,-0.3553094963475586,0.3278123798539023,7751995
425,23,MADHYA PRADESH,SAGAR,-0.06299115724721138,0.09842368319874292,0.11374086889659597,0.13016532103036385,531425.991065722,0.04241389120735502,-0.3188927335640138,0.2599000384467512,12549508
426,23,MADHYA PRADESH,SATNA,-0.1727950788158496,0.1417301038062415,0.15999999999999134,0.17279507881585027,588868.6357607185,0.06379169820475615,-0.3188927335640138,0.3278123798539023,9250027
427,23,MADHYA PRADESH,SEHORE,-0.07535563244905888,0.0753556324490648,0.0888273740868899,0.10340638216070656,212023.6849883235,0.02662454093716775,-0.31009611687812383,0.2069357939254133,7979648
428,23,MADHYA PRADESH,SEONI,-0.14769703960015323,0.08882737408689076,0.1034063821607278,0.11909265667051865,293580.00280131877,0.027765991913324774,-0.3278123798539023,0.22145328719723184,10587279
429,23,MADHYA PRADESH,SHAHDOL,-0.1727950788158486,0.10851211072666281,0.12456747404846383,0.14173010380622947,308391.2913074363,0.04455629134579491,-0.3278123798539023,0.28444444444444444,6933487
430,23,MADHYA PRADESH,SHAJAPUR,-0.04158400615148091,0.0753556324490571,0.08421376393696027,0.09842368319876388,142024.31677653393,0.033726041442290265,-0.3014225297962323,0.186082276047674,4219787
431,23,MADHYA PRADESH,SHEOPUR,-0.02977316416762795,0.11374086889657702,0.13016532103034842,0.14769703960016387,523652.80248725106,0.06397286452446584,-0.33685505574778934,0.2599000384467512,8196536
432,23,MADHYA PRADESH,SHIVPURI,-0.07535563244905857,0.1358861976163434,0.1476970396001765,0.1663360246059216,976496.4160253324,0.07688091651805105,-0.3188927335640138,0.29287197231833906,12718231
433,23,MADHYA PRADESH,SIDHI,-0.06698961937716263,0.12456747404846841,0.1417301038062283,0.16633602460592484,312959.13316935505,0.05354197659887447,-0.3014225297962323,0.34602076124567477,5855562
638,23,MADHYA PRADESH,SINGRAULI,-0.11374086889657607,0.13016532103033057,0.14769703960017513,0.16633602460592498,459225.2899514274,0.06507880460928474,-0.34602076124567477,0.31009611687812383,7066555
434,23,MADHYA PRADESH,TIKAMGARH,-0.11909265667051154,0.11909265667052739,0.13588619761631307,0.15999999999999803,238165.37925612432,0.05199360100257105,-0.31009611687812383,0.2519646289888504,4588875
435,23,MADHYA PRADESH,UJJAIN,-0.048227604767395245,0.05911572472125904,0.0711111111111188,0.0842137639369522,152918.0542882899,0.020615292205775553,-0.3278123798539023,0.2069357939254133,7431237
436,23,MADHYA PRADESH,UMARIA,-0.1358861976163013,0.09356401384084478,0.10851211072665602,0.13016532103036857,175570.06648808272,0.03148910481434567,-0.3014225297962323,0.2288965782391388,5584765
437,23,MADHYA PRADESH,VIDISHA,-0.0368462726698223,0.09842368319873475,0.11374086889660333,0.12456747404846334,450720.3270118551,0.050548101913048836,-0.29287197231833906,0.2761399461745483,8929692
414,23,MADHYA PRADESH,WEST NIMAR,-0.07535563244905885,0.08882737408688379,0.10340638216072745,0.12456747404845078,336417.5923183365,0.03482488587913946,-0.3014225297962323,0.2364628988850442,9673296
722,23,MADHYA PRADESH,NIVARI,-0.11374086889657793,0.10851211072665151,0.12456747404845074,0.14769703960015007,73088.37473364471,0.04479807361723502,-0.28444444444444444,0.2599000384467512,1640914
466,27,MAHARASHTRA,AHAMADNAGAR,-0.15378700499808132,0.07535563244906378,0.09356401384084162,0.11374086889658208,172893.87217858818,0.008549965841616207,-0.3188927335640138,0.3014225297962323,20247712
467,27,MAHARASHTRA,AKOLA,-0.06299115724721156,0.14173010380626844,0.15999999999995249,0.1727950788158196,466828.4602578393,0.0718563277346044,-0.31009611687812383,0.2364628988850442,6508098
468,27,MAHARASHTRA,AMARAVATI,-0.08882737408688422,0.13016532103032397,0.14769703960004307,0.16633602460580724,832619.2031117586,0.05696319943093182,-0.31009611687812383,0.2519646289888504,14634927
469,27,MAHARASHTRA,AURANGABAD,-0.1537870049980859,0.08882737408687062,0.10340638216073196,0.11909265667051973,315814.42421700933,0.02624470487151799,-0.3188927335640138,0.2519646289888504,12049449
471,27,MAHARASHTRA,BHANDARA,-0.16633602460592453,0.08421376393696019,0.10340638216071774,0.12456747404844509,52672.5015507078,0.010636096857902668,-0.3014225297962323,0.24415224913494812,4961610
470,27,MAHARASHTRA,BID,-0.12456747404844204,0.08421376393696707,0.0984236831987618,0.11374086889658105,329588.9535547807,0.026310089917676718,-0.31009611687812383,0.2288965782391388,12544794
472,27,MAHARASHTRA,BULDHANA,-0.0629911572472116,0.11374086889656823,0.12456747404846927,0.1417301038062338,638461.4502574883,0.05496422588287584,-0.3188927335640138,0.2599000384467512,11630150
473,27,MAHARASHTRA,CHANDRAPUR,-0.09356401384083039,0.1476970396001498,0.16633602460586816,0.1860822760477072,815773.3478018009,0.06035016085999579,-0.3188927335640138,0.2679584775086506,13530633
474,27,MAHARASHTRA,DHULE,-0.08421376393694698,0.09356401384085981,0.10851211072665658,0.13016532103037176,348565.31918090687,0.040503896730867704,-0.3014225297962323,0.2761399461745483,8617611
475,27,MAHARASHTRA,GADCHIROLI,-0.0753556324490564,0.09356401384083826,0.11374086889657976,0.14769703960015879,357218.8683285437,0.02074503403746124,-0.31009611687812383,0.29287197231833906,17237884
476,27,MAHARASHTRA,GONDIA,-0.17279507881584805,0.07111111111111904,0.08882737408688697,0.1085121107266438,-26951.77585473087,-0.00434313482343005,-0.31009611687812383,0.22145328719723184,6215661
477,27,MAHARASHTRA,HINGOLI,-0.15378700499808537,0.09842368319873185,0.11374086889658547,0.12456747404846408,204696.26851981136,0.0366379150619204,-0.3278123798539023,0.2288965782391388,5596711
478,27,MAHARASHTRA,JALGAON,-0.1600000000000026,0.08421376393696847,0.09842368319876377,0.11374086889657709,321500.20733543823,0.022804772954255738,-0.31009611687812383,0.2519646289888504,14113319
479,27,MAHARASHTRA,JALNA,-0.12456747404844115,0.1034063821607416,0.11909265667053065,0.13016532103035955,375478.26889441145,0.041197991719718115,-0.3278123798539023,0.2288965782391388,9127228
480,27,MAHARASHTRA,KOLHAPUR,-0.1663360246059246,0.09842368319876507,0.11909265667052277,0.14173010380623807,-15796.556364951686,-0.0017662692950203708,-0.3553094963475586,0.3014225297962323,8961350
481,27,MAHARASHTRA,LATUR,-0.10851211072664654,0.07972318339101955,0.09356401384083557,0.10851211072664772,242720.0541687851,0.028622157783842854,-0.3188927335640138,0.19986159169550174,8490449
482,27,MAHARASHTRA,MUMBAI CITY,-0.07972318339100332,0.059115724721261566,0.07111111111110983,0.08421376393694682,839.2976196484711,0.011123412294939785,-0.2288965782391388,0.16633602460592078,76546
484,27,MAHARASHTRA,NAGPUR,-0.15378700499808368,0.11909265667053483,0.13588619761634596,0.15378700499806797,552567.9502408664,0.04661816095022787,-0.31009611687812383,0.2679584775086506,11865192
485,27,MAHARASHTRA,NANDED,-0.13016532103037076,0.09842368319874,0.1137408688965876,0.12456747404845935,449066.508005756,0.03606542570538067,-0.3278123798539023,0.2364628988850442,12472028
486,27,MAHARASHTRA,NANDURBAR,-0.1417301038062371,0.11909265667053046,0.13588619761632503,0.1600000000000108,337958.9290642147,0.04727054938408048,-0.3014225297962323,0.3188927335640138,7163183
487,27,MAHARASHTRA,NASHIK,-0.14173010380623463,0.08882737408687773,0.10851211072665748,0.13588619761629855,388519.6400876831,0.02103581898856549,-0.3553094963475586,0.3014225297962323,18486361
488,27,MAHARASHTRA,USMANABAD,-0.11374086889657897,0.07972318339100667,0.09842368319875852,0.11374086889658112,242601.56852696612,0.027228317338062285,-0.29287197231833906,0.21413302575932336,8925215
665,27,MAHARASHTRA,PALGHAR,-0.16000000000000253,0.0935640138408464,0.1137408688965802,0.1358861976163101,178118.3166855129,0.028466349430182496,-0.28444444444444444,0.2679584775086506,6266083
489,27,MAHARASHTRA,PARBHANI,-0.12456747404844185,0.1190926566705349,0.13588619761633633,0.14769703960016886,406675.8527879635,0.05449282007808692,-0.3188927335640138,0.22145328719723184,7474260
490,27,MAHARASHTRA,PUNE,-0.1727950788158492,0.0842137639369646,0.10851211072665687,0.13016532103037134,78597.77662788288,0.004261575276144061,-0.34602076124567477,0.3014225297962323,18462996
491,27,MAHARASHTRA,RAYGAD,-0.16633602460592445,0.10340638216073308,0.1190926566705237,0.14173010380623965,247309.42707168293,0.030068737056124995,-0.29287197231833906,0.3014225297962323,8238352
492,27,MAHARASHTRA,RATNAGIRI,-0.09842368319876936,0.13016532103033834,0.147697039600171,0.16633602460592486,543796.5203866534,0.05604330415993856,-0.28444444444444444,0.3188927335640138,9717129
493,27,MAHARASHTRA,SANGLI,-0.1476970396001649,0.08882737408687495,0.10340638216073006,0.12456747404845256,182357.41581207214,0.018126474778951247,-0.34602076124567477,0.2761399461745483,10078127
494,27,MAHARASHTRA,SATARA,-0.16633602460590166,0.09842368319874883,0.11909265667052425,0.14173010380622592,242200.39646585175,0.019714493550443628,-0.36472126105344094,0.29287197231833906,12298534
495,27,MAHARASHTRA,SINDHUDURG,-0.11909265667051298,0.12456747404846837,0.14173010380623172,0.16633602460592492,246809.10837656492,0.041546386301535954,-0.37425605536332185,0.31009611687812383,5951789
496,27,MAHARASHTRA,SOLAPUR,-0.14173010380623544,0.07535563244905803,0.08882737408687728,0.10851211072664964,187784.74178930966,0.010771633887345911,-0.3014225297962323,0.28444444444444444,17457025
483,27,MAHARASHTRA,SUB URBAN MUMBAI,-0.1793771626298043,0.06698961937716245,0.0842137639369465,0.10851211072664496,-8094.274899153452,-0.01586287880021641,-0.29287197231833906,0.2679584775086506,512479
497,27,MAHARASHTRA,THANE,-0.172795078815849,0.09842368319874718,0.11374086889660079,0.13016532103036893,147236.0409239336,0.02909314069220456,-0.3188927335640138,0.31009611687812383,5069267
498,27,MAHARASHTRA,WARDHA,-0.14173010380622875,0.13588619761628917,0.14769703960012842,0.15999999999998415,491511.15877218544,0.06523966040153144,-0.3278123798539023,0.2288965782391388,7543509
499,27,MAHARASHTRA,WASHIM,-0.09842368319876964,0.09842368319874567,0.10851211072665827,0.12456747404845162,296117.02240690275,0.048470256206746824,-0.3014225297962323,0.19986159169550174,6120783
500,27,MAHARASHTRA,YAVATMAL,-0.14173010380623385,0.12456747404847615,0.14173010380624726,0.15999999999999714,817589.9779850278,0.05061022290464129,-0.3188927335640138,0.2519646289888504,16172960
252,14,MANIPUR,BISHNUPUR,-0.16633602460592375,0.11909265667050677,0.15378700499807887,0.18608227604767222,10672.94999310846,0.018114918323408852,-0.29287197231833906,0.37425605536332185,592328
253,14,MANIPUR,CHANDEL,-0.05911572472126327,0.19986159169548512,0.22889657823911752,0.259900038446763,229034.3164288892,0.0949409714123341,-0.2761399461745483,0.41362552864282975,2417211
254,14,MANIPUR,CHURACHANDPUR,-0.0629911572472114,0.19986159169548454,0.22145328719721527,0.25196462898884503,282441.0789761459,0.0947164669246527,-0.2761399461745483,0.41362552864282975,2987741
256,14,MANIPUR,IMPHAL WEST,-0.13588619761630177,0.13588619761630036,0.16633602460592412,0.19986159169550133,27738.783791339796,0.0462918612169115,-0.3188927335640138,0.33685505574778934,603204
255,14,MANIPUR,IMPHAL EAST,-0.025854742799119052,0.17937716262977116,0.20693579392539427,0.2364628988850566,49427.81862422361,0.0928593698048715,-0.2679584775086506,0.36472126105344094,535890
713,14,MANIPUR,JIRIBAM,-0.09356401384083073,0.12456747404843709,0.1476970396001563,0.1727950788158419,16094.123869453237,0.04440813727197622,-0.3014225297962323,0.29287197231833906,365087
260,14,MANIPUR,UKHRUL,-0.06698961937716232,0.18608227604771177,0.21413302575932944,0.24415224913493563,221236.9382395611,0.08576179000642599,-0.2761399461745483,0.3839138792772011,2585246
257,14,MANIPUR,SENAPATI,-0.06698961937716225,0.18608227604770766,0.20693579392538966,0.23646289888505626,186136.76192910894,0.08611455109648825,-0.21413302575932336,0.36472126105344094,2166467
258,14,MANIPUR,TAMENGLONG,-0.07535563244905949,0.17937716262978973,0.19986159169548615,0.22889657823914503,287422.7911473139,0.07733524641149551,-0.3014225297962323,0.3839138792772011,3724282
259,14,MANIPUR,THOUBAL,-0.14173010380622592,0.16633602460592423,0.1998615916954957,0.22889657823913526,33373.50972013973,0.06913998692419004,-0.29287197231833906,0.3553094963475586,485328
717,14,MANIPUR,KAMJONG,-0.07972318339100525,0.17937716262979636,0.20693579392539072,0.23646289888505664,218546.64099479327,0.07460194560012207,-0.21413302575932336,0.3839138792772011,2934321
714,14,MANIPUR,NONEI,-0.08882737408688968,0.17279507881585016,0.1998615916954896,0.22145328719722973,101419.23427623634,0.07004659234272134,-0.3278123798539023,0.37425605536332185,1452211
715,14,MANIPUR,PHERZAWL,-0.08421376393694796,0.17279507881585085,0.19986159169548676,0.22145328719722632,182050.71040288222,0.06929080231429716,-0.3014225297962323,0.3553094963475586,2632958
716,14,MANIPUR,TENGNOUPAL,-0.06698961937716183,0.19986159169548437,0.22145328719722682,0.25196462898884486,136142.4934849048,0.09030073761237097,-0.1929104190695886,0.39369473279507883,1511379
712,14,MANIPUR,KANGPOKPI,-0.05173394848135411,0.19986159169548665,0.22889657823913245,0.2519646289888454,218414.6288860192,0.10241083541512927,-0.29287197231833906,0.39369473279507883,2143163
711,14,MANIPUR,KAKCHING,-0.15378700499807607,0.1793771626297514,0.2069357939254205,0.23646289888504426,28182.783254106915,0.07182678721559743,-0.2761399461745483,0.3553094963475586,394750
273,17,MEGHALAYA,EAST GARO HILLS,-0.0753556324490586,0.119092656670525,0.1417301038062304,0.15999999999999986,81463.02346070946,0.041624149283644524,-0.2599000384467512,0.3014225297962323,1961933
274,17,MEGHALAYA,EAST KHASI HILLS,-0.07972318339100534,0.179377162629802,0.199861591695485,0.22889657823913084,285399.36526643595,0.08124345310315724,-0.2599000384467512,0.40359861591695495,3519450
657,17,MEGHALAYA,EAST JAINTIA HILLS,-0.06698961937716279,0.15999999999999018,0.17937716262979858,0.2069357939253943,190272.87107542623,0.07657854342911119,-0.29287197231833906,0.34602076124567477,2489782
277,17,MEGHALAYA,SOUTH GARO HILLS,-0.09356401384082888,0.12456747404846105,0.1417301038062283,0.16633602460592445,102604.59277587433,0.04528072698525617,-0.28444444444444444,0.3188927335640138,2271292
278,17,MEGHALAYA,WEST GARO HILLS,-0.09356401384082771,0.10851211072665763,0.13016532103036835,0.15378700499808431,110175.67039155649,0.03347024625909489,-0.28444444444444444,0.3014225297962323,3298747
279,17,MEGHALAYA,WEST KHASI HILLS,-0.07535563244905605,0.1476970396001742,0.1727950788158503,0.1929104190695833,293487.45633789554,0.060496806160910126,-0.29287197231833906,0.3553094963475586,4859806
276,17,MEGHALAYA,RI-BHOI,-0.0797231833910042,0.141730103806234,0.16633602460591282,0.1860822760476885,172207.9898530131,0.05856772344555857,-0.29287197231833906,0.33685505574778934,2948155
658,17,MEGHALAYA,SOUTH WEST KHASI HILLS,-0.07111111111110986,0.16633602460591299,0.19291041906960507,0.2214532871972447,122615.66029539915,0.07605678575268082,-0.3014225297962323,0.36472126105344094,1617098
663,17,MEGHALAYA,SOUTH WEST GARO HILLS,-0.09356401384082991,0.09356401384082264,0.11374086889657403,0.13016532103036912,25052.281512474787,0.02421830793325453,-0.28444444444444444,0.2519646289888504,1037207
656,17,MEGHALAYA,NORTH GARO HILLS,-0.08421376393694818,0.11909265667051804,0.14173010380623965,0.16633602460592428,59396.1446647153,0.03838671372869078,-0.29287197231833906,0.31009611687812383,1552862
275,17,MEGHALAYA,WEST JAINTIA HILLS,-0.07972318339100319,0.1537870049980874,0.1727950788158495,0.1998615916954903,145346.75216502763,0.06537589511037051,-0.2679584775086506,0.37425605536332185,2229213
262,15,MIZORAM,CHAMPHAI,-0.07111111111111089,0.1929104190695755,0.22145328719722104,0.2441522491349379,366894.11928608676,0.08860408640509701,-0.24415224913494812,0.40359861591695495,4148573
267,15,MIZORAM,SAIHA,-0.0797231833910043,0.19291041906960704,0.22145328719723573,0.24415224913494518,154350.96376953757,0.08359471372292662,-0.28444444444444444,0.39369473279507883,1851831
264,15,MIZORAM,LAWNGTLAI,-0.06698961937716358,0.18608227604770536,0.21413302575933235,0.23646289888505578,257556.93149037642,0.08788837122134383,-0.28444444444444444,0.3839138792772011,2939881
268,15,MIZORAM,SERCHHIP,-0.06698961937716381,0.19291041906958828,0.21413302575932924,0.2441522491349424,158945.25910369778,0.09047852416115913,-0.2364628988850442,0.3839138792772011,1762727
263,15,MIZORAM,KOLASIB,-0.14769703960015604,0.14173010380624462,0.1663360246059249,0.19291041906957768,82262.80169356691,0.04510936187478617,-0.34602076124567477,0.36472126105344094,1828823
266,15,MIZORAM,MAMIT,-0.08421376393694813,0.153787004998089,0.1793771626297682,0.20693579392540368,206772.39538068042,0.05527696134096841,-0.29287197231833906,0.3553094963475586,3748513
265,15,MIZORAM,LUNGLEI,-0.07111111111111122,0.1793771626298043,0.1998615916954849,0.2288965782391424,432594.05232408876,0.07864568018333744,-0.3014225297962323,0.40359861591695495,5509505
261,15,MIZORAM,AIZAWL,-0.08882737408688966,0.17937716262978862,0.20693579392539366,0.2288965782391388,283751.2856656468,0.072977412970846,-0.33685505574778934,0.39369473279507883,3898664
613,13,NAGALAND,PAREN,-0.06698961937716208,0.17279507881585074,0.1998615916954866,0.2288965782391432,160695.2791351606,0.07113604840349781,-0.2519646289888504,0.37425605536332185,2264628
248,13,NAGALAND,PHEK,-0.08421376393694796,0.1727950788158505,0.1998615916954869,0.22145328719724508,155394.93853646176,0.06705607057478596,-0.2761399461745483,0.37425605536332185,2323275
250,13,NAGALAND,WOKHA,-0.09356401384082816,0.14173010380622064,0.17279507881584952,0.19986159169549467,96520.73979392104,0.04828756791693047,-0.3014225297962323,0.33685505574778934,2003896
244,13,NAGALAND,DIMAPUR,-0.05911572472126135,0.14173010380623768,0.1663360246059245,0.1998615916954986,57668.49627610907,0.06102590234519484,-0.28444444444444444,0.36472126105344094,949846
245,13,NAGALAND,KOHIMA,-0.07111111111110956,0.1663360246059252,0.19291041906957873,0.22145328719723317,112441.50961518145,0.06904668556620086,-0.22145328719723184,0.3553094963475586,1632851
614,13,NAGALAND,KIPHIRE,-0.07972318339100223,0.18608227604769909,0.2069357939253993,0.23646289888505292,107352.9135854186,0.07664850506154154,-0.2599000384467512,0.40359861591695495,1404480
251,13,NAGALAND,ZUNHEBOTO,-0.07535563244905959,0.166336024605911,0.1929104190695964,0.21413302575932977,132158.94311408003,0.0676005314988874,-0.2364628988850442,0.34602076124567477,1960862
246,13,NAGALAND,MOKOKCHUNG,-0.08882737408688562,0.13588619761632537,0.16000000000001335,0.19291041906957862,83720.27288112309,0.04187385604001791,-0.2599000384467512,0.33685505574778934,2005010
247,13,NAGALAND,MON,-0.07972318339100413,0.16000000000001263,0.1860822760477007,0.21413302575932983,154052.2452777825,0.056676662147034,-0.28444444444444444,0.34602076124567477,2724066
249,13,NAGALAND,TUENSANG,-0.07972318339100382,0.172795078815851,0.19986159169548662,0.22145328719723148,189665.98099347868,0.07153532248593769,-0.2288965782391388,0.36472126105344094,2656787
615,13,NAGALAND,LONGLENG,-0.09356401384083023,0.1417301038062299,0.16633602460592498,0.19291041906957782,34182.84819900239,0.046780068217277794,-0.28444444444444444,0.3553094963475586,734358
344,21,ODISHA,ANUGUL,-0.19291041906959575,0.07111111111111931,0.08882737408688887,0.10851211072664119,-37415.48694483642,-0.004908489159483381,-0.3014225297962323,0.24415224913494812,7634552
345,21,ODISHA,BOLANGIR (BALANGIR),-0.08882737408688966,0.10851211072665999,0.12456747404846392,0.14769703960016417,290452.3582758262,0.03717931562275708,-0.3014225297962323,0.2519646289888504,7823364
346,21,ODISHA,BALASORE (BALESHWAR),-0.1537870049980869,0.059115724721261566,0.07535563244905981,0.09356401384082443,-51172.813124698725,-0.01147194866520872,-0.3014225297962323,0.3014225297962323,4471001
347,21,ODISHA,BARAGARH,-0.16633602460583807,0.07972318339101636,0.09842368319877043,0.11909265667051187,-80258.22972227026,-0.011478035123038884,-0.29287197231833906,0.2599000384467512,7004326
348,21,ODISHA,BHADRAK,-0.19291041906959025,0.07535563244905186,0.08882737408686525,0.09842368319875783,65814.72646503166,0.02197237959282857,-0.2761399461745483,0.2364628988850442,3001803
350,21,ODISHA,CUTTACK,-0.15999999999999767,0.08882737408688403,0.10851211072665153,0.12456747404844261,85604.1583483412,0.01862993956437267,-0.31009611687812383,0.2679584775086506,4607070
351,21,ODISHA,DEOGARH,-0.21413302575926152,0.07535563244904826,0.09356401384082255,0.10851211072664455,-16604.676073294417,-0.004682414861600154,-0.31009611687812383,0.2364628988850442,3554240
352,21,ODISHA,DHENKANAL,-0.11909265667051266,0.07111111111111924,0.08882737408688537,0.11374086889657492,27589.14372592683,0.005178586470587332,-0.31009611687812383,0.2679584775086506,5335603
353,21,ODISHA,GAJAPATI,-0.06698961937716208,0.14173010380622594,0.16000000000001582,0.18608227604769864,302864.2909824232,0.06196259458368119,-0.29287197231833906,0.3188927335640138,4897594
354,21,ODISHA,GANJAM,-0.1190926566705135,0.09356401384084673,0.1137408688965881,0.13588619761630308,216243.58700902213,0.021728574397157092,-0.31009611687812383,0.3014225297962323,9965454
355,21,ODISHA,JAGATSINGHPUR,-0.17279507881584788,0.08882737408689101,0.10340638216072015,0.11909265667051308,35907.309048846895,0.01740549408454552,-0.28444444444444444,0.2519646289888504,2068255
356,21,ODISHA,JAJAPUR,-0.14769703960015707,0.09842368319875523,0.11374086889659417,0.1358861976163004,124464.65543969873,0.03594433263622373,-0.2761399461745483,0.3188927335640138,3471072
357,21,ODISHA,JHARSUGUDA,-0.22145328719722351,0.07111111111111847,0.08882737408688123,0.10851211072664534,-37706.65770624396,-0.015131586456621672,-0.28444444444444444,0.2069357939254133,2499034
358,21,ODISHA,KALAHANDI,-0.1358861976163065,0.11909265667052911,0.141730103806222,0.16633602460592495,245111.5555941287,0.02613056124776121,-0.3278123798539023,0.33685505574778934,9392589
359,21,ODISHA,KANDHAMAL,-0.0984236831987659,0.11374086889659642,0.1358861976163288,0.15378700499806755,302793.5562077769,0.031740390046689805,-0.36472126105344094,0.28444444444444444,9552404
360,21,ODISHA,KENDRAPARHA,-0.20693579392539924,0.09356401384086427,0.10851211072666027,0.11909265667052232,61108.45684898565,0.020234095080626277,-0.31009611687812383,0.24415224913494812,3027614
361,21,ODISHA,KEONJHAR (KENDUJHAR),-0.09842368319876933,0.10851211072666352,0.12456747404846658,0.14769703960016256,341484.7132044027,0.03426112714643484,-0.3278123798539023,0.33685505574778934,9980176
362,21,ODISHA,KHORDHA,-0.15378700499808012,0.08882737408687251,0.10851211072665372,0.12456747404844519,78989.35698368547,0.02306338669970093,-0.28444444444444444,0.22145328719723184,3436743
363,21,ODISHA,KORAPUT,-0.1417301038062268,0.1793771626298245,0.1998615916954836,0.2214532871972046,840226.2094206659,0.08486538348859181,-0.3553094963475586,0.36472126105344094,9916232
364,21,ODISHA,MALKANGIRI,-0.1727950788158502,0.14173010380622977,0.16633602460591904,0.19291041906959844,421430.822133807,0.06196215762536807,-0.3188927335640138,0.34602076124567477,6811277
365,21,ODISHA,MAYURBHANJ,-0.09842368319876978,0.0935640138408493,0.11374086889659199,0.13588619761629855,288639.8093513145,0.023039349680778417,-0.3014225297962323,0.31009611687812383,12543165
366,21,ODISHA,NABARANGAPUR,-0.07111111111111307,0.13588619761634096,0.15378700499804623,0.17279507881584982,421226.5270962764,0.06514291630157693,-0.3188927335640138,0.29287197231833906,6477055
367,21,ODISHA,NAYAGARH,-0.11374086889657506,0.07111111111111837,0.08882737408688421,0.10851211072664077,6864.000349541521,0.001479848854010091,-0.31009611687812383,0.22145328719723184,4646759
368,21,ODISHA,NUAPARHA,-0.13016532103037298,0.10340638216073313,0.1245674740484604,0.14173010380624057,177978.883188296,0.038823391008180615,-0.3014225297962323,0.2519646289888504,4592599
369,21,ODISHA,PURI,-0.21413302575946908,0.07535563244904554,0.09842368319876947,0.11909265667050746,-146811.68755958747,-0.03560598241811944,-0.3278123798539023,0.2599000384467512,4132506
370,21,ODISHA,RAYAGARHA,-0.0629911572472113,0.15378700499805434,0.17937716262978656,0.19986159169548776,608777.3793080758,0.07003495571055134,-0.31009611687812383,0.3278123798539023,8707900
371,21,ODISHA,SAMBALPUR,-0.15999999999996795,0.0629911572472157,0.0797231833910133,0.09842368319876964,-80509.42291491825,-0.01008999672558356,-0.28444444444444444,0.2288965782391388,7991881
372,21,ODISHA,SUBARNAPUR,-0.16000000000000703,0.06299115724721116,0.08882737408688461,0.11374086889657448,-61351.82336109737,-0.02172410277696541,-0.3014225297962323,0.22145328719723184,2830803
373,21,ODISHA,SUNDARGARH,-0.10340638216070702,0.08882737408687445,0.1034063821607263,0.12456747404845213,191718.14546663946,0.016363587753101372,-0.28444444444444444,0.2599000384467512,11732129
349,21,ODISHA,BAUDH (BAUDA),-0.13016532103037448,0.0797231833910144,0.0984236831987656,0.12456747404844726,19966.817289141796,0.005393761793607072,-0.28444444444444444,0.2288965782391388,3710015
598,34,PUDUCHERRY,KARAIKAL,-0.10851211072664346,0.15378700499807998,0.17937716262975462,0.1998615916955011,12569.907737082209,0.06944765860009654,-0.2761399461745483,0.3188927335640138,183071
599,34,PUDUCHERRY,MAHE,-0.09842368319876971,0.07535563244905825,0.08882737408688965,0.10851211072664363,157.9311310431127,0.015561719489455705,-0.22145328719723184,0.17937716262975778,10600
600,34,PUDUCHERRY,PUDUCHERRY,-0.15378700499807862,0.1301653210303728,0.1599999999999975,0.1860822760476721,11369.449912084077,0.03336310664051602,-0.2761399461745483,0.29287197231833906,347013
601,34,PUDUCHERRY,YANAM,-0.1793771626297572,0.07972318339100329,0.09842368319876979,0.11909265667051139,-1711.99880830164,-0.03880747954035809,-0.2364628988850442,0.186082276047674,44886
027,03,PUNJAB,AMRITSAR,-0.10851211072664459,-0.005875542562691554,0.01294380083782951,0.03688624020876229,-145225.706392942,-0.041394739621663124,-0.3014225297962323,0.21413302575932336,3515937
605,03,PUNJAB,BARNALA,-0.10340638216070824,-0.016859774060240938,-0.0017825837294987456,0.021051024561662832,-88065.6395590489,-0.047830091950899205,-0.31009611687812383,0.1929104190695886,1846179
028,03,PUNJAB,BATHINDA,-0.09842368319876914,0.005726198676379394,0.02584445883575641,0.05173394848135459,-169780.14142351036,-0.038972683218862596,-0.29287197231833906,0.2679584775086506,4365070
029,03,PUNJAB,FARIDKOT,-0.09842368319876994,-0.005871505392470068,0.012936834946968831,0.04158400615148084,-74949.1181750245,-0.03960999061100471,-0.29287197231833906,0.22145328719723184,1896994
030,03,PUNJAB,FATEHGARH SAHIB,-0.09842368319876586,0.001673687787454063,0.016758581054887423,0.04822760476739648,-58653.302442751476,-0.039323660869330986,-0.28444444444444444,0.22145328719723184,1496589
651,03,PUNJAB,FAZILKA,-0.08421376393694915,0.02977316416763089,0.04484429065744221,0.0591157247212643,-48597.633741742524,-0.013089582328549837,-0.28444444444444444,0.2364628988850442,3719961
031,03,PUNJAB,FIROZPUR,-0.11909265667051173,-0.0168586564184134,-0.0017782051548075964,0.016733467618856628,-151325.4516185493,-0.049112479015387345,-0.3014225297962323,0.21413302575932336,3088898
032,03,PUNJAB,GURDASPUR,-0.11909265667051318,-0.021170855627414394,-0.005878144499411785,0.021043755129145927,-180475.3483620315,-0.052801727619981496,-0.3278123798539023,0.22145328719723184,3424574
033,03,PUNJAB,HOSHIARPUR,-0.14769703960016436,0.03254133025759311,0.06698961937716423,0.09842368319876461,-192142.0364778772,-0.04339812618636817,-0.3188927335640138,0.2364628988850442,4436125
034,03,PUNJAB,JALANDHAR,-0.11374086889657466,-0.005853807456327501,0.016755153288800555,0.04822760476739616,-164082.55718928992,-0.04770300754344001,-0.28444444444444444,0.22145328719723184,3448570
035,03,PUNJAB,KAPURTHALA,-0.13016532103037387,-0.013010376342970583,0.005714282338516657,0.03254133025759355,-111784.60551087848,-0.05249047842198578,-0.31009611687812383,0.22145328719723184,2138434
036,03,PUNJAB,LUDHIANA,-0.11374086889657545,0.005713603961578933,0.025845153138777457,0.05911572472126357,-186399.8269276697,-0.0389235110677658,-0.3014225297962323,0.21413302575932336,4796983
037,03,PUNJAB,MANSA,-0.09842368319877272,0.0016687175649452823,0.021045444201345756,0.04484429065743846,-104729.73955492166,-0.037493676329975675,-0.31009611687812383,0.21413302575932336,2800307
038,03,PUNJAB,MOGA,-0.09356401384082431,-0.010396001537870304,0.004474225342284294,0.02977316416762834,-122789.92322640854,-0.04206463302319527,-0.28444444444444444,0.19986159169550174,2925171
039,03,PUNJAB,SRI MUKTSAR SAHIB,-0.09356401384082504,0.0044745458612259975,0.019930795847751266,0.041584006151481015,-107050.22276547273,-0.031394204662632645,-0.2761399461745483,0.21413302575932336,3417177
040,03,PUNJAB,SHAHID BHAGAT SINGH NAGAR,-0.15378700499808223,0.025855609721141065,0.05911572472126384,0.09842368319876715,-70832.17710564616,-0.04304426960602338,-0.29287197231833906,0.2364628988850442,1650822
662,03,PUNJAB,PATHANKOT,-0.16000000000000172,0.04158400615148113,0.0711111111111135,0.10340638216070666,-47023.40572764739,-0.0375540637301,-0.31009611687812383,0.24415224913494812,1257220
041,03,PUNJAB,PATIALA,-0.09842368319876772,0.0016595483946734056,0.021046108034399727,0.04822760476739612,-154721.1686265149,-0.03614268464488365,-0.31009611687812383,0.22145328719723184,4293984
042,03,PUNJAB,RUPNAGAR,-0.16000000000000295,0.029773164167627375,0.0591157247212632,0.09356401384083088,-73888.2605675026,-0.041299521635712336,-0.33685505574778934,0.2519646289888504,1795740
043,03,PUNJAB,SANGRUR,-0.10340638216072082,-0.016861229078257645,0.0016600388173694087,0.03254133025759369,-220572.42563161324,-0.04739799765962452,-0.31009611687812383,0.2364628988850442,4664151
608,03,PUNJAB,SAS NAGAR (SAHIBZADA AJIT SINGH NAGAR),-0.10851211072664653,0.04484429065743784,0.07111111111111212,0.0984236831987709,-26056.507347787352,-0.01839223013490954,-0.3278123798539023,0.2288965782391388,1423227
609,03,PUNJAB,TARN TARAN,-0.10851211072664368,-0.016856592257227698,-0.0017944075156124935,0.01673035900383848,-145373.66682787164,-0.04612517117676822,-0.31009611687812383,0.1929104190695886,3158113
086,08,RAJASTHAN,AJMER,-0.07535563244905895,0.14173010380626536,0.1599999999999862,0.17279507881584966,839273.9784445941,0.07962009753703862,-0.3278123798539023,0.36472126105344094,10557272
087,08,RAJASTHAN,ALWAR,-0.04484429065743797,0.12456747404846667,0.16,0.1998615916954891,570087.5153484623,0.0540437789307899,-0.3014225297962323,0.36472126105344094,10566667
088,08,RAJASTHAN,BANSWARA,-0.15378700499808617,0.11374086889659886,0.13588619761632098,0.15378700499808576,277614.5410670708,0.05057949891014315,-0.29287197231833906,0.29287197231833906,5496965
089,08,RAJASTHAN,BARAN,-0.051733948481353494,0.1137408688965965,0.12456747404846887,0.14173010380623724,525037.5370518925,0.060968078747911304,-0.34602076124567477,0.3188927335640138,8624299
090,08,RAJASTHAN,BARMER,-0.025830758368717233,0.13588619761633894,0.1537870049980688,0.17279507881585005,2761687.9361141706,0.0785407511751982,-0.3014225297962323,0.4444444444444444,35184293
091,08,RAJASTHAN,BHARATPUR,-0.044844290657438696,0.09842368319874392,0.11374086889658654,0.13588619761629683,329723.64004370896,0.05192874239875847,-0.3188927335640138,0.3188927335640138,6364210
092,08,RAJASTHAN,BHILWARA,-0.05173394848135388,0.1358861976163244,0.1537870049980706,0.17937716262975972,1024714.6682042147,0.0790506228273093,-0.3014225297962323,0.3553094963475586,12977374
093,08,RAJASTHAN,BIKANER,-0.02582566019833756,0.10851211072666804,0.11909265667053305,0.1358861976163178,2303499.694580993,0.06018304275390814,-0.29287197231833906,0.3553094963475586,38299184
094,08,RAJASTHAN,BUNDI,-0.08421376393694607,0.13588619761634335,0.16000000000001116,0.18608227604769562,458378.3350212504,0.06419014750419674,-0.3014225297962323,0.3553094963475586,7150747
095,08,RAJASTHAN,CHITTAURGARH,-0.14173010380630244,0.13588619761633927,0.1600000000000094,0.18608227604768676,703010.1253032158,0.0731618351236657,-0.3278123798539023,0.36472126105344094,9628634
096,08,RAJASTHAN,CHURU,-0.016739685042100497,0.10851211072666687,0.12456747404846853,0.14173010380623813,1113607.9682178607,0.06345323733914986,-0.28444444444444444,0.33685505574778934,17570047
097,08,RAJASTHAN,DAUSA,-0.05536332179930922,0.0984236831987608,0.11909265667051305,0.14769703960015185,196420.9416469802,0.04597529447257939,-0.3278123798539023,0.34602076124567477,4282491
098,08,RAJASTHAN,DHAULPUR,-0.10851211072664331,0.11374086889658182,0.13016532103034673,0.14769703960016795,192321.6941061856,0.050766280014832924,-0.2761399461745483,0.2599000384467512,3796325
099,08,RAJASTHAN,DUNGARPUR,-0.07535563244905798,0.14769703960015623,0.16633602460590355,0.18608227604768976,397638.16474998824,0.08650384754579142,-0.2519646289888504,0.36472126105344094,4604348
101,08,RAJASTHAN,HANUMANGARH,-0.04484429065744245,0.0888273740868818,0.10340638216073263,0.11909265667052166,523393.60192388034,0.04217294792720949,-0.3278123798539023,0.3014225297962323,12428490
102,08,RAJASTHAN,JAIPUR,-0.07535563244905548,0.12456747404847289,0.1417301038062449,0.1663360246059235,672597.7144170944,0.04824182389308293,-0.3278123798539023,0.34602076124567477,13958482
103,08,RAJASTHAN,JAISALMER,-0.1034063821607274,0.12456747404847746,0.14769703960015929,0.1793771626297871,2574307.4341251617,0.053440981957926036,-0.2599000384467512,0.47637062668204533,48195167
104,08,RAJASTHAN,JALOR,-0.03254133025759268,0.1476970396001445,0.16633602460587785,0.18608227604770472,1114698.2517862925,0.0849942328919151,-0.31009611687812383,0.39369473279507883,13130168
105,08,RAJASTHAN,JHALAWAR,-0.1085121107266439,0.09842368319875579,0.11909265667052148,0.14173010380623752,325955.52955150476,0.04194909679967607,-0.3278123798539023,0.31009611687812383,7785147
106,08,RAJASTHAN,JHUNJHUNUN,-0.02582233639954281,0.11909265667052954,0.13588619761631437,0.16633602460592467,470794.88949024514,0.06285920667672851,-0.2364628988850442,0.36472126105344094,7500078
107,08,RAJASTHAN,JODHPUR,-0.016754327565833255,0.13588619761633244,0.15378700499805062,0.17279507881585035,2258336.734200165,0.07970432858160331,-0.3014225297962323,0.39369473279507883,28354930
108,08,RAJASTHAN,KARAULI,-0.0368694665192845,0.1358861976163376,0.15378700499806922,0.17937716262975947,479177.61697282037,0.07660611130625751,-0.31009611687812383,0.3188927335640138,6265890
100,08,RAJASTHAN,GANGANAGAR,-0.036879234072282344,0.08882737408687408,0.10340638216073043,0.11909265667051275,644470.8284056343,0.046069649530011296,-0.2761399461745483,0.29287197231833906,14004924
109,08,RAJASTHAN,KOTA,-0.0935640138408297,0.1034063821607358,0.11909265667052829,0.13588619761631404,312672.54535384127,0.04984838122168645,-0.3188927335640138,0.3278123798539023,6284796
110,08,RAJASTHAN,NAGAUR,-0.02581883211283183,0.1245674740484776,0.14173010380625148,0.16633602460590918,1555801.42010861,0.06973663563588614,-0.3553094963475586,0.3839138792772011,22328531
111,08,RAJASTHAN,PALI,-0.025827975591569814,0.15378700499800846,0.16633602460588057,0.19291041906958553,1447757.2145134949,0.0943893702822383,-0.31009611687812383,0.37425605536332185,15355856
629,08,RAJASTHAN,PRATAPGARH,-0.02977316416762832,0.12456747404847468,0.14173010380622791,0.16633602460592486,349084.4755070406,0.06434848889871264,-0.3014225297962323,0.3278123798539023,5433909
112,08,RAJASTHAN,RAJ SAMAND,-0.055363321799307724,0.17279507881585102,0.19986159169548598,0.22889657823913864,510638.2501583371,0.08942984750170611,-0.29287197231833906,0.3839138792772011,5723908
113,08,RAJASTHAN,SAWAI MADHOPUR,-0.0984236831987698,0.11909265667053054,0.13588619761631388,0.16000000000000203,401225.9576361042,0.06419494883390837,-0.31009611687812383,0.34602076124567477,6261504
114,08,RAJASTHAN,SIKAR,-0.03686552175996454,0.10851211072665973,0.13016532103037395,0.1663360246059247,487164.5940854438,0.05005313731264245,-0.2679584775086506,0.3839138792772011,9747199
115,08,RAJASTHAN,SIROHI,-0.005704645148015574,0.17279507881585124,0.1998615916954859,0.2364628988850573,670037.1681528274,0.10614733096440401,-0.3014225297962323,0.41362552864282975,6321547
116,08,RAJASTHAN,TONK,-0.15999999999996692,0.13016532103031941,0.1417301038062425,0.15378700499807196,662322.7889032576,0.07404150010470502,-0.31009611687812383,0.34602076124567477,8958642
117,08,RAJASTHAN,UDAIPUR,-0.0368708864398138,0.16633602460586222,0.19291041906959236,0.2141330257593231,1307751.5283705506,0.09109631058114621,-0.31009611687812383,0.37425605536332185,14373207
225,11,SIKKIM,EAST,-0.093564013840828,0.17279507881585054,0.199861591695486,0.22889657823914647,80141.14012611489,0.06805371450605746,-0.2364628988850442,0.36472126105344094,1180616
226,11,SIKKIM,NORTH,-0.11374086889657488,0.18608227604770944,0.2141330257592889,0.2441522491349303,332839.6488128074,0.06246532269601993,-0.2679584775086506,0.39369473279507883,5335204
227,11,SIKKIM,SOUTH,-0.11374086889657588,0.15999999999999698,0.18608227604767735,0.22145328719722882,43520.49400341298,0.04734253845027564,-0.29287197231833906,0.36472126105344094,922577
228,11,SIKKIM,WEST,-0.11374086889657448,0.17279507881585035,0.20693579392539108,0.24415224913493197,78915.172163251,0.052296188888565374,-0.2519646289888504,0.3839138792772011,1512801
610,33,TAMIL NADU,ARIYALUR,-0.05911572472126102,0.2364628988850241,0.25196462898884675,0.2679584775086836,294716.51677040884,0.13365630629554864,-0.31009611687812383,0.3839138792772011,2209715
730,33,TAMIL NADU,CHENGALPATTU,-0.16633602460592428,0.16000000000002215,0.18608227604770225,0.21413302575933085,149069.5770479252,0.04779689191478441,-0.29287197231833906,0.3188927335640138,3125557
568,33,TAMIL NADU,CHENNAI,-0.1358861976163013,0.1085121107266391,0.12456747404843896,0.1476970396001564,16225.953196999151,0.04233081286821608,-0.31009611687812383,0.29287197231833906,385506
569,33,TAMIL NADU,COIMBATORE,-0.09356401384082529,0.2141330257592505,0.23646289888504157,0.2519646289888781,470346.24595016346,0.08752878473282186,-0.31009611687812383,0.40359861591695495,5383851
570,33,TAMIL NADU,CUDDALORE,-0.1358861976163014,0.186082276047697,0.21413302575924156,0.22889657823910456,336264.89434862527,0.07961227660540493,-0.3278123798539023,0.3553094963475586,4233341
571,33,TAMIL NADU,DHARMAPURI,-0.0448442906574393,0.20693579392537984,0.22145328719722226,0.24415224913492808,633026.769283447,0.12313838556094481,-0.2761399461745483,0.36472126105344094,5150772
572,33,TAMIL NADU,DINDIGUL,-0.1085121107266389,0.22889657823909854,0.25196462898889205,0.2679584775086827,758694.8653082445,0.11028178111845785,-0.3014225297962323,0.4444444444444444,6891183
573,33,TAMIL NADU,ERODE,-0.08882737408688587,0.21413302575927737,0.23646289888502972,0.2519646289888447,613795.2182175658,0.1052947849562707,-0.33685505574778934,0.36472126105344094,5843263
574,33,TAMIL NADU,KANCHIPURAM,-0.1599999999999974,0.19291041906957213,0.2141330257592951,0.2364628988850405,123814.54725230519,0.061832398229097085,-0.29287197231833906,0.33685505574778934,2010389
729,33,TAMIL NADU,KALLAKKURICHI,-0.09356401384082683,0.22145328719724952,0.24415224913497469,0.25990003844675125,441418.8494770386,0.10943062183548248,-0.29287197231833906,0.3553094963475586,4041352
575,33,TAMIL NADU,KANYAKUMARI,-0.13588619761630594,0.14173010380622172,0.17937716262977302,0.22145328719724205,57160.49370646523,0.030124044101619462,-0.31009611687812383,0.39369473279507883,1902020
576,33,TAMIL NADU,KARUR,-0.05536332179930689,0.2599000384468436,0.27613994617451504,0.2844444444444758,575822.9143490504,0.1742085897174032,-0.2599000384467512,0.37425605536332185,3313874
578,33,TAMIL NADU,MADURAI,-0.13016532103036835,0.21413302575925472,0.23646289888500546,0.2519646289888447,424375.4501668523,0.10086143313592852,-0.3188927335640138,0.39369473279507883,4217505
587,33,TAMIL NADU,NILGIRIS,-0.09356401384082688,0.16633602460592528,0.19291041906959613,0.22145328719723092,170929.38151324124,0.061642906006031936,-0.31009611687812383,0.36472126105344094,2779224
579,33,TAMIL NADU,NAGAPATTINAM,-0.16000000000000486,0.14173010380623113,0.15999999999999814,0.1860822760476719,141470.17097361299,0.04843451304075732,-0.28444444444444444,0.3278123798539023,2930267
580,33,TAMIL NADU,NAMAKKAL,-0.0753556324490593,0.22889657823910176,0.24415224913504824,0.26795847750868995,480539.220559457,0.12328493502383868,-0.28444444444444444,0.3839138792772011,3905479
581,33,TAMIL NADU,PERAMBALUR,-0.029773164167628364,0.24415224913508682,0.2599000384468375,0.2679584775086908,302333.94082988636,0.15102552553416923,-0.28444444444444444,0.33685505574778934,2007167
582,33,TAMIL NADU,PUDUKKOTTAI,-0.05536332179930703,0.2364628988850358,0.25196462898888816,0.26795847750867063,769519.3810614143,0.1455230417108891,-0.29287197231833906,0.37425605536332185,5299699
583,33,TAMIL NADU,RAMANATHAPURAM,-0.12456747404844161,0.2141330257592589,0.2288965782391118,0.2519646289888449,557681.5274390392,0.11977464038773508,-0.3278123798539023,0.40359861591695495,4668989
731,33,TAMIL NADU,RANIPPETTAI,-0.15378700499807865,0.18608227604770508,0.20693579392539083,0.2364628988850574,131292.78045021946,0.06187873915248642,-0.3014225297962323,0.3278123798539023,2128423
584,33,TAMIL NADU,SALEM,-0.0797231833910044,0.1929104190695577,0.21413302575927515,0.2364628988850244,725365.7575055085,0.10581655118752491,-0.29287197231833906,0.3553094963475586,6871944
585,33,TAMIL NADU,SIVAGANGA,-0.07535563244905902,0.22145328719728907,0.23646289888503466,0.2519646289888446,648439.0854137514,0.13468381857890727,-0.33685505574778934,0.36472126105344094,4827074
588,33,TAMIL NADU,TENI,-0.13016532103036937,0.19291041906957246,0.2214532871972122,0.24415224913493486,238319.46114322095,0.07323975709224327,-0.33685505574778934,0.41362552864282975,3260399
733,33,TAMIL NADU,TENKASI,-0.11374086889657628,0.24415224913498546,0.2679584775086934,0.2928719723183092,340394.43469992024,0.10698795317974695,-0.31009611687812383,0.40359861591695495,3188221
586,33,TAMIL NADU,THANJAVUR,-0.10340638216070559,0.17937716262979117,0.20693579392539121,0.23646289888501867,252924.4976447382,0.06489367112692558,-0.2761399461745483,0.3553094963475586,3908681
590,33,TAMIL NADU,THIRUVARUR,-0.17279507881584466,0.14769703960016148,0.1663360246058793,0.18608227604769123,133750.69943014887,0.051916913667124774,-0.28444444444444444,0.34602076124567477,2584269
591,33,TAMIL NADU,TIRUCHIRAPALLI,-0.06299115724721152,0.23646289888506494,0.2599000384467884,0.27613994617453,689278.4357345608,0.13470637476690223,-0.3188927335640138,0.3839138792772011,5131417
592,33,TAMIL NADU,TIRUNELVELI,-0.12456747404844054,0.2599000384468216,0.28444444444448114,0.31009611687807664,467659.2937171626,0.10651838052904847,-0.3278123798539023,0.4340484429065744,4398780
634,33,TAMIL NADU,TIRUPPUR,-0.08421376393694863,0.23646289888508448,0.2519646289889607,0.26795847750869123,784036.9089628564,0.1325366842362747,-0.3014225297962323,0.40359861591695495,5928070
732,33,TAMIL NADU,TIRUPPATTUR,-0.07111111111111051,0.1793771626297998,0.19986159169548523,0.22145328719723592,218176.2300298114,0.09002079563996211,-0.2761399461745483,0.34602076124567477,2429659
589,33,TAMIL NADU,TIRUVALLUR,-0.16000000000000905,0.1793771626297906,0.20693579392539257,0.23646289888505617,229162.0867617201,0.06178966607633385,-0.29287197231833906,0.3278123798539023,3721243
593,33,TAMIL NADU,TIRUVANNAMALAI,-0.12456747404843992,0.17937716262980632,0.19986159169548467,0.2288965782391391,495805.76074948837,0.07009882308411468,-0.3188927335640138,0.34602076124567477,7086228
594,33,TAMIL NADU,TUTICORIN,-0.11909265667050926,0.2679584775087096,0.28444444444444056,0.30142252979619105,866545.4913832551,0.16154568156143956,-0.3278123798539023,0.4340484429065744,5373009
595,33,TAMIL NADU,VELLORE,-0.07972318339100315,0.17937716262980785,0.19986159169548576,0.22145328719722623,207441.53695798578,0.0858126964007434,-0.2599000384467512,0.3553094963475586,2425418
596,33,TAMIL NADU,VILLUPURAM,-0.17937716262978876,0.17937716262980788,0.19986159169548548,0.2288965782391367,302270.6471408611,0.07220877971121589,-0.3014225297962323,0.33685505574778934,4197052
597,33,TAMIL NADU,VIRUDHUNAGAR,-0.0888273740868895,0.24415224913509562,0.259900038446832,0.27613994617450827,702501.1079688589,0.14616766030646342,-0.31009611687812383,0.39369473279507883,4816093
577,33,TAMIL NADU,KRISHNAGIRI,-0.07111111111111466,0.19291041906955428,0.2141330257592828,0.22889657823912976,672178.7911798668,0.11433516468536067,-0.3188927335640138,0.34602076124567477,5891097
501,36,TELANGANA,ADILABAD,-0.044844290657438564,0.14769703960017794,0.1600000000000254,0.17937716262976763,359879.19798738573,0.07599003670946602,-0.3014225297962323,0.2679584775086506,4743469
507,36,TELANGANA,HYDERABAD,-0.17279507881584236,0.08421376393694434,0.0984236831987709,0.1137408688965796,6455.547699991273,0.02880358858035105,-0.3553094963475586,0.19986159169550174,225991
508,36,TELANGANA,KARIMNAGAR,-0.18608227604768002,0.07972318339100981,0.11374086889657589,0.14769703960015182,-90742.02737611227,-0.03846969941800195,-0.31009611687812383,0.2364628988850442,2364683
690,36,TELANGANA,BHADRADRI KOTHAGUDEM,-0.10340638216070687,0.16633602460586963,0.1860822760476921,0.21413302575932217,570454.9699267008,0.07042630245831712,-0.33685505574778934,0.3014225297962323,8112200
512,36,TELANGANA,MAHABUBNAGAR,-0.12456747404844142,0.1793771626298038,0.1929104190695736,0.2069357939253921,276263.62851017853,0.08449703073906616,-0.3188927335640138,0.31009611687812383,3277821
692,36,TELANGANA,SIDDIPET,-0.17279507881584752,0.14769703960017136,0.16633602460591287,0.1929104190695971,123752.35017477682,0.02842075359404992,-0.33685505574778934,0.2679584775086506,4362172
514,36,TELANGANA,NALGONDA,-0.14769703960017208,0.19986159169548492,0.2141330257592457,0.2288965782391144,791211.6204876802,0.0940702772618681,-0.3014225297962323,0.33685505574778934,8420108
516,36,TELANGANA,NIZAMABAD,-0.20693579392540026,0.09356401384084247,0.11374086889659993,0.13016532103036416,-133767.3880461801,-0.02693247155451006,-0.34602076124567477,0.2288965782391388,4973584
518,36,TELANGANA,RANGAREDDY,-0.10851211072664614,0.16633602460586855,0.18608227604770983,0.19986159169548515,491638.90151276736,0.08415533216092207,-0.3553094963475586,0.29287197231833906,5852435
720,36,TELANGANA,MULUGU,-0.14769703960015715,0.13016532103034748,0.15378700499808823,0.17937716262976647,234349.94940133183,0.046430644188534854,-0.3014225297962323,0.31009611687812383,5054976
695,36,TELANGANA,JOGULAMBA GADWAL,-0.1476970396001487,0.19986159169551343,0.214133025759224,0.2288965782391154,341944.60343138705,0.114315491120496,-0.2519646289888504,0.29287197231833906,2996596
699,36,TELANGANA,KUMURAM BHEEM,-0.07972318339100437,0.17279507881579953,0.18608227604768637,0.20693579392538203,422037.80453133845,0.07857878484955667,-0.31009611687812383,0.28444444444444444,5379788
684,36,TELANGANA,MANCHERIAL,-0.15378700499807554,0.1600000000000157,0.18608227604770852,0.20693579392538913,234514.03514406976,0.051483090325712015,-0.33685505574778934,0.28444444444444444,4563416
680,36,TELANGANA,NIRMAL,-0.22145328719721818,0.11374086889657607,0.13016532103035466,0.14769703960015845,78651.79888099102,0.017912042235660133,-0.3278123798539023,0.2519646289888504,4400168
685,36,TELANGANA,KAMAREDDY,-0.18608227604768693,0.11374086889659375,0.13016532103035489,0.14769703960015965,53178.19439242863,0.012063153266244898,-0.31009611687812383,0.2519646289888504,4417377
691,36,TELANGANA,SANGAREDDY,-0.17937716262975206,0.11909265667053089,0.1358861976163347,0.1537870049980664,175674.88458062476,0.03363799973546904,-0.3278123798539023,0.2599000384467512,5234286
694,36,TELANGANA,NAGARKURNOOL,-0.12456747404844258,0.19986159169550252,0.2141330257592303,0.22889657823911075,805623.4704267262,0.11157046289017769,-0.31009611687812383,0.34602076124567477,7230954
693,36,TELANGANA,WANAPARTHY,-0.15378700499807868,0.17937716262980133,0.19291041906960266,0.21413302575933005,201604.72173222745,0.07944262752320436,-0.3014225297962323,0.29287197231833906,2543857
721,36,TELANGANA,NARAYANPET,-0.1600000000000004,0.18608227604766608,0.19986159169548326,0.2141330257592768,242196.14592443334,0.08627539670967034,-0.3014225297962323,0.28444444444444444,2813898
698,36,TELANGANA,VIKARABAD,-0.13016532103036765,0.14769703960017413,0.1663360246058808,0.17937716262979175,325790.1423845521,0.0751744732865349,-0.33685505574778934,0.2761399461745483,4341820
700,36,TELANGANA,MEDCHAL-MALKAJGIRI,-0.1417301038062298,0.11909265667052145,0.1417301038062287,0.1537870049980836,60938.04715228128,0.048367401136076967,-0.3278123798539023,0.2519646289888504,1263977
697,36,TELANGANA,YADADRI BHUVANAGIRI,-0.1358861976162956,0.16633602460589839,0.18608227604770716,0.20693579392539485,220873.06864146926,0.05841593869230792,-0.3014225297962323,0.3014225297962323,3788544
696,36,TELANGANA,SURYAPET,-0.17279507881584616,0.16633602460588587,0.19291041906957235,0.2141330257593203,154470.133914067,0.0367724934823944,-0.28444444444444444,0.34602076124567477,4207558
509,36,TELANGANA,KHAMMAM,-0.12456747404844262,0.16633602460584543,0.1860822760477106,0.19986159169548628,441335.5252761125,0.08066257766104894,-0.3278123798539023,0.31009611687812383,5483474
688,36,TELANGANA,MAHABUBABAD,-0.15378700499808107,0.15999999999999184,0.17937716262979267,0.19986159169548742,241600.28553579497,0.05817865144994263,-0.3188927335640138,0.29287197231833906,4159758
689,36,TELANGANA,JANGAON,-0.1476970396001549,0.1727950788158219,0.19291041906954678,0.2141330257592756,144440.41217302746,0.050809272922460805,-0.28444444444444444,0.3188927335640138,2848930
686,36,TELANGANA,WARANGAL (URBAN),-0.17279507881584416,0.1137408688965732,0.13588619761629822,0.16000000000000036,5399.7679837745545,0.0039483490281718055,-0.31009611687812383,0.2761399461745483,1371299
522,36,TELANGANA,WARANGAL (RURAL),-0.17937716262975328,0.12456747404846112,0.14769703960016087,0.17279507881584835,50631.61196800074,0.0192853173203373,-0.31009611687812383,0.2679584775086506,2631366
687,36,TELANGANA,JAYASHANKAR BHUPALAPALLY,-0.1476970396001549,0.15378700499808842,0.1793771626297739,0.20693579392539493,163904.57522875533,0.04841011059423205,-0.31009611687812383,0.29287197231833906,3392864
682,36,TELANGANA,PEDDAPALLI,-0.17279507881584832,0.11374086889657445,0.14173010380623935,0.1727950788158483,-32567.77503529326,-0.012593896394655515,-0.3014225297962323,0.2761399461745483,2590845
681,36,TELANGANA,JAGTIAL,-0.1663360246059241,0.08421376393695029,0.10851211072664288,0.13016532103036832,-58447.576729656896,-0.01716577796936316,-0.3188927335640138,0.2679584775086506,3410637
683,36,TELANGANA,RANJANNA SIRCILLA,-0.18608227604768998,0.11909265667052088,0.1537870049980838,0.19291041906959555,3295.69433294427,0.0015479014663606226,-0.29287197231833906,0.2679584775086506,2133794
513,36,TELANGANA,MEDAK,-0.18608227604767139,0.11909265667052782,0.1417301038062107,0.16000000000000003,17963.64606143801,0.00556684047402025,-0.33685505574778934,0.24415224913494812,3235035
269,16,TRIPURA,DHALAI,-0.13588619761629514,0.1245674740484629,0.14769703960016556,0.17279507881584788,108249.19454165811,0.0389236480097463,-0.2761399461745483,0.3188927335640138,2787504
654,16,TRIPURA,GOMATI,-0.11909265667051164,0.10851211072664947,0.13016532103037556,0.1600000000000032,52066.156955736034,0.026425321283538295,-0.29287197231833906,0.28444444444444444,1976295
652,16,TRIPURA,KHOWAI,-0.11374086889657885,0.09842368319877245,0.12456747404844663,0.14769703960014924,25414.23131749386,0.019791115358827924,-0.28444444444444444,0.28444444444444444,1288086
270,16,TRIPURA,NORTH TRIPURA,-0.08882737408688966,0.11909265667051191,0.1417301038062366,0.1727950788158464,58574.963127478986,0.03560557460558689,-0.2679584775086506,0.36472126105344094,1650811
653,16,TRIPURA,SEPAHIJALA,-0.1358861976163023,0.08882737408687925,0.10851211072664126,0.13016532103037345,7813.855272920198,0.0060596070054908125,-0.29287197231833906,0.2599000384467512,1294414
271,16,TRIPURA,SOUTH TRIPURA,-0.10340638216070547,0.09842368319877313,0.11909265667051327,0.14173010380623396,33448.03919409844,0.018842870202756937,-0.28444444444444444,0.2679584775086506,1781389
655,16,TRIPURA,UNOKOTI,-0.11374086889657746,0.10340638216072376,0.12456747404845156,0.14769703960014804,21473.246545608374,0.02546158578854028,-0.29287197231833906,0.2761399461745483,846595
272,16,TRIPURA,WEST TRIPURA,-0.10340638216070797,0.09356401384082297,0.11374086889657492,0.13588619761630513,22728.797223154008,0.019741573539636802,-0.2761399461745483,0.2761399461745483,1154860
118,09,UTTAR PRADESH,AGRA,-0.08421376393694686,0.07111111111111852,0.08882737408688704,0.10851211072664349,82426.85741246227,0.016261170058274994,-0.31009611687812383,0.2599000384467512,5084762
119,09,UTTAR PRADESH,ALIGARH,-0.09842368319876668,0.01675516022035584,0.03254133025759039,0.051733948481351114,-118518.89302430327,-0.025293026359873873,-0.33685505574778934,0.19986159169550174,4695914
121,09,UTTAR PRADESH,AMBEDKARNAGAR,-0.13588619761630244,0.03254133025759027,0.04484429065744179,0.05911572472126369,-42657.78457290679,-0.014708279398405017,-0.3014225297962323,0.21413302575932336,2907631
640,09,UTTAR PRADESH,AMETHI,-0.08882737408688564,0.04822760476739371,0.0629911572472112,0.08421376393694552,-11367.12879242214,-0.003764727358953495,-0.28444444444444444,0.22145328719723184,3027141
154,09,UTTAR PRADESH,AMROHA,-0.14173010380623335,-0.01205690119184837,0.006818887557092575,0.03254133025759368,-184323.31105117066,-0.058927016494670276,-0.28444444444444444,0.1929104190695886,3135410
122,09,UTTAR PRADESH,AURAIYA,-0.08882737408688966,0.04822760476740097,0.06299115724721117,0.0842137639369448,-8570.854585937619,-0.003402041560946726,-0.33685505574778934,0.22145328719723184,2525028
123,09,UTTAR PRADESH,AZAMGARH,-0.08421376393694695,0.05173394848134487,0.06299115724721384,0.07535563244904797,56917.02184564423,0.010874533523926578,-0.3014225297962323,0.19986159169550174,5243512
133,09,UTTAR PRADESH,BUDAUN,-0.1137408688965758,0.016746292245956706,0.036881500114633724,0.05536332179930869,-161853.80813756632,-0.03008746703312586,-0.33685505574778934,0.2288965782391388,5388312
124,09,UTTAR PRADESH,BAGHPAT,-0.13588619761629772,-0.019930795847752026,-0.004512784837219149,0.015747789311802946,-108803.44717243605,-0.06449001738751234,-0.29287197231833906,0.19986159169550174,1691561
125,09,UTTAR PRADESH,BAHRAICH,-0.1600000000000011,0.041584006151476324,0.059115724721259776,0.07972318339100799,-110445.77050816295,-0.017720337707608717,-0.33685505574778934,0.2288965782391388,6244557
126,09,UTTAR PRADESH,BALLIA,-0.20693579392540737,0.04158400615148094,0.05536332179930795,0.07111111111111312,-39164.25340189904,-0.01055958256412992,-0.31009611687812383,0.186082276047674,3717530
127,09,UTTAR PRADESH,BALRAMPUR,-0.10851211072664671,0.06698961937717417,0.0797231833910155,0.0984236831987716,50319.29737694587,0.01197061356663199,-0.3188927335640138,0.21413302575932336,4212204
128,09,UTTAR PRADESH,BANDA,-0.05173394848135427,0.10851211072666073,0.12456747404845926,0.13588619761629647,288197.26631642104,0.05236697267787116,-0.3188927335640138,0.3188927335640138,5516307
129,09,UTTAR PRADESH,BARABANKI,-0.1358861976163021,0.029773164167629845,0.048227604767396244,0.06698961937716322,-111751.38953648352,-0.02322643194956644,-0.33685505574778934,0.22145328719723184,4821092
130,09,UTTAR PRADESH,BAREILLY,-0.13588619761629842,0.0057165083797198315,0.021048967203167304,0.0415840061514811,-236546.03106514522,-0.04525531568182166,-0.34602076124567477,0.21413302575932336,5236856
131,09,UTTAR PRADESH,BASTI,-0.16000000000000264,0.0368576853864238,0.0482276047673991,0.06299115724721129,-35207.16083942796,-0.01010891430588922,-0.3014225297962323,0.19986159169550174,3489747
179,09,UTTAR PRADESH,BHADOHI,-0.14173010380622683,0.048227604767400574,0.06299115724721127,0.07972318339100398,-5272.618870992853,-0.004207701038978507,-0.28444444444444444,0.1929104190695886,1258326
132,09,UTTAR PRADESH,BIJNOR,-0.14769703960015096,-0.01682937973149116,-0.0017594759147432357,0.021047307208937684,-376386.1264755211,-0.06390685968049886,-0.3278123798539023,0.2069357939254133,5897437
134,09,UTTAR PRADESH,BULANDSHAHR,-0.13016532103036754,-0.0026534425317957413,0.012056901191848473,0.02977316416762816,-207477.543909728,-0.04654270986104845,-0.29287197231833906,0.1929104190695886,4465675
135,09,UTTAR PRADESH,CHANDAULI,-0.17279507881584794,0.10851211072666408,0.13016532103033565,0.1537870049980874,65509.40729383598,0.020847255176268998,-0.33685505574778934,0.3014225297962323,3149762
136,09,UTTAR PRADESH,CHITRAKOOT,-0.051733948481353494,0.13016532103033587,0.1476970396001741,0.16633602460591848,259597.93978913306,0.06594107261060243,-0.3278123798539023,0.3278123798539023,3947058
137,09,UTTAR PRADESH,DEORIA,-0.108512110726644,0.0415840061514751,0.05536332179930659,0.06698961937716214,-156.61021501499317,-4.956457990318056E-5,-0.29287197231833906,0.2288965782391388,3167421
140,09,UTTAR PRADESH,AYODHYA,-0.14769703960015307,0.025847580113673666,0.04484429065743798,0.06698961937716265,-91804.60801931667,-0.027355452735908028,-0.3014225297962323,0.21413302575932336,3363207
138,09,UTTAR PRADESH,ETAH,-0.10851211072664427,0.021041964881886196,0.0368543130030892,0.05173394848135421,-80698.67082582398,-0.026481407180059528,-0.3278123798539023,0.2069357939254133,3057112
139,09,UTTAR PRADESH,ETAWAH,-0.11909265667051296,0.0448442906574443,0.0629911572472112,0.08421376393694566,-27328.728887464047,-0.00940489897531589,-0.3188927335640138,0.22145328719723184,2912455
141,09,UTTAR PRADESH,FARRUKHABAD,-0.16000000000000295,0.02105281764867599,0.03687187974259062,0.05536332179930758,-89379.43304223486,-0.03262745026344757,-0.31009611687812383,0.21413302575932336,2746061
142,09,UTTAR PRADESH,FATEHPUR,-0.09842368319877033,0.08421376393695648,0.10340638216072047,0.12456747404845193,98503.65579402966,0.01905133080647638,-0.31009611687812383,0.24415224913494812,5179341
143,09,UTTAR PRADESH,FIROZABAD,-0.08421376393694728,0.044844290657445565,0.06299115724721119,0.08421376393694857,-15404.070980358596,-0.005075138551510262,-0.36472126105344094,0.22145328719723184,3043033
144,09,UTTAR PRADESH,GAUTAMBUDHNAGAR,-0.10851211072664696,0.03689928838959795,0.055363321799309445,0.07972318339100427,-36112.613978764755,-0.02014427592162972,-0.3278123798539023,0.1929104190695886,1799130
146,09,UTTAR PRADESH,GAZIPUR,-0.14769703960015734,0.044844290657449916,0.05536332179930401,0.07111111111111515,-14663.084414184274,-0.0035054450974180856,-0.31009611687812383,0.2069357939254133,4191005
145,09,UTTAR PRADESH,GHAZIABAD,-0.11909265667051003,0.02977316416762934,0.055363321799310396,0.08421376393695074,-38749.8668760554,-0.03340578833280812,-0.29287197231833906,0.2364628988850442,1164347
147,09,UTTAR PRADESH,GONDA,-0.11374086889657711,0.029773164167631552,0.044844290657442616,0.059115724721264196,-84848.63660823506,-0.017010407343918853,-0.31009611687812383,0.1929104190695886,4997607
148,09,UTTAR PRADESH,GORAKHPUR,-0.1663360246059224,0.05173394848134471,0.06299115724721115,0.07535563244905362,19505.012440777977,0.004692458132581632,-0.31009611687812383,0.19986159169550174,4167218
149,09,UTTAR PRADESH,HAMIRPUR,-0.08421376393694696,0.09356401384086287,0.10851211072665694,0.11909265667051845,212640.3139684084,0.04406023149526024,-0.28444444444444444,0.2069357939254133,4836349
661,09,UTTAR PRADESH,HAPUR,-0.13016532103037132,-9.320373114381413E-4,0.015747789311802842,0.03844675124951958,-70421.11777702453,-0.04957034316511936,-0.29287197231833906,0.17279507881584008,1425629
150,09,UTTAR PRADESH,HARDOI,-0.10851211072664432,0.0448442906574512,0.059115724721259776,0.07972318339100562,-51293.895807826186,-0.006822934224439634,-0.33685505574778934,0.24415224913494812,7529334
163,09,UTTAR PRADESH,HATHRAS,-0.09356401384082595,0.03690639016104064,0.05536332179930541,0.07535563244905322,-28432.02271539226,-0.012674905531237997,-0.3188927335640138,0.1929104190695886,2250134
151,09,UTTAR PRADESH,JALAUN,-0.07111111111110992,0.07111111111111994,0.08421376393695526,0.09842368319876771,113714.5307269809,0.020054518577151584,-0.3278123798539023,0.2761399461745483,5680240
152,09,UTTAR PRADESH,JAUNPUR,-0.07972318339100365,0.051733948481345396,0.06299115724721115,0.0797231833910093,22826.84160921043,0.004567405244872433,-0.28444444444444444,0.2069357939254133,5008032
153,09,UTTAR PRADESH,JHANSI,-0.09356401384083063,0.0935640138408616,0.10851211072665519,0.12456747404844479,234384.50297807014,0.03774429509813978,-0.3188927335640138,0.2599000384467512,6229627
155,09,UTTAR PRADESH,KANNAUJ,-0.09356401384082581,0.032541330257589256,0.04484429065744153,0.05911572472126352,-32138.01608398834,-0.012277877006202193,-0.33685505574778934,0.19986159169550174,2623727
157,09,UTTAR PRADESH,KANPUR,-0.10851211072664557,0.07111111111111894,0.08421376393695162,0.10340638216070736,40643.9219121981,0.010884166328961591,-0.3278123798539023,0.21413302575932336,3743531
156,09,UTTAR PRADESH,KANPUR DEHAT,-0.07535563244905959,0.06299115724721112,0.07972318339101378,0.10340638216071137,37704.84825706622,0.009583426675597114,-0.3014225297962323,0.19986159169550174,3941798
633,09,UTTAR PRADESH,KASGANJ,-0.1417301038062307,0.01676645130810585,0.032541330257592066,0.05536332179930722,-95359.36822365946,-0.0386207027912446,-0.3014225297962323,0.19986159169550174,2475748
158,09,UTTAR PRADESH,KAUSHAMBI,-0.12456747404844286,0.07111111111111904,0.09356401384082286,0.1137408688965751,26742.205825514357,0.01208548467017789,-0.29287197231833906,0.28444444444444444,2218096
159,09,UTTAR PRADESH,KHERI,-0.1600000000000013,0.025842715185668233,0.0415840061514789,0.06299115724721126,-293021.91285018297,-0.03013372010035104,-0.33685505574778934,0.2364628988850442,9738027
160,09,UTTAR PRADESH,KUSHINAGAR,-0.141730103806226,0.019930795847753684,0.03254133025759178,0.04484429065743796,-76009.73192856253,-0.02114107263666644,-0.3014225297962323,0.186082276047674,3604253
161,09,UTTAR PRADESH,LALITPUR,-0.18608227604768166,0.10340638216073628,0.11909265667052571,0.13588619761629644,238096.61622126857,0.038436922495588055,-0.29287197231833906,0.24415224913494812,6203252
162,09,UTTAR PRADESH,LUCKNOW,-0.12456747404845976,0.0553633217993031,0.0753556324490486,0.09356401384082538,-37809.70232633852,-0.011954355000917362,-0.3188927335640138,0.2364628988850442,3170059
165,09,UTTAR PRADESH,MAHOBA,-0.10851211072664524,0.11374086889656564,0.12456747404846744,0.14173010380623455,248616.90964846464,0.06162239910274924,-0.3014225297962323,0.2519646289888504,4045255
166,09,UTTAR PRADESH,MAINPURI,-0.08882737408688664,0.0297731641676302,0.041584006151481265,0.05911572472126378,-46429.59540448018,-0.013518770789115567,-0.3278123798539023,0.22145328719723184,3441554
167,09,UTTAR PRADESH,MATHURA,-0.09842368319876706,0.048227604767398506,0.06299115724721113,0.0842137639369465,-17500.560465228133,-0.004161237092384771,-0.31009611687812383,0.2519646289888504,4213749
168,09,UTTAR PRADESH,MAU,-0.14173010380622605,0.04484429065744801,0.055363321799306475,0.07111111111111354,-3875.583988903788,-0.0017977880056365624,-0.28444444444444444,0.1929104190695886,2161729
169,09,UTTAR PRADESH,MEERUT,-0.14769703960014982,-0.016833925844370237,0.005720998444593958,0.032541330257592,-213925.55910596024,-0.06467454966631529,-0.3278123798539023,0.1929104190695886,3314219
170,09,UTTAR PRADESH,MIRZAPUR,-0.16633602460592362,0.12456747404847386,0.14173010380622328,0.16000000000000267,257603.1552941706,0.04738373122585274,-0.31009611687812383,0.3188927335640138,5447558
171,09,UTTAR PRADESH,MORADABAD,-0.14769703960015823,-0.013011531740240934,0.00573198981908315,0.025849463164911154,-158454.48620141705,-0.06385189214248599,-0.31009611687812383,0.1929104190695886,2489342
172,09,UTTAR PRADESH,MUZAFFARNAGAR,-0.15378700499808415,-0.037063449875590564,-0.01682844868169253,0.005702858234156732,-279123.330581681,-0.07964044657537786,-0.3278123798539023,0.17937716262975778,3511799
173,09,UTTAR PRADESH,PILIBHIT,-0.17279507881584869,-0.001755410418804131,0.016752315456155437,0.03686734133675442,-266986.1463410374,-0.05588215820271544,-0.33685505574778934,0.17937716262975778,4788939
174,09,UTTAR PRADESH,PRATAPGARH,-0.0935640138408271,0.06299115724722151,0.07972318339101502,0.10340638216071373,28356.738644409146,0.006159866566027472,-0.31009611687812383,0.2288965782391388,4613609
175,09,UTTAR PRADESH,RAIBEARELI,-0.09842368319876765,0.05536332179930751,0.07111111111111744,0.09356401384082498,-9018.946103321063,-0.0018456882770985456,-0.31009611687812383,0.2288965782391388,4896223
176,09,UTTAR PRADESH,RAMPUR,-0.1476970396001614,-0.016839963976707586,-0.005865398113716801,0.01295240510367924,-198793.5532488436,-0.06601509047389127,-0.3553094963475586,0.17937716262975778,3018922
177,09,UTTAR PRADESH,SAHARANPUR,-0.1727950788158503,-0.0017285598725704922,0.051733948481350024,0.10851211072664754,-385888.17941986135,-0.08067785209011136,-0.31009611687812383,0.28444444444444444,4790695
659,09,UTTAR PRADESH,SAMBHAL,-0.10851211072664188,0.012948661473772381,0.025831775474578607,0.04484429065743806,-105750.05518610892,-0.03433100123237842,-0.3188927335640138,0.19986159169550174,3088314
178,09,UTTAR PRADESH,SANTKABIRNAGAR,-0.15378700499807468,0.04822760476739965,0.0591157247212648,0.07111111111111189,10619.86202494114,0.005177483581694874,-0.29287197231833906,0.2069357939254133,2058853
180,09,UTTAR PRADESH,SHAHJAHANPUR,-0.11374086889657638,0.016751353958410885,0.0297731641676287,0.04822760476739467,-155038.78364387833,-0.028449958337723878,-0.33685505574778934,0.21413302575932336,5462736
660,09,UTTAR PRADESH,SHAMLI,-0.16633602460592448,-0.04822760476740166,-0.02977316416762698,-0.0058609288536237685,-149843.92997348838,-0.09254762719660559,-0.3188927335640138,0.186082276047674,1623202
181,09,UTTAR PRADESH,SHRAWASTI,-0.10851211072664729,0.06299115724721112,0.07972318339101037,0.10340638216070462,11961.66525248461,0.004916139336813382,-0.3014225297962323,0.22145328719723184,2439319
182,09,UTTAR PRADESH,SIDDHARTHNAGAR,-0.10851211072664542,0.051733948481345285,0.06299115724721117,0.07535563244905127,45204.58039557372,0.012443727512505885,-0.3188927335640138,0.21413302575932336,3640380
183,09,UTTAR PRADESH,SITAPUR,-0.11374086889657707,0.03688659676242259,0.051733948481347894,0.07111111111111544,-117121.23360416942,-0.016223463669156064,-0.33685505574778934,0.24415224913494812,7230057
184,09,UTTAR PRADESH,SONBHADRA,-0.20693579392538494,0.13588619761634896,0.1537870049980748,0.17279507881585002,437204.03231989115,0.05180757446388023,-0.34602076124567477,0.34602076124567477,8450002
185,09,UTTAR PRADESH,SULTANPUR,-0.08882737408688825,0.048227604767398145,0.06299115724721117,0.08421376393694761,-9153.110757820385,-0.002751162056821359,-0.29287197231833906,0.22145328719723184,3335749
186,09,UTTAR PRADESH,UNNAO,-0.11909265667051402,0.059115724721255224,0.07535563244904532,0.09356401384082381,2862.298810346847,5.019875624926385E-4,-0.3278123798539023,0.2519646289888504,5712341
187,09,UTTAR PRADESH,VARANASI,-0.12456747404844283,0.04158400615148122,0.05536332179930713,0.0711111111111128,-19499.943534257334,-0.01029771480990842,-0.28444444444444444,0.19986159169550174,1899363
120,09,UTTAR PRADESH,PRAYAGRAJ,-0.13588619761630438,0.08882737408687742,0.11374086889658423,0.13588619761629692,99052.31743034064,0.014662525201092336,-0.29287197231833906,0.3014225297962323,6766620
164,09,UTTAR PRADESH,MAHARAJGANJ,-0.11909265667050772,0.04484429065745179,0.0591157247212569,0.07535563244905535,-736.2534226648031,-1.99361484249657E-4,-0.31009611687812383,0.22145328719723184,3700747
045,05,UTTARAKHAND,ALMORA,-0.11374086889657585,0.1301653210303664,0.1537870049980855,0.17937716262975217,133268.7592776494,0.033007893399398275,-0.28444444444444444,0.3188927335640138,4045433
046,05,UTTARAKHAND,BAGESHWAR,-0.10851211072664553,0.153787004998064,0.18608227604769753,0.22145328719723686,129929.85166201649,0.045169030439579774,-0.2679584775086506,0.3839138792772011,2883079
048,05,UTTARAKHAND,CHAMPAWAT,-0.13016532103036846,0.1245674740484612,0.15378700499808654,0.17937716262975142,49644.43543287487,0.021960112048464618,-0.3188927335640138,0.3188927335640138,2266165
049,05,UTTARAKHAND,DEHRADUN,-0.1085121107266438,0.16633602460591207,0.19986159169548603,0.22889657823914294,124689.21920032475,0.031108868997370736,-0.29287197231833906,0.37425605536332185,4018513
050,05,UTTARAKHAND,HARIDWAR,-0.15378700499808207,0.02977316416762855,0.06698961937716517,0.10340638216070627,-149153.84920837963,-0.0506470819072379,-0.31009611687812383,0.2679584775086506,2950783
051,05,UTTARAKHAND,NAINITAL,-0.13016532103036782,0.11909265667052578,0.15378700499808837,0.18608227604769656,25286.982305812926,0.004955390711132579,-0.31009611687812383,0.34602076124567477,5111706
052,05,UTTARAKHAND,PAURI GARHWAL,-0.13016532103037323,0.15378700499805162,0.17937716262979833,0.2069357939253922,316817.17895706656,0.046664459243929646,-0.3188927335640138,0.36472126105344094,6797764
054,05,UTTARAKHAND,RUDRAPRAYAG,-0.09842368319876507,0.1727950788158505,0.20693579392539335,0.23646289888505626,156839.9456328653,0.060992435573788674,-0.29287197231833906,0.3839138792772011,2576527
055,05,UTTARAKHAND,TEHRI GARHWAL,-0.09842368319877101,0.18608227604770777,0.21413302575933282,0.24415224913494354,401358.0596840104,0.07941125039479147,-0.31009611687812383,0.3839138792772011,5065420
056,05,UTTARAKHAND,UDHAM SINGH NAGAR,-0.20693579392541664,-0.01300663539019346,0.009632756286406181,0.03690440116903799,-252432.63854721125,-0.07410984495253828,-0.33685505574778934,0.1929104190695886,3417188
047,05,UTTARAKHAND,CHAMOLI,-0.08421376393694573,0.20693579392538003,0.2441522491349341,0.27613994617455495,883294.3528980622,0.08728829663516599,-0.29287197231833906,0.4340484429065744,10130102
053,05,UTTARAKHAND,PITHORAGARH,-0.09842368319877116,0.20693579392538233,0.2364628988850099,0.2679584775086711,737791.9569775105,0.07915125164316035,-0.3014225297962323,0.42377547097270285,9333695
057,05,UTTARAKHAND,UTTARKASHI,-0.08421376393694892,0.21413302575927276,0.24415224913495087,0.2679584775086712,977845.9571915958,0.09422798389471701,-0.2599000384467512,0.4340484429065744,10391325
664,19,WEST BENGAL,ALIPUR DUAR,-0.11909265667050822,0.05173394848134843,0.07535563244905268,0.11374086889657568,-66789.03090418683,-0.019122849658665137,-0.2761399461745483,0.3278123798539023,3499191
305,19,WEST BENGAL,BANKURA,-0.15378700499808365,0.06299115724721693,0.08421376393695447,0.10340638216070756,-71645.14761333793,-0.008571813601494232,-0.3278123798539023,0.2679584775086506,8367774
306,19,WEST BENGAL,PURBA BARDDHAMAN,-0.16000000000000322,0.02585994455114745,0.04822760476739851,0.07111111111111428,-323807.41843541723,-0.051117555217790864,-0.31009611687812383,0.2288965782391388,6345416
307,19,WEST BENGAL,BIRBHUM,-0.16000000000000708,0.0797231833910166,0.09842368319875665,0.12456747404845686,-95610.72490643551,-0.017208756473447946,-0.3188927335640138,0.2679584775086506,5568338
310,19,WEST BENGAL,DAKSHIN DINAJPUR,-0.14769703960015193,0.03690023589984,0.05173394848134919,0.07111111111111304,-70415.23810950862,-0.025515014985498338,-0.3014225297962323,0.21413302575932336,2766684
309,19,WEST BENGAL,DARJILING,-0.10340638216070572,0.1245674740484607,0.1537870049980873,0.18608227604769007,58443.82610416977,0.022794426869406952,-0.3278123798539023,0.33685505574778934,2570580
317,19,WEST BENGAL,PURBA MEDINIPUR,-0.20693579392539102,0.00574809955776051,0.025855080796067076,0.04484429065744073,-291473.5281755772,-0.06114666317005793,-0.3014225297962323,0.2519646289888504,4774369
313,19,WEST BENGAL,HAORA,-0.21413302575933146,0.015747789311802807,0.02977316416762745,0.04822760476739547,-74069.90840435203,-0.041740668233856075,-0.2761399461745483,0.186082276047674,1779421
312,19,WEST BENGAL,HUGLI,-0.15999999999999764,0.0138408304498265,0.02977316416762848,0.048227604767395585,-150972.04703538376,-0.03950688287914408,-0.29287197231833906,0.1929104190695886,3830421
314,19,WEST BENGAL,JALPAIGURI,-0.1537870049980803,0.04158400615148127,0.0629911572472112,0.08421376393694918,-115156.23308001572,-0.026882992876703087,-0.3188927335640138,0.2679584775086506,4291724
308,19,WEST BENGAL,KOCH BIHAR,-0.1727950788158466,0.012056901191848544,0.03254133025759176,0.055363321799306954,-230099.00881680957,-0.05484135379475432,-0.29287197231833906,0.2069357939254133,4209471
315,19,WEST BENGAL,KOLKATA,-0.17937716262975623,0.0517339484813549,0.07111111111110928,0.09356401384083167,-3234.632713632141,-0.014440207313025278,-0.2761399461745483,0.21413302575932336,225875
316,19,WEST BENGAL,MALDAH,-0.20693579392538392,0.04158400615148126,0.06299115724721117,0.08421376393694754,-153590.81741165483,-0.03471982190869547,-0.3188927335640138,0.2599000384467512,4432769
319,19,WEST BENGAL,MURSHIDABAD,-0.18608227604767158,0.04822760476739676,0.06299115724721115,0.08421376393694659,-129040.82328293583,-0.01972499848454112,-0.3014225297962323,0.2364628988850442,6553296
320,19,WEST BENGAL,NADIA,-0.166336024605923,0.036891124771869524,0.05173394848134894,0.06698961937716413,-92974.05257741397,-0.019613975755627282,-0.28444444444444444,0.22145328719723184,4752532
303,19,WEST BENGAL,NORTH TWENTY-FOUR PARGANAS,-0.20693579392539152,0.025853465547569274,0.04158400615148124,0.05911572472126399,-233233.86812504512,-0.04811216294069818,-0.3014225297962323,0.21413302575932336,4858451
318,19,WEST BENGAL,PASCHIM MEDINIPUR,-0.1727950788158495,0.03693167209337009,0.06299115724721116,0.09356401384082363,-390083.93637088226,-0.05146983680520675,-0.3014225297962323,0.24415224913494812,7589470
321,19,WEST BENGAL,PURULIYA,-0.13588619761630177,0.09842368319875013,0.11374086889659464,0.1301653210303736,253119.79286863285,0.03329005711499081,-0.31009611687812383,0.28444444444444444,7614827
304,19,WEST BENGAL,SOUTH TWENTY-FOUR PARGANAS,-0.21413302575928142,0.025868170550332317,0.05173394848134749,0.07111111111111657,-496157.4198648831,-0.053718285157483864,-0.29287197231833906,0.21413302575932336,9269362
311,19,WEST BENGAL,UTTAR DINAJPUR,-0.15378700499808448,0.00963888386604119,0.02977316416762762,0.051733948481354576,-228192.63521405114,-0.05867660001395379,-0.31009611687812383,0.2288965782391388,3902218
703,19,WEST BENGAL,JHARGRAM,-0.14173010380623766,0.07535563244904547,0.09356401384082301,0.11374086889657471,-24325.535486184453,-0.006500699968327547,-0.31009611687812383,0.24415224913494812,3751531
704,19,WEST BENGAL,PASCHIM BARDDHAMAN,-0.1476970396001519,0.07972318339101625,0.09356401384082262,0.1085121107266422,20185.088149592302,0.009154364177716933,-0.3014225297962323,0.24415224913494812,2210746
702,19,WEST BENGAL,KALIMPONG,-0.1034063821607062,0.16000000000002662,0.18608227604770503,0.20693579392539754,72100.4918337726,0.05266476468386703,-0.3278123798539023,0.33685505574778934,1372509
