di_code,st_code,state23,dist23,A04_p2,A04_p90,A04_p95,A04_p98,A04_sum,A04_mean,A04_min,A04_max,A04_count
603,35,ANDAMAN & NICOBAR,NICOBAR,-0.2141330257593283,0.01039600153787029,0.024605920799692545,0.041584006151481105,-134654.7007733409,-0.06712485536196947,-0.3188927335640138,0.1085121107266436,2020602
632,35,ANDAMAN & NICOBAR,NORTH & MIDDLE ANDAMAN,-0.22145328719724056,-0.05911572472126038,-0.041584006151481175,-0.02460592079969239,-472808.67716720287,-0.11900595440882371,-0.3278123798539023,0.05536332179930796,4003957
602,35,ANDAMAN & NICOBAR,SOUTH ANDAMAN,-0.21413302575932872,-0.04484429065744644,-0.02712802768166084,-0.010396001537870255,-322600.49136704265,-0.11148379496829558,-0.3188927335640138,0.06698961937716265,2916597
502,28,ANDHRA PRADESH,ANANTAPUR,-0.19986159169548517,-0.04158400615146999,-0.024605920799692167,-0.008858131487889508,-2199708.8826783476,-0.09819424597946612,-0.3188927335640138,0.11909265667051133,22430270
503,28,ANDHRA PRADESH,CHITTOOR,-0.17279507881585005,-0.019930795847753913,-0.004501859375776198,0.012056901191848851,-1266817.6964590854,-0.07345763966538331,-0.3014225297962323,0.17279507881584008,17269415
504,28,ANDHRA PRADESH,Y S R KADAPA,-0.20693579392538694,-0.051733948481345375,-0.03543252595155672,-0.013840830449826745,-1944688.9255068921,-0.10981228456510216,-0.31009611687812383,0.12456747404844293,17724326
505,28,ANDHRA PRADESH,EAST GODAVARI,-0.16633602460591795,0.006818716848741059,0.022206843521720417,0.04158400615147456,-954821.4137530127,-0.063171027182491,-0.29287197231833906,0.14769703960015382,15133939
506,28,ANDHRA PRADESH,GUNTUR,-0.19291041906958833,-0.06299115724723725,-0.04822760476739226,-0.032541330257590276,-1458415.6792279049,-0.10984832228060615,-0.3014225297962323,0.08421376393694734,13291974
510,28,ANDHRA PRADESH,KRISHNA,-0.19986159169548692,-0.06299115724721997,-0.04822760476739527,-0.03254133025759179,-1132761.3959354933,-0.11094971008987113,-0.31009611687812383,0.07972318339100345,10225813
511,28,ANDHRA PRADESH,KURNOOL,-0.1929104190695745,-0.03844675124951254,-0.02460592079969275,-0.006854242377210804,-1900426.9734095947,-0.09422519948018691,-0.31009611687812383,0.10340638216070744,20185908
515,28,ANDHRA PRADESH,POTTI SRIRAMULU NELLORE,-0.19291041906958126,-0.03254133025758938,-0.010396001537870285,0.013840830449827288,-1469204.5590290835,-0.09633751556733504,-0.31009611687812383,0.15378700499807765,15263341
517,28,ANDHRA PRADESH,PRAKASAM,-0.20693579392538894,-0.07535563244906097,-0.06299115724721337,-0.04822760476739776,-2549770.0315437187,-0.12473686213866363,-0.31009611687812383,0.08421376393694734,20457221
519,28,ANDHRA PRADESH,SRIKAKULAM,-0.15378700499807946,-0.03844675124951357,-0.024605920799692954,-0.0045065336102189995,-578560.846569779,-0.08407058233257038,-0.2679584775086506,0.1085121107266436,6895077
520,28,ANDHRA PRADESH,VISAKHAPATNAM,-0.15999999999999434,0.008858131487889066,0.027128027681663867,0.04822760476739522,-815878.2245980958,-0.060015864528375325,-0.2761399461745483,0.15378700499807765,13613577
521,28,ANDHRA PRADESH,VIZIANAGARAM,-0.1417301038062467,-0.03254133025759033,-0.01384083044982736,0.010396001537870198,-552470.3151154531,-0.07630224862666754,-0.28444444444444444,0.14173010380622836,7256513
523,28,ANDHRA PRADESH,WEST GODAVARI,-0.16633602460591132,-0.0026474482858087327,0.015747789311802835,0.032541330257586695,-728766.9554969181,-0.074978363876104,-0.2679584775086506,0.14173010380622836,9731922
628,12,ARUNACHAL PRADESH,ANJAW,-0.1358861976163196,0.11374086889660641,0.135886197616337,0.15378700499806447,83460.54731131386,0.010977544227600356,-0.22145328719723184,0.2599000384467512,7611073
229,12,ARUNACHAL PRADESH,CHANGLANG,-0.05911572472126334,0.13016532103034262,0.1476970396001722,0.16000000000000825,410240.7305121403,0.06600444207137839,-0.17937716262975778,0.2364628988850442,6227191
230,12,ARUNACHAL PRADESH,DIBANG VALLEY,-0.1537870049980797,0.11374086889659438,0.13588619761634904,0.15999999999999165,-3321.0821420154025,-2.7233604074022855E-4,-0.2364628988850442,0.28444444444444444,12207130
231,12,ARUNACHAL PRADESH,EAST KAMENG,-0.11374086889657252,0.15999999999996706,0.17279507881581485,0.1860822760477096,423828.53735553235,0.07636278737467862,-0.28444444444444444,0.2761399461745483,5558425
233,12,ARUNACHAL PRADESH,KURUNG KUMEY,-0.15378700499805398,0.14769703960014963,0.16633602460584138,0.17279507881585104,246699.80958144474,0.04394322485232116,-0.3014225297962323,0.2599000384467512,5621269
234,12,ARUNACHAL PRADESH,LOHIT,-0.09356401384082909,0.12456747404846777,0.14769703960017508,0.16000000000000822,173117.08476483173,0.0449003270681167,-0.186082276047674,0.22145328719723184,3863405
235,12,ARUNACHAL PRADESH,LOWER DIBANG VALLEY,-0.0888273740868918,0.1358861976163422,0.15378700499806786,0.1663360246059185,226569.1771556002,0.0505369051611117,-0.1929104190695886,0.29287197231833906,4491587
237,12,ARUNACHAL PRADESH,PAPUMPARE,-0.006816803643498561,0.15999999999997744,0.17279507881585104,0.1860822760477019,412582.63619204215,0.0953962327767335,-0.11909265667051133,0.2599000384467512,4333778
238,12,ARUNACHAL PRADESH,TAWANG,-0.21413302575927715,0.03693372247389118,0.06698961937716875,0.09356401384082468,-227949.01899102988,-0.07367875405378616,-0.3014225297962323,0.19986159169550174,3100277
239,12,ARUNACHAL PRADESH,TIRAP,-9.063534859647628E-4,0.13588619761633056,0.1537870049980795,0.16633602460592498,114821.34261099287,0.0780536502860707,-0.13588619761630144,0.2599000384467512,1474824
240,12,ARUNACHAL PRADESH,UPPER SIANG,-0.14173010380623088,0.13588619761635176,0.1537870049980338,0.16633602460588356,292706.73301717086,0.03431385417793761,-0.2288965782391388,0.29287197231833906,8540336
241,12,ARUNACHAL PRADESH,UPPER SUBANSIRI,-0.1417301038062141,0.14769703960016237,0.16633602460584784,0.17937716262980025,380397.1340568964,0.04633257685604778,-0.24415224913494812,0.2761399461745483,8220067
242,12,ARUNACHAL PRADESH,WEST KAMENG,-0.14173010380620946,0.13588619761634024,0.15378700499806752,0.17279507881585024,302954.0087828504,0.04909091604254087,-0.2599000384467512,0.2599000384467512,6178998
719,12,ARUNACHAL PRADESH,LOWER SIANG,-0.010396001537870132,0.15378700499807713,0.16633602460592514,0.17937716262975104,209895.1175531296,0.09182355131276955,-0.11909265667051133,0.24415224913494812,2292082
236,12,ARUNACHAL PRADESH,LOWER SUBANSIRI,9.257589533866399E-4,0.14769703960017685,0.16000000000002093,0.17279507881585013,211615.84918258566,0.08656925354803256,-0.1085121107266436,0.2364628988850442,2449933
679,12,ARUNACHAL PRADESH,SIANG,-0.1034063821607069,0.15378700499801673,0.16633602460586644,0.17937716262978967,339010.67235213006,0.07748007748709682,-0.21413302575932336,0.2599000384467512,4383418
243,12,ARUNACHAL PRADESH,WEST SIANG,-0.022206843521722423,0.15378700499802433,0.16633602460589114,0.17937716262978254,148256.57876340652,0.0878972719005767,-0.15378700499807765,0.2519646289888504,1691102
725,12,ARUNACHAL PRADESH,SHI YOMI,-0.13016532103037246,0.10851211072665262,0.13016532103036133,0.1476970396001601,48525.44097312322,0.01458529271616146,-0.21413302575932336,0.2364628988850442,3331997
724,12,ARUNACHAL PRADESH,LEPA RADA,-0.0026503187881521733,0.15999999999999023,0.17279507881585027,0.1793771626297792,89146.67981594894,0.09211442563205999,-0.11374086889657825,0.2364628988850442,970650
723,12,ARUNACHAL PRADESH,PAKKE KESSANG,0.0045011126361240526,0.16000000000000233,0.1727950788158506,0.18608227604770003,231460.8114186163,0.09671068046011415,-0.09356401384083046,0.2519646289888504,2399368
677,12,ARUNACHAL PRADESH,KRA DAADI,-0.038446751249519344,0.15378700499802134,0.1663360246058578,0.17937716262979145,184776.67211925724,0.08307610041853608,-0.16000000000000003,0.2599000384467512,2229870
678,12,ARUNACHAL PRADESH,NAMSAI,-0.041584006151481175,0.07535563244904807,0.09356401384082377,0.11909265667051397,45070.96241412609,0.026665790023670324,-0.12456747404844293,0.22145328719723184,1693784
718,12,ARUNACHAL PRADESH,KAMLE,0.004506340902286854,0.15999999999999934,0.17279507881585132,0.18608227604769784,165187.11362828026,0.0950616803588715,-0.11909265667051133,0.3014225297962323,1742339
232,12,ARUNACHAL PRADESH,EAST SIANG,-0.04484429065743786,0.13016532103036013,0.14769703960016622,0.16633602460592473,94953.92311558376,0.04472774997135963,-0.12456747404844293,0.2519646289888504,2127307
666,12,ARUNACHAL PRADESH,LONGDING,-0.029773164167628437,0.12456747404846892,0.13588619761630646,0.1537870049980857,72274.72970193118,0.06173708395794603,-0.12456747404844293,0.2364628988850442,1174145
616,18,ASSAM,BAKSA,-0.04822760476739621,0.035432525951556666,0.04822760476739667,0.05911572472126404,1772.0077728163967,5.817907055527241E-4,-0.13588619761630144,0.17279507881584008,3055457
280,18,ASSAM,BARPETA,-0.05911572472126451,0.03844675124951803,0.05173394848134735,0.06299115724721122,5704.010251499836,0.0020011934248678215,-0.1085121107266436,0.14769703960015382,2859045
705,18,ASSAM,BISWANATH,-0.06299115724721129,0.027128027681662628,0.041584006151481195,0.05911572472126249,-24725.77269065939,-0.00891052621720131,-0.11909265667051133,0.1929104190695886,2780367
281,18,ASSAM,BONGAIGAON,-0.04484429065743825,0.051733948481347235,0.06299115724721119,0.07535563244905623,17779.632063563797,0.012777055769641232,-0.11909265667051133,0.15378700499807765,1397646
282,18,ASSAM,CACHAR,-0.08421376393696259,0.0984236831987611,0.11909265667052335,0.14173010380622011,92985.99273273343,0.019990153993628853,-0.14173010380622836,0.22145328719723184,4659875
708,18,ASSAM,CHARAIDEO,-0.06299115724721124,0.044844290657440465,0.0669896193771605,0.09842368319877201,-4262.402934130276,-0.0033594782141620756,-0.1085121107266436,0.1929104190695886,1273387
612,18,ASSAM,CHIRANG,-0.038446751249521155,0.041584006151476824,0.05173394848134816,0.06698961937716448,20226.266167662227,0.008469436565239444,-0.09842368319876971,0.16633602460592078,2393821
283,18,ASSAM,DARRANG,-0.04822760476739409,0.04822760476739039,0.06299115724721117,0.07535563244905345,16451.59875174005,0.008337102423212275,-0.12456747404844293,0.16000000000000003,1980527
284,18,ASSAM,DHEMAJI,-0.06698961937716302,0.04158400615148122,0.05911572472126374,0.09356401384082819,-15690.198628508408,-0.005029200626752741,-0.13588619761630144,0.22145328719723184,3127982
285,18,ASSAM,DHUBRI,-0.05173394848135379,0.03844675124951524,0.05173394848134893,0.06299115724721124,10255.789327243747,0.00497201036193498,-0.11909265667051133,0.14769703960015382,2073149
286,18,ASSAM,DIBRUGARH,-0.06698961937717118,0.04158400615147881,0.0591157247212569,0.07972318339100996,-29483.502059895254,-0.006944517445139272,-0.11909265667051133,0.186082276047674,4254504
299,18,ASSAM,DIMA HASAO,-0.032541330257592295,0.11374086889658999,0.13016532103034406,0.15378700499805772,319356.1523966629,0.05294816023741943,-0.14769703960015382,0.24415224913494812,6041285
287,18,ASSAM,GOALPARA,-0.055363321799309494,0.03543252595155797,0.04822760476739577,0.06299115724721137,-3093.4678464225917,-0.0012739513467349443,-0.1085121107266436,0.14769703960015382,2434900
288,18,ASSAM,GOLAGHAT,-0.0797231833910178,0.022206843521721704,0.0354325259515572,0.048227604767396355,-71648.20468355283,-0.017828222379855957,-0.13588619761630144,0.15378700499807765,4029611
289,18,ASSAM,HAILAKANDI,-0.08421376393695396,0.0711111111111186,0.08882737408688852,0.10851211072664742,9439.066215220888,0.005789984026057489,-0.14769703960015382,0.17937716262975778,1635070
709,18,ASSAM,HOJAI,-0.08882737408688834,0.02712802768166241,0.04822760476739326,0.07111111111111569,-46881.813883603354,-0.025946494038201644,-0.15378700499807765,0.17279507881584008,1811736
290,18,ASSAM,JORHAT,-0.06698961937717375,0.04822760476739888,0.06698961937716462,0.09356401384082498,-8694.224608029608,-0.0037319919736925815,-0.12456747404844293,0.19986159169550174,2335717
618,18,ASSAM,KAMRUP METRO,-0.04484429065743809,0.07972318339101606,0.09356401384082282,0.10851211072663969,33763.11309674937,0.02794798786555742,-0.11909265667051133,0.17279507881584008,1212134
291,18,ASSAM,KAMRUP RURAL,-0.059115724721265,0.05173394848134826,0.07111111111111601,0.09356401384082434,15453.506771506676,0.003981469868395383,-0.11909265667051133,0.2288965782391388,3891403
292,18,ASSAM,KARBI ANGLONG,-0.055363321799315815,0.10851211072665888,0.12456747404847886,0.14173010380622517,324380.6953440007,0.0356253928493938,-0.13588619761630144,0.22145328719723184,9120022
293,18,ASSAM,KARIMGANJ,-0.071111111111117,0.05911572472124976,0.07111111111111768,0.08882737408688578,10090.654776210004,0.00453573597497857,-0.13588619761630144,0.1929104190695886,2229526
294,18,ASSAM,KOKRAJHAR,-0.04822760476739966,0.03543252595155327,0.04484429065744786,0.05911572472126451,5489.239913578905,0.0014179313381250784,-0.13588619761630144,0.15378700499807765,3879174
295,18,ASSAM,LAKHIMPUR,-0.05536332179930525,0.03844675124952183,0.05536332179930752,0.07535563244905766,-8544.148853993014,-0.002274562070930782,-0.12456747404844293,0.2069357939254133,3763908
706,18,ASSAM,MAJULI,-0.06299115724721129,0.035432525951556805,0.048227604767396424,0.06299115724721137,-6428.964169253995,-0.004044687973032815,-0.11374086889657825,0.14173010380622836,1595085
296,18,ASSAM,MARIGAON,-0.05536332179930673,0.05173394848134679,0.0711111111111167,0.08882737408688307,10057.89759172749,0.005348915721769168,-0.13588619761630144,0.16633602460592078,1884753
297,18,ASSAM,NAGAON,-0.05911572472126117,0.032541330257592226,0.04822760476739368,0.07111111111111165,-18301.673671816578,-0.005701167358548929,-0.11909265667051133,0.16633602460592078,3221993
298,18,ASSAM,NALBARI,-0.0553633217993085,0.035432525951557485,0.044844290657439424,0.0591157247212627,-5047.225336620382,-0.003876929347210105,-0.11374086889657825,0.14769703960015382,1306375
300,18,ASSAM,SIBSAGAR,-0.06698961937716764,0.035432525951558096,0.05173394848135003,0.07111111111111103,-20819.485052358534,-0.010202539197624661,-0.11374086889657825,0.17279507881584008,2046198
301,18,ASSAM,SONITPUR,-0.059115724721260435,0.0354325259515579,0.05173394848135012,0.07111111111111308,-25379.433874764454,-0.006758580734418305,-0.11374086889657825,0.186082276047674,3761187
707,18,ASSAM,SOUTH SALMARA MANCACHAR,-0.06299115724721141,0.04484429065743767,0.05536332179930862,0.07111111111110943,2616.7755991286376,0.0037632746929914802,-0.09842368319876971,0.16633602460592078,699403
302,18,ASSAM,TINSUKIA,-0.048227604767396286,0.0629911572472264,0.07972318339101503,0.09842368319877003,94548.76275613307,0.019710551170021903,-0.11374086889657825,0.19986159169550174,4805197
617,18,ASSAM,UDALGURI,-0.06299115724721116,0.019930795847753053,0.032541330257593364,0.044844290657438245,-37104.48788018936,-0.014746146625589495,-0.1085121107266436,0.16633602460592078,2524545
710,18,ASSAM,WEST KARBI ANGLONG,-0.05536332179930235,0.09842368319874305,0.11374086889660857,0.1301653210303687,133320.96273736522,0.03498983904024347,-0.12456747404844293,0.21413302575932336,3818912
188,10,BIHAR,ARARIA,-0.02220684352172131,0.0629911572472318,0.07111111111111913,0.08421376393694596,103264.88731570575,0.029766339517927703,-0.11374086889657825,0.14769703960015382,3476505
611,10,BIHAR,ARWAL,-0.07111111111111315,0.01993079584775247,0.029773164167626744,0.03844675124951964,-10592.653096133477,-0.01346843966876709,-0.14769703960015382,0.11909265667051133,790200
189,10,BIHAR,AURANGABAD,-0.07111111111111494,0.02977316416763144,0.03844675124951383,0.05173394848134923,-41821.50682320807,-0.010290583930336494,-0.15378700499807765,0.17279507881584008,4071463
190,10,BIHAR,BANKA,-0.09356401384083032,0.004482104940698971,0.015747789311802797,0.027128027681660328,-124650.52816528082,-0.03349629020669229,-0.17937716262975778,0.11374086889657825,3727975
191,10,BIHAR,BEGUSARAI,-0.041584006151481064,0.09842368319875268,0.11374086889659361,0.12456747404845181,109284.02814667215,0.045955173193262554,-0.12456747404844293,0.186082276047674,2385201
200,10,BIHAR,KAIMUR,-0.0888273740868817,0.041584006151457055,0.05536332179930087,0.06698961937717153,-36609.69870319334,-0.008824550734019597,-0.16633602460592078,0.16633602460592078,4155971
192,10,BIHAR,BHAGALPUR,-0.051733948481350725,0.08421376393696607,0.0984236831987642,0.1085121107266497,71028.49507886315,0.02251684726363524,-0.16633602460592078,0.17279507881584008,3161985
193,10,BIHAR,BHOJPUR,-0.0797231833910143,0.06299115724721396,0.07972318339101367,0.10340638216071307,25999.69722002306,0.008803460026750892,-0.15378700499807765,0.186082276047674,2959033
194,10,BIHAR,BUXAR,-0.041584006151481084,0.06698961937717142,0.08421376393695285,0.10340638216071048,51531.820693552145,0.02451287074455948,-0.11909265667051133,0.186082276047674,2107650
195,10,BIHAR,DARBHANGA,-0.024605920799692153,0.07972318339101513,0.09842368319876607,0.11374086889658182,119620.8705957059,0.03825411655548602,-0.11909265667051133,0.17279507881584008,3135810
196,10,BIHAR,GAYA,-0.07111111111111444,0.04158400615146132,0.05173394848134578,0.06299115724721119,22899.880152580736,0.003752311694357751,-0.1929104190695886,0.15378700499807765,6114662
197,10,BIHAR,GOPALGANJ,-0.03543252595155722,0.09356401384086997,0.1085121107266629,0.11909265667052707,114479.32915758913,0.045128658094795195,-0.14769703960015382,0.17937716262975778,2543564
199,10,BIHAR,JAHANABAD,-0.04484429065743791,0.03844675124952202,0.04822760476739425,0.05911572472126301,7196.773630895318,0.006228732886532204,-0.11909265667051133,0.13588619761630144,1159636
198,10,BIHAR,JAMUI,-0.08882737408688615,0.010396001537870311,0.022206843521721604,0.035432525951559456,-108993.79770564656,-0.02859657816307628,-0.17937716262975778,0.13016532103037293,3819342
201,10,BIHAR,KATIHAR,-0.03543252595155938,0.0842137639369695,0.09356401384083685,0.10851211072664886,153642.20602937273,0.04081088840048838,-0.1085121107266436,0.17937716262975778,3773694
202,10,BIHAR,KHAGARIA,-0.041584006151480994,0.0935640138408531,0.1034063821607276,0.1190926566705112,87064.15594508595,0.047181425821380914,-0.11909265667051133,0.186082276047674,1851170
203,10,BIHAR,KISHANGANJ,-0.03543252595155954,0.041584006151472626,0.05173394848134706,0.06299115724721123,21312.653318075198,0.008876568685143756,-0.11374086889657825,0.14173010380622836,2408235
204,10,BIHAR,LAKHISARAI,-0.07111111111111627,0.055363321799308335,0.07972318339100716,0.10340638216070419,3040.0430116343978,0.0020199993995505708,-0.14769703960015382,0.15378700499807765,1509373
205,10,BIHAR,MADHEPURA,-0.015747789311802905,0.07111111111111944,0.07972318339101273,0.08421376393695106,94939.13757116663,0.04237155601334768,-0.09842368319876971,0.14769703960015382,2247230
206,10,BIHAR,MADHUBANI,-0.02712802768166131,0.059115724721254315,0.06698961937717335,0.08421376393694607,113350.78642601107,0.02598771787902127,-0.11374086889657825,0.16000000000000003,4370352
207,10,BIHAR,MUNGER,-0.07972318339101044,0.06299115724721117,0.08421376393696171,0.10340638216071944,-1436.7940929145468,-8.251681800090788E-4,-0.16000000000000003,0.17279507881584008,1746408
208,10,BIHAR,MUZAFFARPUR,-0.015747789311802846,0.08882737408687406,0.10340638216072552,0.11909265667051876,199978.55546920947,0.050617872212929876,-0.11909265667051133,0.19986159169550174,3958875
209,10,BIHAR,NALANDA,-0.044844290657438064,0.05173394848134476,0.06299115724721113,0.07535563244905266,58767.446817222655,0.020113275473686642,-0.16633602460592078,0.16000000000000003,2929383
210,10,BIHAR,NAWADA,-0.06698961937716569,0.04158400615146783,0.05173394848134605,0.06698961937716502,10519.574283338176,0.003433605690004463,-0.17279507881584008,0.14769703960015382,3071041
211,10,BIHAR,PASHCHIMI CHAMPARAN,-0.0591157247212637,0.05173394848134431,0.06698961937717443,0.08421376393695743,46735.4529058779,0.007134282139607276,-0.16000000000000003,0.17937716262975778,6560379
212,10,BIHAR,PATNA,-0.0517339484813507,0.05536332179930253,0.07111111111111688,0.09356401384082583,58399.14005011346,0.014791632647483864,-0.13588619761630144,0.19986159169550174,3959090
213,10,BIHAR,PURBI CHAMPARAN,-0.03254133025759202,0.07111111111108726,0.08421376393696559,0.09356401384083306,176579.68278282508,0.0356176771700886,-0.14769703960015382,0.16633602460592078,4966698
214,10,BIHAR,PURNIA,-0.02220684352172242,0.0711111111111205,0.07972318339101729,0.08882737408688864,154846.1863504864,0.03869008417378106,-0.11909265667051133,0.14769703960015382,4010639
215,10,BIHAR,ROHTAS,-0.08882737408688526,0.03844675124951105,0.0517339484813464,0.0669896193771688,-46211.0652920246,-0.009757599362394391,-0.17937716262975778,0.14769703960015382,4743839
216,10,BIHAR,SAHARSA,-0.0448442906574381,0.07111111111111988,0.08421376393695815,0.09842368319876402,71020.79214881897,0.034350230770237036,-0.12456747404844293,0.17279507881584008,2073256
217,10,BIHAR,SAMASTIPUR,-0.02220684352172242,0.0797231833910182,0.09356401384083549,0.1137408688965789,142166.30354009123,0.04292142466892725,-0.11374086889657825,0.17937716262975778,3321029
218,10,BIHAR,SARAN,-0.041584006151480925,0.09356401384086116,0.10851211072665237,0.12456747404844211,160011.35357466212,0.048842349796605754,-0.13016532103037293,0.1929104190695886,3282541
219,10,BIHAR,SHEIKHPURA,-0.051733948481352834,0.041584006151481286,0.048227604767397514,0.05911572472126401,6811.785285836073,0.008143927528735646,-0.15378700499807765,0.11909265667051133,840498
220,10,BIHAR,SHEOHAR,-0.007443291041906927,0.09356401384084093,0.10340638216072041,0.10851211072664348,33680.6535262675,0.060830536373550494,-0.08882737408688965,0.15378700499807765,556991
221,10,BIHAR,SITAMARHI,-0.008858131487889397,0.084213763936967,0.09356401384084924,0.10851211072665802,130563.66389450777,0.04779128125633558,-0.08421376393694734,0.17937716262975778,2739355
222,10,BIHAR,SIWAN,-0.02220684352172242,0.09356401384085886,0.10340638216073257,0.11909265667051801,138099.5062741084,0.05002750766266192,-0.12456747404844293,0.17937716262975778,2766570
223,10,BIHAR,SUPAUL,-0.0553633217993097,0.07535563244906551,0.08421376393696618,0.09356401384082232,113878.19985224021,0.037807243390060766,-0.14173010380622836,0.17279507881584008,3018897
224,10,BIHAR,VAISHALI,-0.041584006151481126,0.07972318339099942,0.09356401384086442,0.10851211072666153,99312.93064268932,0.03933863459768627,-0.14173010380622836,0.17937716262975778,2529599
044,04,CHANDIGARH,CHANDIGARH,-0.013840830449826985,0.13588619761630302,0.14769703960015446,0.15999999999999764,10337.12785386869,0.06949625544080541,-0.08421376393694734,0.21413302575932336,150026
646,22,CHHATTISGARH,BALOD,-0.12456747404846719,-0.017777777777779644,-0.00885813148788984,0.0026284621822565764,-250666.2491889615,-0.06230933651787463,-0.24415224913494812,0.08882737408688965,4030747
644,22,CHHATTISGARH,BALODA BAZAR,-0.13588619761630838,-0.015747789311802797,-0.0026476343653380964,0.010396001537870275,-383852.0693182567,-0.06848952473607423,-0.2069357939254133,0.11909265667051133,5614038
649,22,CHHATTISGARH,BALRAMPUR,-0.0842137639369537,0.013840830449825403,0.022206843521722038,0.03543252595155964,-162824.25072316505,-0.0213185360611594,-0.1929104190695886,0.12456747404844293,7650578
374,22,CHHATTISGARH,BASTAR,-0.13016532103036715,8.968928376404817E-4,0.013840830449825894,0.027128027681661854,-339409.81002369215,-0.05318132810675671,-0.21413302575932336,0.10340638216070744,6393305
650,22,CHHATTISGARH,BEMETARA,-0.09356401384085263,0.032541330257586695,0.04484429065744933,0.05911572472126193,-47000.29524130382,-0.01747218864753954,-0.16633602460592078,0.14173010380622836,2697016
636,22,CHHATTISGARH,BIJAPUR,-0.11909265667052721,8.962305917194247E-4,0.0157477893118028,0.029773164167630047,-445779.4370577672,-0.04083317777631532,-0.2288965782391388,0.11374086889657825,10931393
375,22,CHHATTISGARH,BILASPUR,-0.11909265667051915,-0.0044919810316419355,0.008858131487889834,0.022206843521721094,-235889.93573751138,-0.05520048231086051,-0.186082276047674,0.13016532103037293,4282196
734,22,CHHATTISGARH,GAURELA-PENDRA-MARWAHI,-0.08421376393694573,0.012056901191850272,0.02220684352172283,0.032541330257593135,-63922.315253575885,-0.02646921592365965,-0.17279507881584008,0.12456747404844293,2420209
376,22,CHHATTISGARH,DAKSHIN BASTAR DANTEWADA,-0.10340638216071692,9.00320630701981E-4,0.017777777777778867,0.0354325259515593,-142450.7795553718,-0.042808008437840786,-0.2288965782391388,0.14173010380622836,3336766
377,22,CHHATTISGARH,DHAMTARI,-0.12456747404846394,-0.004503945809452686,0.002636240510375451,0.012056901191848761,-244404.0827678114,-0.05013920819874165,-0.186082276047674,0.09842368319876971,4882863
378,22,CHHATTISGARH,DURG,-0.1245674740484602,-0.01039600153787031,0.004483075805116998,0.019930795847751478,-163328.62042874243,-0.059354238559211375,-0.19986159169550174,0.12456747404844293,2758101
645,22,CHHATTISGARH,GARIYABAND,-0.11374086889658327,-0.013840830449825465,-0.004508597977229228,0.00446060492354963,-300930.68225081696,-0.05211745069198758,-0.1929104190695886,0.09842368319876971,5784384
379,22,CHHATTISGARH,JANJGIR - CHAMPA,-0.1358861976163282,-0.0246059207996925,-0.00885813148788959,0.006805371356238168,-384876.12055696524,-0.07123404217538472,-0.22145328719723184,0.1085121107266436,5413703
380,22,CHHATTISGARH,JASHPUR,-0.09356401384082322,-9.321088750360392E-4,0.010396001537870304,0.02220684352172081,-264667.4305676354,-0.037357138146038006,-0.186082276047674,0.11374086889657825,7094864
382,22,CHHATTISGARH,KABIRDHAM,-0.09842368319876235,0.015747789311803418,0.02712802768166423,0.03844675124952139,-145901.74142747844,-0.028861874164746074,-0.19986159169550174,0.13016532103037293,5063228
381,22,CHHATTISGARH,UTTAR BASTAR KANKER,-0.10340638216072642,-0.002651747539490282,0.010396001537870302,0.02712802768166204,-366710.9092784407,-0.04287295327161859,-0.2069357939254133,0.1085121107266436,8566278
643,22,CHHATTISGARH,KONDAGAON,-0.10340638216071776,-0.004504332760306915,0.004470156221943612,0.013840830449827519,-245883.07390731436,-0.04080535283385089,-0.1929104190695886,0.11374086889657825,6035251
383,22,CHHATTISGARH,KORBA,-0.0935640138408495,0.01205690119184822,0.02220684352172005,0.03254133025759249,-229598.72468095474,-0.028790433565396227,-0.17937716262975778,0.14173010380622836,7984432
384,22,CHHATTISGARH,KOREA,-0.08421376393695414,0.012056901191847219,0.019930795847754233,0.0297731641676301,-180045.39402875223,-0.02240982888746053,-0.16000000000000003,0.13016532103037293,8044955
385,22,CHHATTISGARH,MAHASAMUND,-0.11909265667052543,-0.029773164167631656,-0.01993079584775297,-0.008858131487889468,-380081.05572087254,-0.0667842062479111,-0.19986159169550174,0.13016532103037293,5701522
647,22,CHHATTISGARH,MUNGELI,-0.10340638216071867,0.029773164167632867,0.04158400615147607,0.051733948481346756,-76197.68342704451,-0.02275081474348894,-0.17279507881584008,0.11909265667051133,3357558
637,22,CHHATTISGARH,NARAINPUR,-0.09356401384082465,0.02977316416763189,0.04158400615147595,0.051733948481348116,-69625.65599316427,-0.015058338693951937,-0.21413302575932336,0.13588619761630144,4632332
386,22,CHHATTISGARH,RAIGARH,-0.1137408688965937,8.993000875414948E-4,0.012056901191850447,0.022206843521720615,-354185.55737514154,-0.0417222685059127,-0.19986159169550174,0.11374086889657825,8502955
387,22,CHHATTISGARH,RAIPUR,-0.1417301038062648,-0.032541330257591185,-0.015747789311802814,-9.382995333103505E-4,-287865.19947058987,-0.0827102652000553,-0.2069357939254133,0.11909265667051133,3486230
388,22,CHHATTISGARH,RAJ NANDGAON,-0.10851211072665662,-9.342248619289634E-4,0.013840830449826565,0.02977316416762935,-425570.6606230819,-0.04407186541999978,-0.24415224913494812,0.11909265667051133,9670842
642,22,CHHATTISGARH,SUKMA,-0.11374086889659282,-0.01574778931180278,-0.004510252743041493,0.008858131487889331,-342678.96756860573,-0.0531635923938463,-0.22145328719723184,0.1085121107266436,6458280
648,22,CHHATTISGARH,SURAJPUR,-0.07535563244904944,0.013840830449825637,0.022206843521721267,0.032541330257592344,-136797.6265725545,-0.02061761683934204,-0.15378700499807765,0.13016532103037293,6646511
389,22,CHHATTISGARH,SURGUJA,-0.1034063821607245,0.002637228592413232,0.012056901191848626,0.024605920799693055,-184803.35829191422,-0.03806210318788707,-0.186082276047674,0.11909265667051133,4864080
463,38,DADRA & NAGAR HAVELI & DAMAN & DIU,DAMAN,-0.2214532871972328,-0.09842368319877144,-0.07972318339100329,-0.0553633217993081,-12326.922012434616,-0.14473669766951372,-0.2761399461745483,0.03543252595155709,86148
464,38,DADRA & NAGAR HAVELI & DAMAN & DIU,DIU,-0.2441522491349487,-0.11909265667051216,-0.10851211072664324,-0.09356401384083034,-7965.261262108148,-0.17250191975369164,-0.29287197231833906,0.002214532871972318,47012
465,38,DADRA & NAGAR HAVELI & DAMAN & DIU,DADRA & NAGAR HAVELI,-0.22889657823913917,-0.11374086889657373,-0.09356401384082885,-0.07111111111111024,-93575.24707727385,-0.1604456356434959,-0.29287197231833906,0.044844290657439445,587628
077,07,DELHI,CENTRAL,-0.0415840061514804,0.10340638216070382,0.11909265667051533,0.13588619761630344,6158.3597468820835,0.04550319356087929,-0.1085121107266436,0.1929104190695886,137139
078,07,DELHI,EAST,-0.027128027681660883,0.12456747404844325,0.13588619761630133,0.14173010380622628,2866.9635064644767,0.07164705143602595,-0.12456747404844293,0.17937716262975778,40526
079,07,DELHI,NEW DELHI,-0.03844675124951964,0.09842368319876514,0.11374086889657616,0.1301653210303748,7863.865885424335,0.03954208940008958,-0.14173010380622836,0.1929104190695886,200534
080,07,DELHI,NORTH,-0.044844290657439494,0.08882737408688118,0.11374086889657527,0.13588619761630616,13281.20260303909,0.035780443001888276,-0.13016532103037293,0.19986159169550174,373407
081,07,DELHI,NORTH EAST,-0.041584006151480286,0.1137408688965799,0.13016532103037426,0.14173010380622716,2524.119624579129,0.056280025216271325,-0.1085121107266436,0.17937716262975778,45774
082,07,DELHI,NORTH WEST,-0.05173394848135294,0.1137408688965748,0.13016532103037032,0.1476970396001586,10001.019593847248,0.05120116830421189,-0.14769703960015382,0.19986159169550174,197251
671,07,DELHI,SHAHADRA,8.874728160737227E-4,0.11909265667051376,0.13588619761630127,0.14769703960015346,3321.285561903015,0.07587013243425103,-0.1085121107266436,0.186082276047674,44424
083,07,DELHI,SOUTH,-0.059115724721262246,0.08882737408688883,0.10340638216070802,0.11909265667051153,4750.626421029434,0.02349766867646683,-0.1085121107266436,0.186082276047674,203572
084,07,DELHI,SOUTH WEST,-0.048227604767397486,0.07972318339100491,0.0984236831987721,0.11374086889658047,10942.83177046135,0.03041431239148711,-0.14769703960015382,0.1929104190695886,362148
085,07,DELHI,WEST,-0.048227604767397465,0.10340638216070355,0.11909265667051527,0.13016532103037495,8786.131602229336,0.052566489034212176,-0.14173010380622836,0.186082276047674,168657
670,07,DELHI,SOUTH EAST,-0.04484429065743934,0.1137408688965781,0.13016532103037423,0.14173010380622672,6663.7454826272815,0.05170777237590138,-0.13588619761630144,0.19986159169550174,130060
551,30,GOA,NORTH GOA,-0.20693579392539635,-0.015747789311802825,0.01574778931180285,0.044844290657438654,-195370.12141519738,-0.09663306241047141,-0.31009611687812383,0.16633602460592078,2026943
552,30,GOA,SOUTH GOA,-0.19291041906957657,0.006819818285088211,0.03254133025759154,0.05911572472126359,-169389.55720699547,-0.07486028388319065,-0.3014225297962323,0.16633602460592078,2268792
673,24,GUJARAT,MORBI,-0.2599000384467795,-0.10340638216073574,-0.08421376393695822,-0.06698961937716509,-1025035.5363719648,-0.1698720265044615,-0.34602076124567477,0.07535563244905807,6044416
438,24,GUJARAT,AHMADABAD,-0.22145328719727284,-0.03844675124951454,-0.01384083044982642,0.010396001537870278,-1017964.4381863642,-0.1160995456068136,-0.29287197231833906,0.09842368319876971,8784863
440,24,GUJARAT,ANAND,-0.19291041906955222,-0.04484429065745066,-0.032541330257594266,-0.017777777777777753,-378608.57827124244,-0.09873628564569789,-0.29287197231833906,0.08882737408688965,3842291
674,24,GUJARAT,DEVBHUMI DWARKA,-0.2761399461745254,-0.15378700499807196,-0.13588619761630333,-0.10340638216070483,-1039327.3823645632,-0.2073642027064968,-0.36472126105344094,0.03254133025759323,5023982
447,24,GUJARAT,JAMNAGAR,-0.27613994617453264,-0.13016532103034942,-0.10851211072664856,-0.08421376393694785,-1378410.1768695393,-0.1930580522547673,-0.3553094963475586,0.044844290657439445,7153837
449,24,GUJARAT,KACHCHH,-0.2599000384468697,-0.06698961937713452,-0.05536332179930941,-0.04158400615145997,-7560115.9663523035,-0.15244417638525343,-0.37425605536332185,0.07535563244905807,49630741
443,24,GUJARAT,BHAVNAGAR,-0.2519646289888773,-0.11909265667053115,-0.09842368319876754,-0.07535563244905304,-1398196.6878557557,-0.17218330664079595,-0.33685505574778934,0.041584006151480196,8129986
442,24,GUJARAT,BHARUCH,-0.22145328719724383,-0.10340638216073646,-0.08882737408688471,-0.07111111111111429,-903579.5456729846,-0.15244537360886387,-0.3188927335640138,0.07111111111111111,5942322
459,24,GUJARAT,SURAT,-0.20693579392538947,-0.08882737408687165,-0.07111111111111804,-0.05173394848135102,-699863.752927839,-0.13477896555741248,-0.3014225297962323,0.08421376393694734,5202601
453,24,GUJARAT,NAVSARI,-0.22145328719722046,-0.11374086889658896,-0.09842368319877315,-0.07972318339100357,-407663.345767196,-0.154776303681629,-0.3014225297962323,0.07111111111111111,2640202
462,24,GUJARAT,VALSAD,-0.23646289888500965,-0.11909265667053212,-0.10340638216072176,-0.08421376393694807,-573848.1514923145,-0.1632820727775373,-0.3278123798539023,0.044844290657439445,3524114
672,24,GUJARAT,ARAVALLI,-0.1663360246059248,-0.012056901191849335,0.0044859845308706054,0.019930795847751134,-268153.1984713465,-0.06992726790859798,-0.2599000384467512,0.11909265667051133,3843076
441,24,GUJARAT,BANAS KANTHA,-0.19291041906956857,-0.06698961937717558,-0.051733948481346846,-0.035432525951558984,-1515622.5226980571,-0.11499424573391893,-0.28444444444444444,0.1085121107266436,13197838
668,24,GUJARAT,CHHOTA UDEPUR,-0.20693579392538405,-0.055363321799306135,-0.03844675124952153,-0.024605920799691223,-455114.16018989007,-0.10915088557529493,-0.29287197231833906,0.08882737408688965,4179280
445,24,GUJARAT,DAHOD,-0.19986159169548542,-0.012056901191848894,0.006816877516768289,0.024605920799691774,-331375.55757715733,-0.07509516744800819,-0.3014225297962323,0.1085121107266436,4420485
444,24,GUJARAT,DANGS,-0.1998615916954879,-0.07535563244904207,-0.06299115724721112,-0.044844290657438064,-259516.63377938984,-0.12300107805352917,-0.28444444444444444,0.04822760476739715,2115144
675,24,GUJARAT,GIR SOMNATH,-0.2519646289888448,-0.11374086889659732,-0.09356401384082422,-0.07535563244905343,-535118.5888485188,-0.1692692172765289,-0.34602076124567477,0.041584006151480196,3168667
448,24,GUJARAT,JUNAGADH,-0.2599000384467632,-0.10851211072666318,-0.0935640138408409,-0.07111111111111568,-1274281.8023982598,-0.17296223386741974,-0.36472126105344094,0.03844675124951941,7380122
669,24,GUJARAT,MAHISAGAR,-0.16000000000000256,-0.024605920799691955,-0.012056901191848433,0.004483617559304776,-227426.62804029536,-0.07457232531845394,-0.2364628988850442,0.07972318339100345,3057162
452,24,GUJARAT,NARMADA,-0.21413302575929338,-0.0842137639369614,-0.059115724721265,-0.03844675124952142,-458179.28666590416,-0.13525290803576698,-0.29287197231833906,0.04822760476739715,3395262
454,24,GUJARAT,PANCH MAHALS,-0.16633602460592464,-0.04158400615146996,-0.029773164167630508,-0.013840830449827281,-341498.48836464976,-0.085933488172534,-0.29287197231833906,0.09356401384083046,3982812
458,24,GUJARAT,SABAR KANTHA,-0.17279507881584916,-0.012056901191849958,0.006823415887720213,0.027128027681661056,-385001.635199958,-0.07437786344541769,-0.28444444444444444,0.11374086889657825,5187838
641,24,GUJARAT,TAPI,-0.19986159169548443,-0.051733948481346735,-0.038446751249518886,-0.02712802768166182,-472268.12545360124,-0.12556774882251628,-0.29287197231833906,0.05173394848135333,3771978
461,24,GUJARAT,VADODARA,-0.18608227604769945,-0.05911572472125844,-0.04158400615148063,-0.019930795847751683,-553461.8839983307,-0.11209979473407271,-0.3014225297962323,0.11909265667051133,4946678
439,24,GUJARAT,AMRELI,-0.25196462898889427,-0.11374086889658745,-0.09356401384083662,-0.07111111111111554,-1479387.0712595216,-0.16859601310291994,-0.34602076124567477,0.05911572472126105,8788427
456,24,GUJARAT,PORBANDAR,-0.27613994617452003,-0.13016532103036865,-0.10340638216070935,-0.07972318339100436,-542565.1150210598,-0.19516387588186945,-0.3553094963475586,0.019930795847750864,2788240
457,24,GUJARAT,RAJKOT,-0.25196462898885025,-0.09842368319875487,-0.0753556324490482,-0.048227604767395335,-1535245.8731640493,-0.16577622528776087,-0.36472126105344094,0.06698961937716265,9279397
460,24,GUJARAT,SURENDRANAGAR,-0.2519646289889324,-0.10340638216073703,-0.08882737408688067,-0.07111111111111605,-1774639.9701435517,-0.1597637371177908,-0.33685505574778934,0.07111111111111111,11127032
676,24,GUJARAT,BOTAD,-0.2364628988850238,-0.11374086889660262,-0.09356401384082239,-0.07111111111111267,-489097.1453201192,-0.16368491006258368,-0.3278123798539023,0.03844675124951941,2995174
450,24,GUJARAT,KHEDA,-0.16000000000000167,-0.04158400615147749,-0.02977316416762896,-0.015747789311802856,-363644.93745453446,-0.08722853613189009,-0.2599000384467512,0.09842368319876971,4177913
451,24,GUJARAT,MAHESANA,-0.16633602460592498,-0.05911572472125882,-0.04822760476739663,-0.03543252595155886,-544980.6201747677,-0.10126635859862711,-0.2761399461745483,0.06698961937716265,5393193
446,24,GUJARAT,GANDHINAGAR,-0.16633602460592514,-0.059115724721252365,-0.04484429065744006,-0.02977316416762789,-261542.27128758846,-0.10236336058590437,-0.2761399461745483,0.08882737408688965,2563098
455,24,GUJARAT,PATAN,-0.2288965782391183,-0.07111111111109587,-0.05911572472125326,-0.04484429065744551,-930621.5096178326,-0.13189377817908599,-0.3278123798539023,0.0629911572472126,7069966
058,06,HARYANA,AMBALA,-0.04158400615148106,0.0797231833910169,0.08882737408688106,0.09842368319877176,76418.86840911038,0.039077927504377045,-0.13016532103037293,0.19986159169550174,1963507
059,06,HARYANA,BHIWANI,-0.0384467512495202,0.0669896193771749,0.07535563244905019,0.08882737408688332,113898.82802836908,0.027202316594859527,-0.16633602460592078,0.17279507881584008,4194676
060,06,HARYANA,FARIDABAD,-0.05536332179930707,0.07972318339101689,0.093564013840822,0.10340638216071117,28196.03922641951,0.02992883384924417,-0.15378700499807765,0.17279507881584008,945230
061,06,HARYANA,FATEHABAD,-0.03254133025759238,0.07111111111112023,0.07972318339101692,0.08882737408688772,123503.75014266065,0.03811781800825652,-0.14173010380622836,0.17279507881584008,3246738
062,06,HARYANA,GURUGRAM,-0.07111111111111525,0.07535563244904502,0.08882737408688433,0.10851211072663815,30564.89454103214,0.019296421624148602,-0.16633602460592078,0.1929104190695886,1589083
063,06,HARYANA,HISAR,-0.041584006151481175,0.07111111111109164,0.07972318339099745,0.09356401384083987,163582.13455495244,0.031424901158606196,-0.14173010380622836,0.186082276047674,5213950
064,06,HARYANA,JHAJJAR,-0.04822760476739429,0.07535563244906382,0.08421376393695827,0.09842368319876434,74933.58358978039,0.031734180207171885,-0.17279507881584008,0.1929104190695886,2367667
065,06,HARYANA,JIND,-0.024605920799692135,0.07535563244905567,0.08421376393696167,0.0935640138408271,149574.83370319044,0.04278919041624005,-0.14769703960015382,0.1929104190695886,3503951
066,06,HARYANA,KAITHAL,-0.008858131487889108,0.07972318339095019,0.08882737408685931,0.09842368319877251,152897.46528429168,0.05232032557201888,-0.13016532103037293,0.186082276047674,2929802
067,06,HARYANA,KARNAL,-0.03844675124951973,0.07972318339097095,0.0888273740868832,0.09356401384084119,143335.234994332,0.04508047610926882,-0.12456747404844293,0.17937716262975778,3186602
068,06,HARYANA,KURUKSHETRA,-0.05536332179930688,0.07972318339096447,0.0888273740868634,0.09842368319877336,88177.18094780836,0.040847010263713075,-0.14769703960015382,0.17937716262975778,2164099
069,06,HARYANA,MAHENDRAGARH,-0.08882737408688345,0.04822760476739586,0.059115724721261,0.07111111111111537,23197.323086689,0.009478446382819788,-0.17937716262975778,0.13588619761630144,2455293
604,06,HARYANA,MEWAT,-0.10851211072664373,0.07972318339101574,0.09356401384083982,0.10851211072665407,31376.50360939347,0.016397774202360858,-0.1929104190695886,0.2069357939254133,1920287
619,06,HARYANA,PALWAL,-0.03254133025759293,0.09842368319876366,0.11374086889657269,0.12456747404844057,87215.31652461053,0.05075335346166247,-0.14173010380622836,0.17937716262975778,1723336
070,06,HARYANA,PANCHKULA,-0.08421376393694846,0.06299115724721113,0.07535563244905194,0.0984236831987717,9603.657682183988,0.008413147406198909,-0.17937716262975778,0.22145328719723184,1145979
071,06,HARYANA,PANIPAT,-0.04822760476739596,0.06698961937717264,0.07535563244904758,0.08882737408688647,49230.37409051977,0.029541249686806284,-0.15378700499807765,0.17279507881584008,1670732
072,06,HARYANA,REWARI,-0.04822760476739599,0.05911572472125041,0.06698961937717099,0.08421376393694475,40872.31309904727,0.020786294590099223,-0.16633602460592078,0.17279507881584008,1972079
073,06,HARYANA,ROHTAK,-0.041584006151481,0.07535563244907287,0.08882737408688927,0.09842368319876788,78634.29007950069,0.036990357346066705,-0.14769703960015382,0.2069357939254133,2130843
074,06,HARYANA,SIRSA,-0.03543252595155862,0.07111111111110778,0.08421376393696381,0.09356401384083196,186050.60243350963,0.03395607148620568,-0.17937716262975778,0.1929104190695886,5487960
075,06,HARYANA,SONIPAT,-0.04484429065743811,0.07111111111111822,0.07972318339101737,0.09356401384082345,93614.32602156837,0.03366576802331752,-0.14769703960015382,0.186082276047674,2786505
076,06,HARYANA,YAMUNANAGAR,-0.041584006151481015,0.0797231833910201,0.08882737408688143,0.10340638216070865,89636.02949207199,0.04037686652948889,-0.13588619761630144,0.1929104190695886,2225647
701,06,HARYANA,CHARKHI DADRI,-0.044844290657438626,0.06698961937717253,0.0753556324490455,0.08882737408688633,48840.52879816455,0.027803798418549283,-0.16633602460592078,0.17937716262975778,1761774
015,02,HIMACHAL PRADESH,BILASPUR,-0.09842368319876915,0.06698961937717206,0.08421376393695412,0.09842368319876577,15763.602970711217,0.010357607257612578,-0.186082276047674,0.2519646289888504,1527049
016,02,HIMACHAL PRADESH,CHAMBA,-0.2069357939253928,0.055363321799302735,0.07972318339101456,0.10340638216072273,-466080.1605308321,-0.05405212368223824,-0.29287197231833906,0.2364628988850442,8634536
017,02,HIMACHAL PRADESH,HAMIRPUR,-0.07111111111111658,0.0842137639369624,0.0984236831987715,0.11374086889657445,47064.61600855461,0.03222299415124875,-0.17937716262975778,0.2288965782391388,1464411
018,02,HIMACHAL PRADESH,KANGRA,-0.18608227604769106,0.07535563244906265,0.09356401384083923,0.10851211072665184,-13149.33287307418,-0.001740770832108493,-0.28444444444444444,0.2364628988850442,7565612
020,02,HIMACHAL PRADESH,KULLU,-0.22145328719721608,0.05536332179930212,0.07972318339101486,0.0984236831987677,-455701.7416184569,-0.0632690501670672,-0.29287197231833906,0.2069357939254133,7211360
022,02,HIMACHAL PRADESH,MANDI,-0.13588619761629891,0.08421376393696242,0.10340638216072401,0.11909265667051555,17026.591290060383,0.0032930213286240504,-0.24415224913494812,0.2519646289888504,5177402
023,02,HIMACHAL PRADESH,SHIMLA,-0.19986159169548928,0.06299115724721112,0.08421376393695242,0.10340638216070877,-227964.9623036104,-0.03413500272956147,-0.29287197231833906,0.2288965782391388,6689722
024,02,HIMACHAL PRADESH,SIRMAUR,-0.14173010380624126,0.06698961937717211,0.08421376393695695,0.09842368319876972,-22908.415737301097,-0.006253424378031621,-0.2599000384467512,0.22145328719723184,3670428
025,02,HIMACHAL PRADESH,SOLAN,-0.10340638216070396,0.07111111111111873,0.08421376393694767,0.10340638216070401,13179.047120756037,0.0052330631901665895,-0.2069357939254133,0.22145328719723184,2524974
026,02,HIMACHAL PRADESH,UNA,-0.0629911572472113,0.0797231833910178,0.09356401384082146,0.10851211072664332,54838.07236349295,0.027180234373164257,-0.17279507881584008,0.19986159169550174,2022495
019,02,HIMACHAL PRADESH,KINNAUR,-0.24415224913492595,-0.05173394848134764,-0.015747789311802825,0.024605920799692788,-1146897.1832347065,-0.1347931478807642,-0.3188927335640138,0.16633602460592078,8518904
021,02,HIMACHAL PRADESH,LAHUL & SPITI,-0.23646289888502442,-0.055363321799305996,-0.04158400615148018,-0.02460592079969141,-2369977.765310499,-0.12855270409339806,-0.3188927335640138,0.09842368319876971,18455211
,01,JAMMU & KASHMIR,MIRPUR,-0.07972318339100705,0.10340638216072885,0.12456747404845829,0.1417301038062407,174181.29380893,0.036076733737819174,-0.17937716262975778,0.2519646289888504,4837249
,01,JAMMU & KASHMIR,MUZAFFARABAD,-0.13588619761630902,0.09842368319875239,0.1190926566705284,0.14173010380623116,27684.319240577955,0.004261820101271017,-0.22145328719723184,0.2679584775086506,6508506
010,01,JAMMU & KASHMIR,PUNCH,-0.1417301038062285,0.10851211072666174,0.13016532103035136,0.1476970396001686,111171.0496845879,0.019531789961287755,-0.24415224913494812,0.2364628988850442,5700333
001,01,JAMMU & KASHMIR,ANANTNAG,-0.16633602460592506,0.11909265667053065,0.14769703960017477,0.17937716262979694,20501.676683700738,0.005602742806461285,-0.24415224913494812,0.3014225297962323,3666744
003,01,JAMMU & KASHMIR,BARAMULA,-0.10851211072663867,0.14173010380624296,0.16633602460588845,0.1860822760477002,147885.34692304028,0.053244833766034005,-0.21413302575932336,0.3014225297962323,2783290
007,01,JAMMU & KASHMIR,KATHUA,-0.13016532103037426,0.07972318339101649,0.09356401384083086,0.11374086889657435,36596.40548628359,0.01106215882088995,-0.2288965782391388,0.2364628988850442,3314635
014,01,JAMMU & KASHMIR,UDHAMPUR,-0.13588619761629916,0.08882737408688242,0.10851211072665413,0.13016532103037037,24500.292915880946,0.008092903999077175,-0.2288965782391388,0.24415224913494812,3033474
002,01,JAMMU & KASHMIR,BADGAM,-0.08882737408688965,0.12456747404846455,0.14769703960016473,0.17937716262975165,71471.61782742056,0.042576294548435596,-0.19986159169550174,0.2679584775086506,1682823
623,01,JAMMU & KASHMIR,BANDIPURA,-0.1663360246058852,0.06698961937717313,0.09842368319875824,0.13588619761630957,-186902.93009625687,-0.034147914233965564,-0.2364628988850442,0.3014225297962323,5482179
626,01,JAMMU & KASHMIR,GANDERBAL,-0.16633602460592478,0.08882737408689298,0.11374086889657573,0.14173010380624249,-44836.9491629963,-0.020518408518185177,-0.2364628988850442,0.2679584775086506,2192068
622,01,JAMMU & KASHMIR,KULGAM,-0.1476970396001621,0.1085121107266557,0.14173010380624354,0.17279507881584888,26229.81323994935,0.01549185368690118,-0.24415224913494812,0.29287197231833906,1698369
008,01,JAMMU & KASHMIR,KUPWARA,-0.10851211072664026,0.14173010380626463,0.15999999999997197,0.18608227604770988,166804.37689002344,0.04494239300840994,-0.22145328719723184,0.3014225297962323,3717596
011,01,JAMMU & KASHMIR,PULWAMA,-0.13588619761630502,0.14173010380620152,0.16633602460592514,0.1929104190695826,63121.9441281366,0.05240485682391911,-0.22145328719723184,0.2761399461745483,1208381
012,01,JAMMU & KASHMIR,RAJAURI,-0.124567474048449,0.08421376393695897,0.10340638216072189,0.12456747404845267,27227.035509869133,0.007746832998551674,-0.22145328719723184,0.24415224913494812,3521026
621,01,JAMMU & KASHMIR,RAMBAN,-0.13016532103036751,0.12456747404847007,0.14173010380621873,0.1663360246059248,48812.38162164212,0.0284007337411921,-0.22145328719723184,0.2519646289888504,1722238
627,01,JAMMU & KASHMIR,RIASI,-0.14769703960016292,0.0888273740868841,0.1085121107266501,0.12456747404844754,4047.333786996376,0.001571265423170405,-0.2288965782391388,0.2364628988850442,2582725
625,01,JAMMU & KASHMIR,SHUPIYAN,-0.03844675124951846,0.11374086889657535,0.13588619761630236,0.16633602460592353,31129.409628822712,0.04594102590583142,-0.14173010380622836,0.29287197231833906,681043
013,01,JAMMU & KASHMIR,SRINAGAR,-0.013840830449827068,0.17279507881584866,0.19291041906957904,0.20693579392541808,38033.19014085363,0.10045376234670236,-0.12456747404844293,0.2599000384467512,381957
620,01,JAMMU & KASHMIR,KISHTWAR,-0.1929104190696039,0.03693342608696178,0.07972318339101386,0.11909265667052314,-674443.820268838,-0.06170485977686397,-0.2761399461745483,0.2519646289888504,10942149
004,01,JAMMU & KASHMIR,DODA,-0.16633602460592478,0.12456747404847217,0.147697039600176,0.16633602460591873,51636.56652997792,0.016114224818218354,-0.24415224913494812,0.2679584775086506,3210495
624,01,JAMMU & KASHMIR,SAMBA,-0.04822760476739603,0.08421376393696145,0.10340638216071135,0.1190926566705078,44168.47772516525,0.035977715985584385,-0.14769703960015382,0.24415224913494812,1231705
005,01,JAMMU & KASHMIR,JAMMU,-0.06299115724721126,0.07972318339101597,0.09842368319876955,0.1190926566705127,90432.63052215487,0.0282853566896317,-0.16000000000000003,0.2288965782391388,3204791
322,20,JHARKHAND,BOKARO,-0.05536332179930703,0.02220684352172098,0.032541330257592385,0.04484429065743938,-30355.45178030968,-0.008649031419749076,-0.15378700499807765,0.16000000000000003,3518062
323,20,JHARKHAND,CHATRA,-0.06299115724721122,0.019930795847754073,0.029773164167629942,0.04158400615148118,-50056.92035725549,-0.010751325805402685,-0.15378700499807765,0.13588619761630144,4666877
325,20,JHARKHAND,DHANBAD,-0.06299115724721117,0.024605920799690748,0.03543252595155555,0.048227604767397375,-25924.565577269623,-0.01042638598116928,-0.15378700499807765,0.13588619761630144,2490976
324,20,JHARKHAND,DEOGHAR,-0.08882737408688311,-0.010396001537870314,-9.373192097073251E-4,0.01384083044982682,-127648.82279345427,-0.04192532811764579,-0.1929104190695886,0.12456747404844293,3050828
326,20,JHARKHAND,DUMKA,-0.09356401384082325,-0.013840830449825571,-0.004504135402337358,0.00678143710423658,-201841.2760498219,-0.04382421365689677,-0.186082276047674,0.1085121107266436,4613615
328,20,JHARKHAND,GARHWA,-0.08882737408688286,0.02220684352172074,0.0325413302575917,0.0448442906574397,-76753.5578834005,-0.01530273625031219,-0.16633602460592078,0.12456747404844293,5023969
329,20,JHARKHAND,GIRIDIH,-0.08421376393694932,0.004477227770841474,0.0157477893118028,0.0271280276816601,-177916.8669651507,-0.02926970130311653,-0.2069357939254133,0.14173010380622836,6087886
330,20,JHARKHAND,GODDA,-0.08882737408688672,0.0026359731891719878,0.013840830449825892,0.02712802768166205,-89964.85433716456,-0.03203930966675881,-0.186082276047674,0.12456747404844293,2814180
331,20,JHARKHAND,GUMLA,-0.07972318339100981,0.010396001537870314,0.022206843521722253,0.03254133025759357,-157706.36441263655,-0.024243667305924865,-0.1929104190695886,0.13588619761630144,6516036
332,20,JHARKHAND,HAZARIBAGH,-0.06698961937716832,0.022206843521719855,0.0325413302575898,0.04822760476739959,-69583.53551966451,-0.013124182334391957,-0.14769703960015382,0.15378700499807765,5315097
333,20,JHARKHAND,JAMTARA,-0.07535563244905277,-0.004504698300896079,0.006803481955199303,0.015747789311802828,-67809.99053959717,-0.030710850242734018,-0.17937716262975778,0.11374086889657825,2214404
606,20,JHARKHAND,KHUNTI,-0.0517339484813483,0.03254133025758698,0.04484429065744674,0.05536332179930846,-8729.039891108532,-0.0027305909843660194,-0.13016532103037293,0.14769703960015382,3204257
334,20,JHARKHAND,KODARMA,-0.07111111111111511,0.01777777777777942,0.027128027681662944,0.038446751249520114,-31127.28387555372,-0.01548818713433771,-0.15378700499807765,0.14769703960015382,2016064
335,20,JHARKHAND,LATEHAR,-0.06698961937716687,0.022206843521719154,0.03254133025758931,0.044844290657442214,-62832.61817896326,-0.012147785100643174,-0.16000000000000003,0.13588619761630144,5182155
336,20,JHARKHAND,LOHARDAGA,-0.07535563244904972,0.015747789311802794,0.027128027681660925,0.041584006151481064,-35417.474479737684,-0.019318928571028803,-0.21413302575932336,0.12456747404844293,1838361
337,20,JHARKHAND,PAKUR,-0.10340638216070477,-0.006850383091405802,0.006813126239928894,0.0271280276816604,-98653.74077236535,-0.04464463396657608,-0.2288965782391388,0.11909265667051133,2216228
338,20,JHARKHAND,PALAMU,-0.0711111111111158,0.02460592079969053,0.0354325259515559,0.04822760476739678,-56262.346700472386,-0.01040390808204636,-0.16000000000000003,0.14173010380622836,5416996
343,20,JHARKHAND,WEST SINGHBHUM,-0.05911572472125882,0.03543252595155867,0.05173394848134586,0.06299115724721116,-50316.53786012463,-0.00576771510769936,-0.17279507881584008,0.14769703960015382,8734513
327,20,JHARKHAND,EAST SINGHBHUM,-0.06299115724721116,0.00680347909760099,0.019930795847752408,0.03254133025759289,-88901.97751954028,-0.020682348244112816,-0.13588619761630144,0.13588619761630144,4306723
607,20,JHARKHAND,RAMGARH,-0.059115724721263606,0.024605920799691275,0.035432525951557214,0.048227604767394905,-12779.586366988775,-0.007523557529395904,-0.14769703960015382,0.13016532103037293,1705200
339,20,JHARKHAND,RANCHI,-0.0629911572472112,0.022206843521720948,0.035432525951555334,0.051733948481348796,-69829.8039249703,-0.011522083736423855,-0.16633602460592078,0.16633602460592078,6072574
340,20,JHARKHAND,SAHIBGANJ,-0.09842368319877436,0.038446751249520766,0.0753556324490513,0.10340638216070971,-61880.394718901436,-0.022931307871478738,-0.1929104190695886,0.16633602460592078,2704649
341,20,JHARKHAND,SARAIKELA-KHARSAWAN,-0.05911572472125642,0.019930795847754135,0.03254133025759196,0.04484429065743785,-44734.73903074474,-0.013886457749772449,-0.15378700499807765,0.14769703960015382,3228630
342,20,JHARKHAND,SIMDEGA,-0.07535563244904807,0.024605920799686102,0.035432525951558304,0.044844290657447904,-71827.03656885498,-0.015723847972216244,-0.186082276047674,0.11374086889657825,4575865
524,29,KARNATAKA,BAGALKOT,-0.19986159169548465,-0.04822760476739549,-0.032541330257592184,-0.013840830449827037,-797200.0267408754,-0.1045429525162683,-0.29287197231833906,0.08421376393694734,7637876
528,29,KARNATAKA,BALLARI,-0.20693579392538147,-0.04822760476739449,-0.029773164167629818,-0.012056901191848832,-1061972.5783451842,-0.10840060010018716,-0.3188927335640138,0.08882737408688965,9811668
527,29,KARNATAKA,BELAGAVI,-0.19986159169548479,-0.03704325780068171,-0.016820954746836782,0.012951723612712117,-1511591.1860187438,-0.09672804789627107,-0.31009611687812383,0.19986159169550174,15647841
526,29,KARNATAKA,BENGALURU RURAL,-0.10851211072663995,0.012056901191849998,0.02220684352172124,0.03543252595155851,-78725.35817474216,-0.02983464657700883,-0.22145328719723184,0.14173010380622836,2647699
525,29,KARNATAKA,BENGALURU URBAN,-0.1034063821607041,0.029773164167630158,0.048227604767400865,0.07111111111111652,-55891.29428775433,-0.02218665743146365,-0.19986159169550174,0.17279507881584008,2525378
529,29,KARNATAKA,BIDAR,-0.19986159169548587,-0.07111111111110929,-0.05536332179930285,-0.04158400615148119,-757905.9014521121,-0.11845118118392488,-0.2679584775086506,0.07535563244905807,6408943
531,29,KARNATAKA,CHAMARAJANAGAR,-0.13588619761630438,0.013840830449826712,0.032541330257590845,0.05173394848134835,-295542.45638906,-0.045791287748916755,-0.24415224913494812,0.16633602460592078,6464990
630,29,KARNATAKA,CHIK BALLAPUR,-0.1476970396001657,-0.006848257304744394,0.0068086462929763765,0.01993079584775092,-263627.48185951984,-0.05402386978825161,-0.2679584775086506,0.13016532103037293,4888990
532,29,KARNATAKA,CHIKKAMAGALURU,-0.12456747404845299,0.07111111111111834,0.08882737408687409,0.10851211072665279,-39229.70177003315,-0.0047384843547427944,-0.24415224913494812,0.2069357939254133,8290158
533,29,KARNATAKA,CHITRADURGA,-0.18608227604770566,-0.03543252595155735,-0.02220684352172182,-0.008858131487889725,-913307.8271022707,-0.0939158985107486,-0.3014225297962323,0.1085121107266436,9737571
534,29,KARNATAKA,DAKSHINA KANNADA,-0.16000000000000458,0.038446751249520676,0.0629911572472112,0.08882737408688658,-264732.7824486391,-0.04752863327265219,-0.28444444444444444,0.2069357939254133,5579048
535,29,KARNATAKA,DAVANGERE,-0.17279507881584977,-0.027128027681664498,-0.013840830449826974,-9.374716842776877E-4,-544388.3643181627,-0.07963665460743405,-0.28444444444444444,0.10340638216070744,6847089
536,29,KARNATAKA,DHARWAD,-0.13016532103035672,-0.03844675124951846,-0.027128027681661733,-0.012056901191848964,-359647.7554672333,-0.07285941500589449,-0.2364628988850442,0.11374086889657825,4944779
537,29,KARNATAKA,GADAG,-0.186082276047701,-0.05536332179931269,-0.04158400615147845,-0.029773164167628045,-514163.68742310104,-0.09522116246572174,-0.3014225297962323,0.09842368319876971,5409858
539,29,KARNATAKA,HASSAN,-0.10340638216071732,0.048227604767390325,0.07111111111110635,0.09356401384085009,-121912.97820858848,-0.015596546520737583,-0.22145328719723184,0.2069357939254133,7828705
540,29,KARNATAKA,HAVERI,-0.14173010380622997,-0.024605920799691313,-0.012056901191848782,0.002633774906436241,-381348.08005943,-0.06841536934582677,-0.2679584775086506,0.09356401384083046,5582700
538,29,KARNATAKA,KALABURAGI,-0.20693579392538144,-0.08421376393696858,-0.07111111111111904,-0.05536332179930647,-1675182.858535309,-0.13068385069767338,-0.3014225297962323,0.05911572472126105,12835141
541,29,KARNATAKA,KODAGU,-0.05536332179930777,0.09842368319874319,0.11374086889659979,0.1301653210303678,186477.5416309839,0.039717579198106076,-0.19986159169550174,0.22145328719723184,4703960
542,29,KARNATAKA,KOLAR,-0.11374086889657378,0.004481576423067167,0.017777777777779148,0.03543252595155944,-182399.22266766118,-0.03993466346304587,-0.2288965782391388,0.13588619761630144,4576751
543,29,KARNATAKA,KOPPAL,-0.19291041906958453,-0.06698961937717428,-0.055363321799306774,-0.038446751249520836,-728141.8443255962,-0.11269763562252966,-0.29287197231833906,0.07111111111111111,6471180
544,29,KARNATAKA,MANDYA,-0.11374086889657402,0.032541330257589055,0.04822760476739623,0.06299115724721122,-134958.73811545738,-0.02373827584764878,-0.2364628988850442,0.17279507881584008,5695228
545,29,KARNATAKA,MYSURU,-0.13016532103035947,-9.314440984747687E-4,0.012056901191848463,0.02977316416762727,-362946.3361005077,-0.05030348036328288,-0.21413302575932336,0.17279507881584008,7227650
546,29,KARNATAKA,RAICHUR,-0.20693579392538422,-0.06299115724723092,-0.04484429065744391,-0.027128027681661112,-1103604.043513587,-0.11239607750124542,-0.31009611687812383,0.09356401384083046,9829398
631,29,KARNATAKA,RAMANAGARAM,-0.12456747404845876,0.012056901191849302,0.027128027681662222,0.04484429065744047,-159067.596543718,-0.03951613913114232,-0.22145328719723184,0.13588619761630144,4034113
547,29,KARNATAKA,SHIVAMOGGA,-0.1085121107266504,0.04158400615147358,0.06299115724721113,0.08882737408688504,-217975.9180810189,-0.02231478668588998,-0.24415224913494812,0.1929104190695886,9782492
548,29,KARNATAKA,TUMAKURU,-0.16633602460592495,0.006819489240261752,0.019930795847753886,0.032541330257588125,-641038.2471611788,-0.05261199719459226,-0.29287197231833906,0.12456747404844293,12204538
549,29,KARNATAKA,UDUPI,-0.16633602460592495,0.03254133025759299,0.05911572472126482,0.08882737408688655,-256820.62593123992,-0.062363378935003634,-0.2679584775086506,0.186082276047674,4125180
550,29,KARNATAKA,UTTARA KANNADA,-0.16633602460590838,0.05536332179931027,0.07535563244905519,0.09842368319877,-273879.3216043483,-0.023056753060928466,-0.29287197231833906,0.2069357939254133,11893283
530,29,KARNATAKA,VIJAYAPURA,-0.1929104190695613,-0.07535563244906301,-0.059115724721254995,-0.04158400615148119,-1474305.516592223,-0.12036086823368539,-0.29287197231833906,0.07972318339100345,12262243
635,29,KARNATAKA,YADGIR,-0.19986159169548684,-0.05173394848134522,-0.03844675124952164,-0.01574778931180287,-640099.9676148526,-0.10408135010148709,-0.31009611687812383,0.08882737408688965,6160245
554,32,KERALA,ALAPPUZHA,-0.17279507881584763,-0.038446751249521294,-0.02220684352172211,-0.004499737885154597,-140403.06767024598,-0.08718947444910884,-0.2599000384467512,0.08421376393694734,1615612
555,32,KERALA,ERNAKULAM,-0.14769703960017072,0.0711111111111192,0.09842368319874314,0.1245674740484698,-70186.96428829721,-0.02019487278315498,-0.2519646289888504,0.24415224913494812,3482949
556,32,KERALA,IDUKKI,-0.07535563244905694,0.1190926566705302,0.13588619761631845,0.15378700499808545,261174.57380598137,0.05281760558695336,-0.22145328719723184,0.2519646289888504,4955513
557,32,KERALA,KANNUR,-0.15999999999999573,0.05173394848134624,0.0753556324490473,0.10340638216070405,-123495.02372726508,-0.036417519270449096,-0.2761399461745483,0.2288965782391388,3397343
558,32,KERALA,KASARAGOD,-0.1929104190695924,0.017777777777779356,0.04158400615148125,0.0669896193771595,-167331.0334339977,-0.07333456822916336,-0.29287197231833906,0.19986159169550174,2288384
559,32,KERALA,KOLLAM,-0.1417301038062409,0.032541330257593634,0.06299115724721119,0.09356401384082322,-101113.92716948406,-0.03595599856945845,-0.3014225297962323,0.21413302575932336,2818601
560,32,KERALA,KOTTAYAM,-0.1417301038062386,0.06698961937717307,0.08421376393696246,0.10340638216071932,-25148.8447991933,-0.010053090316980285,-0.2519646289888504,0.2069357939254133,2507427
561,32,KERALA,KOZHIKODE,-0.15378700499808592,0.04158400615148125,0.06698961937716634,0.09842368319876547,-140737.00372026407,-0.05253502908086838,-0.2679584775086506,0.19986159169550174,2684454
562,32,KERALA,MALAPPURAM,-0.1663360246059248,0.04484429065744255,0.07972318339100849,0.1137408688965746,-200594.00147932133,-0.049520973554496195,-0.2761399461745483,0.2288965782391388,4058183
563,32,KERALA,PALAKKAD,-0.1476970396001649,0.07535563244905841,0.10340638216072562,0.1301653210303676,-107581.08271666574,-0.021084179367138658,-0.2679584775086506,0.24415224913494812,5112539
564,32,KERALA,PATTANAMTHITTA,-0.10340638216071428,0.10340638216073356,0.12456747404847002,0.14769703960017502,48953.91707677206,0.016297827221869024,-0.2288965782391388,0.2288965782391388,3011006
565,32,KERALA,THIRUVANANTHAPURAM,-0.1476970396001552,0.03543252595155581,0.05536332179930523,0.0797231833910054,-86136.46273916985,-0.03472768645463693,-0.29287197231833906,0.2069357939254133,2485730
566,32,KERALA,TRISSUR,-0.18608227604768782,0.0415840061514812,0.07972318339100981,0.11374086889657437,-200286.1541173529,-0.05812329651205172,-0.2761399461745483,0.2069357939254133,3453173
567,32,KERALA,WAYANAD,-0.06299115724721129,0.084213763936963,0.10340638216072011,0.11909265667050874,69066.1661527661,0.028382984710155382,-0.17279507881584008,0.2069357939254133,2438701
009,37,LADAKH,LEH,-0.251964628988985,-0.01680858657303998,0.012965116430811158,0.044844290657447994,-2.508990814877245E7,-0.11973629584812105,-0.34602076124567477,0.2288965782391388,209611635
006,37,LADAKH,KARGIL,-0.21413302575928425,-0.038446751249520565,-0.01993079584775236,8.946490226897644E-4,-2107518.5451631863,-0.1105382654108132,-0.31009611687812383,0.14173010380622836,19084969
553,31,LAKSHADWEEP,LAKSHADWEEP,-0.17279507881584008,-0.04822760476739716,-0.027128027681660918,-0.015747789311803165,-3288.5306295768673,-0.10440696140054638,-0.24415224913494812,0.010396001537870049,33702
667,23,MADHYA PRADESH,AGAR MALWA,-0.1929104190696113,0.027128027681661452,0.048227604767396105,0.06698961937716409,-187510.51193641868,-0.05624964684558915,-0.2679584775086506,0.14173010380622836,3340865
639,23,MADHYA PRADESH,ALIRAJPUR,-0.18608227604771016,-0.019930795847753452,-0.004498137911749359,0.012056901191848664,-337352.54330796003,-0.08387813587705378,-0.2679584775086506,0.09842368319876971,4031207
390,23,MADHYA PRADESH,ANUPPUR,-0.1301653210303616,-9.343139271449032E-4,0.010396001537870294,0.022206843521721472,-201347.47465844415,-0.04398069399746559,-0.19986159169550174,0.14173010380622836,4589056
391,23,MADHYA PRADESH,ASHOKNAGAR,-0.11909265667051795,0.10340638216073605,0.11909265667052686,0.13588619761630014,121361.01010934263,0.02087302332957051,-0.2364628988850442,0.19986159169550174,5822740
392,23,MADHYA PRADESH,BALAGHAT,-0.08421376393695888,0.027128027681665622,0.03844675124951506,0.04822760476739732,-188841.53465189642,-0.016969669510016137,-0.186082276047674,0.13588619761630144,11141974
393,23,MADHYA PRADESH,BARWANI,-0.19291041906959225,-0.03543252595155657,-0.017777777777779225,-0.0026475998056346463,-679167.5699920328,-0.10404752335792125,-0.28444444444444444,0.09842368319876971,6536978
394,23,MADHYA PRADESH,BETUL,-0.1476970396001708,0.02977316416763079,0.05173394848134688,0.07111111111111773,-457556.2718049791,-0.037826136463270675,-0.2364628988850442,0.16000000000000003,12110448
395,23,MADHYA PRADESH,BHIND,-0.05173394848135037,0.08882737408687442,0.10340638216072855,0.11374086889657656,211444.93945588928,0.03803043115533277,-0.16000000000000003,0.1929104190695886,5571431
396,23,MADHYA PRADESH,BHOPAL,-0.11374086889658924,0.09842368319875143,0.1137408688965938,0.12456747404845456,38474.07474952747,0.011426351531070748,-0.19986159169550174,0.2069357939254133,3374356
397,23,MADHYA PRADESH,BURHANPUR,-0.17279507881585035,-0.024605920799690855,-0.006831572076087845,0.008858131487889763,-321118.12223466125,-0.08303453898177109,-0.2519646289888504,0.10340638216070744,3873783
398,23,MADHYA PRADESH,CHHATARPUR,-0.1085121107266513,0.09842368319873619,0.11374086889660959,0.13016532103035883,172070.0601040467,0.016130528047794402,-0.22145328719723184,0.2069357939254133,10687142
399,23,MADHYA PRADESH,CHHINDWARA,-0.1301653210303559,0.05536332179930166,0.08421376393696307,0.11374086889658981,-375213.6482972431,-0.026357852306131888,-0.2288965782391388,0.19986159169550174,14251129
400,23,MADHYA PRADESH,DAMOH,-0.12456747404845579,0.08882737408689577,0.10851211072665783,0.12456747404846,-36549.89522216866,-0.004101976032058823,-0.2288965782391388,0.2069357939254133,8922849
401,23,MADHYA PRADESH,DATIA,-0.07535563244905445,0.10851211072666647,0.12456747404846795,0.1358861976163042,166113.57483304504,0.049892078447730935,-0.17937716262975778,0.19986159169550174,3340498
402,23,MADHYA PRADESH,DEWAS,-0.14769703960016914,0.04158400615147511,0.059115724721259255,0.07535563244904935,-309332.2544024313,-0.036432340284600996,-0.24415224913494812,0.17279507881584008,8505726
403,23,MADHYA PRADESH,DHAR,-0.17937716262979786,0.02460592079969131,0.04822760476739258,0.06698961937717324,-584681.0036975767,-0.059323381119014,-0.2519646289888504,0.14769703960015382,9867234
404,23,MADHYA PRADESH,DINDORI,-0.14173010380621426,0.004481535487291921,0.017777777777779263,0.02977316416762971,-372053.31079676043,-0.053436166546560984,-0.2069357939254133,0.12456747404844293,6974940
405,23,MADHYA PRADESH,EAST NIMAR,-0.13588619761630613,0.004487657756557644,0.01777777777777966,0.02977316416762751,-440439.79938101594,-0.04898883637059509,-0.2288965782391388,0.14173010380622836,9002549
406,23,MADHYA PRADESH,GUNA,-0.16633602460592486,0.09356401384085239,0.11374086889659583,0.13588619761631246,-90372.78388040591,-0.011543230685834965,-0.2761399461745483,0.2069357939254133,7842335
407,23,MADHYA PRADESH,GWALIOR,-0.11374086889658407,0.09842368319878145,0.11374086889655653,0.12456747404846981,28101.697621072908,0.004959309891969442,-0.186082276047674,0.19986159169550174,5674029
408,23,MADHYA PRADESH,HARDA,-0.09842368319877381,0.07972318339096925,0.09842368319874695,0.11374086889659692,33975.24339177007,0.008431251015006764,-0.1929104190695886,0.186082276047674,4035848
409,23,MADHYA PRADESH,HOSHANGABAD,-0.07111111111111681,0.10340638216074258,0.11909265667053393,0.1301653210303323,199889.63111030063,0.024726210980193446,-0.16633602460592078,0.1929104190695886,8095645
410,23,MADHYA PRADESH,INDORE,-0.14173010380622034,0.0669896193771751,0.0797231833910005,0.09356401384084444,-95598.81641097767,-0.02021353815635008,-0.2288965782391388,0.15378700499807765,4738802
411,23,MADHYA PRADESH,JABALPUR,-0.0984236831987549,0.088827374086897,0.1085121107266656,0.11909265667053211,50530.533339666035,0.008166952608316477,-0.17279507881584008,0.17937716262975778,6198352
412,23,MADHYA PRADESH,JHABUA,-0.19291041906960002,-0.015747789311802797,0.0026402066508177803,0.01993079584775097,-361922.539256511,-0.0867399017181093,-0.28444444444444444,0.11374086889657825,4179358
413,23,MADHYA PRADESH,KATNI,-0.09356401384082377,0.07972318339101717,0.09842368319876402,0.1137408688965788,25871.230916594148,0.004197529104674013,-0.19986159169550174,0.186082276047674,6175594
415,23,MADHYA PRADESH,MANDLA,-0.13016532103035042,0.013840830449825847,0.027128027681662403,0.0482276047673939,-357411.39571254846,-0.03933242261980989,-0.2069357939254133,0.17279507881584008,9100880
416,23,MADHYA PRADESH,MANDSAUR,-0.15999999999999792,0.019930795847753403,0.035432525951557686,0.05173394848135109,-291592.27342441416,-0.04295170352182796,-0.28444444444444444,0.17279507881584008,6799773
417,23,MADHYA PRADESH,MORENA,-0.1137408688965999,0.08882737408689022,0.10340638216073371,0.11909265667052517,65125.8379313879,0.010485839553554779,-0.1929104190695886,0.17937716262975778,6223463
418,23,MADHYA PRADESH,NARSHIMAPURA,-0.09356401384082466,0.05536332179930327,0.07535563244904844,0.09842368319876824,-74665.01097892062,-0.011993382871897556,-0.17279507881584008,0.19986159169550174,6236392
419,23,MADHYA PRADESH,NIMACH,-0.16000000000000542,0.010396001537870313,0.024605920799693114,0.041584006151481126,-305752.1499285293,-0.05810602279929296,-0.2519646289888504,0.14769703960015382,5274602
420,23,MADHYA PRADESH,PANNA,-0.10851211072665246,0.06698961937717407,0.0842137639369615,0.10340638216072526,-155999.53178398483,-0.017929059697607507,-0.2364628988850442,0.1929104190695886,8717597
421,23,MADHYA PRADESH,RAISEN,-0.10340638216071983,0.07972318339101696,0.09842368319875519,0.11374086889658916,-45575.82585156024,-0.004426206582311119,-0.2069357939254133,0.1929104190695886,10312010
422,23,MADHYA PRADESH,RAJGARH,-0.18608227604770558,0.03844675124951853,0.05911572472125849,0.07535563244905052,-264950.73989716516,-0.03520455669091927,-0.2599000384467512,0.17937716262975778,7535187
423,23,MADHYA PRADESH,RATLAM,-0.17937716262981115,0.029773164167631386,0.04484429065744568,0.06299115724721117,-303237.73144464195,-0.05131277690515667,-0.2599000384467512,0.16633602460592078,5920371
424,23,MADHYA PRADESH,REWA,-0.10851211072664824,0.0711111111111187,0.08882737408687298,0.10340638216072444,35018.24589186812,0.004524672009249964,-0.22145328719723184,0.186082276047674,7751995
425,23,MADHYA PRADESH,SAGAR,-0.11909265667052074,0.09356401384085603,0.11374086889659513,0.1301653210303649,88427.90953288,0.007057561725763555,-0.22145328719723184,0.2069357939254133,12549508
426,23,MADHYA PRADESH,SATNA,-0.0984236831987682,0.08421376393696925,0.10340638216073321,0.11909265667052359,62585.71844299265,0.006779863997486741,-0.2069357939254133,0.19986159169550174,9250027
427,23,MADHYA PRADESH,SEHORE,-0.12456747404846605,0.08882737408688184,0.10340638216073232,0.11909265667052493,8819.456315276459,0.0011074893624387874,-0.2288965782391388,0.186082276047674,7979648
428,23,MADHYA PRADESH,SEONI,-0.11909265667052957,0.0984236831987478,0.12456747404847493,0.14173010380625142,-42809.822594700236,-0.0040488356721617115,-0.19986159169550174,0.21413302575932336,10587279
429,23,MADHYA PRADESH,SHAHDOL,-0.08882737408688336,0.010396001537870313,0.024605920799692888,0.03844675124952014,-195405.2874706834,-0.02823210370870364,-0.1929104190695886,0.17937716262975778,6933487
430,23,MADHYA PRADESH,SHAJAPUR,-0.16000000000001746,0.05911572472124778,0.0753556324490432,0.09356401384082291,-65970.76734809681,-0.015665858382986557,-0.2364628988850442,0.186082276047674,4219787
431,23,MADHYA PRADESH,SHEOPUR,-0.11909265667052724,0.06698961937717247,0.08882737408689569,0.10851211072665469,-290906.81146230403,-0.035539086109207606,-0.2069357939254133,0.2069357939254133,8196536
432,23,MADHYA PRADESH,SHIVPURI,-0.12456747404845908,0.08421376393696872,0.1034063821607333,0.1190926566705241,-84937.384143274,-0.006687237999459568,-0.2364628988850442,0.19986159169550174,12718231
433,23,MADHYA PRADESH,SIDHI,-0.09356401384082401,0.03254133025758827,0.048227604767397736,0.06299115724721122,-81467.0565624909,-0.01393762563141963,-0.1929104190695886,0.16000000000000003,5855562
638,23,MADHYA PRADESH,SINGRAULI,-0.10340638216072198,0.019930795847753983,0.03254133025759049,0.04822760476739635,-186110.36907007708,-0.026374506390435277,-0.2069357939254133,0.14769703960015382,7066555
434,23,MADHYA PRADESH,TIKAMGARH,-0.13016532103037143,0.10851211072666257,0.12456747404846417,0.14173010380623305,129279.39977861293,0.028222832180459435,-0.2288965782391388,0.2069357939254133,4588875
435,23,MADHYA PRADESH,UJJAIN,-0.14173010380622594,0.0591157247212609,0.07535563244906451,0.08882737408687691,-96382.48150470674,-0.01299358031322691,-0.24415224913494812,0.16000000000000003,7431237
436,23,MADHYA PRADESH,UMARIA,-0.09356401384083106,0.02460592079968961,0.03844675124952051,0.05536332179930648,-87909.73539477188,-0.01576691817357866,-0.17937716262975778,0.14769703960015382,5584765
437,23,MADHYA PRADESH,VIDISHA,-0.11374086889658198,0.10851211072666644,0.1245674740484702,0.14173010380622897,333458.4988610614,0.037397235434109596,-0.21413302575932336,0.2069357939254133,8929692
414,23,MADHYA PRADESH,WEST NIMAR,-0.17937716262980297,-0.01205690119184954,0.004481209071393837,0.01993079584775153,-751869.8183397814,-0.07783118724325125,-0.2599000384467512,0.11374086889657825,9673296
722,23,MADHYA PRADESH,NIVARI,-0.10851211072664299,0.1085121107266595,0.11909265667052456,0.1358861976162964,47323.87581996412,0.029006233625547224,-0.2069357939254133,0.1929104190695886,1640914
466,27,MAHARASHTRA,AHAMADNAGAR,-0.19986159169548562,-0.04158400615146292,-0.02712802768166388,-0.012056901191848766,-1978876.5309030358,-0.09785960908157788,-0.3278123798539023,0.13588619761630144,20247712
467,27,MAHARASHTRA,AKOLA,-0.15378700499808384,-0.04158400615146824,-0.029773164167629883,-0.015747789311802828,-563267.7013929363,-0.08670068772425157,-0.2364628988850442,0.07111111111111111,6508098
468,27,MAHARASHTRA,AMARAVATI,-0.15378700499806447,-0.022206843521723068,-0.010396001537869126,0.004475377510924203,-1102423.8795316587,-0.0754217427036143,-0.24415224913494812,0.13016532103037293,14634927
469,27,MAHARASHTRA,AURANGABAD,-0.17937716262979178,-0.0448442906574523,-0.032541330257592316,-0.019930795847751533,-1101444.592491218,-0.09153188089470587,-0.2761399461745483,0.10340638216070744,12049449
471,27,MAHARASHTRA,BHANDARA,-0.10851211072665348,-0.017777777777779762,-0.006855523797659002,0.0026351871977496853,-264664.62761463743,-0.053443419835680815,-0.19986159169550174,0.09356401384083046,4961610
470,27,MAHARASHTRA,BID,-0.20693579392538275,-0.05536332179931653,-0.04158400615147891,-0.029773164167627403,-1330405.8756566497,-0.10620227965168755,-0.29287197231833906,0.08421376393694734,12544794
472,27,MAHARASHTRA,BULDHANA,-0.15999999999998044,-0.02977316416763184,-0.017777777777779218,-0.0026572501723503123,-865286.1381577194,-0.07449123628660992,-0.2599000384467512,0.11909265667051133,11630150
473,27,MAHARASHTRA,CHANDRAPUR,-0.1417301038062615,-0.04158400615145539,-0.03254133025758559,-0.024605920799690473,-1045493.9866756261,-0.07734468212776421,-0.24415224913494812,0.11374086889657825,13530633
474,27,MAHARASHTRA,DHULE,-0.20693579392539227,-0.05911572472124811,-0.044844290657444566,-0.02460592079969213,-995978.6764059662,-0.11573445559670381,-0.31009611687812383,0.09356401384083046,8617611
475,27,MAHARASHTRA,GADCHIROLI,-0.11374086889659296,-0.01777777777777876,-0.006858036208962045,0.00446529852500327,-915553.1715268887,-0.053169592623428734,-0.29287197231833906,0.12456747404844293,17237884
476,27,MAHARASHTRA,GONDIA,-0.09356401384082352,-0.0068504809176329375,0.0026335957221735435,0.012056901191848799,-261898.94145950675,-0.042203616526166395,-0.17937716262975778,0.1085121107266436,6215661
477,27,MAHARASHTRA,HINGOLI,-0.17279507881585046,-0.041584006151477004,-0.0271280276816603,-0.015747789311802825,-497649.9485368073,-0.08907273531122505,-0.2519646289888504,0.08882737408688965,5596711
478,27,MAHARASHTRA,JALGAON,-0.1793771626297871,-0.03844675124951799,-0.02220684352172091,-0.006848341779068182,-1318727.1128550984,-0.09354044479947927,-0.2761399461745483,0.09356401384083046,14113319
479,27,MAHARASHTRA,JALNA,-0.13588619761629828,-0.027128027681665497,-0.0177777777777795,-0.006859134652431744,-595288.5196460632,-0.06531587453898265,-0.2599000384467512,0.1085121107266436,9127228
480,27,MAHARASHTRA,KOLHAPUR,-0.1860822760477019,-0.022206843521720858,0.00263934425259324,0.02712802768166082,-774944.3479365278,-0.08664929086359502,-0.3014225297962323,0.16000000000000003,8961350
481,27,MAHARASHTRA,LATUR,-0.19291041906953815,-0.051733948481344584,-0.04158400615147108,-0.02712802768166178,-874324.3291805938,-0.10310251861866077,-0.2761399461745483,0.07535563244905807,8490449
482,27,MAHARASHTRA,MUMBAI CITY,-0.18608227604767316,-0.017777777777777632,-0.0026440091308782203,0.013840830449827006,-5533.511706235814,-0.07333695545701266,-0.2679584775086506,0.06698961937716265,76546
484,27,MAHARASHTRA,NAGPUR,-0.11909265667052381,-9.298193711763767E-4,0.013840830449825838,0.027128027681663464,-566219.6912517579,-0.04776990900115833,-0.21413302575932336,0.13588619761630144,11865192
485,27,MAHARASHTRA,NANDED,-0.1860822760477063,-0.04484429065745261,-0.03254133025758951,-0.019930795847751877,-1168434.2968027797,-0.09383928565525358,-0.28444444444444444,0.07111111111111111,12472028
486,27,MAHARASHTRA,NANDURBAR,-0.2069357939253898,-0.07111111111111959,-0.05911572472125862,-0.04158400615148115,-904536.5840189446,-0.12651815823588036,-0.29287197231833906,0.08882737408688965,7163183
487,27,MAHARASHTRA,NASHIK,-0.2069357939253862,-0.048227604767388126,-0.03254133025758869,-0.015747789311802825,-2025148.8630489379,-0.10964867798802225,-0.31009611687812383,0.11374086889657825,18486361
488,27,MAHARASHTRA,USMANABAD,-0.1929104190695856,-0.05536332179931259,-0.04158400615147538,-0.029773164167628936,-946400.7388393986,-0.1062190149987898,-0.28444444444444444,0.07535563244905807,8925215
665,27,MAHARASHTRA,PALGHAR,-0.22889657823911874,-0.11374086889659359,-0.09842368319877137,-0.07535563244905741,-1015273.6712888314,-0.16225807447529492,-0.3278123798539023,0.05536332179930796,6266083
489,27,MAHARASHTRA,PARBHANI,-0.16633602460592498,-0.03844675124950333,-0.027128027681663974,-0.015747789311802814,-580211.6904269108,-0.07774587804238596,-0.2519646289888504,0.06698961937716265,7474260
490,27,MAHARASHTRA,PUNE,-0.19986159169548545,-0.03543252595155477,-0.01993079584775244,8.913177654039838E-4,-1766961.475712739,-0.09580473725671677,-0.29287197231833906,0.14173010380622836,18462996
491,27,MAHARASHTRA,RAYGAD,-0.22889657823912127,-0.08421376393695994,-0.06698961937716741,-0.044844290657438106,-1189111.0211809536,-0.14457623815555856,-0.33685505574778934,0.13016532103037293,8238352
492,27,MAHARASHTRA,RATNAGIRI,-0.22145328719722007,-0.07111111111111994,-0.059115724721258,-0.0384467512495201,-1243070.5698711926,-0.1281100180450313,-0.31009611687812383,0.11909265667051133,9717129
493,27,MAHARASHTRA,SANGLI,-0.20693579392538988,-0.0553633217993139,-0.038446751249515076,-0.015747789311802842,-1147683.0291909948,-0.11408062233290181,-0.29287197231833906,0.15378700499807765,10078127
494,27,MAHARASHTRA,SATARA,-0.22145328719721358,-0.035432525951556985,-0.015747789311802807,0.006815203307963501,-1312886.5206566,-0.1068656088991918,-0.3014225297962323,0.14769703960015382,12298534
495,27,MAHARASHTRA,SINDHUDURG,-0.2214532871972503,-0.0448442906574466,-0.019930795847752012,0.010396001537870228,-675657.3857261292,-0.11373617019042342,-0.31009611687812383,0.186082276047674,5951789
496,27,MAHARASHTRA,SOLAPUR,-0.19291041906959247,-0.05911572472126187,-0.04484429065744953,-0.03254133025759336,-1891010.1760751994,-0.10847137578824934,-0.31009611687812383,0.09356401384083046,17457025
483,27,MAHARASHTRA,SUB URBAN MUMBAI,-0.20693579392541847,-0.035432525951557936,-0.019930795847750878,-9.369168183636715E-4,-52398.760400240404,-0.10268927060996212,-0.3188927335640138,0.07111111111111111,512479
497,27,MAHARASHTRA,THANE,-0.2288965782391207,-0.08882737408688839,-0.06299115724721123,-0.0415840061514811,-748314.9379504713,-0.14786346899342961,-0.31009611687812383,0.10340638216070744,5069267
498,27,MAHARASHTRA,WARDHA,-0.1476970396001705,-0.02977316416763181,-0.017777777777779304,-0.0026545310215510954,-559641.7187756067,-0.0742828215144809,-0.2679584775086506,0.09356401384083046,7543509
499,27,MAHARASHTRA,WASHIM,-0.16000000000001532,-0.03844675124951066,-0.02460592079969301,-0.012056901191848698,-521079.0515387983,-0.08529342530450026,-0.24415224913494812,0.07972318339100345,6120783
500,27,MAHARASHTRA,YAVATMAL,-0.1600000000000032,-0.04484429065745233,-0.03254133025759156,-0.01993079584775161,-1411713.5929858205,-0.0873874943949384,-0.2519646289888504,0.08882737408688965,16172960
252,14,MANIPUR,BISHNUPUR,-0.07111111111110942,0.07111111111111519,0.088827374086884,0.10851211072664654,6608.633937051694,0.011216661192669262,-0.15378700499807765,0.186082276047674,592328
253,14,MANIPUR,CHANDEL,-0.029773164167628013,0.11909265667052912,0.13016532103035347,0.1476970396001633,141912.6668551417,0.05882667129109148,-0.15378700499807765,0.21413302575932336,2417211
254,14,MANIPUR,CHURACHANDPUR,-0.038446751249520246,0.11909265667052814,0.135886197616311,0.14769703960016264,171771.56818337383,0.0576035048280294,-0.186082276047674,0.2288965782391388,2987741
256,14,MANIPUR,IMPHAL WEST,-0.06698961937716243,0.08421376393694478,0.10340638216070401,0.11909265667051175,9178.047583625741,0.015316782025463539,-0.17937716262975778,0.1929104190695886,603204
255,14,MANIPUR,IMPHAL EAST,-0.04822760476739456,0.075355632449045,0.09356401384082212,0.11374086889657493,8950.951427124523,0.016816030563595482,-0.12456747404844293,0.2288965782391388,535890
713,14,MANIPUR,JIRIBAM,-0.05173394848135369,0.12456747404844631,0.13588619761629894,0.15378700499807835,20889.43678699615,0.05763973136381174,-0.12456747404844293,0.2069357939254133,365087
260,14,MANIPUR,UKHRUL,-0.07535563244905842,0.0935640138408284,0.11374086889657453,0.1301653210303688,68739.03200189045,0.026646465435205345,-0.21413302575932336,0.2364628988850442,2585246
257,14,MANIPUR,SENAPATI,-0.06299115724721135,0.10340638216072671,0.12456747404845711,0.14173010380623657,79095.73876396912,0.03659295437780538,-0.1929104190695886,0.24415224913494812,2166467
258,14,MANIPUR,TAMENGLONG,-0.024605920799692895,0.14173010380624781,0.15378700499804732,0.16633602460591318,275262.2768805583,0.07406328470116598,-0.16633602460592078,0.2364628988850442,3724282
259,14,MANIPUR,THOUBAL,-0.07972318339100455,0.08421376393694259,0.09842368319876206,0.11909265667051204,7663.867728217689,0.01587725471372672,-0.16000000000000003,0.22145328719723184,485328
717,14,MANIPUR,KAMJONG,-0.04158400615148101,0.12456747404846849,0.13588619761633045,0.15378700499808584,175596.15410568417,0.059940590605988754,-0.186082276047674,0.22145328719723184,2934321
714,14,MANIPUR,NONEI,-0.01777777777777751,0.1476970396001702,0.1600000000000192,0.17279507881584943,117012.13281793083,0.08081604268797415,-0.14769703960015382,0.2288965782391388,1452211
715,14,MANIPUR,PHERZAWL,-0.019930795847751138,0.1417301038062334,0.15378700499806455,0.1600000000000082,204586.62218077568,0.0778682552916503,-0.186082276047674,0.22145328719723184,2632958
716,14,MANIPUR,TENGNOUPAL,-0.04822760476739592,0.11374086889662001,0.1301653210303503,0.1417301038062357,77267.0623399535,0.05124977913830025,-0.16633602460592078,0.19986159169550174,1511379
712,14,MANIPUR,KANGPOKPI,-0.06299115724721145,0.0984236831987634,0.11374086889658246,0.13588619761630014,62378.271171346365,0.029248090638392066,-0.17279507881584008,0.2364628988850442,2143163
711,14,MANIPUR,KAKCHING,-0.059115724721262655,0.07535563244905942,0.09356401384082742,0.11374086889657813,5890.238352851033,0.015011891941429512,-0.14173010380622836,0.19986159169550174,394750
273,17,MEGHALAYA,EAST GARO HILLS,-0.024605920799692184,0.09842368319876217,0.11374086889657307,0.13016532103036835,92265.78837710075,0.04714390389688771,-0.1085121107266436,0.21413302575932336,1961933
274,17,MEGHALAYA,EAST KHASI HILLS,-0.07535563244905104,0.09842368319876653,0.1245674740484581,0.147697039600166,85990.64538231856,0.024478600220104355,-0.17937716262975778,0.2761399461745483,3519450
657,17,MEGHALAYA,EAST JAINTIA HILLS,-0.041584006151481195,0.11374086889659638,0.13016532103036563,0.14769703960016023,113119.17046579425,0.04552672832032868,-0.13588619761630144,0.2288965782391388,2489782
277,17,MEGHALAYA,SOUTH GARO HILLS,-0.022206843521721482,0.10851211072665852,0.12456747404845925,0.1358861976163045,124551.42301620089,0.054966145555892104,-0.09842368319876971,0.22145328719723184,2271292
278,17,MEGHALAYA,WEST GARO HILLS,-0.04484429065744166,0.06698961937717245,0.08421376393695339,0.10340638216071607,59619.98744830876,0.0181119448129264,-0.1085121107266436,0.2069357939254133,3298747
279,17,MEGHALAYA,WEST KHASI HILLS,-0.06698961937716401,0.10340638216073023,0.11909265667052482,0.14173010380623569,162013.0975014338,0.033395890500303185,-0.16000000000000003,0.2761399461745483,4859806
276,17,MEGHALAYA,RI-BHOI,-0.03543252595155918,0.09356401384084707,0.10851211072665595,0.12456747404845915,111400.15831541741,0.037887055470409416,-0.13588619761630144,0.2364628988850442,2948155
658,17,MEGHALAYA,SOUTH WEST KHASI HILLS,-0.07972318339100591,0.10340638216072576,0.12456747404845135,0.14173010380623963,52075.248062835075,0.03230155084098478,-0.16633602460592078,0.2364628988850442,1617098
663,17,MEGHALAYA,SOUTH WEST GARO HILLS,-0.05173394848135347,0.035432525951558685,0.04822760476739516,0.0629911572472114,-724.0227607174661,-6.999205306314834E-4,-0.1085121107266436,0.14173010380622836,1037207
656,17,MEGHALAYA,NORTH GARO HILLS,-0.0354325259515582,0.07972318339101293,0.09356401384082337,0.11374086889657642,48904.99480705711,0.03160646277900315,-0.10340638216070744,0.1929104190695886,1552862
275,17,MEGHALAYA,WEST JAINTIA HILLS,-0.04158400615148114,0.08421376393695192,0.10340638216070672,0.12456747404844037,68607.64396146835,0.030859211290128977,-0.12456747404844293,0.22145328719723184,2229213
262,15,MIZORAM,CHAMPHAI,-0.035432525951556874,0.13016532103034756,0.14769703960016958,0.1600000000000148,265865.0651244953,0.06420580206688759,-0.16633602460592078,0.2519646289888504,4148573
267,15,MIZORAM,SAIHA,-0.0384467512495197,0.12456747404846434,0.1417301038062157,0.1537870049980847,111025.41809346342,0.06013009452502701,-0.16633602460592078,0.2288965782391388,1851831
264,15,MIZORAM,LAWNGTLAI,-0.05173394848134996,0.10340638216072667,0.12456747404846154,0.14173010380624204,108711.27440874434,0.037096484982537155,-0.16000000000000003,0.2069357939254133,2939881
268,15,MIZORAM,SERCHHIP,-0.01993079584775123,0.14173010380622852,0.15378700499807238,0.16633602460592473,138524.20243196317,0.07885397442693587,-0.17279507881584008,0.28444444444444444,1762727
263,15,MIZORAM,KOLASIB,-0.015747789311802915,0.13588619761634316,0.14769703960017327,0.1599999999999944,144152.59361653772,0.07904704649934026,-0.16633602460592078,0.24415224913494812,1828823
266,15,MIZORAM,MAMIT,-0.024605920799692753,0.12456747404847533,0.13588619761633947,0.15378700499808767,260321.47180406493,0.06959236462219652,-0.14769703960015382,0.22145328719723184,3748513
265,15,MIZORAM,LUNGLEI,-0.032541330257593086,0.13016532103033096,0.1417301038062389,0.15378700499808065,366546.2213614058,0.06663817207547562,-0.14769703960015382,0.24415224913494812,5509505
261,15,MIZORAM,AIZAWL,-0.022206843521722423,0.14173010380623627,0.15378700499805595,0.1663360246059075,297894.427658182,0.07661485874126182,-0.14769703960015382,0.2761399461745483,3898664
613,13,NAGALAND,PAREN,-0.04484429065743852,0.11374086889659793,0.1358861976163301,0.15378700499808706,106859.0975023547,0.047304027680165735,-0.14769703960015382,0.2519646289888504,2264628
248,13,NAGALAND,PHEK,-0.06698961937716266,0.11374086889660497,0.13016532103035733,0.14769703960016484,94038.89654311613,0.04057969289579264,-0.1929104190695886,0.2364628988850442,2323275
250,13,NAGALAND,WOKHA,-0.03543252595155771,0.10851211072665719,0.12456747404845615,0.13588619761629783,101244.15233378597,0.05065060516991239,-0.14769703960015382,0.2069357939254133,2003896
244,13,NAGALAND,DIMAPUR,-0.05173394848135111,0.09356401384082393,0.10851211072664009,0.1301653210303724,24232.69779882077,0.02564350286421637,-0.12456747404844293,0.1929104190695886,949846
245,13,NAGALAND,KOHIMA,-0.035432525951556645,0.10851211072665316,0.12456747404845148,0.141730103806238,80828.37014131737,0.04963408155116517,-0.11909265667051133,0.21413302575932336,1632851
614,13,NAGALAND,KIPHIRE,-0.07111111111111135,0.1085121107266574,0.1301653210303601,0.14769703960016656,52178.629310740376,0.03725482429171639,-0.21413302575932336,0.2364628988850442,1404480
251,13,NAGALAND,ZUNHEBOTO,-0.04158400615148095,0.11909265667052985,0.13588619761631363,0.1476970396001633,106065.24948665912,0.05425336394125838,-0.17279507881584008,0.2364628988850442,1960862
246,13,NAGALAND,MOKOKCHUNG,-0.027128027681661282,0.12456747404846366,0.1358861976163301,0.15378700499808423,125559.86102723308,0.06280050654546411,-0.14173010380622836,0.2364628988850442,2005010
247,13,NAGALAND,MON,-0.05173394848135449,0.10851211072665846,0.12456747404846136,0.14173010380623952,122783.73680345554,0.045172807156504464,-0.16000000000000003,0.24415224913494812,2724066
249,13,NAGALAND,TUENSANG,-0.05536332179930851,0.1137408688966024,0.1301653210303503,0.1476970396001643,122320.72878995753,0.04613506721063171,-0.17279507881584008,0.2519646289888504,2656787
615,13,NAGALAND,LONGLENG,-0.04158400615148091,0.12456747404845932,0.1417301038062429,0.15378700499808234,41270.80798303151,0.056480115454063666,-0.13588619761630144,0.2519646289888504,734358
344,21,ODISHA,ANUGUL,-0.07972318339101303,0.012056901191849507,0.02460592079969217,0.03844675124952102,-197996.87484817856,-0.025974952971659658,-0.186082276047674,0.13016532103037293,7634552
345,21,ODISHA,BOLANGIR (BALANGIR),-0.11909265667052397,-0.03543252595156204,-0.027128027681663225,-0.012056901191848803,-542890.4092934213,-0.06949261488357412,-0.2364628988850442,0.13016532103037293,7823364
346,21,ODISHA,BALASORE (BALESHWAR),-0.10340638216070891,-0.00265060988001884,0.01205690119184897,0.029773164167628752,-190361.074642002,-0.042675247710643995,-0.1929104190695886,0.11374086889657825,4471001
347,21,ODISHA,BARAGARH,-0.10851211072665322,-0.01574778931180554,-0.004510834785830067,0.010396001537870264,-356400.6644086293,-0.050970216488858355,-0.2069357939254133,0.13016532103037293,7004326
348,21,ODISHA,BHADRAK,-0.1301653210303637,-0.04158400615146963,-0.03254133025758987,-0.019930795847751676,-220708.28918409557,-0.0736839089016549,-0.21413302575932336,0.10340638216070744,3001803
350,21,ODISHA,CUTTACK,-0.13016532103036646,-0.03254133025758955,-0.01777777777777883,-0.0026532104160040594,-315863.24590066605,-0.06874097351428511,-0.2364628988850442,0.13016532103037293,4607070
351,21,ODISHA,DEOGARH,-0.07535563244904737,0.019930795847753615,0.03254133025759127,0.044844290657439334,-69968.6672376163,-0.01973072680693187,-0.14769703960015382,0.13016532103037293,3554240
352,21,ODISHA,DHENKANAL,-0.10340638216073032,-0.017777777777779752,-0.006860547653488973,0.004471779103690629,-272713.00830488844,-0.05118926158747329,-0.19986159169550174,0.11374086889657825,5335603
353,21,ODISHA,GAJAPATI,-0.11909265667051909,0.00885813148789009,0.02220684352171986,0.03844675124952059,-181689.05763429284,-0.03717151791637969,-0.21413302575932336,0.12456747404844293,4897594
354,21,ODISHA,GANJAM,-0.1245674740484657,-0.015747789311802825,0.0026433365828737137,0.022206843521720518,-579052.0725249918,-0.058184273631949814,-0.2364628988850442,0.13588619761630144,9965454
355,21,ODISHA,JAGATSINGHPUR,-0.14173010380622322,-0.0629911572472111,-0.05173394848134971,-0.038446751249519774,-194004.74072330995,-0.0940406969076898,-0.24415224913494812,0.08882737408688965,2068255
356,21,ODISHA,JAJAPUR,-0.11909265667052293,-0.022206843521722197,-0.006841857250986262,0.010396001537870196,-215499.59617022966,-0.06223444832872603,-0.2288965782391388,0.10340638216070744,3471072
357,21,ODISHA,JHARSUGUDA,-0.08882737408688429,-0.002653896318533732,0.006799791433482878,0.01574778931180283,-90895.98536550131,-0.03647632924225327,-0.1929104190695886,0.11909265667051133,2499034
358,21,ODISHA,KALAHANDI,-0.1245674740484614,-0.01574778931180279,0.0026419442664293315,0.024605920799691584,-600280.8208479121,-0.06399402393331499,-0.2288965782391388,0.13588619761630144,9392589
359,21,ODISHA,KANDHAMAL,-0.07535563244905029,0.022206843521722266,0.0354325259515593,0.05173394848135203,-169868.59652369705,-0.017806506776009926,-0.186082276047674,0.16633602460592078,9552404
360,21,ODISHA,KENDRAPARHA,-0.1301653210303639,-0.04822760476739004,-0.03543252595155731,-0.02220684352172208,-243313.64465616588,-0.0805654679278372,-0.21413302575932336,0.07535563244905807,3027614
361,21,ODISHA,KEONJHAR (KENDUJHAR),-0.09842368319873254,0.008858131487888875,0.02220684352171986,0.038446751249519406,-339976.9454111126,-0.03410985295442646,-0.2069357939254133,0.14173010380622836,9980176
362,21,ODISHA,KHORDHA,-0.13588619761629855,-0.032541330257591275,-0.01777777777777826,0.004483786622667129,-251084.3455717625,-0.07331184323172739,-0.22145328719723184,0.11374086889657825,3436743
363,21,ODISHA,KORAPUT,-0.11909265667052207,-0.006847465615985551,0.006809310765290915,0.022206843521722065,-512863.65528586076,-0.05180077733257749,-0.2519646289888504,0.14173010380622836,9916232
364,21,ODISHA,MALKANGIRI,-0.13016532103034437,-0.02220684352172145,-0.004491987371174952,0.01574778931180285,-482120.158407907,-0.07088519320533518,-0.2364628988850442,0.1085121107266436,6811277
365,21,ODISHA,MAYURBHANJ,-0.07535563244905133,0.027128027681665876,0.0448442906574548,0.06299115724721897,-281822.3900424751,-0.022495180434928947,-0.17937716262975778,0.186082276047674,12543165
366,21,ODISHA,NABARANGAPUR,-0.11909265667052253,-0.022206843521721368,-0.010396001537870297,8.806472245133478E-4,-398623.11089702294,-0.061647285435809704,-0.19986159169550174,0.1085121107266436,6477055
367,21,ODISHA,NAYAGARH,-0.10851211072665028,-0.004496149851846216,0.010396001537870285,0.029773164167627684,-226932.8977146542,-0.048925753426374986,-0.2069357939254133,0.13016532103037293,4646759
368,21,ODISHA,NUAPARHA,-0.11909265667052978,-0.027128027681664675,-0.01384083044982656,8.928258562377964E-4,-299582.09307393356,-0.06534928487079823,-0.2069357939254133,0.1085121107266436,4592599
369,21,ODISHA,PURI,-0.1417301038062399,-0.03844675124951953,-0.02712802768166214,-0.006843580456690187,-323965.2343893602,-0.07857072302276802,-0.22145328719723184,0.11374086889657825,4132506
370,21,ODISHA,RAYAGARHA,-0.11909265667052106,-0.0044979249706801295,0.013840830449827196,0.03844675124951997,-457275.1976147922,-0.05260584460100152,-0.2519646289888504,0.14769703960015382,8707900
371,21,ODISHA,SAMBALPUR,-0.08421376393695651,0.008858131487888792,0.022206843521721663,0.03543252595156001,-229383.45903729706,-0.028747918775113828,-0.186082276047674,0.12456747404844293,7991881
372,21,ODISHA,SUBARNAPUR,-0.11909265667052317,-0.029773164167630272,-0.019930795847752144,-0.006860035455011573,-190701.36605101547,-0.0675255574951157,-0.2069357939254133,0.08882737408688965,2830803
373,21,ODISHA,SUNDARGARH,-0.07972318339100977,0.03254133025758389,0.044844290657452414,0.05911572472125523,-150862.43704872942,-0.01287645841391253,-0.19986159169550174,0.16000000000000003,11732129
349,21,ODISHA,BAUDH (BAUDA),-0.11374086889658334,0.004488392237763329,0.022206843521722818,0.03844675124952063,-187575.65503346839,-0.050670990117215015,-0.1929104190695886,0.13016532103037293,3710015
598,34,PUDUCHERRY,KARAIKAL,-0.21413302575932186,-0.0842137639369468,-0.07111111111110939,-0.05911572472126115,-23482.178290757114,-0.1297370144024338,-0.2761399461745483,0.029773164167627833,183071
599,34,PUDUCHERRY,MAHE,-0.14173010380622839,-0.035432525951557096,-0.027128027681660925,-0.01574778931180315,-709.2865914919556,-0.06988944422500748,-0.19986159169550174,0.04822760476739715,10600
600,34,PUDUCHERRY,PUDUCHERRY,-0.2141330257593244,-0.084213763936949,-0.07535563244905945,-0.059115724721261274,-45946.28392710215,-0.13482717125707852,-0.28444444444444444,0.06698961937716265,347013
601,34,PUDUCHERRY,YANAM,-0.2069357939254126,-0.06299115724721195,-0.05173394848135306,-0.041584006151480175,-5336.21013239264,-0.12096087014296113,-0.2761399461745483,0.0271280276816609,44886
027,03,PUNJAB,AMRITSAR,-0.03254133025759321,0.08421376393696853,0.09356401384084835,0.11374086889657505,169867.71119072338,0.0484186295217057,-0.14173010380622836,0.22145328719723184,3515937
605,03,PUNJAB,BARNALA,-0.03844675124951923,0.05911572472127006,0.06698961937717252,0.07535563244904951,61787.67917707434,0.033558041379925026,-0.14173010380622836,0.1929104190695886,1846179
028,03,PUNJAB,BATHINDA,-0.029773164167627,0.07111111111108571,0.07972318339100723,0.08882737408688406,176211.05192957685,0.040448885534754155,-0.13588619761630144,0.19986159169550174,4365070
029,03,PUNJAB,FARIDKOT,-0.027128027681661646,0.06698961937717611,0.07535563244904322,0.08421376393694528,76539.7387814017,0.04045062047855219,-0.13016532103037293,0.19986159169550174,1896994
030,03,PUNJAB,FATEHGARH SAHIB,-0.04484429065743816,0.07972318339101936,0.08882737408688994,0.09842368319876402,66320.95501002499,0.0444643802604278,-0.11374086889657825,0.2069357939254133,1496589
651,03,PUNJAB,FAZILKA,-0.041584006151481195,0.07972318339100903,0.09356401384083939,0.1085121107266492,148036.810711373,0.03987313521806433,-0.15378700499807765,0.1929104190695886,3719961
031,03,PUNJAB,FIROZPUR,-0.035432525951557,0.07535563244906648,0.07972318339101843,0.08882737408688458,141280.3277804687,0.045852347104806436,-0.14173010380622836,0.1929104190695886,3088898
032,03,PUNJAB,GURDASPUR,-0.048227604767397333,0.07972318339101826,0.08882737408689025,0.1034063821607045,149506.54420387096,0.043741175158292706,-0.14769703960015382,0.2288965782391388,3424574
033,03,PUNJAB,HOSHIARPUR,-0.06299115724721129,0.07111111111112005,0.07972318339101539,0.09356401384082387,103166.07987480256,0.02330158790148514,-0.14769703960015382,0.21413302575932336,4436125
034,03,PUNJAB,JALANDHAR,-0.08882737408688697,0.06698961937717367,0.07972318339101309,0.10340638216070377,55192.05562864937,0.01604574606278304,-0.14769703960015382,0.21413302575932336,3448570
035,03,PUNJAB,KAPURTHALA,-0.09356401384082318,0.07111111111111898,0.07972318339101098,0.09842368319877184,31445.7938743999,0.014765939883070659,-0.15378700499807765,0.22145328719723184,2138434
036,03,PUNJAB,LUDHIANA,-0.07111111111111657,0.07111111111110832,0.08421376393696182,0.09842368319877563,134088.39343630173,0.02799997806866029,-0.15378700499807765,0.21413302575932336,4796983
037,03,PUNJAB,MANSA,-0.022206843521722423,0.07535563244907316,0.07972318339101737,0.0888273740868878,123660.67030403449,0.0442710271870376,-0.14769703960015382,0.17937716262975778,2800307
038,03,PUNJAB,MOGA,-0.05536332179930999,0.06299115724724198,0.07111111111111972,0.08421376393694598,95424.80998921023,0.03269005719714441,-0.13016532103037293,0.186082276047674,2925171
039,03,PUNJAB,SRI MUKTSAR SAHIB,-0.024605920799692926,0.07111111111108685,0.07972318339100008,0.08882737408687821,138621.22145020324,0.04065290930151559,-0.14173010380622836,0.19986159169550174,3417177
040,03,PUNJAB,SHAHID BHAGAT SINGH NAGAR,-0.04484429065743838,0.0753556324490651,0.08421376393695831,0.09842368319876764,61273.940351481244,0.03723578910159341,-0.13016532103037293,0.1929104190695886,1650822
662,03,PUNJAB,PATHANKOT,-0.06698961937716238,0.07972318339101774,0.09356401384082233,0.10851211072664063,40751.71119860208,0.03254533217620899,-0.16633602460592078,0.21413302575932336,1257220
041,03,PUNJAB,PATIALA,-0.027128027681661424,0.08421376393696452,0.08882737408690067,0.10340638216071614,216906.60655332694,0.050669130459923765,-0.12456747404844293,0.19986159169550174,4293984
042,03,PUNJAB,RUPNAGAR,-0.04158400615148098,0.07535563244905022,0.08421376393695236,0.09356401384082387,60809.69040506537,0.033989311769636245,-0.14769703960015382,0.19986159169550174,1795740
043,03,PUNJAB,SANGRUR,-0.027128027681661816,0.06698961937717708,0.07535563244905268,0.08421376393694954,183264.32090618918,0.039380996189939316,-0.13588619761630144,0.19986159169550174,4664151
608,03,PUNJAB,SAS NAGAR (SAHIBZADA AJIT SINGH NAGAR),-0.04158400615148092,0.07972318339101396,0.09356401384082415,0.1190926566705105,51891.91463220929,0.03662839471606001,-0.14769703960015382,0.19986159169550174,1423227
609,03,PUNJAB,TARN TARAN,-0.02977316416762756,0.08421376393697466,0.08882737408686955,0.09842368319877115,166685.4985908466,0.05288713783556917,-0.16000000000000003,0.22145328719723184,3158113
086,08,RAJASTHAN,AJMER,-0.15378700499808723,0.019930795847753206,0.0384467512495207,0.05536332179930781,-539995.3204038145,-0.051228181957668664,-0.24415224913494812,0.16000000000000003,10557272
087,08,RAJASTHAN,ALWAR,-0.14769703960017208,0.055363321799308036,0.06698961937717311,0.07972318339101049,-136787.64787254986,-0.012967344842779427,-0.24415224913494812,0.17937716262975778,10566667
088,08,RAJASTHAN,BANSWARA,-0.20693579392538944,0.03254133025758742,0.05536332179929932,0.0753556324490415,-369208.9153533211,-0.06726737677338293,-0.2761399461745483,0.15378700499807765,5496965
089,08,RAJASTHAN,BARAN,-0.179377162629812,0.09356401384083111,0.11909265667052396,0.14173010380620749,-111444.48370748172,-0.012941086263755112,-0.28444444444444444,0.2069357939254133,8624299
090,08,RAJASTHAN,BARMER,-0.17279507881581507,-0.0629911572472294,-0.04822760476739676,-0.024605920799691778,-3776349.632522269,-0.10739712223090983,-0.3188927335640138,0.11909265667051133,35184293
091,08,RAJASTHAN,BHARATPUR,-0.13016532103035128,0.07111111111111984,0.08421376393695443,0.09842368319876453,108805.07810416308,0.017135898632560553,-0.2069357939254133,0.17279507881584008,6364210
092,08,RAJASTHAN,BHILWARA,-0.14173010380622925,0.03254133025759013,0.05173394848134787,0.0711111111111159,-545846.1035194515,-0.04210877016788576,-0.24415224913494812,0.17937716262975778,12977374
093,08,RAJASTHAN,BIKANER,-0.09356401384085296,0.0120569011918486,0.027128027681664096,0.04158400615147494,-1129244.6970475642,-0.029503534140645837,-0.22145328719723184,0.16000000000000003,38299184
094,08,RAJASTHAN,BUNDI,-0.14173010380622797,0.09356401384086224,0.11374086889657878,0.1301653210303406,-49274.55262570845,-0.006900284240311873,-0.2364628988850442,0.2069357939254133,7150747
095,08,RAJASTHAN,CHITTAURGARH,-0.1537870049980796,0.035432525951553925,0.055363321799303276,0.07535563244904997,-403416.9596203472,-0.04198335702932347,-0.24415224913494812,0.16633602460592078,9628634
096,08,RAJASTHAN,CHURU,-0.10851211072664944,0.006818855581838488,0.022206843521722315,0.0384467512495217,-757850.8944399748,-0.04318224549842571,-0.21413302575932336,0.16000000000000003,17570047
097,08,RAJASTHAN,DAUSA,-0.13588619761629855,0.055363321799302874,0.06698961937717211,0.08421376393695054,-81764.14582915507,-0.019138135935375312,-0.2519646289888504,0.15378700499807765,4282491
098,08,RAJASTHAN,DHAULPUR,-0.1417301038062345,0.07972318339099718,0.09356401384085725,0.10851211072665569,-8867.603934769591,-0.00234074094711642,-0.22145328719723184,0.17937716262975778,3796325
099,08,RAJASTHAN,DUNGARPUR,-0.19291041906958362,-0.02460592079969182,-0.0026487523511731516,0.02460592079969266,-446166.2737414812,-0.09706085266758357,-0.28444444444444444,0.11909265667051133,4604348
101,08,RAJASTHAN,HANUMANGARH,-0.07535563244905914,0.059115724721271974,0.0753556324490619,0.08882737408687437,14109.754388896283,0.00113690716684607,-0.17937716262975778,0.2069357939254133,12428490
102,08,RAJASTHAN,JAIPUR,-0.13016532103035902,0.03543252595155575,0.051733948481347186,0.06698961937716781,-507443.85741525417,-0.03639622419215168,-0.2599000384467512,0.15378700499807765,13958482
103,08,RAJASTHAN,JAISALMER,-0.14173010380624995,-0.0026484547117512952,0.012056901191848747,0.029773164167630713,-2853569.6080539753,-0.059238286740030545,-0.3014225297962323,0.14173010380622836,48195167
104,08,RAJASTHAN,JALOR,-0.1860822760477051,-0.0553633217993068,-0.038446751249521564,-0.01574778931180285,-1421228.655989013,-0.10836676130622695,-0.3188927335640138,0.15378700499807765,13130168
105,08,RAJASTHAN,JHALAWAR,-0.20693579392538405,0.03254133025758992,0.05173394848134819,0.07111111111111576,-438632.46382767736,-0.056450141250572634,-0.28444444444444444,0.17279507881584008,7785147
106,08,RAJASTHAN,JHUNJHUNUN,-0.12456747404846671,0.029773164167631722,0.04158400615147168,0.05536332179930444,-239680.34929121425,-0.03200144468169527,-0.22145328719723184,0.13588619761630144,7500078
107,08,RAJASTHAN,JODHPUR,-0.18608227604766533,-0.02977316416763203,-0.013840830449826447,0.0044774327117103295,-2512451.8250812865,-0.08867290815364232,-0.31009611687812383,0.13588619761630144,28354930
108,08,RAJASTHAN,KARAULI,-0.1793771626297999,0.05536332179930415,0.07111111111111883,0.08882737408688626,-312067.62434300035,-0.049890241778249085,-0.2519646289888504,0.16633602460592078,6265890
100,08,RAJASTHAN,GANGANAGAR,-0.03844675124952161,0.09356401384087665,0.10851211072666067,0.12456747404846873,517192.7714929733,0.036971246287566165,-0.15378700499807765,0.22145328719723184,14004924
109,08,RAJASTHAN,KOTA,-0.1476970396001739,0.1085121107266605,0.13016532103034523,0.15378700499805173,22783.07473695622,0.003632232544129302,-0.2288965782391388,0.22145328719723184,6284796
110,08,RAJASTHAN,NAGAUR,-0.1793771626298093,-0.03844675124951859,-0.017777777777778805,0.002640742609197193,-2011707.886366873,-0.09017200914215114,-0.28444444444444444,0.12456747404844293,22328531
111,08,RAJASTHAN,PALI,-0.17279507881585052,-0.027128027681662295,-0.006838631648696854,0.019930795847751075,-1402771.1234827163,-0.09145641387125504,-0.31009611687812383,0.16633602460592078,15355856
629,08,RAJASTHAN,PRATAPGARH,-0.18608227604771174,0.013840830449826914,0.03254133025759201,0.05173394848134997,-389687.6256644723,-0.07183307082795275,-0.2761399461745483,0.14173010380622836,5433909
112,08,RAJASTHAN,RAJ SAMAND,-0.16000000000000966,0.01384083044982666,0.03844675124952098,0.05911572472126411,-374424.48257361585,-0.06557425803312,-0.2679584775086506,0.16000000000000003,5723908
113,08,RAJASTHAN,SAWAI MADHOPUR,-0.14173010380622852,0.05536332179930121,0.0711111111111179,0.08421376393694753,-80416.66627818513,-0.012866425212208276,-0.24415224913494812,0.186082276047674,6261504
114,08,RAJASTHAN,SIKAR,-0.13016532103035133,0.013840830449826369,0.03254133025759249,0.05173394848134952,-515811.16000353405,-0.052996394098627914,-0.2288965782391388,0.13588619761630144,9747199
115,08,RAJASTHAN,SIROHI,-0.18608227604769867,-0.035432525951557395,-0.015747789311802807,0.006821884689653736,-627872.187096505,-0.09946755197299074,-0.3014225297962323,0.14173010380622836,6321547
116,08,RAJASTHAN,TONK,-0.1085121107266433,0.048227604767383365,0.05911572472125587,0.07111111111111783,-15379.255002658698,-0.001719257029907156,-0.2288965782391388,0.16000000000000003,8958642
117,08,RAJASTHAN,UDAIPUR,-0.1793771626297983,-0.0044946812687053014,0.02220684352172096,0.05173394848135058,-1176712.8847250845,-0.08196832508795919,-0.2761399461745483,0.17279507881584008,14373207
225,11,SIKKIM,EAST,-0.17279507881584938,0.12456747404846676,0.14769703960016806,0.166336024605925,30308.06671892864,0.02573680030599412,-0.2599000384467512,0.2364628988850442,1180616
226,11,SIKKIM,NORTH,-0.23646289888503594,0.08421376393696209,0.1245674740484654,0.1663360246058987,-402342.66793045367,-0.0755092269694953,-0.3278123798539023,0.2599000384467512,5335204
227,11,SIKKIM,SOUTH,-0.09356401384083161,0.14173010380620477,0.1600000000000177,0.17937716262975423,56906.5544639439,0.061904185705490646,-0.2288965782391388,0.24415224913494812,922577
228,11,SIKKIM,WEST,-0.18608227604771024,0.13016532103033285,0.1537870049980664,0.17279507881584957,22772.809876678475,0.015091282629029786,-0.2761399461745483,0.24415224913494812,1512801
610,33,TAMIL NADU,ARIYALUR,-0.2069357939253915,-0.08882737408687899,-0.07972318339101463,-0.06299115724721124,-291290.3549393381,-0.13210251440044274,-0.31009611687812383,0.05911572472126105,2209715
730,33,TAMIL NADU,CHENGALPATTU,-0.19986159169548662,-0.07111111111111913,-0.05173394848134972,-0.024605920799692947,-379763.65114480775,-0.12176543696167216,-0.28444444444444444,0.08882737408688965,3125557
568,33,TAMIL NADU,CHENNAI,-0.19986159169549791,-0.05536332179931017,-0.03844675124951861,-0.019930795847750822,-39056.40009998649,-0.10189165122480848,-0.2761399461745483,0.08421376393694734,385506
569,33,TAMIL NADU,COIMBATORE,-0.1301653210303432,0.06698961937716884,0.09842368319877019,0.13016532103037312,-105450.2139125964,-0.01962369031975572,-0.2364628988850442,0.2364628988850442,5383851
570,33,TAMIL NADU,CUDDALORE,-0.22889657823911203,-0.08882737408686726,-0.07535563244904668,-0.059115724721263876,-596840.8764830475,-0.141304851462485,-0.3188927335640138,0.09356401384083046,4233341
571,33,TAMIL NADU,DHARMAPURI,-0.1476970396001658,-0.01384083044982683,0.0026390809721316185,0.01993079584775199,-344023.68667685916,-0.06692058444868755,-0.2519646289888504,0.11909265667051133,5150772
572,33,TAMIL NADU,DINDIGUL,-0.16633602460592428,0.04822760476739585,0.07535563244905488,0.10340638216072351,-407098.4208218709,-0.059174697222324206,-0.2761399461745483,0.21413302575932336,6891183
573,33,TAMIL NADU,ERODE,-0.14173010380623,0.027128027681664144,0.04484429065744697,0.06299115724721123,-264926.37040311797,-0.045447348517716604,-0.24415224913494812,0.17937716262975778,5843263
574,33,TAMIL NADU,KANCHIPURAM,-0.1793771626297512,-0.05911572472126319,-0.03844675124952041,-0.01993079584775119,-211280.29179873888,-0.10551237661789561,-0.28444444444444444,0.08421376393694734,2010389
729,33,TAMIL NADU,KALLAKKURICHI,-0.17937716262978706,-0.024605920799688992,-9.264871937135242E-4,0.022206843521721475,-377378.64164625737,-0.09355463517632995,-0.28444444444444444,0.11909265667051133,4041352
575,33,TAMIL NADU,KANYAKUMARI,-0.21413302575933207,0.025860692350068243,0.05911572472126407,0.0935640138408245,-129864.07535300248,-0.06843942169637704,-0.3278123798539023,0.21413302575932336,1902020
576,33,TAMIL NADU,KARUR,-0.21413302575931162,-0.08421376393696543,-0.07111111111111756,-0.05911572472126391,-440733.556439219,-0.13333886060301847,-0.3188927335640138,0.06698961937716265,3313874
578,33,TAMIL NADU,MADURAI,-0.19986159169548792,-0.04158400615148124,-0.008858131487889213,0.03254133025759218,-437100.75827655214,-0.10388586070952152,-0.3014225297962323,0.17937716262975778,4217505
587,33,TAMIL NADU,NILGIRIS,-0.09356401384082354,0.08882737408688599,0.10340638216071829,0.12456747404844155,58817.2564830438,0.02121148851542574,-0.186082276047674,0.2288965782391388,2779224
579,33,TAMIL NADU,NAGAPATTINAM,-0.22145328719722823,-0.09842368319877166,-0.08882737408688211,-0.0711111111111113,-429912.4238359543,-0.14718720388448495,-0.3188927335640138,0.041584006151480196,2930267
580,33,TAMIL NADU,NAMAKKAL,-0.17279507881585057,-0.038446751249521176,-0.006837072493560995,0.02712802768166048,-389968.6497985121,-0.10004856543399475,-0.2599000384467512,0.14769703960015382,3905479
581,33,TAMIL NADU,PERAMBALUR,-0.1860822760476934,-0.07535563244907487,-0.06299115724721113,-0.05173394848134909,-229948.88414963108,-0.11486686205117226,-0.2679584775086506,0.0629911572472126,2007167
582,33,TAMIL NADU,PUDUKKOTTAI,-0.22145328719721552,-0.10851211072666349,-0.09842368319875418,-0.08421376393695251,-807988.7165471464,-0.1527979393291384,-0.3188927335640138,0.029773164167627833,5299699
583,33,TAMIL NADU,RAMANATHAPURAM,-0.24415224913492978,-0.10340638216073483,-0.0888273740868791,-0.0711111111111161,-746581.0934286886,-0.1603450671861782,-0.36472126105344094,0.03844675124951941,4668989
731,33,TAMIL NADU,RANIPPETTAI,-0.17279507881584796,-0.05173394848134591,-0.03844675124952135,-0.022206843521722416,-202228.9804715071,-0.09531121428580226,-0.2761399461745483,0.09356401384083046,2128423
584,33,TAMIL NADU,SALEM,-0.15378700499808887,-0.002648433696731796,0.019930795847751707,0.04822760476739379,-487940.6592230474,-0.0711809141924626,-0.2599000384467512,0.15378700499807765,6871944
585,33,TAMIL NADU,SIVAGANGA,-0.22145328719720686,-0.10340638216073617,-0.08882737408688787,-0.07111111111111575,-727970.4044829073,-0.15120284401984996,-0.31009611687812383,0.03543252595155709,4827074
588,33,TAMIL NADU,TENI,-0.16000000000001463,0.06299115724721117,0.08882737408688825,0.1190926566705086,-104118.6346013809,-0.03199748551965071,-0.28444444444444444,0.2288965782391388,3260399
733,33,TAMIL NADU,TENKASI,-0.16633602460592484,0.012056901191848862,0.059115724721263786,0.10851211072664235,-211719.69944049846,-0.06654473452522476,-0.28444444444444444,0.21413302575932336,3188221
586,33,TAMIL NADU,THANJAVUR,-0.22889657823913265,-0.10340638216072949,-0.09356401384083401,-0.07535563244905352,-588366.45356943,-0.15095911821748534,-0.3188927335640138,0.07972318339100345,3908681
590,33,TAMIL NADU,THIRUVARUR,-0.23646289888501862,-0.11374086889658261,-0.09842368319875845,-0.084213763936952,-416174.1128046374,-0.16154289717381673,-0.3014225297962323,0.03844675124951941,2584269
591,33,TAMIL NADU,TIRUCHIRAPALLI,-0.2141330257593152,-0.07972318339101483,-0.05911572472125889,-0.0325413302575933,-677561.2976896137,-0.1324164827481622,-0.29287197231833906,0.09842368319876971,5131417
592,33,TAMIL NADU,TIRUNELVELI,-0.22145328719722243,0.05536332179930228,0.08882737408688657,0.11374086889657323,-320279.9154561587,-0.07294989828856804,-0.34602076124567477,0.2364628988850442,4398780
634,33,TAMIL NADU,TIRUPPUR,-0.15999999999999265,-0.012056901191849686,0.02712802768166251,0.07111111111111619,-460233.82216455543,-0.07779973629528104,-0.2761399461745483,0.19986159169550174,5928070
732,33,TAMIL NADU,TIRUPPATTUR,-0.14173010380622672,-0.010396001537870304,0.0026410699384593938,0.019930795847750697,-149276.4003633408,-0.06159232070854517,-0.24415224913494812,0.1085121107266436,2429659
589,33,TAMIL NADU,TIRUVALLUR,-0.19986159169548634,-0.06299115724721112,-0.044844290657438585,-0.024605920799692847,-419420.6531144263,-0.11308965836222833,-0.29287197231833906,0.07972318339100345,3721243
593,33,TAMIL NADU,TIRUVANNAMALAI,-0.16633602460592506,-0.027128027681662854,-0.006838706633579262,0.019930795847751127,-603772.4538745813,-0.08536354713433962,-0.2761399461745483,0.11909265667051133,7086228
594,33,TAMIL NADU,TUTICORIN,-0.24415224913492906,-0.06299115724722516,-0.04822760476739797,-0.02712802768166121,-674576.1428363731,-0.12575780942052306,-0.3553094963475586,0.08421376393694734,5373009
595,33,TAMIL NADU,VELLORE,-0.15378700499808462,-0.01777777777777908,-9.345248616855779E-4,0.01777777777777791,-168172.42998419874,-0.06956817756384141,-0.2519646289888504,0.1085121107266436,2425418
596,33,TAMIL NADU,VILLUPURAM,-0.19986159169548612,-0.07111111111111942,-0.05911572472125887,-0.03844675124951986,-503477.1064119567,-0.1202745546430758,-0.29287197231833906,0.09842368319876971,4197052
597,33,TAMIL NADU,VIRUDHUNAGAR,-0.206935793925384,-0.04158400615148054,-0.009668267112971357,0.04158400615148108,-536119.9744595531,-0.11154915119904345,-0.3014225297962323,0.21413302575932336,4816093
577,33,TAMIL NADU,KRISHNAGIRI,-0.1301653210303702,-0.012056901191849802,8.95453730793596E-4,0.01574778931180283,-329951.1068541154,-0.05612348178088763,-0.2519646289888504,0.12456747404844293,5891097
501,36,TELANGANA,ADILABAD,-0.1600000000000001,-0.04158400615147114,-0.02977316416762927,-0.013840830449826997,-404198.23804780224,-0.0853481921681691,-0.2364628988850442,0.08421376393694734,4743469
507,36,TELANGANA,HYDERABAD,-0.09842368319877036,0.03543252595155947,0.04822760476739501,0.06299115724721142,-1763.345230175614,-0.007867755440049104,-0.17279507881584008,0.13016532103037293,225991
508,36,TELANGANA,KARIMNAGAR,-0.13016532103036815,0.013840830449826256,0.024605920799692295,0.03543252595155977,-87434.40662688678,-0.03706744756524086,-0.2364628988850442,0.1085121107266436,2364683
690,36,TELANGANA,BHADRADRI KOTHAGUDEM,-0.13588619761629808,-0.017777777777779766,-0.006851398422189277,0.006791319848157896,-478478.36418113107,-0.05907120416517893,-0.24415224913494812,0.11909265667051133,8112200
512,36,TELANGANA,MAHABUBNAGAR,-0.14769703960016,-0.03254133025759179,-0.01993079584775132,-0.004511981604891823,-247636.08652683676,-0.07574111050448769,-0.24415224913494812,0.09356401384083046,3277821
692,36,TELANGANA,SIDDIPET,-0.12456747404845213,-0.006838634371427376,0.006809339146289654,0.019930795847751273,-226345.65514675368,-0.05198215696852954,-0.2364628988850442,0.09842368319876971,4362172
514,36,TELANGANA,NALGONDA,-0.16633602460587157,-0.027128027681664377,-0.010396001537870297,0.004476416605823672,-679407.249667703,-0.08077741364639024,-0.2761399461745483,0.08421376393694734,8420108
516,36,TELANGANA,NIZAMABAD,-0.14173010380623366,0.03844675124951067,0.05173394848134695,0.06299115724721117,-161892.14536591803,-0.03259505671487697,-0.2364628988850442,0.12456747404844293,4973584
518,36,TELANGANA,RANGAREDDY,-0.14173010380623147,-0.038446751249518456,-0.02460592079969209,-0.006841709509347136,-458740.4279177864,-0.07852399996883137,-0.2364628988850442,0.13016532103037293,5852435
720,36,TELANGANA,MULUGU,-0.15378700499808393,-0.0325413302575853,-0.019930795847752755,-0.00450869898192622,-356587.7596257902,-0.07064904187718919,-0.2519646289888504,0.09356401384083046,5054976
695,36,TELANGANA,JOGULAMBA GADWAL,-0.15378700499808381,-0.024605920799690446,-0.013840830449826758,8.99028261404863E-4,-205061.20676493962,-0.06855400648485258,-0.24415224913494812,0.08882737408688965,2996596
699,36,TELANGANA,KUMURAM BHEEM,-0.15378700499808698,-0.05536332179931511,-0.04484429065744744,-0.029773164167627292,-488393.7886733402,-0.09093353730393726,-0.2364628988850442,0.06698961937716265,5379788
684,36,TELANGANA,MANCHERIAL,-0.14769703960017372,-0.032541330257590324,-0.017777777777778628,-9.376498602134807E-4,-338316.27306343795,-0.07427089484892892,-0.24415224913494812,0.07972318339100345,4563416
680,36,TELANGANA,NIRMAL,-0.14769703960016123,-0.010396001537870311,0.004479392701155482,0.019930795847752095,-268511.3446527219,-0.06115036928082078,-0.22145328719723184,0.11374086889657825,4400168
685,36,TELANGANA,KAMAREDDY,-0.1599999999999967,0.013840830449827502,0.03254133025759368,0.04822760476739644,-255131.14792293496,-0.05787496502185782,-0.2761399461745483,0.11374086889657825,4417377
691,36,TELANGANA,SANGAREDDY,-0.1727950788158508,-0.02712802768166411,-0.013840830449826673,8.889083810418977E-4,-409660.9576749676,-0.07844135044573339,-0.2519646289888504,0.11374086889657825,5234286
694,36,TELANGANA,NAGARKURNOOL,-0.17937716262979184,-0.035432525951560656,-0.022206843521722922,-0.0068537443130597744,-646637.75577813,-0.08955259669410721,-0.2599000384467512,0.1085121107266436,7230954
693,36,TELANGANA,WANAPARTHY,-0.16000000000000214,-0.029773164167630043,-0.01574778931180283,8.916034966465874E-4,-195956.65046610654,-0.07721699700243252,-0.24415224913494812,0.09842368319876971,2543857
721,36,TELANGANA,NARAYANPET,-0.1663360246059249,-0.029773164167630747,-0.01574778931180282,9.018349110846358E-4,-222742.0990112576,-0.0793454531771814,-0.2761399461745483,0.10340638216070744,2813898
698,36,TELANGANA,VIKARABAD,-0.1537870049980703,-0.051733948481345264,-0.03844675124951833,-0.02460592079969254,-394211.49008631834,-0.09096236280764838,-0.2519646289888504,0.10340638216070744,4341820
700,36,TELANGANA,MEDCHAL-MALKAJGIRI,-0.12456747404844286,-0.004498516389344744,0.012056901191848777,0.02977316416762847,-69779.23015907529,-0.05538477476372961,-0.2069357939254133,0.11374086889657825,1263977
697,36,TELANGANA,YADADRI BHUVANAGIRI,-0.14769703960016076,-0.010396001537870306,0.004479537127447576,0.022206843521720573,-245397.78660523533,-0.06490217275347822,-0.24415224913494812,0.09842368319876971,3788544
696,36,TELANGANA,SURYAPET,-0.14769703960016783,-0.00885813148788985,8.880201310086488E-4,0.012056901191848593,-248081.77669326137,-0.059057277192682084,-0.24415224913494812,0.08421376393694734,4207558
509,36,TELANGANA,KHAMMAM,-0.14173010380622236,-0.027128027681663665,-0.013840830449827306,-9.297935328871374E-4,-399839.54721758835,-0.07307838749037825,-0.24415224913494812,0.10340638216070744,5483474
688,36,TELANGANA,MAHABUBABAD,-0.14173010380621745,-0.03254133025758937,-0.017777777777778826,-0.004504598627408885,-311892.94373554364,-0.0751055025578534,-0.2599000384467512,0.12456747404844293,4159758
689,36,TELANGANA,JANGAON,-0.1190926566705146,-0.006839069105444482,0.006805085047669889,0.019930795847751016,-146049.70922464473,-0.05137536943159415,-0.24415224913494812,0.1085121107266436,2848930
686,36,TELANGANA,WARANGAL (URBAN),-0.13016532103036804,-0.004503898566186232,0.006812230345311891,0.019930795847751447,-74415.12257364327,-0.05441287065996229,-0.24415224913494812,0.1085121107266436,1371299
522,36,TELANGANA,WARANGAL (RURAL),-0.1245674740484505,-0.012056901191849403,-9.37942641603465E-4,0.010396001537870235,-148853.74513742872,-0.05669761632535441,-0.24415224913494812,0.13016532103037293,2631366
687,36,TELANGANA,JAYASHANKAR BHUPALAPALLY,-0.13588619761629686,-0.02712802768166324,-0.01384083044982734,8.982006465808796E-4,-214952.6074368138,-0.06348742543648715,-0.2679584775086506,0.08882737408688965,3392864
682,36,TELANGANA,PEDDAPALLI,-0.1537870049980851,0.012056901191849602,0.022206843521721788,0.03543252595155946,-135513.7641651444,-0.052402913742069894,-0.2519646289888504,0.09842368319876971,2590845
681,36,TELANGANA,JAGTIAL,-0.1537870049980859,-0.004497570429787486,0.006809200427413881,0.01993079584775211,-206631.24424448793,-0.06068662310227744,-0.24415224913494812,0.08882737408688965,3410637
683,36,TELANGANA,RANJANNA SIRCILLA,-0.13016532103037465,0.013840830449826334,0.02460592079969303,0.035432525951558984,-91554.97945948239,-0.043000980261219485,-0.22145328719723184,0.11909265667051133,2133794
513,36,TELANGANA,MEDAK,-0.11374086889658902,0.006818417462655257,0.022206843521720636,0.035432525951559,-150073.41734359646,-0.04650697140689422,-0.2069357939254133,0.11909265667051133,3235035
269,16,TRIPURA,DHALAI,-0.04822760476739421,0.05911572472125664,0.07111111111111891,0.0842137639369488,44119.85837291827,0.015864375202223318,-0.11374086889657825,0.186082276047674,2787504
654,16,TRIPURA,GOMATI,-0.05911572472126403,0.044844290657448015,0.05536332179930557,0.07111111111111405,10477.40423890798,0.005317634129709803,-0.13588619761630144,0.17279507881584008,1976295
652,16,TRIPURA,KHOWAI,-0.055363321799307225,0.04484429065744409,0.055363321799308314,0.06698961937716157,9719.512666709219,0.007568987391958637,-0.13016532103037293,0.19986159169550174,1288086
270,16,TRIPURA,NORTH TRIPURA,-0.04822760476739629,0.07111111111111802,0.08421376393695053,0.09842368319876618,45952.08652746319,0.02793259027026882,-0.13016532103037293,0.16633602460592078,1650811
653,16,TRIPURA,SEPAHIJALA,-0.04822760476739441,0.04822760476740023,0.05911572472126497,0.0711111111111119,15405.00765780168,0.011946508997468096,-0.11909265667051133,0.14173010380622836,1294414
271,16,TRIPURA,SOUTH TRIPURA,-0.0553633217993081,0.04822760476740071,0.059115724721264674,0.07111111111111387,14372.963256178333,0.008096973323116286,-0.11909265667051133,0.14173010380622836,1781389
655,16,TRIPURA,UNOKOTI,-0.055363321799312366,0.07111111111111952,0.08421376393695554,0.09356401384082434,21766.054502261253,0.02580877851005305,-0.11374086889657825,0.16633602460592078,846595
272,16,TRIPURA,WEST TRIPURA,-0.05173394848135383,0.0448442906574439,0.055363321799305885,0.0711111111111139,8610.144030633865,0.007478521186086588,-0.11909265667051133,0.13588619761630144,1154860
118,09,UTTAR PRADESH,AGRA,-0.05173394848135405,0.08882737408687884,0.10340638216072398,0.11374086889658194,169352.03241389067,0.033409768190196865,-0.2069357939254133,0.17937716262975778,5084762
119,09,UTTAR PRADESH,ALIGARH,-0.04158400615148116,0.08882737408687547,0.10340638216072788,0.11374086889657319,201198.19532855332,0.042937553061355625,-0.13588619761630144,0.1929104190695886,4695914
121,09,UTTAR PRADESH,AMBEDKARNAGAR,-0.02977316416762688,0.09842368319873847,0.10851211072665999,0.11909265667052443,154716.56659004383,0.05334581980175335,-0.13016532103037293,0.186082276047674,2907631
640,09,UTTAR PRADESH,AMETHI,-0.04158400615148107,0.07972318339101313,0.08882737408687251,0.09842368319877175,106985.05637404164,0.035432832343647025,-0.12456747404844293,0.16000000000000003,3027141
154,09,UTTAR PRADESH,AMROHA,-0.03254133025759216,0.07111111111111955,0.07972318339101575,0.09356401384082397,95571.5757571644,0.030553638543855188,-0.1085121107266436,0.19986159169550174,3135410
122,09,UTTAR PRADESH,AURAIYA,-0.03543252595155878,0.0984236831987458,0.10851211072665834,0.12456747404845674,114465.03714651125,0.04543477079714585,-0.11909265667051133,0.1929104190695886,2525028
123,09,UTTAR PRADESH,AZAMGARH,-0.01384083044982671,0.10340638216073818,0.11374086889658988,0.12456747404845817,307552.8430086814,0.05876086965243742,-0.13588619761630144,0.2069357939254133,5243512
133,09,UTTAR PRADESH,BUDAUN,-0.03254133025759306,0.10340638216073879,0.11374086889659552,0.13016532103035874,275382.15486801654,0.05119157591312508,-0.12456747404844293,0.22145328719723184,5388312
124,09,UTTAR PRADESH,BAGHPAT,-0.0669896193771638,0.051733948481348,0.0669896193771664,0.08421376393694668,4123.319591285866,0.002443975435032553,-0.13016532103037293,0.16633602460592078,1691561
125,09,UTTAR PRADESH,BAHRAICH,-0.05173394848135279,0.07535563244906772,0.08421376393696108,0.09842368319876633,155132.91417860915,0.02489011228010092,-0.15378700499807765,0.17937716262975778,6244557
126,09,UTTAR PRADESH,BALLIA,-0.04484429065743839,0.10340638216072777,0.11374086889658283,0.13016532103036962,179075.31884911476,0.04828282043781862,-0.13588619761630144,0.19986159169550174,3717530
127,09,UTTAR PRADESH,BALRAMPUR,-0.05173394848134987,0.0711111111111195,0.08882737408688045,0.10340638216071985,79495.74605363305,0.018911489345142155,-0.14769703960015382,0.17279507881584008,4212204
128,09,UTTAR PRADESH,BANDA,-0.06698961937716282,0.08882737408690486,0.1034063821607322,0.11909265667052799,196245.87600659087,0.035658917096384954,-0.2069357939254133,0.1929104190695886,5516307
129,09,UTTAR PRADESH,BARABANKI,-0.04484429065743809,0.0711111111111198,0.08421376393695443,0.09842368319876525,117923.6281181657,0.02450927129490745,-0.14173010380622836,0.17937716262975778,4821092
130,09,UTTAR PRADESH,BAREILLY,-0.013840830449826732,0.1085121107266523,0.11909265667053055,0.13016532103035658,315145.44049872574,0.06029273174120091,-0.12456747404844293,0.21413302575932336,5236856
131,09,UTTAR PRADESH,BASTI,-0.03844675124952038,0.10340638216074063,0.11374086889658691,0.1245674740484625,178459.8802030282,0.05124058836324446,-0.14173010380622836,0.19986159169550174,3489747
179,09,UTTAR PRADESH,BHADOHI,-0.015747789311802908,0.0842137639369699,0.09356401384085526,0.10340638216072356,62145.45070064286,0.04959385153352514,-0.1085121107266436,0.16633602460592078,1258326
132,09,UTTAR PRADESH,BIJNOR,-0.041584006151481175,0.055363321799309285,0.06698961937717016,0.08421376393694725,99216.11132786766,0.016845971885436017,-0.13588619761630144,0.19986159169550174,5897437
134,09,UTTAR PRADESH,BULANDSHAHR,-0.03543252595155866,0.08421376393696774,0.09356401384083904,0.1085121107266487,178160.25810414104,0.03996606594359126,-0.11909265667051133,0.19986159169550174,4465675
135,09,UTTAR PRADESH,CHANDAULI,-0.07972318339101538,0.051733948481345035,0.06299115724721113,0.075355632449046,6843.625271875519,0.0021778673974810433,-0.186082276047674,0.16000000000000003,3149762
136,09,UTTAR PRADESH,CHITRAKOOT,-0.09356401384082831,0.09356401384086979,0.103406382160734,0.11909265667052185,72251.7383817551,0.018352831038426453,-0.19986159169550174,0.186082276047674,3947058
137,09,UTTAR PRADESH,DEORIA,-0.017777777777777382,0.11909265667053535,0.13016532103034745,0.14173010380624362,215551.70757067873,0.06821860139921973,-0.13016532103037293,0.1929104190695886,3167421
140,09,UTTAR PRADESH,AYODHYA,-0.055363321799309154,0.05911572472125363,0.07111111111111805,0.08421376393694573,50319.87383267909,0.014994050516691636,-0.14173010380622836,0.17937716262975778,3363207
138,09,UTTAR PRADESH,ETAH,-0.032541330257593364,0.09842368319874183,0.11374086889660469,0.12456747404845976,152911.52675247903,0.05017817965300565,-0.14173010380622836,0.2069357939254133,3057112
139,09,UTTAR PRADESH,ETAWAH,-0.041584006151481154,0.1034063821607342,0.11909265667052633,0.13016532103037604,117376.7681017522,0.04039399895223219,-0.13016532103037293,0.186082276047674,2912455
141,09,UTTAR PRADESH,FARRUKHABAD,-0.0482276047673977,0.0935640138408215,0.11909265667051787,0.14173010380624165,84034.2347097157,0.030676216217689845,-0.12456747404844293,0.2288965782391388,2746061
142,09,UTTAR PRADESH,FATEHPUR,-0.044844290657438106,0.09842368319874058,0.11374086889658386,0.12456747404845676,249315.53229403598,0.04821945584292021,-0.14769703960015382,0.1929104190695886,5179341
143,09,UTTAR PRADESH,FIROZABAD,-0.03844675124952103,0.0935640138408628,0.10340638216073013,0.11909265667051941,116141.21457493224,0.03826473899399952,-0.16633602460592078,0.186082276047674,3043033
144,09,UTTAR PRADESH,GAUTAMBUDHNAGAR,-0.02712802768166172,0.08882737408688679,0.1034063821607098,0.11909265667051055,80350.19243776432,0.04482080548846868,-0.14173010380622836,0.19986159169550174,1799130
146,09,UTTAR PRADESH,GAZIPUR,-0.035432525951558894,0.07972318339100079,0.09356401384084104,0.10340638216071867,159612.68913907185,0.03815796887093096,-0.11909265667051133,0.17279507881584008,4191005
145,09,UTTAR PRADESH,GHAZIABAD,-0.032541330257593634,0.09356401384083018,0.11374086889658239,0.13016532103037812,45139.67912764212,0.03891436765891649,-0.14173010380622836,0.19986159169550174,1164347
147,09,UTTAR PRADESH,GONDA,-0.04822760476739732,0.06299115724723017,0.07535563244906382,0.09356401384082615,81295.22970438369,0.016298022309704424,-0.14769703960015382,0.17279507881584008,4997607
148,09,UTTAR PRADESH,GORAKHPUR,-0.01993079584775101,0.1245674740484784,0.1301653210303295,0.14173010380622642,305023.97184066,0.07338176387438215,-0.13016532103037293,0.22145328719723184,4167218
149,09,UTTAR PRADESH,HAMIRPUR,-0.051733948481351204,0.11909265667053504,0.13588619761633824,0.14769703960016864,278813.7676491488,0.057771731603595625,-0.16000000000000003,0.19986159169550174,4836349
661,09,UTTAR PRADESH,HAPUR,-0.03543252595155777,0.07535563244905401,0.08882737408688952,0.10851211072664174,47203.87211219529,0.03322742116552066,-0.11909265667051133,0.19986159169550174,1425629
150,09,UTTAR PRADESH,HARDOI,-0.02712802768166127,0.11909265667053474,0.1301653210303347,0.141730103806232,458793.176648571,0.06102706019099654,-0.11909265667051133,0.2069357939254133,7529334
163,09,UTTAR PRADESH,HATHRAS,-0.051733948481348414,0.07535563244905395,0.08882737408688748,0.10340638216070652,48223.921955572616,0.02149807142640516,-0.11909265667051133,0.17279507881584008,2250134
151,09,UTTAR PRADESH,JALAUN,-0.051733948481351516,0.09842368319875322,0.11374086889658888,0.1245674740484538,227744.63903008983,0.04016469192702687,-0.15378700499807765,0.19986159169550174,5680240
152,09,UTTAR PRADESH,JAUNPUR,-0.017777777777777923,0.09356401384087835,0.10340638216073678,0.11374086889658706,267806.6825038515,0.05358523387600125,-0.11374086889657825,0.17279507881584008,5008032
153,09,UTTAR PRADESH,JHANSI,-0.0842137639369479,0.10340638216073311,0.11909265667052502,0.13016532103035897,240646.16600455865,0.038752646990325275,-0.19986159169550174,0.19986159169550174,6229627
155,09,UTTAR PRADESH,KANNAUJ,-0.048227604767396993,0.07535563244905058,0.0935640138408227,0.10851211072663988,50937.778966376965,0.019460061986523097,-0.11374086889657825,0.1929104190695886,2623727
157,09,UTTAR PRADESH,KANPUR,-0.03844675124951971,0.10851211072665407,0.11909265667052832,0.13016532103034906,187224.5233602853,0.05013745616173714,-0.13588619761630144,0.1929104190695886,3743531
156,09,UTTAR PRADESH,KANPUR DEHAT,-0.03844675124952096,0.10340638216073657,0.11374086889659625,0.1301653210303589,194943.35578836635,0.04954867722461997,-0.15378700499807765,0.186082276047674,3941798
633,09,UTTAR PRADESH,KASGANJ,-0.022206843521722416,0.10340638216072981,0.11909265667051774,0.1358861976162984,133675.31637559156,0.05413872554355305,-0.11909265667051133,0.21413302575932336,2475748
158,09,UTTAR PRADESH,KAUSHAMBI,-0.032541330257593176,0.0984236831987465,0.10851211072666091,0.11909265667051713,114559.09761104248,0.05177217717346011,-0.17279507881584008,0.17937716262975778,2218096
159,09,UTTAR PRADESH,KHERI,-0.05911572472126449,0.059115724721254544,0.07535563244904796,0.09356401384082383,117508.33317217081,0.012084294948546811,-0.14769703960015382,0.2069357939254133,9738027
160,09,UTTAR PRADESH,KUSHINAGAR,-0.04158400615148096,0.07972318339100758,0.08882737408686531,0.09842368319876459,120972.45122762666,0.03364684118136989,-0.14769703960015382,0.16000000000000003,3604253
161,09,UTTAR PRADESH,LALITPUR,-0.09842368319877051,0.12456747404847456,0.13588619761633994,0.15378700499808798,286906.2177235087,0.046316458541739366,-0.2069357939254133,0.22145328719723184,6203252
162,09,UTTAR PRADESH,LUCKNOW,-0.03543252595155944,0.08421376393696563,0.09842368319877402,0.11374086889657359,119176.16350650787,0.037680121200312354,-0.13588619761630144,0.17937716262975778,3170059
165,09,UTTAR PRADESH,MAHOBA,-0.06698961937716337,0.1034063821607354,0.11909265667052536,0.13016532103036163,213418.88032745026,0.05289818555863961,-0.19986159169550174,0.2069357939254133,4045255
166,09,UTTAR PRADESH,MAINPURI,-0.029773164167627902,0.10340638216073943,0.11374086889658169,0.1301653210303587,167976.39457217974,0.0489092001862289,-0.1085121107266436,0.186082276047674,3441554
167,09,UTTAR PRADESH,MATHURA,-0.03844675124951982,0.08882737408687205,0.1034063821607295,0.11374086889657586,185582.50384737147,0.04412731810742352,-0.13588619761630144,0.2069357939254133,4213749
168,09,UTTAR PRADESH,MAU,-0.027128027681661747,0.1034063821607369,0.119092656670523,0.13016532103037612,125897.83242793777,0.05840090518554552,-0.13016532103037293,0.1929104190695886,2161729
169,09,UTTAR PRADESH,MEERUT,-0.041584006151481175,0.071111111111119,0.08882737408688952,0.10851211072665166,80629.81409463723,0.024376221981341057,-0.13016532103037293,0.1929104190695886,3314219
170,09,UTTAR PRADESH,MIRZAPUR,-0.09842368319876757,0.06698961937717406,0.07972318339101542,0.09356401384082326,578.1816316752856,1.0635119357812723E-4,-0.1929104190695886,0.17279507881584008,5447558
171,09,UTTAR PRADESH,MORADABAD,-0.017777777777777722,0.1034063821607358,0.11374086889660566,0.1301653210303767,139659.43338510467,0.056278110459119714,-0.1085121107266436,0.2069357939254133,2489342
172,09,UTTAR PRADESH,MUZAFFARNAGAR,-0.05173394848135232,0.06299115724721784,0.0797231833910117,0.09842368319876867,63402.63369714126,0.018090261574239132,-0.13588619761630144,0.19986159169550174,3511799
173,09,UTTAR PRADESH,PILIBHIT,-0.04822760476739524,0.08882737408687164,0.10340638216072666,0.11374086889658477,167886.30287359477,0.035139834279143536,-0.14173010380622836,0.1929104190695886,4788939
174,09,UTTAR PRADESH,PRATAPGARH,-0.038446751249521176,0.08421376393696756,0.093564013840838,0.10340638216071449,178744.60359248944,0.03882826305712322,-0.15378700499807765,0.186082276047674,4613609
175,09,UTTAR PRADESH,RAIBEARELI,-0.03254133025759168,0.08882737408688332,0.09842368319875762,0.10851211072665246,210849.07587996626,0.04314935061485884,-0.15378700499807765,0.186082276047674,4896223
176,09,UTTAR PRADESH,RAMPUR,-0.019930795847750836,0.11374086889655405,0.12456747404847114,0.14173010380622753,201865.57388013278,0.06703524287117932,-0.13016532103037293,0.21413302575932336,3018922
177,09,UTTAR PRADESH,SAHARANPUR,-0.04822760476739692,0.07535563244906025,0.08882737408687245,0.10340638216071765,140084.07265271342,0.02928745345516105,-0.16633602460592078,0.19986159169550174,4790695
659,09,UTTAR PRADESH,SAMBHAL,-0.032541330257592774,0.09842368319873125,0.1085121107266647,0.11909265667052467,149943.2841234037,0.048678017831461425,-0.12456747404844293,0.19986159169550174,3088314
178,09,UTTAR PRADESH,SANTKABIRNAGAR,-0.019930795847751065,0.11374086889660211,0.12456747404846157,0.14173010380623768,145817.91935119583,0.07109036648354272,-0.14173010380622836,0.19986159169550174,2058853
180,09,UTTAR PRADESH,SHAHJAHANPUR,-0.02460592079969195,0.11374086889656944,0.12456747404847218,0.13588619761633053,336274.7202121283,0.06170715194747696,-0.16633602460592078,0.2069357939254133,5462736
660,09,UTTAR PRADESH,SHAMLI,-0.05911572472126405,0.05173394848134774,0.06698961937716492,0.08882737408688963,15656.648132734208,0.00966996550873354,-0.13588619761630144,0.17937716262975778,1623202
181,09,UTTAR PRADESH,SHRAWASTI,-0.041584006151481084,0.09842368319873698,0.10851211072666352,0.11909265667052575,98666.43769455729,0.04055103911829552,-0.14769703960015382,0.17279507881584008,2439319
182,09,UTTAR PRADESH,SIDDHARTHNAGAR,-0.013840830449826797,0.10851211072660236,0.11909265667053318,0.12456747404847134,258011.5684659252,0.07102434366094906,-0.11909265667051133,0.17937716262975778,3640380
183,09,UTTAR PRADESH,SITAPUR,-0.04822760476739562,0.0711111111111198,0.0842137639369567,0.09842368319876953,148855.98978420478,0.020619316138370508,-0.15378700499807765,0.186082276047674,7230057
184,09,UTTAR PRADESH,SONBHADRA,-0.09842368319875669,0.02712802768166397,0.04484429065744705,0.06299115724721124,-203534.982533791,-0.02411838177171404,-0.186082276047674,0.17937716262975778,8450002
185,09,UTTAR PRADESH,SULTANPUR,-0.04158400615148117,0.07972318339100827,0.08882737408687089,0.10340638216071853,116633.93598411187,0.03505680939598181,-0.13016532103037293,0.16633602460592078,3335749
186,09,UTTAR PRADESH,UNNAO,-0.022206843521722423,0.10851211072666611,0.12456747404846835,0.13588619761630952,341309.68886278255,0.05985860670730854,-0.13016532103037293,0.1929104190695886,5712341
187,09,UTTAR PRADESH,VARANASI,-0.02460592079969249,0.07111111111111913,0.0842137639369507,0.09356401384082462,70237.19978826468,0.03709152548034064,-0.12456747404844293,0.16000000000000003,1899363
120,09,UTTAR PRADESH,PRAYAGRAJ,-0.06299115724721124,0.07535563244906839,0.0888273740868819,0.09842368319877307,215461.47089589256,0.03189434966119988,-0.16000000000000003,0.17279507881584008,6766620
164,09,UTTAR PRADESH,MAHARAJGANJ,-0.022206843521720913,0.09842368319873154,0.10340638216073836,0.11374086889660105,197052.43582902732,0.05335753270891136,-0.13588619761630144,0.17279507881584008,3700747
045,05,UTTARAKHAND,ALMORA,-0.1190926566705105,0.03844675124952166,0.05536332179930596,0.07535563244905717,-92164.27148849305,-0.022827168685403833,-0.2069357939254133,0.186082276047674,4045433
046,05,UTTARAKHAND,BAGESHWAR,-0.18608227604769256,0.05173394848134696,0.07111111111111723,0.08882737408688453,-82044.18898863706,-0.02852197876326637,-0.2761399461745483,0.1929104190695886,2883079
048,05,UTTARAKHAND,CHAMPAWAT,-0.11374086889657459,0.05173394848134736,0.06698961937716959,0.08421376393694356,-34921.19251484968,-0.015447316377059138,-0.19986159169550174,0.16633602460592078,2266165
049,05,UTTARAKHAND,DEHRADUN,-0.15999999999999853,0.0669896193771716,0.08421376393695446,0.1034063821607185,-22353.016626177832,-0.005576882030214887,-0.2519646289888504,0.19986159169550174,4018513
050,05,UTTARAKHAND,HARIDWAR,-0.05173394848135086,0.07111111111111926,0.08882737408688825,0.10851211072664166,69806.32783900618,0.02370362429444442,-0.14769703960015382,0.21413302575932336,2950783
051,05,UTTARAKHAND,NAINITAL,-0.0984236831987693,0.05911572472125437,0.07535563244904588,0.09356401384082404,2986.2808115795206,5.852097342249035E-4,-0.22145328719723184,0.1929104190695886,5111706
052,05,UTTARAKHAND,PAURI GARHWAL,-0.11909265667051493,0.06299115724721382,0.07972318339101454,0.09842368319876872,-45239.321482302665,-0.006663364911219114,-0.22145328719723184,0.1929104190695886,6797764
054,05,UTTARAKHAND,RUDRAPRAYAG,-0.19291041906957887,0.0669896193771725,0.08421376393695905,0.1034063821607159,-56421.14660621068,-0.021941241661955057,-0.2679584775086506,0.1929104190695886,2576527
055,05,UTTARAKHAND,TEHRI GARHWAL,-0.1793771626297519,0.051733948481346735,0.07111111111111748,0.08882737408688353,-143691.1832983624,-0.02843021651393718,-0.28444444444444444,0.1929104190695886,5065420
056,05,UTTARAKHAND,UDHAM SINGH NAGAR,-0.05911572472126389,0.07972318339101798,0.08882737408687535,0.09842368319876568,87232.53415479118,0.02560995922807144,-0.16633602460592078,0.19986159169550174,3417188
047,05,UTTARAKHAND,CHAMOLI,-0.2364628988849987,0.041584006151474166,0.06698961937717181,0.08882737408688729,-777494.7326579536,-0.07683304057572608,-0.3278123798539023,0.2069357939254133,10130102
053,05,UTTARAKHAND,PITHORAGARH,-0.2519646289888445,0.016777967352285487,0.04158400615147772,0.07111111111111719,-891808.7256916147,-0.09567436483579723,-0.3278123798539023,0.19986159169550174,9333695
057,05,UTTARAKHAND,UTTARKASHI,-0.24415224913496394,0.036953137650805816,0.06299115724721113,0.08421376393694825,-930753.3963921169,-0.08969001241982463,-0.33685505574778934,0.2288965782391388,10391325
664,19,WEST BENGAL,ALIPUR DUAR,-0.055363321799306926,0.03844675124951175,0.05536332179930349,0.08421376393694402,4811.336357097063,0.0013775684505143654,-0.13016532103037293,0.2069357939254133,3499191
305,19,WEST BENGAL,BANKURA,-0.0669896193771681,0.0044780745913486734,0.013840830449826435,0.024605920799691254,-182426.5330807809,-0.021825989472093174,-0.13588619761630144,0.11909265667051133,8367774
306,19,WEST BENGAL,PURBA BARDDHAMAN,-0.07535563244905012,0.024605920799688933,0.03543252595156191,0.04822760476739341,-86505.34280438385,-0.013656085023632547,-0.15378700499807765,0.13016532103037293,6345416
307,19,WEST BENGAL,BIRBHUM,-0.07111111111111743,0.008858131487889337,0.01993079584775292,0.032541330257592795,-125187.90320985008,-0.02253228538815184,-0.17279507881584008,0.12456747404844293,5568338
310,19,WEST BENGAL,DAKSHIN DINAJPUR,-0.044844290657443026,0.05911572472126068,0.07972318339101384,0.0984236831987678,27452.15849564705,0.009947310471511777,-0.11374086889657825,0.14769703960015382,2766684
309,19,WEST BENGAL,DARJILING,-0.051733948481352036,0.10851211072665835,0.13588619761631668,0.1537870049980863,86102.45869475372,0.03358192522329861,-0.2288965782391388,0.2364628988850442,2570580
317,19,WEST BENGAL,PURBA MEDINIPUR,-0.09356401384082262,0.008858131487889801,0.022206843521721278,0.03543252595155881,-143155.39784891714,-0.030031800651105698,-0.17279507881584008,0.12456747404844293,4774369
313,19,WEST BENGAL,HAORA,-0.06698961937716509,0.02220684352172333,0.03254133025759339,0.04484429065743803,-27142.94668132621,-0.015295884073861152,-0.14769703960015382,0.14173010380622836,1779421
312,19,WEST BENGAL,HUGLI,-0.05911572472126441,0.027128027681664835,0.03543252595155693,0.04822760476739617,-21468.04920122007,-0.005617832718645749,-0.13016532103037293,0.13588619761630144,3830421
314,19,WEST BENGAL,JALPAIGURI,-0.05911572472126448,0.038446751249515076,0.04822760476739942,0.059115724721264806,20439.565810907923,0.004771575861775025,-0.14769703960015382,0.17279507881584008,4291724
308,19,WEST BENGAL,KOCH BIHAR,-0.04158400615148114,0.04158400615146733,0.048227604767393795,0.0591157247212629,42616.752319556195,0.010157194520559187,-0.11374086889657825,0.14173010380622836,4209471
315,19,WEST BENGAL,KOLKATA,-0.07535563244905921,0.03543252595155973,0.04484429065743819,0.055363321799307176,22.71015594300019,1.0138380117964475E-4,-0.14173010380622836,0.11374086889657825,225875
316,19,WEST BENGAL,MALDAH,-0.04158400615148117,0.0591157247212525,0.07535563244904823,0.09842368319877198,76812.8207973469,0.017363847027654738,-0.12456747404844293,0.17279507881584008,4432769
319,19,WEST BENGAL,MURSHIDABAD,-0.06299115724721119,0.04484429065744985,0.059115724721256466,0.07111111111111641,-2238.4360160727274,-3.421641764324945E-4,-0.15378700499807765,0.14769703960015382,6553296
320,19,WEST BENGAL,NADIA,-0.05173394848135063,0.035432525951561294,0.0448442906574477,0.05911572472126427,4596.41557495229,9.696682154930911E-4,-0.13016532103037293,0.12456747404844293,4752532
303,19,WEST BENGAL,NORTH TWENTY-FOUR PARGANAS,-0.0984236831987554,0.019930795847753934,0.03254133025759293,0.044844290657437884,-121475.68912545529,-0.025058359643566338,-0.16633602460592078,0.14173010380622836,4858451
318,19,WEST BENGAL,PASCHIM MEDINIPUR,-0.06299115724721113,0.02712802768166523,0.04158400615147414,0.0517339484813472,-98744.62409083932,-0.013028913045306217,-0.14769703960015382,0.13588619761630144,7589470
321,19,WEST BENGAL,PURULIYA,-0.05911572472125738,0.008858131487889569,0.017777777777779405,0.029773164167628263,-142506.27233107612,-0.01874227965889684,-0.16633602460592078,0.13016532103037293,7614827
304,19,WEST BENGAL,SOUTH TWENTY-FOUR PARGANAS,-0.10340638216072745,-9.300589536769707E-4,0.015747789311802797,0.035432525951558415,-418087.48608538695,-0.045265760218655096,-0.17279507881584008,0.12456747404844293,9269362
311,19,WEST BENGAL,UTTAR DINAJPUR,-0.027128027681660668,0.05173394848134603,0.05911572472125801,0.07111111111111565,74689.30386606757,0.019205328007886744,-0.13016532103037293,0.14173010380622836,3902218
703,19,WEST BENGAL,JHARGRAM,-0.06698961937717116,0.004472203472520723,0.013840830449826105,0.02460592079969304,-91023.74976333053,-0.024324976835128673,-0.14769703960015382,0.12456747404844293,3751531
704,19,WEST BENGAL,PASCHIM BARDDHAMAN,-0.06299115724721126,0.022206843521721812,0.03254133025759373,0.04822760476739412,-25170.80966542368,-0.011415494280610299,-0.14173010380622836,0.14173010380622836,2210746
702,19,WEST BENGAL,KALIMPONG,-0.02712802768166153,0.13588619761633386,0.14769703960017277,0.16633602460592475,88326.27844383875,0.06451665656277243,-0.11374086889657825,0.2288965782391388,1372509
