di_code,st_code,state23,dist23,A60_p2,A60_p90,A60_p95,A60_p98,A60_sum,A60_mean,A60_min,A60_max,A60_count
603,35,ANDAMAN & NICOBAR,NICOBAR,-0.022206843521722416,0.16000000000000966,0.17937716262976242,0.19986159169549542,190266.8421503261,0.0948472959812767,-0.16000000000000003,0.3188927335640138,2020602
632,35,ANDAMAN & NICOBAR,NORTH & MIDDLE ANDAMAN,0.04822760476739681,0.24415224913504754,0.2599000384467557,0.2679584775086784,736628.6261736263,0.18540944135771856,-0.15378700499807765,0.33685505574778934,4003957
602,35,ANDAMAN & NICOBAR,SOUTH ANDAMAN,0.025958838482012362,0.228896578239121,0.24415224913493136,0.2599000384467567,449403.1030951545,0.15530405174297393,-0.16000000000000003,0.34602076124567477,2916597
502,28,ANDHRA PRADESH,ANANTAPUR,-0.13016532103036602,0.035432525951559685,0.05536332179931053,0.07111111111111677,-790427.1322107569,-0.035284394612546725,-0.28444444444444444,0.19986159169550174,22430270
503,28,ANDHRA PRADESH,CHITTOOR,-0.14173010380623227,0.06698961937717278,0.08882737408688253,0.11909265667051824,-313424.3319681104,-0.018174210625909522,-0.2679584775086506,0.2599000384467512,17269415
504,28,ANDHRA PRADESH,Y S R KADAPA,-0.13588619761631843,0.07535563244904536,0.09356401384085605,0.11374086889659732,-63706.229732426415,-0.0035973499597749354,-0.3014225297962323,0.24415224913494812,17724326
505,28,ANDHRA PRADESH,EAST GODAVARI,-0.05911572472126361,0.13588619761631107,0.15378700499805528,0.1727950788158499,937562.3809858438,0.06202916880732855,-0.21413302575932336,0.2761399461745483,15133939
506,28,ANDHRA PRADESH,GUNTUR,-0.09356401384082658,0.14173010380627615,0.15999999999996137,0.17937716262980036,902374.6100430492,0.06796713611466536,-0.22145328719723184,0.29287197231833906,13291974
510,28,ANDHRA PRADESH,KRISHNA,-0.059115724721263495,0.14173010380624157,0.1599999999999645,0.17937716262978814,794481.6799195459,0.07781648666265734,-0.21413302575932336,0.28444444444444444,10225813
511,28,ANDHRA PRADESH,KURNOOL,-0.14769703960017472,0.06698961937717615,0.07972318339101248,0.09356401384083307,-64243.638502907015,-0.0031852682254919574,-0.3014225297962323,0.2519646289888504,20185908
515,28,ANDHRA PRADESH,POTTI SRIRAMULU NELLORE,-0.09842368319876685,0.11374086889658706,0.13588619761633508,0.1537870049980847,680264.3984877779,0.044605757364739325,-0.2599000384467512,0.2761399461745483,15263341
517,28,ANDHRA PRADESH,PRAKASAM,-0.08882737408688768,0.1190926566705347,0.1476970396001746,0.17937716262978834,813302.7219840944,0.039787442888607964,-0.2519646289888504,0.3014225297962323,20457221
519,28,ANDHRA PRADESH,SRIKAKULAM,-0.08882737408688474,0.09356401384085804,0.11374086889659829,0.1358861976163027,207334.5592126046,0.030127751011869024,-0.2364628988850442,0.2519646289888504,6895077
520,28,ANDHRA PRADESH,VISAKHAPATNAM,-0.11374086889658186,0.11374086889659106,0.13588619761633572,0.1600000000000096,339456.3114466623,0.024970348989422478,-0.2364628988850442,0.2761399461745483,13613577
521,28,ANDHRA PRADESH,VIZIANAGARAM,-0.08882737408688722,0.08882737408687102,0.1034063821607265,0.12456747404844794,207926.77040405627,0.02871698206661991,-0.2364628988850442,0.2519646289888504,7256513
523,28,ANDHRA PRADESH,WEST GODAVARI,-0.03844675124952069,0.14173010380623063,0.1600000000000046,0.17937716262977207,659819.2744647001,0.06788475970284362,-0.186082276047674,0.3014225297962323,9731922
628,12,ARUNACHAL PRADESH,ANJAW,-0.23646289888501823,0.19291041906953582,0.21413302575925486,0.22889657823911444,363374.1310023746,0.04779450558076645,-0.33685505574778934,0.33685505574778934,7611073
229,12,ARUNACHAL PRADESH,CHANGLANG,-0.04484429065743886,0.22145328719728358,0.2364628988850282,0.2519646289888772,863672.2173641842,0.1389579303071815,-0.31009611687812383,0.33685505574778934,6227191
230,12,ARUNACHAL PRADESH,DIBANG VALLEY,-0.221453287197218,0.16633602460581615,0.1929104190695561,0.21413302575926296,281986.6149445878,0.023123522686838812,-0.3278123798539023,0.33685505574778934,12207130
231,12,ARUNACHAL PRADESH,EAST KAMENG,-0.19986159169548356,0.19986159169548237,0.21413302575926346,0.23646289888504474,521378.03107202315,0.09393864787161146,-0.3014225297962323,0.3278123798539023,5558425
233,12,ARUNACHAL PRADESH,KURUNG KUMEY,-0.2214532871972258,0.18608227604760644,0.20693579392537848,0.2288965782391119,291915.2755183856,0.0519971969645838,-0.31009611687812383,0.34602076124567477,5621269
234,12,ARUNACHAL PRADESH,LOHIT,-0.1190926566705132,0.2069357939253809,0.22145328719727927,0.23646289888502367,433958.94683656225,0.11255329694100427,-0.3014225297962323,0.33685505574778934,3863405
235,12,ARUNACHAL PRADESH,LOWER DIBANG VALLEY,-0.13016532103037534,0.19291041906955644,0.2141330257592942,0.2288965782391297,436268.38272148714,0.09731091474656227,-0.33685505574778934,0.34602076124567477,4491587
237,12,ARUNACHAL PRADESH,PAPUMPARE,-0.016774026983283785,0.18608227604764993,0.19986159169548415,0.2141330257593018,531137.6699161014,0.12280820459013188,-0.24415224913494812,0.31009611687812383,4333778
238,12,ARUNACHAL PRADESH,TAWANG,-0.22889657823913434,0.1190926566705293,0.14173010380623174,0.17279507881584974,-116352.16395086364,-0.03760789368301178,-0.3188927335640138,0.28444444444444444,3100277
239,12,ARUNACHAL PRADESH,TIRAP,-9.180543275129576E-4,0.1663360246058767,0.18608227604770108,0.19986159169548914,156428.0560292012,0.10633720615512288,-0.15378700499807765,0.2761399461745483,1474824
240,12,ARUNACHAL PRADESH,UPPER SIANG,-0.19986159169548612,0.2141330257592048,0.22889657823909826,0.25196462898884453,798375.6023814982,0.09359314600301576,-0.3014225297962323,0.3553094963475586,8540336
241,12,ARUNACHAL PRADESH,UPPER SUBANSIRI,-0.19986159169548554,0.19291041906952475,0.2141330257592419,0.2364628988850199,643042.928715823,0.07832297682875715,-0.3014225297962323,0.3553094963475586,8220067
242,12,ARUNACHAL PRADESH,WEST KAMENG,-0.17279507881584905,0.1793771626298226,0.1998615916954836,0.22145328719722526,556757.1019609965,0.09021737741072877,-0.3014225297962323,0.3278123798539023,6178998
719,12,ARUNACHAL PRADESH,LOWER SIANG,0.015747789311803012,0.20693579392538075,0.2214532871972108,0.23646289888505756,341855.7509568203,0.14955283122106577,-0.14769703960015382,0.3278123798539023,2292082
236,12,ARUNACHAL PRADESH,LOWER SUBANSIRI,-0.029773164167628353,0.19986159169548257,0.21413302575928425,0.2288965782391294,323681.35893043363,0.13241377589749237,-0.17937716262975778,0.3278123798539023,2449933
679,12,ARUNACHAL PRADESH,SIANG,-0.14173010380623813,0.2214532871972889,0.23646289888502797,0.2519646289888446,611012.3831803873,0.1396454172546484,-0.28444444444444444,0.3553094963475586,4383418
243,12,ARUNACHAL PRADESH,WEST SIANG,-0.036937062422859004,0.1929104190695677,0.21413302575930693,0.2288965782391376,199603.5415280459,0.11833948218923258,-0.2364628988850442,0.3278123798539023,1691102
725,12,ARUNACHAL PRADESH,SHI YOMI,-0.19986159169548917,0.16000000000000478,0.179377162629779,0.19986159169548787,152461.3033985341,0.04582529686204723,-0.28444444444444444,0.33685505574778934,3331997
724,12,ARUNACHAL PRADESH,LEPA RADA,-0.0044687136319852515,0.20693579392538028,0.22145328719720855,0.23646289888505836,139817.46859520377,0.14447207500678677,-0.14173010380622836,0.3278123798539023,970650
723,12,ARUNACHAL PRADESH,PAKKE KESSANG,0.002637553163756384,0.1929104190695495,0.21413302575929585,0.22889657823912993,325278.9514231261,0.13591047460119976,-0.16633602460592078,0.3188927335640138,2399368
677,12,ARUNACHAL PRADESH,KRA DAADI,-0.0797231833910036,0.21413302575924334,0.22889657823911058,0.24415224913492908,301722.36570638994,0.13565520617107146,-0.28444444444444444,0.33685505574778934,2229870
678,12,ARUNACHAL PRADESH,NAMSAI,-0.022206843521722416,0.1860822760476509,0.1998615916954845,0.2141330257593299,165273.9400972989,0.09778269526452255,-0.11374086889657825,0.29287197231833906,1693784
718,12,ARUNACHAL PRADESH,KAMLE,0.04158400615148088,0.20693579392537734,0.22145328719721025,0.23646289888505986,260474.46832139938,0.14989753198869823,-0.1085121107266436,0.31009611687812383,1742339
232,12,ARUNACHAL PRADESH,EAST SIANG,-0.06698961937716581,0.18608227604770913,0.20693579392538622,0.2214532871972283,189850.79675711246,0.08942862696551294,-0.13588619761630144,0.3188927335640138,2127307
666,12,ARUNACHAL PRADESH,LONGDING,-0.027128027681661854,0.14769703960017508,0.16633602460592503,0.18608227604769187,93660.74287863671,0.08000501932707312,-0.16000000000000003,0.2761399461745483,1174145
616,18,ASSAM,BAKSA,-0.06299115724721124,0.13016532103035416,0.14769703960016614,0.16000000000000264,114496.05711243364,0.037591675878811015,-0.13588619761630144,0.24415224913494812,3055457
280,18,ASSAM,BARPETA,-0.07535563244905162,0.08882737408688733,0.10851211072665477,0.13016532103037845,40862.795942542994,0.01433629235509008,-0.16633602460592078,0.2288965782391388,2859045
705,18,ASSAM,BISWANATH,-0.08882737408688182,0.08421376393695121,0.10851211072664524,0.1301653210303707,17969.25742381943,0.006475653617857163,-0.19986159169550174,0.24415224913494812,2780367
281,18,ASSAM,BONGAIGAON,-0.07535563244905981,0.08882737408689088,0.10851211072664971,0.13016532103037012,18350.16608357184,0.013187061160419787,-0.17279507881584008,0.2069357939254133,1397646
282,18,ASSAM,CACHAR,-0.05911572472126399,0.1358861976163368,0.14769703960017255,0.166336024605925,259217.08560338907,0.055726559524779895,-0.16000000000000003,0.2761399461745483,4659875
708,18,ASSAM,CHARAIDEO,-0.038446751249520315,0.12456747404845567,0.14173010380622997,0.15999999999999526,57198.96793767708,0.04508224342670934,-0.13016532103037293,0.2519646289888504,1273387
612,18,ASSAM,CHIRANG,-0.07111111111111633,0.11374086889659235,0.13016532103036774,0.14769703960015337,63189.709824414604,0.0264597150308155,-0.14769703960015382,0.2364628988850442,2393821
283,18,ASSAM,DARRANG,-0.0888273740868862,0.08882737408688908,0.10851211072665061,0.1301653210303719,10824.783047236415,0.005485626432769435,-0.16000000000000003,0.21413302575932336,1980527
284,18,ASSAM,DHEMAJI,-0.07111111111111239,0.11909265667051562,0.1476970396001607,0.17279507881584813,83019.51443926952,0.02661035745539025,-0.16000000000000003,0.28444444444444444,3127982
285,18,ASSAM,DHUBRI,-0.11909265667050746,0.07535563244905077,0.0935640138408246,0.11374086889657536,-1149.459472933149,-5.572583667320596E-4,-0.186082276047674,0.1929104190695886,2073149
286,18,ASSAM,DIBRUGARH,-0.07972318339101124,0.12456747404846717,0.14769703960016864,0.1727950788158496,148469.75858737293,0.03497043283701728,-0.14769703960015382,0.2761399461745483,4254504
299,18,ASSAM,DIMA HASAO,-0.06698961937716402,0.12456747404847496,0.13588619761634177,0.15378700499807346,360597.30394198344,0.05978580242470722,-0.2069357939254133,0.2761399461745483,6041285
287,18,ASSAM,GOALPARA,-0.08421376393694746,0.07535563244904768,0.09356401384082363,0.10851211072663998,21200.49173943282,0.008730782521023153,-0.17937716262975778,0.17937716262975778,2434900
288,18,ASSAM,GOLAGHAT,-0.07535563244905238,0.10340638216072849,0.12456747404846281,0.14173010380623247,100184.28747768447,0.02492885570557201,-0.17279507881584008,0.2364628988850442,4029611
289,18,ASSAM,HAILAKANDI,-0.07535563244905669,0.10340638216072265,0.1245674740484518,0.14173010380623918,53967.01894964509,0.03310371709740938,-0.17937716262975778,0.2288965782391388,1635070
709,18,ASSAM,HOJAI,-0.06698961937716737,0.09842368319877372,0.11374086889657313,0.13016532103036804,45580.97622157047,0.025226552255948866,-0.15378700499807765,0.2069357939254133,1811736
290,18,ASSAM,JORHAT,-0.055363321799308404,0.1137408688965962,0.13016532103036288,0.14769703960016284,82459.74831371623,0.03539580960161586,-0.16633602460592078,0.24415224913494812,2335717
618,18,ASSAM,KAMRUP METRO,-0.08882737408688968,0.09356401384082812,0.10851211072665132,0.12456747404843758,36421.780324994186,0.030148744626956155,-0.1929104190695886,0.2069357939254133,1212134
291,18,ASSAM,KAMRUP RURAL,-0.07972318339101117,0.09842368319876167,0.11374086889658533,0.1301653210303741,89497.34969118344,0.023058261556121243,-0.186082276047674,0.2364628988850442,3891403
292,18,ASSAM,KARBI ANGLONG,-0.06698961937716698,0.1245674740484782,0.14173010380626397,0.15999999999996323,455904.4933934332,0.05007010870890687,-0.1929104190695886,0.2679584775086506,9120022
293,18,ASSAM,KARIMGANJ,-0.0842137639369459,0.07535563244904626,0.09356401384082307,0.11374086889657484,29124.768099384222,0.013091544737288312,-0.1929104190695886,0.21413302575932336,2229526
294,18,ASSAM,KOKRAJHAR,-0.07972318339100462,0.1137408688965671,0.13016532103034265,0.14769703960017222,91640.92922992408,0.02367186485847956,-0.1929104190695886,0.24415224913494812,3879174
295,18,ASSAM,LAKHIMPUR,-0.07111111111111522,0.1245674740484612,0.1476970396001659,0.16633602460592484,106192.96683654019,0.028269930533001246,-0.14769703960015382,0.2761399461745483,3763908
706,18,ASSAM,MAJULI,-0.09842368319876507,0.06299115724721129,0.10340638216070627,0.13588619761629717,-10220.93266764434,-0.0064303490182301545,-0.14769703960015382,0.24415224913494812,1595085
296,18,ASSAM,MARIGAON,-0.09842368319876378,0.08421376393695644,0.10851211072665463,0.12456747404845636,-119.27750361246945,-6.343326808684839E-5,-0.17279507881584008,0.21413302575932336,1884753
297,18,ASSAM,NAGAON,-0.09356401384082365,0.08421376393695276,0.10340638216071613,0.12456747404844438,23462.825391494556,0.007308921394840088,-0.17937716262975778,0.22145328719723184,3221993
298,18,ASSAM,NALBARI,-0.07972318339100296,0.11374086889660132,0.13016532103035616,0.14769703960016356,36847.717628001774,0.02830386763460168,-0.16000000000000003,0.22145328719723184,1306375
300,18,ASSAM,SIBSAGAR,-0.06299115724721133,0.1190926566705212,0.13588619761630247,0.15378700499808426,72156.70100721819,0.03536021993560442,-0.14769703960015382,0.2364628988850442,2046198
301,18,ASSAM,SONITPUR,-0.07972318339100953,0.10851211072665437,0.13588619761629792,0.1600000000000047,84641.61321335829,0.02254018664154298,-0.14173010380622836,0.28444444444444444,3761187
707,18,ASSAM,SOUTH SALMARA MANCACHAR,-0.08882737408688966,0.05173394848135187,0.06698961937716288,0.08421376393694614,733.0291025923998,0.0010541942809046442,-0.17937716262975778,0.16633602460592078,699403
302,18,ASSAM,TINSUKIA,-0.04484429065743913,0.16000000000001038,0.18608227604770358,0.1998615916954867,298262.3850793193,0.062178666667082896,-0.14173010380622836,0.29287197231833906,4805197
617,18,ASSAM,UDALGURI,-0.07535563244905567,0.1190926566705271,0.14173010380622392,0.15999999999999723,76706.07846668593,0.030484697263471593,-0.14769703960015382,0.2679584775086506,2524545
710,18,ASSAM,WEST KARBI ANGLONG,-0.0711111111111132,0.10851211072666235,0.12456747404846563,0.14173010380621898,147381.9154309364,0.038680109957876484,-0.186082276047674,0.2599000384467512,3818912
188,10,BIHAR,ARARIA,-0.11909265667051999,0.0448442906574425,0.06698961937716634,0.08882737408688367,-115392.64855534137,-0.03326219438239577,-0.186082276047674,0.186082276047674,3476505
611,10,BIHAR,ARWAL,-0.04484429065743977,0.07972318339100666,0.10340638216070519,0.13016532103037481,28730.54499862306,0.036530565898169456,-0.14769703960015382,0.2069357939254133,790200
189,10,BIHAR,AURANGABAD,-0.041584006151481084,0.07111111111111887,0.0935640138408232,0.11909265667050889,116638.10214382547,0.028699926682702097,-0.186082276047674,0.2364628988850442,4071463
190,10,BIHAR,BANKA,-0.051733948481351516,0.06299115724721113,0.08421376393694815,0.10340638216070369,54279.27542196961,0.014586014102824223,-0.14769703960015382,0.19986159169550174,3727975
191,10,BIHAR,BEGUSARAI,-0.0711111111111134,0.07972318339101339,0.10340638216071092,0.11909265667050614,24342.151892942456,0.01023615092807081,-0.19986159169550174,0.19986159169550174,2385201
200,10,BIHAR,KAIMUR,-0.048227604767393656,0.05911572472126179,0.08421376393694525,0.11374086889657639,73181.17317030363,0.017639887742645858,-0.14173010380622836,0.2288965782391388,4155971
192,10,BIHAR,BHAGALPUR,-0.09842368319877388,0.06698961937716819,0.0888273740868806,0.1137408688965751,8241.251001918425,0.002612571051455369,-0.17937716262975778,0.2069357939254133,3161985
193,10,BIHAR,BHOJPUR,-0.0711111111111177,0.07111111111111826,0.09842368319876675,0.12456747404843901,42613.46277298084,0.014428857111246059,-0.16633602460592078,0.2069357939254133,2959033
194,10,BIHAR,BUXAR,-0.07111111111111654,0.05173394848134943,0.07972318339100334,0.11909265667051466,15118.198354740705,0.007191487457122592,-0.17937716262975778,0.22145328719723184,2107650
195,10,BIHAR,DARBHANGA,-0.10340638216071196,0.07972318339101493,0.0935640138408257,0.1137408688965741,37066.086355579246,0.011853536766960621,-0.1929104190695886,0.19986159169550174,3135810
196,10,BIHAR,GAYA,-0.0482276047673944,0.07535563244904953,0.09842368319877107,0.12456747404844513,112900.98485126017,0.018499646414706156,-0.15378700499807765,0.2288965782391388,6114662
197,10,BIHAR,GOPALGANJ,-0.0629911572472113,0.09356401384083439,0.1137408688965839,0.1358861976162966,48349.87329701258,0.01905990292748759,-0.16633602460592078,0.22145328719723184,2543564
199,10,BIHAR,JAHANABAD,-0.02460592079969295,0.08421376393694441,0.10851211072664053,0.13016532103036813,41039.19217923504,0.035518994909906,-0.14769703960015382,0.19986159169550174,1159636
198,10,BIHAR,JAMUI,-0.0482276047673944,0.07972318339101436,0.09842368319876661,0.12456747404845027,103293.28187752773,0.02710094033890486,-0.14769703960015382,0.2288965782391388,3819342
201,10,BIHAR,KATIHAR,-0.11374086889658076,0.04822760476739716,0.07111111111111643,0.09356401384082523,-106078.41539077347,-0.028176856373605272,-0.1929104190695886,0.2069357939254133,3773694
202,10,BIHAR,KHAGARIA,-0.13016532103037343,0.04484429065743793,0.07535563244905973,0.10340638216070672,-56425.788646848334,-0.03057801609118401,-0.2069357939254133,0.186082276047674,1851170
203,10,BIHAR,KISHANGANJ,-0.09842368319877345,0.06698961937716641,0.08882737408688932,0.10851211072664682,-23412.974773670656,-0.009751337649065417,-0.17937716262975778,0.19986159169550174,2408235
204,10,BIHAR,LAKHISARAI,-0.059115724721264265,0.0669896193771693,0.08882737408688376,0.11374086889657692,34093.16152806666,0.02265368139592543,-0.16633602460592078,0.21413302575932336,1509373
205,10,BIHAR,MADHEPURA,-0.12456747404845121,0.044844290657442325,0.0669896193771665,0.08882737408688364,-79583.12040713242,-0.03551813014437906,-0.1929104190695886,0.17279507881584008,2247230
206,10,BIHAR,MADHUBANI,-0.048227604767395266,0.07972318339101668,0.09842368319876663,0.11374086889657394,97264.68279588358,0.022299687684494772,-0.17279507881584008,0.1929104190695886,4370352
207,10,BIHAR,MUNGER,-0.07972318339100512,0.06698961937717059,0.09356401384082301,0.11909265667050611,19933.230681287143,0.011447894840389699,-0.16633602460592078,0.2069357939254133,1746408
208,10,BIHAR,MUZAFFARPUR,-0.08421376393694793,0.07535563244904923,0.09356401384082677,0.11374086889657406,22389.165366073663,0.005667067195255164,-0.2364628988850442,0.186082276047674,3958875
209,10,BIHAR,NALANDA,-0.04158400615148119,0.0711111111111171,0.09842368319877134,0.12456747404844382,60221.53946171503,0.02061094157127803,-0.14769703960015382,0.2069357939254133,2929383
210,10,BIHAR,NAWADA,-0.032541330257591816,0.08882737408688442,0.10851211072664392,0.1301653210303685,97348.4390639681,0.031774684533814046,-0.16000000000000003,0.22145328719723184,3071041
211,10,BIHAR,PASHCHIMI CHAMPARAN,-0.07535563244904646,0.1663360246058557,0.1998615916954824,0.2141330257592348,199168.46526415084,0.030403557388620373,-0.186082276047674,0.29287197231833906,6560379
212,10,BIHAR,PATNA,-0.05536332179930892,0.0797231833910113,0.10851211072665039,0.1301653210303739,87823.97036914507,0.022244504049702653,-0.16000000000000003,0.22145328719723184,3959090
213,10,BIHAR,PURBI CHAMPARAN,-0.07972318339100815,0.07535563244904306,0.09356401384082279,0.1137408688965735,39395.78147578284,0.007946476085776895,-0.186082276047674,0.19986159169550174,4966698
214,10,BIHAR,PURNIA,-0.1245674740484558,0.03543252595155944,0.06299115724721123,0.08421376393694589,-173107.39643331018,-0.04325285560439519,-0.186082276047674,0.17937716262975778,4010639
215,10,BIHAR,ROHTAS,-0.055363321799306045,0.0629911572472169,0.0842137639369466,0.11374086889657625,110604.70653481783,0.023354501938915886,-0.15378700499807765,0.22145328719723184,4743839
216,10,BIHAR,SAHARSA,-0.13016532103037445,0.051733948481348845,0.07535563244905033,0.09842368319876836,-52279.36290255446,-0.02528566812463493,-0.1929104190695886,0.17279507881584008,2073256
217,10,BIHAR,SAMASTIPUR,-0.07535563244905663,0.08421376393696171,0.10340638216072322,0.11909265667051233,53179.52810187674,0.01605542982068265,-0.17937716262975778,0.1929104190695886,3321029
218,10,BIHAR,SARAN,-0.07111111111111494,0.07972318339101371,0.10340638216071954,0.12456747404845127,26601.358334884913,0.008119879120021664,-0.17937716262975778,0.19986159169550174,3282541
219,10,BIHAR,SHEIKHPURA,-0.022206843521722416,0.07111111111111666,0.09842368319877078,0.12456747404844036,25092.212619306552,0.029999354432408087,-0.16000000000000003,0.19986159169550174,840498
220,10,BIHAR,SHEOHAR,-0.07535563244905945,0.07972318339100426,0.09842368319877007,0.11909265667051429,3645.620038145322,0.006584344397046489,-0.16633602460592078,0.17937716262975778,556991
221,10,BIHAR,SITAMARHI,-0.06299115724721122,0.07972318339101686,0.09842368319877277,0.1190926566705087,51549.29983600138,0.01886901005642772,-0.17279507881584008,0.1929104190695886,2739355
222,10,BIHAR,SIWAN,-0.055363321799309494,0.09842368319876259,0.11909265667052357,0.14173010380623513,60825.922900588754,0.02203461406992878,-0.16000000000000003,0.2069357939254133,2766570
223,10,BIHAR,SUPAUL,-0.09356401384082354,0.059115724721260594,0.07972318339101019,0.09842368319876871,-25759.3518361582,-0.008552032660364216,-0.186082276047674,0.186082276047674,3018897
224,10,BIHAR,VAISHALI,-0.07111111111111239,0.08882737408688134,0.10340638216072312,0.11909265667051683,50568.147567267384,0.020030441822200377,-0.1929104190695886,0.1929104190695886,2529599
044,04,CHANDIGARH,CHANDIGARH,0.04822760476739731,0.21413302575932713,0.22889657823913473,0.24415224913494474,23185.886931081885,0.15587814560899083,-0.10340638216070744,0.33685505574778934,150026
646,22,CHHATTISGARH,BALOD,-0.07535563244905354,0.05536332179931103,0.07111111111111819,0.08882737408688668,24664.986638570463,0.0061310964585145535,-0.2069357939254133,0.17279507881584008,4030747
644,22,CHHATTISGARH,BALODA BAZAR,-0.0629911572472113,0.08882737408686993,0.10851211072666363,0.13016532103035075,130526.66648066533,0.023289465049705936,-0.17937716262975778,0.24415224913494812,5614038
649,22,CHHATTISGARH,BALRAMPUR,-0.07111111111111697,0.0842137639369637,0.09842368319876257,0.11909265667051554,135167.08503196307,0.017697390675759712,-0.16633602460592078,0.22145328719723184,7650578
374,22,CHHATTISGARH,BASTAR,-0.08421376393695323,0.09356401384084767,0.11374086889660288,0.13016532103036374,59884.49417175953,0.009383161119689487,-0.19986159169550174,0.2364628988850442,6393305
650,22,CHHATTISGARH,BEMETARA,-0.07111111111111636,0.035432525951557985,0.04822760476739924,0.06698961937716177,1028.0615176968056,3.821781264618307E-4,-0.17937716262975778,0.17279507881584008,2697016
636,22,CHHATTISGARH,BIJAPUR,-0.04158400615148109,0.14173010380625906,0.15378700499803852,0.16633602460589972,787064.4354452398,0.07209471622574198,-0.17937716262975778,0.2599000384467512,10931393
375,22,CHHATTISGARH,BILASPUR,-0.07535563244905032,0.06698961937717025,0.08421376393694882,0.10340638216070414,44669.21605500294,0.01045302023155407,-0.19986159169550174,0.19986159169550174,4282196
734,22,CHHATTISGARH,GAURELA-PENDRA-MARWAHI,-0.0669896193771615,0.05536332179930299,0.06698961937716882,0.08421376393694341,7434.102516826386,0.0030783438293169683,-0.16633602460592078,0.2069357939254133,2420209
376,22,CHHATTISGARH,DAKSHIN BASTAR DANTEWADA,-0.05173394848135222,0.10851211072665722,0.13016532103036746,0.14769703960015598,134940.02778342125,0.04055094584940329,-0.19986159169550174,0.2679584775086506,3336766
377,22,CHHATTISGARH,DHAMTARI,-0.07972318339100962,0.13016532103033265,0.1417301038062249,0.16000000000001827,201646.08042303091,0.04136745464434652,-0.17937716262975778,0.2364628988850442,4882863
378,22,CHHATTISGARH,DURG,-0.07535563244905537,0.04484429065744817,0.05911572472126399,0.07972318339100773,6376.5744785291445,0.0023172712889858813,-0.19986159169550174,0.186082276047674,2758101
645,22,CHHATTISGARH,GARIYABAND,-0.07535563244904905,0.11374086889660404,0.13016532103034112,0.14769703960017153,201771.1326472797,0.03494425021123793,-0.17937716262975778,0.2288965782391388,5784384
379,22,CHHATTISGARH,JANJGIR - CHAMPA,-0.08882737408688966,0.04822760476739093,0.06299115724721117,0.07972318339100748,955.7845433258321,1.7689950826600069E-4,-0.19986159169550174,0.2069357939254133,5413703
380,22,CHHATTISGARH,JASHPUR,-0.07535563244904911,0.07111111111111898,0.08882737408688579,0.10851211072664975,32664.80123874786,0.004610554044264772,-0.1929104190695886,0.22145328719723184,7094864
382,22,CHHATTISGARH,KABIRDHAM,-0.08421376393695301,0.04822760476739156,0.06299115724721113,0.07972318339101132,-19000.643270668254,-0.003758654076105321,-0.2069357939254133,0.17937716262975778,5063228
381,22,CHHATTISGARH,UTTAR BASTAR KANKER,-0.07111111111111587,0.0984236831987537,0.113740868896593,0.13588619761631976,208829.57998207392,0.024414710873804805,-0.19986159169550174,0.2364628988850442,8566278
643,22,CHHATTISGARH,KONDAGAON,-0.09842368319877036,0.07972318339101617,0.09842368319877326,0.11909265667051547,7512.28817200674,0.0012466965073157112,-0.2069357939254133,0.2069357939254133,6035251
383,22,CHHATTISGARH,KORBA,-0.059115724721263474,0.0669896193771749,0.08421376393695826,0.09842368319877233,136681.44295630982,0.017139110892380974,-0.186082276047674,0.2069357939254133,7984432
384,22,CHHATTISGARH,KOREA,-0.05536332179930839,0.07972318339099485,0.09356401384085769,0.10851211072665531,194181.23127169453,0.024169283471145907,-0.17279507881584008,0.21413302575932336,8044955
385,22,CHHATTISGARH,MAHASAMUND,-0.07535563244905283,0.05173394848134605,0.06698961937716807,0.08882737408688408,9374.56326389982,0.0016472085547987881,-0.186082276047674,0.19986159169550174,5701522
647,22,CHHATTISGARH,MUNGELI,-0.0711111111111151,0.10340638216074009,0.11909265667053054,0.130165321030354,103432.72331706318,0.030882549452492282,-0.186082276047674,0.22145328719723184,3357558
637,22,CHHATTISGARH,NARAINPUR,-0.08882737408688486,0.10851211072666221,0.12456747404846764,0.14173010380623113,149805.08597185754,0.03239920242708077,-0.19986159169550174,0.2364628988850442,4632332
386,22,CHHATTISGARH,RAIGARH,-0.07972318339100917,0.05911572472125408,0.07535563244905118,0.09356401384082398,70033.13837438893,0.008249747463511538,-0.2069357939254133,0.186082276047674,8502955
387,22,CHHATTISGARH,RAIPUR,-0.059115724721263536,0.06299115724721295,0.08421376393695318,0.10340638216071471,61162.5015276477,0.017573387581944808,-0.17279507881584008,0.2288965782391388,3486230
388,22,CHHATTISGARH,RAJ NANDGAON,-0.07535563244905391,0.051733948481346465,0.07111111111111755,0.08882737408688876,25629.67723775686,0.0026541953910231278,-0.22145328719723184,0.1929104190695886,9670842
642,22,CHHATTISGARH,SUKMA,-0.01384083044982724,0.14173010380625406,0.15378700499803857,0.1663360246059124,513430.72274184425,0.07965420772682986,-0.16633602460592078,0.24415224913494812,6458280
648,22,CHHATTISGARH,SURAJPUR,-0.0669896193771683,0.07535563244906357,0.09356401384084392,0.1137408688965903,79247.1211480331,0.011943824029611272,-0.2288965782391388,0.22145328719723184,6646511
389,22,CHHATTISGARH,SURGUJA,-0.07535563244905287,0.05536332179930089,0.07535563244904622,0.0935640138408242,1623.9335751148797,3.344653900101842E-4,-0.19986159169550174,0.21413302575932336,4864080
463,38,DADRA & NAGAR HAVELI & DAMAN & DIU,DAMAN,0.027128027681661285,0.172795078815845,0.18608227604767155,0.19986159169549983,9780.182305023913,0.11483412387999661,-0.05173394848135333,0.2599000384467512,86148
464,38,DADRA & NAGAR HAVELI & DAMAN & DIU,DIU,-0.027128027681660862,0.1860822760476718,0.20693579392541203,0.221453287197233,5154.205276462511,0.11162349554358136,-0.06698961937716265,0.29287197231833906,47012
465,38,DADRA & NAGAR HAVELI & DAMAN & DIU,DADRA & NAGAR HAVELI,0.010396001537870075,0.14769703960016906,0.15999999999999492,0.1727950788158482,55311.867912739435,0.09483862541725399,-0.09356401384083046,0.24415224913494812,587628
077,07,DELHI,CENTRAL,0.008858131487889274,0.18608227604769303,0.19986159169549075,0.21413302575931986,16269.02842351416,0.1202094031251446,-0.09842368319876971,0.28444444444444444,137139
078,07,DELHI,EAST,0.059115724721261045,0.18608227604767152,0.19291041906959022,0.20693579392541187,5580.3196446601405,0.13945536722351895,-0.007443291041906958,0.2599000384467512,40526
079,07,DELHI,NEW DELHI,0.06698961937716237,0.1929104190695903,0.20693579392540568,0.22145328719722696,29185.957401223728,0.14675653852712175,-0.05173394848135333,0.2761399461745483,200534
080,07,DELHI,NORTH,0.022206843521722423,0.1860822760476984,0.19986159169548876,0.2141330257593256,43317.60218990354,0.11670050088533783,-0.06698961937716265,0.28444444444444444,373407
081,07,DELHI,NORTH EAST,-0.013840830449826981,0.19986159169550016,0.206935793925416,0.22145328719723362,6043.091294659643,0.13474216005288717,-0.09842368319876971,0.2599000384467512,45774
082,07,DELHI,NORTH WEST,0.017777777777777823,0.19291041906957856,0.19986159169548884,0.2141330257593244,23549.790299042903,0.12056538489055667,-0.0629911572472126,0.2679584775086506,197251
671,07,DELHI,SHAHADRA,0.044844290657439494,0.18608227604767147,0.19291041906959022,0.1998615916954991,5876.481437274081,0.1342400153746315,-0.019930795847750864,0.2599000384467512,44424
083,07,DELHI,SOUTH,0.05173394848135396,0.19986159169548784,0.20693579392539782,0.22145328719722573,28610.720781587028,0.1415150714745016,-0.019930795847750864,0.28444444444444444,203572
084,07,DELHI,SOUTH WEST,0.01777777777777783,0.19291041906957312,0.2069357939254126,0.21413302575932544,42970.69728992298,0.11943199333317048,-0.05536332179930796,0.29287197231833906,362148
085,07,DELHI,WEST,0.00448472688768746,0.19291041906959214,0.20693579392540531,0.21413302575932583,23250.835308880145,0.13910726980124047,-0.09842368319876971,0.2679584775086506,168657
670,07,DELHI,SOUTH EAST,0.029773164167627857,0.18608227604767144,0.19986159169550105,0.2141330257593238,16491.532261947206,0.12796713178102873,-0.05911572472126105,0.28444444444444444,130060
551,30,GOA,NORTH GOA,-0.06698961937716359,0.11909265667052929,0.13588619761631357,0.15999999999999884,107456.08549005317,0.05314943011924406,-0.2288965782391388,0.2761399461745483,2026943
552,30,GOA,SOUTH GOA,-0.08882737408688968,0.11374086889659554,0.13016532103036033,0.14769703960015396,98598.32344324805,0.043574696132822624,-0.19986159169550174,0.2519646289888504,2268792
673,24,GUJARAT,MORBI,-0.029773164167628836,0.09356401384086609,0.10851211072665878,0.13016532103037284,307681.12302938063,0.05098985745524729,-0.1929104190695886,0.2364628988850442,6044416
438,24,GUJARAT,AHMADABAD,-0.07111111111111829,0.11909265667053351,0.13588619761632606,0.14769703960016534,549256.2943243975,0.06264305883450753,-0.14769703960015382,0.28444444444444444,8784863
440,24,GUJARAT,ANAND,-0.07535563244905764,0.0984236831987621,0.1137408688965844,0.13588619761630108,125141.92526870994,0.03263541712658135,-0.17937716262975778,0.2599000384467512,3842291
674,24,GUJARAT,DEVBHUMI DWARKA,-0.0354325259515585,0.11374086889658311,0.13016532103035544,0.14769703960015976,333748.39261643396,0.06658870969225161,-0.186082276047674,0.28444444444444444,5023982
447,24,GUJARAT,JAMNAGAR,-0.01294245086059037,0.10851211072666131,0.12456747404846286,0.1417301038062246,475710.2182552326,0.06662725632410772,-0.24415224913494812,0.2679584775086506,7153837
449,24,GUJARAT,KACHCHH,-0.18608227604764468,0.08882737408689398,0.10851211072666408,0.13016532103035716,-403107.7902111028,-0.008128372017930954,-0.31009611687812383,0.28444444444444444,49630741
443,24,GUJARAT,BHAVNAGAR,-0.0026383566875158707,0.1358861976163572,0.14769703960017538,0.166336024605925,714431.954527363,0.08797993684924157,-0.15378700499807765,0.2679584775086506,8129986
442,24,GUJARAT,BHARUCH,-0.05173394848135072,0.13588619761627063,0.15378700499803988,0.16633602460591743,485819.7952720019,0.08196398485499315,-0.186082276047674,0.2761399461745483,5942322
459,24,GUJARAT,SURAT,-0.07972318339101148,0.13588619761633636,0.15378700499805345,0.17279507881584916,272603.05983596493,0.05249758722147315,-0.17937716262975778,0.2679584775086506,5202601
453,24,GUJARAT,NAVSARI,-0.032541330257591566,0.1537870049980417,0.16633602460589947,0.17937716262976322,242317.47252715964,0.09199993844098608,-0.14173010380622836,0.2761399461745483,2640202
462,24,GUJARAT,VALSAD,-0.0026464451718897644,0.14769703960013222,0.1599999999999929,0.1793771626297663,329131.1996564993,0.09365060139326846,-0.11374086889657825,0.2761399461745483,3524114
672,24,GUJARAT,ARAVALLI,-0.022206843521722416,0.10851211072666096,0.12456747404846179,0.14173010380623546,219237.7329193916,0.05717140713936368,-0.15378700499807765,0.2679584775086506,3843076
441,24,GUJARAT,BANAS KANTHA,-0.04822760476739492,0.09842368319874545,0.11374086889659263,0.13016532103036693,586582.603597584,0.04450555666147268,-0.24415224913494812,0.2519646289888504,13197838
668,24,GUJARAT,CHHOTA UDEPUR,-0.03543252595155821,0.09842368319875415,0.11374086889658934,0.13588619761629844,197874.46244563698,0.04745660473333806,-0.15378700499807765,0.24415224913494812,4179280
445,24,GUJARAT,DAHOD,-0.027128027681660394,0.0935640138408505,0.10851211072665627,0.12456747404844673,196728.33612921755,0.04458188603711911,-0.13588619761630144,0.2288965782391388,4420485
444,24,GUJARAT,DANGS,-0.017777777777777993,0.13016532103034018,0.14769703960017186,0.16000000000000844,156415.8773655742,0.07413521538279978,-0.11909265667051133,0.24415224913494812,2115144
675,24,GUJARAT,GIR SOMNATH,-0.025817522453900062,0.1245674740484657,0.1417301038062267,0.1600000000000018,209667.7483804269,0.06632230013323955,-0.19986159169550174,0.31009611687812383,3168667
448,24,GUJARAT,JUNAGADH,-0.03254133025759225,0.11909265667053522,0.13016532103033726,0.14769703960016775,474966.2161947601,0.06446864234425148,-0.16000000000000003,0.29287197231833906,7380122
669,24,GUJARAT,MAHISAGAR,-0.038446751249520426,0.09356401384084657,0.10851211072665125,0.13016532103037012,144533.72870143168,0.047392059272420135,-0.15378700499807765,0.24415224913494812,3057162
452,24,GUJARAT,NARMADA,-0.03254133025759267,0.11374086889658779,0.1301653210303493,0.14769703960016478,209981.1406863726,0.0619856914902584,-0.15378700499807765,0.2679584775086506,3395262
454,24,GUJARAT,PANCH MAHALS,-0.032541330257592246,0.1190926566705338,0.13588619761632778,0.14769703960016486,267116.66155624465,0.06721630478205778,-0.14769703960015382,0.2519646289888504,3982812
458,24,GUJARAT,SABAR KANTHA,-0.02460592079969272,0.11374086889659535,0.13016532103034983,0.15378700499808637,312287.4364478377,0.060330321173242024,-0.14173010380622836,0.2679584775086506,5187838
641,24,GUJARAT,TAPI,-0.051733948481352626,0.14173010380624898,0.15999999999999176,0.17937716262978806,236213.18101310357,0.06280491056543902,-0.17937716262975778,0.2679584775086506,3771978
461,24,GUJARAT,VADODARA,-0.03543252595155824,0.12456747404847211,0.1358861976163278,0.15378700499808678,306565.4135560593,0.06209265881858634,-0.17279507881584008,0.2679584775086506,4946678
439,24,GUJARAT,AMRELI,-9.128934135706017E-4,0.11374086889657237,0.12456747404847074,0.14173010380621986,646951.273987331,0.0737287810506927,-0.17279507881584008,0.2679584775086506,8788427
456,24,GUJARAT,PORBANDAR,-0.041584006151481154,0.13016532103034353,0.14173010380623122,0.1600000000000018,215279.0675155698,0.07743715187243921,-0.2069357939254133,0.3188927335640138,2788240
457,24,GUJARAT,RAJKOT,0.002656194071842921,0.11374086889657403,0.12456747404847043,0.1417301038062235,660656.2250875632,0.07133782094600988,-0.14769703960015382,0.2761399461745483,9279397
460,24,GUJARAT,SURENDRANAGAR,-0.02460592079969138,0.10851211072665697,0.12456747404846873,0.13588619761631213,688983.6798661866,0.06202644443970546,-0.16633602460592078,0.2599000384467512,11127032
676,24,GUJARAT,BOTAD,0.022206843521721715,0.12456747404847578,0.13588619761632661,0.1537870049980843,259185.7091880988,0.08674102865636939,-0.09356401384083046,0.2519646289888504,2995174
450,24,GUJARAT,KHEDA,-0.06698961937716405,0.10851211072666088,0.12456747404846066,0.1417301038062389,195123.96987913916,0.04680493663940622,-0.17279507881584008,0.2599000384467512,4177913
451,24,GUJARAT,MAHESANA,-0.01384083044982711,0.1137408688965839,0.13016532103035408,0.14769703960016206,349919.26309142826,0.06502075168364775,-0.16633602460592078,0.2519646289888504,5393193
446,24,GUJARAT,GANDHINAGAR,-0.02220684352172242,0.11909265667052894,0.13588619761631604,0.15378700499808565,168043.54537494137,0.0657694908921027,-0.15378700499807765,0.24415224913494812,2563098
455,24,GUJARAT,PATAN,-0.029773164167628062,0.10851211072666188,0.11909265667052472,0.13588619761630213,401994.5378672344,0.05697329994923341,-0.15378700499807765,0.2599000384467512,7069966
058,06,HARYANA,AMBALA,-0.002634154235015374,0.1537870049980872,0.17937716262978332,0.20693579392539874,140777.59917511515,0.07198872384963967,-0.08421376393694734,0.3278123798539023,1963507
059,06,HARYANA,BHIWANI,-0.006788607751713258,0.10851211072664715,0.14173010380623596,0.17937716262975287,219612.53642793684,0.05244979116576078,-0.1085121107266436,0.29287197231833906,4194676
060,06,HARYANA,FARIDABAD,0.004512575763327921,0.16633602460588437,0.17937716262979514,0.19986159169548925,88038.17573622428,0.09344858378304248,-0.08421376393694734,0.28444444444444444,945230
061,06,HARYANA,FATEHABAD,-0.015747789311802814,0.09842368319877128,0.13588619761629958,0.1727950788158473,136620.3237918477,0.04216607700180188,-0.07111111111111111,0.29287197231833906,3246738
062,06,HARYANA,GURUGRAM,0.027128027681660317,0.1727950788158511,0.1929104190696097,0.20693579392538838,169950.49706558176,0.1072942176263224,-0.09842368319876971,0.3014225297962323,1589083
063,06,HARYANA,HISAR,-0.01205690119184863,0.10851211072665692,0.1417301038062254,0.17937716262975603,264647.236344463,0.05083998485928342,-0.10340638216070744,0.3188927335640138,5213950
064,06,HARYANA,JHAJJAR,0.010396001537870259,0.14173010380622203,0.17937716262976638,0.2069357939253986,181468.47584533252,0.07685143347637777,-0.08882737408688965,0.29287197231833906,2367667
065,06,HARYANA,JIND,-0.008858131487889864,0.10851211072664353,0.15378700499808187,0.192910419069578,169398.77099266127,0.048460266268224604,-0.05911572472126105,0.3014225297962323,3503951
066,06,HARYANA,KAITHAL,-0.0103960015378703,0.10851211072664711,0.1537870049980842,0.19986159169548987,141281.41957423568,0.04834540491339614,-0.07111111111111111,0.28444444444444444,2929802
067,06,HARYANA,KARNAL,-0.015747789311802825,0.11374086889657366,0.1599999999999977,0.1929104190695808,146488.46135197906,0.04607219978062323,-0.10340638216070744,0.28444444444444444,3186602
068,06,HARYANA,KURUKSHETRA,-0.01574778931180282,0.12456747404845642,0.16633602460592475,0.19986159169548845,107133.18120064991,0.04962814761199219,-0.12456747404844293,0.29287197231833906,2164099
069,06,HARYANA,MAHENDRAGARH,0.022206843521720237,0.14769703960016856,0.17279507881584996,0.19986159169549028,221884.70527919868,0.09066228350130026,-0.08421376393694734,0.29287197231833906,2455293
604,06,HARYANA,MEWAT,-8.933697548980351E-4,0.1417301038062363,0.16633602460592464,0.19291041906957904,157366.8331719812,0.08224198047746152,-0.09842368319876971,0.31009611687812383,1920287
619,06,HARYANA,PALWAL,-9.168608750368791E-4,0.13016532103037134,0.16000000000000528,0.18608227604768673,115673.15171388429,0.06731386858296443,-0.08421376393694734,0.29287197231833906,1723336
070,06,HARYANA,PANCHKULA,0.027128027681662007,0.19291041906960277,0.20693579392538974,0.22889657823914702,145449.629770673,0.12741907468316252,-0.04822760476739715,0.36472126105344094,1145979
071,06,HARYANA,PANIPAT,-0.004457552888883309,0.13588619761629692,0.16633602460592478,0.19291041906957754,96264.41982709062,0.05776456739570562,-0.10340638216070744,0.2679584775086506,1670732
072,06,HARYANA,REWARI,0.03543252595155767,0.16000000000000614,0.18608227604769545,0.21413302575932944,200103.71043572377,0.10176606994591217,-0.08882737408688965,0.3014225297962323,1972079
073,06,HARYANA,ROHTAK,0.010396001537870273,0.14769703960016628,0.1860822760477001,0.20693579392539438,153034.94026941629,0.0719891681005385,-0.05173394848135333,0.29287197231833906,2130843
074,06,HARYANA,SIRSA,-0.004469383718297279,0.1085121107266533,0.14173010380623985,0.1727950788158487,295910.1260071802,0.05400651898336558,-0.0629911572472126,0.3014225297962323,5487960
075,06,HARYANA,SONIPAT,0.004525340265682224,0.14173010380622134,0.17279507881584993,0.1998615916954883,185776.22802905834,0.06680921246639378,-0.08421376393694734,0.3014225297962323,2786505
076,06,HARYANA,YAMUNANAGAR,-0.04822760476739408,0.1600000000000032,0.186082276047698,0.20693579392540024,132725.31819288185,0.05978658903261575,-0.14769703960015382,0.31009611687812383,2225647
701,06,HARYANA,CHARKHI DADRI,0.00686466400376156,0.12456747404845371,0.15378700499808193,0.19291041906958079,119829.4498529245,0.0682161710837492,-0.17937716262975778,0.28444444444444444,1761774
015,02,HIMACHAL PRADESH,BILASPUR,0.041584006151481015,0.1793771626297959,0.19986159169548715,0.2214532871972387,189304.297825534,0.12438397317529877,-0.06698961937716265,0.3278123798539023,1527049
016,02,HIMACHAL PRADESH,CHAMBA,-0.20693579392540173,0.1537870049980244,0.17937716262980674,0.20693579392538844,150218.83379000123,0.017421138402825463,-0.33685505574778934,0.37425605536332185,8634536
017,02,HIMACHAL PRADESH,HAMIRPUR,0.04822760476739451,0.21413302575930604,0.22889657823912707,0.2519646289888448,212137.17907627224,0.14524064276641818,-0.04822760476739715,0.34602076124567477,1464411
018,02,HIMACHAL PRADESH,KANGRA,-0.1929104190695815,0.19291041906953516,0.20693579392537922,0.23646289888504787,691395.222791552,0.0915301672649273,-0.3278123798539023,0.36472126105344094,7565612
020,02,HIMACHAL PRADESH,KULLU,-0.23646289888501068,0.14173010380624312,0.16633602460589794,0.19291041906959597,-52688.555041116226,-0.0073152119636131045,-0.33685505574778934,0.33685505574778934,7211360
022,02,HIMACHAL PRADESH,MANDI,0.0017413099812269627,0.1929104190695526,0.21413302575928886,0.23646289888504585,635316.1322624082,0.12287307179214196,-0.17279507881584008,0.3553094963475586,5177402
023,02,HIMACHAL PRADESH,SHIMLA,-0.18608227604768446,0.17937716262982134,0.19986159169548381,0.22145328719721924,582536.2500234917,0.08722777519703721,-0.3188927335640138,0.3553094963475586,6689722
024,02,HIMACHAL PRADESH,SIRMAUR,0.01681367823440206,0.20693579392538003,0.22889657823911233,0.25196462898884475,491083.1048095327,0.13405340179220906,-0.16000000000000003,0.36472126105344094,3670428
025,02,HIMACHAL PRADESH,SOLAN,0.03254133025759257,0.19291041906955542,0.2069357939253821,0.22889657823912643,330131.5371675496,0.13108680614274268,-0.12456747404844293,0.33685505574778934,2524974
026,02,HIMACHAL PRADESH,UNA,0.024605920799691466,0.19291041906957151,0.20693579392538178,0.22889657823912737,255190.46123912252,0.12648395990835,-0.07535563244905807,0.33685505574778934,2022495
019,02,HIMACHAL PRADESH,KINNAUR,-0.23646289888505312,0.05911572472126055,0.09842368319877531,0.13588619761629991,-626625.5212965488,-0.07364638068057876,-0.3278123798539023,0.29287197231833906,8518904
021,02,HIMACHAL PRADESH,LAHUL & SPITI,-0.22145328719721355,-0.01299410465116044,0.012964677981888705,0.04484429065743858,-1735879.048709024,-0.0941578224728132,-0.29287197231833906,0.2364628988850442,18455211
,01,JAMMU & KASHMIR,MIRPUR,0.010396001537870217,0.17937716262979322,0.20693579392539196,0.22889657823913342,524801.1188615763,0.10869772417265172,-0.12456747404844293,0.3553094963475586,4837249
,01,JAMMU & KASHMIR,MUZAFFARABAD,-0.18608227604770422,0.159999999999966,0.1793771626298142,0.2069357939253869,184496.35234105747,0.02840200823380925,-0.2761399461745483,0.33685505574778934,6508506
010,01,JAMMU & KASHMIR,PUNCH,-0.1727950788158475,0.17279507881585104,0.199861591695486,0.22889657823913187,424737.0715064819,0.07462262246307776,-0.34602076124567477,0.33685505574778934,5700333
001,01,JAMMU & KASHMIR,ANANTNAG,-0.19986159169548806,0.11374086889659174,0.13588619761630702,0.15999999999999756,-11780.313516385375,-0.0032193497063710804,-0.3188927335640138,0.2679584775086506,3666744
003,01,JAMMU & KASHMIR,BARAMULA,-0.1929104190695817,0.11909265667052306,0.1537870049980872,0.17937716262977246,24927.957281721752,0.008975094349832999,-0.34602076124567477,0.31009611687812383,2783290
007,01,JAMMU & KASHMIR,KATHUA,-0.06299115724721137,0.1727950788158511,0.19291041906957992,0.22145328719722882,316947.26576425147,0.09580506459972053,-0.3188927335640138,0.33685505574778934,3314635
014,01,JAMMU & KASHMIR,UDHAMPUR,-0.09356401384082866,0.17937716262980982,0.19986159169548526,0.22145328719722682,278646.30488461046,0.09204207487931816,-0.3014225297962323,0.3278123798539023,3033474
002,01,JAMMU & KASHMIR,BADGAM,-0.2679584775086502,0.025847986853335194,0.04822760476739935,0.07535563244905549,-111538.16810533423,-0.06644430394891238,-0.33685505574778934,0.17937716262975778,1682823
623,01,JAMMU & KASHMIR,BANDIPURA,-0.19986159169548656,0.05911572472125462,0.08421376393695848,0.11374086889658658,-257564.22636846284,-0.04705801619716878,-0.31009611687812383,0.24415224913494812,5482179
626,01,JAMMU & KASHMIR,GANDERBAL,-0.20693579392541614,0.08882737408688451,0.11374086889657327,0.14173010380623877,-41369.7921232396,-0.01893175853716592,-0.3014225297962323,0.29287197231833906,2192068
622,01,JAMMU & KASHMIR,KULGAM,-0.2761399461745414,0.07111111111111863,0.0888273740868917,0.11374086889657495,-78729.3858125872,-0.04649915402411571,-0.3553094963475586,0.2288965782391388,1698369
008,01,JAMMU & KASHMIR,KUPWARA,-0.14173010380622894,0.14769703960017166,0.17279507881585046,0.1998615916954874,138174.86270846738,0.037228693272367254,-0.29287197231833906,0.29287197231833906,3717596
011,01,JAMMU & KASHMIR,PULWAMA,-0.1358861976163038,0.06698961937716744,0.08882737408688192,0.11374086889657711,-7121.882314594919,-0.005912701647077202,-0.29287197231833906,0.22145328719723184,1208381
012,01,JAMMU & KASHMIR,RAJAURI,-0.10851211072664632,0.15378700499808046,0.17937716262978712,0.20693579392539502,182382.09248304932,0.051892671601374084,-0.3188927335640138,0.3278123798539023,3521026
621,01,JAMMU & KASHMIR,RAMBAN,-0.11374086889657753,0.1727950788158506,0.19291041906961387,0.2141330257593323,132781.8092978241,0.07725705417883649,-0.28444444444444444,0.3278123798539023,1722238
627,01,JAMMU & KASHMIR,RIASI,-0.19291041906957662,0.15999999999998138,0.1793771626297889,0.20693579392540046,169287.2173660068,0.0657210808968984,-0.3278123798539023,0.3278123798539023,2582725
625,01,JAMMU & KASHMIR,SHUPIYAN,-0.18608227604767175,0.04484429065743803,0.06698961937716388,0.09356401384083135,-10042.52962977618,-0.014820843677499435,-0.33685505574778934,0.21413302575932336,681043
013,01,JAMMU & KASHMIR,SRINAGAR,-0.10340638216070548,0.05911572472126357,0.07535563244905953,0.0935640138408319,-1325.1098237632148,-0.003499897506010339,-0.16633602460592078,0.17937716262975778,381957
620,01,JAMMU & KASHMIR,KISHTWAR,-0.21413302575930926,0.11374086889657523,0.14769703960015723,0.17937716262978753,-469003.79080599284,-0.04290915310776488,-0.3188927335640138,0.3278123798539023,10942149
004,01,JAMMU & KASHMIR,DODA,-0.14769703960015304,0.17937716262981526,0.1998615916954841,0.22145328719720378,254177.48886641164,0.07932117634013613,-0.31009611687812383,0.34602076124567477,3210495
624,01,JAMMU & KASHMIR,SAMBA,0.02712802768166076,0.17279507881585046,0.1929104190695843,0.22145328719723958,131974.02802160196,0.10750028849034747,-0.05911572472126105,0.36472126105344094,1231705
005,01,JAMMU & KASHMIR,JAMMU,0.012056901191848988,0.17937716262980133,0.19986159169548584,0.22889657823913667,328854.48173044535,0.102858517561875,-0.1085121107266436,0.34602076124567477,3204791
322,20,JHARKHAND,BOKARO,-0.059115724721264404,0.05911572472125802,0.07972318339101074,0.0984236831987658,25576.638411705084,0.00728742734041238,-0.2364628988850442,0.21413302575932336,3518062
323,20,JHARKHAND,CHATRA,-0.0415840061514811,0.0842137639369635,0.09842368319876943,0.11909265667051039,145402.31064012198,0.031229800063473808,-0.13588619761630144,0.2364628988850442,4666877
325,20,JHARKHAND,DHANBAD,-0.05536332179930665,0.0711111111111186,0.08882737408687867,0.10851211072664298,47346.466777111054,0.01904188272669058,-0.186082276047674,0.2069357939254133,2490976
324,20,JHARKHAND,DEOGHAR,-0.04822760476739439,0.06698961937717061,0.08421376393694814,0.10340638216070347,43144.79870047266,0.014170595564472773,-0.17937716262975778,0.2069357939254133,3050828
326,20,JHARKHAND,DUMKA,-0.05536332179930958,0.06299115724721112,0.07972318339101392,0.0984236831987667,55852.02915708955,0.012126713162214375,-0.1929104190695886,0.1929104190695886,4613615
328,20,JHARKHAND,GARHWA,-0.055363321799310125,0.07972318339101722,0.09842368319876664,0.11909265667051995,105725.63746800102,0.021079042974486602,-0.17937716262975778,0.22145328719723184,5023969
329,20,JHARKHAND,GIRIDIH,-0.04484429065743774,0.07972318339101563,0.10340638216071822,0.12456747404845149,140361.2283040855,0.02309129705956346,-0.16000000000000003,0.24415224913494812,6087886
330,20,JHARKHAND,GODDA,-0.05173394848135051,0.07111111111111945,0.08882737408688843,0.10851211072664384,69395.97885723427,0.0247140872134585,-0.16000000000000003,0.1929104190695886,2814180
331,20,JHARKHAND,GUMLA,-0.07535563244904826,0.07111111111111876,0.09356401384084348,0.11374086889658643,-2779.1651964351768,-4.272316888511128E-4,-0.24415224913494812,0.22145328719723184,6516036
332,20,JHARKHAND,HAZARIBAGH,-0.048227604767398374,0.08421376393695883,0.10340638216072102,0.13016532103037182,151282.78228813314,0.028533514486950486,-0.16000000000000003,0.2599000384467512,5315097
333,20,JHARKHAND,JAMTARA,-0.04158400615148114,0.06299115724721119,0.07972318339101282,0.09842368319876714,30925.42917896808,0.014005992577936839,-0.14769703960015382,0.1929104190695886,2214404
606,20,JHARKHAND,KHUNTI,-0.06698961937716708,0.07111111111111872,0.08882737408688979,0.10340638216070945,30283.352265779806,0.009473143633763061,-0.16000000000000003,0.2288965782391388,3204257
334,20,JHARKHAND,KODARMA,-0.02460592079969286,0.12456747404847109,0.13588619761634263,0.15378700499808712,111633.06193830895,0.05554592429561555,-0.14769703960015382,0.24415224913494812,2016064
335,20,JHARKHAND,LATEHAR,-0.04822760476739965,0.11374086889656906,0.135886197616354,0.1537870049980717,212183.50784884073,0.0410226364896463,-0.15378700499807765,0.2599000384467512,5182155
336,20,JHARKHAND,LOHARDAGA,-0.0629911572472112,0.09356401384083537,0.11374086889657833,0.13016532103037096,31654.749071436403,0.017266500371018248,-0.17937716262975778,0.2364628988850442,1838361
337,20,JHARKHAND,PAKUR,-0.06299115724721137,0.055363321799305296,0.07111111111111586,0.09356401384082652,12827.86521575963,0.005805105236218109,-0.17279507881584008,0.19986159169550174,2216228
338,20,JHARKHAND,PALAMU,-0.05536332179930716,0.0669896193771719,0.08882737408688313,0.10851211072664671,78307.25895145202,0.014480404250202888,-0.14769703960015382,0.2288965782391388,5416996
343,20,JHARKHAND,WEST SINGHBHUM,-0.06299115724721116,0.07972318339101743,0.09842368319875809,0.11909265667052256,160046.15942661863,0.018345869785800925,-0.186082276047674,0.22145328719723184,8734513
327,20,JHARKHAND,EAST SINGHBHUM,-0.08882737408688735,0.04822760476740182,0.06698961937716849,0.08421376393694639,-21992.06060630585,-0.005116280523290711,-0.1929104190695886,0.17937716262975778,4306723
607,20,JHARKHAND,RAMGARH,-0.07111111111111504,0.05536332179930775,0.07535563244905615,0.09842368319877018,1650.802715459223,9.718553357503476E-4,-0.16633602460592078,0.19986159169550174,1705200
339,20,JHARKHAND,RANCHI,-0.07535563244905123,0.06299115724721116,0.08882737408688995,0.11374086889658365,17226.494432943848,0.0028424125543111034,-0.17279507881584008,0.2761399461745483,6072574
340,20,JHARKHAND,SAHIBGANJ,-0.0842137639369468,0.05911572472125242,0.0797231833910112,0.09842368319876764,13212.293031670848,0.004896141347735994,-0.17937716262975778,0.1929104190695886,2704649
341,20,JHARKHAND,SARAIKELA-KHARSAWAN,-0.07111111111111505,0.05173394848134639,0.07111111111111694,0.08882737408688747,19334.736746490456,0.006001845785857548,-0.186082276047674,0.1929104190695886,3228630
342,20,JHARKHAND,SIMDEGA,-0.05911572472126304,0.05911572472126038,0.07535563244905555,0.08882737408688882,43030.60799553813,0.009419945059619218,-0.2288965782391388,0.2069357939254133,4575865
524,29,KARNATAKA,BAGALKOT,-0.11909265667052399,0.06299115724722691,0.07535563244905374,0.09356401384082733,47233.172363079626,0.006194048080672206,-0.2364628988850442,0.21413302575932336,7637876
528,29,KARNATAKA,BALLARI,-0.12456747404846455,0.0629911572472363,0.07535563244905949,0.08882737408687058,-177135.455972303,-0.018081059829566173,-0.2599000384467512,0.1929104190695886,9811668
527,29,KARNATAKA,BELAGAVI,-0.10851211072664872,0.07111111111110743,0.08882737408686939,0.10851211072665999,160375.34784710128,0.010262559395304113,-0.2519646289888504,0.22145328719723184,15647841
526,29,KARNATAKA,BENGALURU RURAL,-0.11909265667050947,0.0199307958477524,0.04158400615148108,0.06299115724721142,-102126.76760400223,-0.03870310771727017,-0.2519646289888504,0.186082276047674,2647699
525,29,KARNATAKA,BENGALURU URBAN,-0.11909265667050964,0.08421376393696658,0.103406382160731,0.11909265667052031,4600.657516015245,0.0018262810616229154,-0.24415224913494812,0.22145328719723184,2525378
529,29,KARNATAKA,BIDAR,-0.05911572472125938,0.048227604767384566,0.05911572472126259,0.07111111111111787,57826.15419695256,0.009037502221356686,-0.16633602460592078,0.2069357939254133,6408943
531,29,KARNATAKA,CHAMARAJANAGAR,-0.1476970396001606,0.00681872205198952,0.02712802768166069,0.04822760476739479,-354671.99139638356,-0.05495280580984679,-0.2599000384467512,0.1929104190695886,6464990
630,29,KARNATAKA,CHIK BALLAPUR,-0.13016532103035777,8.942886139866111E-4,0.019930795847751287,0.04484429065743833,-245280.45908289292,-0.05026410558424973,-0.29287197231833906,0.17937716262975778,4888990
532,29,KARNATAKA,CHIKKAMAGALURU,-0.12456747404844788,0.048227604767394835,0.07111111111111809,0.09842368319876732,-209236.47904295215,-0.025273293898549553,-0.2599000384467512,0.22145328719723184,8290158
533,29,KARNATAKA,CHITRADURGA,-0.12456747404845869,0.006816406476587917,0.02460592079969208,0.041584006151481175,-466072.53036500653,-0.047926470310985604,-0.2288965782391388,0.186082276047674,9737571
534,29,KARNATAKA,DAKSHINA KANNADA,-0.07972318339100906,0.09842368319874126,0.11909265667052768,0.14173010380621623,196105.63227446174,0.03520770111228207,-0.2364628988850442,0.28444444444444444,5579048
535,29,KARNATAKA,DAVANGERE,-0.124567474048459,0.006819460442261859,0.024605920799692024,0.044844290657438245,-321234.7140733335,-0.046992293827986184,-0.2364628988850442,0.19986159169550174,6847089
536,29,KARNATAKA,DHARWAD,-0.10851211072665642,0.04158400615146197,0.05173394848134616,0.06698961937716613,-21387.712714406374,-0.004332840155394083,-0.2519646289888504,0.22145328719723184,4944779
537,29,KARNATAKA,GADAG,-0.10851211072666012,0.051733948481344084,0.05911572472126748,0.07111111111111841,3446.804435068391,6.383350927486587E-4,-0.22145328719723184,0.17937716262975778,5409858
539,29,KARNATAKA,HASSAN,-0.11909265667051386,0.022206843521721194,0.03844675124952155,0.06299115724721129,-281934.6993708427,-0.0360684130529898,-0.2679584775086506,0.22145328719723184,7828705
540,29,KARNATAKA,HAVERI,-0.10340638216071411,0.012056901191849795,0.0271280276816615,0.044844290657438016,-184405.95622484141,-0.033083165392432966,-0.22145328719723184,0.1929104190695886,5582700
538,29,KARNATAKA,KALABURAGI,-0.06299115724721122,0.05536332179932149,0.06698961937717353,0.07972318339101125,224488.79565215268,0.017512750984067012,-0.19986159169550174,0.21413302575932336,12835141
541,29,KARNATAKA,KODAGU,-0.13588619761629708,0.059115724721253274,0.07535563244904721,0.0935640138408246,-62877.66693607748,-0.013392222433239379,-0.2599000384467512,0.2069357939254133,4703960
542,29,KARNATAKA,KOLAR,-0.1417301038062278,0.013840830449827353,0.032541330257592045,0.05911572472126347,-217258.4158656147,-0.047566769173770396,-0.2679584775086506,0.2069357939254133,4576751
543,29,KARNATAKA,KOPPAL,-0.08882737408688939,0.04822760476739319,0.06299115724721115,0.0753556324490524,-13285.223822519281,-0.002056211059949103,-0.19986159169550174,0.17937716262975778,6471180
544,29,KARNATAKA,MANDYA,-0.12456747404845246,0.013840830449826954,0.02977316416762798,0.048227604767394606,-233169.49193648255,-0.041012844341424604,-0.2364628988850442,0.17937716262975778,5695228
545,29,KARNATAKA,MYSURU,-0.11909265667051394,0.04158400615147852,0.05911572472125874,0.07972318339100795,-152962.79102082463,-0.021200271194632487,-0.2364628988850442,0.19986159169550174,7227650
546,29,KARNATAKA,RAICHUR,-0.09842368319877055,0.06698961937717604,0.07972318339101692,0.093564013840825,148583.0598129678,0.015132377598890984,-0.2288965782391388,0.2069357939254133,9829398
631,29,KARNATAKA,RAMANAGARAM,-0.13588619761630796,-0.004498131149699818,0.017777777777778277,0.04158400615148102,-236614.29380911158,-0.05878056598414795,-0.2519646289888504,0.17937716262975778,4034113
547,29,KARNATAKA,SHIVAMOGGA,-0.1137408688965733,0.04158400615147501,0.06299115724721119,0.0842137639369485,-212297.4896009595,-0.021733470541615223,-0.2519646289888504,0.2364628988850442,9782492
548,29,KARNATAKA,TUMAKURU,-0.13016532103036593,-9.288423778150432E-4,0.015747789311802818,0.03844675124951941,-654853.0442379861,-0.05374582043878645,-0.24415224913494812,0.1929104190695886,12204538
549,29,KARNATAKA,UDUPI,-0.06698961937716218,0.12456747404847103,0.14769703960017097,0.17279507881584996,225454.62888591547,0.0547468195082873,-0.22145328719723184,0.2761399461745483,4125180
550,29,KARNATAKA,UTTARA KANNADA,-0.11909265667052077,0.09356401384085437,0.11374086889658205,0.13588619761630538,77109.01829834386,0.006491485312804652,-0.24415224913494812,0.28444444444444444,11893283
530,29,KARNATAKA,VIJAYAPURA,-0.03844675124952095,0.06698961937717784,0.07972318339101793,0.09356401384082347,394165.18246149743,0.032179262069245054,-0.17279507881584008,0.21413302575932336,12262243
635,29,KARNATAKA,YADGIR,-0.08882737408688597,0.05536332179931602,0.06698961937717306,0.08421376393695086,42515.283042163894,0.006913057776684382,-0.21413302575932336,0.2069357939254133,6160245
554,32,KERALA,ALAPPUZHA,0.008858131487889182,0.17279507881585104,0.18608227604770594,0.20693579392539502,178955.8803969834,0.11113054308782133,-0.15378700499807765,0.31009611687812383,1615612
555,32,KERALA,ERNAKULAM,-0.10851211072664184,0.119092656670532,0.14173010380623566,0.16000000000001746,147880.65045540352,0.04254965225123767,-0.28444444444444444,0.2599000384467512,3482949
556,32,KERALA,IDUKKI,-0.1537870049980829,0.06299115724721115,0.08421376393695165,0.10851211072664323,-87414.57310842647,-0.01767793999894729,-0.2761399461745483,0.2288965782391388,4955513
557,32,KERALA,KANNUR,-0.10851211072665061,0.12456747404847358,0.1417301038062522,0.1600000000000005,108363.0415055226,0.0319552402447175,-0.2519646289888504,0.2519646289888504,3397343
558,32,KERALA,KASARAGOD,-0.09842368319877202,0.13016532103036968,0.1476970396001656,0.16633602460592492,86161.4798319018,0.03776116594624755,-0.28444444444444444,0.2761399461745483,2288384
559,32,KERALA,KOLLAM,-0.12456747404843783,0.13588619761634396,0.15378700499805245,0.17937716262978773,93824.88435257766,0.033364023156831964,-0.29287197231833906,0.2761399461745483,2818601
560,32,KERALA,KOTTAYAM,-0.10340638216071033,0.1190926566705257,0.14173010380622073,0.16633602460592475,91699.10448129466,0.03665613218807719,-0.2599000384467512,0.29287197231833906,2507427
561,32,KERALA,KOZHIKODE,-0.1085121107266438,0.14769703960017738,0.1599999999999927,0.1793771626297846,158868.33448165414,0.059303185028807756,-0.29287197231833906,0.2599000384467512,2684454
562,32,KERALA,MALAPPURAM,-0.09356401384082631,0.13588619761633983,0.1537870049980488,0.17279507881585035,204313.71797263966,0.05043926612923617,-0.3014225297962323,0.2679584775086506,4058183
563,32,KERALA,PALAKKAD,-0.12456747404845143,0.11374086889657614,0.13588619761632878,0.1537870049980872,132845.0339203248,0.026035511564672566,-0.31009611687812383,0.2761399461745483,5112539
564,32,KERALA,PATTANAMTHITTA,-0.12456747404843779,0.10851211072665212,0.1301653210303581,0.1600000000000132,64976.404098906285,0.02163206277940086,-0.28444444444444444,0.2761399461745483,3011006
565,32,KERALA,THIRUVANANTHAPURAM,-0.1245674740484386,0.14173010380622578,0.16633602460592498,0.18608227604768676,112095.58868211396,0.04519364195959924,-0.3014225297962323,0.31009611687812383,2485730
566,32,KERALA,TRISSUR,-0.07972318339100379,0.15378700499803438,0.17279507881585118,0.18608227604770297,251454.55049081618,0.07297243018066472,-0.28444444444444444,0.28444444444444444,3453173
567,32,KERALA,WAYANAD,-0.1537870049980814,0.051733948481347554,0.07111111111111658,0.09356401384082572,-66761.39086992279,-0.027435829174279933,-0.28444444444444444,0.2288965782391388,2438701
009,37,LADAKH,LEH,-0.21413302575927043,0.009650299775906073,0.04484429065744732,0.07972318339101178,-1.8593170394488193E7,-0.08873198490437231,-0.31009611687812383,0.31009611687812383,209611635
006,37,LADAKH,KARGIL,-0.20693579392538258,0.009647487773222671,0.03254133025759241,0.05536332179930738,-1431274.5659440693,-0.07506961597522818,-0.3014225297962323,0.21413302575932336,19084969
553,31,LAKSHADWEEP,LAKSHADWEEP,0.00463867544158504,0.22889657823913928,0.23646289888504493,0.25196462898885086,4535.210589712863,0.1439875769210719,-0.07972318339100345,0.28444444444444444,33702
667,23,MADHYA PRADESH,AGAR MALWA,-0.002634723486725485,0.11374086889658196,0.12456747404846558,0.14173010380622325,219654.1487104107,0.06589213674227838,-0.09356401384083046,0.2599000384467512,3340865
639,23,MADHYA PRADESH,ALIRAJPUR,-0.05911572472126429,0.06698961937717193,0.07972318339101207,0.09356401384082447,68723.64608653067,0.017087202805376216,-0.19986159169550174,0.19986159169550174,4031207
390,23,MADHYA PRADESH,ANUPPUR,-0.07111111111111557,0.044844290657442144,0.0629911572472112,0.08421376393694817,-36848.25755236756,-0.008048831714922693,-0.2069357939254133,0.21413302575932336,4589056
391,23,MADHYA PRADESH,ASHOKNAGAR,-0.05536332179930967,0.051733948481345444,0.06698961937716963,0.08882737408688257,52032.56138457828,0.008949141628757783,-0.14173010380622836,0.24415224913494812,5822740
392,23,MADHYA PRADESH,BALAGHAT,-0.08882737408688716,0.08421376393696418,0.1034063821607287,0.11909265667052456,111338.52638262464,0.010005097659940978,-0.22145328719723184,0.21413302575932336,11141974
393,23,MADHYA PRADESH,BARWANI,-0.044844290657439626,0.0669896193771756,0.07972318339101622,0.09842368319876503,165643.84222247,0.02537640532945419,-0.19986159169550174,0.21413302575932336,6536978
394,23,MADHYA PRADESH,BETUL,-0.059115724721262496,0.06299115724722434,0.0797231833910167,0.09356401384082771,152948.23135381044,0.012644216739030984,-0.17279507881584008,0.2069357939254133,12110448
395,23,MADHYA PRADESH,BHIND,-0.048227604767397174,0.09356401384084638,0.10851211072665493,0.13016532103037196,189970.3075831909,0.034168009519126415,-0.13016532103037293,0.2679584775086506,5571431
396,23,MADHYA PRADESH,BHOPAL,-0.0517339484813491,0.07972318339101576,0.09356401384083414,0.11374086889658558,82647.43092872489,0.02454532318397333,-0.17279507881584008,0.2288965782391388,3374356
397,23,MADHYA PRADESH,BURHANPUR,-0.11909265667051744,0.05173394848134493,0.06698961937717063,0.07972318339100967,29710.924990486405,0.007682633861144105,-0.21413302575932336,0.19986159169550174,3873783
398,23,MADHYA PRADESH,CHHATARPUR,-0.06299115724721116,0.0669896193771736,0.08421376393695701,0.10340638216071302,122840.50707755347,0.01151555502230666,-0.17937716262975778,0.2288965782391388,10687142
399,23,MADHYA PRADESH,CHHINDWARA,-0.07111111111111815,0.04484429065745002,0.05911572472125931,0.075355632449051,-71970.96771004166,-0.005055786605416516,-0.1929104190695886,0.22145328719723184,14251129
400,23,MADHYA PRADESH,DAMOH,-0.0629911572472112,0.0629911572472239,0.07535563244904811,0.0935640138408239,121663.07414749349,0.013654184536127444,-0.17937716262975778,0.22145328719723184,8922849
401,23,MADHYA PRADESH,DATIA,-0.05911572472126502,0.06698961937716781,0.08882737408688209,0.119092656670513,13086.96141280383,0.003930658322814853,-0.14173010380622836,0.2679584775086506,3340498
402,23,MADHYA PRADESH,DEWAS,-0.048227604767396154,0.08882737408687537,0.10340638216073356,0.11909265667051971,331286.32010704564,0.03901803246832147,-0.16000000000000003,0.2519646289888504,8505726
403,23,MADHYA PRADESH,DHAR,-0.03254133025759241,0.07972318339099047,0.09356401384085145,0.11374086889658522,346796.31148703536,0.03518693035502662,-0.186082276047674,0.2364628988850442,9867234
404,23,MADHYA PRADESH,DINDORI,-0.07535563244904656,0.05173394848134644,0.07111111111111793,0.08882737408688925,-38834.96212930354,-0.005577672457011023,-0.16000000000000003,0.19986159169550174,6974940
405,23,MADHYA PRADESH,EAST NIMAR,-0.03254133025759238,0.07111111111112,0.08421376393695816,0.09842368319876889,284430.880641836,0.03163641862086397,-0.15378700499807765,0.2364628988850442,9002549
406,23,MADHYA PRADESH,GUNA,-0.05536332179930366,0.0669896193771723,0.07972318339101284,0.10340638216070627,119122.6729868482,0.015215426980982962,-0.14769703960015382,0.2599000384467512,7842335
407,23,MADHYA PRADESH,GWALIOR,-0.0448442906574427,0.0753556324490569,0.0935640138408279,0.11374086889658372,147108.71012584312,0.02596133839170194,-0.13016532103037293,0.2364628988850442,5674029
408,23,MADHYA PRADESH,HARDA,-0.1137408688965534,0.06698961937717468,0.07972318339101572,0.09356401384082311,-13274.907985932492,-0.0032942834327899595,-0.186082276047674,0.2288965782391388,4035848
409,23,MADHYA PRADESH,HOSHANGABAD,-0.11374086889659686,0.08421376393696825,0.09842368319874936,0.11374086889659552,-67340.37835563318,-0.008329958855087579,-0.17937716262975778,0.22145328719723184,8095645
410,23,MADHYA PRADESH,INDORE,-0.017777777777778114,0.09842368319875062,0.11909265667052525,0.1358861976163117,231099.0921111443,0.04886389279344743,-0.13016532103037293,0.24415224913494812,4738802
411,23,MADHYA PRADESH,JABALPUR,-0.08421376393696138,0.05173394848134646,0.07111111111111795,0.09356401384082653,-25957.70750352113,-0.004195391439404886,-0.17279507881584008,0.2288965782391388,6198352
412,23,MADHYA PRADESH,JHABUA,-0.02977316416762769,0.07111111111112008,0.0842137639369525,0.09842368319876915,128842.37301742428,0.030878913470317407,-0.12456747404844293,0.21413302575932336,4179358
413,23,MADHYA PRADESH,KATNI,-0.07111111111111654,0.0669896193771723,0.0842137639369529,0.10340638216070887,65856.77609221597,0.010685063083324984,-0.17279507881584008,0.21413302575932336,6175594
415,23,MADHYA PRADESH,MANDLA,-0.06299115724721116,0.0711111111111198,0.08882737408687377,0.10851211072665619,105859.13344844029,0.011649589870127137,-0.19986159169550174,0.2069357939254133,9100880
416,23,MADHYA PRADESH,MANDSAUR,0.004508947174932834,0.119092656670534,0.13016532103035175,0.14769703960016053,491210.63226961513,0.0723555984396933,-0.13588619761630144,0.2679584775086506,6799773
417,23,MADHYA PRADESH,MORENA,-0.03543252595155846,0.09356401384084984,0.11374086889658021,0.13016532103037276,268770.3180775873,0.043274413376279505,-0.14173010380622836,0.2519646289888504,6223463
418,23,MADHYA PRADESH,NARSHIMAPURA,-0.10340638216072691,0.055363321799303505,0.07535563244904828,0.0935640138408244,-94695.74903909683,-0.015210904809049712,-0.19986159169550174,0.2069357939254133,6236392
419,23,MADHYA PRADESH,NIMACH,-0.013840830449826766,0.1085121107266628,0.12456747404846301,0.14173010380623505,316915.6823045763,0.060227572776667966,-0.13588619761630144,0.2679584775086506,5274602
420,23,MADHYA PRADESH,PANNA,-0.03254133025759169,0.08882737408687263,0.10340638216073055,0.12456747404845285,333152.3988048333,0.03828927675785633,-0.13588619761630144,0.2519646289888504,8717597
421,23,MADHYA PRADESH,RAISEN,-0.07972318339101352,0.059115724721254995,0.07535563244905741,0.08882737408688075,31032.913560186043,0.0030138364736551483,-0.15378700499807765,0.1929104190695886,10312010
422,23,MADHYA PRADESH,RAJGARH,-0.013840830449826973,0.10340638216073689,0.11909265667052822,0.13588619761632253,425954.2106265148,0.05659742320990346,-0.09842368319876971,0.2519646289888504,7535187
423,23,MADHYA PRADESH,RATLAM,-0.024605920799692923,0.09356401384086102,0.10851211072665842,0.12456747404845424,271015.76685410464,0.04586029421903707,-0.11374086889657825,0.2519646289888504,5920371
424,23,MADHYA PRADESH,REWA,-0.05536332179930737,0.07111111111111865,0.09356401384082659,0.12456747404845088,108208.45388150548,0.013981504497789801,-0.15378700499807765,0.2519646289888504,7751995
425,23,MADHYA PRADESH,SAGAR,-0.07111111111111809,0.05536332179930428,0.07111111111111842,0.09356401384082491,94021.74692989881,0.007504014128878044,-0.17279507881584008,0.2364628988850442,12549508
426,23,MADHYA PRADESH,SATNA,-0.04158400615148068,0.07535563244904703,0.09356401384082674,0.11909265667051334,204420.74310196465,0.022144745973618717,-0.15378700499807765,0.2599000384467512,9250027
427,23,MADHYA PRADESH,SEHORE,-0.08421376393695884,0.07535563244906072,0.08882737408687334,0.10340638216071682,167650.20428265678,0.02105241085350417,-0.15378700499807765,0.2364628988850442,7979648
428,23,MADHYA PRADESH,SEONI,-0.0797231833910139,0.048227604767390464,0.06698961937717314,0.07972318339101536,-88468.86990483291,-0.008367143207710117,-0.1929104190695886,0.19986159169550174,10587279
429,23,MADHYA PRADESH,SHAHDOL,-0.051733948481349046,0.06698961937717297,0.08421376393695727,0.09842368319876989,102411.58702963228,0.014796398722973591,-0.17937716262975778,0.2069357939254133,6933487
430,23,MADHYA PRADESH,SHAJAPUR,-0.006804244591724357,0.10340638216073685,0.11374086889659764,0.130165321030371,249937.749603534,0.05935188489154775,-0.09356401384083046,0.2364628988850442,4219787
431,23,MADHYA PRADESH,SHEOPUR,-0.0026322881972885496,0.1245674740484771,0.1358861976163001,0.15378700499804904,591372.924688025,0.07224599928580584,-0.1085121107266436,0.29287197231833906,8196536
432,23,MADHYA PRADESH,SHIVPURI,-0.048227604767397514,0.07535563244904929,0.08882737408688271,0.10851211072664882,327959.9550817336,0.025820741903520135,-0.14769703960015382,0.2519646289888504,12718231
433,23,MADHYA PRADESH,SIDHI,-0.05911572472126364,0.07972318339101148,0.09356401384084419,0.11374086889657976,127616.2835989299,0.021832972250698655,-0.19986159169550174,0.21413302575932336,5855562
638,23,MADHYA PRADESH,SINGRAULI,-0.06299115724721124,0.06698961937717393,0.08882737408688873,0.10340638216071235,118132.64888641621,0.016741089271606703,-0.2069357939254133,0.2288965782391388,7066555
434,23,MADHYA PRADESH,TIKAMGARH,-0.07535563244904787,0.035432525951556285,0.05536332179930739,0.07972318339100372,-59638.35572022478,-0.01301957858632399,-0.2069357939254133,0.21413302575932336,4588875
435,23,MADHYA PRADESH,UJJAIN,-0.008858131487889727,0.10851211072666589,0.11909265667053007,0.13588619761630555,432821.2023292913,0.05834978479422574,-0.1085121107266436,0.2761399461745483,7431237
436,23,MADHYA PRADESH,UMARIA,-0.05173394848135025,0.07535563244904808,0.08882737408688741,0.1034063821607249,106591.57409272407,0.019117571212856548,-0.14769703960015382,0.1929104190695886,5584765
437,23,MADHYA PRADESH,VIDISHA,-0.0553633217993052,0.05173394848134535,0.06698961937716919,0.08421376393694632,59818.4088470718,0.006708610296599018,-0.14769703960015382,0.2288965782391388,8929692
414,23,MADHYA PRADESH,WEST NIMAR,-0.03254133025759227,0.06698961937717549,0.07972318339101592,0.09842368319876875,283860.76710861834,0.029384369443939486,-0.16000000000000003,0.2364628988850442,9673296
722,23,MADHYA PRADESH,NIVARI,-0.06698961937716555,0.05536332179930847,0.07535563244905612,0.09842368319877136,385.2773999758024,2.361481615930332E-4,-0.186082276047674,0.2288965782391388,1640914
466,27,MAHARASHTRA,AHAMADNAGAR,-0.03254133025759239,0.08882737408688074,0.10340638216073059,0.11909265667051969,852926.9580141556,0.042179033094255504,-0.17937716262975778,0.2364628988850442,20247712
467,27,MAHARASHTRA,AKOLA,-0.05173394848134958,0.08421376393697443,0.09356401384086296,0.10851211072665089,277174.1380824114,0.04266388491953942,-0.19986159169550174,0.2288965782391388,6508098
468,27,MAHARASHTRA,AMARAVATI,-0.04822760476739651,0.0842137639369167,0.09356401384084101,0.10851211072665647,547634.2169841549,0.037466103352751336,-0.2069357939254133,0.2364628988850442,14634927
469,27,MAHARASHTRA,AURANGABAD,-0.03254133025759316,0.07972318339099922,0.09356401384084752,0.11374086889658411,478215.6818668811,0.03974051997987262,-0.2069357939254133,0.2364628988850442,12049449
471,27,MAHARASHTRA,BHANDARA,-0.10851211072664313,0.055363321799302145,0.0711111111111178,0.08882737408688511,-41620.7165625207,-0.008404422794085719,-0.21413302575932336,0.1929104190695886,4961610
470,27,MAHARASHTRA,BID,-0.07111111111111736,0.07535563244906454,0.08882737408687127,0.1034063821607189,391805.2085463215,0.031276625493319034,-0.186082276047674,0.24415224913494812,12544794
472,27,MAHARASHTRA,BULDHANA,-0.04158400615148117,0.07972318339097581,0.08882737408689091,0.10340638216071923,446599.9256204005,0.03844714380355392,-0.1929104190695886,0.2364628988850442,11630150
473,27,MAHARASHTRA,CHANDRAPUR,-0.0629911572472112,0.07535563244905291,0.08882737408689013,0.10340638216072709,345978.8219132129,0.02559519456338892,-0.186082276047674,0.2069357939254133,13530633
474,27,MAHARASHTRA,DHULE,-0.04158400615148113,0.06299115724722944,0.07535563244905086,0.09842368319876649,217909.8697143252,0.025321506110494687,-0.16633602460592078,0.2364628988850442,8617611
475,27,MAHARASHTRA,GADCHIROLI,-0.0669896193771641,0.11909265667053619,0.13588619761633525,0.1537870049980512,781486.3741846118,0.045383832909300224,-0.19986159169550174,0.2519646289888504,17237884
476,27,MAHARASHTRA,GONDIA,-0.10340638216071031,0.08421376393696546,0.09842368319875604,0.11909265667052071,17523.46361762146,0.0028238126301960253,-0.186082276047674,0.19986159169550174,6215661
477,27,MAHARASHTRA,HINGOLI,-0.0448442906574394,0.08882737408688741,0.09842368319874475,0.11374086889658185,240460.5619437021,0.04303924887317787,-0.15378700499807765,0.22145328719723184,5596711
478,27,MAHARASHTRA,JALGAON,-0.07535563244905293,0.05911572472125025,0.07111111111111877,0.0935640138408244,222609.05819416972,0.015790188976090174,-0.2069357939254133,0.2519646289888504,14113319
479,27,MAHARASHTRA,JALNA,-0.015747789311802828,0.08421376393697175,0.09356401384084889,0.10851211072665004,421201.18226523866,0.04621477261625102,-0.14173010380622836,0.2364628988850442,9127228
480,27,MAHARASHTRA,KOLHAPUR,-0.09356401384082405,0.05173394848134567,0.07111111111111798,0.08882737408688537,-17287.093930653635,-0.0019329316152470113,-0.22145328719723184,0.22145328719723184,8961350
481,27,MAHARASHTRA,LATUR,-0.03543252595155803,0.059115724721257895,0.07111111111111941,0.0842137639369457,215756.9278278604,0.025442598273943545,-0.14173010380622836,0.1929104190695886,8490449
482,27,MAHARASHTRA,MUMBAI CITY,0.0354325259515571,0.17279507881584671,0.18608227604767139,0.19986159169549883,8902.122761950319,0.11798196427962652,-0.06698961937716265,0.2761399461745483,76546
484,27,MAHARASHTRA,NAGPUR,-0.07111111111111765,0.05911572472127209,0.0753556324490704,0.08882737408688801,85367.05100381223,0.0072021095718766935,-0.21413302575932336,0.19986159169550174,11865192
485,27,MAHARASHTRA,NANDED,-0.0629911572472112,0.06698961937717539,0.07972318339101536,0.09356401384082381,264095.47938109766,0.021210033972570902,-0.17937716262975778,0.2288965782391388,12472028
486,27,MAHARASHTRA,NANDURBAR,-0.05911572472126447,0.0753556324490543,0.08882737408688021,0.10851211072664467,182322.3997783414,0.02550156028251757,-0.21413302575932336,0.2288965782391388,7163183
487,27,MAHARASHTRA,NASHIK,-0.04484429065744179,0.07972318339100042,0.09842368319875769,0.11374086889658479,596407.8868605953,0.03229161941085115,-0.17937716262975778,0.2519646289888504,18486361
488,27,MAHARASHTRA,USMANABAD,-0.03844675124952119,0.07111111111109826,0.0797231833909974,0.09842368319876219,269353.89389716554,0.03023085688936744,-0.16000000000000003,0.21413302575932336,8925215
665,27,MAHARASHTRA,PALGHAR,-0.010396001537870257,0.14769703960014444,0.15999999999997558,0.1793771626297849,562210.2818471852,0.08985080610524901,-0.13016532103037293,0.3014225297962323,6266083
489,27,MAHARASHTRA,PARBHANI,-0.0325413302575927,0.07535563244905082,0.08882737408686843,0.10340638216071586,307926.25455261103,0.0412607974425357,-0.16000000000000003,0.22145328719723184,7474260
490,27,MAHARASHTRA,PUNE,-0.051733948481348935,0.08421376393696758,0.09842368319875625,0.11909265667051981,554417.2304714032,0.030060529233940463,-0.17279507881584008,0.24415224913494812,18462996
491,27,MAHARASHTRA,RAYGAD,-0.04822760476739582,0.10851211072666411,0.1245674740484672,0.14173010380623324,418910.2781367997,0.050932563115568666,-0.17279507881584008,0.2761399461745483,8238352
492,27,MAHARASHTRA,RATNAGIRI,-0.059115724721263835,0.09842368319874462,0.11374086889658919,0.13016532103036418,352969.73226216383,0.03637682354119386,-0.17279507881584008,0.2679584775086506,9717129
493,27,MAHARASHTRA,SANGLI,-0.048227604767396876,0.07111111111112005,0.08421376393695937,0.10340638216071064,267711.2720463565,0.0266107171961141,-0.17279507881584008,0.22145328719723184,10078127
494,27,MAHARASHTRA,SATARA,-0.06299115724721123,0.07535563244906933,0.08882737408687945,0.10851211072664504,331738.83272551553,0.02700269352829473,-0.1929104190695886,0.2679584775086506,12298534
495,27,MAHARASHTRA,SINDHUDURG,-0.05911572472126393,0.11909265667053304,0.13588619761633172,0.1537870049980864,322776.8085956259,0.05433433987626745,-0.2069357939254133,0.28444444444444444,5951789
496,27,MAHARASHTRA,SOLAPUR,-0.03254133025759319,0.07535563244906585,0.08882737408687631,0.10340638216071821,623053.2863222391,0.035739335521204375,-0.16633602460592078,0.21413302575932336,17457025
483,27,MAHARASHTRA,SUB URBAN MUMBAI,9.272436213004377E-4,0.15378700499808332,0.1727950788158472,0.18608227604767139,49964.69648552795,0.09791907669486515,-0.10340638216070744,0.2679584775086506,512479
497,27,MAHARASHTRA,THANE,-0.027128027681661573,0.11909265667053429,0.13588619761634013,0.14769703960016878,339352.1979180278,0.06705437864455087,-0.14769703960015382,0.24415224913494812,5069267
498,27,MAHARASHTRA,WARDHA,-0.05911572472125871,0.05536332179931635,0.0669896193771736,0.08421376393695093,124805.75342243045,0.016565819156123304,-0.186082276047674,0.19986159169550174,7543509
499,27,MAHARASHTRA,WASHIM,-0.04158400615148112,0.07972318339096987,0.08882737408688275,0.10340638216071955,240622.457542019,0.039386564377012476,-0.16000000000000003,0.2288965782391388,6120783
500,27,MAHARASHTRA,YAVATMAL,-0.07111111111111718,0.059115724721260546,0.07111111111111969,0.08421376393694963,275668.09059841617,0.017064327949893463,-0.17279507881584008,0.2069357939254133,16172960
252,14,MANIPUR,BISHNUPUR,-0.130165321030375,0.05911572472126391,0.08421376393694988,0.11374086889657763,-10690.740492145605,-0.01814511367119917,-0.2069357939254133,0.24415224913494812,592328
253,14,MANIPUR,CHANDEL,-0.06299115724721135,0.13588619761633916,0.15378700499808273,0.1727950788158496,149149.20519169685,0.0618264138189692,-0.186082276047674,0.2599000384467512,2417211
254,14,MANIPUR,CHURACHANDPUR,-0.06698961937716458,0.1417301038062295,0.16000000000000264,0.17937716262977962,203336.7479392206,0.06818887121720073,-0.19986159169550174,0.3014225297962323,2987741
256,14,MANIPUR,IMPHAL WEST,-0.10340638216070744,0.08421376393694467,0.10340638216070512,0.12456747404844039,523.0484441730346,8.728892430726901E-4,-0.186082276047674,0.24415224913494812,603204
255,14,MANIPUR,IMPHAL EAST,-0.11374086889657425,0.0753556324490477,0.09842368319876213,0.11909265667051265,-4783.710986331869,-0.008987092691598527,-0.186082276047674,0.2288965782391388,535890
713,14,MANIPUR,JIRIBAM,-0.03844675124951958,0.15999999999999542,0.17279507881584874,0.19291041906958312,34820.307755892536,0.0960788558121534,-0.14173010380622836,0.2599000384467512,365087
260,14,MANIPUR,UKHRUL,-0.07535563244905898,0.12456747404846882,0.14173010380621387,0.1599999999999965,137084.87307762486,0.05314051166813032,-0.21413302575932336,0.2679584775086506,2585246
257,14,MANIPUR,SENAPATI,-0.07111111111111287,0.13588619761632495,0.15378700499808684,0.17279507881584852,129177.75686760394,0.0597629636887187,-0.1929104190695886,0.2761399461745483,2166467
258,14,MANIPUR,TAMENGLONG,-0.008858131487889156,0.17279507881582104,0.18608227604771024,0.19986159169548628,419678.67863574845,0.11292059998579469,-0.21413302575932336,0.28444444444444444,3724282
259,14,MANIPUR,THOUBAL,-0.11374086889657613,0.06299115724721137,0.0842137639369496,0.1085121107266467,-7702.545256466375,-0.015957383049637414,-0.1929104190695886,0.24415224913494812,485328
717,14,MANIPUR,KAMJONG,-0.029773164167627764,0.15378700499805342,0.16633602460589875,0.1860822760476872,251653.85613653384,0.08590325250528981,-0.17279507881584008,0.28444444444444444,2934321
714,14,MANIPUR,NONEI,-0.022206843521722416,0.17279507881585077,0.1860822760477064,0.19986159169548762,161678.4771835112,0.11166546920497665,-0.186082276047674,0.29287197231833906,1452211
715,14,MANIPUR,PHERZAWL,0.004489873684201532,0.17279507881585077,0.18608227604771016,0.20693579392539854,311041.1709048736,0.11838620259751484,-0.16000000000000003,0.29287197231833906,2632958
716,14,MANIPUR,TENGNOUPAL,-0.06299115724721133,0.13588619761635165,0.15378700499809017,0.1663360246059251,97519.46037966933,0.06468281121074757,-0.186082276047674,0.2679584775086506,1511379
712,14,MANIPUR,KANGPOKPI,-0.08882737408688572,0.11374086889659683,0.13016532103036105,0.14769703960015557,83239.62955494534,0.03902962015798156,-0.19986159169550174,0.2519646289888504,2143163
711,14,MANIPUR,KAKCHING,-0.1301653210303716,0.04158400615148107,0.06299115724721141,0.08882737408688968,-12172.74655497563,-0.03102352485027256,-0.19986159169550174,0.21413302575932336,394750
273,17,MEGHALAYA,EAST GARO HILLS,-0.05536332179930942,0.09842368319876163,0.1190926566705172,0.1358861976162992,79030.1275562121,0.04038104268118448,-0.15378700499807765,0.24415224913494812,1961933
274,17,MEGHALAYA,EAST KHASI HILLS,-0.13588619761630547,0.12456747404846602,0.1417301038062194,0.16633602460592478,85943.52746666587,0.024465187358561808,-0.2519646289888504,0.2761399461745483,3519450
657,17,MEGHALAYA,EAST JAINTIA HILLS,-0.13588619761632248,0.11374086889660022,0.14173010380621454,0.16633602460592486,12959.51906427768,0.00521577820250989,-0.21413302575932336,0.2761399461745483,2489782
277,17,MEGHALAYA,SOUTH GARO HILLS,-0.07111111111111126,0.07972318339101515,0.09842368319876942,0.11374086889657421,53594.01658596104,0.023651729103132377,-0.22145328719723184,0.21413302575932336,2271292
278,17,MEGHALAYA,WEST GARO HILLS,-0.08882737408688532,0.06698961937717138,0.08421376393695179,0.10340638216071371,21180.928843127494,0.006434550403517882,-0.186082276047674,0.24415224913494812,3298747
279,17,MEGHALAYA,WEST KHASI HILLS,-0.0888273740868815,0.12456747404846893,0.14173010380623147,0.16000000000001371,228887.73071787483,0.04718081259973061,-0.1929104190695886,0.2679584775086506,4859806
276,17,MEGHALAYA,RI-BHOI,-0.04822760476739467,0.12456747404847095,0.14173010380623055,0.1600000000000159,178913.60732404556,0.060848295618257116,-0.16000000000000003,0.2519646289888504,2948155
658,17,MEGHALAYA,SOUTH WEST KHASI HILLS,-0.11909265667051228,0.11909265667052511,0.14173010380622744,0.15999999999999626,41698.444652493876,0.02586496425916769,-0.21413302575932336,0.28444444444444444,1617098
663,17,MEGHALAYA,SOUTH WEST GARO HILLS,-0.09356401384082916,0.055363321799307044,0.07111111111111508,0.08421376393694972,-2853.297913351631,-0.002758313547468841,-0.186082276047674,0.17279507881584008,1037207
656,17,MEGHALAYA,NORTH GARO HILLS,-0.07535563244905728,0.06698961937716831,0.08421376393694475,0.09842368319876929,16128.76723817815,0.010423746764433183,-0.19986159169550174,0.1929104190695886,1552862
275,17,MEGHALAYA,WEST JAINTIA HILLS,-0.1358861976162976,0.08882737408688877,0.11374086889657482,0.1358861976163008,-2329.7866682290605,-0.0010479208278334747,-0.2364628988850442,0.2679584775086506,2229213
262,15,MIZORAM,CHAMPHAI,-0.038446751249518844,0.15378700499803166,0.17279507881585082,0.18608227604769628,356293.0237852795,0.08604394621105431,-0.1929104190695886,0.28444444444444444,4148573
267,15,MIZORAM,SAIHA,-0.004480883969107283,0.1727950788158512,0.1860822760477059,0.1998615916954881,213396.05361925403,0.11557285796115302,-0.16633602460592078,0.2761399461745483,1851831
264,15,MIZORAM,LAWNGTLAI,-0.006809688463655803,0.15378700499803769,0.16633602460589064,0.18608227604769595,271707.6167203821,0.09271713148547053,-0.186082276047674,0.2761399461745483,2939881
268,15,MIZORAM,SERCHHIP,-0.019930795847750822,0.16633602460588812,0.17937716262978767,0.1929104190695771,190538.90032106254,0.10846299281624107,-0.17937716262975778,0.28444444444444444,1762727
263,15,MIZORAM,KOLASIB,-0.019930795847751318,0.15999999999999745,0.1727950788158509,0.18608227604769725,181879.69160526924,0.09973495501476705,-0.16000000000000003,0.2761399461745483,1828823
266,15,MIZORAM,MAMIT,-0.029773164167628076,0.14769703960015093,0.16633602460586253,0.17937716262979722,335767.39464725554,0.08976150447598956,-0.17937716262975778,0.2761399461745483,3748513
265,15,MIZORAM,LUNGLEI,0.01205690119184933,0.16633602460581126,0.1793771626298212,0.1929104190695942,631517.8911453417,0.11481007154454265,-0.16633602460592078,0.28444444444444444,5509505
261,15,MIZORAM,AIZAWL,-9.109768784359732E-4,0.16633602460584496,0.17937716262980333,0.1929104190695936,441489.9619817993,0.11354590060252029,-0.1929104190695886,0.3014225297962323,3898664
613,13,NAGALAND,PAREN,-0.038446751249520184,0.1476970396001748,0.1599999999999898,0.17937716262978293,192660.67073746622,0.08528638098635986,-0.15378700499807765,0.2761399461745483,2264628
248,13,NAGALAND,PHEK,-0.03254133025759371,0.15378700499804743,0.16633602460590877,0.18608227604769498,204183.52119776973,0.08810933442618744,-0.1929104190695886,0.2761399461745483,2323275
250,13,NAGALAND,WOKHA,-0.01993079584775119,0.1476970396001726,0.15999999999999215,0.1793771626297714,171742.99311429576,0.08591989102000008,-0.17279507881584008,0.2599000384467512,2003896
244,13,NAGALAND,DIMAPUR,-0.05536332179930679,0.1245674740484538,0.14173010380623932,0.1600000000000039,54439.91475786065,0.05760935582206738,-0.15378700499807765,0.2519646289888504,949846
245,13,NAGALAND,KOHIMA,-0.02712802768166143,0.1417301038062146,0.15378700499808853,0.1727950788158491,135436.0379746245,0.08316687992157074,-0.16633602460592078,0.2679584775086506,1632851
614,13,NAGALAND,KIPHIRE,-0.038446751249520024,0.1476970396001665,0.1600000000000041,0.17937716262975198,108066.15740538051,0.07715775134763292,-0.2288965782391388,0.2679584775086506,1404480
251,13,NAGALAND,ZUNHEBOTO,-0.01777777777777744,0.15378700499805545,0.1663360246059214,0.17937716262976044,181718.46593097522,0.0929506894549888,-0.19986159169550174,0.28444444444444444,1960862
246,13,NAGALAND,MOKOKCHUNG,-0.01384083044982688,0.14769703960016053,0.16633602460589855,0.17937716262977152,184583.47419034046,0.09232198557913958,-0.186082276047674,0.2679584775086506,2005010
247,13,NAGALAND,MON,-0.027128027681661532,0.1476970396001743,0.16633602460592514,0.1860822760476917,222940.91667315536,0.08202118047841782,-0.17937716262975778,0.29287197231833906,2724066
249,13,NAGALAND,TUENSANG,-0.024605920799692826,0.14769703960017494,0.1663360246059252,0.1860822760476866,228167.04989330767,0.086056568549022,-0.19986159169550174,0.2761399461745483,2656787
615,13,NAGALAND,LONGLENG,-0.00681848973145347,0.17279507881585107,0.1860822760477017,0.20693579392540204,76807.92397507353,0.10511353244362737,-0.13588619761630144,0.2761399461745483,734358
344,21,ODISHA,ANUGUL,-0.08882737408688539,0.04484429065745029,0.059115724721257486,0.07972318339101025,-65929.80022875372,-0.00864924490190027,-0.2288965782391388,0.186082276047674,7634552
345,21,ODISHA,BOLANGIR (BALANGIR),-0.05173394848135062,0.06698961937717345,0.07972318339101446,0.09842368319876896,163223.29175927368,0.020893375827027924,-0.17279507881584008,0.19986159169550174,7823364
346,21,ODISHA,BALASORE (BALESHWAR),-0.11374086889658624,0.044844290657445676,0.059115724721264064,0.07535563244905401,-81392.3621000284,-0.018246583346439835,-0.21413302575932336,0.1929104190695886,4471001
347,21,ODISHA,BARAGARH,-0.09356401384086432,0.04822760476739385,0.06698961937716987,0.08421376393694927,-50028.552938594556,-0.007154773906315802,-0.186082276047674,0.19986159169550174,7004326
348,21,ODISHA,BHADRAK,-0.06698961937716316,0.0669896193771718,0.07972318339101417,0.09842368319877003,37517.45022279436,0.012525276665675676,-0.2069357939254133,0.19986159169550174,3001803
350,21,ODISHA,CUTTACK,-0.14769703960016153,0.05536332179930537,0.07535563244905194,0.09356401384082613,-41259.43480559168,-0.008979245771689105,-0.2679584775086506,0.2288965782391388,4607070
351,21,ODISHA,DEOGARH,-0.07535563244905572,0.04822760476739413,0.06299115724721115,0.07535563244905319,807.6506929007351,2.2775244700511354E-4,-0.19986159169550174,0.17279507881584008,3554240
352,21,ODISHA,DHENKANAL,-0.12456747404845386,0.024605920799690175,0.041584006151481216,0.05911572472126398,-145325.57881887554,-0.02727815998125616,-0.2519646289888504,0.1929104190695886,5335603
353,21,ODISHA,GAJAPATI,-0.13588619761631404,0.03844675124952192,0.05536332179930993,0.0753556324490597,-135640.63742574526,-0.02775053407128579,-0.2679584775086506,0.21413302575932336,4897594
354,21,ODISHA,GANJAM,-0.1085121107266499,0.07111111111111518,0.0842137639369603,0.10851211072664659,47456.668038028685,0.004768537908421169,-0.2599000384467512,0.2519646289888504,9965454
355,21,ODISHA,JAGATSINGHPUR,-0.044844290657439265,0.08882737408688302,0.10340638216071601,0.11909265667051427,86721.83387032093,0.04203702272363079,-0.2069357939254133,0.21413302575932336,2068255
356,21,ODISHA,JAJAPUR,-0.11374086889657621,0.055363321799302506,0.07535563244904814,0.09356401384082465,-5872.4402602278205,-0.001695910741521689,-0.22145328719723184,0.21413302575932336,3471072
357,21,ODISHA,JHARSUGUDA,-0.07111111111111228,0.055363321799303096,0.0669896193771686,0.08421376393694581,26290.720488973442,0.010550399698244806,-0.1929104190695886,0.186082276047674,2499034
358,21,ODISHA,KALAHANDI,-0.06698961937716678,0.08421376393696076,0.10340638216071932,0.12456747404845407,215994.32045457402,0.023026465668361175,-0.186082276047674,0.24415224913494812,9392589
359,21,ODISHA,KANDHAMAL,-0.11909265667052309,0.051733948481346825,0.07111111111111762,0.09356401384082678,-163760.74815075926,-0.017166250450442497,-0.24415224913494812,0.2069357939254133,9552404
360,21,ODISHA,KENDRAPARHA,-0.07535563244905939,0.05911572472125603,0.0753556324490504,0.09356401384082504,42765.638740083166,0.014160462316844138,-0.2069357939254133,0.1929104190695886,3027614
361,21,ODISHA,KEONJHAR (KENDUJHAR),-0.0888273740868846,0.05173394848134577,0.0669896193771702,0.08882737408688665,-91328.21085966419,-0.009162950267839467,-0.21413302575932336,0.21413302575932336,9980176
362,21,ODISHA,KHORDHA,-0.13016532103037382,0.05536332179930537,0.07535563244905455,0.09842368319877207,-21830.47283788237,-0.006374081979188522,-0.24415224913494812,0.19986159169550174,3436743
363,21,ODISHA,KORAPUT,-0.12456747404845427,0.044844290657443824,0.07111111111111677,0.09842368319876887,-245293.03391311306,-0.024775336875613174,-0.28444444444444444,0.2599000384467512,9916232
364,21,ODISHA,MALKANGIRI,-0.04822760476739675,0.11909265667053037,0.13588619761633014,0.15378700499808734,344122.6563411371,0.050595687725706606,-0.186082276047674,0.2679584775086506,6811277
365,21,ODISHA,MAYURBHANJ,-0.07535563244905398,0.08421376393696779,0.10340638216073775,0.11909265667053093,184423.3692162219,0.014720750066420084,-0.2069357939254133,0.2364628988850442,12543165
366,21,ODISHA,NABARANGAPUR,-0.07972318339101314,0.05911572472126,0.08421376393694709,0.1034063821607044,-31139.596001445032,-0.004815755811892183,-0.186082276047674,0.24415224913494812,6477055
367,21,ODISHA,NAYAGARH,-0.10851211072664455,0.048227604767396876,0.06299115724721117,0.07972318339100677,-24049.42480173145,-0.005184952202810033,-0.2599000384467512,0.1929104190695886,4646759
368,21,ODISHA,NUAPARHA,-0.06698961937716409,0.07535563244905352,0.09356401384082215,0.10851211072664117,100901.87588102318,0.02201021217019008,-0.17279507881584008,0.2069357939254133,4592599
369,21,ODISHA,PURI,-0.07535563244905683,0.08421376393695382,0.09842368319876936,0.11909265667050983,122925.05019050656,0.029812797935812558,-0.19986159169550174,0.2288965782391388,4132506
370,21,ODISHA,RAYAGARHA,-0.09842368319877283,0.06698961937717395,0.08421376393695652,0.10340638216071174,32587.253276432148,0.003748902172642158,-0.2288965782391388,0.22145328719723184,8707900
371,21,ODISHA,SAMBALPUR,-0.0888273740868686,0.04822760476739298,0.06299115724721446,0.07535563244905051,-18958.667021258298,-0.0023760310438205733,-0.22145328719723184,0.17937716262975778,7991881
372,21,ODISHA,SUBARNAPUR,-0.0935640138408279,0.04158400615148021,0.055363321799305615,0.07111111111111505,-37925.94341155957,-0.013429219336104137,-0.19986159169550174,0.21413302575932336,2830803
373,21,ODISHA,SUNDARGARH,-0.06299115724721124,0.06299115724721702,0.07972318339101465,0.09356401384082297,143771.72440194222,0.012271249666741969,-0.21413302575932336,0.1929104190695886,11732129
349,21,ODISHA,BAUDH (BAUDA),-0.0669896193771644,0.06299115724721113,0.07535563244904862,0.09356401384082601,48443.92105600893,0.01308646073836282,-0.16633602460592078,0.186082276047674,3710015
598,34,PUDUCHERRY,KARAIKAL,0.03254133025759324,0.19986159169548973,0.21413302575932724,0.22889657823913503,25823.835942664304,0.14267447142832784,-0.1085121107266436,0.31009611687812383,183071
599,34,PUDUCHERRY,MAHE,0.041584006151480196,0.15999999999999873,0.17279507881584044,0.17937716262975786,1247.995980791766,0.12297109030231662,-0.024605920799692427,0.22145328719723184,10600
600,34,PUDUCHERRY,PUDUCHERRY,0.010396001537870047,0.20693579392540185,0.22889657823914714,0.2441522491349517,44187.1330817753,0.12966502729204693,-0.13588619761630144,0.3278123798539023,347013
601,34,PUDUCHERRY,YANAM,-0.024605920799692458,0.16633602460592153,0.18608227604767255,0.19986159169550174,4554.2725862002535,0.10323595983428976,-0.09356401384083046,0.2679584775086506,44886
027,03,PUNJAB,AMRITSAR,-0.02220684352172022,0.13588619761631357,0.17279507881584955,0.2069357939253967,188761.081981121,0.05380394444885729,-0.1085121107266436,0.3014225297962323,3515937
605,03,PUNJAB,BARNALA,0.0138408304498272,0.12456747404845553,0.16000000000000908,0.19291041906959053,117260.43391201024,0.06368632947306517,-0.041584006151480196,0.29287197231833906,1846179
028,03,PUNJAB,BATHINDA,-0.004461169842321302,0.12456747404845842,0.15378700499808654,0.18608227604769248,218645.54740004896,0.0501896369303939,-0.08421376393694734,0.29287197231833906,4365070
029,03,PUNJAB,FARIDKOT,-0.008858131487889656,0.10851211072664008,0.1476970396001547,0.18608227604767996,81371.27194714887,0.043004045895581,-0.07535563244905807,0.29287197231833906,1896994
030,03,PUNJAB,FATEHGARH SAHIB,-0.019930795847751575,0.10340638216071177,0.14173010380623888,0.17279507881584738,58421.16266543789,0.03916802451984715,-0.09356401384083046,0.2761399461745483,1496589
651,03,PUNJAB,FAZILKA,-0.006780715843874364,0.12456747404846319,0.15378700499808506,0.18608227604768807,208123.1245219073,0.056057148530764135,-0.07111111111111111,0.31009611687812383,3719961
031,03,PUNJAB,FIROZPUR,-0.008858131487889553,0.10340638216071033,0.14769703960015856,0.18608227604768568,136589.49422488105,0.04432994315953888,-0.11909265667051133,0.29287197231833906,3088898
032,03,PUNJAB,GURDASPUR,0.0068686003613765406,0.14769703960016614,0.18608227604769073,0.2214532871972318,259877.24817407562,0.0760323656236516,-0.09842368319876971,0.3278123798539023,3424574
033,03,PUNJAB,HOSHIARPUR,0.0026565491899312116,0.1727950788158441,0.19986159169548565,0.22145328719722726,433374.7779443784,0.09788411554274792,-0.07972318339100345,0.3553094963475586,4436125
034,03,PUNJAB,JALANDHAR,0.00451828766306258,0.1358861976163096,0.166336024605925,0.1929104190695773,238890.026510336,0.06945145743632386,-0.08421376393694734,0.31009611687812383,3448570
035,03,PUNJAB,KAPURTHALA,-0.004457103517175045,0.12456747404844246,0.16000000000000114,0.19291041906958095,125427.3033117202,0.05889665332648162,-0.13588619761630144,0.3014225297962323,2138434
036,03,PUNJAB,LUDHIANA,-0.006786017521934534,0.1417301038062269,0.17279507881585054,0.19291041906957246,296898.61768253037,0.06199757168151578,-0.1085121107266436,0.3014225297962323,4796983
037,03,PUNJAB,MANSA,-0.00446333455266971,0.10340638216071082,0.14173010380623802,0.1727950788158482,127543.17634502138,0.0456609802745615,-0.06698961937716265,0.28444444444444444,2800307
038,03,PUNJAB,MOGA,-8.882635007950028E-4,0.10851211072665244,0.15378700499808456,0.18608227604769242,149167.01560284867,0.051100738608081286,-0.0629911572472126,0.28444444444444444,2925171
039,03,PUNJAB,SRI MUKTSAR SAHIB,-0.010396001537870297,0.09842368319876556,0.14173010380623663,0.17937716262975165,131962.2030939183,0.038700044751318094,-0.0629911572472126,0.28444444444444444,3417177
040,03,PUNJAB,SHAHID BHAGAT SINGH NAGAR,-0.02977316416762677,0.1301653210303649,0.15378700499808648,0.1793771626297522,88617.27208166578,0.05385216023424322,-0.11374086889657825,0.31009611687812383,1650822
662,03,PUNJAB,PATHANKOT,0.029773164167627795,0.18608227604770392,0.2141330257593314,0.23646289888505698,142777.07747970335,0.11402533236161796,-0.0629911572472126,0.3553094963475586,1257220
041,03,PUNJAB,PATIALA,-0.008858131487889291,0.124567474048453,0.16000000000000908,0.19291041906958686,223325.84302710515,0.05216865661780041,-0.07535563244905807,0.3014225297962323,4293984
042,03,PUNJAB,RUPNAGAR,-0.008858131487889106,0.1417301038062256,0.1663360246059249,0.1929104190695802,135298.21983277655,0.07562435107201203,-0.08882737408688965,0.31009611687812383,1795740
043,03,PUNJAB,SANGRUR,-0.00445995926497387,0.10851211072664987,0.147697039600161,0.1793771626297566,228684.58789981465,0.04914119038691887,-0.0629911572472126,0.3014225297962323,4664151
608,03,PUNJAB,SAS NAGAR (SAHIBZADA AJIT SINGH NAGAR),0.013840830449826732,0.17279507881585054,0.1929104190695868,0.2141330257593277,140820.93742795673,0.09939977965652459,-0.07535563244905807,0.3188927335640138,1423227
609,03,PUNJAB,TARN TARAN,-0.015747789311802818,0.09842368319876516,0.14173010380623455,0.19291041906957765,133715.0006362719,0.042426028233520686,-0.15378700499807765,0.28444444444444444,3158113
086,08,RAJASTHAN,AJMER,-0.024605920799691976,0.10851211072666012,0.13016532103036202,0.15378700499808393,574788.7461536417,0.05452895860867718,-0.186082276047674,0.28444444444444444,10557272
087,08,RAJASTHAN,ALWAR,0.019930795847752213,0.14769703960016387,0.16633602460591151,0.19291041906958412,1002933.2890916688,0.09507716534516517,-0.13588619761630144,0.3014225297962323,10566667
088,08,RAJASTHAN,BANSWARA,-0.03254133025759346,0.07972318339101772,0.09356401384083349,0.10851211072664664,182299.5880627245,0.03321375667245919,-0.16000000000000003,0.24415224913494812,5496965
089,08,RAJASTHAN,BARAN,-0.027128027681661067,0.09842368319874713,0.11374086889659997,0.13588619761630308,382416.9191957398,0.04440677703726757,-0.11909265667051133,0.2761399461745483,8624299
090,08,RAJASTHAN,BARMER,-0.12456747404847049,0.059115724721257396,0.08421376393695816,0.10851211072665158,-680838.4993284811,-0.019362639227621603,-0.2599000384467512,0.28444444444444444,35184293
091,08,RAJASTHAN,BHARATPUR,0.006843883365028529,0.13588619761635196,0.15378700499808778,0.17937716262975129,554017.6931664197,0.087253198069085,-0.11374086889657825,0.28444444444444444,6364210
092,08,RAJASTHAN,BHILWARA,-0.019930795847751048,0.10340638216073499,0.11909265667052236,0.1417301038062365,714218.5080278061,0.05509769660400519,-0.186082276047674,0.2761399461745483,12977374
093,08,RAJASTHAN,BIKANER,-0.07111111111111877,0.06299115724721915,0.08882737408688236,0.11909265667051208,245548.9911925846,0.006415405858263171,-0.22145328719723184,0.3188927335640138,38299184
094,08,RAJASTHAN,BUNDI,-0.024605920799693218,0.10851211072666055,0.12456747404846075,0.14769703960015923,360581.16420660773,0.05049487802817753,-0.14173010380622836,0.2599000384467512,7150747
095,08,RAJASTHAN,CHITTAURGARH,-0.019930795847751107,0.10851211072666246,0.12456747404846431,0.14769703960016048,560806.40471046,0.05836278062143968,-0.14173010380622836,0.2679584775086506,9628634
096,08,RAJASTHAN,CHURU,-0.05911572472125462,0.07111111111111965,0.08882737408688884,0.11909265667050925,343046.64995782834,0.019546753542909166,-0.16000000000000003,0.29287197231833906,17570047
097,08,RAJASTHAN,DAUSA,0.013840830449827,0.1537870049980306,0.17279507881585052,0.19291041906959655,415561.17249606043,0.09726838246817085,-0.11909265667051133,0.3014225297962323,4282491
098,08,RAJASTHAN,DHAULPUR,-0.013840830449826673,0.10340638216072943,0.11909265667052077,0.1417301038062376,213971.3047547349,0.05648102894892633,-0.15378700499807765,0.2519646289888504,3796325
099,08,RAJASTHAN,DUNGARPUR,-0.017777777777777812,0.10340638216073508,0.11374086889659284,0.13016532103036996,253931.03478692524,0.05524120536610008,-0.16000000000000003,0.2679584775086506,4604348
101,08,RAJASTHAN,HANUMANGARH,-0.03254133025759161,0.09842368319876152,0.12456747404845314,0.15999999999999986,583389.7568417572,0.04700719639315157,-0.11909265667051133,0.29287197231833906,12428490
102,08,RAJASTHAN,JAIPUR,-0.013840830449827209,0.14173010380625717,0.15999999999997935,0.17937716262979492,1065026.6921944157,0.07638864811011592,-0.15378700499807765,0.31009611687812383,13958482
103,08,RAJASTHAN,JAISALMER,-0.1358861976163236,0.036911439259261596,0.06698961937716938,0.10340638216071069,-1550422.355899053,-0.03218578016379144,-0.3188927335640138,0.31009611687812383,48195167
104,08,RAJASTHAN,JALOR,-0.07111111111111403,0.09842368319874806,0.11909265667052495,0.13588619761630988,524248.3318977801,0.03997322570759759,-0.24415224913494812,0.29287197231833906,13130168
105,08,RAJASTHAN,JHALAWAR,-0.008858131487889616,0.11374086889659142,0.1301653210303594,0.14769703960015831,495610.2552820552,0.06378294180910335,-0.15378700499807765,0.2599000384467512,7785147
106,08,RAJASTHAN,JHUNJHUNUN,-0.004471493838315636,0.11374086889659783,0.13588619761631593,0.15378700499808448,472333.6850042655,0.06306466231655876,-0.14173010380622836,0.28444444444444444,7500078
107,08,RAJASTHAN,JODHPUR,-0.06698961937716945,0.08882737408687955,0.11374086889657735,0.1417301038062383,678357.5453730759,0.02394152823776069,-0.21413302575932336,0.31009611687812383,28354930
108,08,RAJASTHAN,KARAULI,0.0045132181704582355,0.12456747404847493,0.14173010380622836,0.16000000000000666,491800.82297926495,0.0786241828732906,-0.12456747404844293,0.28444444444444444,6265890
100,08,RAJASTHAN,GANGANAGAR,-0.02220684352172125,0.1085121107266589,0.13588619761630336,0.1663360246059248,759177.8090820131,0.05426941616875888,-0.11909265667051133,0.31009611687812383,14004924
109,08,RAJASTHAN,KOTA,-0.027128027681662385,0.11909265667052309,0.14173010380623782,0.16633602460592464,337383.36907111784,0.05378794860380729,-0.14769703960015382,0.2679584775086506,6284796
110,08,RAJASTHAN,NAGAUR,-0.07111111111111736,0.07972318339101851,0.10340638216072356,0.12456747404845002,431555.71153684607,0.0193438847805716,-0.2679584775086506,0.2679584775086506,22328531
111,08,RAJASTHAN,PALI,-0.029773164167627746,0.11909265667053395,0.1358861976163357,0.160000000000001,948810.2786120558,0.061859546488671466,-0.16633602460592078,0.3014225297962323,15355856
629,08,RAJASTHAN,PRATAPGARH,-0.022206843521721146,0.09842368319874886,0.11374086889658594,0.13016532103036513,268380.65406191547,0.04947194948571723,-0.13588619761630144,0.2519646289888504,5433909
112,08,RAJASTHAN,RAJ SAMAND,-0.027128027681661285,0.10851211072665926,0.12456747404845867,0.14173010380623913,327435.1380946685,0.057344851188539964,-0.17937716262975778,0.2679584775086506,5723908
113,08,RAJASTHAN,SAWAI MADHOPUR,9.249854533572524E-4,0.13016532103033973,0.14769703960016764,0.1663360246059247,505584.94018698944,0.08089207278043238,-0.14769703960015382,0.29287197231833906,6261504
114,08,RAJASTHAN,SIKAR,-0.024605920799692853,0.11374086889659318,0.1358861976163152,0.15378700499808579,592316.193702269,0.06085681130324827,-0.15378700499807765,0.29287197231833906,9747199
115,08,RAJASTHAN,SIROHI,-0.04484429065743833,0.11909265667053359,0.13588619761632517,0.15378700499808642,377948.8999077099,0.059874688857537516,-0.21413302575932336,0.28444444444444444,6321547
116,08,RAJASTHAN,TONK,0.0026592646825935942,0.11909265667053577,0.13588619761633075,0.15378700499808456,674070.0460792969,0.07535473370922885,-0.13016532103037293,0.2761399461745483,8958642
117,08,RAJASTHAN,UDAIPUR,-0.017777777777777965,0.11374086889659248,0.1245674740484699,0.14769703960016353,873525.967709542,0.060848709505478174,-0.17279507881584008,0.28444444444444444,14373207
225,11,SIKKIM,EAST,-0.1998615916954872,0.16633602460589014,0.18608227604770963,0.19986159169548615,71098.52640589107,0.060374968589337726,-0.28444444444444444,0.28444444444444444,1180616
226,11,SIKKIM,NORTH,-0.25196462898884453,0.11909265667053062,0.15378700499804954,0.1793771626297947,-401834.545858789,-0.07541386570683109,-0.33685505574778934,0.3014225297962323,5335204
227,11,SIKKIM,SOUTH,-0.1727950788158421,0.166336024605925,0.18608227604769392,0.1998615916954908,71621.58071966266,0.07791151081199214,-0.3188927335640138,0.29287197231833906,922577
228,11,SIKKIM,WEST,-0.2214532871972224,0.14769703960017663,0.166336024605886,0.18608227604770186,37085.00863795149,0.02457581430161951,-0.3188927335640138,0.28444444444444444,1512801
610,33,TAMIL NADU,ARIYALUR,-0.010396001537870235,0.1599999999999828,0.17279507881585085,0.1860822760476946,218145.60331258146,0.0989307823425698,-0.17937716262975778,0.29287197231833906,2209715
730,33,TAMIL NADU,CHENGALPATTU,-0.03693467579503334,0.17279507881585118,0.19291041906959125,0.2141330257593321,306660.9837257311,0.09832617884806857,-0.22145328719723184,0.33685505574778934,3125557
568,33,TAMIL NADU,CHENNAI,0.03543252595155665,0.19291041906958112,0.20693579392540737,0.22889657823913512,52875.88084337965,0.13794437775385335,-0.09356401384083046,0.29287197231833906,385506
569,33,TAMIL NADU,COIMBATORE,-0.14769703960015504,0.09356401384084455,0.10851211072665581,0.13016532103036832,74364.41262410593,0.013838797950239803,-0.3014225297962323,0.2761399461745483,5383851
570,33,TAMIL NADU,CUDDALORE,-0.027128027681661757,0.1727950788157577,0.1929104190695615,0.20693579392539302,445879.48135218176,0.10556403953747873,-0.186082276047674,0.31009611687812383,4233341
571,33,TAMIL NADU,DHARMAPURI,-0.15378700499808526,0.059115724721260025,0.07972318339101274,0.09842368319877302,-105836.57949546278,-0.02058766890240051,-0.28444444444444444,0.24415224913494812,5150772
572,33,TAMIL NADU,DINDIGUL,-0.15378700499808373,0.11374086889658716,0.13588619761632353,0.16000000000000789,167005.29584992924,0.02427542655776697,-0.33685505574778934,0.31009611687812383,6891183
573,33,TAMIL NADU,ERODE,-0.14769703960016065,0.1034063821607316,0.12456747404846256,0.1417301038062268,59309.80507630216,0.01017442460604827,-0.29287197231833906,0.2599000384467512,5843263
574,33,TAMIL NADU,KANCHIPURAM,-0.01777777777777746,0.16633602460590077,0.17937716262977954,0.19986159169549006,195806.37922179306,0.09778477799678822,-0.16000000000000003,0.33685505574778934,2010389
729,33,TAMIL NADU,KALLAKKURICHI,-0.130165321030359,0.14769703960016026,0.16633602460589905,0.1860822760476932,260594.76487266994,0.06460314778327335,-0.2761399461745483,0.28444444444444444,4041352
575,33,TAMIL NADU,KANYAKUMARI,-0.1245674740484384,0.17279507881585077,0.1998615916954858,0.2214532871972291,82908.75156916969,0.04369358496981264,-0.28444444444444444,0.31009611687812383,1902020
576,33,TAMIL NADU,KARUR,-0.03690790431992698,0.12456747404846998,0.14769703960016575,0.16633602460592484,235199.88947136956,0.07115701724516475,-0.24415224913494812,0.2679584775086506,3313874
578,33,TAMIL NADU,MADURAI,-0.12456747404843901,0.1476970396001464,0.1663360246058852,0.18608227604769786,278065.41795621254,0.06608788644483943,-0.3278123798539023,0.3014225297962323,4217505
587,33,TAMIL NADU,NILGIRIS,-0.1727950788158494,0.029773164167628555,0.05536332179930685,0.07972318339100534,-151646.39944217046,-0.05468881162623723,-0.31009611687812383,0.2364628988850442,2779224
579,33,TAMIL NADU,NAGAPATTINAM,0.04158400615148088,0.19291041906956755,0.20693579392538433,0.22145328719722837,408695.9421050083,0.13992341142559153,-0.15378700499807765,0.3278123798539023,2930267
580,33,TAMIL NADU,NAMAKKAL,-0.1245674740484428,0.11374086889659542,0.13016532103035638,0.15378700499808456,132538.96672589236,0.03400358847276776,-0.28444444444444444,0.2519646289888504,3905479
581,33,TAMIL NADU,PERAMBALUR,-0.07535563244905838,0.14173010380626583,0.16000000000002382,0.1793771626297513,178397.18559366668,0.08911513088522183,-0.2599000384467512,0.3014225297962323,2007167
582,33,TAMIL NADU,PUDUKKOTTAI,-0.001683875330719571,0.16633602460581992,0.18608227604762673,0.19986159169548584,537072.2891674801,0.10156520428436658,-0.22145328719723184,0.31009611687812383,5299699
583,33,TAMIL NADU,RAMANATHAPURAM,-0.0017131858526089098,0.21413302575923182,0.22889657823910925,0.24415224913492922,669218.4296384953,0.143729696622518,-0.15378700499807765,0.3553094963475586,4668989
731,33,TAMIL NADU,RANIPPETTAI,-0.024605920799692652,0.14173010380623935,0.1600000000000089,0.1793771626297716,182676.90593330137,0.086096254285025,-0.2069357939254133,0.2761399461745483,2128423
584,33,TAMIL NADU,SALEM,-0.16000000000000283,0.08421376393696156,0.10340638216072612,0.12456747404845617,-20359.09035118914,-0.002969989559042136,-0.3014225297962323,0.2519646289888504,6871944
585,33,TAMIL NADU,SIVAGANGA,-0.03692294000527715,0.16633602460585398,0.179377162629805,0.19986159169548684,470599.27339408954,0.09774566121462702,-0.2364628988850442,0.31009611687812383,4827074
588,33,TAMIL NADU,TENI,-0.1537870049980813,0.1137408688965855,0.141730103806223,0.16633602460592484,30227.054706904422,0.009289304925950656,-0.3014225297962323,0.3014225297962323,3260399
733,33,TAMIL NADU,TENKASI,-0.07535563244905945,0.14769703960017652,0.1600000000000099,0.17937716262975742,234667.1654428063,0.07375725672880624,-0.2599000384467512,0.31009611687812383,3188221
586,33,TAMIL NADU,THANJAVUR,0.0211616635064294,0.17279507881582254,0.19291041906956394,0.20693579392539105,451219.3758411221,0.11577084092130675,-0.186082276047674,0.3188927335640138,3908681
590,33,TAMIL NADU,THIRUVARUR,0.041584006151481,0.1998615916955436,0.21413302575921844,0.22889657823910506,361057.4858133943,0.140148727443722,-0.13588619761630144,0.31009611687812383,2584269
591,33,TAMIL NADU,TIRUCHIRAPALLI,-0.12456747404843992,0.14769703960016387,0.16633602460588037,0.1860822760477041,357534.61964332126,0.06987334866277785,-0.3014225297962323,0.31009611687812383,5131417
592,33,TAMIL NADU,TIRUNELVELI,-0.1358861976162976,0.17279507881580441,0.19986159169548418,0.2214532871972156,348304.324340906,0.07933299532051229,-0.31009611687812383,0.34602076124567477,4398780
634,33,TAMIL NADU,TIRUPPUR,-0.0797231833910126,0.12456747404847203,0.14769703960016992,0.16633602460592492,360284.47354193736,0.06090390510853158,-0.2519646289888504,0.2679584775086506,5928070
732,33,TAMIL NADU,TIRUPPATTUR,-0.13016532103037418,0.08882737408688907,0.10851211072664829,0.1358861976162997,7654.561833384516,0.0031583172301694246,-0.2519646289888504,0.2519646289888504,2429659
589,33,TAMIL NADU,TIRUVALLUR,-0.06299115724721155,0.1599999999999697,0.1793771626298031,0.19291041906957918,317891.3779352171,0.08571401303212356,-0.2519646289888504,0.29287197231833906,3721243
593,33,TAMIL NADU,TIRUVANNAMALAI,-0.09356401384082352,0.13016532103033024,0.14769703960017436,0.17279507881584966,424159.9574938141,0.05996927864407666,-0.22145328719723184,0.29287197231833906,7086228
594,33,TAMIL NADU,TUTICORIN,-0.005750977203449429,0.17937716262982784,0.1929104190695611,0.21413302575932258,668047.3682693886,0.12454068308650808,-0.17279507881584008,0.34602076124567477,5373009
595,33,TAMIL NADU,VELLORE,-0.11909265667050857,0.13016532103034306,0.14769703960017153,0.1727950788158493,74013.76500660805,0.030617401119981045,-0.21413302575932336,0.28444444444444444,2425418
596,33,TAMIL NADU,VILLUPURAM,-0.021061396433677153,0.15999999999997241,0.17937716262980077,0.19986159169548756,411903.47349911724,0.09839872796620526,-0.19986159169550174,0.33685505574778934,4197052
597,33,TAMIL NADU,VIRUDHUNAGAR,-0.07972318339100325,0.15999999999998296,0.17937716262978923,0.19986159169548734,431746.92406190315,0.08983250989753343,-0.2599000384467512,0.31009611687812383,4816093
577,33,TAMIL NADU,KRISHNAGIRI,-0.13016532103036846,0.04484429065744564,0.07111111111111731,0.09842368319877101,-173399.5859070928,-0.02949463813974413,-0.2599000384467512,0.24415224913494812,5891097
501,36,TELANGANA,ADILABAD,-0.06698961937716844,0.05173394848134531,0.06698961937716805,0.08421376393694589,35459.981273445956,0.007487527186221488,-0.17937716262975778,0.22145328719723184,4743469
507,36,TELANGANA,HYDERABAD,-0.03844675124951967,0.11374086889657253,0.13016532103036255,0.1417301038062282,13938.296337432696,0.0621903782408684,-0.14173010380622836,0.2069357939254133,225991
508,36,TELANGANA,KARIMNAGAR,-0.08421376393694636,0.055363321799303575,0.07535563244905143,0.09842368319876697,-15528.313258704538,-0.00658316284972265,-0.16633602460592078,0.21413302575932336,2364683
690,36,TELANGANA,BHADRADRI KOTHAGUDEM,-0.05173394848135079,0.11909265667053061,0.13588619761633192,0.1537870049980854,396907.2030748089,0.04900072434327796,-0.19986159169550174,0.2679584775086506,8112200
512,36,TELANGANA,MAHABUBNAGAR,-0.1085121107266448,0.013840830449826808,0.027128027681660682,0.04484429065743829,-114468.91602867396,-0.03501106377449207,-0.21413302575932336,0.16633602460592078,3277821
692,36,TELANGANA,SIDDIPET,-0.10851211072664782,0.032541330257590304,0.051733948481349025,0.07111111111111328,-101964.25549053137,-0.0234169369438593,-0.2364628988850442,0.1929104190695886,4362172
514,36,TELANGANA,NALGONDA,-0.09842368319876353,0.06698961937717604,0.07972318339101737,0.10340638216071973,68642.10412409711,0.008161131105243137,-0.21413302575932336,0.22145328719723184,8420108
516,36,TELANGANA,NIZAMABAD,-0.09842368319876107,0.051733948481346485,0.07111111111111701,0.08882737408688349,-55904.47696549155,-0.011255701091532674,-0.17279507881584008,0.21413302575932336,4973584
518,36,TELANGANA,RANGAREDDY,-0.10851211072665118,0.032541330257590234,0.05536332179930504,0.07972318339101081,-131644.59884817246,-0.022534008007036428,-0.22145328719723184,0.21413302575932336,5852435
720,36,TELANGANA,MULUGU,-0.07535563244905319,0.11374086889658999,0.13588619761633947,0.15378700499808454,200357.85836197116,0.03969595238124118,-0.186082276047674,0.22145328719723184,5054976
695,36,TELANGANA,JOGULAMBA GADWAL,-0.11909265667051212,0.05911572472127127,0.07111111111111944,0.08421376393695242,-709.3065606712847,-2.3712825710494906E-4,-0.24415224913494812,0.17937716262975778,2996596
699,36,TELANGANA,KUMURAM BHEEM,-0.06698961937716577,0.0753556324490526,0.08882737408688147,0.10851211072664713,118506.85822663554,0.022064670074114737,-0.17937716262975778,0.2069357939254133,5379788
684,36,TELANGANA,MANCHERIAL,-0.07111111111111541,0.07972318339101615,0.09842368319876915,0.11374086889657481,105429.36737342938,0.023145009807768836,-0.2364628988850442,0.22145328719723184,4563416
680,36,TELANGANA,NIRMAL,-0.09356401384082325,0.06698961937717246,0.0842137639369564,0.09842368319876273,39379.68254162623,0.008968269600289774,-0.17937716262975778,0.19986159169550174,4400168
685,36,TELANGANA,KAMAREDDY,-0.10851211072665197,0.03844675124951241,0.05536332179931644,0.07111111111111781,-104576.1598907461,-0.023722472324803383,-0.22145328719723184,0.2069357939254133,4417377
691,36,TELANGANA,SANGAREDDY,-0.09356401384082355,0.02712802768166522,0.04158400615148125,0.0629911572472113,-84277.98989605639,-0.016137440525986684,-0.22145328719723184,0.1929104190695886,5234286
694,36,TELANGANA,NAGARKURNOOL,-0.11374086889658615,0.027128027681664276,0.04158400615147773,0.05911572472126312,-174802.63346672783,-0.02420834477423374,-0.2364628988850442,0.17279507881584008,7230954
693,36,TELANGANA,WANAPARTHY,-0.11909265667051397,0.0297731641676278,0.055363321799309265,0.07535563244905058,-74537.35268562079,-0.029371549907617655,-0.22145328719723184,0.16633602460592078,2543857
721,36,TELANGANA,NARAYANPET,-0.09842368319877032,0.022206843521722294,0.03543252595155881,0.05173394848135289,-70383.53168875173,-0.025072104657558523,-0.2069357939254133,0.16000000000000003,2813898
698,36,TELANGANA,VIKARABAD,-0.08882737408688662,0.024605920799693114,0.038446751249521814,0.0517339484813526,-68314.55193168057,-0.015763246922333003,-0.22145328719723184,0.17279507881584008,4341820
700,36,TELANGANA,MEDCHAL-MALKAJGIRI,-0.0984236831987684,0.07972318339101436,0.09842368319876776,0.11909265667050595,6238.862426555677,0.004951874497453769,-0.1929104190695886,0.2364628988850442,1263977
697,36,TELANGANA,YADADRI BHUVANAGIRI,-0.09842368319876806,0.03254133025759044,0.048227604767396556,0.07535563244905957,-64387.534943035185,-0.01702904893256414,-0.2288965782391388,0.21413302575932336,3788544
696,36,TELANGANA,SURYAPET,-0.05536332179930472,0.08882737408688858,0.0984236831987525,0.11909265667051304,144652.75505333298,0.03443541063651967,-0.17937716262975778,0.24415224913494812,4207558
509,36,TELANGANA,KHAMMAM,-0.032541330257592545,0.09842368319875551,0.11909265667052062,0.13588619761630336,262011.78139071589,0.0478877055077676,-0.16633602460592078,0.2679584775086506,5483474
688,36,TELANGANA,MAHABUBABAD,-0.07111111111111668,0.07535563244905773,0.09356401384083933,0.11374086889658123,60085.145644200544,0.014468827046295322,-0.17279507881584008,0.2288965782391388,4159758
689,36,TELANGANA,JANGAON,-0.09356401384082334,0.03254133025758805,0.04822760476739863,0.07535563244905948,-47939.24560999073,-0.016863412235192644,-0.22145328719723184,0.2069357939254133,2848930
686,36,TELANGANA,WARANGAL (URBAN),-0.07972318339100429,0.06299115724721119,0.08882737408688203,0.11374086889657616,440.07897994074415,3.217889024100748E-4,-0.2069357939254133,0.2069357939254133,1371299
522,36,TELANGANA,WARANGAL (RURAL),-0.08882737408688728,0.04158400615148127,0.05911572472126458,0.08421376393694947,-33300.12537175258,-0.012683844334388114,-0.17279507881584008,0.2069357939254133,2631366
687,36,TELANGANA,JAYASHANKAR BHUPALAPALLY,-0.08882737408688647,0.09842368319876427,0.11909265667052707,0.14173010380621223,68854.06210134953,0.02033642292496343,-0.2069357939254133,0.22145328719723184,3392864
682,36,TELANGANA,PEDDAPALLI,-0.08882737408688833,0.06299115724721112,0.0842137639369486,0.10851211072664341,-9216.936840288394,-0.0035641718697971953,-0.19986159169550174,0.2069357939254133,2590845
681,36,TELANGANA,JAGTIAL,-0.08882737408688901,0.05536332179930264,0.0753556324490477,0.0935640138408245,-20321.445865379806,-0.005968312926899177,-0.17279507881584008,0.2069357939254133,3410637
683,36,TELANGANA,RANJANNA SIRCILLA,-0.11374086889657467,0.03543252595155383,0.05173394848134872,0.06698961937716288,-52058.748133023524,-0.024450632986954275,-0.22145328719723184,0.186082276047674,2133794
513,36,TELANGANA,MEDAK,-0.11374086889658856,0.006815319171448169,0.022206843521721056,0.04158400615148094,-141958.14161652626,-0.04399208967181776,-0.19986159169550174,0.17937716262975778,3235035
269,16,TRIPURA,DHALAI,-0.08882737408688489,0.06299115724721115,0.0797231833910125,0.09842368319876925,21385.38154528081,0.007689637482727862,-0.2288965782391388,0.2288965782391388,2787504
654,16,TRIPURA,GOMATI,-0.11374086889657524,0.06299115724721116,0.07972318339100715,0.0984236831987721,-4098.851262693949,-0.002080304517235769,-0.2364628988850442,0.2069357939254133,1976295
652,16,TRIPURA,KHOWAI,-0.10340638216070462,0.059115724721264966,0.07535563244905558,0.09356401384082788,-347.93039877683555,-2.7094782340693623E-4,-0.22145328719723184,0.21413302575932336,1288086
270,16,TRIPURA,NORTH TRIPURA,-0.07972318339100544,0.07535563244904879,0.09356401384082509,0.10851211072664155,33877.18725812592,0.02059270128299532,-0.1929104190695886,0.2069357939254133,1650811
653,16,TRIPURA,SEPAHIJALA,-0.13016532103036885,0.027128027681659686,0.04484429065743804,0.06299115724721144,-38947.72670398232,-0.030203773853005066,-0.2288965782391388,0.1929104190695886,1294414
271,16,TRIPURA,SOUTH TRIPURA,-0.11909265667050846,0.0482276047674001,0.06299115724721124,0.07535563244905742,-23188.86833111413,-0.013063391655828326,-0.22145328719723184,0.17937716262975778,1781389
655,16,TRIPURA,UNOKOTI,-0.10851211072664174,0.05536332179930178,0.07111111111111701,0.08882737408688453,-1422.4232991544995,-0.0016866174745452161,-0.2364628988850442,0.186082276047674,846595
272,16,TRIPURA,WEST TRIPURA,-0.12456747404844,0.044844290657439306,0.06299115724721124,0.07972318339100425,-21331.58512511869,-0.018527995666904704,-0.2364628988850442,0.17279507881584008,1154860
118,09,UTTAR PRADESH,AGRA,-0.022206843521721295,0.11909265667052568,0.13588619761631812,0.16000000000000494,299077.9864981834,0.0590021038263935,-0.11909265667051133,0.2679584775086506,5084762
119,09,UTTAR PRADESH,ALIGARH,-0.013840830449826959,0.09356401384083539,0.1190926566705174,0.14173010380622858,219581.41982225786,0.046860702947706674,-0.11374086889657825,0.2599000384467512,4695914
121,09,UTTAR PRADESH,AMBEDKARNAGAR,-0.04484429065743796,0.08882737408688761,0.10851211072665193,0.13016532103037132,69170.54805577331,0.023849802729588598,-0.14173010380622836,0.2288965782391388,2907631
640,09,UTTAR PRADESH,AMETHI,-0.01777777777777841,0.11374086889660599,0.13016532103035616,0.14769703960016095,146291.55095951175,0.048450916175786396,-0.16633602460592078,0.24415224913494812,3027141
154,09,UTTAR PRADESH,AMROHA,-0.051733948481348185,0.07535563244904575,0.09842368319877094,0.12456747404843767,48089.33285641895,0.015373860714021127,-0.14173010380622836,0.2761399461745483,3135410
122,09,UTTAR PRADESH,AURAIYA,-0.04158400615148117,0.07535563244904335,0.09356401384082234,0.11374086889657449,61121.103050139216,0.024260886792858104,-0.16000000000000003,0.2519646289888504,2525028
123,09,UTTAR PRADESH,AZAMGARH,-0.038446751249520864,0.09356401384083307,0.1190926566705229,0.14173010380623882,149768.4654662244,0.02861467704611,-0.16633602460592078,0.22145328719723184,5243512
133,09,UTTAR PRADESH,BUDAUN,-0.02712802768166099,0.08882737408688429,0.11374086889657323,0.13588619761629758,211740.22594177962,0.03936099583270335,-0.16000000000000003,0.2599000384467512,5388312
124,09,UTTAR PRADESH,BAGHPAT,-0.02460592079969317,0.10340638216070351,0.14769703960015157,0.1860822760476712,71059.13717240744,0.042118196719700296,-0.09842368319876971,0.28444444444444444,1691561
125,09,UTTAR PRADESH,BAHRAICH,-0.04158400615148115,0.11909265667051962,0.15999999999999223,0.19986159169548648,267239.48121035396,0.04287691447182782,-0.2288965782391388,0.28444444444444444,6244557
126,09,UTTAR PRADESH,BALLIA,-0.07972318339100487,0.0753556324490495,0.10340638216071009,0.1301653210303705,18072.92467532494,0.004872875740180479,-0.2069357939254133,0.22145328719723184,3717530
127,09,UTTAR PRADESH,BALRAMPUR,-0.041584006151481216,0.18608227604769897,0.22889657823910542,0.2519646289888445,234369.5042654572,0.055754887560299615,-0.17937716262975778,0.3188927335640138,4212204
128,09,UTTAR PRADESH,BANDA,-0.035432525951556666,0.0753556324490479,0.09842368319877202,0.11909265667051036,139938.13061963848,0.025427500948968673,-0.14769703960015382,0.24415224913494812,5516307
129,09,UTTAR PRADESH,BARABANKI,-0.02977316416762864,0.09842368319876077,0.11374086889659074,0.13588619761630105,195833.496910536,0.04070207456304819,-0.13588619761630144,0.2519646289888504,4821092
130,09,UTTAR PRADESH,BAREILLY,-0.03543252595155974,0.08882737408687956,0.11374086889658845,0.14173010380622225,174223.72921742612,0.03333198967446388,-0.15378700499807765,0.2761399461745483,5236856
131,09,UTTAR PRADESH,BASTI,-0.05911572472125886,0.06698961937717032,0.08882737408688739,0.10851211072664481,22452.287121905283,0.006446650086944313,-0.186082276047674,0.2069357939254133,3489747
179,09,UTTAR PRADESH,BHADOHI,-0.03844675124952054,0.11374086889658439,0.13016532103037753,0.14769703960015612,48560.23759016821,0.03875246194738107,-0.15378700499807765,0.22145328719723184,1258326
132,09,UTTAR PRADESH,BIJNOR,-0.03844675124952132,0.11909265667052113,0.14769703960016692,0.18608227604769295,228611.63377561257,0.038816126773412944,-0.16000000000000003,0.3278123798539023,5897437
134,09,UTTAR PRADESH,BULANDSHAHR,-0.03254133025759365,0.08421376393695296,0.11374086889657405,0.13588619761629922,137872.93467008448,0.03092855195371414,-0.13016532103037293,0.2679584775086506,4465675
135,09,UTTAR PRADESH,CHANDAULI,-0.04822760476739397,0.07535563244904447,0.10340638216071556,0.13016532103037304,79343.18445605611,0.02524961957652792,-0.14173010380622836,0.21413302575932336,3149762
136,09,UTTAR PRADESH,CHITRAKOOT,-0.04158400615148118,0.08882737408687255,0.10851211072664924,0.13588619761630008,113193.70958056545,0.028752595758573748,-0.13588619761630144,0.2679584775086506,3947058
137,09,UTTAR PRADESH,DEORIA,-0.04158400615148112,0.10851211072665147,0.13016532103036352,0.15378700499808404,102764.43435290264,0.032523268148262036,-0.17279507881584008,0.22145328719723184,3167421
140,09,UTTAR PRADESH,AYODHYA,-0.03543252595155907,0.10340638216072512,0.12456747404845746,0.14173010380623996,122033.83508467018,0.03636299832725039,-0.14173010380622836,0.24415224913494812,3363207
138,09,UTTAR PRADESH,ETAH,-0.038446751249520864,0.07972318339101206,0.09842368319876799,0.12456747404843962,86127.325043653,0.028262829368441766,-0.15378700499807765,0.24415224913494812,3057112
139,09,UTTAR PRADESH,ETAWAH,-0.04158400615148109,0.09842368319876227,0.11909265667052074,0.14173010380623946,99764.45363761667,0.03433290335796651,-0.14769703960015382,0.2519646289888504,2912455
141,09,UTTAR PRADESH,FARRUKHABAD,-0.05173394848135003,0.07972318339101579,0.1034063821607133,0.124567474048441,68388.84736740243,0.02496495715071317,-0.15378700499807765,0.2364628988850442,2746061
142,09,UTTAR PRADESH,FATEHPUR,-0.038446751249521155,0.0935640138408344,0.11374086889658436,0.1358861976163043,158581.69705367228,0.030670865421880585,-0.16000000000000003,0.24415224913494812,5179341
143,09,UTTAR PRADESH,FIROZABAD,-0.019930795847751565,0.09842368319876876,0.1190926566705207,0.1417301038062381,141130.79329828784,0.04649798944620889,-0.11909265667051133,0.2519646289888504,3043033
144,09,UTTAR PRADESH,GAUTAMBUDHNAGAR,-0.019930795847751284,0.14769703960017072,0.16633602460592503,0.18608227604768882,124325.48631944373,0.06935102792565395,-0.11374086889657825,0.2761399461745483,1799130
146,09,UTTAR PRADESH,GAZIPUR,-0.05173394848135029,0.08421376393695588,0.10851211072665026,0.1358861976162991,93596.45540009272,0.022375731220682468,-0.19986159169550174,0.2288965782391388,4191005
145,09,UTTAR PRADESH,GHAZIABAD,-0.03543252595155698,0.15378700499806167,0.17279507881584952,0.19291041906959017,66697.94437030626,0.05749948558519215,-0.11374086889657825,0.2761399461745483,1164347
147,09,UTTAR PRADESH,GONDA,-0.04822760476739674,0.07535563244904597,0.0984236831987725,0.12456747404844097,88227.9937612313,0.017687898981155987,-0.17279507881584008,0.2288965782391388,4997607
148,09,UTTAR PRADESH,GORAKHPUR,-0.04158400615148117,0.10340638216072462,0.1301653210303617,0.14769703960016128,122650.1005980109,0.029506797996696688,-0.17279507881584008,0.24415224913494812,4167218
149,09,UTTAR PRADESH,HAMIRPUR,-0.05911572472125998,0.07111111111111897,0.08882737408688589,0.10851211072664267,54263.96905155068,0.011243790011606967,-0.14769703960015382,0.2519646289888504,4836349
661,09,UTTAR PRADESH,HAPUR,-0.04484429065743816,0.09356401384082419,0.12456747404844604,0.15378700499808223,37474.55024567617,0.026378824623581047,-0.11909265667051133,0.2679584775086506,1425629
150,09,UTTAR PRADESH,HARDOI,-0.06299115724721287,0.07111111111111891,0.09356401384082245,0.11374086889657407,82054.63110504307,0.010914619410813937,-0.17279507881584008,0.24415224913494812,7529334
163,09,UTTAR PRADESH,HATHRAS,-0.012056901191848783,0.09842368319876525,0.11909265667051766,0.13588619761629842,114414.58926623374,0.05100566093596349,-0.11909265667051133,0.2679584775086506,2250134
151,09,UTTAR PRADESH,JALAUN,-0.06299115724721116,0.07535563244905161,0.09842368319877227,0.12456747404843815,60620.66696761488,0.010690966968682221,-0.14769703960015382,0.2599000384467512,5680240
152,09,UTTAR PRADESH,JAUNPUR,-0.04158400615148124,0.09842368319876538,0.11909265667052217,0.1417301038062323,149516.2627472931,0.029916594435481014,-0.13016532103037293,0.21413302575932336,5008032
153,09,UTTAR PRADESH,JHANSI,-0.0669896193771661,0.06698961937716874,0.09356401384082406,0.1190926566705135,25273.482434890935,0.004069935371407336,-0.17279507881584008,0.24415224913494812,6229627
155,09,UTTAR PRADESH,KANNAUJ,-0.035432525951558796,0.08421376393696076,0.10340638216072273,0.12456747404845134,84691.74192479954,0.03235528876693071,-0.14173010380622836,0.2519646289888504,2623727
157,09,UTTAR PRADESH,KANPUR,-0.051733948481350385,0.07535563244904493,0.0935640138408227,0.11374086889657453,64086.45663248138,0.017161917959801223,-0.2069357939254133,0.2364628988850442,3743531
156,09,UTTAR PRADESH,KANPUR DEHAT,-0.04158400615148123,0.07972318339101664,0.09356401384082784,0.11374086889657424,103511.13335045788,0.02630938466609954,-0.16000000000000003,0.2364628988850442,3941798
633,09,UTTAR PRADESH,KASGANJ,-0.03844675124952014,0.08421376393695533,0.10340638216071452,0.12456747404844346,78438.36429581809,0.03176766804699275,-0.13588619761630144,0.24415224913494812,2475748
158,09,UTTAR PRADESH,KAUSHAMBI,-0.02977316416762751,0.10340638216072053,0.1301653210303748,0.14769703960015812,84931.27224560754,0.03838260745729835,-0.186082276047674,0.24415224913494812,2218096
159,09,UTTAR PRADESH,KHERI,-0.05536332179930415,0.13016532103035972,0.1727950788158512,0.19986159169548345,347564.1753576212,0.0357427247514105,-0.16633602460592078,0.2761399461745483,9738027
160,09,UTTAR PRADESH,KUSHINAGAR,-0.07972318339100744,0.07972318339101322,0.10851211072664717,0.13016532103037273,50333.898968935566,0.013999689081774413,-0.17937716262975778,0.2069357939254133,3604253
161,09,UTTAR PRADESH,LALITPUR,-0.07111111111111752,0.055363321799302284,0.07535563244905001,0.09842368319876602,7739.549255458147,0.0012494274786600576,-0.16000000000000003,0.24415224913494812,6203252
162,09,UTTAR PRADESH,LUCKNOW,-0.03254133025759154,0.11909265667053132,0.13588619761632453,0.1537870049980864,155725.36154401832,0.049235940512723834,-0.14769703960015382,0.2519646289888504,3170059
165,09,UTTAR PRADESH,MAHOBA,-0.055363321799307676,0.055363321799304144,0.07535563244905115,0.09842368319876695,25218.38872494305,0.006250651321078833,-0.16000000000000003,0.2364628988850442,4045255
166,09,UTTAR PRADESH,MAINPURI,-0.03254133025759156,0.07972318339101471,0.09842368319876942,0.11909265667051332,102425.57166526903,0.029822956978713844,-0.13588619761630144,0.2364628988850442,3441554
167,09,UTTAR PRADESH,MATHURA,-0.010396001537870255,0.10851211072665806,0.13588619761631346,0.16000000000000927,240666.2043676304,0.05722497507938997,-0.11909265667051133,0.2761399461745483,4213749
168,09,UTTAR PRADESH,MAU,-0.04484429065743802,0.09842368319877076,0.1245674740484541,0.14173010380623996,65572.7023573968,0.03041756239390607,-0.186082276047674,0.2364628988850442,2161729
169,09,UTTAR PRADESH,MEERUT,-0.048227604767396376,0.10851211072664928,0.1417301038062119,0.1727950788158487,79890.69066854507,0.024152768201764128,-0.11374086889657825,0.3014225297962323,3314219
170,09,UTTAR PRADESH,MIRZAPUR,-0.05911572472126455,0.07111111111111872,0.09356401384082375,0.11909265667051079,111193.81963609609,0.02045308046633213,-0.17937716262975778,0.2364628988850442,5447558
171,09,UTTAR PRADESH,MORADABAD,-0.05536332179930891,0.08882737408688746,0.11374086889657568,0.14173010380624007,58532.944885198194,0.023586831608168938,-0.16000000000000003,0.2679584775086506,2489342
172,09,UTTAR PRADESH,MUZAFFARNAGAR,-0.04822760476739477,0.07972318339100945,0.11909265667051405,0.1537870049980806,63209.047971465385,0.01803502701677195,-0.14769703960015382,0.2679584775086506,3511799
173,09,UTTAR PRADESH,PILIBHIT,-0.05173394848135016,0.13016532103034417,0.15378700499807318,0.17279507881585063,179959.53503353847,0.03766685030160891,-0.1929104190695886,0.2519646289888504,4788939
174,09,UTTAR PRADESH,PRATAPGARH,-0.0222068435217215,0.11374086889658923,0.1301653210303517,0.1476970396001649,221678.01236650467,0.04815458483865817,-0.17279507881584008,0.2364628988850442,4613609
175,09,UTTAR PRADESH,RAIBEARELI,-0.02977316416762781,0.09842368319875816,0.11909265667051888,0.13588619761630083,185984.09373547626,0.03806083965929934,-0.13588619761630144,0.2519646289888504,4896223
176,09,UTTAR PRADESH,RAMPUR,-0.04822760476739482,0.08882737408689144,0.1190926566705165,0.14173010380623963,87924.84368851458,0.029197961483863166,-0.16000000000000003,0.2599000384467512,3018922
177,09,UTTAR PRADESH,SAHARANPUR,-0.055363321799303235,0.15378700499803627,0.1793771626297926,0.1998615916954875,209579.81804459132,0.043816966839186164,-0.14173010380622836,0.3278123798539023,4790695
659,09,UTTAR PRADESH,SAMBHAL,-0.03254133025759426,0.07972318339101563,0.09842368319876994,0.12456747404844017,94382.20751410816,0.030640510558400853,-0.13588619761630144,0.2364628988850442,3088314
178,09,UTTAR PRADESH,SANTKABIRNAGAR,-0.048227604767395474,0.08882737408688415,0.11374086889657446,0.1358861976163028,44824.70277501851,0.02185331241846311,-0.186082276047674,0.22145328719723184,2058853
180,09,UTTAR PRADESH,SHAHJAHANPUR,-0.044844290657443164,0.06299115724721116,0.08882737408688543,0.11909265667050856,84453.12333245705,0.015497334175544079,-0.17279507881584008,0.2364628988850442,5462736
660,09,UTTAR PRADESH,SHAMLI,-0.04484429065743792,0.08421376393694338,0.13016532103036615,0.16633602460592412,41077.15253916528,0.0253703503382845,-0.09842368319876971,0.2679584775086506,1623202
181,09,UTTAR PRADESH,SHRAWASTI,-0.027128027681660404,0.15378700499808842,0.20693579392538444,0.2364628988849634,134345.18344769516,0.05521469018884618,-0.15378700499807765,0.31009611687812383,2439319
182,09,UTTAR PRADESH,SIDDHARTHNAGAR,-0.03254133025759377,0.08882737408688965,0.11374086889657355,0.13588619761629717,103444.78381356462,0.028475846719553208,-0.16633602460592078,0.22145328719723184,3640380
183,09,UTTAR PRADESH,SITAPUR,-0.04822760476739425,0.07972318339101765,0.09842368319876822,0.11909265667051414,182804.73146395216,0.025321846672811007,-0.16000000000000003,0.24415224913494812,7230057
184,09,UTTAR PRADESH,SONBHADRA,-0.05911572472126339,0.06698961937717357,0.08421376393695518,0.10851211072664185,146160.43372148197,0.0173196425328445,-0.17937716262975778,0.2519646289888504,8450002
185,09,UTTAR PRADESH,SULTANPUR,-0.03543252595155758,0.10340638216072999,0.11909265667052511,0.1358861976162988,121039.08382576177,0.03638087024450603,-0.14769703960015382,0.24415224913494812,3335749
186,09,UTTAR PRADESH,UNNAO,-0.05173394848135052,0.08421376393695831,0.10340638216072065,0.1245674740484427,126141.37204160799,0.022122567934467572,-0.17937716262975778,0.2364628988850442,5712341
187,09,UTTAR PRADESH,VARANASI,-0.03543252595155737,0.1245674740484712,0.14173010380624784,0.1537870049980816,98212.40241712856,0.05186493535793044,-0.16000000000000003,0.24415224913494812,1899363
120,09,UTTAR PRADESH,PRAYAGRAJ,-0.035432525951559254,0.09842368319875713,0.11909265667052513,0.14173010380622109,246200.9668315169,0.036444658483019615,-0.14173010380622836,0.2519646289888504,6766620
164,09,UTTAR PRADESH,MAHARAJGANJ,-0.03254133025759258,0.12456747404846147,0.14769703960016842,0.16633602460590377,167862.11316746497,0.0454534254105404,-0.15378700499807765,0.2364628988850442,3700747
045,05,UTTARAKHAND,ALMORA,0.02596917963949328,0.22145328719724428,0.24415224913493458,0.259900038446758,588718.7936215394,0.14581337207167305,-0.14173010380622836,0.36472126105344094,4045433
046,05,UTTARAKHAND,BAGESHWAR,-0.23646289888500793,0.21413302575928328,0.23646289888502547,0.2599000384467739,233198.49687010978,0.08106951457922386,-0.3188927335640138,0.36472126105344094,2883079
048,05,UTTARAKHAND,CHAMPAWAT,0.012976843029528095,0.2519646289889464,0.26795847750869367,0.28444444444447364,372108.99075953115,0.16460163279264792,-0.13588619761630144,0.36472126105344094,2266165
049,05,UTTARAKHAND,DEHRADUN,0.0168279438514685,0.25196462898892324,0.26795847750869944,0.2844444444444774,611452.040526714,0.15255193310947468,-0.13016532103037293,0.37425605536332185,4018513
050,05,UTTARAKHAND,HARIDWAR,-0.03844675124952134,0.1727950788158509,0.19986159169548567,0.2214532871972139,208167.0906533549,0.07068577677792551,-0.12456747404844293,0.34602076124567477,2950783
051,05,UTTARAKHAND,NAINITAL,0.024605920799692906,0.23646289888506394,0.2519646289888853,0.2679584775086702,813401.2003518704,0.1593990419221029,-0.13016532103037293,0.3553094963475586,5111706
052,05,UTTARAKHAND,PAURI GARHWAL,0.021138927422816596,0.22889657823909393,0.24415224913501485,0.25990003844675336,1031823.7766993726,0.15197881230181148,-0.14173010380622836,0.36472126105344094,6797764
054,05,UTTARAKHAND,RUDRAPRAYAG,-0.2214532871972404,0.1929104190695672,0.22145328719721152,0.2519646289888446,181830.6350143947,0.07071089732087114,-0.33685505574778934,0.37425605536332185,2576527
055,05,UTTARAKHAND,TEHRI GARHWAL,-0.2069357939253976,0.2069357939253806,0.2288965782391217,0.2519646289888447,529739.2989689783,0.10481229689894964,-0.3278123798539023,0.3553094963475586,5065420
056,05,UTTARAKHAND,UDHAM SINGH NAGAR,-0.03683975426159159,0.16000000000001022,0.1860822760476984,0.21413302575931412,228058.57333745624,0.06695404210567239,-0.16633602460592078,0.33685505574778934,3417188
047,05,UTTARAKHAND,CHAMOLI,-0.23646289888501057,0.15378700499801856,0.19291041906955572,0.22889657823911308,-200855.71465595078,-0.019848822925487713,-0.3188927335640138,0.37425605536332185,10130102
053,05,UTTARAKHAND,PITHORAGARH,-0.24415224913492486,0.1663360246058431,0.19986159169548345,0.22889657823911372,-145972.78849787798,-0.015660144850022473,-0.33685505574778934,0.3553094963475586,9333695
057,05,UTTARAKHAND,UTTARKASHI,-0.23646289888502386,0.17937716262981765,0.21413302575926993,0.25196462898884453,-83347.96902524168,-0.008031644478567919,-0.33685505574778934,0.3839138792772011,10391325
664,19,WEST BENGAL,ALIPUR DUAR,-0.06698961937716418,0.12456747404846888,0.1417301038062433,0.16000000000001147,145046.9211572393,0.04152943124330114,-0.14769703960015382,0.2519646289888504,3499191
305,19,WEST BENGAL,BANKURA,-0.10340638216072845,0.03844675124951843,0.055363321799304976,0.07535563244905448,-120261.60217742849,-0.014388413892946718,-0.2069357939254133,0.186082276047674,8367774
306,19,WEST BENGAL,PURBA BARDDHAMAN,-0.10851211072665351,0.041584006151481265,0.06698961937716677,0.08882737408688463,-184697.74952669314,-0.029157137460442375,-0.17937716262975778,0.1929104190695886,6345416
307,19,WEST BENGAL,BIRBHUM,-0.08882737408688254,0.05911572472126247,0.07972318339100991,0.10340638216070544,-35141.55769711095,-0.006325048880227635,-0.16000000000000003,0.21413302575932336,5568338
310,19,WEST BENGAL,DAKSHIN DINAJPUR,-0.11909265667052016,0.0629911572472112,0.08421376393694759,0.10340638216070384,-52923.31332257266,-0.01917680275976118,-0.1929104190695886,0.22145328719723184,2766684
309,19,WEST BENGAL,DARJILING,-0.06299115724721138,0.13016532103034612,0.14769703960017075,0.1727950788158489,131937.0436267484,0.05145846007677963,-0.22145328719723184,0.2761399461745483,2570580
317,19,WEST BENGAL,PURBA MEDINIPUR,-0.10340638216072709,0.06698961937717386,0.08421376393696008,0.09842368319876699,-22518.62607967297,-0.00472406140127006,-0.17937716262975778,0.19986159169550174,4774369
313,19,WEST BENGAL,HAORA,-0.10851211072665211,0.07535563244904717,0.08882737408688428,0.10340638216070418,-4662.205431580955,-0.0026272959471658848,-0.19986159169550174,0.17937716262975778,1779421
312,19,WEST BENGAL,HUGLI,-0.11374086889658137,0.05536332179930651,0.07535563244905209,0.09842368319876672,-91227.12799291813,-0.023872627627366007,-0.186082276047674,0.1929104190695886,3830421
314,19,WEST BENGAL,JALPAIGURI,-0.0753556324490517,0.0984236831987614,0.1190926566705236,0.13588619761630852,80515.04359463205,0.018796076300255066,-0.1929104190695886,0.22145328719723184,4291724
308,19,WEST BENGAL,KOCH BIHAR,-0.09356401384082429,0.09356401384083393,0.11374086889657377,0.1301653210303713,44983.703915260856,0.010721329196942958,-0.15378700499807765,0.2288965782391388,4209471
315,19,WEST BENGAL,KOLKATA,-0.05911572472126167,0.09356401384082368,0.1034063821607033,0.1137408688965768,9518.142933497436,0.04249136435659643,-0.17279507881584008,0.16633602460592078,225875
316,19,WEST BENGAL,MALDAH,-0.11909265667052082,0.06299115724721112,0.08421376393695242,0.10340638216070529,-52119.93239451868,-0.011781920306998902,-0.1929104190695886,0.2069357939254133,4432769
319,19,WEST BENGAL,MURSHIDABAD,-0.1137408688965928,0.05536332179930494,0.07972318339101055,0.10340638216070694,-129930.06812109989,-0.019860927197943027,-0.186082276047674,0.2069357939254133,6553296
320,19,WEST BENGAL,NADIA,-0.10851211072664686,0.06299115724721116,0.08421376393694824,0.10340638216070627,-84890.81219935813,-0.01790872061823199,-0.186082276047674,0.186082276047674,4752532
303,19,WEST BENGAL,NORTH TWENTY-FOUR PARGANAS,-0.10340638216071717,0.07535563244904653,0.0888273740868873,0.10340638216071665,3882.2538319130135,8.008426496532968E-4,-0.19986159169550174,0.1929104190695886,4858451
318,19,WEST BENGAL,PASCHIM MEDINIPUR,-0.11374086889660515,0.0448442906574474,0.06299115724721116,0.07972318339100974,-223032.63275310016,-0.02942816183828522,-0.1929104190695886,0.17937716262975778,7589470
321,19,WEST BENGAL,PURULIYA,-0.06299115724721123,0.048227604767399464,0.06698961937716806,0.08882737408688414,11929.27842160011,0.001568926536700354,-0.19986159169550174,0.2069357939254133,7614827
304,19,WEST BENGAL,SOUTH TWENTY-FOUR PARGANAS,-0.10851211072665763,0.048227604767395245,0.06698961937717168,0.08421376393694995,-133020.24252615706,-0.014401919700573479,-0.2069357939254133,0.17937716262975778,9269362
311,19,WEST BENGAL,UTTAR DINAJPUR,-0.11909265667052296,0.07111111111111686,0.09356401384082412,0.11374086889657577,-78864.8858898309,-0.020279021538810695,-0.186082276047674,0.21413302575932336,3902218
703,19,WEST BENGAL,JHARGRAM,-0.10340638216071489,0.04158400615148126,0.05911572472126488,0.07535563244905781,-58411.59198320599,-0.01560977904765329,-0.1929104190695886,0.17279507881584008,3751531
704,19,WEST BENGAL,PASCHIM BARDDHAMAN,-0.08882737408688093,0.055363321799305996,0.07535563244905336,0.09356401384082672,3963.7349751744373,0.001797637602461175,-0.19986159169550174,0.186082276047674,2210746
702,19,WEST BENGAL,KALIMPONG,-0.04158400615148105,0.14769703960017538,0.16633602460592503,0.17937716262975126,110310.59687986584,0.08057478498494557,-0.15378700499807765,0.2679584775086506,1372509
