di_code,st_code,state23,dist23,A38_p2,A38_p90,A38_p95,A38_p98,A38_sum,A38_mean,A38_min,A38_max,A38_count
603,35,ANDAMAN & NICOBAR,NICOBAR,-0.2141330257593309,0.06299115724721145,0.08882737408688553,0.10851211072664685,-169003.0587281499,-0.08424738095072466,-0.31009611687812383,0.2761399461745483,2020602
632,35,ANDAMAN & NICOBAR,NORTH & MIDDLE ANDAMAN,-0.09842368319876751,0.06698961937717168,0.08421376393695058,0.1085121107266429,24479.256186661092,0.006161429318864842,-0.22145328719723184,0.31009611687812383,4003957
602,35,ANDAMAN & NICOBAR,SOUTH ANDAMAN,-0.16633602460587596,0.04822760476739582,0.0753556324490561,0.1034063821607061,-119527.54774424018,-0.04130615105176921,-0.2519646289888504,0.2599000384467512,2916597
502,28,ANDHRA PRADESH,ANANTAPUR,0.07972318339101013,0.21413302575931245,0.22889657823909942,0.24415224913499536,3715711.892312955,0.16586809755405155,-0.186082276047674,0.3278123798539023,22430270
503,28,ANDHRA PRADESH,CHITTOOR,0.025947648452396645,0.18608227604760996,0.1998615916954829,0.21413302575929397,2211379.911680938,0.1282289860408277,-0.17937716262975778,0.34602076124567477,17269415
504,28,ANDHRA PRADESH,Y S R KADAPA,0.07535563244905646,0.22145328719728005,0.2288965782390927,0.2441522491349795,2980149.654981966,0.1682824629004197,-0.09356401384083046,0.34602076124567477,17724326
505,28,ANDHRA PRADESH,EAST GODAVARI,0.016836397152376146,0.1860822760476141,0.19986159169548331,0.21413302575930823,1932875.3382013387,0.127879118305434,-0.13588619761630144,0.36472126105344094,15133939
506,28,ANDHRA PRADESH,GUNTUR,0.07535563244905398,0.2069357939253727,0.2141330257592833,0.22889657823910925,2154976.0866912217,0.1623134686834814,-0.11374086889657825,0.3278123798539023,13291974
510,28,ANDHRA PRADESH,KRISHNA,0.05536332179930904,0.19291041906952586,0.20693579392537856,0.22145328719721688,1543775.7956751594,0.15120702169803898,-0.11909265667051133,0.37425605536332185,10225813
511,28,ANDHRA PRADESH,KURNOOL,0.09842368319876829,0.2288965782390871,0.24415224913506775,0.2599000384468123,3744213.516899269,0.18564210593858366,-0.11374086889657825,0.34602076124567477,20185908
515,28,ANDHRA PRADESH,POTTI SRIRAMULU NELLORE,0.04484429065744929,0.20693579392537473,0.22145328719724416,0.2441522491349945,2264843.232740925,0.14850850336044535,-0.13588619761630144,0.40359861591695495,15263341
517,28,ANDHRA PRADESH,PRAKASAM,0.08421376393694685,0.21413302575925078,0.22145328719729446,0.2364628988850424,3453042.979166751,0.16892572299566547,-0.08421376393694734,0.3839138792772011,20457221
519,28,ANDHRA PRADESH,SRIKAKULAM,0.029773164167628128,0.1929104190695218,0.19986159169548287,0.21413302575930954,985774.3700401245,0.14324271306838365,-0.1085121107266436,0.37425605536332185,6895077
520,28,ANDHRA PRADESH,VISAKHAPATNAM,-0.0016747235998229738,0.18608227604767688,0.1998615916955249,0.2214532871972096,1590021.2284454396,0.11696169326081696,-0.17937716262975778,0.39369473279507883,13613577
521,28,ANDHRA PRADESH,VIZIANAGARAM,0.029773164167627444,0.1929104190695062,0.19986159169552437,0.21413302575930515,1030992.3561725987,0.14239142437261237,-0.13588619761630144,0.36472126105344094,7256513
523,28,ANDHRA PRADESH,WEST GODAVARI,0.038446751249521426,0.17937716262977085,0.18608227604762606,0.1998615916954848,1291044.2662364563,0.13282762897506825,-0.11374086889657825,0.33685505574778934,9731922
628,12,ARUNACHAL PRADESH,ANJAW,-0.17937716262975628,-0.0017434473050506496,0.012957330295277566,0.03254133025759252,-531334.2046993454,-0.06988625068521737,-0.34602076124567477,0.1929104190695886,7611073
229,12,ARUNACHAL PRADESH,CHANGLANG,-0.17279507881584905,0.021073496270233843,0.04158400615148121,0.06698961937716531,-318803.30308159,-0.05129289362405272,-0.3278123798539023,0.21413302575932336,6227191
230,12,ARUNACHAL PRADESH,DIBANG VALLEY,-0.18608227604769978,-0.01299845195972399,0.00573182694395783,0.025821219828665757,-970236.9325532515,-0.07956156261499396,-0.33685505574778934,0.22145328719723184,12207130
231,12,ARUNACHAL PRADESH,EAST KAMENG,-0.17279507881584918,0.012960584325858275,0.032541330257593516,0.0517339484813512,-309620.24580338836,-0.0557854483907636,-0.3188927335640138,0.2069357939254133,5558425
233,12,ARUNACHAL PRADESH,KURUNG KUMEY,-0.1793771626297797,0.006814104252309866,0.02460592079969223,0.04158400615148117,-354823.46249357244,-0.06320267219374028,-0.3188927335640138,0.16633602460592078,5621269
234,12,ARUNACHAL PRADESH,LOHIT,-0.17279507881584763,0.036914909424898466,0.059115724721265,0.08421376393694555,-162876.59506281768,-0.04224431343674853,-0.33685505574778934,0.2288965782391388,3863405
235,12,ARUNACHAL PRADESH,LOWER DIBANG VALLEY,-0.16000000000001738,0.04484429065744687,0.07111111111111681,0.10851211072664654,-145485.81901421447,-0.032451029438830645,-0.34602076124567477,0.33685505574778934,4491587
237,12,ARUNACHAL PRADESH,PAPUMPARE,-0.14769703960016736,0.05536332179930337,0.0797231833910131,0.10851211072665219,-130550.03223504918,-0.03018542268053167,-0.31009611687812383,0.2519646289888504,4333778
238,12,ARUNACHAL PRADESH,TAWANG,-0.18608227604768368,-0.009674991803029125,0.009637990185992948,0.03254133025759212,-236136.68008029863,-0.07632520838090799,-0.3278123798539023,0.24415224913494812,3100277
239,12,ARUNACHAL PRADESH,TIRAP,-0.16633602460592475,0.022206843521721267,0.04158400615148114,0.059115724721262926,-77798.18681455195,-0.05288592110515931,-0.29287197231833906,0.16000000000000003,1474824
240,12,ARUNACHAL PRADESH,UPPER SIANG,-0.1727950788158493,0.021070792799488727,0.036886504837297225,0.059115724721264334,-419077.88030831335,-0.04912827636682714,-0.3278123798539023,0.21413302575932336,8540336
241,12,ARUNACHAL PRADESH,UPPER SUBANSIRI,-0.1727950788158495,0.021058259526859188,0.036900799834374935,0.05911572472126448,-423910.5054337665,-0.05163252904570607,-0.3188927335640138,0.21413302575932336,8220067
242,12,ARUNACHAL PRADESH,WEST KAMENG,-0.17279507881584896,0.021069935345440105,0.051733948481348414,0.08421376393694638,-331813.7633423589,-0.05376737433989473,-0.3014225297962323,0.2679584775086506,6178998
719,12,ARUNACHAL PRADESH,LOWER SIANG,-0.10851211072664378,0.07972318339101166,0.09842368319876738,0.11909265667050989,11925.463873769282,0.005217074397475931,-0.21413302575932336,0.2761399461745483,2292082
236,12,ARUNACHAL PRADESH,LOWER SUBANSIRI,-0.1600000000000026,0.021063010014391575,0.04484429065744028,0.07535563244905497,-119409.12500843668,-0.0488486985201425,-0.28444444444444444,0.2519646289888504,2449933
679,12,ARUNACHAL PRADESH,SIANG,-0.14173010380622514,0.044844290657446065,0.06299115724721116,0.07972318339100821,-112305.55162064139,-0.02566716493444273,-0.31009611687812383,0.22145328719723184,4383418
243,12,ARUNACHAL PRADESH,WEST SIANG,-0.14173010380623963,0.038446751249521925,0.055363321799308134,0.07111111111111496,-56400.79476905348,-0.033438489101623246,-0.2679584775086506,0.21413302575932336,1691102
725,12,ARUNACHAL PRADESH,SHI YOMI,-0.19291041906958342,0.0016839444267698496,0.021051275385609188,0.03684598424231901,-221591.28816684257,-0.06660369769859024,-0.33685505574778934,0.19986159169550174,3331997
724,12,ARUNACHAL PRADESH,LEPA RADA,-0.12456747404844012,0.059115724721264765,0.07972318339100971,0.09842368319876715,-11656.09039901663,-0.012044128557984665,-0.2599000384467512,0.2288965782391388,970650
723,12,ARUNACHAL PRADESH,PAKKE KESSANG,-0.14173010380623313,0.04822760476740197,0.06698961937716759,0.08421376393694603,-54393.06461880659,-0.02272691545214489,-0.2761399461745483,0.19986159169550174,2399368
677,12,ARUNACHAL PRADESH,KRA DAADI,-0.1599999999999968,0.013840830449826915,0.029773164167628107,0.04484429065743813,-113648.18000485968,-0.05109653456889815,-0.3014225297962323,0.186082276047674,2229870
678,12,ARUNACHAL PRADESH,NAMSAI,-0.11374086889657459,0.055363321799305414,0.07535563244905052,0.09842368319876543,-15888.177756071422,-0.0094000835395821,-0.22145328719723184,0.21413302575932336,1693784
718,12,ARUNACHAL PRADESH,KAMLE,-0.14769703960015537,0.03543252595156057,0.05536332179931158,0.07535563244905978,-60494.20593621279,-0.034813132465119134,-0.2519646289888504,0.2288965782391388,1742339
232,12,ARUNACHAL PRADESH,EAST SIANG,-0.09842368319876803,0.10340638216072896,0.13016532103037565,0.16000000000000125,58120.85758072192,0.027377649081724822,-0.22145328719723184,0.28444444444444444,2127307
666,12,ARUNACHAL PRADESH,LONGDING,-0.1476970396001636,0.012056901191848404,0.03254133025759135,0.05173394848135502,-60312.843358519734,-0.05151923901374185,-0.28444444444444444,0.186082276047674,1174145
616,18,ASSAM,BAKSA,-0.015747789311802853,0.15999999999998726,0.1727950788158511,0.1793771626297792,288690.1806687033,0.09478359320650162,-0.14173010380622836,0.2519646289888504,3055457
280,18,ASSAM,BARPETA,0.041584006151481084,0.15378700499800113,0.1663360246058876,0.17937716262976539,330184.58560761344,0.11584187134602687,-0.08882737408688965,0.2519646289888504,2859045
705,18,ASSAM,BISWANATH,-0.019930795847751058,0.1476970396001739,0.16633602460590452,0.1793771626297774,251552.40851355097,0.09065295386731771,-0.15378700499807765,0.2599000384467512,2780367
281,18,ASSAM,BONGAIGAON,-0.019930795847751488,0.15378700499805428,0.1663360246059059,0.17937716262976514,137270.11725686977,0.09864703259470368,-0.15378700499807765,0.2679584775086506,1397646
282,18,ASSAM,CACHAR,-0.07111111111111422,0.1537870049979781,0.17279507881579437,0.18608227604770877,278501.6674492578,0.05987236417204209,-0.186082276047674,0.2761399461745483,4659875
708,18,ASSAM,CHARAIDEO,-0.071111111111111,0.1476970396001713,0.16000000000001827,0.17279507881584985,80026.00767838294,0.06307372473145861,-0.186082276047674,0.2364628988850442,1273387
612,18,ASSAM,CHIRANG,-0.05911572472126455,0.12456747404846809,0.1417301038062198,0.16000000000000422,142653.64437285898,0.05973401031119728,-0.186082276047674,0.2288965782391388,2393821
283,18,ASSAM,DARRANG,0.03543252595155705,0.15999999999997744,0.17279507881585068,0.18608227604769934,226017.94795232022,0.1145380950506985,-0.08882737408688965,0.2599000384467512,1980527
284,18,ASSAM,DHEMAJI,-0.02220684352172242,0.14769703960016667,0.15999999999998957,0.17279507881584957,295715.90954670834,0.094786221184661,-0.1929104190695886,0.2679584775086506,3127982
285,18,ASSAM,DHUBRI,0.04484429065743839,0.1476970396001785,0.16000000000000955,0.16633602460592486,233983.83422004755,0.11343544715538825,-0.10340638216070744,0.2679584775086506,2073149
286,18,ASSAM,DIBRUGARH,-0.024605920799690928,0.14173010380623607,0.159999999999995,0.17279507881585068,342685.7763141356,0.08071589823285273,-0.2069357939254133,0.2679584775086506,4254504
299,18,ASSAM,DIMA HASAO,-0.10340638216071367,0.06299115724721618,0.07972318339101303,0.09842368319876597,4162.265903286787,6.900894826796487E-4,-0.2288965782391388,0.2364628988850442,6041285
287,18,ASSAM,GOALPARA,-0.0026414562317473595,0.1663360246059252,0.17937716262977801,0.1929104190695878,260474.0245844237,0.10726836381782348,-0.11909265667051133,0.2519646289888504,2434900
288,18,ASSAM,GOLAGHAT,-0.012056901191849193,0.1537870049980572,0.17279507881585068,0.18608227604770836,343071.470323031,0.0853664720856179,-0.16000000000000003,0.2519646289888504,4029611
289,18,ASSAM,HAILAKANDI,-0.07972318339100595,0.14769703960017982,0.16000000000001172,0.17279507881585102,86181.70640236458,0.05286441391876497,-0.17937716262975778,0.2679584775086506,1635070
709,18,ASSAM,HOJAI,-0.044844290657438016,0.17279507881582398,0.18608227604771577,0.19291041906959527,166577.95407268993,0.09219169512028014,-0.17937716262975778,0.24415224913494812,1811736
290,18,ASSAM,JORHAT,-0.05536332179930792,0.16000000000001122,0.17279507881585104,0.18608227604770822,175824.6284625625,0.07547264210240757,-0.186082276047674,0.24415224913494812,2335717
618,18,ASSAM,KAMRUP METRO,-0.04158400615148088,0.16000000000001355,0.17279507881585077,0.19291041906959214,101494.18626993058,0.08401352914846415,-0.15378700499807765,0.2599000384467512,1212134
291,18,ASSAM,KAMRUP RURAL,-0.032541330257592635,0.15378700499803602,0.17279507881585082,0.18608227604769748,364224.4547535614,0.09383945750150641,-0.16633602460592078,0.2679584775086506,3891403
292,18,ASSAM,KARBI ANGLONG,-0.1190926566705238,0.08421376393695597,0.13016532103035552,0.17279507881575895,35634.60544605345,0.003913601630030789,-0.2519646289888504,0.2364628988850442,9120022
293,18,ASSAM,KARIMGANJ,-0.05911572472126273,0.16633602460584432,0.17937716262980835,0.18608227604770833,178123.10863685724,0.0800661017285005,-0.16633602460592078,0.2599000384467512,2229526
294,18,ASSAM,KOKRAJHAR,-0.012056901191849123,0.13588619761629284,0.14769703960012215,0.15999999999997067,297148.98742523085,0.07675686761660672,-0.14173010380622836,0.2364628988850442,3879174
295,18,ASSAM,LAKHIMPUR,-0.01777777777777768,0.1417301038062503,0.1537870049980401,0.17279507881585007,330120.41397512594,0.08788229059432577,-0.17279507881584008,0.24415224913494812,3763908
706,18,ASSAM,MAJULI,0.02460592079969281,0.14173010380624712,0.16000000000001607,0.17937716262975203,158191.0776012417,0.09952358298632236,-0.08882737408688965,0.2519646289888504,1595085
296,18,ASSAM,MARIGAON,9.106139706304673E-4,0.15999999999997494,0.16633602460587477,0.1860822760476932,210556.45935544485,0.11197655827125515,-0.13016532103037293,0.2519646289888504,1884753
297,18,ASSAM,NAGAON,-0.017777777777777844,0.15378700499802528,0.16633602460588012,0.18608227604770072,299459.9220995158,0.0932849729309978,-0.17937716262975778,0.2679584775086506,3221993
298,18,ASSAM,NALBARI,0.032541330257592614,0.1599999999999919,0.17279507881585052,0.1793771626297823,146878.26919102808,0.11282172566430666,-0.07972318339100345,0.2679584775086506,1306375
300,18,ASSAM,SIBSAGAR,-0.01777777777777741,0.15999999999996678,0.1727950788158511,0.1793771626297953,191406.34227287254,0.09379822338553556,-0.13588619761630144,0.2519646289888504,2046198
301,18,ASSAM,SONITPUR,-0.04158400615148112,0.15378700499801537,0.17279507881583342,0.1860822760477023,319519.3220690167,0.08508846749955709,-0.186082276047674,0.2679584775086506,3761187
707,18,ASSAM,SOUTH SALMARA MANCACHAR,0.07535563244905964,0.16633602460592503,0.17937716262975156,0.19291041906958525,88733.46197619043,0.1276106334787417,-0.044844290657439445,0.2679584775086506,699403
302,18,ASSAM,TINSUKIA,-0.06299115724721126,0.10851211072666027,0.13016532103036868,0.1476970396001641,187822.80362021134,0.03915536146360634,-0.2069357939254133,0.2599000384467512,4805197
617,18,ASSAM,UDALGURI,9.074377730554426E-4,0.1727950788158303,0.1860822760477118,0.19291041906958187,259507.5028802127,0.10313403867124538,-0.14173010380622836,0.2519646289888504,2524545
710,18,ASSAM,WEST KARBI ANGLONG,-0.0797231833910089,0.10851211072665691,0.1301653210303562,0.16000000000001594,118423.06378281876,0.03107991313096036,-0.1929104190695886,0.2519646289888504,3818912
188,10,BIHAR,ARARIA,0.048227604767395814,0.14173010380627882,0.1476970396001391,0.16000000000001624,388597.826884488,0.11201421075112426,-0.07111111111111111,0.22145328719723184,3476505
611,10,BIHAR,ARWAL,0.03844675124951896,0.1301653210303313,0.13588619761634974,0.14173010380620757,78379.17998546959,0.09965824872590844,-0.05536332179930796,0.21413302575932336,790200
189,10,BIHAR,AURANGABAD,0.038446751249519816,0.1358861976163191,0.14173010380626233,0.1476970396001735,428551.3818591576,0.10544918867045874,-0.07535563244905807,0.24415224913494812,4071463
190,10,BIHAR,BANKA,0.05911572472126391,0.15378700499795228,0.16633602460586652,0.1727950788158507,471643.2901885454,0.12674074273674066,-0.05911572472126105,0.24415224913494812,3727975
191,10,BIHAR,BEGUSARAI,0.019930795847751235,0.11909265667053502,0.12456747404847227,0.1358861976163046,201739.0859292759,0.08483357349609798,-0.09356401384083046,0.21413302575932336,2385201
200,10,BIHAR,KAIMUR,0.019930795847751214,0.11909265667053578,0.12456747404847494,0.13588619761632947,362198.95843593904,0.08730591066700591,-0.08882737408688965,0.2679584775086506,4155971
192,10,BIHAR,BHAGALPUR,0.035432525951560566,0.14173010380628118,0.14769703960012437,0.160000000000005,339427.0497039231,0.10760226620096215,-0.0629911572472126,0.22145328719723184,3161985
193,10,BIHAR,BHOJPUR,0.029773164167627448,0.11909265667053823,0.12456747404847836,0.13588619761633022,269839.6059366327,0.09136730187257358,-0.07535563244905807,0.19986159169550174,2959033
194,10,BIHAR,BUXAR,0.019930795847750808,0.11374086889653294,0.11909265667053338,0.12456747404846874,177001.62230684707,0.08419686769825246,-0.09356401384083046,0.17937716262975778,2107650
195,10,BIHAR,DARBHANGA,0.03844675124952,0.12456747404848124,0.13588619761634482,0.14173010380622278,306798.8590933681,0.09811263917744086,-0.07111111111111111,0.21413302575932336,3135810
196,10,BIHAR,GAYA,0.017777777777778257,0.11909265667053699,0.12456747404847421,0.1301653210303448,514537.58306192415,0.08431072028524336,-0.11374086889657825,0.22145328719723184,6114662
197,10,BIHAR,GOPALGANJ,0.027128027681660026,0.10851211072666456,0.12456747404846177,0.14769703960016559,205544.0560941971,0.08102709457812628,-0.07111111111111111,0.22145328719723184,2543564
199,10,BIHAR,JAHANABAD,0.03543252595155843,0.1190926566705343,0.13016532103036793,0.13588619761629692,105549.48687634242,0.09135198545650021,-0.05911572472126105,0.19986159169550174,1159636
198,10,BIHAR,JAMUI,0.027128027681661088,0.1476970396001096,0.15999999999996758,0.1727950788158503,409327.668479056,0.10739483266362677,-0.09356401384083046,0.2599000384467512,3819342
201,10,BIHAR,KATIHAR,0.03254133025759339,0.13588619761626897,0.14769703960013214,0.15378700499804906,370492.4086953318,0.09841126820063173,-0.08421376393694734,0.22145328719723184,3773694
202,10,BIHAR,KHAGARIA,0.04158400615148102,0.12456747404848022,0.13588619761633428,0.1417301038062251,185532.33547402325,0.10054287012391648,-0.06698961937716265,0.19986159169550174,1851170
203,10,BIHAR,KISHANGANJ,0.044844290657439785,0.1476970396000902,0.15378700499802417,0.16633602460592506,274291.16781404446,0.11424032261458227,-0.05173394848135333,0.2288965782391388,2408235
204,10,BIHAR,LAKHISARAI,0.008858131487889321,0.13016532103032674,0.14769703960016783,0.16633602460587682,142061.4683656806,0.09439474365978419,-0.08882737408688965,0.21413302575932336,1509373
205,10,BIHAR,MADHEPURA,0.05911572472126385,0.14173010380627554,0.14769703960016936,0.15378700499807538,254811.9914565165,0.11372317934507423,-0.03543252595155709,0.22145328719723184,2247230
206,10,BIHAR,MADHUBANI,0.04484429065743898,0.14173010380629467,0.1476970396001371,0.15378700499806489,472535.70988884394,0.10833735789182268,-0.0629911572472126,0.22145328719723184,4370352
207,10,BIHAR,MUNGER,0.00449214163053863,0.14173010380629014,0.14769703960014724,0.15378700499806414,168097.96345124356,0.09654068822271042,-0.09356401384083046,0.24415224913494812,1746408
208,10,BIHAR,MUZAFFARPUR,0.019930795847751225,0.10851211072665642,0.11909265667052868,0.13016532103036663,305855.7683353606,0.07741714185734522,-0.09842368319876971,0.2069357939254133,3958875
209,10,BIHAR,NALANDA,0.027128027681660397,0.1245674740484776,0.1301653210303395,0.1417301038062338,265928.037020119,0.09101439920297649,-0.16000000000000003,0.1929104190695886,2929383
210,10,BIHAR,NAWADA,0.006847266215382864,0.12456747404848134,0.135886197616312,0.14173010380624543,273958.55408763664,0.08942050550758629,-0.13588619761630144,0.21413302575932336,3071041
211,10,BIHAR,PASHCHIMI CHAMPARAN,9.224268072215288E-4,0.12456747404842598,0.13588619761631335,0.1417301038062342,577107.6743946198,0.08809690969199963,-0.17279507881584008,0.2288965782391388,6560379
212,10,BIHAR,PATNA,0.02220684352172242,0.12456747404848038,0.1358861976163415,0.1476970396001689,358954.9063394778,0.09091793315842182,-0.1085121107266436,0.1929104190695886,3959090
213,10,BIHAR,PURBI CHAMPARAN,0.03543252595155802,0.12456747404848031,0.1301653210303267,0.14173010380622272,464945.4342308955,0.09378358889969318,-0.07972318339100345,0.2288965782391388,4966698
214,10,BIHAR,PURNIA,0.038446751249520635,0.13588619761629508,0.14173010380625836,0.15378700499807585,414585.16617965256,0.10358882807991984,-0.07535563244905807,0.2288965782391388,4010639
215,10,BIHAR,ROHTAS,0.027128027681660564,0.1245674740484712,0.1358861976163525,0.1417301038062211,459717.21364382317,0.0970706120360067,-0.1085121107266436,0.2364628988850442,4743839
216,10,BIHAR,SAHARSA,0.05911572472126413,0.14173010380627915,0.14769703960009717,0.15378700499802433,234621.03489870875,0.11347784850716429,-0.041584006151480196,0.2069357939254133,2073256
217,10,BIHAR,SAMASTIPUR,0.017777777777778447,0.10851211072667014,0.11909265667053043,0.12456747404846086,257556.20970185654,0.07775878796493585,-0.07972318339100345,0.19986159169550174,3321029
218,10,BIHAR,SARAN,0.013840830449826867,0.10340638216073604,0.11374086889658899,0.13016532103036974,233897.91488863772,0.07139570736995866,-0.09356401384083046,0.22145328719723184,3282541
219,10,BIHAR,SHEIKHPURA,0.048227604767396424,0.13016532103032713,0.13588619761633688,0.1417301038062192,87050.92691942376,0.10407498334029412,-0.06698961937716265,0.2069357939254133,840498
220,10,BIHAR,SHEOHAR,0.02712802768166134,0.10851211072665914,0.11374086889659982,0.12456747404844408,45943.89477735346,0.08297914291409819,-0.044844290657439445,0.186082276047674,556991
221,10,BIHAR,SITAMARHI,0.03254133025759261,0.12456747404848104,0.13016532103033096,0.13588619761633464,254633.170645117,0.09320545328235987,-0.07111111111111111,0.22145328719723184,2739355
222,10,BIHAR,SIWAN,0.02460592079969229,0.10340638216074247,0.11374086889660497,0.13016532103037923,212214.22294878645,0.07687607980019767,-0.06698961937716265,0.19986159169550174,2766570
223,10,BIHAR,SUPAUL,0.05173394848135113,0.14769703960010327,0.1537870049980187,0.16000000000000128,348246.3266998416,0.11561680506294483,-0.05536332179930796,0.24415224913494812,3018897
224,10,BIHAR,VAISHALI,0.004505541250213485,0.09842368319874849,0.1085121107266546,0.11909265667050659,160084.50047481756,0.06341073240089264,-0.08882737408688965,0.2288965782391388,2529599
044,04,CHANDIGARH,CHANDIGARH,-0.1663360246059216,8.966893854511452E-4,0.019930795847750822,0.04158400615148021,-9183.917959756654,-0.06174325378395929,-0.2599000384467512,0.14173010380622836,150026
646,22,CHHATTISGARH,BALOD,0.08882737408688658,0.19986159169568826,0.2069357939253752,0.21413302575923665,663892.2888237105,0.16502695584180882,-0.03844675124951941,0.2761399461745483,4030747
644,22,CHHATTISGARH,BALODA BAZAR,0.06299115724721138,0.1793771626296832,0.1860822760476017,0.19291041906954803,802184.6449060163,0.14313129841339228,-0.11374086889657825,0.2519646289888504,5614038
649,22,CHHATTISGARH,BALRAMPUR,0.02977316416762721,0.14173010380625892,0.14769703960013275,0.15999999999999703,781101.9589128565,0.10226947278779584,-0.11374086889657825,0.2519646289888504,7650578
374,22,CHHATTISGARH,BASTAR,0.06698961937716434,0.18608227604765926,0.1998615916954838,0.20693579392538167,943367.0096994274,0.1478139670282752,-0.09842368319876971,0.29287197231833906,6393305
650,22,CHHATTISGARH,BEMETARA,0.07972318339100638,0.17937716262975395,0.18608227604760783,0.19291041906955578,396119.8610606756,0.14725611624258553,-0.05173394848135333,0.28444444444444444,2697016
636,22,CHHATTISGARH,BIJAPUR,0.04158400615148113,0.18608227604764158,0.19986159169563958,0.20693579392537778,1538606.5474732867,0.14093560505043667,-0.14173010380622836,0.29287197231833906,10931393
375,22,CHHATTISGARH,BILASPUR,0.05536332179930777,0.16633602460579883,0.1727950788157811,0.1860822760477086,551324.4287748456,0.12901514548715698,-0.07535563244905807,0.24415224913494812,4282196
734,22,CHHATTISGARH,GAURELA-PENDRA-MARWAHI,0.03543252595155784,0.14769703960014888,0.15378700499802592,0.16633602460589852,256748.36063272378,0.10631542003249062,-0.10340638216070744,0.24415224913494812,2420209
376,22,CHHATTISGARH,DAKSHIN BASTAR DANTEWADA,0.017777777777778257,0.1793771626298295,0.1860822760476746,0.19986159169548554,434650.8388180886,0.13061730398187674,-0.13016532103037293,0.2761399461745483,3336766
377,22,CHHATTISGARH,DHAMTARI,0.07111111111111561,0.1727950788157147,0.17937716262982967,0.19291041906959117,660303.2168907664,0.1354604231281904,-0.09356401384083046,0.2599000384467512,4882863
378,22,CHHATTISGARH,DURG,0.09356401384082491,0.19986159169550946,0.20693579392537642,0.21413302575928822,452758.4468311985,0.16453413242807174,-0.04822760476739715,0.2679584775086506,2758101
645,22,CHHATTISGARH,GARIYABAND,0.059115724721264015,0.1727950788157281,0.18608227604762959,0.1998615916954835,759718.9655766244,0.13157387419607341,-0.09356401384083046,0.3014225297962323,5784384
379,22,CHHATTISGARH,JANJGIR - CHAMPA,0.06698961937716293,0.17279507881578446,0.17937716262981793,0.18608227604767855,738194.5784254654,0.1366272962248302,-0.06698961937716265,0.2599000384467512,5413703
380,22,CHHATTISGARH,JASHPUR,0.03543252595155894,0.1599999999999354,0.17279507881579004,0.17937716262980738,828868.6154846716,0.11699270781889154,-0.09356401384083046,0.2599000384467512,7094864
382,22,CHHATTISGARH,KABIRDHAM,0.07111111111111557,0.17937716262961947,0.1860822760477022,0.19986159169548534,737228.5452168683,0.14583648758767115,-0.03543252595155709,0.28444444444444444,5063228
381,22,CHHATTISGARH,UTTAR BASTAR KANKER,0.07111111111111615,0.1860822760476406,0.1929104190695267,0.1998615916954834,1246080.9249558127,0.14568197431978236,-0.07972318339100345,0.29287197231833906,8566278
643,22,CHHATTISGARH,KONDAGAON,0.07535563244905341,0.17937716262983375,0.186082276047689,0.19291041906958664,852253.5659883842,0.14143514196171406,-0.0629911572472126,0.29287197231833906,6035251
383,22,CHHATTISGARH,KORBA,0.03254133025759346,0.15378700499797396,0.15999999999994238,0.17279507881575248,878002.1401406211,0.11009670163072591,-0.10340638216070744,0.2519646289888504,7984432
384,22,CHHATTISGARH,KOREA,0.027128027681660637,0.14173010380627601,0.15378700499802778,0.15999999999999,819099.9008586308,0.10195144796120953,-0.12456747404844293,0.2519646289888504,8044955
385,22,CHHATTISGARH,MAHASAMUND,0.06299115724721126,0.1663360246058127,0.1727950788157774,0.18608227604770894,728619.6137562185,0.1280260666217056,-0.08882737408688965,0.2519646289888504,5701522
647,22,CHHATTISGARH,MUNGELI,0.05173394848135311,0.17279507881567766,0.17937716262982398,0.18608227604770858,441318.49361978,0.1317671986817337,-0.06698961937716265,0.24415224913494812,3357558
637,22,CHHATTISGARH,NARAINPUR,0.04484429065743798,0.15999999999996078,0.1727950788158505,0.1860822760476991,558961.4212962344,0.12088978234629236,-0.09842368319876971,0.2679584775086506,4632332
386,22,CHHATTISGARH,RAIGARH,0.0553633217993048,0.1860822760476876,0.19986159169560977,0.2141330257593068,1169839.865878806,0.1378045264037129,-0.09356401384083046,0.29287197231833906,8502955
387,22,CHHATTISGARH,RAIPUR,0.07972318339100402,0.18608227604771205,0.1929104190695278,0.20693579392538722,537825.1141557011,0.15452947388179442,-0.07535563244905807,0.2761399461745483,3486230
388,22,CHHATTISGARH,RAJ NANDGAON,0.08421376393694903,0.19291041906957862,0.19986159169561996,0.2069357939253789,1539865.7045450984,0.15946765220192416,-0.05911572472126105,0.29287197231833906,9670842
642,22,CHHATTISGARH,SUKMA,0.055363321799310215,0.179377162629716,0.1929104190695286,0.19986159169548356,895116.2046629632,0.13886931371211522,-0.09356401384083046,0.2761399461745483,6458280
648,22,CHHATTISGARH,SURAJPUR,0.029773164167627604,0.14173010380627768,0.1476970396001675,0.1600000000000169,683410.5995301505,0.10300104057422722,-0.12456747404844293,0.24415224913494812,6646511
389,22,CHHATTISGARH,SURGUJA,0.03254133025759255,0.15378700499798317,0.15999999999997294,0.17279507881585035,538463.6654226386,0.11090198676947473,-0.09842368319876971,0.2599000384467512,4864080
463,38,DADRA & NAGAR HAVELI & DAMAN & DIU,DAMAN,0.03543252595155659,0.24415224913495248,0.25196462898884553,0.26795847750865015,14505.056176098942,0.17031128519524905,-0.017777777777777778,0.3278123798539023,86148
464,38,DADRA & NAGAR HAVELI & DAMAN & DIU,DIU,0.017777777777777764,0.22145328719723098,0.2364628988850453,0.24415224913494615,6634.601952370862,0.14368412233130654,-0.07972318339100345,0.3278123798539023,47012
465,38,DADRA & NAGAR HAVELI & DAMAN & DIU,DADRA & NAGAR HAVELI,0.09842368319877053,0.2441522491349453,0.25196462898884453,0.26795847750864576,120042.62565307174,0.2058270320282059,-0.07111111111111111,0.3278123798539023,587628
077,07,DELHI,CENTRAL,-0.09842368319876914,0.044844290657438245,0.059115724721261434,0.07535563244905888,-1245.37847313617,-0.009201914153904091,-0.21413302575932336,0.14769703960015382,137139
078,07,DELHI,EAST,-0.11909265667051118,0.01384083044982709,0.029773164167627736,0.0482276047673971,-1325.5305589554885,-0.03312576386946237,-0.21413302575932336,0.1085121107266436,40526
079,07,DELHI,NEW DELHI,-0.11374086889657932,0.03844675124952021,0.051733948481354805,0.06299115724721162,-2620.1857459953085,-0.013175150812912956,-0.22145328719723184,0.13016532103037293,200534
080,07,DELHI,NORTH,-0.09842368319877048,0.02977316416762739,0.041584006151480994,0.05536332179930744,-4949.788135663515,-0.013335058394411122,-0.2069357939254133,0.12456747404844293,373407
081,07,DELHI,NORTH EAST,-0.0797231833910033,0.05911572472126156,0.07535563244905782,0.08882737408688966,182.03050108932229,0.004058714607532026,-0.14769703960015382,0.13016532103037293,45774
082,07,DELHI,NORTH WEST,-0.08882737408688968,0.03543252595155691,0.04822760476739762,0.05911572472126113,-1056.744646327589,-0.00541010443819956,-0.19986159169550174,0.13588619761630144,197251
671,07,DELHI,SHAHADRA,-0.10851211072664337,0.048227604767397285,0.06698961937716276,0.08421376393694743,-603.0292988367489,-0.013775362555173655,-0.2069357939254133,0.12456747404844293,44424
083,07,DELHI,SOUTH,-0.1085121107266454,0.048227604767393975,0.059115724721263106,0.07111111111110956,-1331.565322417529,-0.006586222109306533,-0.2364628988850442,0.12456747404844293,203572
084,07,DELHI,SOUTH WEST,-0.09356401384083152,0.02977316416762806,0.038446751249518775,0.05173394848135304,-4628.316373762687,-0.012863860378282908,-0.19986159169550174,0.12456747404844293,362148
085,07,DELHI,WEST,-0.10340638216070737,0.03844675124951926,0.05536332179930667,0.07111111111110975,-2160.5096754642695,-0.01292609914183225,-0.21413302575932336,0.13588619761630144,168657
670,07,DELHI,SOUTH EAST,-0.11909265667051125,0.03254133025759347,0.04484429065743931,0.05911572472126103,-2941.9470329812843,-0.022828231948525516,-0.22145328719723184,0.13016532103037293,130060
551,30,GOA,NORTH GOA,0.06299115724721134,0.251964628988957,0.2679584775086925,0.28444444444446887,392435.63619317085,0.19410469241484463,-0.07111111111111111,0.40359861591695495,2026943
552,30,GOA,SOUTH GOA,0.06299115724721142,0.24415224913508599,0.2599000384467726,0.2761399461745331,430188.59407136764,0.1901182151160572,-0.07111111111111111,0.3839138792772011,2268792
673,24,GUJARAT,MORBI,0.019930795847751103,0.199861591695641,0.20693579392537445,0.2214532871972528,873088.4060116386,0.14469088298313126,-0.16633602460592078,0.29287197231833906,6044416
438,24,GUJARAT,AHMADABAD,0.029773164167628336,0.19986159169575815,0.21413302575935772,0.22145328719721347,1261547.8636524573,0.14388040312316153,-0.14173010380622836,0.29287197231833906,8784863
440,24,GUJARAT,ANAND,0.027128027681662673,0.17279507881574224,0.18608227604764038,0.19986159169548467,468189.560918409,0.12209786274323607,-0.12456747404844293,0.31009611687812383,3842291
674,24,GUJARAT,DEVBHUMI DWARKA,0.019930795847751023,0.21413302575935803,0.2288965782391057,0.24415224913495373,810131.5922707936,0.1616355871779115,-0.16000000000000003,0.31009611687812383,5023982
447,24,GUJARAT,JAMNAGAR,0.04158400615148092,0.2069357939253741,0.2141330257592335,0.22889657823911846,1119408.3504910234,0.15678264674040698,-0.15378700499807765,0.31009611687812383,7153837
449,24,GUJARAT,KACHCHH,-0.051733948481345784,0.18608227604765032,0.19986159169551992,0.2141330257592502,4974204.5793141695,0.10030117575447363,-0.2364628988850442,0.3278123798539023,49630741
443,24,GUJARAT,BHAVNAGAR,0.03543252595155939,0.22889657823908757,0.2364628988851007,0.2519646289889369,1434916.6400958467,0.1767052475460395,-0.13588619761630144,0.3278123798539023,8129986
442,24,GUJARAT,BHARUCH,0.05911572472126333,0.22889657823908463,0.2441522491350424,0.25196462898884864,1108667.4243324685,0.1870463098901389,-0.14173010380622836,0.3553094963475586,5942322
459,24,GUJARAT,SURAT,0.08421376393694556,0.2441522491351283,0.25196462898897337,0.259900038446802,1042522.3754649324,0.20076777336703644,-0.08421376393694734,0.34602076124567477,5202601
453,24,GUJARAT,NAVSARI,0.10340638216070684,0.25196462898904065,0.2599000384467999,0.2679584775086881,552789.4740845013,0.2098758998111415,-0.019930795847750864,0.34602076124567477,2640202
462,24,GUJARAT,VALSAD,0.10340638216070795,0.2441522491351437,0.25196462898903244,0.26795847750868546,725197.1749181268,0.20634674449174717,-0.0629911572472126,0.3839138792772011,3524114
672,24,GUJARAT,ARAVALLI,0.05173394848135132,0.16633602460579883,0.17937716262981923,0.19291041906959566,492631.27982449543,0.12846521943732836,-0.11374086889657825,0.2761399461745483,3843076
441,24,GUJARAT,BANAS KANTHA,-0.004479426206834904,0.1301653210303277,0.14769703960016717,0.16633602460590297,1056205.5411921232,0.08013707749153758,-0.19986159169550174,0.29287197231833906,13197838
668,24,GUJARAT,CHHOTA UDEPUR,0.07535563244905484,0.2069357939253734,0.22145328719728258,0.22889657823909879,679920.5773361637,0.16306663169114172,-0.1085121107266436,0.3188927335640138,4179280
445,24,GUJARAT,DAHOD,0.06299115724721126,0.18608227604766253,0.1998615916954832,0.21413302575927234,629564.4888459553,0.14266969795501191,-0.10340638216070744,0.29287197231833906,4420485
444,24,GUJARAT,DANGS,0.12456747404844182,0.22889657823908674,0.23646289888504193,0.24415224913497696,407454.2176829553,0.19311790270470533,-0.08421376393694734,0.3278123798539023,2115144
675,24,GUJARAT,GIR SOMNATH,0.06299115724721141,0.23646289888512398,0.24415224913506176,0.251964628988937,587486.5133362788,0.18583428859560586,-0.10340638216070744,0.3839138792772011,3168667
448,24,GUJARAT,JUNAGADH,0.07535563244905058,0.22145328719724783,0.23646289888503977,0.24415224913496922,1332274.902068037,0.18083381772658064,-0.11374086889657825,0.3839138792772011,7380122
669,24,GUJARAT,MAHISAGAR,0.044844290657438085,0.17279507881578873,0.17937716262981432,0.19291041906959328,390159.3131139107,0.127931753085659,-0.11909265667051133,0.2679584775086506,3057162
452,24,GUJARAT,NARMADA,0.055363321799309084,0.22889657823909149,0.2364628988850703,0.24415224913500358,597576.372761714,0.17640243577493417,-0.10340638216070744,0.3188927335640138,3395262
454,24,GUJARAT,PANCH MAHALS,0.0629911572472113,0.18608227604764027,0.19291041906953416,0.20693579392538408,580896.4585574975,0.14617475816646952,-0.08882737408688965,0.31009611687812383,3982812
458,24,GUJARAT,SABAR KANTHA,0.032541330257592815,0.15378700499797854,0.16633602460585745,0.17937716262977707,592327.3682215305,0.11443079738007679,-0.13588619761630144,0.2761399461745483,5187838
641,24,GUJARAT,TAPI,0.038446751249521814,0.24415224913513991,0.2519646289889812,0.2599000384467375,698905.4858878319,0.18582661791614838,-0.05911572472126105,0.3278123798539023,3771978
461,24,GUJARAT,VADODARA,0.06299115724721134,0.19986159169563064,0.206935793925376,0.22145328719721732,766506.3964161674,0.1552504556950941,-0.13588619761630144,0.29287197231833906,4946678
439,24,GUJARAT,AMRELI,0.07972318339100412,0.2364628988851319,0.24415224913510575,0.25990003844675624,1666409.4682601898,0.18990972545571147,-0.12456747404844293,0.3188927335640138,8788427
456,24,GUJARAT,PORBANDAR,0.037004386608420044,0.2288965782390997,0.2441522491350833,0.25990003844677745,465847.6428795067,0.16756814811300308,-0.14769703960015382,0.36472126105344094,2788240
457,24,GUJARAT,RAJKOT,0.055363321799307405,0.21413302575925364,0.22889657823909879,0.23646289888499927,1542229.5355094231,0.1665303228577575,-0.13016532103037293,0.3014225297962323,9279397
460,24,GUJARAT,SURENDRANAGAR,0.05173394848135283,0.19291041906951395,0.206935793925377,0.21413302575925017,1627549.1137847193,0.14652173575238575,-0.13588619761630144,0.31009611687812383,11127032
676,24,GUJARAT,BOTAD,0.07111111111111067,0.21413302575921722,0.22145328719720622,0.23646289888505853,501484.13499895186,0.16783043270757647,-0.11909265667051133,0.29287197231833906,2995174
450,24,GUJARAT,KHEDA,0.04822760476739493,0.1727950788158074,0.1793771626298128,0.1929104190695882,525493.5484415547,0.12605161864254,-0.10340638216070744,0.2761399461745483,4177913
451,24,GUJARAT,MAHESANA,0.03543252595155786,0.153787004997993,0.15999999999998,0.1727950788158504,609291.3534324797,0.11321635009323777,-0.16000000000000003,0.2679584775086506,5393193
446,24,GUJARAT,GANDHINAGAR,0.04158400615148101,0.15999999999995304,0.16633602460585611,0.17937716262978046,311134.59968607133,0.12177298553546559,-0.12456747404844293,0.2364628988850442,2563098
455,24,GUJARAT,PATAN,0.024605920799692933,0.16633602460581856,0.17279507881579528,0.18608227604770963,802551.1314871552,0.11374280501770273,-0.13588619761630144,0.2761399461745483,7069966
058,06,HARYANA,AMBALA,-0.08421376393694442,0.035432525951554515,0.04484429065744466,0.05536332179930955,-5727.963884538224,-0.002929079716665755,-0.22145328719723184,0.17279507881584008,1963507
059,06,HARYANA,BHIWANI,-0.08421376393694507,0.00679901891187212,0.01777777777777876,0.03543252595155804,-98376.37131917922,-0.023495107407173997,-0.21413302575932336,0.16000000000000003,4194676
060,06,HARYANA,FARIDABAD,-0.08882737408688232,0.03543252595156106,0.04484429065743782,0.05911572472126354,-6849.232260168397,-0.007270153536933272,-0.2069357939254133,0.15378700499807765,945230
061,06,HARYANA,FATEHABAD,-0.07972318339100776,0.038446751249506694,0.0448442906574537,0.05536332179930082,-10969.463488743193,-0.003385581510109113,-0.22145328719723184,0.14769703960015382,3246738
062,06,HARYANA,GURUGRAM,-0.10340638216070278,0.032541330257590914,0.04484429065744227,0.05911572472126451,-20798.285920931412,-0.013130504790425943,-0.2519646289888504,0.15378700499807765,1589083
063,06,HARYANA,HISAR,-0.08882737408688791,0.010396001537868306,0.01993079584775306,0.03254133025759226,-117725.73211016705,-0.022615669525597033,-0.2288965782391388,0.14173010380622836,5213950
064,06,HARYANA,JHAJJAR,-0.0711111111111127,0.032541330257585405,0.041584006151481286,0.051733948481350586,-1754.8764695289822,-7.43185678002905E-4,-0.2288965782391388,0.13588619761630144,2367667
065,06,HARYANA,JIND,-0.0753556324490541,0.02220684352172087,0.02977316416763019,0.04158400615148114,-29622.544252487456,-0.008474184160875631,-0.1929104190695886,0.15378700499807765,3503951
066,06,HARYANA,KAITHAL,-0.07972318339100612,0.038446751249500234,0.04484429065745518,0.05536332179930497,6059.62788297136,0.002073557616490567,-0.2069357939254133,0.16633602460592078,2929802
067,06,HARYANA,KARNAL,-0.06299115724721131,0.044844290657455634,0.051733948481345146,0.059115724721251296,36791.645775883066,0.011571369094877224,-0.19986159169550174,0.16633602460592078,3186602
068,06,HARYANA,KURUKSHETRA,-0.07535563244905609,0.04484429065745627,0.05173394848134503,0.0629911572472112,16437.739805560224,0.007614583720332147,-0.2069357939254133,0.17937716262975778,2164099
069,06,HARYANA,MAHENDRAGARH,-0.07535563244905885,0.024605920799692177,0.04158400615148117,0.06299115724721134,-25825.27256369757,-0.010552228824073888,-0.19986159169550174,0.2069357939254133,2455293
604,06,HARYANA,MEWAT,-0.05911572472126302,0.04484429065744948,0.05536332179930736,0.0669896193771612,17792.79470223886,0.009298748948844889,-0.2599000384467512,0.17937716262975778,1920287
619,06,HARYANA,PALWAL,-0.0669896193771639,0.035432525951554376,0.044844290657445766,0.05173394848134912,5188.897210026891,0.003019583539577197,-0.19986159169550174,0.13016532103037293,1723336
070,06,HARYANA,PANCHKULA,-0.10340638216070652,0.059115724721264924,0.07972318339100473,0.1034063821607062,-177.46611194746606,-1.5546665747872553E-4,-0.2599000384467512,0.22145328719723184,1145979
071,06,HARYANA,PANIPAT,-0.06698961937716327,0.032541330257589846,0.041584006151481216,0.05173394848135272,3837.123075739938,0.002302509638683975,-0.22145328719723184,0.16000000000000003,1670732
072,06,HARYANA,REWARI,-0.07972318339100767,0.01777777777777956,0.02712802768166253,0.041584006151481036,-26123.910302525954,-0.013285749061417575,-0.2069357939254133,0.16633602460592078,1972079
073,06,HARYANA,ROHTAK,-0.07972318339100619,0.022206843521717805,0.03254133025759141,0.044844290657438245,-23154.200555283456,-0.01089196776287434,-0.2069357939254133,0.15378700499807765,2130843
074,06,HARYANA,SIRSA,-0.10851211072664696,8.928701208777149E-4,0.008858131487889994,0.017777777777779016,-196649.33443627617,-0.035890444698878796,-0.24415224913494812,0.12456747404844293,5487960
075,06,HARYANA,SONIPAT,-0.07111111111111441,0.02977316416763249,0.0384467512495209,0.048227604767395536,-837.8330221664348,-3.013031590916077E-4,-0.21413302575932336,0.14769703960015382,2786505
076,06,HARYANA,YAMUNANAGAR,-0.07972318339100747,0.04158400615147784,0.0553633217993068,0.07535563244905452,5320.394738311986,0.002396590628236363,-0.2069357939254133,0.21413302575932336,2225647
701,06,HARYANA,CHARKHI DADRI,-0.08421376393694704,0.012056901191849425,0.019930795847752193,0.03254133025759276,-35003.923666427276,-0.019926934892568266,-0.2519646289888504,0.16633602460592078,1761774
015,02,HIMACHAL PRADESH,BILASPUR,-0.09356401384082673,0.06698961937716745,0.08882737408688318,0.11374086889657607,325.92317681754116,2.1415055098137912E-4,-0.22145328719723184,0.24415224913494812,1527049
016,02,HIMACHAL PRADESH,CHAMBA,-0.1793771626297681,0.044844290657448015,0.07111111111111862,0.10340638216071998,-441450.1602528511,-0.05119573987949768,-0.3553094963475586,0.3278123798539023,8634536
017,02,HIMACHAL PRADESH,HAMIRPUR,-0.10340638216070479,0.09842368319877334,0.12456747404845303,0.14769703960015482,13511.729050692378,0.009250864090648923,-0.2364628988850442,0.2679584775086506,1464411
018,02,HIMACHAL PRADESH,KANGRA,-0.15999999999998782,0.06299115724721477,0.08882737408688442,0.1137408688965739,-141048.02354401373,-0.018672603977860067,-0.31009611687812383,0.2599000384467512,7565612
020,02,HIMACHAL PRADESH,KULLU,-0.18608227604770142,0.021074777479192997,0.041584006151481244,0.06299115724721122,-477253.22558185924,-0.06626123078769097,-0.31009611687812383,0.2288965782391388,7211360
022,02,HIMACHAL PRADESH,MANDI,-0.1358861976163014,0.07535563244904782,0.0984236831987697,0.12456747404844189,-28232.41505893533,-0.005460279357378712,-0.31009611687812383,0.2599000384467512,5177402
023,02,HIMACHAL PRADESH,SHIMLA,-0.1663360246059249,0.05911572472125328,0.08421376393695396,0.10340638216071525,-192642.58301880583,-0.02884590259277999,-0.34602076124567477,0.24415224913494812,6689722
024,02,HIMACHAL PRADESH,SIRMAUR,-0.10340638216070587,0.07972318339101503,0.09842368319876979,0.11909265667050661,30200.30055118509,0.008243926505277933,-0.2519646289888504,0.2519646289888504,3670428
025,02,HIMACHAL PRADESH,SOLAN,-0.10851211072664213,0.08421376393695333,0.10340638216071715,0.13016532103036887,13514.953343733006,0.005366442976633872,-0.2761399461745483,0.2519646289888504,2524974
026,02,HIMACHAL PRADESH,UNA,-0.10851211072664962,0.06698961937716871,0.08882737408688483,0.11374086889657499,-10134.392579633775,-0.0050230643360009855,-0.2519646289888504,0.22145328719723184,2022495
019,02,HIMACHAL PRADESH,KINNAUR,-0.1998615916954882,-0.021133752234607298,-0.0017485742255946698,0.025835862783333316,-783226.1026036137,-0.0920514178738884,-0.36472126105344094,0.17937716262975778,8518904
021,02,HIMACHAL PRADESH,LAHUL & SPITI,-0.20693579392538372,-0.06698961937717422,-0.05173394848134719,-0.0325413302575923,-2292309.8232222726,-0.12433982744832844,-0.33685505574778934,0.10340638216070744,18455211
,01,JAMMU & KASHMIR,MIRPUR,-0.11374086889657525,0.0711111111111176,0.09842368319876893,0.12456747404844172,-17166.225304965224,-0.003555498561688221,-0.24415224913494812,0.2519646289888504,4837249
,01,JAMMU & KASHMIR,MUZAFFARABAD,-0.1793771626297549,0.02587551020903387,0.051733948481347235,0.07535563244904948,-419351.0689903889,-0.06455635769049953,-0.34602076124567477,0.2288965782391388,6508506
010,01,JAMMU & KASHMIR,PUNCH,-0.1793771626297576,0.05911572472126447,0.08421376393694795,0.11374086889657518,-212121.7464064552,-0.037267952482118255,-0.3553094963475586,0.2599000384467512,5700333
001,01,JAMMU & KASHMIR,ANANTNAG,-0.20693579392540168,0.025890690485655173,0.055363321799308994,0.08421376393694846,-290016.56644085835,-0.07925635822132249,-0.3839138792772011,0.21413302575932336,3666744
003,01,JAMMU & KASHMIR,BARAMULA,-0.20693579392539335,0.029773164167628645,0.05536332179930743,0.08421376393694692,-197505.24797780998,-0.0711100478532902,-0.37425605536332185,0.2288965782391388,2783290
007,01,JAMMU & KASHMIR,KATHUA,-0.1358861976163015,0.06698961937717157,0.09356401384082241,0.11909265667051203,-14507.237072912518,-0.004385167297728452,-0.3188927335640138,0.28444444444444444,3314635
014,01,JAMMU & KASHMIR,UDHAMPUR,-0.17937716262975176,0.0711111111111179,0.09842368319876728,0.11909265667050772,-71770.12992419946,-0.023707013359883244,-0.3553094963475586,0.24415224913494812,3033474
002,01,JAMMU & KASHMIR,BADGAM,-0.21413302575933174,0.001691747783916706,0.03254133025759176,0.06299115724721133,-138838.106804002,-0.08270712640236996,-0.33685505574778934,0.21413302575932336,1682823
623,01,JAMMU & KASHMIR,BANDIPURA,-0.18608227604770472,-0.012997287472704493,0.009645451708235636,0.03689527645721381,-470128.1569493371,-0.08589429804128995,-0.34602076124567477,0.17937716262975778,5482179
626,01,JAMMU & KASHMIR,GANDERBAL,-0.19291041906957454,0.01296236216625004,0.03690706807889916,0.06299115724721134,-161925.78349294158,-0.07410092429030363,-0.33685505574778934,0.2069357939254133,2192068
622,01,JAMMU & KASHMIR,KULGAM,-0.22889657823913526,-0.04158400615148111,-0.005834323862912315,0.032541330257593676,-206772.1481795361,-0.12212377712414886,-0.3839138792772011,0.17937716262975778,1698369
008,01,JAMMU & KASHMIR,KUPWARA,-0.19986159169549053,0.05173394848134849,0.07535563244904635,0.09842368319877037,-209465.16788418216,-0.056436564028713596,-0.36472126105344094,0.2069357939254133,3717596
011,01,JAMMU & KASHMIR,PULWAMA,-0.18608227604768462,0.005757013187545919,0.0369374739566844,0.06698961937716356,-91537.00332740453,-0.07599549759946299,-0.31009611687812383,0.2288965782391388,1208381
012,01,JAMMU & KASHMIR,RAJAURI,-0.14173010380623818,0.08882737408688463,0.11909265667051686,0.14173010380623952,-677.5036400817711,-1.927682341223629E-4,-0.31009611687812383,0.24415224913494812,3521026
621,01,JAMMU & KASHMIR,RAMBAN,-0.1793771626297523,0.05911572472126479,0.08421376393694273,0.10851211072664192,-64118.056910462845,-0.03730610557853367,-0.36472126105344094,0.2288965782391388,1722238
627,01,JAMMU & KASHMIR,RIASI,-0.17279507881584943,0.07111111111111842,0.09356401384082288,0.11909265667051336,-53337.55099590212,-0.020706829247865113,-0.34602076124567477,0.2679584775086506,2582725
625,01,JAMMU & KASHMIR,SHUPIYAN,-0.22145328719723498,-0.0259304576021769,0.016757353787997798,0.06299115724721195,-73115.92631032356,-0.10790505521316791,-0.3188927335640138,0.19986159169550174,681043
013,01,JAMMU & KASHMIR,SRINAGAR,-0.1727950788158414,-0.005883257592994721,0.009610878947560294,0.025783430657295204,-25512.791943971977,-0.06738472185081612,-0.3553094963475586,0.17279507881584008,381957
620,01,JAMMU & KASHMIR,KISHTWAR,-0.19291041906959047,-0.0017385549487978092,0.02586572838835887,0.05536332179930525,-919425.7492837985,-0.08411825452293517,-0.33685505574778934,0.19986159169550174,10942149
004,01,JAMMU & KASHMIR,DODA,-0.192910419069578,0.05536332179930333,0.07972318339101349,0.09842368319877058,-129246.58875580852,-0.04033398671055679,-0.3553094963475586,0.24415224913494812,3210495
624,01,JAMMU & KASHMIR,SAMBA,-0.12456747404843835,0.05173394848134938,0.07111111111111473,0.09842368319877073,-13319.924797308544,-0.010849829923703048,-0.2519646289888504,0.24415224913494812,1231705
005,01,JAMMU & KASHMIR,JAMMU,-0.14173010380623,0.04484429065744156,0.0669896193771649,0.09842368319876857,-62245.91039015559,-0.019469164699627603,-0.28444444444444444,0.2519646289888504,3204791
322,20,JHARKHAND,BOKARO,0.02977316416762754,0.15999999999992945,0.17279507881581158,0.179377162629807,414749.2909478702,0.1181725007648753,-0.10340638216070744,0.2599000384467512,3518062
323,20,JHARKHAND,CHATRA,0.006845614468244905,0.11909265667053444,0.13016532103034673,0.14173010380623194,377176.98058436194,0.08101082878489037,-0.14173010380622836,0.2519646289888504,4666877
325,20,JHARKHAND,DHANBAD,0.048227604767394884,0.17279507881579892,0.1793771626298188,0.19291041906959322,332810.9129865559,0.13385046037514498,-0.08421376393694734,0.2599000384467512,2490976
324,20,JHARKHAND,DEOGHAR,0.07111111111111428,0.1663360246058211,0.1727950788158515,0.18608227604769914,400187.7203597182,0.13143874825921406,-0.07111111111111111,0.2679584775086506,3050828
326,20,JHARKHAND,DUMKA,0.04822760476739428,0.166336024605818,0.17279507881582093,0.18608227604770666,578727.0084169849,0.12565445761263566,-0.08882737408688965,0.28444444444444444,4613615
328,20,JHARKHAND,GARHWA,0.02220684352172158,0.1301653210303205,0.141730103806244,0.14769703960017264,465699.1857499628,0.09284874874911914,-0.11374086889657825,0.2364628988850442,5023969
329,20,JHARKHAND,GIRIDIH,0.02712802768166067,0.15999999999994066,0.17279507881580472,0.18608227604770597,711706.2954216308,0.1170851928649299,-0.13588619761630144,0.2679584775086506,6087886
330,20,JHARKHAND,GODDA,0.03543252595155923,0.14769703960012223,0.15378700499802533,0.16000000000001025,308165.22215317877,0.1097473124792523,-0.09842368319876971,0.24415224913494812,2814180
331,20,JHARKHAND,GUMLA,0.008858131487889305,0.1245674740484798,0.13588619761634066,0.14769703960016725,548295.530301574,0.08428762194515405,-0.1085121107266436,0.24415224913494812,6516036
332,20,JHARKHAND,HAZARIBAGH,0.006844569753051088,0.13016532103033057,0.14173010380622142,0.15378700499808715,438433.893389174,0.08269321636855838,-0.11909265667051133,0.2599000384467512,5315097
333,20,JHARKHAND,JAMTARA,0.07111111111111545,0.16633602460580632,0.17279507881584003,0.18608227604769909,296009.56931075786,0.13406144848538837,-0.022206843521722412,0.2679584775086506,2214404
606,20,JHARKHAND,KHUNTI,-0.0271280276816607,0.11374086889655692,0.12456747404847066,0.13588619761632206,204437.88810781136,0.0639516213803356,-0.17279507881584008,0.2288965782391388,3204257
334,20,JHARKHAND,KODARMA,0.010396001537870205,0.1301653210303403,0.1417301038062133,0.15378700499808293,171061.63171254896,0.0851161500008001,-0.11909265667051133,0.2288965782391388,2016064
335,20,JHARKHAND,LATEHAR,0.02460592079969231,0.1417301038062658,0.15378700499806144,0.16633602460592511,535958.7178038403,0.1036199272828828,-0.10340638216070744,0.2599000384467512,5182155
336,20,JHARKHAND,LOHARDAGA,-0.002648101162929734,0.12456747404847902,0.13016532103032505,0.1417301038062245,145495.3080698054,0.07936233470369171,-0.12456747404844293,0.2288965782391388,1838361
337,20,JHARKHAND,PAKUR,0.05536332179930921,0.18608227604763586,0.19291041906954642,0.20693579392539385,325144.48817897047,0.14714045861164177,-0.05911572472126105,0.28444444444444444,2216228
338,20,JHARKHAND,PALAMU,0.024605920799691674,0.13016532103032474,0.13588619761630283,0.14769703960017255,497554.7714514496,0.09200672228485275,-0.08421376393694734,0.2288965782391388,5416996
343,20,JHARKHAND,WEST SINGHBHUM,-0.019930795847751443,0.14769703960008476,0.15999999999994988,0.17279507881585088,700383.432300969,0.08028398366545773,-0.17279507881584008,0.2599000384467512,8734513
327,20,JHARKHAND,EAST SINGHBHUM,0.027128027681661903,0.1727950788156925,0.18608227604763655,0.199861591695485,542618.1230894345,0.1262358532220037,-0.1085121107266436,0.28444444444444444,4306723
607,20,JHARKHAND,RAMGARH,0.015747789311802984,0.15378700499800885,0.1663360246058927,0.17937716262977219,187310.79415373152,0.11027301629516591,-0.16000000000000003,0.2519646289888504,1705200
339,20,JHARKHAND,RANCHI,-0.0026386975009697823,0.13016532103032563,0.14173010380626835,0.15378700499802803,506244.31495035754,0.08353151605887214,-0.14769703960015382,0.2519646289888504,6072574
340,20,JHARKHAND,SAHIBGANJ,0.01993079584775238,0.16633602460580327,0.17279507881579734,0.1860822760477106,313536.59225048893,0.11618872436949924,-0.09356401384083046,0.2761399461745483,2704649
341,20,JHARKHAND,SARAIKELA-KHARSAWAN,-0.004474417781983614,0.1860822760475958,0.19986159169548284,0.21413302575925958,420657.71861608466,0.13057962923765554,-0.14173010380622836,0.28444444444444444,3228630
342,20,JHARKHAND,SIMDEGA,0.012056901191848676,0.13588619761628623,0.14769703960013492,0.16000000000000572,420739.0736029633,0.09210511174245926,-0.11374086889657825,0.2288965782391388,4575865
524,29,KARNATAKA,BAGALKOT,0.08882737408687126,0.22145328719728777,0.2364628988850316,0.2441522491349426,1406694.5005387515,0.18447063653012058,-0.07535563244905807,0.3188927335640138,7637876
528,29,KARNATAKA,BALLARI,0.11374086889657452,0.23646289888509558,0.2441522491350401,0.25990003844676746,1875278.1225743236,0.19141857142730703,-0.0629911572472126,0.3553094963475586,9811668
527,29,KARNATAKA,BELAGAVI,0.10340638216070769,0.2364628988851127,0.24415224913506786,0.25990003844681353,3043623.189271103,0.19476412164417445,-0.1085121107266436,0.34602076124567477,15647841
526,29,KARNATAKA,BENGALURU RURAL,0.04484429065743861,0.18608227604769645,0.1998615916954859,0.21413302575933174,349754.8964002775,0.13254704665197026,-0.14769703960015382,0.3014225297962323,2647699
525,29,KARNATAKA,BENGALURU URBAN,0.015747789311802884,0.1663360246058912,0.18608227604770358,0.19986159169548823,286084.2320882652,0.11356424886507506,-0.14769703960015382,0.3014225297962323,2525378
529,29,KARNATAKA,BIDAR,0.14173010380622947,0.24415224913515415,0.2519646289889606,0.25990003844674864,1356447.028923628,0.21199564811619462,-0.05911572472126105,0.3278123798539023,6408943
531,29,KARNATAKA,CHAMARAJANAGAR,0.012983318317427798,0.20693579392537598,0.22145328719723673,0.236462898885037,998725.5567545346,0.15474233350534222,-0.2364628988850442,0.33685505574778934,6464990
630,29,KARNATAKA,CHIK BALLAPUR,0.06299115724721127,0.1860822760476112,0.19986159169548323,0.2141330257593155,701317.7324696949,0.14371755778983678,-0.11374086889657825,0.3188927335640138,4888990
532,29,KARNATAKA,CHIKKAMAGALURU,0.01682294848789894,0.21413302575931317,0.2288965782391017,0.24415224913500455,1203149.3245440118,0.1453262195107007,-0.16000000000000003,0.3839138792772011,8290158
533,29,KARNATAKA,CHITRADURGA,0.10340638216070938,0.24415224913511763,0.25196462898900535,0.26795847750869517,1899735.1777406232,0.19535071402602644,-0.07111111111111111,0.36472126105344094,9737571
534,29,KARNATAKA,DAKSHINA KANNADA,0.041584006151480966,0.1998615916954824,0.21413302575924958,0.2288965782391227,817133.2397481595,0.14670350127271933,-0.17279507881584008,0.3839138792772011,5579048
535,29,KARNATAKA,DAVANGERE,0.11909265667051172,0.24415224913508318,0.2519646289889591,0.2679584775086888,1351324.588569715,0.19768051004772164,-0.08421376393694734,0.33685505574778934,6847089
536,29,KARNATAKA,DHARWAD,0.12456747404845456,0.2679584775085467,0.28444444444433564,0.2928719723183565,1086071.2081235384,0.22002226254915558,-0.09842368319876971,0.34602076124567477,4944779
537,29,KARNATAKA,GADAG,0.12456747404844319,0.2519646289890889,0.2599000384468612,0.27613994617452525,1127853.9626430713,0.20887427105693102,-0.0629911572472126,0.33685505574778934,5409858
539,29,KARNATAKA,HASSAN,0.041584006151481105,0.22145328719730809,0.2364628988850416,0.2519646289888644,1210084.9084738616,0.15480833826209894,-0.17937716262975778,0.33685505574778934,7828705
540,29,KARNATAKA,HAVERI,0.12456747404844191,0.24415224913511813,0.25990003844680426,0.2679584775086946,1123034.1341297058,0.20147681106059542,-0.044844290657439445,0.33685505574778934,5582700
538,29,KARNATAKA,KALABURAGI,0.14173010380623347,0.23646289888508343,0.24415224913514713,0.2599000384467857,2667458.0401348495,0.20809291742877728,-0.07535563244905807,0.3278123798539023,12835141
541,29,KARNATAKA,KODAGU,-0.016755583223340448,0.15999999999998205,0.17937716262979606,0.19986159169548803,445602.5756382778,0.09490824167886136,-0.17279507881584008,0.3278123798539023,4703960
542,29,KARNATAKA,KOLAR,0.0354325259515576,0.1793771626298279,0.19986159169548354,0.2141330257593107,574535.4329890845,0.12578934728148,-0.11909265667051133,0.3278123798539023,4576751
543,29,KARNATAKA,KOPPAL,0.10851211072664094,0.22889657823909051,0.24415224913509256,0.25990003844679527,1221435.0329061854,0.18904673773081623,-0.044844290657439445,0.3278123798539023,6471180
544,29,KARNATAKA,MANDYA,0.07111111111111525,0.20693579392537587,0.22145328719724783,0.24415224913492917,885939.2437986399,0.15583037043187015,-0.11374086889657825,0.3278123798539023,5695228
545,29,KARNATAKA,MYSURU,0.08882737408688311,0.22145328719721508,0.22889657823909482,0.2441522491349627,1254358.2782088409,0.17385100975072632,-0.09356401384083046,0.33685505574778934,7227650
546,29,KARNATAKA,RAICHUR,0.09842368319876683,0.22889657823908904,0.24415224913509148,0.25990003844683973,1752676.6801439824,0.17850060004212312,-0.05173394848135333,0.3188927335640138,9829398
631,29,KARNATAKA,RAMANAGARAM,0.055363321799308966,0.1860822760476449,0.19986159169548365,0.21413302575928775,551574.5876889492,0.13702412447231863,-0.13588619761630144,0.31009611687812383,4034113
547,29,KARNATAKA,SHIVAMOGGA,0.06698961937716402,0.2141330257592498,0.2288965782390998,0.24415224913495076,1636828.2188614185,0.16756654985970396,-0.10340638216070744,0.3839138792772011,9782492
548,29,KARNATAKA,TUMAKURU,0.07972318339100946,0.2214532871971837,0.23646289888510955,0.2441522491350562,2036515.9292813498,0.16714317879250173,-0.1085121107266436,0.33685505574778934,12204538
549,29,KARNATAKA,UDUPI,0.03543252595155676,0.22145328719727247,0.2288965782390996,0.25196462898884464,658435.8259327812,0.15988701362336047,-0.11909265667051133,0.37425605536332185,4125180
550,29,KARNATAKA,UTTARA KANNADA,0.06698961937716486,0.22889657823908757,0.24415224913497355,0.2599000384467646,2102201.2291211397,0.17697551732016878,-0.10340638216070744,0.41362552864282975,11893283
530,29,KARNATAKA,VIJAYAPURA,0.11374086889657618,0.22145328719720564,0.2288965782390861,0.23646289888504463,2318144.5368172447,0.18925106499460406,-0.044844290657439445,0.31009611687812383,12262243
635,29,KARNATAKA,YADGIR,0.113740868896577,0.22889657823908702,0.23646289888507468,0.2441522491350174,1149161.1678588954,0.1868555723891591,-0.029773164167627833,0.3188927335640138,6160245
554,32,KERALA,ALAPPUZHA,0.06299115724721141,0.228896578239112,0.2441522491349232,0.25990003844675563,256417.12080805664,0.15923351515022452,-0.09356401384083046,0.34602076124567477,1615612
555,32,KERALA,ERNAKULAM,-0.025859335153100058,0.1860822760476479,0.19986159169548318,0.22145328719722926,403940.40984859975,0.11622564491264255,-0.19986159169550174,0.37425605536332185,3482949
556,32,KERALA,IDUKKI,-0.0935640138408261,0.14769703960015984,0.17937716262978842,0.21413302575932447,273309.77583913755,0.05527172011029659,-0.28444444444444444,0.3553094963475586,4955513
557,32,KERALA,KANNUR,0.03254133025759348,0.22145328719720442,0.22889657823909781,0.24415224913492548,534098.8844089209,0.1575007302176255,-0.16633602460592078,0.36472126105344094,3397343
558,32,KERALA,KASARAGOD,0.03844675124951996,0.20693579392537925,0.2214532871972032,0.24415224913493336,329730.5915523957,0.14450786603776883,-0.11909265667051133,0.34602076124567477,2288384
559,32,KERALA,KOLLAM,-0.06299115724721122,0.18608227604769526,0.19986159169548395,0.22145328719722557,312153.95734088443,0.11100159550510419,-0.2519646289888504,0.37425605536332185,2818601
560,32,KERALA,KOTTAYAM,0.009693200418344004,0.18608227604770358,0.22145328719721524,0.2441522491349277,279425.3532538875,0.1116985028753909,-0.15378700499807765,0.3553094963475586,2507427
561,32,KERALA,KOZHIKODE,0.009674162414158577,0.21413302575928267,0.22889657823910803,0.2441522491349347,418861.88587521313,0.15635490861422477,-0.17279507881584008,0.3553094963475586,2684454
562,32,KERALA,MALAPPURAM,-0.005750096158683046,0.24415224913514,0.25990003844684517,0.267958477508698,704846.3338086219,0.17400658244567987,-0.17937716262975778,0.37425605536332185,4058183
563,32,KERALA,PALAKKAD,-0.03692166809515643,0.2288965782390899,0.24415224913502262,0.25990003844674914,735174.3874503804,0.14408247490828488,-0.21413302575932336,0.3839138792772011,5112539
564,32,KERALA,PATTANAMTHITTA,-0.06698961937716227,0.16000000000000372,0.17937716262977701,0.19986159169548973,235514.37101353615,0.07840787328675328,-0.24415224913494812,0.37425605536332185,3011006
565,32,KERALA,THIRUVANANTHAPURAM,-0.021072518538736387,0.1727950788158512,0.1929104190695971,0.21413302575932938,262606.54131700913,0.1058752279555431,-0.21413302575932336,0.3553094963475586,2485730
566,32,KERALA,TRISSUR,0.0058424793416282025,0.2364628988850733,0.2519646289889308,0.2679584775086866,548184.4636274464,0.1590838281514415,-0.1929104190695886,0.3839138792772011,3453173
567,32,KERALA,WAYANAD,0.0017371449101509018,0.17937716262982126,0.19291041906959097,0.20693579392539035,285473.2217581024,0.11731622789655176,-0.17279507881584008,0.34602076124567477,2438701
009,37,LADAKH,LEH,-0.21413302575927276,-0.048227604767390866,-0.025949589496325153,-0.005846918777155804,-2.3425550458769046E7,-0.11179349974118945,-0.3839138792772011,0.17937716262975778,209611635
006,37,LADAKH,KARGIL,-0.2288965782391183,-0.07111111111111997,-0.05173394848134788,-0.03254133025759264,-2454078.446752281,-0.1287151542787754,-0.41362552864282975,0.13016532103037293,19084969
553,31,LAKSHADWEEP,LAKSHADWEEP,-0.12456747404844298,0.15378700499807751,0.1727950788158402,0.18608227604767424,1700.9642237751686,0.05400360405895172,-0.2364628988850442,0.2288965782391388,33702
667,23,MADHYA PRADESH,AGAR MALWA,0.0354325259515577,0.15999999999995593,0.16633602460584754,0.17937716262978648,389752.5686478092,0.1169184816210962,-0.12456747404844293,0.24415224913494812,3340865
639,23,MADHYA PRADESH,ALIRAJPUR,0.06299115724721131,0.1860822760476258,0.19986159169548295,0.21413302575927426,586081.7904332391,0.14572129076302787,-0.08421376393694734,0.31009611687812383,4031207
390,23,MADHYA PRADESH,ANUPPUR,0.04822760476739422,0.17937716262973324,0.19291041906951678,0.19986159169548265,588869.6156282683,0.1286278579519592,-0.11909265667051133,0.28444444444444444,4589056
391,23,MADHYA PRADESH,ASHOKNAGAR,0.0354325259515587,0.1537870049979739,0.16633602460585414,0.17937716262978753,697390.2334674292,0.11994496914507531,-0.17937716262975778,0.24415224913494812,5822740
392,23,MADHYA PRADESH,BALAGHAT,0.048227604767396404,0.16633602460579636,0.17937716262974307,0.18608227604762473,1396020.8999586257,0.1254491674463591,-0.10340638216070744,0.2599000384467512,11141974
393,23,MADHYA PRADESH,BARWANI,0.07972318339100638,0.2141330257593735,0.22145328719724702,0.23646289888505553,1107204.9201231592,0.16962224770224402,-0.08882737408688965,0.3188927335640138,6536978
394,23,MADHYA PRADESH,BETUL,0.07111111111111623,0.19986159169574785,0.21413302575927975,0.22145328719728397,1869387.2379429445,0.15454207738467063,-0.07111111111111111,0.29287197231833906,12110448
395,23,MADHYA PRADESH,BHIND,-0.017777777777777927,0.07535563244906136,0.08421376393696695,0.09356401384082229,251741.13766318618,0.04527809475838603,-0.15378700499807765,0.1929104190695886,5571431
396,23,MADHYA PRADESH,BHOPAL,0.029773164167628513,0.1537870049979821,0.16633602460586713,0.17279507881585032,392972.9137805712,0.11670837269715265,-0.16633602460592078,0.24415224913494812,3374356
397,23,MADHYA PRADESH,BURHANPUR,0.07535563244905136,0.22145328719718047,0.22889657823909165,0.24415224913506234,664829.954225838,0.17191134641125455,-0.08882737408688965,0.3188927335640138,3873783
398,23,MADHYA PRADESH,CHHATARPUR,0.035432525951558234,0.15378700499796172,0.16633602460580482,0.17937716262981734,1185036.2701444025,0.1110899873090031,-0.15378700499807765,0.28444444444444444,10687142
399,23,MADHYA PRADESH,CHHINDWARA,0.07111111111111554,0.1998615916955769,0.20693579392537412,0.22145328719723653,2191141.9221640895,0.15392242640497616,-0.10340638216070744,0.3014225297962323,14251129
400,23,MADHYA PRADESH,DAMOH,0.0669896193771649,0.17279507881573847,0.17937716262982398,0.19291041906958512,1210949.639871688,0.13590425823631672,-0.13016532103037293,0.2761399461745483,8922849
401,23,MADHYA PRADESH,DATIA,0.010396001537870181,0.10340638216073686,0.10851211072665636,0.11909265667052112,242452.32921378236,0.0728203618586069,-0.12456747404844293,0.19986159169550174,3340498
402,23,MADHYA PRADESH,DEWAS,0.06299115724721134,0.1793771626297791,0.1860822760476258,0.1929104190695584,1205665.6248272737,0.1420001299185827,-0.11909265667051133,0.2679584775086506,8505726
403,23,MADHYA PRADESH,DHAR,0.06698961937716257,0.1929104190695074,0.20693579392537698,0.21413302575923332,1506908.2606296726,0.15289515563423983,-0.13016532103037293,0.3014225297962323,9867234
404,23,MADHYA PRADESH,DINDORI,0.05911572472126415,0.19291041906951592,0.19986159169548245,0.20693579392538042,1020739.6414695863,0.14660375784706145,-0.09842368319876971,0.28444444444444444,6974940
405,23,MADHYA PRADESH,EAST NIMAR,0.019930795847754812,0.19986159169571252,0.2141330257593089,0.22145328719724477,1396728.3785220084,0.15535403041628607,-0.10340638216070744,0.29287197231833906,9002549
406,23,MADHYA PRADESH,GUNA,0.06299115724721129,0.17279507881575176,0.1793771626298238,0.19291041906957634,1030530.6569440792,0.1316287115562643,-0.17279507881584008,0.2679584775086506,7842335
407,23,MADHYA PRADESH,GWALIOR,-0.006812075052151671,0.1085121107266519,0.11909265667053495,0.1301653210303491,403395.29855622264,0.07119008685808574,-0.186082276047674,0.22145328719723184,5674029
408,23,MADHYA PRADESH,HARDA,0.059115724721263405,0.1663360246057842,0.1793771626298292,0.19291041906957257,529992.2907899756,0.13152217890368845,-0.08882737408688965,0.28444444444444444,4035848
409,23,MADHYA PRADESH,HOSHANGABAD,0.04484429065744281,0.14769703960004935,0.15999999999996012,0.1663360246058738,953523.8709853468,0.11795025223506694,-0.09356401384083046,0.31009611687812383,8095645
410,23,MADHYA PRADESH,INDORE,0.04158400615148107,0.17279507881574122,0.18608227604768607,0.19986159169548584,632449.8008046966,0.13372600896629658,-0.13016532103037293,0.29287197231833906,4738802
411,23,MADHYA PRADESH,JABALPUR,0.06299115724721122,0.17279507881574324,0.1793771626298262,0.19291041906956985,826432.679676332,0.13357144844506016,-0.12456747404844293,0.2679584775086506,6198352
412,23,MADHYA PRADESH,JHABUA,0.07111111111111272,0.1860822760475891,0.19986159169548287,0.20693579392538436,618972.708496727,0.14834564327353408,-0.12456747404844293,0.29287197231833906,4179358
413,23,MADHYA PRADESH,KATNI,0.05536332179930958,0.16633602460580443,0.17279507881577366,0.18608227604770708,796057.5336993405,0.1291579313512574,-0.12456747404844293,0.2599000384467512,6175594
415,23,MADHYA PRADESH,MANDLA,0.06299115724721119,0.18608227604764746,0.192910419069518,0.20693579392538294,1316244.4899668184,0.14485012277562748,-0.1085121107266436,0.28444444444444444,9100880
416,23,MADHYA PRADESH,MANDSAUR,-9.02239671198151E-4,0.14769703960016936,0.1600000000000111,0.1727950788158501,678694.5543976567,0.09997208410230309,-0.186082276047674,0.2519646289888504,6799773
417,23,MADHYA PRADESH,MORENA,-0.048227604767395224,0.07972318339100339,0.09356401384085382,0.10851211072665692,160247.11131066259,0.0258012111858663,-0.2069357939254133,0.1929104190695886,6223463
418,23,MADHYA PRADESH,NARSHIMAPURA,0.06299115724721129,0.16633602460580932,0.1727950788157887,0.18608227604770727,807936.4521154019,0.12977820640940083,-0.08882737408688965,0.2679584775086506,6236392
419,23,MADHYA PRADESH,NIMACH,-0.0026529115859006236,0.15378700499800063,0.1663360246058545,0.18608227604770475,559362.6686759245,0.10630289921674847,-0.16633602460592078,0.2599000384467512,5274602
420,23,MADHYA PRADESH,PANNA,0.05173394848135155,0.17279507881569453,0.1860822760476422,0.19986159169548318,1134551.2146691883,0.13039421481061952,-0.15378700499807765,0.2761399461745483,8717597
421,23,MADHYA PRADESH,RAISEN,0.06299115724721124,0.1663360246057944,0.1727950788157568,0.186082276047657,1321490.047992271,0.12833970289277347,-0.14769703960015382,0.2519646289888504,10312010
422,23,MADHYA PRADESH,RAJGARH,0.041584006151481084,0.15378700499795575,0.16633602460584157,0.1727950788158511,915986.0398538843,0.12170897307417457,-0.14173010380622836,0.24415224913494812,7535187
423,23,MADHYA PRADESH,RATLAM,0.032541330257592434,0.1663360246058172,0.17937716262982692,0.19291041906955939,679459.7375457622,0.11497568512540739,-0.14173010380622836,0.2761399461745483,5920371
424,23,MADHYA PRADESH,REWA,0.04158400615148117,0.15378700499799616,0.16633602460586552,0.1793771626297917,870328.5350863534,0.11245426666191788,-0.11909265667051133,0.2761399461745483,7751995
425,23,MADHYA PRADESH,SAGAR,0.06299115724721126,0.17279507881567857,0.17937716262980313,0.19291041906956274,1691711.5390325508,0.13501799004384807,-0.16000000000000003,0.2599000384467512,12549508
426,23,MADHYA PRADESH,SATNA,0.048227604767395696,0.15999999999994297,0.1663360246058331,0.17937716262980183,1121245.2112640222,0.1214636538386578,-0.11374086889657825,0.2679584775086506,9250027
427,23,MADHYA PRADESH,SEHORE,0.05536332179930662,0.17279507881566358,0.17937716262980488,0.19291041906956008,1064172.3122074641,0.13363176520646,-0.13016532103037293,0.2599000384467512,7979648
428,23,MADHYA PRADESH,SEONI,0.07535563244905538,0.1929104190695461,0.2069357939253747,0.21413302575926027,1648248.6117054727,0.155886835571477,-0.10340638216070744,0.28444444444444444,10587279
429,23,MADHYA PRADESH,SHAHDOL,0.044844290657442984,0.1599999999999461,0.17279507881583633,0.17937716262979356,833106.3775409545,0.12036698676665741,-0.11374086889657825,0.2679584775086506,6933487
430,23,MADHYA PRADESH,SHAJAPUR,0.04822760476739505,0.1537870049979779,0.16633602460586702,0.1727950788158509,509208.67092638963,0.12092008698382617,-0.1085121107266436,0.24415224913494812,4219787
431,23,MADHYA PRADESH,SHEOPUR,-0.013840830449826893,0.12456747404845893,0.13588619761626583,0.1476970396001688,645525.1165039401,0.07886158658771236,-0.2069357939254133,0.2069357939254133,8196536
432,23,MADHYA PRADESH,SHIVPURI,0.015747789311802846,0.13588619761627926,0.14769703960009936,0.15999999999997594,1215274.5755654871,0.09568025202883727,-0.12456747404844293,0.24415224913494812,12718231
433,23,MADHYA PRADESH,SIDHI,0.03254133025759274,0.1537870049979753,0.15999999999995357,0.17279507881585068,647576.6857133008,0.11078933981350055,-0.12456747404844293,0.2519646289888504,5855562
638,23,MADHYA PRADESH,SINGRAULI,0.01205690119184875,0.13016532103031908,0.1417301038062512,0.15378700499806658,635212.9234631918,0.09001877430514779,-0.14173010380622836,0.2364628988850442,7066555
434,23,MADHYA PRADESH,TIKAMGARH,0.029773164167628673,0.13016532103031644,0.1417301038062292,0.153787004998088,461323.31417131453,0.10071094466006554,-0.16000000000000003,0.2288965782391388,4588875
435,23,MADHYA PRADESH,UJJAIN,0.04158400615148105,0.15999999999991438,0.17279507881574202,0.1793771626298151,923957.6358502873,0.12456120199451072,-0.14769703960015382,0.2519646289888504,7431237
436,23,MADHYA PRADESH,UMARIA,0.0448442906574417,0.15378700499798997,0.16633602460586822,0.17937716262978218,659921.514772984,0.11835922924446107,-0.12456747404844293,0.2519646289888504,5584765
437,23,MADHYA PRADESH,VIDISHA,0.05911572472126357,0.15999999999993178,0.1727950788157238,0.18608227604769,1118638.5227820775,0.12545485673638943,-0.09842368319876971,0.2599000384467512,8929692
414,23,MADHYA PRADESH,WEST NIMAR,0.08882737408688662,0.21413302575930712,0.22889657823909415,0.2364628988850933,1702680.267527462,0.17625607982235894,-0.07972318339100345,0.3278123798539023,9673296
722,23,MADHYA PRADESH,NIVARI,0.017777777777777413,0.12456747404847165,0.13016532103034412,0.14173010380624101,145011.33774089173,0.0888818311684224,-0.11909265667051133,0.2288965782391388,1640914
466,27,MAHARASHTRA,AHAMADNAGAR,0.07535563244905422,0.19986159169560885,0.21413302575922372,0.22145328719723337,3291654.11297127,0.16277922331017844,-0.12456747404844293,0.34602076124567477,20247712
467,27,MAHARASHTRA,AKOLA,0.10340638216070473,0.21413302575937354,0.22145328719725949,0.2288965782391055,1169774.7167627257,0.18005696434388485,-0.06698961937716265,0.3014225297962323,6508098
468,27,MAHARASHTRA,AMARAVATI,0.09356401384082776,0.21413302575935098,0.2214532871972321,0.22889657823909515,2564971.070537362,0.17548113000461135,-0.08882737408688965,0.3014225297962323,14634927
469,27,MAHARASHTRA,AURANGABAD,0.08882737408688413,0.21413302575932486,0.22145328719723814,0.23646289888503902,2144516.6450091563,0.17821290645562582,-0.12456747404844293,0.3014225297962323,12049449
471,27,MAHARASHTRA,BHANDARA,0.08882737408688485,0.19291041906949608,0.199861591695553,0.20693579392537678,803022.9402201041,0.16215348654129072,-0.05536332179930796,0.28444444444444444,4961610
470,27,MAHARASHTRA,BID,0.11374086889657485,0.22145328719721602,0.22889657823908569,0.2441522491349901,2356438.25088553,0.18810734279037808,-0.05173394848135333,0.3278123798539023,12544794
472,27,MAHARASHTRA,BULDHANA,0.10851211072664362,0.21413302575933496,0.22145328719720506,0.2364628988850383,2103345.463904591,0.18107397892409913,-0.08421376393694734,0.3014225297962323,11630150
473,27,MAHARASHTRA,CHANDRAPUR,0.11374086889657396,0.20693579392537123,0.22145328719725202,0.22889657823910675,2395765.517146226,0.17723652621430563,-0.03543252595155709,0.3278123798539023,13530633
474,27,MAHARASHTRA,DHULE,0.09842368319876817,0.21413302575933868,0.2214532871972432,0.23646289888501096,1524129.3587887194,0.17710648408145885,-0.07111111111111111,0.31009611687812383,8617611
475,27,MAHARASHTRA,GADCHIROLI,0.08882737408688442,0.1929104190695066,0.19986159169553847,0.2141330257593177,2735772.8618099215,0.15887654927793926,-0.08421376393694734,0.28444444444444444,17237884
476,27,MAHARASHTRA,GONDIA,0.07972318339100867,0.17937716262977751,0.18608227604762353,0.1998615916954845,928848.8049195011,0.149679027166559,-0.04822760476739715,0.2599000384467512,6215661
477,27,MAHARASHTRA,HINGOLI,0.10340638216071085,0.2214532871972339,0.2288965782390947,0.23646289888499436,1024929.0228143072,0.18344869085258042,-0.041584006151480196,0.3014225297962323,5596711
478,27,MAHARASHTRA,JALGAON,0.07972318339101278,0.221453287197221,0.22889657823908796,0.23646289888505964,2579051.2713655373,0.18293822939750456,-0.0629911572472126,0.3188927335640138,14113319
479,27,MAHARASHTRA,JALNA,0.10851211072664411,0.21413302575933255,0.2214532871972297,0.23646289888504907,1649808.1723586984,0.18101922016443112,-0.09356401384083046,0.3014225297962323,9127228
480,27,MAHARASHTRA,KOLHAPUR,0.08421376393694446,0.24415224913517258,0.25990003844683074,0.2679584775086932,1791346.2171094015,0.20029680817341278,-0.09842368319876971,0.3553094963475586,8961350
481,27,MAHARASHTRA,LATUR,0.1301653210303706,0.236462898885145,0.24415224913508993,0.25196462898889,1735533.16406221,0.2046584252421817,-0.05173394848135333,0.3188927335640138,8490449
482,27,MAHARASHTRA,MUMBAI CITY,0.06698961937716252,0.19986159169549383,0.2141330257593188,0.22145328719723165,11925.92528423709,0.15805714305585394,-0.03844675124951941,0.28444444444444444,76546
484,27,MAHARASHTRA,NAGPUR,0.0842137639369551,0.19986159169569795,0.21413302575927884,0.22145328719724128,1932948.073784844,0.16307584320237045,-0.09356401384083046,0.28444444444444444,11865192
485,27,MAHARASHTRA,NANDED,0.12456747404844536,0.236462898885047,0.24415224913512332,0.2519646289889473,2476672.0102653163,0.19890646216189123,-0.041584006151480196,0.31009611687812383,12472028
486,27,MAHARASHTRA,NANDURBAR,0.07535563244905934,0.2141330257592802,0.2288965782390992,0.2364628988850456,1233183.563426461,0.17248623877462552,-0.07972318339100345,0.37425605536332185,7163183
487,27,MAHARASHTRA,NASHIK,0.07972318339100982,0.21413302575935625,0.22145328719726556,0.23646289888501687,3180677.172209149,0.17221304241029833,-0.12456747404844293,0.33685505574778934,18486361
488,27,MAHARASHTRA,USMANABAD,0.12456747404844803,0.2364628988850622,0.24415224913510136,0.2519646289889473,1762963.2690619472,0.19786567595926616,-0.05536332179930796,0.3188927335640138,8925215
665,27,MAHARASHTRA,PALGHAR,0.09842368319877103,0.25196462898903316,0.25990003844687354,0.2679584775087025,1307388.2588046459,0.20894297514477858,-0.07535563244905807,0.36472126105344094,6266083
489,27,MAHARASHTRA,PARBHANI,0.12456747404844175,0.22889657823908674,0.23646289888509625,0.24415224913500458,1458311.9465301004,0.1954075462686077,-0.03844675124951941,0.31009611687812383,7474260
490,27,MAHARASHTRA,PUNE,0.06698961937716541,0.20693579392537395,0.21413302575929444,0.22889657823910511,2940677.332351097,0.15944366815866082,-0.15378700499807765,0.36472126105344094,18462996
491,27,MAHARASHTRA,RAYGAD,0.08421376393694677,0.25196462898907984,0.2599000384468768,0.2761399461745019,1643852.7572006432,0.19986531407444205,-0.03844675124951941,0.3839138792772011,8238352
492,27,MAHARASHTRA,RATNAGIRI,0.08882737408688599,0.23646289888509295,0.24415224913501957,0.2599000384467808,1813400.8028148948,0.18688786880021058,-0.08421376393694734,0.36472126105344094,9717129
493,27,MAHARASHTRA,SANGLI,0.10851211072664335,0.2214532871972354,0.22889657823909063,0.24415224913497763,1847840.540361809,0.18367684583175917,-0.08421376393694734,0.3278123798539023,10078127
494,27,MAHARASHTRA,SATARA,0.06698961937716956,0.21413302575930848,0.22889657823909842,0.2441522491349715,2094413.0614856633,0.1704798728454831,-0.14173010380622836,0.34602076124567477,12298534
495,27,MAHARASHTRA,SINDHUDURG,0.09356401384082626,0.25196462898904215,0.2599000384468334,0.27613994617455356,1197352.0234938015,0.20155516153439781,-0.07972318339100345,0.39369473279507883,5951789
496,27,MAHARASHTRA,SOLAPUR,0.10340638216070627,0.22145328719724192,0.2288965782390895,0.23646289888506963,3173479.833254403,0.18203589166496384,-0.06698961937716265,0.31009611687812383,17457025
483,27,MAHARASHTRA,SUB URBAN MUMBAI,0.05173394848135428,0.2441522491349394,0.2679584775086539,0.2844444444444566,87833.05037248113,0.1721321613203042,-0.09356401384083046,0.3278123798539023,512479
497,27,MAHARASHTRA,THANE,0.09356401384082547,0.2519646289890542,0.2599000384468562,0.26795847750869367,1045044.6736133052,0.20649585202293155,-0.04822760476739715,0.34602076124567477,5069267
498,27,MAHARASHTRA,WARDHA,0.10340638216071381,0.2141330257593384,0.22145328719728558,0.22889657823910312,1369466.0071286373,0.18177308010604917,-0.05536332179930796,0.29287197231833906,7543509
499,27,MAHARASHTRA,WASHIM,0.10340638216070602,0.21413302575938886,0.22145328719725774,0.23646289888502345,1131319.73075942,0.1851813744307685,-0.0629911572472126,0.29287197231833906,6120783
500,27,MAHARASHTRA,YAVATMAL,0.1034063821607081,0.22145328719724242,0.2288965782390933,0.23646289888502647,2992515.524968781,0.18524184718791054,-0.05911572472126105,0.3014225297962323,16172960
252,14,MANIPUR,BISHNUPUR,-0.01384083044982709,0.17279507881584952,0.17937716262979425,0.1929104190695843,63984.198326382844,0.10859870302209144,-0.14173010380622836,0.24415224913494812,592328
253,14,MANIPUR,CHANDEL,-0.08882737408687993,0.08421376393695698,0.10340638216071509,0.12456747404843808,46234.19650736233,0.019165335558964526,-0.22145328719723184,0.2519646289888504,2417211
254,14,MANIPUR,CHURACHANDPUR,-0.08421376393694767,0.07972318339101465,0.09842368319876314,0.11909265667051908,44146.11789116412,0.01480437735986489,-0.19986159169550174,0.2599000384467512,2987741
256,14,MANIPUR,IMPHAL WEST,-0.017777777777777743,0.17937716262980288,0.18608227604770852,0.19986159169548862,68227.2441806949,0.11386101649529137,-0.16000000000000003,0.2599000384467512,603204
255,14,MANIPUR,IMPHAL EAST,-0.035432525951556444,0.17937716262981987,0.19291041906961737,0.19986159169548517,55434.50474033025,0.10414404921987562,-0.16000000000000003,0.2599000384467512,535890
713,14,MANIPUR,JIRIBAM,-0.07111111111110993,0.09842368319876792,0.11909265667051355,0.13588619761630505,12129.120317941699,0.03346759627529632,-0.15378700499807765,0.24415224913494812,365087
260,14,MANIPUR,UKHRUL,-0.10851211072664181,0.0888273740868733,0.10851211072665316,0.1301653210303783,41926.31247862803,0.01625260065135418,-0.2599000384467512,0.2761399461745483,2585246
257,14,MANIPUR,SENAPATI,-0.1301653210303679,0.07111111111111745,0.08882737408688847,0.11374086889657521,-9997.682351189766,-0.004625340629949742,-0.2679584775086506,0.24415224913494812,2166467
258,14,MANIPUR,TAMENGLONG,-0.12456747404844874,0.055363321799304116,0.07111111111111731,0.09356401384082577,-45397.22939500782,-0.012214779167817316,-0.2761399461745483,0.2364628988850442,3724282
259,14,MANIPUR,THOUBAL,-0.00261853144019061,0.16633602460587799,0.17279507881585077,0.18608227604768857,51278.593171984736,0.10623399489992393,-0.12456747404844293,0.2679584775086506,485328
717,14,MANIPUR,KAMJONG,-0.10340638216070358,0.06698961937717132,0.08421376393695203,0.10340638216070674,7028.979557114357,0.0023993759325576106,-0.2364628988850442,0.2364628988850442,2934321
714,14,MANIPUR,NONEI,-0.08882737408688968,0.07111111111111666,0.08882737408688256,0.10851211072664561,12358.546761286509,0.008535600698566232,-0.21413302575932336,0.2288965782391388,1452211
715,14,MANIPUR,PHERZAWL,-0.08882737408688399,0.06299115724721113,0.07972318339101198,0.09842368319876696,11347.416670324636,0.0043189702668085615,-0.21413302575932336,0.2599000384467512,2632958
716,14,MANIPUR,TENGNOUPAL,-0.0797231833910072,0.09356401384083364,0.11374086889657321,0.13016532103037104,37515.505588403605,0.02488332437446865,-0.186082276047674,0.2599000384467512,1511379
712,14,MANIPUR,KANGPOKPI,-0.11909265667051121,0.08421376393695418,0.10851211072664631,0.13588619761630286,17869.498885818604,0.008378698435540302,-0.2599000384467512,0.2679584775086506,2143163
711,14,MANIPUR,KAKCHING,-0.01574778931180309,0.16633602460592523,0.17937716262975023,0.19291041906958134,40631.121230144956,0.10355268578746504,-0.13016532103037293,0.2679584775086506,394750
273,17,MEGHALAYA,EAST GARO HILLS,-0.08882737408688943,0.07972318339101607,0.09356401384084138,0.10851211072665085,34877.635662639,0.017820992295755463,-0.2288965782391388,0.2364628988850442,1961933
274,17,MEGHALAYA,EAST KHASI HILLS,-0.06299115724721131,0.13016532103036438,0.14769703960016173,0.17279507881584819,194330.88028846038,0.05531936535483085,-0.1929104190695886,0.3014225297962323,3519450
657,17,MEGHALAYA,EAST JAINTIA HILLS,-0.09842368319876674,0.1301653210303407,0.15999999999999537,0.19291041906961537,91823.76236196849,0.03695603022184353,-0.22145328719723184,0.3188927335640138,2489782
277,17,MEGHALAYA,SOUTH GARO HILLS,-0.075355632449059,0.09356401384083445,0.1085121107266514,0.1301653210303677,73426.29400248395,0.03240396830508542,-0.2069357939254133,0.2599000384467512,2271292
278,17,MEGHALAYA,WEST GARO HILLS,-0.06698961937716416,0.11374086889659671,0.13016532103035197,0.15378700499808537,162112.8548622832,0.049248233795374796,-0.2364628988850442,0.24415224913494812,3298747
279,17,MEGHALAYA,WEST KHASI HILLS,-0.07111111111111552,0.113740868896593,0.13588619761631582,0.16000000000000278,190360.63547003444,0.039239191372593435,-0.22145328719723184,0.3188927335640138,4859806
276,17,MEGHALAYA,RI-BHOI,-0.055363321799309737,0.1085121107266595,0.1245674740484604,0.14173010380624051,137243.59702876984,0.04667637687609903,-0.17279507881584008,0.2679584775086506,2948155
658,17,MEGHALAYA,SOUTH WEST KHASI HILLS,-0.05536332179930743,0.1301653210303608,0.15378700499808595,0.1793771626297516,94930.9587585127,0.05888435110326358,-0.19986159169550174,0.3014225297962323,1617098
663,17,MEGHALAYA,SOUTH WEST GARO HILLS,-0.035432525951557055,0.1245674740484517,0.1417301038062389,0.16000000000000542,64538.24666024727,0.062389811894453785,-0.13016532103037293,0.2288965782391388,1037207
656,17,MEGHALAYA,NORTH GARO HILLS,-0.0629911572472114,0.08882737408689069,0.10340638216071527,0.1190926566705073,47432.771298906664,0.030654989873294628,-0.16633602460592078,0.22145328719723184,1552862
275,17,MEGHALAYA,WEST JAINTIA HILLS,-0.07111111111111287,0.14173010380623577,0.16633602460592478,0.19291041906958725,123761.42857530492,0.05566697606054627,-0.19986159169550174,0.3188927335640138,2229213
262,15,MIZORAM,CHAMPHAI,-0.09356401384082515,0.06299115724721113,0.07972318339101074,0.10340638216070466,5942.502642389884,0.001435100727734116,-0.22145328719723184,0.2761399461745483,4148573
267,15,MIZORAM,SAIHA,-0.08421376393694721,0.07111111111111806,0.08882737408687884,0.10851211072664547,19061.75896775053,0.010323630284186265,-0.19986159169550174,0.2519646289888504,1851831
264,15,MIZORAM,LAWNGTLAI,-0.08421376393695021,0.07111111111111813,0.08882737408688308,0.10340638216070445,27437.33431201808,0.009362678027668853,-0.2069357939254133,0.24415224913494812,2939881
268,15,MIZORAM,SERCHHIP,-0.09356401384082713,0.06299115724721117,0.07972318339100905,0.1034063821607051,3989.1266930519537,0.0022707836516454435,-0.19986159169550174,0.2761399461745483,1762727
263,15,MIZORAM,KOLASIB,-0.09356401384082567,0.059115724721265035,0.07535563244905392,0.09356401384082726,-4475.767773177491,-0.002454317431344648,-0.17937716262975778,0.2364628988850442,1828823
266,15,MIZORAM,MAMIT,-0.10851211072664152,0.048227604767398374,0.0669896193771634,0.08421376393694942,-50967.687185200455,-0.01362531429298387,-0.22145328719723184,0.22145328719723184,3748513
265,15,MIZORAM,LUNGLEI,-0.08882737408688582,0.06299115724721273,0.07972318339101371,0.09842368319876706,20601.154801208657,0.0037452938226933247,-0.2364628988850442,0.2519646289888504,5509505
261,15,MIZORAM,AIZAWL,-0.09842368319876642,0.059115724721253926,0.075355632449048,0.09356401384082541,-11734.460827764105,-0.0030179619867062805,-0.21413302575932336,0.24415224913494812,3898664
613,13,NAGALAND,PAREN,-0.119092656670507,0.05911572472125523,0.07535563244904851,0.09842368319876857,-10148.607861296328,-0.004492551765892749,-0.2519646289888504,0.2364628988850442,2264628
248,13,NAGALAND,PHEK,-0.11909265667050863,0.07111111111111904,0.08882737408688694,0.11374086889657449,-3557.433947424034,-0.0015351049660322935,-0.24415224913494812,0.2679584775086506,2323275
250,13,NAGALAND,WOKHA,-0.11909265667051107,0.048227604767397805,0.06698961937716597,0.08882737408688611,-36953.892486976954,-0.018487359266720318,-0.22145328719723184,0.2599000384467512,2003896
244,13,NAGALAND,DIMAPUR,-0.0842137639369471,0.10851211072665173,0.13016532103037406,0.1476970396001552,35059.091620332314,0.0371001992368578,-0.22145328719723184,0.22145328719723184,949846
245,13,NAGALAND,KOHIMA,-0.13016532103036596,0.04484429065744049,0.06299115724721119,0.08421376393694649,-36213.23179267462,-0.022237371567511908,-0.2679584775086506,0.21413302575932336,1632851
614,13,NAGALAND,KIPHIRE,-0.12456747404844061,0.05173394848134724,0.07111111111111729,0.09356401384082554,-24537.14043786272,-0.017519181084459455,-0.24415224913494812,0.2599000384467512,1404480
251,13,NAGALAND,ZUNHEBOTO,-0.12456747404844254,0.04158400615148124,0.05911572472126486,0.07972318339100311,-43199.480049646285,-0.022096936787023572,-0.2599000384467512,0.21413302575932336,1960862
246,13,NAGALAND,MOKOKCHUNG,-0.11374086889657457,0.04822760476739768,0.06698961937716563,0.08421376393694698,-31231.86141608021,-0.0156210488068489,-0.2288965782391388,0.2599000384467512,2005010
247,13,NAGALAND,MON,-0.12456747404844691,0.05536332179930521,0.07535563244905179,0.09842368319876849,-35067.33120841911,-0.012901462615581559,-0.2599000384467512,0.2519646289888504,2724066
249,13,NAGALAND,TUENSANG,-0.1417301038062405,0.029773164167628343,0.04822760476739504,0.07535563244905942,-93631.35098067667,-0.035314445174156044,-0.2679584775086506,0.2519646289888504,2656787
615,13,NAGALAND,LONGLENG,-0.10340638216070393,0.055363321799307606,0.07535563244905674,0.10340638216070742,-5097.201811790125,-0.006975646004821009,-0.24415224913494812,0.2288965782391388,734358
344,21,ODISHA,ANUGUL,-0.006814295289182014,0.14769703960011799,0.15999999999996156,0.17937716262981182,694356.175716722,0.0910916852786337,-0.14769703960015382,0.2679584775086506,7634552
345,21,ODISHA,BOLANGIR (BALANGIR),0.07111111111111368,0.1929104190695052,0.19986159169552592,0.21413302575927717,1179082.5573419312,0.15092830646970765,-0.07972318339100345,0.28444444444444444,7823364
346,21,ODISHA,BALASORE (BALESHWAR),-0.022206843521722416,0.15999999999993725,0.1663360246058437,0.1793771626297661,501241.7901761997,0.11236865309214987,-0.17937716262975778,0.31009611687812383,4471001
347,21,ODISHA,BARAGARH,0.0591157247212633,0.16633602460580377,0.17937716262981748,0.1860822760477069,911012.3895927864,0.130287351732704,-0.10340638216070744,0.2599000384467512,7004326
348,21,ODISHA,BHADRAK,0.05173394848135291,0.1793771626295778,0.19291041906953107,0.19986159169548517,430096.0678718684,0.14358844246940236,-0.044844290657439445,0.28444444444444444,3001803
350,21,ODISHA,CUTTACK,0.012056901191849208,0.18608227604760763,0.19986159169548295,0.20693579392538267,601469.4188461779,0.1308971332598795,-0.10340638216070744,0.31009611687812383,4607070
351,21,ODISHA,DEOGARH,-0.006810343914514031,0.12456747404847571,0.14173010380624532,0.1537870049980757,276301.3851383633,0.07791526352828723,-0.14173010380622836,0.2519646289888504,3554240
352,21,ODISHA,DHENKANAL,0.006845813385451611,0.1860822760475935,0.19291041906953527,0.19986159169548315,666814.7462076996,0.1251636461574638,-0.1085121107266436,0.28444444444444444,5335603
353,21,ODISHA,GAJAPATI,-0.013840830449827417,0.1476970396001731,0.1663360246058967,0.18608227604770813,399814.5996232315,0.081797526756064,-0.14769703960015382,0.28444444444444444,4897594
354,21,ODISHA,GANJAM,-0.013840830449826739,0.17937716262963177,0.18608227604766525,0.1998615916954836,1113511.0408008927,0.11188774579053097,-0.13588619761630144,0.33685505574778934,9965454
355,21,ODISHA,JAGATSINGHPUR,0.048227604767397216,0.18608227604758892,0.19291041906954035,0.20693579392538655,290766.58194512385,0.14094445270584535,-0.08421376393694734,0.29287197231833906,2068255
356,21,ODISHA,JAJAPUR,0.02460592079969274,0.19291041906952627,0.19986159169554102,0.21413302575927468,497261.12627742364,0.14360477893773238,-0.09842368319876971,0.3278123798539023,3471072
357,21,ODISHA,JHARSUGUDA,0.06698961937716746,0.192910419069515,0.20693579392537992,0.21413302575925705,377322.74373720604,0.1514186636054933,-0.0629911572472126,0.2679584775086506,2499034
358,21,ODISHA,KALAHANDI,0.03543252595155809,0.19986159169557846,0.20693579392537462,0.22145328719724858,1354743.1448034383,0.14442484620712362,-0.11374086889657825,0.31009611687812383,9392589
359,21,ODISHA,KANDHAMAL,-0.00885813148788929,0.1245674740484753,0.13588619761634452,0.15378700499808684,709386.7079916861,0.07436159173130732,-0.13588619761630144,0.28444444444444444,9552404
360,21,ODISHA,KENDRAPARHA,0.04158400615148105,0.179377162629748,0.19291041906955436,0.19986159169548492,415534.5207038975,0.137590857873949,-0.07535563244905807,0.29287197231833906,3027614
361,21,ODISHA,KEONJHAR (KENDUJHAR),-0.01039600153787025,0.15999999999994344,0.1727950788157637,0.18608227604767458,999854.3217272284,0.10031528416940944,-0.16000000000000003,0.28444444444444444,9980176
362,21,ODISHA,KHORDHA,-0.010396001537870236,0.19986159169549908,0.21413302575925278,0.22889657823912113,496762.02989774605,0.1450450444308143,-0.12456747404844293,0.3188927335640138,3436743
363,21,ODISHA,KORAPUT,0.01777777777777816,0.17937716262981587,0.19291041906954193,0.2069357939253851,1252689.0031203025,0.12652537072730297,-0.13588619761630144,0.3014225297962323,9916232
364,21,ODISHA,MALKANGIRI,0.044844290657439674,0.19291041906951717,0.19986159169548534,0.20693579392537964,978064.0812580873,0.1438028677251864,-0.09356401384083046,0.31009611687812383,6811277
365,21,ODISHA,MAYURBHANJ,-0.022206843521722086,0.15378700499798495,0.15999999999995743,0.17279507881584058,1163493.4225046209,0.09287052909511474,-0.17937716262975778,0.2761399461745483,12543165
366,21,ODISHA,NABARANGAPUR,0.07535563244905688,0.1860822760476514,0.19986159169548315,0.20693579392538444,982224.6558640624,0.15190158840987067,-0.0629911572472126,0.3014225297962323,6477055
367,21,ODISHA,NAYAGARH,-0.013840830449826756,0.17279507881573297,0.18608227604764035,0.199861591695485,467114.4375174517,0.1007078569129067,-0.13588619761630144,0.29287197231833906,4646759
368,21,ODISHA,NUAPARHA,0.059115724721264126,0.17937716262966635,0.19291041906950718,0.20693579392537736,614078.74902085,0.13395195517564995,-0.07535563244905807,0.28444444444444444,4592599
369,21,ODISHA,PURI,0.04158400615147733,0.19291041906954473,0.21413302575931892,0.22889657823913984,580979.8426844781,0.14090402751830786,-0.07111111111111111,0.3553094963475586,4132506
370,21,ODISHA,RAYAGARHA,0.02220684352172171,0.17937716262982892,0.19291041906954523,0.2069357939253877,1054845.5854906207,0.12135152581600893,-0.12456747404844293,0.31009611687812383,8707900
371,21,ODISHA,SAMBALPUR,9.230455128644355E-4,0.15378700499797437,0.17279507881576894,0.1860822760476689,753098.9315834069,0.09438355758365541,-0.11374086889657825,0.2761399461745483,7991881
372,21,ODISHA,SUBARNAPUR,0.059115724721263446,0.17937716262983433,0.19291041906954806,0.19986159169548434,389437.65059688734,0.1378962039480517,-0.08421376393694734,0.2761399461745483,2830803
373,21,ODISHA,SUNDARGARH,0.00885813148788954,0.17279507881570097,0.18608227604770505,0.1998615916955704,1322344.3907191916,0.11286515642370483,-0.15378700499807765,0.2761399461745483,11732129
349,21,ODISHA,BAUDH (BAUDA),0.006850738639104707,0.17279507881575615,0.18608227604767835,0.19986159169548517,416076.24847040017,0.11239729095169515,-0.1085121107266436,0.2599000384467512,3710015
598,34,PUDUCHERRY,KARAIKAL,-0.03844675124951957,0.135886197616303,0.15378700499807643,0.17279507881583936,13122.931646136967,0.07250306810962097,-0.14769703960015382,0.29287197231833906,183071
599,34,PUDUCHERRY,MAHE,0.08421376393694735,0.2364628988850465,0.24415224913494643,0.251964628988851,2024.6253293228324,0.19949614264187077,-0.024605920799692427,0.31009611687812383,10600
600,34,PUDUCHERRY,PUDUCHERRY,-0.015747789311803116,0.1476970396001577,0.1663360246059237,0.1929104190695899,29344.947319506868,0.08611134349960557,-0.15378700499807765,0.3278123798539023,347013
601,34,PUDUCHERRY,YANAM,0.04822760476739707,0.19986159169549875,0.21413302575932383,0.23646289888504418,6106.5723123684975,0.1384233907902368,-0.05536332179930796,0.28444444444444444,44886
027,03,PUNJAB,AMRITSAR,-0.08882737408688275,0.03254133025758426,0.04158400615147427,0.048227604767400734,-9861.283034972426,-0.0028108332450710416,-0.2288965782391388,0.14769703960015382,3515937
605,03,PUNJAB,BARNALA,-0.07111111111111396,0.04822760476738698,0.051733948481345916,0.059115724721258145,25090.206860443886,0.013626959472626736,-0.2069357939254133,0.16000000000000003,1846179
028,03,PUNJAB,BATHINDA,-0.09356401384082556,0.03844675124949962,0.04484429065745445,0.05173394848134603,-2870.4030972128494,-6.588951433316898E-4,-0.3014225297962323,0.16000000000000003,4365070
029,03,PUNJAB,FARIDKOT,-0.08882737408688889,0.03844675124951699,0.04484429065744762,0.055363321799310035,6537.032421011319,0.0034547677027423154,-0.2364628988850442,0.16000000000000003,1896994
030,03,PUNJAB,FATEHGARH SAHIB,-0.07972318339100484,0.04484429065745399,0.05173394848134637,0.055363321799302735,11009.79658441558,0.007381434447761115,-0.2069357939254133,0.14173010380622836,1496589
651,03,PUNJAB,FAZILKA,-0.14769703960017114,0.022206843521718964,0.032541330257586,0.04158400615148127,-154075.0160165118,-0.04149950216996825,-0.2679584775086506,0.11909265667051133,3719961
031,03,PUNJAB,FIROZPUR,-0.08882737408688653,0.04484429065745631,0.05173394848134507,0.055363321799301875,23564.999588754,0.007647990046761092,-0.22145328719723184,0.14173010380622836,3088898
032,03,PUNJAB,GURDASPUR,-0.0797231833910031,0.04822760476738592,0.05536332179930743,0.06299115724721766,21462.134457473676,0.006279183212843461,-0.2519646289888504,0.16000000000000003,3424574
033,03,PUNJAB,HOSHIARPUR,-0.1034063821607084,0.05536332179930111,0.07111111111111812,0.0888273740868827,-22159.62042500944,-0.005005078644293996,-0.2364628988850442,0.22145328719723184,4436125
034,03,PUNJAB,JALANDHAR,-0.08882737408688536,0.0384467512495061,0.0482276047673853,0.05911572472125259,-25599.404026257493,-0.007442403289481636,-0.22145328719723184,0.17279507881584008,3448570
035,03,PUNJAB,KAPURTHALA,-0.08882737408688969,0.04158400615147796,0.048227604767399734,0.05536332179930711,-9268.604185358876,-0.0043522403265641215,-0.2288965782391388,0.15378700499807765,2138434
036,03,PUNJAB,LUDHIANA,-0.07535563244905683,0.04158400615146076,0.048227604767389465,0.059115724721258436,24504.101443683485,0.0051168806295028135,-0.21413302575932336,0.17937716262975778,4796983
037,03,PUNJAB,MANSA,-0.06698961937716108,0.04822760476738525,0.05536332179932133,0.06299115724721117,32207.955895860774,0.011530580317888188,-0.186082276047674,0.14173010380622836,2800307
038,03,PUNJAB,MOGA,-0.07535563244905509,0.03844675124950294,0.044844290657452546,0.05173394848134741,17331.980907723973,0.005937485725959274,-0.2069357939254133,0.13588619761630144,2925171
039,03,PUNJAB,SRI MUKTSAR SAHIB,-0.1034063821607041,0.02712802768166553,0.03543252595155405,0.044844290657441055,-35841.55204234407,-0.010511113299678894,-0.2288965782391388,0.13016532103037293,3417177
040,03,PUNJAB,SHAHID BHAGAT SINGH NAGAR,-0.09842368319876411,0.04158400615146449,0.051733948481346693,0.06299115724721134,-9216.97650792378,-0.005601098793952367,-0.21413302575932336,0.19986159169550174,1650822
662,03,PUNJAB,PATHANKOT,-0.10340638216070398,0.048227604767393045,0.059115724721264806,0.07972318339100616,-3795.5840979382306,-0.003031248054054076,-0.2519646289888504,0.2288965782391388,1257220
041,03,PUNJAB,PATIALA,-0.07972318339100377,0.0415840061514621,0.0482276047673894,0.055363321799303394,27547.572668995454,0.00643508086544334,-0.2364628988850442,0.17279507881584008,4293984
042,03,PUNJAB,RUPNAGAR,-0.10340638216070581,0.03844675124952187,0.05173394848135065,0.07111111111111125,-20637.952161138655,-0.011535493531033475,-0.2288965782391388,0.186082276047674,1795740
043,03,PUNJAB,SANGRUR,-0.07535563244905957,0.04822760476738047,0.055363321799326064,0.06299115724721871,68352.16503853774,0.014687945463943558,-0.2288965782391388,0.16000000000000003,4664151
608,03,PUNJAB,SAS NAGAR (SAHIBZADA AJIT SINGH NAGAR),-0.1245674740484388,0.03543252595155957,0.04822760476739405,0.07111111111111294,-31593.431282275164,-0.022300519833269146,-0.2599000384467512,0.19986159169550174,1423227
609,03,PUNJAB,TARN TARAN,-0.08882737408688764,0.04158400615145745,0.04822760476739382,0.05536332179930436,10628.385865213531,0.0033722484137803134,-0.21413302575932336,0.17937716262975778,3158113
086,08,RAJASTHAN,AJMER,-0.010396001537870186,0.14769703960013303,0.1599999999999733,0.1793771626297926,973736.4040859564,0.09237625550165594,-0.2288965782391388,0.2679584775086506,10557272
087,08,RAJASTHAN,ALWAR,-0.06299115724721122,0.07535563244905345,0.0935640138408646,0.11374086889658173,184090.98024536757,0.01745165780985716,-0.2761399461745483,0.2364628988850442,10566667
088,08,RAJASTHAN,BANSWARA,0.0517339484813507,0.1860822760476302,0.1929104190695517,0.2069357939253871,767067.6481496852,0.1397545572521708,-0.1929104190695886,0.29287197231833906,5496965
089,08,RAJASTHAN,BARAN,0.006838727024859504,0.1417301038062645,0.1537870049980294,0.17279507881585032,830120.1899724884,0.09639469474250487,-0.17937716262975778,0.24415224913494812,8624299
090,08,RAJASTHAN,BARMER,-0.032541330257592586,0.11374086889657943,0.1301653210303465,0.14173010380623527,2180478.191686437,0.06201149407820374,-0.22145328719723184,0.28444444444444444,35184293
091,08,RAJASTHAN,BHARATPUR,-0.04484429065743892,0.044844290657452476,0.059115724721260615,0.07972318339101012,95549.10739540438,0.01504819303738586,-0.2069357939254133,0.1929104190695886,6364210
092,08,RAJASTHAN,BHILWARA,0.008858131487889265,0.1417301038062687,0.1537870049980341,0.1727950788158503,1244008.397717115,0.09596782567217335,-0.17937716262975778,0.2761399461745483,12977374
093,08,RAJASTHAN,BIKANER,-0.11374086889658776,0.05536332179931671,0.07111111111111339,0.08882737408688933,-199386.55622015247,-0.005209329814881822,-0.2679584775086506,0.2288965782391388,38299184
094,08,RAJASTHAN,BUNDI,-0.01574778931180286,0.12456747404847279,0.1417301038062647,0.15999999999998296,480402.9355265379,0.06727441708489118,-0.1929104190695886,0.2364628988850442,7150747
095,08,RAJASTHAN,CHITTAURGARH,0.02119388571389443,0.15999999999996264,0.17279507881584594,0.186082276047707,1052751.2676235163,0.10955918257205997,-0.1929104190695886,0.31009611687812383,9628634
096,08,RAJASTHAN,CHURU,-0.07972318339101098,0.06698961937717597,0.08421376393692855,0.09842368319875872,278842.364619984,0.015888401706353587,-0.2519646289888504,0.1929104190695886,17570047
097,08,RAJASTHAN,DAUSA,-0.03543252595155833,0.07535563244907216,0.08882737408687513,0.10340638216072233,148946.62458685588,0.03486321198064938,-0.22145328719723184,0.21413302575932336,4282491
098,08,RAJASTHAN,DHAULPUR,-0.04822760476739784,0.07972318339099925,0.09842368319874745,0.1137408688965979,100889.62177862634,0.02663137309396028,-0.16633602460592078,0.1929104190695886,3796325
099,08,RAJASTHAN,DUNGARPUR,0.051733948481353084,0.17279507881571304,0.1860822760476644,0.19986159169548592,610012.137345015,0.13270455808273146,-0.14769703960015382,0.28444444444444444,4604348
101,08,RAJASTHAN,HANUMANGARH,-0.11909265667052459,0.022206843521718395,0.03543252595155779,0.05173394848134735,-405208.09079605393,-0.0326500355564363,-0.24415224913494812,0.15378700499807765,12428490
102,08,RAJASTHAN,JAIPUR,-0.04484429065744003,0.10851211072664019,0.13016532103033693,0.14769703960017483,713683.8008727874,0.051188708345358075,-0.2069357939254133,0.2364628988850442,13958482
103,08,RAJASTHAN,JAISALMER,-0.08882737408688324,0.10851211072664997,0.13016532103034634,0.22145328719722374,2153083.4861791045,0.044696641206689584,-0.31009611687812383,0.3839138792772011,48195167
104,08,RAJASTHAN,JALOR,-0.029773164167629162,0.1190926566705359,0.13588619761634163,0.14769703960016972,844355.7298660978,0.06438098151931143,-0.2288965782391388,0.24415224913494812,13130168
105,08,RAJASTHAN,JHALAWAR,0.022206843521722416,0.15378700499800652,0.16633602460585947,0.17937716262979403,852105.2031368798,0.10966233246320331,-0.17279507881584008,0.2519646289888504,7785147
106,08,RAJASTHAN,JHUNJHUNUN,-0.07111111111111447,0.0629911572472321,0.0797231833910164,0.09842368319876084,102241.41140323563,0.013650985076059495,-0.2288965782391388,0.2288965782391388,7500078
107,08,RAJASTHAN,JODHPUR,-0.071111111111118,0.11909265667053903,0.13588619761626897,0.15378700499802256,1169049.7829812283,0.04125971411610094,-0.22145328719723184,0.28444444444444444,28354930
108,08,RAJASTHAN,KARAULI,-0.04158400615148113,0.11374086889655075,0.13016532103032943,0.14173010380624326,287331.77962906554,0.04593572302300957,-0.19986159169550174,0.2288965782391388,6265890
100,08,RAJASTHAN,GANGANAGAR,-0.16000000000000936,-0.015747789311802797,0.004484699870304964,0.024605920799691906,-1029225.24075634,-0.07357361115380401,-0.28444444444444444,0.14173010380622836,14004924
109,08,RAJASTHAN,KOTA,-0.019930795847751082,0.1417301038062901,0.1537870049979823,0.166336024605849,517542.15473823465,0.08251008606620414,-0.21413302575932336,0.24415224913494812,6284796
110,08,RAJASTHAN,NAGAUR,-0.029773164167627875,0.13016532103032288,0.14173010380627735,0.15999999999996226,1597913.2533417614,0.07162424001275738,-0.24415224913494812,0.2599000384467512,22328531
111,08,RAJASTHAN,PALI,-0.004477858047967528,0.1417301038062582,0.15999999999998615,0.1727950788158505,1419846.5991681842,0.09256968298921457,-0.1929104190695886,0.2761399461745483,15355856
629,08,RAJASTHAN,PRATAPGARH,0.044844290657438134,0.17279507881566036,0.1860822760476318,0.19986159169548345,692440.0687795987,0.12764094425616804,-0.16633602460592078,0.28444444444444444,5433909
112,08,RAJASTHAN,RAJ SAMAND,-0.021046612668757996,0.13588619761634174,0.1537870049980738,0.16633602460592492,491280.1064422152,0.08603958866404149,-0.2364628988850442,0.29287197231833906,5723908
113,08,RAJASTHAN,SAWAI MADHOPUR,-0.02977316416762808,0.08882737408687805,0.10851211072665845,0.13016532103036269,252603.75138867344,0.04041584196393484,-0.17937716262975778,0.2364628988850442,6261504
114,08,RAJASTHAN,SIKAR,-0.05536332179930859,0.09356401384086963,0.10340638216073625,0.11909265667052747,394101.46763454046,0.04049147888437439,-0.24415224913494812,0.22145328719723184,9747199
115,08,RAJASTHAN,SIROHI,-0.010396001537870219,0.1301653210303267,0.14769703960017252,0.1600000000000089,518292.20449698105,0.08210788413227736,-0.2069357939254133,0.2761399461745483,6321547
116,08,RAJASTHAN,TONK,-0.019930795847751072,0.09356401384085915,0.11374086889657099,0.13588619761634857,437441.0936694329,0.04890182751579528,-0.17937716262975778,0.24415224913494812,8958642
117,08,RAJASTHAN,UDAIPUR,0.0017460057504987791,0.1537870049979868,0.16633602460584698,0.17937716262979644,1447508.7194995673,0.10083161901921067,-0.2288965782391388,0.2761399461745483,14373207
225,11,SIKKIM,EAST,-0.14173010380623602,0.01777777777777914,0.03543252595155971,0.059115724721263085,-49521.57177624757,-0.042052395339628956,-0.2519646289888504,0.2069357939254133,1180616
226,11,SIKKIM,NORTH,-0.19986159169548598,-0.029773164167631216,-0.01205690119184855,0.006808620070365536,-509990.49941571144,-0.09571191783050867,-0.3278123798539023,0.15378700499807765,5335204
227,11,SIKKIM,SOUTH,-0.15378700499807557,0.03543252595155967,0.055363321799308904,0.07535563244905943,-34319.05836710813,-0.037333016950466,-0.29287197231833906,0.19986159169550174,922577
228,11,SIKKIM,WEST,-0.1537870049980852,0.010396001537870283,0.027128027681660605,0.048227604767394947,-78565.258013852,-0.05206430475335882,-0.2761399461745483,0.2069357939254133,1512801
610,33,TAMIL NADU,ARIYALUR,-0.006807229333464834,0.1599999999999848,0.179377162629787,0.19986159169548876,195107.18056718356,0.0884826726785158,-0.15378700499807765,0.31009611687812383,2209715
730,33,TAMIL NADU,CHENGALPATTU,0.0058667139990556194,0.1599999999999818,0.17937716262978673,0.20693579392540112,316133.34803137695,0.1013633483487834,-0.19986159169550174,0.37425605536332185,3125557
568,33,TAMIL NADU,CHENNAI,0.0026514634942387968,0.14173010380624204,0.1537870049980815,0.17279507881584533,35023.68216290882,0.09137096092870285,-0.13016532103037293,0.2679584775086506,385506
569,33,TAMIL NADU,COIMBATORE,-0.04822760476739617,0.19986159169548223,0.2141330257592556,0.2288965782391199,672388.7613972452,0.1251277578164069,-0.2761399461745483,0.3188927335640138,5383851
570,33,TAMIL NADU,CUDDALORE,-0.005721013653910151,0.17279507881579023,0.19291041906953965,0.214133025759255,438367.1509149884,0.10378546039119124,-0.14173010380622836,0.37425605536332185,4233341
571,33,TAMIL NADU,DHARMAPURI,0.05173394848135194,0.21413302575925758,0.22145328719725213,0.23646289888502375,800838.1884193189,0.15578159787639384,-0.14173010380622836,0.34602076124567477,5150772
572,33,TAMIL NADU,DINDIGUL,-0.06698961937716263,0.1860822760476295,0.19986159169548293,0.21413302575930906,813397.2738559361,0.11823317148889091,-0.2599000384467512,0.3278123798539023,6891183
573,33,TAMIL NADU,ERODE,0.0017330325282646287,0.19986159169548284,0.21413302575924525,0.22889657823911366,795241.724155646,0.13642140545894912,-0.19986159169550174,0.3188927335640138,5843263
574,33,TAMIL NADU,KANCHIPURAM,0.012056901191849389,0.15999999999999776,0.17937716262977657,0.1998615916954917,207641.0821016466,0.10369497253878317,-0.17279507881584008,0.3188927335640138,2010389
729,33,TAMIL NADU,KALLAKKURICHI,0.03543252595155896,0.19291041906954517,0.21413302575928386,0.22889657823912754,539534.1778049269,0.13375405388473358,-0.11909265667051133,0.3553094963475586,4041352
575,33,TAMIL NADU,KANYAKUMARI,-0.05173394848135486,0.20693579392537934,0.22889657823909565,0.24415224913492278,226785.7084860741,0.11951790897983093,-0.2761399461745483,0.3839138792772011,1902020
576,33,TAMIL NADU,KARUR,0.06299115724721135,0.1860822760476877,0.19291041906957013,0.20693579392539205,469511.82346135454,0.14204539378797273,-0.11374086889657825,0.33685505574778934,3313874
578,33,TAMIL NADU,MADURAI,-0.005732637801957306,0.19986159169548268,0.21413302575926832,0.2364628988850543,582337.4082455395,0.13840429633998458,-0.2364628988850442,0.3553094963475586,4217505
587,33,TAMIL NADU,NILGIRIS,-0.10851211072664177,0.17937716262982048,0.1929104190695545,0.21413302575929097,182535.5490999718,0.06582848189301695,-0.2599000384467512,0.3553094963475586,2779224
579,33,TAMIL NADU,NAGAPATTINAM,-0.01673562167760085,0.14769703960016964,0.16633602460589916,0.17937716262978906,251512.7814197105,0.08610931200374589,-0.14769703960015382,0.36472126105344094,2930267
580,33,TAMIL NADU,NAMAKKAL,0.012984788420411992,0.21413302575927737,0.228896578239099,0.2441522491349317,608143.2986708605,0.15602245114255628,-0.2761399461745483,0.37425605536332185,3905479
581,33,TAMIL NADU,PERAMBALUR,0.06299115724721133,0.20693579392537662,0.2214532871972132,0.23646289888505356,316996.5628944666,0.15834997675831455,-0.13588619761630144,0.3553094963475586,2007167
582,33,TAMIL NADU,PUDUKKOTTAI,0.010396001537870254,0.17279507881581624,0.18608227604769997,0.20693579392539205,583428.2798852733,0.11033153939794137,-0.13588619761630144,0.34602076124567477,5299699
583,33,TAMIL NADU,RAMANATHAPURAM,-0.04158400615148102,0.13588619761633225,0.1600000000000151,0.17937716262976855,323821.90560368437,0.06954803124188488,-0.17937716262975778,0.34602076124567477,4668989
731,33,TAMIL NADU,RANIPPETTAI,0.032541330257592815,0.17279507881581688,0.18608227604770544,0.20693579392539857,257565.21873849322,0.12139137377104495,-0.11909265667051133,0.3188927335640138,2128423
584,33,TAMIL NADU,SALEM,0.00967825442761032,0.21413302575920803,0.22889657823910256,0.24415224913492803,1038523.5170881371,0.15150008911824145,-0.21413302575932336,0.3839138792772011,6871944
585,33,TAMIL NADU,SIVAGANGA,0.025973925499006453,0.1793771626298232,0.19986159169548423,0.2141330257593166,593529.8260539221,0.1232789096332927,-0.16633602460592078,0.37425605536332185,4827074
588,33,TAMIL NADU,TENI,-0.07972318339100787,0.192910419069547,0.20693579392538228,0.2288965782391282,336955.4467499198,0.10355232825925859,-0.24415224913494812,0.33685505574778934,3260399
733,33,TAMIL NADU,TENKASI,-0.07111111111111025,0.1599999999999985,0.17937716262977824,0.19986159169548814,292027.53050819784,0.09178595351816282,-0.2599000384467512,0.3188927335640138,3188221
586,33,TAMIL NADU,THANJAVUR,-0.008858131487889142,0.15378700499804487,0.16633602460589092,0.18608227604769365,360925.77892418776,0.0926039154642676,-0.16000000000000003,0.3278123798539023,3908681
590,33,TAMIL NADU,THIRUVARUR,-0.004484711217915545,0.15378700499801992,0.16633602460589264,0.1793771626297795,258149.48230790044,0.10020377047218035,-0.14769703960015382,0.2761399461745483,2584269
591,33,TAMIL NADU,TIRUCHIRAPALLI,0.04484429065743844,0.2069357939253777,0.2214532871972446,0.24415224913492667,757397.7273911678,0.14801899613300068,-0.16633602460592078,0.3839138792772011,5131417
592,33,TAMIL NADU,TIRUNELVELI,-0.10851211072663926,0.1358861976163513,0.1600000000000054,0.1793771626297691,265945.3546929001,0.06057415916178441,-0.29287197231833906,0.33685505574778934,4398780
634,33,TAMIL NADU,TIRUPPUR,0.016804752798184,0.19291041906954995,0.20693579392538186,0.22145328719720653,817529.5614257663,0.13819841400048188,-0.19986159169550174,0.3278123798539023,5928070
732,33,TAMIL NADU,TIRUPPATTUR,0.03705206299690138,0.1998615916954829,0.2141330257592834,0.22889657823913015,348371.28403376834,0.14374004062014437,-0.2069357939254133,0.3188927335640138,2429659
589,33,TAMIL NADU,TIRUVALLUR,0.02460592079969245,0.1793771626298127,0.1998615916954853,0.22145328719722174,450825.0425439128,0.12155731880117689,-0.11909265667051133,0.37425605536332185,3721243
593,33,TAMIL NADU,TIRUVANNAMALAI,0.03706889001602912,0.18608227604764024,0.1998615916954834,0.22145328719721424,888719.66909298,0.12565042157022988,-0.17279507881584008,0.36472126105344094,7086228
594,33,TAMIL NADU,TUTICORIN,-0.012941757420704445,0.17937716262977893,0.1929104190695482,0.2069357939253867,559060.2958860341,0.1042227758737545,-0.186082276047674,0.3278123798539023,5373009
595,33,TAMIL NADU,VELLORE,0.05536332179930778,0.1929104190695336,0.20693579392538441,0.22145328719721022,345412.75524834776,0.1428874869215516,-0.11374086889657825,0.3278123798539023,2425418
596,33,TAMIL NADU,VILLUPURAM,0.013022362725198735,0.16000000000000228,0.18608227604769892,0.21413302575932797,428274.2990869828,0.1023095190064416,-0.16633602460592078,0.34602076124567477,4197052
597,33,TAMIL NADU,VIRUDHUNAGAR,-0.005748279233337385,0.19986159169548226,0.2214532871972025,0.23646289888505098,652113.7670494157,0.13568369145899273,-0.21413302575932336,0.3839138792772011,4816093
577,33,TAMIL NADU,KRISHNAGIRI,0.05173394848135166,0.19986159169548298,0.2141330257592684,0.22889657823912038,834768.3612449896,0.141991058494339,-0.17279507881584008,0.33685505574778934,5891097
501,36,TELANGANA,ADILABAD,0.11909265667051429,0.22889657823908963,0.23646289888507815,0.2441522491349807,894074.0563578424,0.18878757300663723,-0.07535563244905807,0.3014225297962323,4743469
507,36,TELANGANA,HYDERABAD,0.035432525951556534,0.1663360246059253,0.1793771626297501,0.19291041906958195,28918.269683156614,0.12902854740123879,-0.07972318339100345,0.2761399461745483,225991
508,36,TELANGANA,KARIMNAGAR,0.09356401384082479,0.18608227604763466,0.1929104190695506,0.20693579392539285,367453.086122539,0.15578018457489848,-0.019930795847750864,0.28444444444444444,2364683
690,36,TELANGANA,BHADRADRI KOTHAGUDEM,0.048227604767396445,0.1793771626297807,0.19291041906955517,0.20693579392538683,1081074.4561496815,0.1334655330262809,-0.09842368319876971,0.3278123798539023,8112200
512,36,TELANGANA,MAHABUBNAGAR,0.09356401384082481,0.19986159169548812,0.2069357939253777,0.22145328719721552,534708.9305386057,0.16354421023073293,-0.11374086889657825,0.3188927335640138,3277821
692,36,TELANGANA,SIDDIPET,0.07535563244905223,0.19291041906952466,0.19986159169548284,0.21413302575929377,655517.1977225515,0.1505449611811248,-0.07535563244905807,0.3014225297962323,4362172
514,36,TELANGANA,NALGONDA,0.08882737408688718,0.19986159169564166,0.21413302575923396,0.22145328719720486,1402822.3897787393,0.16678709935314606,-0.07972318339100345,0.3278123798539023,8420108
516,36,TELANGANA,NIZAMABAD,0.07111111111111494,0.1998615916954823,0.20693579392537717,0.22145328719721893,787913.8115810298,0.15863706862905783,-0.044844290657439445,0.3014225297962323,4973584
518,36,TELANGANA,RANGAREDDY,0.07535563244905115,0.1998615916955172,0.21413302575924853,0.22889657823912118,938217.5933525654,0.16059757062522778,-0.13588619761630144,0.3188927335640138,5852435
720,36,TELANGANA,MULUGU,0.08421376393694775,0.1998615916956507,0.20693579392537617,0.22145328719728702,813817.830190887,0.161237867575421,-0.07535563244905807,0.29287197231833906,5054976
695,36,TELANGANA,JOGULAMBA GADWAL,0.09842368319877147,0.22145328719725627,0.23646289888508232,0.24415224913501152,534917.3991399608,0.1788282212321942,-0.03844675124951941,0.31009611687812383,2996596
699,36,TELANGANA,KUMURAM BHEEM,0.09842368319877216,0.20693579392537303,0.22145328719717508,0.22889657823910317,931794.9294274204,0.17348993975715793,-0.029773164167627833,0.31009611687812383,5379788
684,36,TELANGANA,MANCHERIAL,0.09356401384082662,0.19291041906951545,0.19986159169554654,0.21413302575929205,735418.9159188102,0.1614472176568266,-0.041584006151480196,0.3014225297962323,4563416
680,36,TELANGANA,NIRMAL,0.07535563244905143,0.21413302575930518,0.22145328719730775,0.23646289888500652,751786.5978716698,0.1712107476862189,-0.05911572472126105,0.29287197231833906,4400168
685,36,TELANGANA,KAMAREDDY,0.09356401384083357,0.2214532871972832,0.22889657823909682,0.24415224913492628,785497.6724483115,0.17818541831446086,-0.041584006151480196,0.3278123798539023,4417377
691,36,TELANGANA,SANGAREDDY,0.09356401384082334,0.23646289888499883,0.24415224913515857,0.2599000384467957,1015023.5525919221,0.1943553973300723,-0.07972318339100345,0.3278123798539023,5234286
694,36,TELANGANA,NAGARKURNOOL,0.08882737408688565,0.20693579392537353,0.22145328719721966,0.2364628988850192,1214226.0325760609,0.16815766357459494,-0.0629911572472126,0.33685505574778934,7230954
693,36,TELANGANA,WANAPARTHY,0.09356401384082418,0.19986159169548323,0.21413302575929638,0.2288965782391241,405733.990763429,0.15988005650251494,-0.06698961937716265,0.3014225297962323,2543857
721,36,TELANGANA,NARAYANPET,0.10340638216070519,0.2214532871972786,0.22889657823909593,0.23646289888504923,511784.71484751767,0.18230855464228382,-0.017777777777777778,0.3014225297962323,2813898
698,36,TELANGANA,VIKARABAD,0.1137408688965745,0.23646289888509484,0.24415224913504596,0.25196462898889094,840162.1781867574,0.1938632911302357,-0.11374086889657825,0.3188927335640138,4341820
700,36,TELANGANA,MEDCHAL-MALKAJGIRI,0.05173394848135466,0.18608227604766012,0.19986159169548487,0.20693579392539682,174712.83549032637,0.13867208078829432,-0.11909265667051133,0.3014225297962323,1263977
697,36,TELANGANA,YADADRI BHUVANAGIRI,0.08882737408688118,0.19291041906951784,0.19986159169548243,0.2141330257593112,591531.0821000717,0.1564466127042554,-0.0629911572472126,0.3014225297962323,3788544
696,36,TELANGANA,SURYAPET,0.0935640138408256,0.19986159169559328,0.20693579392537745,0.2214532871972172,700843.3097271293,0.16683973390906504,-0.07535563244905807,0.31009611687812383,4207558
509,36,TELANGANA,KHAMMAM,0.05911572472126429,0.19986159169566226,0.21413302575922874,0.2214532871972312,880827.8872436855,0.16098828168514326,-0.09356401384083046,0.31009611687812383,5483474
688,36,TELANGANA,MAHABUBABAD,0.08882737408688761,0.19986159169557938,0.20693579392537703,0.2214532871972311,676880.8589456237,0.1629965605313855,-0.0271280276816609,0.3188927335640138,4159758
689,36,TELANGANA,JANGAON,0.08882737408688186,0.192910419069533,0.19986159169548331,0.21413302575931037,440488.49945281644,0.15494902050745288,-0.07535563244905807,0.3188927335640138,2848930
686,36,TELANGANA,WARANGAL (URBAN),0.08882737408688725,0.18608227604771826,0.19986159169548412,0.21413302575933083,210486.52251701537,0.15390925297541797,-0.05536332179930796,0.29287197231833906,1371299
522,36,TELANGANA,WARANGAL (RURAL),0.09356401384082541,0.19291041906951673,0.2069357939253791,0.21413302575930668,426608.0573112809,0.1624927873491435,-0.08882737408688965,0.3014225297962323,2631366
687,36,TELANGANA,JAYASHANKAR BHUPALAPALLY,0.08421376393694749,0.18608227604762978,0.1929104190695523,0.20693579392538958,523406.1972527397,0.15459087618114428,-0.0629911572472126,0.28444444444444444,3392864
682,36,TELANGANA,PEDDAPALLI,0.088827374086883,0.186082276047651,0.19291041906955245,0.20693579392538983,402252.5209230393,0.155550281451646,-0.01574778931180315,0.31009611687812383,2590845
681,36,TELANGANA,JAGTIAL,0.10340638216070558,0.19291041906950732,0.1998615916954826,0.2141330257593013,555972.166642765,0.16328640644724818,-0.019930795847750864,0.3014225297962323,3410637
683,36,TELANGANA,RANJANNA SIRCILLA,0.09356401384082418,0.1998615916955967,0.20693579392537906,0.22145328719720905,351981.64592454955,0.1653165769690477,-0.0629911572472126,0.29287197231833906,2133794
513,36,TELANGANA,MEDAK,0.09356401384082588,0.2069357939253756,0.22145328719729923,0.23646289888505642,538786.8031830941,0.16696722773146927,-0.06698961937716265,0.31009611687812383,3235035
269,16,TRIPURA,DHALAI,-0.07972318339100912,0.09842368319876746,0.11909265667051365,0.14769703960015237,67679.36316209617,0.024335771923286124,-0.17279507881584008,0.2519646289888504,2787504
654,16,TRIPURA,GOMATI,-0.07111111111111165,0.1190926566705259,0.13588619761632853,0.15378700499808565,90184.42650843512,0.04577162180959657,-0.186082276047674,0.2679584775086506,1976295
652,16,TRIPURA,KHOWAI,-0.06698961937716207,0.11909265667052124,0.141730103806241,0.16000000000000292,61454.03010303799,0.04785680053981836,-0.17279507881584008,0.24415224913494812,1288086
270,16,TRIPURA,NORTH TRIPURA,-0.08882737408688453,0.09356401384082394,0.11909265667050738,0.14173010380622802,33123.51900103676,0.020134573954818442,-0.1929104190695886,0.2364628988850442,1650811
653,16,TRIPURA,SEPAHIJALA,-0.027128027681661303,0.1358861976163331,0.1537870049980874,0.1663360246059247,106219.72397362202,0.08237288265915312,-0.16000000000000003,0.29287197231833906,1294414
271,16,TRIPURA,SOUTH TRIPURA,-0.04822760476739565,0.13016532103035533,0.14769703960016503,0.16633602460592445,112477.52603555776,0.0633639362689211,-0.16000000000000003,0.2679584775086506,1781389
655,16,TRIPURA,UNOKOTI,-0.07535563244905966,0.11374086889660168,0.13016532103036343,0.14769703960016295,31726.916660883584,0.03761972409021527,-0.16633602460592078,0.2364628988850442,846595
272,16,TRIPURA,WEST TRIPURA,-0.041584006151481036,0.13588619761629586,0.15378700499808545,0.17279507881584769,86279.92964971077,0.07494024252366896,-0.14769703960015382,0.2679584775086506,1154860
118,09,UTTAR PRADESH,AGRA,-0.05173394848134981,0.051733948481345625,0.06299115724721473,0.07535563244904984,74255.2133422565,0.014649068152989686,-0.17937716262975778,0.186082276047674,5084762
119,09,UTTAR PRADESH,ALIGARH,-0.05911572472126386,0.035432525951559525,0.041584006151471044,0.051733948481349275,15468.224120875917,0.0033010618851251417,-0.186082276047674,0.15378700499807765,4695914
121,09,UTTAR PRADESH,AMBEDKARNAGAR,9.283386787886801E-4,0.08882737408691477,0.09842368319874117,0.10851211072665459,174494.39016898247,0.060165155545601375,-0.1085121107266436,0.186082276047674,2907631
640,09,UTTAR PRADESH,AMETHI,-0.010396001537870216,0.08882737408690146,0.09842368319874893,0.10851211072664911,175083.4670413021,0.05798663237723119,-0.14769703960015382,0.1929104190695886,3027141
154,09,UTTAR PRADESH,AMROHA,-0.06299115724721122,0.029773164167631525,0.04484429065744027,0.06299115724721133,-12765.141392428017,-0.004080936334632032,-0.17279507881584008,0.186082276047674,3135410
122,09,UTTAR PRADESH,AURAIYA,-0.02977316416762789,0.06698961937717693,0.07535563244905495,0.08421376393694949,83807.21126249827,0.03326571615038912,-0.14173010380622836,0.16633602460592078,2525028
123,09,UTTAR PRADESH,AZAMGARH,-9.038911848935492E-4,0.07972318339097628,0.08882737408688073,0.09842368319876865,283468.007784663,0.054159234859033706,-0.1085121107266436,0.2069357939254133,5243512
133,09,UTTAR PRADESH,BUDAUN,-0.04822760476739505,0.048227604767384316,0.05536332179931567,0.06698961937717057,66437.531127134,0.012350262564418239,-0.17279507881584008,0.17279507881584008,5388312
124,09,UTTAR PRADESH,BAGHPAT,-0.06698961937716187,0.017777777777779356,0.02712802768166226,0.04158400615148101,-24012.95620078429,-0.014232967825549444,-0.1929104190695886,0.13588619761630144,1691561
125,09,UTTAR PRADESH,BAHRAICH,-0.013840830449826888,0.0935640138408711,0.10340638216073256,0.11374086889657946,339117.1824022299,0.054409245070875016,-0.17279507881584008,0.1929104190695886,6244557
126,09,UTTAR PRADESH,BALLIA,0.013840830449826978,0.09842368319880263,0.10851211072666213,0.11909265667051902,261936.38510873256,0.07062406773650573,-0.09356401384083046,0.19986159169550174,3717530
127,09,UTTAR PRADESH,BALRAMPUR,0.012056901191849328,0.12456747404847963,0.13588619761632628,0.141730103806245,370895.0366658693,0.08823336948546241,-0.17937716262975778,0.22145328719723184,4212204
128,09,UTTAR PRADESH,BANDA,0.017777777777777688,0.11374086889657452,0.12456747404847711,0.13016532103032993,449888.5741926527,0.08174714137283502,-0.08882737408688965,0.21413302575932336,5516307
129,09,UTTAR PRADESH,BARABANKI,-0.01384083044982695,0.08882737408688891,0.09356401384085453,0.10340638216071817,253767.57703139557,0.052743105775895666,-0.13588619761630144,0.21413302575932336,4821092
130,09,UTTAR PRADESH,BAREILLY,-0.027128027681660248,0.07111111111107937,0.07972318339099418,0.09356401384082803,198889.02837211598,0.03805088474366352,-0.16633602460592078,0.17937716262975778,5236856
131,09,UTTAR PRADESH,BASTI,0.013840830449827368,0.10340638216074621,0.11374086889659606,0.12456747404845595,262227.2013942515,0.07529241905240527,-0.11374086889657825,0.1929104190695886,3489747
179,09,UTTAR PRADESH,BHADOHI,-0.010396001537870205,0.07972318339102032,0.08882737408689229,0.09356401384082155,59680.09853240986,0.04762642981510904,-0.09356401384083046,0.15378700499807765,1258326
132,09,UTTAR PRADESH,BIJNOR,-0.0669896193771652,0.035432525951557485,0.04822760476739425,0.06299115724721124,-5955.413253270559,-0.0010111737185427242,-0.2288965782391388,0.186082276047674,5897437
134,09,UTTAR PRADESH,BULANDSHAHR,-0.0711111111111151,0.024605920799690865,0.03254133025759208,0.0448442906574387,-42348.94423055139,-0.009499990153642161,-0.2069357939254133,0.14769703960015382,4465675
135,09,UTTAR PRADESH,CHANDAULI,0.01777777777777822,0.1085121107266244,0.11374086889656483,0.12456747404846619,244895.4066546085,0.07793379981481184,-0.11374086889657825,0.2069357939254133,3149762
136,09,UTTAR PRADESH,CHITRAKOOT,0.012056901191848829,0.1301653210303225,0.14173010380627052,0.15999999999999537,322265.3089083864,0.0818593558634077,-0.08882737408688965,0.2288965782391388,3947058
137,09,UTTAR PRADESH,DEORIA,0.013840830449826659,0.09356401384087883,0.09842368319874571,0.10851211072664803,208943.7870055108,0.06612730226643468,-0.08421376393694734,0.17937716262975778,3167421
140,09,UTTAR PRADESH,AYODHYA,-0.004477400478755432,0.09356401384087065,0.10340638216073207,0.11374086889657797,205022.24548627168,0.06109144701134561,-0.14769703960015382,0.1929104190695886,3363207
138,09,UTTAR PRADESH,ETAH,-0.03844675124951984,0.05173394848134469,0.05911572472125711,0.06698961937717077,53737.94912842513,0.017634200134009702,-0.13016532103037293,0.14769703960015382,3057112
139,09,UTTAR PRADESH,ETAWAH,-0.035432525951558436,0.07111111111112009,0.07972318339101586,0.088827374086882,96203.7855215539,0.03310753630726698,-0.16633602460592078,0.16633602460592078,2912455
141,09,UTTAR PRADESH,FARRUKHABAD,-0.04484429065743789,0.04484429065745395,0.051733948481345465,0.06299115724721119,28707.85408518285,0.010479637758409228,-0.17279507881584008,0.15378700499807765,2746061
142,09,UTTAR PRADESH,FATEHPUR,-0.010396001537870238,0.08421376393694964,0.09356401384085601,0.10340638216072147,262563.2919724138,0.050781669905362876,-0.13016532103037293,0.17279507881584008,5179341
143,09,UTTAR PRADESH,FIROZABAD,-0.04484429065743781,0.051733948481345,0.06299115724721112,0.07111111111111619,49084.04687893839,0.016171591191514886,-0.16000000000000003,0.15378700499807765,3043033
144,09,UTTAR PRADESH,GAUTAMBUDHNAGAR,-0.09356401384082545,0.032541330257589436,0.04158400615148126,0.0482276047673952,-14321.414007460482,-0.007988746412093564,-0.2288965782391388,0.13588619761630144,1799130
146,09,UTTAR PRADESH,GAZIPUR,0.010396001537870243,0.0984236831987361,0.10340638216073639,0.11374086889659121,275437.0681056894,0.06584764110778081,-0.1085121107266436,0.186082276047674,4191005
145,09,UTTAR PRADESH,GHAZIABAD,-0.09356401384082388,0.019930795847752023,0.03254133025759224,0.04822760476739593,-22428.46115599496,-0.019335303225796442,-0.21413302575932336,0.14769703960015382,1164347
147,09,UTTAR PRADESH,GONDA,0.0045059270209792165,0.10851211072657219,0.11909265667053635,0.13016532103034031,349531.3648473966,0.07007385307771785,-0.1085121107266436,0.2069357939254133,4997607
148,09,UTTAR PRADESH,GORAKHPUR,-9.086514128081572E-4,0.08421376393693292,0.09356401384086196,0.10340638216072023,235825.25690504903,0.05673414195413414,-0.14173010380622836,0.186082276047674,4167218
149,09,UTTAR PRADESH,HAMIRPUR,0.013840830449826695,0.10340638216074662,0.11374086889659163,0.11909265667052718,363288.6133195642,0.07527537983615915,-0.13016532103037293,0.19986159169550174,4836349
661,09,UTTAR PRADESH,HAPUR,-0.08882737408688254,0.01777777777777911,0.027128027681661126,0.041584006151480994,-29581.441715708188,-0.020822762595299856,-0.2069357939254133,0.15378700499807765,1425629
150,09,UTTAR PRADESH,HARDOI,-0.024605920799692003,0.07111111111109347,0.0797231833910174,0.08882737408688907,285773.5703508088,0.038012598631460295,-0.13588619761630144,0.17937716262975778,7529334
163,09,UTTAR PRADESH,HATHRAS,-0.059115724721264085,0.029773164167631233,0.0384467512495169,0.048227604767399485,-3486.8156984533575,-0.0015544113770986838,-0.17279507881584008,0.12456747404844293,2250134
151,09,UTTAR PRADESH,JALAUN,0.002648889623888884,0.08882737408690793,0.09842368319874344,0.10340638216073104,352518.6548915057,0.062169644179315045,-0.12456747404844293,0.17937716262975778,5680240
152,09,UTTAR PRADESH,JAUNPUR,-0.006801179174051788,0.08421376393697375,0.0935640138408568,0.098423683198761,260845.48970755812,0.052192374143907184,-0.12456747404844293,0.17937716262975778,5008032
153,09,UTTAR PRADESH,JHANSI,0.00885813148788926,0.11909265667053504,0.12456747404847475,0.1358861976163417,511560.2200891791,0.08237950744261398,-0.16633602460592078,0.22145328719723184,6229627
155,09,UTTAR PRADESH,KANNAUJ,-0.05173394848134732,0.05173394848134589,0.06299115724721116,0.07111111111111684,21132.236148560696,0.008073273584156137,-0.16000000000000003,0.15378700499807765,2623727
157,09,UTTAR PRADESH,KANPUR,-0.03254133025759263,0.0753556324490444,0.08421376393695976,0.09356401384082356,139024.7041181653,0.037229871829929116,-0.16000000000000003,0.17279507881584008,3743531
156,09,UTTAR PRADESH,KANPUR DEHAT,-0.022206843521721194,0.07111111111110409,0.07972318339101354,0.08882737408687817,152249.58407867257,0.038697217807650855,-0.14769703960015382,0.17937716262975778,3941798
633,09,UTTAR PRADESH,KASGANJ,-0.041584006151481154,0.04484429065745157,0.05536332179930212,0.06698961937716436,32642.245757070286,0.013220163842379512,-0.13016532103037293,0.16000000000000003,2475748
158,09,UTTAR PRADESH,KAUSHAMBI,-0.006816246147052053,0.07972318339101346,0.08882737408687615,0.09842368319877001,112027.24917579207,0.05062797030993208,-0.1085121107266436,0.17279507881584008,2218096
159,09,UTTAR PRADESH,KHERI,-0.024605920799692226,0.08421376393697136,0.09356401384085888,0.10340638216072372,465306.399583495,0.04785107253436039,-0.2069357939254133,0.19986159169550174,9738027
160,09,UTTAR PRADESH,KUSHINAGAR,0.012056901191849283,0.10340638216074154,0.10851211072666497,0.11909265667051526,262983.7033321689,0.07314533854204669,-0.09842368319876971,0.2069357939254133,3604253
161,09,UTTAR PRADESH,LALITPUR,0.024605920799692295,0.13588619761631873,0.14769703960012717,0.15999999999998307,622486.4932494848,0.10049057174901399,-0.11909265667051133,0.2288965782391388,6203252
162,09,UTTAR PRADESH,LUCKNOW,-0.03254133025759258,0.08882737408690328,0.09842368319874992,0.10851211072665161,145073.52962719864,0.04586813351322092,-0.16633602460592078,0.186082276047674,3170059
165,09,UTTAR PRADESH,MAHOBA,0.01993079584775085,0.12456747404847968,0.13588619761633824,0.14173010380623172,376496.994513467,0.09331886591985776,-0.14173010380622836,0.2288965782391388,4045255
166,09,UTTAR PRADESH,MAINPURI,-0.035432525951559185,0.06299115724724154,0.07111111111110799,0.07972318339101515,87305.62450851113,0.025420525767003866,-0.15378700499807765,0.17279507881584008,3441554
167,09,UTTAR PRADESH,MATHURA,-0.055363321799306614,0.0448442906574556,0.05173394848134501,0.0591157247212521,54141.11840311082,0.012873532283143573,-0.21413302575932336,0.14173010380622836,4213749
168,09,UTTAR PRADESH,MAU,0.012056901191849219,0.09356401384087668,0.10340638216072877,0.10851211072664627,144441.4223839036,0.06700282007107676,-0.08421376393694734,0.17937716262975778,2161729
169,09,UTTAR PRADESH,MEERUT,-0.07535563244905132,0.0199307958477534,0.0354325259515604,0.05173394848135194,-51323.83678342346,-0.015516360200191238,-0.17937716262975778,0.15378700499807765,3314219
170,09,UTTAR PRADESH,MIRZAPUR,0.004501503673111293,0.1137408688965656,0.12456747404847214,0.14173010380623066,400705.2810673828,0.07370605114364569,-0.14769703960015382,0.2519646289888504,5447558
171,09,UTTAR PRADESH,MORADABAD,-0.051733948481350246,0.04822760476738941,0.059115724721256147,0.07111111111111618,32656.348526731224,0.013159423212831863,-0.17937716262975778,0.17279507881584008,2489342
172,09,UTTAR PRADESH,MUZAFFARNAGAR,-0.07535563244905501,0.027128027681664394,0.04158400615148123,0.05911572472126434,-40828.46899226315,-0.011649321813252284,-0.17937716262975778,0.16633602460592078,3511799
173,09,UTTAR PRADESH,PILIBHIT,-0.019930795847751807,0.08421376393697468,0.09356401384086273,0.10340638216072397,253233.2511213193,0.053003576385095764,-0.14173010380622836,0.17937716262975778,4788939
174,09,UTTAR PRADESH,PRATAPGARH,-0.015747789311802853,0.08882737408689649,0.0935640138408635,0.10340638216072433,237501.98484629625,0.05159198856277174,-0.13588619761630144,0.17937716262975778,4613609
175,09,UTTAR PRADESH,RAIBEARELI,-0.015747789311802846,0.08882737408687964,0.0935640138408642,0.10340638216072896,252549.15326595094,0.051683090932596515,-0.13588619761630144,0.186082276047674,4896223
176,09,UTTAR PRADESH,RAMPUR,-0.044844290657440625,0.05911572472125769,0.0669896193771745,0.07972318339100956,70507.84960645984,0.023414149980324084,-0.16000000000000003,0.15378700499807765,3018922
177,09,UTTAR PRADESH,SAHARANPUR,-0.08882737408688195,0.03543252595155702,0.059115724721262516,0.08421376393694693,-65576.36252826363,-0.01371008587155099,-0.19986159169550174,0.2599000384467512,4790695
659,09,UTTAR PRADESH,SAMBHAL,-0.06299115724721124,0.03254133025758357,0.04158400615146866,0.048227604767395585,1045.8695868074376,3.3953410246834317E-4,-0.17937716262975778,0.12456747404844293,3088314
178,09,UTTAR PRADESH,SANTKABIRNAGAR,0.0026588157634221438,0.09356401384087895,0.09842368319873931,0.10851211072665068,127427.02151362784,0.0621242828015691,-0.09842368319876971,0.186082276047674,2058853
180,09,UTTAR PRADESH,SHAHJAHANPUR,-0.013840830449826844,0.0797231833909865,0.08882737408687037,0.09842368319877051,254621.96078608884,0.04672369071775686,-0.14173010380622836,0.186082276047674,5462736
660,09,UTTAR PRADESH,SHAMLI,-0.07535563244905102,0.01993079584775242,0.03254133025759464,0.044844290657438036,-31103.89922164731,-0.01921060179104426,-0.19986159169550174,0.13588619761630144,1623202
181,09,UTTAR PRADESH,SHRAWASTI,-9.121450781400146E-4,0.10340638216074317,0.11374086889660524,0.12456747404845003,170339.90013519482,0.07000820253764845,-0.2069357939254133,0.1929104190695886,2439319
182,09,UTTAR PRADESH,SIDDHARTHNAGAR,0.019930795847751332,0.1137408688965411,0.1190926566705341,0.13016532103035344,305489.48977208603,0.08409386693545139,-0.13016532103037293,0.19986159169550174,3640380
183,09,UTTAR PRADESH,SITAPUR,-0.01205690119184885,0.08882737408688633,0.0935640138408601,0.10851211072664999,384440.52693335805,0.05325214506135903,-0.16000000000000003,0.1929104190695886,7230057
184,09,UTTAR PRADESH,SONBHADRA,0.004513587147101496,0.11909265667053671,0.13016532103033304,0.14173010380622295,676012.2162587513,0.08010574158358366,-0.10340638216070744,0.2599000384467512,8450002
185,09,UTTAR PRADESH,SULTANPUR,-0.008858131487889167,0.0888273740868814,0.09842368319875444,0.10851211072664835,189191.5321616048,0.05686553768730423,-0.14769703960015382,0.186082276047674,3335749
186,09,UTTAR PRADESH,UNNAO,-0.029773164167628017,0.07535563244905293,0.08421376393696685,0.09356401384083658,222042.6460564687,0.038941652863208776,-0.14173010380622836,0.17279507881584008,5712341
187,09,UTTAR PRADESH,VARANASI,-0.004477307369308319,0.07972318339098318,0.08882737408686564,0.10340638216072486,95758.23843774632,0.0505689172073122,-0.13588619761630144,0.17279507881584008,1899363
120,09,UTTAR PRADESH,PRAYAGRAJ,-0.004472372049046801,0.09842368319879438,0.10851211072663586,0.11374086889656675,412476.3680981814,0.06105808828095205,-0.14173010380622836,0.2364628988850442,6766620
164,09,UTTAR PRADESH,MAHARAJGANJ,0.008858131487889196,0.11374086889655018,0.11909265667053388,0.12456747404846487,300414.0097310109,0.08134560876144412,-0.14769703960015382,0.2069357939254133,3700747
045,05,UTTARAKHAND,ALMORA,-0.07111111111111172,0.10851211072665796,0.12456747404846072,0.14769703960015718,151096.8165126639,0.03742353151234663,-0.2519646289888504,0.2679584775086506,4045433
046,05,UTTARAKHAND,BAGESHWAR,-0.15378700499808642,0.08421376393695552,0.1034063821607161,0.12456747404844534,-15178.694385455654,-0.005276746644129007,-0.2679584775086506,0.2519646289888504,2883079
048,05,UTTARAKHAND,CHAMPAWAT,-0.07111111111111323,0.09842368319877072,0.1137408688965725,0.13588619761629964,80314.98725384455,0.03552716641626834,-0.21413302575932336,0.2599000384467512,2266165
049,05,UTTARAKHAND,DEHRADUN,-0.09842368319876657,0.07535563244904607,0.09356401384082297,0.11374086889657527,52798.25731725739,0.01317270314711982,-0.2519646289888504,0.29287197231833906,4018513
050,05,UTTARAKHAND,HARIDWAR,-0.08882737408688263,0.05536332179930342,0.07535563244904975,0.10340638216070383,-510.3099621112524,-1.732822222577681E-4,-0.2364628988850442,0.2364628988850442,2950783
051,05,UTTARAKHAND,NAINITAL,-0.07972318339100509,0.07972318339101704,0.09356401384082931,0.11374086889657403,112010.08647789607,0.021950177184967157,-0.2288965782391388,0.24415224913494812,5111706
052,05,UTTARAKHAND,PAURI GARHWAL,-0.07972318339100748,0.08882737408687429,0.10851211072665651,0.13016532103037085,161223.76896407353,0.023746881468811626,-0.24415224913494812,0.24415224913494812,6797764
054,05,UTTARAKHAND,RUDRAPRAYAG,-0.15999999999999429,0.04822760476739584,0.07535563244904762,0.09842368319876829,-70628.05568176617,-0.02746607134100792,-0.2679584775086506,0.24415224913494812,2576527
055,05,UTTARAKHAND,TEHRI GARHWAL,-0.12456747404845353,0.08421376393695973,0.10340638216072172,0.12456747404844785,43417.46357344827,0.008590421914168917,-0.2761399461745483,0.2519646289888504,5065420
056,05,UTTARAKHAND,UDHAM SINGH NAGAR,-0.04484429065743852,0.07111111111111196,0.07972318339101617,0.08882737408688303,116376.19784221114,0.03416603347288297,-0.21413302575932336,0.17937716262975778,3417188
047,05,UTTARAKHAND,CHAMOLI,-0.19291041906955952,0.03693173673434892,0.06299115724721292,0.08882737408689147,-534112.4401838386,-0.0527816859264804,-0.28444444444444444,0.2519646289888504,10130102
053,05,UTTARAKHAND,PITHORAGARH,-0.17937716262979514,0.059115724721260046,0.08421376393695996,0.10851211072665243,-370395.0268090749,-0.03973644561597446,-0.3014225297962323,0.2761399461745483,9333695
057,05,UTTARAKHAND,UTTARKASHI,-0.17937716262978243,0.03693447199995731,0.0591157247212564,0.08421376393694903,-591062.7218044817,-0.056956464585605146,-0.3278123798539023,0.24415224913494812,10391325
664,19,WEST BENGAL,ALIPUR DUAR,-0.01574778931180288,0.1358861976163416,0.14769703960017266,0.16000000000000336,268654.4310522173,0.07692038985437229,-0.186082276047674,0.24415224913494812,3499191
305,19,WEST BENGAL,BANKURA,0.06299115724721122,0.16633602460580618,0.179377162629795,0.19291041906957487,1072144.500069217,0.12827418345286007,-0.06698961937716265,0.2761399461745483,8367774
306,19,WEST BENGAL,PURBA BARDDHAMAN,0.0669896193771633,0.15999999999994002,0.16633602460583014,0.1793771626297883,803687.5516154493,0.12687338355636746,-0.07972318339100345,0.2679584775086506,6345416
307,19,WEST BENGAL,BIRBHUM,0.075355632449053,0.17279507881573403,0.17937716262983017,0.18608227604771374,774285.5445199728,0.1393618905158869,-0.08421376393694734,0.2761399461745483,5568338
310,19,WEST BENGAL,DAKSHIN DINAJPUR,0.059115724721263904,0.15999999999993506,0.16633602460581878,0.17937716262980513,348676.7453376474,0.12634328337495904,-0.05536332179930796,0.2599000384467512,2766684
309,19,WEST BENGAL,DARJILING,-0.10851211072665153,0.09356401384082477,0.11374086889657288,0.13016532103037184,39866.08584702315,0.015548683907000987,-0.2364628988850442,0.21413302575932336,2570580
317,19,WEST BENGAL,PURBA MEDINIPUR,0.06299115724721124,0.15999999999993708,0.17279507881578104,0.1793771626298037,601950.8854295068,0.12628003739023702,-0.09356401384083046,0.2761399461745483,4774369
313,19,WEST BENGAL,HAORA,0.055363321799308,0.17279507881585143,0.17937716262979636,0.19291041906958722,230743.85057764789,0.13003124644606906,-0.06698961937716265,0.2761399461745483,1779421
312,19,WEST BENGAL,HUGLI,0.05173394848135234,0.15378700499803213,0.1600000000000072,0.17279507881584996,451992.4938672754,0.1182789454612187,-0.07972318339100345,0.28444444444444444,3830421
314,19,WEST BENGAL,JALPAIGURI,-0.010396001537870228,0.12456747404847608,0.1358861976163408,0.1476970396001677,310529.1090910321,0.07249240101404361,-0.13588619761630144,0.2364628988850442,4291724
308,19,WEST BENGAL,KOCH BIHAR,0.03844675124951962,0.14173010380627768,0.15378700499805717,0.1600000000000108,450687.06104666356,0.10741588454757614,-0.13016532103037293,0.2364628988850442,4209471
315,19,WEST BENGAL,KOLKATA,0.0271280276816612,0.19291041906961273,0.19986159169548662,0.2069357939254113,32535.61376445604,0.14524709585580925,-0.0629911572472126,0.2364628988850442,225875
316,19,WEST BENGAL,MALDAH,0.04158400615148114,0.14769703960012587,0.1537870049980303,0.1663360246059212,485605.3508244624,0.10977304231246011,-0.06698961937716265,0.2519646289888504,4432769
319,19,WEST BENGAL,MURSHIDABAD,0.04822760476739524,0.16633602460582114,0.17937716262981618,0.18608227604770955,810913.3763325362,0.12395507648135556,-0.08882737408688965,0.2679584775086506,6553296
320,19,WEST BENGAL,NADIA,0.03254133025759267,0.14769703960015218,0.15999999999999123,0.17279507881585027,500783.8588792386,0.10564627651019472,-0.08421376393694734,0.2364628988850442,4752532
303,19,WEST BENGAL,NORTH TWENTY-FOUR PARGANAS,0.04822760476739456,0.15999999999996356,0.1727950788158411,0.18608227604770597,562613.4613238614,0.1160575466223944,-0.08421376393694734,0.2599000384467512,4858451
318,19,WEST BENGAL,PASCHIM MEDINIPUR,0.051733948481350094,0.14769703960010047,0.15999999999997752,0.1727950788158499,858199.8118724821,0.11323564019139383,-0.06698961937716265,0.2761399461745483,7589470
321,19,WEST BENGAL,PURULIYA,0.03543252595155995,0.17279507881566858,0.17937716262981665,0.19291041906957365,1030048.926507361,0.13547098473038596,-0.1085121107266436,0.28444444444444444,7614827
304,19,WEST BENGAL,SOUTH TWENTY-FOUR PARGANAS,0.024605920799692295,0.16633602460578892,0.17279507881576955,0.18608227604771146,1101866.4939412484,0.11929757806127751,-0.05536332179930796,0.2679584775086506,9269362
311,19,WEST BENGAL,UTTAR DINAJPUR,0.02977316416762865,0.15378700499797993,0.15999999999996095,0.16633602460589164,438859.42981936154,0.11284667097913806,-0.07972318339100345,0.2364628988850442,3902218
703,19,WEST BENGAL,JHARGRAM,0.04158400615148107,0.15378700499798867,0.15999999999996908,0.17279507881585002,420207.9841534591,0.11229541198913365,-0.07111111111111111,0.2519646289888504,3751531
704,19,WEST BENGAL,PASCHIM BARDDHAMAN,0.07111111111111036,0.17937716262983033,0.192910419069552,0.20693579392538963,310511.8560170323,0.14082369075688836,-0.07972318339100345,0.2679584775086506,2210746
702,19,WEST BENGAL,KALIMPONG,-0.12456747404845128,0.0629911572472112,0.07972318339101203,0.10340638216070402,-12838.112093372076,-0.00937741387314432,-0.2599000384467512,0.2364628988850442,1372509
