di_code,st_code,state23,dist23,A49_p2,A49_p90,A49_p95,A49_p98,A49_sum,A49_mean,A49_min,A49_max,A49_count
603,35,ANDAMAN & NICOBAR,NICOBAR,-0.01574778931180301,0.1537870049980865,0.16633602460592475,0.18608227604767363,185875.29662235218,0.09265812726538503,-0.14173010380622836,0.28444444444444444,2020602
632,35,ANDAMAN & NICOBAR,NORTH & MIDDLE ANDAMAN,0.004487941727350067,0.1793771626298025,0.19986159169548562,0.21413302575932722,493403.9153903601,0.12418977632112158,-0.15378700499807765,0.29287197231833906,4003957
602,35,ANDAMAN & NICOBAR,SOUTH ANDAMAN,-0.006826484880581126,0.16633602460592395,0.19291041906958273,0.21413302575932966,334048.7597846053,0.11544007043333647,-0.16633602460592078,0.29287197231833906,2916597
502,28,ANDHRA PRADESH,ANANTAPUR,-0.13016532103037182,0.05536332179930473,0.0888273740868826,0.11909265667052374,-512762.2446103866,-0.02288952977948126,-0.3188927335640138,0.2519646289888504,22430270
503,28,ANDHRA PRADESH,CHITTOOR,-0.14769703960016023,0.06299115724723188,0.08882737408687842,0.1137408688965875,-301402.23505220667,-0.017477097800805176,-0.34602076124567477,0.3278123798539023,17269415
504,28,ANDHRA PRADESH,Y S R KADAPA,-0.1085121107266464,0.08421376393696403,0.10851211072665946,0.13588619761632484,40791.99033444556,0.002303433516707789,-0.3278123798539023,0.29287197231833906,17724326
505,28,ANDHRA PRADESH,EAST GODAVARI,-0.08421376393694678,0.16633602460582667,0.18608227604767058,0.20693579392538228,877775.2140213843,0.05807364718299581,-0.28444444444444444,0.37425605536332185,15133939
506,28,ANDHRA PRADESH,GUNTUR,-0.07111111111111411,0.1358861976162879,0.15378700499803227,0.16633602460592162,902321.9092321406,0.06796316667320668,-0.2679584775086506,0.3188927335640138,13291974
510,28,ANDHRA PRADESH,KRISHNA,-0.07111111111111425,0.13016532103034523,0.153787004998086,0.19291041906958578,652492.3964913139,0.06390917141625392,-0.24415224913494812,0.33685505574778934,10225813
511,28,ANDHRA PRADESH,KURNOOL,-0.11909265667051969,0.09842368319874573,0.11909265667052904,0.14173010380624057,225613.1378367107,0.011186140386060072,-0.33685505574778934,0.2599000384467512,20185908
515,28,ANDHRA PRADESH,POTTI SRIRAMULU NELLORE,-0.07972318339101071,0.1190926566705335,0.13588619761633972,0.16000000000001596,617914.9308046228,0.04051742754257321,-0.29287197231833906,0.3188927335640138,15263341
517,28,ANDHRA PRADESH,PRAKASAM,-0.08882737408688682,0.10340638216074047,0.12456747404847443,0.14173010380622325,583075.8695251774,0.02852455454945856,-0.29287197231833906,0.33685505574778934,20457221
519,28,ANDHRA PRADESH,SRIKAKULAM,-0.06698961937716513,0.11374086889659529,0.13016532103035877,0.15378700499808368,372561.5500322005,0.05413685812241449,-0.2761399461745483,0.34602076124567477,6895077
520,28,ANDHRA PRADESH,VISAKHAPATNAM,-0.09356401384082436,0.11374086889657285,0.13588619761634455,0.1537870049980577,427885.5022063547,0.031475185339972074,-0.31009611687812383,0.3188927335640138,13613577
521,28,ANDHRA PRADESH,VIZIANAGARAM,-0.0711111111111117,0.10851211072666561,0.124567474048467,0.14173010380623818,357217.99563972204,0.04933574813250544,-0.2599000384467512,0.29287197231833906,7256513
523,28,ANDHRA PRADESH,WEST GODAVARI,-0.06698961937716431,0.1793771626298217,0.19986159169548345,0.22889657823910242,793802.4500264799,0.08166946716628398,-0.2599000384467512,0.34602076124567477,9731922
628,12,ARUNACHAL PRADESH,ANJAW,-0.1190926566705092,0.19291041906955228,0.22145328719720173,0.24415224913492736,568701.8250379779,0.074801204135228,-0.3014225297962323,0.36472126105344094,7611073
229,12,ARUNACHAL PRADESH,CHANGLANG,-0.055363321799308265,0.17279507881585135,0.1929104190695872,0.20693579392539133,623130.8957557991,0.10025676158594547,-0.31009611687812383,0.31009611687812383,6227191
230,12,ARUNACHAL PRADESH,DIBANG VALLEY,-0.11909265667050903,0.1860822760476898,0.2141330257592717,0.23646289888502386,864270.1188781545,0.07087205080767066,-0.3014225297962323,0.3839138792772011,12207130
231,12,ARUNACHAL PRADESH,EAST KAMENG,-0.08421376393694681,0.17937716262981496,0.19986159169548381,0.221453287197224,488881.5211095878,0.08808362900911584,-0.3014225297962323,0.3553094963475586,5558425
233,12,ARUNACHAL PRADESH,KURUNG KUMEY,-0.08421376393694723,0.1929104190695385,0.22145328719719534,0.24415224913492573,526325.2314939295,0.09375130054712175,-0.31009611687812383,0.36472126105344094,5621269
234,12,ARUNACHAL PRADESH,LOHIT,-0.09356401384083081,0.19291041906954767,0.21413302575929652,0.22889657823913293,398268.01963667717,0.10329635787680895,-0.31009611687812383,0.34602076124567477,3863405
235,12,ARUNACHAL PRADESH,LOWER DIBANG VALLEY,-0.07972318339100683,0.2069357939253789,0.22145328719720472,0.2441522491349327,512733.8370530267,0.11436675377183464,-0.28444444444444444,0.36472126105344094,4491587
237,12,ARUNACHAL PRADESH,PAPUMPARE,-0.029773164167628277,0.17279507881585132,0.1929104190696117,0.21413302575933152,430292.78005044645,0.09949112397627344,-0.2364628988850442,0.31009611687812383,4333778
238,12,ARUNACHAL PRADESH,TAWANG,-0.13588619761629894,0.12456747404846175,0.15378700499808753,0.17937716262977227,63126.17720615134,0.020403939904258907,-0.29287197231833906,0.31009611687812383,3100277
239,12,ARUNACHAL PRADESH,TIRAP,-0.005720449400093107,0.17937716262980924,0.192910419069604,0.21413302575933132,165009.4399635494,0.1121706890717213,-0.21413302575932336,0.3014225297962323,1474824
240,12,ARUNACHAL PRADESH,UPPER SIANG,-0.08882737408688499,0.22145328719727528,0.2441522491349623,0.26795847750868135,983846.4452671309,0.11533579398188352,-0.28444444444444444,0.37425605536332185,8540336
241,12,ARUNACHAL PRADESH,UPPER SUBANSIRI,-0.07111111111111205,0.19986159169548348,0.22145328719721705,0.24415224913492753,814000.6283942218,0.09914571719750505,-0.2761399461745483,0.36472126105344094,8220067
242,12,ARUNACHAL PRADESH,WEST KAMENG,-0.10340638216070919,0.14173010380622297,0.16633602460591496,0.18608227604769176,322907.2031778453,0.05232414802636745,-0.3014225297962323,0.34602076124567477,6178998
719,12,ARUNACHAL PRADESH,LOWER SIANG,-0.0057098591253386816,0.19986159169548479,0.22145328719722518,0.23646289888505667,287516.7061915433,0.12578093922349087,-0.2519646289888504,0.33685505574778934,2292082
236,12,ARUNACHAL PRADESH,LOWER SUBANSIRI,-0.04158400615148088,0.17279507881585116,0.19291041906959425,0.21413302575933038,223239.41355187097,0.09132430046395772,-0.2599000384467512,0.3278123798539023,2449933
679,12,ARUNACHAL PRADESH,SIANG,-0.051733948481352626,0.2214532871972249,0.23646289888500358,0.2599000384467744,573520.6823314507,0.13107677879042512,-0.24415224913494812,0.36472126105344094,4383418
243,12,ARUNACHAL PRADESH,WEST SIANG,-0.016725902476708503,0.19291041906956466,0.21413302575932186,0.2288965782391424,200371.9452344789,0.11879504773699513,-0.2519646289888504,0.34602076124567477,1691102
725,12,ARUNACHAL PRADESH,SHI YOMI,-0.08421376393694913,0.18608227604771124,0.21413302575931345,0.23646289888505914,288947.88678413065,0.08684907182599431,-0.2679584775086506,0.37425605536332185,3331997
724,12,ARUNACHAL PRADESH,LEPA RADA,-0.012936992404320937,0.19291041906957815,0.2069357939253932,0.22889657823915058,112892.32450379251,0.11665057690768338,-0.24415224913494812,0.3188927335640138,970650
723,12,ARUNACHAL PRADESH,PAKKE KESSANG,-0.02977316416762852,0.15999999999999223,0.17937716262979486,0.19986159169548845,213064.4739548603,0.08902418570020407,-0.29287197231833906,0.3278123798539023,2399368
677,12,ARUNACHAL PRADESH,KRA DAADI,-0.03687539037392427,0.19986159169548465,0.22145328719720617,0.24415224913493133,252242.071356373,0.11340872962717267,-0.2519646289888504,0.34602076124567477,2229870
678,12,ARUNACHAL PRADESH,NAMSAI,-9.049287544124691E-4,0.19986159169548268,0.21413302575928667,0.22889657823913243,229119.021308618,0.1355560073580674,-0.186082276047674,0.29287197231833906,1693784
718,12,ARUNACHAL PRADESH,KAMLE,-0.02105190850599437,0.19986159169548365,0.2141330257593153,0.23646289888505842,201032.24761920347,0.11568979471368697,-0.2288965782391388,0.3278123798539023,1742339
232,12,ARUNACHAL PRADESH,EAST SIANG,-0.06698961937716301,0.21413302575923768,0.22889657823911008,0.23646289888503116,275043.6284218981,0.12955844518709722,-0.2519646289888504,0.34602076124567477,2127307
666,12,ARUNACHAL PRADESH,LONGDING,-0.005722039505960584,0.1860822760477152,0.19986159169548398,0.21413302575933335,133941.67907397926,0.11441300051292433,-0.19986159169550174,0.3014225297962323,1174145
616,18,ASSAM,BAKSA,-0.02583487138125032,0.16633602460586605,0.1793771626297915,0.19291041906958561,279115.1801546997,0.09163990140663104,-0.1929104190695886,0.31009611687812383,3055457
280,18,ASSAM,BARPETA,-0.0888273740868837,0.17279507881584197,0.18608227604771277,0.1998615916954856,250286.02384893992,0.08781028139476228,-0.17937716262975778,0.31009611687812383,2859045
705,18,ASSAM,BISWANATH,-0.08421376393694689,0.18608227604768357,0.19986159169548465,0.21413302575932489,274818.3131489623,0.09903738155798616,-0.2069357939254133,0.29287197231833906,2780367
281,18,ASSAM,BONGAIGAON,-0.0797231833910042,0.16000000000000797,0.17937716262977527,0.19291041906957598,115210.2991995306,0.08279408779927214,-0.17937716262975778,0.29287197231833906,1397646
282,18,ASSAM,CACHAR,-0.04484429065743881,0.16633602460584831,0.1860822760477056,0.19986159169548715,469146.40302718495,0.10085722124864821,-0.21413302575932336,0.31009611687812383,4659875
708,18,ASSAM,CHARAIDEO,0.03254133025759363,0.20693579392538103,0.22145328719720547,0.2288965782391241,177657.49961878447,0.14002348177193047,-0.17937716262975778,0.3014225297962323,1273387
612,18,ASSAM,CHIRANG,0.004484766868423387,0.17279507881583983,0.18608227604771108,0.1998615916954856,264055.9407600542,0.11056934687814354,-0.17937716262975778,0.3014225297962323,2393821
283,18,ASSAM,DARRANG,-0.0935640138408264,0.17279507881585085,0.18608227604770697,0.2069357939254012,164924.92430792865,0.08357825928317772,-0.19986159169550174,0.3014225297962323,1980527
284,18,ASSAM,DHEMAJI,-0.07111111111111308,0.18608227604770855,0.2069357939253889,0.22145328719723636,322307.3980822791,0.10330962703666799,-0.22145328719723184,0.33685505574778934,3127982
285,18,ASSAM,DHUBRI,-0.07535563244905959,0.1793771626298104,0.1929104190695895,0.20693579392539765,211356.40863239067,0.10246566307578703,-0.17937716262975778,0.3014225297962323,2073149
286,18,ASSAM,DIBRUGARH,-0.09356401384082536,0.20693579392537592,0.2214532871972463,0.23646289888503205,454406.0603645966,0.10703039303025595,-0.2069357939254133,0.3188927335640138,4254504
299,18,ASSAM,DIMA HASAO,-0.03689705206349806,0.14173010380626114,0.15999999999999592,0.1727950788158502,508216.12076201785,0.0842604984917404,-0.2761399461745483,0.29287197231833906,6041285
287,18,ASSAM,GOALPARA,-0.07535563244905638,0.1600000000000088,0.1793771626297736,0.19291041906957865,207899.79796495195,0.08561725569886275,-0.17937716262975778,0.2761399461745483,2434900
288,18,ASSAM,GOLAGHAT,-0.06698961937716096,0.19291041906954348,0.20693579392538056,0.22145328719722035,474057.233578203,0.11795965884057419,-0.19986159169550174,0.34602076124567477,4029611
289,18,ASSAM,HAILAKANDI,-0.032541330257593475,0.17279507881585127,0.18608227604770988,0.19986159169548678,173957.5081845936,0.10670665621323769,-0.2364628988850442,0.2761399461745483,1635070
709,18,ASSAM,HOJAI,-0.019930795847751107,0.14173010380621032,0.16000000000000913,0.1727950788158495,143775.6577056139,0.07957188377478593,-0.19986159169550174,0.2679584775086506,1811736
290,18,ASSAM,JORHAT,0.005865612952057839,0.19291041906953824,0.20693579392538028,0.22145328719721494,296191.46048577124,0.1271400502108373,-0.17937716262975778,0.36472126105344094,2335717
618,18,ASSAM,KAMRUP METRO,-0.03844675124951852,0.16633602460587768,0.1860822760477049,0.19986159169548745,121428.46033746969,0.10051446163510493,-0.1929104190695886,0.3014225297962323,1212134
291,18,ASSAM,KAMRUP RURAL,-0.06299115724721141,0.1663360246058736,0.17937716262979717,0.19986159169548764,382962.14527422644,0.09866707050316506,-0.2069357939254133,0.31009611687812383,3891403
292,18,ASSAM,KARBI ANGLONG,-0.0016902142373293294,0.1599999999999538,0.17937716262981143,0.19291041906957906,917110.9975316317,0.10072251537322585,-0.22145328719723184,0.28444444444444444,9120022
293,18,ASSAM,KARIMGANJ,-0.029773164167628288,0.17937716262981035,0.19291041906957687,0.20693579392539377,250222.75242673303,0.11247479624571684,-0.17937716262975778,0.3014225297962323,2229526
294,18,ASSAM,KOKRAJHAR,0.0068511110129038195,0.17937716262982037,0.1929104190695966,0.20693579392539385,468945.88794986793,0.12113390576428323,-0.17279507881584008,0.31009611687812383,3879174
295,18,ASSAM,LAKHIMPUR,-0.07972318339100427,0.19291041906956563,0.20693579392538317,0.2214532871972184,409925.07607576315,0.10912731576880232,-0.21413302575932336,0.3188927335640138,3763908
706,18,ASSAM,MAJULI,-0.11374086889657606,0.17937716262979497,0.1998615916954868,0.22145328719722895,90658.97908019408,0.05703675937202249,-0.19986159169550174,0.3278123798539023,1595085
296,18,ASSAM,MARIGAON,-0.07972318339100526,0.18608227604771135,0.19986159169548487,0.22145328719724253,191558.51495681543,0.10187321385475347,-0.17279507881584008,0.3278123798539023,1884753
297,18,ASSAM,NAGAON,-0.036931833411157425,0.17937716262981737,0.1998615916954859,0.21413302575933216,360463.07116153656,0.11228810720372066,-0.186082276047674,0.3188927335640138,3221993
298,18,ASSAM,NALBARI,-0.07535563244905953,0.17279507881585107,0.18608227604770036,0.19986159169548992,118844.30061161511,0.09128797033229924,-0.17937716262975778,0.3014225297962323,1306375
300,18,ASSAM,SIBSAGAR,-0.04822760476739708,0.19986159169548368,0.2141330257592906,0.22889657823912674,262421.4490355414,0.12859900777321426,-0.2069357939254133,0.3278123798539023,2046198
301,18,ASSAM,SONITPUR,-0.08421376393694514,0.16633602460586996,0.17937716262979403,0.19291041906959194,313727.3471976034,0.08354605603469412,-0.19986159169550174,0.29287197231833906,3761187
707,18,ASSAM,SOUTH SALMARA MANCACHAR,-0.08882737408688965,0.16633602460592495,0.1793771626297543,0.19291041906957965,47322.964835159735,0.06805677797545365,-0.15378700499807765,0.3014225297962323,699403
302,18,ASSAM,TINSUKIA,-0.06698961937716238,0.2141330257592619,0.22145328719730348,0.23646289888500016,656863.4064281246,0.13693611007381065,-0.21413302575932336,0.3188927335640138,4805197
617,18,ASSAM,UDALGURI,-0.024605920799692843,0.15999999999997308,0.17937716262979975,0.1929104190695857,223987.92902250806,0.08901777203860925,-0.17937716262975778,0.2761399461745483,2524545
710,18,ASSAM,WEST KARBI ANGLONG,-0.02582588349599364,0.14173010380624054,0.16000000000001352,0.17279507881584963,318930.1307270805,0.08370262042892367,-0.2364628988850442,0.2679584775086506,3818912
188,10,BIHAR,ARARIA,0.013840830449826824,0.1301653210303515,0.14173010380622347,0.16633602460592456,310745.0328067559,0.08957296512372863,-0.13588619761630144,0.28444444444444444,3476505
611,10,BIHAR,ARWAL,-0.07111111111111061,0.10851211072666289,0.11374086889660533,0.12456747404845436,53748.396331177966,0.06834048341899283,-0.2069357939254133,0.2069357939254133,790200
189,10,BIHAR,AURANGABAD,-0.041584006151480744,0.10340638216074513,0.11374086889657933,0.12456747404846218,266395.2057931455,0.06554910217468202,-0.2519646289888504,0.28444444444444444,4071463
190,10,BIHAR,BANKA,-0.07535563244905394,0.08882737408688755,0.09842368319875529,0.10851211072664785,124640.63172314237,0.033493630818860066,-0.2288965782391388,0.2288965782391388,3727975
191,10,BIHAR,BEGUSARAI,-0.08421376393694924,0.10340638216073737,0.11909265667052434,0.13588619761629694,131383.76113983983,0.05524836154337378,-0.19986159169550174,0.2679584775086506,2385201
200,10,BIHAR,KAIMUR,-0.12456747404844533,0.07535563244903368,0.0842137639369704,0.09356401384083482,83208.35933482263,0.020056881494646857,-0.2679584775086506,0.24415224913494812,4155971
192,10,BIHAR,BHAGALPUR,-0.05911572472126407,0.11374086889660154,0.12456747404846395,0.14173010380624082,197295.92446160826,0.06254507000193721,-0.17937716262975778,0.2761399461745483,3161985
193,10,BIHAR,BHOJPUR,-0.06698961937716298,0.0984236831987945,0.1085121107266469,0.11909265667052864,158578.02423476407,0.05369429057799781,-0.1929104190695886,0.2288965782391388,2959033
194,10,BIHAR,BUXAR,-0.051733948481354604,0.07972318339097993,0.08882737408686892,0.09842368319877232,91827.07515972246,0.04368068494274785,-0.1929104190695886,0.2288965782391388,2107650
195,10,BIHAR,DARBHANGA,-0.019930795847750978,0.10851211072666136,0.12456747404846119,0.14769703960015598,213016.85626366414,0.06812165475149068,-0.16633602460592078,0.29287197231833906,3135810
196,10,BIHAR,GAYA,-0.06698961937716164,0.08421376393694685,0.09356401384085476,0.10340638216072051,229654.8009453093,0.03763060721325962,-0.21413302575932336,0.22145328719723184,6114662
197,10,BIHAR,GOPALGANJ,-0.0384467512495189,0.08421376393696192,0.09842368319876788,0.11374086889657459,109094.8147088485,0.04300603986011635,-0.17279507881584008,0.2069357939254133,2543564
199,10,BIHAR,JAHANABAD,-0.019930795847751,0.0984236831987462,0.10851211072665487,0.1190926566705072,75911.3814567963,0.06570051281204675,-0.17279507881584008,0.2364628988850442,1159636
198,10,BIHAR,JAMUI,-0.09356401384082516,0.07972318339100934,0.08882737408687784,0.10340638216071411,66193.51425100549,0.017367116698508413,-0.2364628988850442,0.22145328719723184,3819342
201,10,BIHAR,KATIHAR,-0.04484429065743809,0.16633602460586117,0.17937716262980136,0.1998615916954878,383389.3257831426,0.10183698472464711,-0.16633602460592078,0.33685505574778934,3773694
202,10,BIHAR,KHAGARIA,-0.06698961937716309,0.11374086889659846,0.12456747404845953,0.1417301038062378,120110.4999605334,0.06508975574094147,-0.16633602460592078,0.2761399461745483,1851170
203,10,BIHAR,KISHANGANJ,-0.0246059207996925,0.16000000000000517,0.18608227604770639,0.206935793925392,246942.66143042967,0.10284986401108383,-0.14769703960015382,0.31009611687812383,2408235
204,10,BIHAR,LAKHISARAI,-0.05536332179930742,0.09842368319873425,0.10851211072666116,0.11374086889659266,80370.66260156629,0.053403418825105055,-0.186082276047674,0.21413302575932336,1509373
205,10,BIHAR,MADHEPURA,0.008858131487889175,0.12456747404847153,0.1358861976163132,0.14769703960015682,189898.04882411344,0.08475193706646897,-0.13588619761630144,0.2599000384467512,2247230
206,10,BIHAR,MADHUBANI,-0.01574778931180291,0.11374086889659113,0.1301653210303539,0.14769703960016178,312517.2369782619,0.07165022884268761,-0.16000000000000003,0.3014225297962323,4370352
207,10,BIHAR,MUNGER,-0.07972318339100509,0.08882737408689435,0.09842368319875058,0.11374086889657371,65636.92250921509,0.03769607639356241,-0.19986159169550174,0.2364628988850442,1746408
208,10,BIHAR,MUZAFFARPUR,-0.015747789311802967,0.11909265667052979,0.1301653210303514,0.14769703960016348,287346.8882194399,0.07273223888705466,-0.16000000000000003,0.2679584775086506,3958875
209,10,BIHAR,NALANDA,-0.022206843521722423,0.0888273740868815,0.0984236831987657,0.10851211072664259,163621.69809139566,0.05599985137043869,-0.2069357939254133,0.24415224913494812,2929383
210,10,BIHAR,NAWADA,-0.0669896193771625,0.08421376393696901,0.08882737408687101,0.10340638216071002,125612.21892746385,0.04100002699981513,-0.2288965782391388,0.22145328719723184,3071041
211,10,BIHAR,PASHCHIMI CHAMPARAN,-0.05173394848135454,0.10340638216074034,0.11909265667052736,0.13016532103036269,377089.87948135205,0.05756370003792381,-0.22145328719723184,0.2519646289888504,6560379
212,10,BIHAR,PATNA,-0.0753556324490593,0.09842368319874134,0.10851211072665878,0.11909265667051759,213754.97117385874,0.054140951518533154,-0.186082276047674,0.2364628988850442,3959090
213,10,BIHAR,PURBI CHAMPARAN,-0.022206843521722416,0.11374086889659477,0.12456747404846726,0.14769703960016264,338014.7316728891,0.06818054830388492,-0.16633602460592078,0.28444444444444444,4966698
214,10,BIHAR,PURNIA,0.002638846119297992,0.13588619761633347,0.15378700499808823,0.17279507881584905,361118.61742300197,0.09022960160730815,-0.15378700499807765,0.31009611687812383,4010639
215,10,BIHAR,ROHTAS,-0.10340638216070416,0.0888273740868615,0.09842368319873361,0.10851211072665763,198949.59187828482,0.04200877860297268,-0.24415224913494812,0.2519646289888504,4743839
216,10,BIHAR,SAHARSA,-0.03844675124951849,0.13588619761633788,0.1537870049980696,0.1727950788158491,177178.8499823848,0.08569510702931993,-0.15378700499807765,0.31009611687812383,2073256
217,10,BIHAR,SAMASTIPUR,-0.04158400615148067,0.10851211072666508,0.1190926566705276,0.13588619761629564,213506.91615744567,0.06445986700049844,-0.16633602460592078,0.24415224913494812,3321029
218,10,BIHAR,SARAN,-0.07111111111110952,0.0888273740868768,0.10340638216071972,0.11909265667051269,136212.225650182,0.04157783196725534,-0.21413302575932336,0.2364628988850442,3282541
219,10,BIHAR,SHEIKHPURA,-0.019930795847750822,0.09356401384086853,0.10340638216072794,0.10851211072665182,51936.609974490304,0.06209355843906979,-0.2679584775086506,0.1929104190695886,840498
220,10,BIHAR,SHEOHAR,-0.015747789311803147,0.1137408688965741,0.13016532103037023,0.14769703960015135,39577.4596444383,0.07148074180318711,-0.15378700499807765,0.2364628988850442,556991
221,10,BIHAR,SITAMARHI,-0.0068147069341828485,0.10851211072666389,0.12456747404846279,0.1358861976162947,189263.3529648496,0.06927760651974726,-0.16633602460592078,0.2288965782391388,2739355
222,10,BIHAR,SIWAN,-0.029773164167628468,0.07972318339101772,0.09356401384084378,0.11374086889657394,118363.399337559,0.042877965512673415,-0.186082276047674,0.24415224913494812,2766570
223,10,BIHAR,SUPAUL,-0.044844290657438335,0.13016532103033548,0.14173010380622383,0.1599999999999991,252600.36200314993,0.0838626126779495,-0.17279507881584008,0.2679584775086506,3018897
224,10,BIHAR,VAISHALI,-0.06698961937716168,0.11374086889660162,0.13016532103037345,0.1476970396001513,149532.85101374678,0.05923114088279163,-0.186082276047674,0.2761399461745483,2529599
044,04,CHANDIGARH,CHANDIGARH,-0.12456747404844251,0.07972318339100497,0.0935640138408318,0.11374086889657785,244.78897702994342,0.0016457102511699758,-0.22145328719723184,0.19986159169550174,150026
646,22,CHHATTISGARH,BALOD,-0.09842368319876654,0.0753556324490495,0.10851211072665057,0.13588619761629916,25712.11204421955,0.006391385546048713,-0.2679584775086506,0.24415224913494812,4030747
644,22,CHHATTISGARH,BALODA BAZAR,-0.09356401384082667,0.06299115724721698,0.08421376393694815,0.11374086889657518,47744.03937574512,0.008518819689139218,-0.2519646289888504,0.2288965782391388,5614038
649,22,CHHATTISGARH,BALRAMPUR,-0.1245674740484454,0.04158400615147897,0.05536332179930439,0.07111111111111491,-158374.11034607494,-0.02073588035916869,-0.28444444444444444,0.17937716262975778,7650578
374,22,CHHATTISGARH,BASTAR,-0.1301653210303725,0.03844675124951492,0.05173394848134701,0.07111111111111595,-172716.50546844056,-0.02706254467461741,-0.2761399461745483,0.22145328719723184,6393305
650,22,CHHATTISGARH,BEMETARA,-0.07111111111111082,0.10340638216072683,0.11909265667052571,0.13588619761630105,121286.25152589096,0.045087722452241144,-0.1929104190695886,0.2519646289888504,2697016
636,22,CHHATTISGARH,BIJAPUR,-0.08882737408688718,0.07535563244905726,0.08421376393696725,0.09356401384083204,237835.36508903126,0.02178560278211483,-0.29287197231833906,0.2288965782391388,10931393
375,22,CHHATTISGARH,BILASPUR,-0.08421376393694673,0.08882737408687055,0.11374086889659424,0.13016532103035666,88424.72637036497,0.020692224653795683,-0.2288965782391388,0.2679584775086506,4282196
734,22,CHHATTISGARH,GAURELA-PENDRA-MARWAHI,-0.1085121107266441,0.03844675124952222,0.05173394848134776,0.06698961937716075,-36713.39855759911,-0.015202435485283886,-0.2599000384467512,0.21413302575932336,2420209
376,22,CHHATTISGARH,DAKSHIN BASTAR DANTEWADA,-0.1034063821607045,0.05536332179930042,0.07111111111111841,0.0842137639369443,-4511.372264119559,-0.001355716427466812,-0.29287197231833906,0.17937716262975778,3336766
377,22,CHHATTISGARH,DHAMTARI,-0.09356401384082576,0.09356401384082254,0.12456747404846823,0.14173010380622392,98421.25506148237,0.02019100394242285,-0.2679584775086506,0.24415224913494812,4882863
378,22,CHHATTISGARH,DURG,-0.08421376393694625,0.0935640138408284,0.11374086889657521,0.13588619761629778,71847.96568295389,0.026109822540260785,-0.2288965782391388,0.2599000384467512,2758101
645,22,CHHATTISGARH,GARIYABAND,-0.10340638216070437,0.05911572472125529,0.08882737408688682,0.11909265667053029,5296.653021107893,9.173144147198645E-4,-0.2761399461745483,0.2519646289888504,5784384
379,22,CHHATTISGARH,JANJGIR - CHAMPA,-0.08421376393694889,0.10851211072665909,0.12456747404846255,0.13588619761630535,185425.9569380709,0.034319199689040236,-0.2761399461745483,0.2599000384467512,5413703
380,22,CHHATTISGARH,JASHPUR,-0.12456747404844096,0.04484429065744836,0.059115724721259005,0.07535563244905218,-124191.29474557206,-0.017529287016522645,-0.3014225297962323,0.1929104190695886,7094864
382,22,CHHATTISGARH,KABIRDHAM,-0.09842368319876903,0.07972318339097802,0.09356401384085772,0.11374086889659761,80889.88700339437,0.016001411066453544,-0.2599000384467512,0.2519646289888504,5063228
381,22,CHHATTISGARH,UTTAR BASTAR KANKER,-0.10340638216070847,0.05173394848134511,0.06698961937717082,0.08421376393694895,-26289.14136710521,-0.0030735194968718096,-0.2761399461745483,0.2519646289888504,8566278
643,22,CHHATTISGARH,KONDAGAON,-0.12456747404844154,0.03254133025758825,0.044844290657446856,0.059115724721264626,-150511.88139558208,-0.024978093564702035,-0.29287197231833906,0.17279507881584008,6035251
383,22,CHHATTISGARH,KORBA,-0.1085121107266455,0.048227604767388424,0.06299115724721113,0.07972318339101075,-60732.956726658565,-0.007615583049508062,-0.3014225297962323,0.2519646289888504,7984432
384,22,CHHATTISGARH,KOREA,-0.13016532103036968,0.029773164167631472,0.04484429065744579,0.05911572472126446,-216433.465799946,-0.026938967032515557,-0.28444444444444444,0.19986159169550174,8044955
385,22,CHHATTISGARH,MAHASAMUND,-0.09356401384082724,0.09842368319876063,0.11909265667052572,0.13588619761631127,101854.75662227054,0.01789694322094294,-0.2519646289888504,0.24415224913494812,5701522
647,22,CHHATTISGARH,MUNGELI,-0.06698961937716143,0.08882737408688249,0.10340638216072151,0.12456747404845063,124280.70651626233,0.0371072610474908,-0.2288965782391388,0.2679584775086506,3357558
637,22,CHHATTISGARH,NARAINPUR,-0.1034063821607076,0.055363321799303936,0.0669896193771722,0.07972318339101064,8601.718813541855,0.0018603429066028252,-0.28444444444444444,0.17937716262975778,4632332
386,22,CHHATTISGARH,RAIGARH,-0.09356401384082534,0.07972318339101828,0.10340638216072838,0.13016532103037454,139014.51214545887,0.0163755994031347,-0.29287197231833906,0.2679584775086506,8502955
387,22,CHHATTISGARH,RAIPUR,-0.08882737408688773,0.08882737408688385,0.11374086889657876,0.1358861976162975,57053.48182066089,0.01639277210531838,-0.24415224913494812,0.2599000384467512,3486230
388,22,CHHATTISGARH,RAJ NANDGAON,-0.10340638216070522,0.05536332179931923,0.0711111111111179,0.09842368319877233,-8237.07107937367,-8.530265867802615E-4,-0.2599000384467512,0.2519646289888504,9670842
642,22,CHHATTISGARH,SUKMA,-0.07972318339100591,0.06299115724722673,0.07111111111111967,0.08421376393694807,78152.44380400704,0.012124656194860828,-0.2599000384467512,0.2364628988850442,6458280
648,22,CHHATTISGARH,SURAJPUR,-0.13016532103036965,0.036926443094448785,0.051733948481346964,0.06698961937716652,-149097.84504866038,-0.02247145888276406,-0.31009611687812383,0.1929104190695886,6646511
389,22,CHHATTISGARH,SURGUJA,-0.12456747404844722,0.0325413302575915,0.04822760476739792,0.06299115724721126,-126104.50010851472,-0.025972485240259895,-0.2679584775086506,0.1929104190695886,4864080
463,38,DADRA & NAGAR HAVELI & DAMAN & DIU,DAMAN,-0.09356401384083002,0.0797231833910036,0.09842368319876951,0.12456747404844262,1518.3462322032415,0.01782767988199856,-0.2288965782391388,0.22145328719723184,86148
464,38,DADRA & NAGAR HAVELI & DAMAN & DIU,DIU,-0.11374086889657825,0.14769703960015632,0.15999999999999767,0.17279507881583922,1025.189669011215,0.0222023082729719,-0.19986159169550174,0.22145328719723184,47012
465,38,DADRA & NAGAR HAVELI & DAMAN & DIU,DADRA & NAGAR HAVELI,-0.12456747404844046,0.051733948481351835,0.06698961937716201,0.08882737408688969,-11283.868755873551,-0.019347504298426906,-0.2364628988850442,0.19986159169550174,587628
077,07,DELHI,CENTRAL,-0.09356401384083114,0.09842368319877098,0.1137408688965769,0.13016532103037456,5181.4533530527315,0.03828497920570406,-0.1929104190695886,0.21413302575932336,137139
078,07,DELHI,EAST,-0.09842368319876951,0.059115724721261795,0.07535563244905777,0.09356401384083,65.69000701087673,0.0016416307010985339,-0.2069357939254133,0.16000000000000003,40526
079,07,DELHI,NEW DELHI,-0.09356401384083136,0.08421376393695004,0.09842368319877244,0.10851211072664699,3610.9405187444777,0.01815698981785157,-0.22145328719723184,0.1929104190695886,200534
080,07,DELHI,NORTH,-0.06698961937716243,0.08882737408688353,0.1034063821607053,0.11909265667051419,13113.540473205383,0.03532875007471936,-0.186082276047674,0.2288965782391388,373407
081,07,DELHI,NORTH EAST,-0.08882737408688963,0.10340638216070873,0.11909265667051129,0.1301653210303733,2043.1665593476434,0.04555626617748001,-0.16000000000000003,0.24415224913494812,45774
082,07,DELHI,NORTH WEST,-0.07111111111111129,0.08882737408688965,0.10340638216070958,0.11909265667051153,6823.156357297465,0.034931796077158725,-0.186082276047674,0.2288965782391388,197251
671,07,DELHI,SHAHADRA,-0.07535563244905834,0.07972318339100326,0.09842368319876964,0.113740868896578,942.9307994059345,0.021539937862576207,-0.1929104190695886,0.16000000000000003,44424
083,07,DELHI,SOUTH,-0.0753556324490584,0.08882737408688147,0.1034063821607049,0.11374086889657863,6706.6469932653545,0.03317258715191138,-0.22145328719723184,0.19986159169550174,203572
084,07,DELHI,SOUTH WEST,-0.07535563244905792,0.08421376393694432,0.09842368319876892,0.1085121107266466,10860.391314467439,0.030185178851386114,-0.2069357939254133,0.19986159169550174,362148
085,07,DELHI,WEST,-0.07535563244905806,0.08882737408688898,0.10340638216070624,0.11909265667051341,4959.02365201821,0.029669310024683808,-0.2069357939254133,0.21413302575932336,168657
670,07,DELHI,SOUTH EAST,-0.09842368319876983,0.07972318339100327,0.0984236831987695,0.113740868896578,2000.7663376529363,0.015525078296348008,-0.2069357939254133,0.2069357939254133,130060
551,30,GOA,NORTH GOA,-0.09842368319877205,0.0797231833910148,0.09842368319876241,0.12456747404843793,39526.18097597191,0.019550256126326843,-0.3014225297962323,0.2599000384467512,2026943
552,30,GOA,SOUTH GOA,-0.09356401384082882,0.07111111111111794,0.08882737408689266,0.11374086889657638,37391.163817474226,0.016524708985917395,-0.2761399461745483,0.2599000384467512,2268792
673,24,GUJARAT,MORBI,-0.11374086889657475,0.10851211072666063,0.13016532103034004,0.15378700499808803,160115.00343459193,0.026534748447328907,-0.2679584775086506,0.3014225297962323,6044416
438,24,GUJARAT,AHMADABAD,-0.07535563244905708,0.10340638216072692,0.12456747404846465,0.14769703960016517,287766.5362669456,0.032819971747699274,-0.2519646289888504,0.3188927335640138,8784863
440,24,GUJARAT,ANAND,-0.07972318339100432,0.07972318339101678,0.10340638216071316,0.13588619761629955,77180.90739083145,0.020127795712742078,-0.2599000384467512,0.29287197231833906,3842291
674,24,GUJARAT,DEVBHUMI DWARKA,-0.10851211072664563,0.07972318339101518,0.10340638216071245,0.13588619761629767,72007.05645794558,0.014366681860794104,-0.2761399461745483,0.2599000384467512,5023982
447,24,GUJARAT,JAMNAGAR,-0.09842368319876628,0.11374086889660168,0.13588619761632414,0.16000000000000097,191689.26160612525,0.02684770912521757,-0.2761399461745483,0.28444444444444444,7153837
449,24,GUJARAT,KACHCHH,-0.12456747404846077,0.07535563244905627,0.09842368319875412,0.13016532103035336,-110772.16018103209,-0.00223363911352281,-0.31009611687812383,0.3014225297962323,49630741
443,24,GUJARAT,BHAVNAGAR,-0.08421376393694698,0.14173010380623707,0.15999999999999787,0.17937716262977832,428930.8590063686,0.05282141937931179,-0.2599000384467512,0.3014225297962323,8129986
442,24,GUJARAT,BHARUCH,-0.07111111111111364,0.1245674740484722,0.14173010380622364,0.16000000000000406,345763.86445575306,0.058334766152927306,-0.24415224913494812,0.28444444444444444,5942322
459,24,GUJARAT,SURAT,-0.07535563244905535,0.13588619761633888,0.14769703960017405,0.16633602460591507,301288.32350511936,0.05802176267404713,-0.2288965782391388,0.3014225297962323,5202601
453,24,GUJARAT,NAVSARI,-0.08421376393694431,0.12456747404847046,0.13588619761633736,0.15378700499808573,139574.09545471056,0.052991672684067195,-0.24415224913494812,0.29287197231833906,2640202
462,24,GUJARAT,VALSAD,-0.13016532103036832,0.08421376393697078,0.10340638216073544,0.11909265667052489,11325.779028785859,0.003222623739104762,-0.2599000384467512,0.29287197231833906,3524114
672,24,GUJARAT,ARAVALLI,-0.11374086889657505,0.05173394848134628,0.07111111111111783,0.09842368319877026,-31784.353914209692,-0.008288519563185933,-0.2761399461745483,0.24415224913494812,3843076
441,24,GUJARAT,BANAS KANTHA,-0.12456747404845211,0.05911572472125182,0.07972318339101549,0.09842368319876853,-89671.68578595725,-0.006803625385751436,-0.3014225297962323,0.2679584775086506,13197838
668,24,GUJARAT,CHHOTA UDEPUR,-0.11374086889657561,0.09842368319875158,0.11909265667052925,0.1358861976163287,66761.95615356407,0.016011645592086336,-0.2599000384467512,0.2761399461745483,4179280
445,24,GUJARAT,DAHOD,-0.11374086889657459,0.025849500902838485,0.03688036520180403,0.055363321799310375,-118169.83064261838,-0.026779232856798684,-0.28444444444444444,0.24415224913494812,4420485
444,24,GUJARAT,DANGS,-0.14769703960016115,0.01384083044982704,0.027128027681660748,0.04158400615148116,-102226.93679065569,-0.0484517051883833,-0.28444444444444444,0.1929104190695886,2115144
675,24,GUJARAT,GIR SOMNATH,-0.10340638216070555,0.09356401384082219,0.11909265667051319,0.14769703960015254,71836.73156973493,0.022723462757439965,-0.24415224913494812,0.2679584775086506,3168667
448,24,GUJARAT,JUNAGADH,-0.13588619761630763,0.09356401384083882,0.11909265667052113,0.14769703960016514,49700.613192142715,0.006746018868130149,-0.3014225297962323,0.2761399461745483,7380122
669,24,GUJARAT,MAHISAGAR,-0.11374086889657514,0.04822760476739532,0.06698961937716515,0.08882737408688662,-34768.5823141021,-0.011400485745799648,-0.2761399461745483,0.24415224913494812,3057162
452,24,GUJARAT,NARMADA,-0.11909265667051776,0.09356401384083057,0.11909265667051892,0.14173010380622927,25725.3566375414,0.007594034468044013,-0.24415224913494812,0.2599000384467512,3395262
454,24,GUJARAT,PANCH MAHALS,-0.09842368319877136,0.06299115724722491,0.07972318339101407,0.09842368319877025,26722.757123130235,0.0067244213705741265,-0.2599000384467512,0.2364628988850442,3982812
458,24,GUJARAT,SABAR KANTHA,-0.11909265667050957,0.051733948481346166,0.06698961937717217,0.08882737408688882,-46840.23529532765,-0.009048991760093942,-0.29287197231833906,0.21413302575932336,5187838
641,24,GUJARAT,TAPI,-0.09356401384082544,0.10851211072665816,0.13016532103036876,0.15378700499808387,96113.7919690779,0.025554958799645845,-0.2519646289888504,0.28444444444444444,3771978
461,24,GUJARAT,VADODARA,-0.07535563244905917,0.1190926566705301,0.13588619761633833,0.153787004998084,248759.08458675625,0.050384395252221756,-0.2519646289888504,0.3188927335640138,4946678
439,24,GUJARAT,AMRELI,-0.10851211072665212,0.13016532103034015,0.14769703960017252,0.1727950788158495,325429.9549426123,0.03708711128648386,-0.2599000384467512,0.2761399461745483,8788427
456,24,GUJARAT,PORBANDAR,-0.11374086889657585,0.07972318339101238,0.09842368319877073,0.12456747404843915,30429.315877604506,0.01094560461535846,-0.2761399461745483,0.2761399461745483,2788240
457,24,GUJARAT,RAJKOT,-0.09842368319876871,0.11374086889659278,0.13588619761631407,0.1600000000000034,280162.3652313201,0.03025200079516934,-0.2599000384467512,0.28444444444444444,9279397
460,24,GUJARAT,SURENDRANAGAR,-0.11909265667051615,0.10851211072665942,0.13588619761632584,0.16000000000001485,301489.78142543824,0.02714191892086013,-0.2761399461745483,0.3278123798539023,11127032
676,24,GUJARAT,BOTAD,-0.06698961937716291,0.14769703960016303,0.15999999999998732,0.17937716262977382,217748.41770469077,0.07287331465599552,-0.2288965782391388,0.28444444444444444,2995174
450,24,GUJARAT,KHEDA,-0.08882737408688678,0.08421376393695865,0.10851211072664968,0.1301653210303702,81487.39273912334,0.019546610580071216,-0.2761399461745483,0.28444444444444444,4177913
451,24,GUJARAT,MAHESANA,-0.09356401384082587,0.06299115724721935,0.07972318339101375,0.09356401384082423,69096.89010261935,0.012839338119836037,-0.31009611687812383,0.2288965782391388,5393193
446,24,GUJARAT,GANDHINAGAR,-0.09842368319876957,0.0629911572472141,0.07972318339101316,0.09356401384082393,26180.53280143154,0.010246631667954054,-0.3014225297962323,0.2069357939254133,2563098
455,24,GUJARAT,PATAN,-0.09842368319876572,0.06698961937717282,0.08421376393695758,0.10340638216070865,63222.126219570346,0.008960253986648667,-0.2519646289888504,0.28444444444444444,7069966
058,06,HARYANA,AMBALA,-0.059115724721262544,0.08421376393696466,0.09842368319876008,0.1137408688965748,75356.07212209406,0.038534450780361676,-0.2069357939254133,0.2364628988850442,1963507
059,06,HARYANA,BHIWANI,-0.09842368319877069,0.04822760476738271,0.05911572472126061,0.07535563244904481,-28136.868590229566,-0.006719893616365801,-0.2599000384467512,0.1929104190695886,4194676
060,06,HARYANA,FARIDABAD,-0.08421376393694865,0.06299115724721115,0.07972318339100809,0.09356401384082615,12858.722993232026,0.013648959021779844,-0.22145328719723184,0.1929104190695886,945230
061,06,HARYANA,FATEHABAD,-0.06299115724721145,0.04822760476738712,0.055363321799300806,0.06698961937716462,51164.81163532628,0.01579135027146373,-0.2364628988850442,0.2069357939254133,3246738
062,06,HARYANA,GURUGRAM,-0.0935640138408251,0.05911572472125544,0.07111111111111727,0.08421376393694596,9687.503644778411,0.006115975782745429,-0.24415224913494812,0.22145328719723184,1589083
063,06,HARYANA,HISAR,-0.0842137639369478,0.05911572472126487,0.06698961937717361,0.0797231833910115,88641.4161275767,0.017028434969053572,-0.2288965782391388,0.21413302575932336,5213950
064,06,HARYANA,JHAJJAR,-0.05911572472126283,0.07111111111112003,0.0797231833910167,0.09356401384082377,75737.52133703775,0.03207464577847671,-0.24415224913494812,0.22145328719723184,2367667
065,06,HARYANA,JIND,-0.048227604767396605,0.06698961937717572,0.07535563244905646,0.08421376393695229,120181.13937475794,0.03438047383928004,-0.2364628988850442,0.2288965782391388,3503951
066,06,HARYANA,KAITHAL,-0.03254133025759367,0.07111111111111532,0.07972318339101628,0.0935640138408239,122272.81926121583,0.04184080946312902,-0.1929104190695886,0.21413302575932336,2929802
067,06,HARYANA,KARNAL,-0.03844675124951873,0.08421376393696074,0.09842368319877132,0.11374086889657417,146988.96539418213,0.04622961369575736,-0.21413302575932336,0.2364628988850442,3186602
068,06,HARYANA,KURUKSHETRA,-0.027128027681661688,0.09842368319874256,0.11374086889660977,0.1301653210303616,109246.2923560322,0.05060702074134928,-0.19986159169550174,0.2761399461745483,2164099
069,06,HARYANA,MAHENDRAGARH,-0.08882737408688966,0.03543252595155664,0.04484429065744192,0.05911572472126387,-17807.511839992294,-0.0072761648210887125,-0.2761399461745483,0.17279507881584008,2455293
604,06,HARYANA,MEWAT,-0.07535563244905927,0.06698961937717214,0.07535563244904632,0.0935640138408264,36897.408060576534,0.019283071611859534,-0.24415224913494812,0.1929104190695886,1920287
619,06,HARYANA,PALWAL,-0.07111111111110927,0.06698961937717551,0.07535563244906199,0.0888273740868903,43826.99705203545,0.02550431691568212,-0.2364628988850442,0.186082276047674,1723336
070,06,HARYANA,PANCHKULA,-0.108512110726647,0.0888273740868813,0.10851211072663923,0.13016532103036876,19241.96794583673,0.016856651712398824,-0.2679584775086506,0.22145328719723184,1145979
071,06,HARYANA,PANIPAT,-0.05173394848135426,0.07535563244904471,0.08882737408687924,0.10340638216070426,63947.89653386548,0.03837266755234257,-0.1929104190695886,0.24415224913494812,1670732
072,06,HARYANA,REWARI,-0.0711111111111123,0.05911572472125146,0.0669896193771721,0.07972318339101159,29173.869786096908,0.014836856681868118,-0.2288965782391388,0.2069357939254133,1972079
073,06,HARYANA,ROHTAK,-0.05173394848135331,0.07972318339101803,0.08882737408689294,0.1034063821607046,92999.68805883393,0.04374798438303448,-0.2069357939254133,0.21413302575932336,2130843
074,06,HARYANA,SIRSA,-0.07535563244905955,0.04822760476738251,0.059115724721251046,0.07111111111111801,66667.57676311258,0.012167490848030855,-0.2599000384467512,0.2288965782391388,5487960
075,06,HARYANA,SONIPAT,-0.05173394848135456,0.07535563244906304,0.08882737408688224,0.10851211072665007,114580.12919477606,0.04120553139125679,-0.2069357939254133,0.22145328719723184,2786505
076,06,HARYANA,YAMUNANAGAR,-0.06698961937716204,0.0797231833910173,0.0935640138408256,0.10851211072664603,71482.8373159911,0.03219969690549736,-0.2288965782391388,0.22145328719723184,2225647
701,06,HARYANA,CHARKHI DADRI,-0.07111111111111032,0.05536332179932225,0.06698961937717565,0.07972318339101557,9606.55333206634,0.0054687915736050165,-0.3014225297962323,0.17937716262975778,1761774
015,02,HIMACHAL PRADESH,BILASPUR,-0.13016532103037048,0.10340638216071481,0.12456747404844577,0.14769703960014996,14249.735745072256,0.009362908127440783,-0.28444444444444444,0.3014225297962323,1527049
016,02,HIMACHAL PRADESH,CHAMBA,-0.20693579392540395,0.12456747404846437,0.15378700499808784,0.18608227604768998,4543.340196332729,5.268990337262293E-4,-0.39369473279507883,0.3188927335640138,8634536
017,02,HIMACHAL PRADESH,HAMIRPUR,-0.13016532103037035,0.07972318339101392,0.10340638216071055,0.12456747404843821,-2187.1803577172773,-0.0014974625493946398,-0.3188927335640138,0.2519646289888504,1464411
018,02,HIMACHAL PRADESH,KANGRA,-0.1727950788158495,0.08882737408688421,0.1085121107266525,0.1301653210303692,2765.4705352742258,3.661060596251647E-4,-0.41362552864282975,0.2761399461745483,7565612
020,02,HIMACHAL PRADESH,KULLU,-0.17937716262975653,0.12456747404846587,0.15378700499808626,0.17937716262976833,99976.58599451988,0.013880622032196317,-0.39369473279507883,0.3278123798539023,7211360
022,02,HIMACHAL PRADESH,MANDI,-0.19291041906958958,0.10851211072665629,0.13588619761630832,0.16633602460592448,-11673.182409552268,-0.0022576473465957246,-0.3839138792772011,0.3278123798539023,5177402
023,02,HIMACHAL PRADESH,SHIMLA,-0.19291041906958334,0.11909265667052375,0.14769703960016428,0.17937716262976613,13671.44896581917,0.00204713453791099,-0.36472126105344094,0.33685505574778934,6689722
024,02,HIMACHAL PRADESH,SIRMAUR,-0.1727950788158484,0.11374086889660272,0.13588619761631393,0.15999999999999834,38709.50802547457,0.010566727264075393,-0.34602076124567477,0.3188927335640138,3670428
025,02,HIMACHAL PRADESH,SOLAN,-0.15999999999999978,0.09356401384083135,0.11909265667051477,0.14173010380623446,4832.239933543151,0.001918759125039615,-0.3839138792772011,0.33685505574778934,2524974
026,02,HIMACHAL PRADESH,UNA,-0.10851211072664647,0.08421376393695665,0.10851211072665329,0.12456747404845446,26070.154662323104,0.01292155036321646,-0.3014225297962323,0.2288965782391388,2022495
019,02,HIMACHAL PRADESH,KINNAUR,-0.12456747404844877,0.1301653210303604,0.15378700499808773,0.1793771626297637,293736.71491801966,0.034522446327999966,-0.34602076124567477,0.3278123798539023,8518904
021,02,HIMACHAL PRADESH,LAHUL & SPITI,-0.08882737408688265,0.14173010380624457,0.15999999999999398,0.17937716262977776,1069668.8096092578,0.05802114263364018,-0.28444444444444444,0.3188927335640138,18455211
,01,JAMMU & KASHMIR,MIRPUR,-0.17279507881584863,0.09356401384083204,0.11909265667051759,0.1417301038062374,-21841.63346886935,-0.004523877265028335,-0.34602076124567477,0.2761399461745483,4837249
,01,JAMMU & KASHMIR,MUZAFFARABAD,-0.20693579392540531,0.10851211072665366,0.13588619761630288,0.16633602460592475,-82229.98489424682,-0.012658769013031979,-0.42377547097270285,0.3188927335640138,6508506
010,01,JAMMU & KASHMIR,PUNCH,-0.24415224913493602,0.07535563244904729,0.10340638216070862,0.13016532103036674,-283799.4304804524,-0.04986110037643863,-0.4340484429065744,0.29287197231833906,5700333
001,01,JAMMU & KASHMIR,ANANTNAG,-0.22889657823914256,0.07535563244905086,0.1034063821607039,0.1358861976163027,-137226.39764284692,-0.03750152849016996,-0.46560553633217994,0.2761399461745483,3666744
003,01,JAMMU & KASHMIR,BARAMULA,-0.24415224913494477,0.07972318339101263,0.10851211072664851,0.14173010380623716,-99981.55861525187,-0.035997491157176154,-0.4444444444444444,0.31009611687812383,2783290
007,01,JAMMU & KASHMIR,KATHUA,-0.23646289888505775,0.09356401384083018,0.11374086889657557,0.13588619761629955,-48999.97492006168,-0.014811441112393032,-0.454963475586313,0.3188927335640138,3314635
014,01,JAMMU & KASHMIR,UDHAMPUR,-0.2844444444444659,0.055363321799306316,0.0842137639369454,0.11374086889657518,-209767.56250929367,-0.0692901407887961,-0.4340484429065744,0.3014225297962323,3033474
002,01,JAMMU & KASHMIR,BADGAM,-0.20693579392540185,0.03693428952012862,0.06299115724721127,0.08882737408688969,-84774.72102554746,-0.05050107444553183,-0.36472126105344094,0.22145328719723184,1682823
623,01,JAMMU & KASHMIR,BANDIPURA,-0.2069357939253971,0.0888273740868885,0.12456747404845267,0.1537870049980846,-149491.84642257632,-0.027312759343506528,-0.42377547097270285,0.29287197231833906,5482179
626,01,JAMMU & KASHMIR,GANDERBAL,-0.22145328719723387,0.09356401384082402,0.13016532103037565,0.160000000000003,-68208.68970128533,-0.03121384897739943,-0.41362552864282975,0.28444444444444444,2192068
622,01,JAMMU & KASHMIR,KULGAM,-0.2364628988850548,0.0448442906574414,0.06698961937716491,0.0935640138408279,-78424.2721489268,-0.04631894777590261,-0.42377547097270285,0.2519646289888504,1698369
008,01,JAMMU & KASHMIR,KUPWARA,-0.24415224913494135,0.08421376393694949,0.10851211072664181,0.1417301038062318,-144782.63105567123,-0.0390090357759957,-0.41362552864282975,0.31009611687812383,3717596
011,01,JAMMU & KASHMIR,PULWAMA,-0.22145328719722635,0.0448442906574397,0.07535563244905981,0.10851211072664768,-56067.62080031538,-0.04654824373808548,-0.3839138792772011,0.2599000384467512,1208381
012,01,JAMMU & KASHMIR,RAJAURI,-0.2364628988850586,0.05536332179930474,0.07972318339100998,0.1085121107266458,-206465.74392644793,-0.05874512623822609,-0.41362552864282975,0.2761399461745483,3521026
621,01,JAMMU & KASHMIR,RAMBAN,-0.30142252979623024,0.08421376393695268,0.11374086889657344,0.14769703960015457,-115783.35307445323,-0.06736676378175374,-0.4340484429065744,0.3014225297962323,1722238
627,01,JAMMU & KASHMIR,RIASI,-0.251964628988845,0.09842368319877068,0.12456747404845005,0.15378700499808207,-86738.50826274333,-0.03367382728069301,-0.4340484429065744,0.3014225297962323,2582725
625,01,JAMMU & KASHMIR,SHUPIYAN,-0.21413302575932636,0.032541330257592,0.04822760476739526,0.06698961937716343,-33974.92370734104,-0.05014045781139444,-0.40359861591695495,0.186082276047674,681043
013,01,JAMMU & KASHMIR,SRINAGAR,-0.1417301038062262,0.10851211072664148,0.1301653210303709,0.15999999999999756,7388.289825179364,0.019514048321965696,-0.2599000384467512,0.3278123798539023,381957
620,01,JAMMU & KASHMIR,KISHTWAR,-0.18608227604769045,0.11909265667052282,0.14769703960016603,0.17937716262976336,37190.44882560125,0.0034025538686196636,-0.3839138792772011,0.33685505574778934,10942149
004,01,JAMMU & KASHMIR,DODA,-0.2519646289888451,0.10851211072665509,0.13588619761629955,0.1663360246059246,-90010.52770011243,-0.028089587996212244,-0.4340484429065744,0.3278123798539023,3210495
624,01,JAMMU & KASHMIR,SAMBA,-0.1245674740484414,0.09356401384082143,0.10851211072664771,0.12456747404844401,26452.201016644023,0.021546809498217648,-0.28444444444444444,0.2364628988850442,1231705
005,01,JAMMU & KASHMIR,JAMMU,-0.11909265667050901,0.11374086889658262,0.13016532103035955,0.15378700499808423,124313.91925434698,0.03888268567764197,-0.3014225297962323,0.2519646289888504,3204791
322,20,JHARKHAND,BOKARO,-0.08421376393694802,0.08421376393696783,0.09842368319874661,0.11374086889658462,92217.85331790958,0.02627518498425968,-0.2679584775086506,0.24415224913494812,3518062
323,20,JHARKHAND,CHATRA,-0.10851211072664058,0.05173394848134557,0.06299115724721473,0.07535563244904848,-14172.28531673858,-0.0030439518803776293,-0.2679584775086506,0.2069357939254133,4666877
325,20,JHARKHAND,DHANBAD,-0.0629911572472114,0.09842368319874821,0.11374086889659944,0.1301653210303678,106631.1309646879,0.04288509004066944,-0.19986159169550174,0.24415224913494812,2490976
324,20,JHARKHAND,DEOGHAR,-0.10340638216070368,0.05536332179930335,0.06698961937716857,0.08421376393694356,-8052.06512970854,-0.002644642270880353,-0.2364628988850442,0.24415224913494812,3050828
326,20,JHARKHAND,DUMKA,-0.05911572472126385,0.09356401384085158,0.10851211072665792,0.12456747404845377,174298.18777332522,0.03784399886127681,-0.2069357939254133,0.2364628988850442,4613615
328,20,JHARKHAND,GARHWA,-0.10340638216070545,0.059115724721251636,0.071111111111119,0.08421376393694487,33675.508198801814,0.00671405253739957,-0.28444444444444444,0.2069357939254133,5023969
329,20,JHARKHAND,GIRIDIH,-0.10851211072664782,0.05173394848134609,0.06698961937717025,0.0842137639369499,-59829.99375914715,-0.009842833207267409,-0.24415224913494812,0.22145328719723184,6087886
330,20,JHARKHAND,GODDA,-0.03844675124951964,0.10851211072665666,0.11909265667053084,0.13016532103035772,164425.82230394092,0.05855719855071412,-0.1929104190695886,0.2519646289888504,2814180
331,20,JHARKHAND,GUMLA,-0.13588619761630075,0.03543252595155417,0.05173394848134744,0.06698961937716538,-174453.0993699925,-0.026818086368077233,-0.3188927335640138,0.17937716262975778,6516036
332,20,JHARKHAND,HAZARIBAGH,-0.11374086889657518,0.0448442906574467,0.05911572472126347,0.07111111111111465,-61163.37038758576,-0.011536051152873289,-0.2519646289888504,0.2069357939254133,5315097
333,20,JHARKHAND,JAMTARA,-0.07972318339100226,0.07535563244906218,0.08882737408688127,0.1034063821607168,41985.971436704516,0.01901526413479426,-0.21413302575932336,0.186082276047674,2214404
606,20,JHARKHAND,KHUNTI,-0.09842368319876744,0.051733948481346485,0.06698961937716891,0.07972318339100888,-12439.611229848562,-0.0038913203166641877,-0.2761399461745483,0.186082276047674,3204257
334,20,JHARKHAND,KODARMA,-0.09356401384082819,0.062991157247215,0.07535563244904883,0.08882737408688472,17382.421068697862,0.008649074279535346,-0.2519646289888504,0.2069357939254133,2016064
335,20,JHARKHAND,LATEHAR,-0.10851211072664273,0.06299115724723768,0.07535563244906518,0.08882737408687653,14998.278749513074,0.0028997019766021518,-0.3014225297962323,0.186082276047674,5182155
336,20,JHARKHAND,LOHARDAGA,-0.11909265667050734,0.04158400615148127,0.05536332179930587,0.0711111111111154,-41392.19009981244,-0.022577916005676883,-0.3188927335640138,0.16633602460592078,1838361
337,20,JHARKHAND,PAKUR,-0.01993079584775099,0.10851211072665971,0.11909265667052277,0.13588619761629808,139827.37472100323,0.06327729606655837,-0.1929104190695886,0.2761399461745483,2216228
338,20,JHARKHAND,PALAMU,-0.08421376393694845,0.07111111111112023,0.08421376393696395,0.09356401384082352,123455.40575929453,0.022829099194695564,-0.2599000384467512,0.19986159169550174,5416996
343,20,JHARKHAND,WEST SINGHBHUM,-0.06299115724721131,0.07535563244906583,0.08882737408687798,0.10340638216071767,246240.24936923763,0.028226179041943567,-0.2761399461745483,0.2288965782391388,8734513
327,20,JHARKHAND,EAST SINGHBHUM,-0.0325413302575935,0.11374086889661161,0.12456747404846906,0.14173010380622592,267481.6622365275,0.06222751216162858,-0.19986159169550174,0.2519646289888504,4306723
607,20,JHARKHAND,RAMGARH,-0.08882737408688966,0.07535563244904918,0.08882737408688685,0.10340638216070867,32870.21822136706,0.019351250556204316,-0.24415224913494812,0.2288965782391388,1705200
339,20,JHARKHAND,RANCHI,-0.10851211072664571,0.0517339484813464,0.06698961937717082,0.08421376393694943,-55756.369846964655,-0.009199933640169074,-0.28444444444444444,0.21413302575932336,6072574
340,20,JHARKHAND,SAHIBGANJ,-0.03543252595155757,0.12456747404847406,0.13588619761632062,0.15378700499808362,203497.88639431258,0.07541116544749199,-0.17937716262975778,0.3188927335640138,2704649
341,20,JHARKHAND,SARAIKELA-KHARSAWAN,-0.06299115724721137,0.10340638216073544,0.11909265667052808,0.1358861976163234,150152.6862602734,0.046610061418601544,-0.2364628988850442,0.2519646289888504,3228630
342,20,JHARKHAND,SIMDEGA,-0.11909265667050922,0.04484429065744846,0.05536332179930422,0.07111111111111548,-51518.10837715499,-0.011277966384733148,-0.29287197231833906,0.1929104190695886,4575865
524,29,KARNATAKA,BAGALKOT,-0.13588619761631066,0.07972318339101671,0.09842368319877087,0.11909265667051107,-12870.713569568365,-0.0016878353642996494,-0.29287197231833906,0.2288965782391388,7637876
528,29,KARNATAKA,BALLARI,-0.14173010380622109,0.0842137639369615,0.10851211072665912,0.13016532103036207,-140046.44510094717,-0.014295207805173772,-0.3278123798539023,0.24415224913494812,9811668
527,29,KARNATAKA,BELAGAVI,-0.1358861976163067,0.06299115724722273,0.08421376393695822,0.10851211072665068,-210993.33669261256,-0.013501648968429487,-0.36472126105344094,0.2519646289888504,15647841
526,29,KARNATAKA,BENGALURU RURAL,-0.1417301038062316,0.016759948198621102,0.032541330257593405,0.055363321799308654,-110573.57284708094,-0.04190420397106824,-0.3188927335640138,0.2679584775086506,2647699
525,29,KARNATAKA,BENGALURU URBAN,-0.14173010380623235,0.04822760476739684,0.06698961937716912,0.08882737408688439,-58795.28035258535,-0.023339426298730096,-0.3188927335640138,0.2599000384467512,2525378
529,29,KARNATAKA,BIDAR,-0.09356401384082559,0.09842368319874874,0.11374086889659726,0.13588619761629783,168424.57324354854,0.026322647182022672,-0.2599000384467512,0.2519646289888504,6408943
531,29,KARNATAKA,CHAMARAJANAGAR,-0.14173010380622714,0.025862531555685384,0.04822760476739729,0.07111111111111593,-279448.17609696946,-0.043297643252043994,-0.3188927335640138,0.2599000384467512,6464990
630,29,KARNATAKA,CHIK BALLAPUR,-0.1476970396001576,0.005727608220971236,0.021043190463701,0.04158400615148105,-240808.32746418592,-0.04934765387541882,-0.33685505574778934,0.1929104190695886,4888990
532,29,KARNATAKA,CHIKKAMAGALURU,-0.13588619761630172,0.036898944613342,0.05173394848134677,0.06698961937716476,-162971.42751811253,-0.019685022437631015,-0.3278123798539023,0.21413302575932336,8290158
533,29,KARNATAKA,CHITRADURGA,-0.14769703960015326,0.01676815018394892,0.032541330257592024,0.051733948481349545,-433190.77367586974,-0.04454522290191648,-0.31009611687812383,0.2069357939254133,9737571
534,29,KARNATAKA,DAKSHINA KANNADA,-0.09356401384082703,0.08421376393696886,0.09842368319875723,0.11374086889658047,137930.43608184485,0.024763253923578053,-0.2761399461745483,0.2599000384467512,5579048
535,29,KARNATAKA,DAVANGERE,-0.13588619761629833,0.05173394848134664,0.07535563244905442,0.10340638216071522,-161017.70385497576,-0.023554712238644717,-0.3188927335640138,0.2519646289888504,6847089
536,29,KARNATAKA,DHARWAD,-0.11909265667052227,0.07972318339101402,0.09842368319875942,0.11909265667051742,21621.88780748417,0.004380280630223221,-0.31009611687812383,0.22145328719723184,4944779
537,29,KARNATAKA,GADAG,-0.11909265667051355,0.05911572472124854,0.0797231833910135,0.09842368319876561,-38505.867473555256,-0.007131140436928138,-0.28444444444444444,0.2288965782391388,5409858
539,29,KARNATAKA,HASSAN,-0.13588619761630133,0.032541330257589395,0.04822760476739846,0.06299115724721122,-199611.7034808062,-0.0255366841592157,-0.3188927335640138,0.21413302575932336,7828705
540,29,KARNATAKA,HAVERI,-0.11374086889657578,0.05173394848134657,0.0753556324490506,0.0984236831987662,-47815.19513066291,-0.00857823706545809,-0.29287197231833906,0.21413302575932336,5582700
538,29,KARNATAKA,KALABURAGI,-0.08421376393694566,0.1190926566705329,0.13588619761633441,0.15378700499808787,585318.3115710391,0.04566167236623003,-0.29287197231833906,0.2599000384467512,12835141
541,29,KARNATAKA,KODAGU,-0.12456747404843857,0.036894229140490134,0.05536332179930458,0.07111111111111566,-62781.39412275389,-0.013371717427358447,-0.36472126105344094,0.17937716262975778,4703960
542,29,KARNATAKA,KOLAR,-0.14173010380623674,0.016762324925464367,0.03254133025759224,0.051733948481352696,-183315.81696026825,-0.04013534351020871,-0.3188927335640138,0.2288965782391388,4576751
543,29,KARNATAKA,KOPPAL,-0.1358861976162985,0.05536332179930529,0.07972318339101005,0.10340638216071103,-142236.1338857604,-0.02201449637036233,-0.3014225297962323,0.29287197231833906,6471180
544,29,KARNATAKA,MANDYA,-0.1301653210303713,0.051733948481346416,0.0669896193771683,0.08882737408688234,-98259.67629846447,-0.017283173607315124,-0.3278123798539023,0.2599000384467512,5695228
545,29,KARNATAKA,MYSURU,-0.12456747404843906,0.044844290657449076,0.06299115724721116,0.07972318339100828,-119290.2179813713,-0.01653333438278853,-0.33685505574778934,0.2599000384467512,7227650
546,29,KARNATAKA,RAICHUR,-0.11374086889658015,0.10340638216073568,0.12456747404846837,0.1417301038062349,152168.49961209772,0.01549753516777415,-0.3014225297962323,0.24415224913494812,9829398
631,29,KARNATAKA,RAMANAGARAM,-0.14173010380623655,0.029773164167630102,0.048227604767400116,0.07111111111111595,-146915.19091335905,-0.0364971952223786,-0.3188927335640138,0.2761399461745483,4034113
547,29,KARNATAKA,SHIVAMOGGA,-0.15378700499808212,0.05173394848134632,0.06698961937716888,0.08882737408688716,-137363.4111111055,-0.014062265429941764,-0.33685505574778934,0.2679584775086506,9782492
548,29,KARNATAKA,TUMAKURU,-0.14173010380623047,0.0258658767072316,0.0448442906574472,0.06299115724721122,-468746.74671368557,-0.03847149937197723,-0.33685505574778934,0.22145328719723184,12204538
549,29,KARNATAKA,UDUPI,-0.09356401384082752,0.08421376393696187,0.09842368319877277,0.11909265667050979,93785.62442831369,0.022773826727004357,-0.2761399461745483,0.29287197231833906,4125180
550,29,KARNATAKA,UTTARA KANNADA,-0.11909265667051049,0.048227604767394586,0.06698961937717036,0.08421376393694685,-68532.90625491086,-0.00576949835719964,-0.3839138792772011,0.2519646289888504,11893283
530,29,KARNATAKA,VIJAYAPURA,-0.09356401384082508,0.09356401384085494,0.11374086889659091,0.13588619761630863,321957.13489418855,0.026284267306728417,-0.2599000384467512,0.2679584775086506,12262243
635,29,KARNATAKA,YADGIR,-0.11374086889657449,0.08882737408687892,0.10851211072665386,0.13016532103037046,49688.99711971012,0.008079515961669502,-0.3014225297962323,0.2679584775086506,6160245
554,32,KERALA,ALAPPUZHA,-0.06299115724721152,0.14173010380623144,0.15999999999999628,0.17937716262975234,107324.5696834689,0.06664792287983219,-0.2288965782391388,0.31009611687812383,1615612
555,32,KERALA,ERNAKULAM,-0.10851211072664228,0.1034063821607346,0.12456747404846434,0.14769703960016292,87279.6053002362,0.025112932913899235,-0.2761399461745483,0.3014225297962323,3482949
556,32,KERALA,IDUKKI,-0.1476970396001533,0.03691388631617343,0.05536332179930477,0.07535563244905565,-131731.42207152845,-0.026640182438092786,-0.3553094963475586,0.2288965782391388,4955513
557,32,KERALA,KANNUR,-0.09842368319876871,0.07972318339101664,0.09356401384083404,0.11909265667051172,55975.85638028896,0.016506752797675734,-0.33685505574778934,0.2679584775086506,3397343
558,32,KERALA,KASARAGOD,-0.09356401384082827,0.0842137639369544,0.0984236831987702,0.11909265667050968,45405.1331082145,0.019899272499216338,-0.2599000384467512,0.2599000384467512,2288384
559,32,KERALA,KOLLAM,-0.10851211072664066,0.0797231833910145,0.09842368319875913,0.12456747404845808,14668.378710684783,0.005216058941649235,-0.29287197231833906,0.3278123798539023,2818601
560,32,KERALA,KOTTAYAM,-0.09842368319876608,0.10340638216072393,0.1301653210303679,0.1600000000000021,66556.6584812005,0.02660559975022723,-0.31009611687812383,0.33685505574778934,2507427
561,32,KERALA,KOZHIKODE,-0.09842368319877201,0.10851211072666389,0.11909265667052804,0.1358861976163057,111847.6857386349,0.04175107660090794,-0.31009611687812383,0.29287197231833906,2684454
562,32,KERALA,MALAPPURAM,-0.09356401384082873,0.10340638216073177,0.11909265667052361,0.14173010380623152,147251.51309389473,0.036352225051625116,-0.2761399461745483,0.29287197231833906,4058183
563,32,KERALA,PALAKKAD,-0.11909265667051346,0.07972318339101725,0.09356401384083253,0.11374086889657367,45330.08985372032,0.008883975891202786,-0.3014225297962323,0.24415224913494812,5112539
564,32,KERALA,PATTANAMTHITTA,-0.11909265667051433,0.07111111111111847,0.09356401384082905,0.11374086889657677,-9257.68521900311,-0.0030820854220336515,-0.3188927335640138,0.28444444444444444,3011006
565,32,KERALA,THIRUVANANTHAPURAM,-0.10851211072664114,0.08421376393695312,0.10340638216071178,0.12456747404843804,29720.41965954671,0.011982398422400236,-0.3278123798539023,0.2679584775086506,2485730
566,32,KERALA,TRISSUR,-0.09842368319876821,0.11374086889660204,0.13016532103035902,0.1537870049980847,129038.74697697218,0.037447208396101266,-0.3014225297962323,0.3278123798539023,3453173
567,32,KERALA,WAYANAD,-0.11909265667051185,0.036891189370206634,0.05173394848134756,0.06698961937716445,-35880.41463557152,-0.014745183013965154,-0.3278123798539023,0.186082276047674,2438701
009,37,LADAKH,LEH,-0.10851211072665186,0.14173010380624596,0.16633602460587496,0.18608227604770428,9876441.585170416,0.0471332347873306,-0.36472126105344094,0.3278123798539023,209611635
006,37,LADAKH,KARGIL,-0.11374086889658866,0.13588619761634038,0.15378700499807424,0.17937716262976486,866169.6235930956,0.045430151949673196,-0.31009611687812383,0.29287197231833906,19084969
553,31,LAKSHADWEEP,LAKSHADWEEP,-0.015747789311803154,0.13588619761630133,0.14769703960015376,0.16633602460592073,2508.2185941756848,0.07963297637885428,-0.07972318339100345,0.2679584775086506,33702
667,23,MADHYA PRADESH,AGAR MALWA,-0.0842137639369469,0.07111111111111951,0.08421376393695458,0.103406382160703,62778.89515948216,0.018832494485826655,-0.2679584775086506,0.22145328719723184,3340865
639,23,MADHYA PRADESH,ALIRAJPUR,-0.14173010380623818,0.01574778931180279,0.02977316416762699,0.04822760476739518,-165203.2749447319,-0.041075554395624846,-0.2761399461745483,0.17937716262975778,4031207
390,23,MADHYA PRADESH,ANUPPUR,-0.11374086889657561,0.044844290657448056,0.05536332179930482,0.07111111111111541,-53140.209985031775,-0.011607512427346617,-0.2679584775086506,0.2069357939254133,4589056
391,23,MADHYA PRADESH,ASHOKNAGAR,-0.10851211072664711,0.0384467512495152,0.0517339484813472,0.07111111111111564,-70110.51280462486,-0.01205838982471051,-0.2679584775086506,0.2069357939254133,5822740
392,23,MADHYA PRADESH,BALAGHAT,-0.09842368319876729,0.05536332179931161,0.06698961937717363,0.07972318339101295,32646.983386919757,0.0029337217556310085,-0.29287197231833906,0.24415224913494812,11141974
393,23,MADHYA PRADESH,BARWANI,-0.13016532103036393,0.04822760476739461,0.06698961937717099,0.09356401384082429,-132187.64798202258,-0.02025096308882874,-0.2679584775086506,0.2761399461745483,6536978
394,23,MADHYA PRADESH,BETUL,-0.11374086889657893,0.03254133025758674,0.04822760476739634,0.06299115724721122,-209477.7719903045,-0.01731750885649412,-0.2679584775086506,0.2519646289888504,12110448
395,23,MADHYA PRADESH,BHIND,-0.0753556324490585,0.0553633217993104,0.06698961937717166,0.08421376393695065,58802.96566620281,0.010576285926977458,-0.2364628988850442,0.21413302575932336,5571431
396,23,MADHYA PRADESH,BHOPAL,-0.09842368319876446,0.048227604767396404,0.05911572472125944,0.07535563244905517,-8725.541985505477,-0.0025913842158537446,-0.24415224913494812,0.2599000384467512,3374356
397,23,MADHYA PRADESH,BURHANPUR,-0.11374086889657414,0.07972318339101504,0.10340638216072215,0.13016532103037498,-3424.8087667531454,-8.855850771332766E-4,-0.2288965782391388,0.2761399461745483,3873783
398,23,MADHYA PRADESH,CHHATARPUR,-0.10851211072664545,0.03689985483380702,0.04822760476739367,0.06698961937716502,-186627.63139650825,-0.017495212362420822,-0.2761399461745483,0.2519646289888504,10687142
399,23,MADHYA PRADESH,CHHINDWARA,-0.11909265667051623,0.04158400615147494,0.06698961937716916,0.09842368319876521,-240836.9366953194,-0.016918212959693944,-0.2679584775086506,0.2364628988850442,14251129
400,23,MADHYA PRADESH,DAMOH,-0.11909265667051316,0.04822760476738783,0.06299115724722144,0.07972318339101277,-113153.90121308377,-0.012699204413272765,-0.2679584775086506,0.2599000384467512,8922849
401,23,MADHYA PRADESH,DATIA,-0.07972318339100376,0.041584006151481286,0.05536332179930847,0.07111111111111393,4389.547288805352,0.001318396993762937,-0.2519646289888504,0.22145328719723184,3340498
402,23,MADHYA PRADESH,DEWAS,-0.10340638216071088,0.06299115724723157,0.07535563244905291,0.0935640138408231,58660.821386665404,0.006908917436565891,-0.2519646289888504,0.22145328719723184,8505726
403,23,MADHYA PRADESH,DHAR,-0.11374086889657442,0.05173394848134508,0.06698961937717131,0.08421376393694613,-36196.30129464281,-0.003672578659510254,-0.2679584775086506,0.2761399461745483,9867234
404,23,MADHYA PRADESH,DINDORI,-0.0935640138408248,0.04822760476739228,0.05911572472125521,0.07111111111111688,-8759.04686987766,-0.0012580183370108362,-0.2519646289888504,0.2288965782391388,6974940
405,23,MADHYA PRADESH,EAST NIMAR,-0.10340638216071407,0.06299115724723478,0.07535563244905724,0.093564013840823,2901.592007115487,3.227356298195017E-4,-0.2519646289888504,0.24415224913494812,9002549
406,23,MADHYA PRADESH,GUNA,-0.10851211072664325,0.024605920799693055,0.03844675124952138,0.05911572472126368,-156473.40243332283,-0.01998620052332976,-0.28444444444444444,0.19986159169550174,7842335
407,23,MADHYA PRADESH,GWALIOR,-0.11374086889658287,0.051733948481345,0.06698961937717225,0.08421376393695411,-24290.162475390225,-0.0042866607087614274,-0.29287197231833906,0.24415224913494812,5674029
408,23,MADHYA PRADESH,HARDA,-0.08882737408688353,0.06698961937717512,0.07972318339101701,0.09356401384082223,46058.9342125794,0.011429923587361474,-0.2364628988850442,0.2069357939254133,4035848
409,23,MADHYA PRADESH,HOSHANGABAD,-0.09842368319876897,0.05911572472126264,0.07111111111111913,0.08421376393694843,117490.06107908617,0.014533440389983268,-0.2761399461745483,0.2519646289888504,8095645
410,23,MADHYA PRADESH,INDORE,-0.11374086889657485,0.07111111111111977,0.09356401384082642,0.11909265667051738,59330.32109918451,0.012544880307002992,-0.2599000384467512,0.2761399461745483,4738802
411,23,MADHYA PRADESH,JABALPUR,-0.07972318339100509,0.08882737408688317,0.10340638216073315,0.12456747404846182,174416.86970722864,0.0281899717823018,-0.2364628988850442,0.2679584775086506,6198352
412,23,MADHYA PRADESH,JHABUA,-0.11909265667051087,0.027128027681663034,0.04158400615148125,0.05911572472126406,-108298.63309093488,-0.025955313006508964,-0.2519646289888504,0.17937716262975778,4179358
413,23,MADHYA PRADESH,KATNI,-0.09356401384082584,0.051733948481344695,0.06698961937717235,0.07972318339101075,34646.54313990506,0.005621297018102629,-0.24415224913494812,0.2288965782391388,6175594
415,23,MADHYA PRADESH,MANDLA,-0.09842368319876695,0.04484429065745276,0.055363321799302444,0.06698961937716723,-51627.3770574737,-0.0056814915179984535,-0.28444444444444444,0.2069357939254133,9100880
416,23,MADHYA PRADESH,MANDSAUR,-0.10851211072664413,0.04822760476739546,0.06299115724721113,0.07972318339100655,-9976.149313309605,-0.0014694923242053412,-0.2679584775086506,0.22145328719723184,6799773
417,23,MADHYA PRADESH,MORENA,-0.12456747404845421,0.04822760476739433,0.06299115724721112,0.07972318339100995,-53077.482401813846,-0.008545947078000021,-0.28444444444444444,0.24415224913494812,6223463
418,23,MADHYA PRADESH,NARSHIMAPURA,-0.0984236831987715,0.08421376393696277,0.0984236831987638,0.11909265667051425,137521.0284265368,0.02208989626107742,-0.2679584775086506,0.2519646289888504,6236392
419,23,MADHYA PRADESH,NIMACH,-0.12456747404845182,0.035432525951558005,0.04822760476739667,0.06299115724721123,-126612.7662985211,-0.024061856268036502,-0.28444444444444444,0.1929104190695886,5274602
420,23,MADHYA PRADESH,PANNA,-0.10340638216070382,0.05173394848134525,0.06698961937717172,0.07972318339101098,-17313.758640416574,-0.0019898739996466117,-0.2519646289888504,0.2364628988850442,8717597
421,23,MADHYA PRADESH,RAISEN,-0.10340638216071256,0.05536332179932574,0.0711111111111198,0.0888273740868835,-30592.657317606245,-0.0029710799236113365,-0.24415224913494812,0.24415224913494812,10312010
422,23,MADHYA PRADESH,RAJGARH,-0.08882737408688691,0.06299115724723486,0.07535563244905588,0.09356401384083744,111144.6703610574,0.014768023860352484,-0.2679584775086506,0.22145328719723184,7535187
423,23,MADHYA PRADESH,RATLAM,-0.09842368319876849,0.04822760476739359,0.06299115724721203,0.07972318339100952,-12647.272727850652,-0.002140125111908595,-0.24415224913494812,0.186082276047674,5920371
424,23,MADHYA PRADESH,REWA,-0.13016532103036946,0.048227604767395606,0.06299115724721113,0.07972318339100887,-52506.252434665876,-0.0067842795848582,-0.2599000384467512,0.2519646289888504,7751995
425,23,MADHYA PRADESH,SAGAR,-0.11374086889657582,0.02220684352172119,0.03543252595155758,0.048227604767394794,-297345.95250424853,-0.02373161849907123,-0.2761399461745483,0.17937716262975778,12549508
426,23,MADHYA PRADESH,SATNA,-0.08882737408688442,0.051733948481345146,0.06698961937716987,0.07972318339100813,56973.229153159125,0.006171867236898581,-0.28444444444444444,0.24415224913494812,9250027
427,23,MADHYA PRADESH,SEHORE,-0.10340638216071146,0.05536332179930287,0.06698961937717253,0.07972318339101188,39927.29719298581,0.005013807578543206,-0.2599000384467512,0.1929104190695886,7979648
428,23,MADHYA PRADESH,SEONI,-0.09356401384082465,0.03543252595155965,0.04822760476739498,0.05911572472126454,-67925.54906409756,-0.006424212235253123,-0.2519646289888504,0.2288965782391388,10587279
429,23,MADHYA PRADESH,SHAHDOL,-0.11909265667051114,0.03689996028690768,0.055363321799305615,0.07111111111111544,-120056.6591756911,-0.01734575403071995,-0.29287197231833906,0.21413302575932336,6933487
430,23,MADHYA PRADESH,SHAJAPUR,-0.06698961937716272,0.06698961937717447,0.07972318339101443,0.09842368319876836,91721.0197463468,0.02178068504960077,-0.2599000384467512,0.2069357939254133,4219787
431,23,MADHYA PRADESH,SHEOPUR,-0.13016532103035838,0.035432525951560205,0.04822760476739445,0.06698961937716741,-228676.8821634872,-0.027936669359996724,-0.2761399461745483,0.21413302575932336,8196536
432,23,MADHYA PRADESH,SHIVPURI,-0.1245674740484483,0.03543252595155424,0.055363321799303776,0.07111111111111694,-243177.6819663881,-0.01914571601031462,-0.28444444444444444,0.21413302575932336,12718231
433,23,MADHYA PRADESH,SIDHI,-0.11909265667051108,0.05173394848134573,0.06299115724721113,0.07972318339100906,-14602.95058232281,-0.002498316091418063,-0.29287197231833906,0.2364628988850442,5855562
638,23,MADHYA PRADESH,SINGRAULI,-0.13588619761629908,0.04484429065745089,0.06299115724721116,0.07972318339100785,-120272.91752103232,-0.01704439600869493,-0.28444444444444444,0.21413302575932336,7066555
434,23,MADHYA PRADESH,TIKAMGARH,-0.12456747404844597,0.0016709082571127979,0.012942715512064724,0.029773164167628072,-201014.1922470037,-0.04388316950258868,-0.2679584775086506,0.2679584775086506,4588875
435,23,MADHYA PRADESH,UJJAIN,-0.07111111111111265,0.07111111111111984,0.08421376393695987,0.0984236831987709,162838.670411333,0.021952717019279238,-0.24415224913494812,0.2679584775086506,7431237
436,23,MADHYA PRADESH,UMARIA,-0.09356401384082598,0.05536332179931188,0.06698961937717114,0.07972318339100938,36704.45258856785,0.006583071806224135,-0.28444444444444444,0.2069357939254133,5584765
437,23,MADHYA PRADESH,VIDISHA,-0.08421376393694746,0.03844675124951326,0.0482276047673971,0.06299115724721117,-27480.84043382435,-0.0030819651115239124,-0.2519646289888504,0.1929104190695886,8929692
414,23,MADHYA PRADESH,WEST NIMAR,-0.10851211072664514,0.0629911572472261,0.07535563244905248,0.09356401384082313,23409.479615378914,0.002423275342046308,-0.2599000384467512,0.2599000384467512,9673296
722,23,MADHYA PRADESH,NIVARI,-0.11374086889657632,0.025838703739884495,0.04158400615148109,0.06299115724721152,-38093.53303600357,-0.023348677590745534,-0.2519646289888504,0.29287197231833906,1640914
466,27,MAHARASHTRA,AHAMADNAGAR,-0.13588619761631704,0.07535563244905964,0.0935640138408452,0.11909265667051946,-88652.2073625781,-0.004384038226357624,-0.3188927335640138,0.2679584775086506,20247712
467,27,MAHARASHTRA,AKOLA,-0.07535563244904973,0.1537870049980021,0.17279507881576275,0.18608227604763403,507601.3652973278,0.07813227591820743,-0.2519646289888504,0.28444444444444444,6508098
468,27,MAHARASHTRA,AMARAVATI,-0.0984236831987737,0.13588619761629062,0.15378700499799913,0.17279507881583683,707119.7099878037,0.04837721843435716,-0.24415224913494812,0.28444444444444444,14634927
469,27,MAHARASHTRA,AURANGABAD,-0.1190926566705164,0.08882737408687584,0.10340638216072949,0.12456747404845286,182677.0774534394,0.01518076951818572,-0.2761399461745483,0.2761399461745483,12049449
471,27,MAHARASHTRA,BHANDARA,-0.08882737408688891,0.06698961937717465,0.07972318339101339,0.09356401384082491,96411.28320640567,0.019468218068033574,-0.22145328719723184,0.29287197231833906,4961610
470,27,MAHARASHTRA,BID,-0.11909265667051397,0.08421376393696554,0.10851211072665776,0.13016532103037248,117183.95464732351,0.00935444088895288,-0.2679584775086506,0.2599000384467512,12544794
472,27,MAHARASHTRA,BULDHANA,-0.09356401384082502,0.11909265667053007,0.14173010380625475,0.15999999999997552,458970.63291695586,0.03951212016180483,-0.2519646289888504,0.29287197231833906,11630150
473,27,MAHARASHTRA,CHANDRAPUR,-0.07972318339100574,0.10340638216073386,0.12456747404846998,0.14173010380621617,437671.8564831577,0.03237856080224499,-0.2599000384467512,0.24415224913494812,13530633
474,27,MAHARASHTRA,DHULE,-0.12456747404844046,0.07972318339101706,0.1034063821607261,0.13016532103036377,-33706.00070792725,-0.003916695944084677,-0.29287197231833906,0.2761399461745483,8617611
475,27,MAHARASHTRA,GADCHIROLI,-0.09842368319876843,0.06299115724724111,0.07111111111111992,0.08421376393694954,215500.225690193,0.012514903084324036,-0.29287197231833906,0.2761399461745483,17237884
476,27,MAHARASHTRA,GONDIA,-0.0935640138408256,0.05911572472125837,0.07111111111111906,0.07972318339101031,47452.689491189834,0.007646747631971865,-0.2599000384467512,0.2364628988850442,6215661
477,27,MAHARASHTRA,HINGOLI,-0.07972318339100674,0.10851211072666135,0.13016532103035724,0.15378700499808226,213852.72842660488,0.038276799848432824,-0.2364628988850442,0.28444444444444444,5596711
478,27,MAHARASHTRA,JALGAON,-0.10851211072664717,0.10340638216073623,0.12456747404846544,0.14769703960016256,434502.9969519987,0.03082032909265183,-0.2679584775086506,0.29287197231833906,14113319
479,27,MAHARASHTRA,JALNA,-0.08882737408688637,0.0935640138408619,0.11374086889659574,0.1301653210303757,320230.4381746204,0.03513612380062849,-0.2761399461745483,0.2599000384467512,9127228
480,27,MAHARASHTRA,KOLHAPUR,-0.1417301038062376,0.04822760476739518,0.06698961937717052,0.0888273740868826,-188980.14344135678,-0.021130543709488716,-0.33685505574778934,0.24415224913494812,8961350
481,27,MAHARASHTRA,LATUR,-0.08882737408688553,0.08421376393696307,0.10340638216072116,0.11909265667051395,192310.72455494961,0.02267776315635313,-0.24415224913494812,0.2364628988850442,8490449
482,27,MAHARASHTRA,MUMBAI CITY,-0.07535563244905838,0.10851211072664602,0.12456747404844393,0.1417301038062268,2980.2463617162216,0.03949791855212033,-0.21413302575932336,0.2288965782391388,76546
484,27,MAHARASHTRA,NAGPUR,-0.07972318339100921,0.11374086889659268,0.13016532103034534,0.14769703960016675,491293.7468634135,0.04144867785968317,-0.2519646289888504,0.28444444444444444,11865192
485,27,MAHARASHTRA,NANDED,-0.08882737408688379,0.10851211072666386,0.12456747404846671,0.1476970396001583,527176.2572992988,0.04233857524958152,-0.2364628988850442,0.3014225297962323,12472028
486,27,MAHARASHTRA,NANDURBAR,-0.14769703960016622,0.10851211072666403,0.13016532103033865,0.15378700499806586,13825.086708744446,0.0019337244493419655,-0.29287197231833906,0.28444444444444444,7163183
487,27,MAHARASHTRA,NASHIK,-0.1476970396001616,0.04484429065745128,0.06299115724722054,0.08421376393695375,-486793.5286946247,-0.026356712757466132,-0.3278123798539023,0.2364628988850442,18486361
488,27,MAHARASHTRA,USMANABAD,-0.1137408688965741,0.0629911572472126,0.08421376393695067,0.11374086889657489,5977.375876962662,6.708690640997524E-4,-0.2599000384467512,0.24415224913494812,8925215
665,27,MAHARASHTRA,PALGHAR,-0.13016532103035677,0.05536332179930216,0.07972318339101207,0.10851211072664656,-114838.70730539954,-0.018353186977607672,-0.29287197231833906,0.2599000384467512,6266083
489,27,MAHARASHTRA,PARBHANI,-0.07111111111111387,0.12456747404847596,0.1417301038062304,0.15378700499807316,451951.92681161076,0.06055961981231933,-0.22145328719723184,0.2761399461745483,7474260
490,27,MAHARASHTRA,PUNE,-0.14769703960016503,0.05911572472125168,0.07972318339101614,0.10340638216071389,-345845.19065869367,-0.018751743078716625,-0.31009611687812383,0.28444444444444444,18462996
491,27,MAHARASHTRA,RAYGAD,-0.12456747404844332,0.05911572472125927,0.08421376393695645,0.1190926566705161,-66654.9689682936,-0.008104142082747467,-0.31009611687812383,0.2519646289888504,8238352
492,27,MAHARASHTRA,RATNAGIRI,-0.11909265667050913,0.048227604767389846,0.05911572472125116,0.07535563244904962,-111960.80603546488,-0.011538605473562063,-0.31009611687812383,0.2599000384467512,9717129
493,27,MAHARASHTRA,SANGLI,-0.14173010380623183,0.05173394848134683,0.07111111111111744,0.09356401384083411,-244305.9080797765,-0.024284205067484223,-0.29287197231833906,0.24415224913494812,10078127
494,27,MAHARASHTRA,SATARA,-0.15378700499808576,0.036929580362826196,0.05911572472125829,0.08421376393694828,-460365.18964986916,-0.03747255039477495,-0.3188927335640138,0.24415224913494812,12298534
495,27,MAHARASHTRA,SINDHUDURG,-0.10340638216070387,0.06299115724722468,0.07972318339101495,0.0935640138408274,27148.306885515034,0.004569985494933031,-0.33685505574778934,0.2599000384467512,5951789
496,27,MAHARASHTRA,SOLAPUR,-0.10851211072664714,0.07972318339101428,0.10340638216072315,0.13016532103037495,193797.4433912079,0.01111653209213282,-0.29287197231833906,0.28444444444444444,17457025
483,27,MAHARASHTRA,SUB URBAN MUMBAI,-0.08421376393694603,0.1301653210303684,0.14769703960015199,0.1600000000000071,18275.072661939743,0.0358148526351406,-0.2364628988850442,0.24415224913494812,512479
497,27,MAHARASHTRA,THANE,-0.13588619761631457,0.04484429065744705,0.06698961937716916,0.09842368319877132,-110507.85832366717,-0.021835826674160785,-0.31009611687812383,0.2519646289888504,5069267
498,27,MAHARASHTRA,WARDHA,-0.07535563244905087,0.13016532103033004,0.14173010380624493,0.15999999999999087,430533.9311806714,0.05714598124634235,-0.21413302575932336,0.29287197231833906,7543509
499,27,MAHARASHTRA,WASHIM,-0.08421376393694585,0.1034063821607322,0.11909265667052314,0.135886197616299,239645.14795844024,0.039226592331081674,-0.2364628988850442,0.2519646289888504,6120783
500,27,MAHARASHTRA,YAVATMAL,-0.09842368319876696,0.11909265667053279,0.13588619761632473,0.15378700499807474,599504.8018373481,0.03711037619145892,-0.2599000384467512,0.2679584775086506,16172960
252,14,MANIPUR,BISHNUPUR,-0.07111111111111021,0.13016532103037332,0.14769703960015468,0.17279507881584374,32315.27188209365,0.05484786409763593,-0.22145328719723184,0.3188927335640138,592328
253,14,MANIPUR,CHANDEL,-0.05911572472126358,0.1358861976163438,0.14769703960017336,0.16633602460592495,153965.6379652212,0.06382295657898211,-0.28444444444444444,0.2599000384467512,2417211
254,14,MANIPUR,CHURACHANDPUR,-0.051733948481352245,0.15378700499808212,0.17279507881585068,0.1929104190695932,227720.43295368893,0.07636592713111434,-0.2761399461745483,0.28444444444444444,2987741
256,14,MANIPUR,IMPHAL WEST,-0.051733948481353015,0.1417301038062325,0.16000000000000195,0.18608227604767158,40601.33981263554,0.06775753407090551,-0.24415224913494812,0.31009611687812383,603204
255,14,MANIPUR,IMPHAL EAST,-0.05911572472126248,0.11909265667052173,0.14173010380624299,0.1600000000000077,23526.675525273422,0.044199244953325105,-0.2519646289888504,0.28444444444444444,535890
713,14,MANIPUR,JIRIBAM,-0.010396001537870066,0.1663360246059252,0.17937716262975062,0.192910419069581,38611.58129550339,0.10654002767514652,-0.19986159169550174,0.2599000384467512,365087
260,14,MANIPUR,UKHRUL,-0.08421376393694734,0.1417301038062164,0.16000000000001385,0.17937716262975592,158345.43303346145,0.06138209959128772,-0.2761399461745483,0.3188927335640138,2585246
257,14,MANIPUR,SENAPATI,-0.07535563244905938,0.15378700499806205,0.17279507881584918,0.19291041906958087,149013.74412527308,0.06893991036247894,-0.28444444444444444,0.3014225297962323,2166467
258,14,MANIPUR,TAMENGLONG,-0.0210608058060694,0.1793771626298189,0.19986159169548443,0.21413302575933313,408150.16613383073,0.10981868746335713,-0.2519646289888504,0.31009611687812383,3724282
259,14,MANIPUR,THOUBAL,-0.0753556324490587,0.13016532103037662,0.14769703960015154,0.17279507881584497,26585.401629713902,0.055077045730779796,-0.22145328719723184,0.3014225297962323,485328
717,14,MANIPUR,KAMJONG,-0.04484429065743838,0.14769703960017494,0.16000000000001408,0.1793771626297533,229384.7810313796,0.07830159675804209,-0.2679584775086506,0.2679584775086506,2934321
714,14,MANIPUR,NONEI,-0.009668956109858367,0.1860822760477066,0.19986159169548637,0.21413302575932922,165150.178336113,0.11406324746772416,-0.22145328719723184,0.3014225297962323,1452211
715,14,MANIPUR,PHERZAWL,-0.012959763142961546,0.1727950788158227,0.18608227604771155,0.20693579392539707,284268.24164061435,0.1081960871900054,-0.2288965782391388,0.28444444444444444,2632958
716,14,MANIPUR,TENGNOUPAL,-0.055363321799306836,0.14173010380623544,0.1600000000000245,0.17279507881584985,113345.38238944554,0.07517984556275246,-0.24415224913494812,0.2599000384467512,1511379
712,14,MANIPUR,KANGPOKPI,-0.06299115724721166,0.15378700499805714,0.17279507881584966,0.1929104190695866,160771.95604597477,0.07538318478926134,-0.29287197231833906,0.29287197231833906,2143163
711,14,MANIPUR,KAKCHING,-0.09356401384083145,0.12456747404844883,0.14173010380623863,0.16000000000000417,17085.582959679625,0.04354440512969962,-0.2288965782391388,0.2599000384467512,394750
273,17,MEGHALAYA,EAST GARO HILLS,-0.004495219897621492,0.1417301038062455,0.15378700499806536,0.16633602460592492,173564.91477314348,0.08868430873308819,-0.22145328719723184,0.24415224913494812,1961933
274,17,MEGHALAYA,EAST KHASI HILLS,-0.11374086889657459,0.14769703960017194,0.17279507881585027,0.19291041906958226,167034.7566447512,0.047549091096948784,-0.3014225297962323,0.3188927335640138,3519450
657,17,MEGHALAYA,EAST JAINTIA HILLS,-0.098423683198771,0.13588619761633394,0.15378700499808556,0.17279507881584968,129576.66474702368,0.05215032596420869,-0.2761399461745483,0.2761399461745483,2489782
277,17,MEGHALAYA,SOUTH GARO HILLS,-0.027128027681661455,0.14173010380624412,0.15378700499807996,0.1727950788158487,195048.41435888302,0.08607737490644157,-0.21413302575932336,0.2679584775086506,2271292
278,17,MEGHALAYA,WEST GARO HILLS,-0.009627826293803229,0.14769703960017738,0.16000000000000358,0.17279507881584963,306850.4972586711,0.09321805505220261,-0.22145328719723184,0.28444444444444444,3298747
279,17,MEGHALAYA,WEST KHASI HILLS,-0.08882737408688346,0.14173010380623594,0.1537870049980671,0.1727950788158491,303945.57295756845,0.06265254617734248,-0.3014225297962323,0.28444444444444444,4859806
276,17,MEGHALAYA,RI-BHOI,-0.0369154987291447,0.1417301038062476,0.15378700499805148,0.17279507881584927,237621.69353371166,0.08081484281551875,-0.2679584775086506,0.28444444444444444,2948155
658,17,MEGHALAYA,SOUTH WEST KHASI HILLS,-0.09842368319876738,0.14769703960016958,0.1663360246059249,0.18608227604768235,102172.82128918883,0.06337637753462692,-0.2679584775086506,0.2679584775086506,1617098
663,17,MEGHALAYA,SOUTH WEST GARO HILLS,9.429566966080621E-4,0.1476970396001704,0.16633602460592498,0.1793771626297521,99344.63882491327,0.09603752270553305,-0.186082276047674,0.2519646289888504,1037207
656,17,MEGHALAYA,NORTH GARO HILLS,-0.01574778931180293,0.13016532103035058,0.14173010380622847,0.16000000000000494,121481.89901324602,0.07851167625378654,-0.19986159169550174,0.24415224913494812,1552862
275,17,MEGHALAYA,WEST JAINTIA HILLS,-0.0935640138408274,0.1301653210303594,0.14769703960016012,0.16633602460592437,108333.40406737864,0.04872756463946946,-0.2761399461745483,0.2761399461745483,2229213
262,15,MIZORAM,CHAMPHAI,-0.05173394848135463,0.15999999999997896,0.17279507881585104,0.18608227604769928,335927.7461029728,0.08112577846571666,-0.3188927335640138,0.28444444444444444,4148573
267,15,MIZORAM,SAIHA,-0.03254133025759363,0.16633602460590208,0.17937716262978187,0.19986159169549075,176834.06890272858,0.09577130589515181,-0.2761399461745483,0.2761399461745483,1851831
264,15,MIZORAM,LAWNGTLAI,-0.01676077688449954,0.16633602460590055,0.17937716262978187,0.19291041906958825,297832.01254916075,0.10163178420029684,-0.28444444444444444,0.2761399461745483,2939881
268,15,MIZORAM,SERCHHIP,-0.03693055949493081,0.1600000000000025,0.17937716262977513,0.19291041906957448,159674.34767758395,0.09089355294855408,-0.3014225297962323,0.2761399461745483,1762727
263,15,MIZORAM,KOLASIB,-0.03844675124951912,0.15378700499807596,0.17279507881585054,0.1860822760476863,172899.52988081647,0.09481062279433743,-0.2288965782391388,0.2679584775086506,1828823
266,15,MIZORAM,MAMIT,-0.021039055704610468,0.14769703960017833,0.16000000000001408,0.1793771626297588,334573.7813191721,0.0894424129566837,-0.24415224913494812,0.28444444444444444,3748513
265,15,MIZORAM,LUNGLEI,-0.025839787697799703,0.16633602460584437,0.17937716262980993,0.1929104190695878,538292.9253009665,0.09786175519689547,-0.2519646289888504,0.28444444444444444,5509505
261,15,MIZORAM,AIZAWL,-0.036911069341471085,0.16633602460587002,0.17937716262979284,0.19291041906958517,372768.1053858874,0.09587146682098449,-0.2599000384467512,0.29287197231833906,3898664
613,13,NAGALAND,PAREN,-0.01676366077586178,0.1599999999999897,0.1793771626297871,0.19291041906959816,218920.3687745842,0.09691093623579242,-0.2679584775086506,0.28444444444444444,2264628
248,13,NAGALAND,PHEK,-0.07535563244905942,0.1663360246058874,0.186082276047704,0.19986159169548834,193601.54916458047,0.08354299867445088,-0.29287197231833906,0.3014225297962323,2323275
250,13,NAGALAND,WOKHA,-0.012974790033764928,0.18608227604767233,0.19986159169548487,0.21413302575933116,234637.91573884198,0.11738507512807028,-0.2599000384467512,0.31009611687812383,2003896
244,13,NAGALAND,DIMAPUR,-0.012990130561365694,0.17279507881585063,0.1860822760476904,0.19986159169549403,98758.01105414577,0.10450761035176767,-0.24415224913494812,0.28444444444444444,949846
245,13,NAGALAND,KOHIMA,-0.048227604767397445,0.1663360246059198,0.18608227604770272,0.1998615916954888,151387.66585556563,0.09296225743236572,-0.29287197231833906,0.3014225297962323,1632851
614,13,NAGALAND,KIPHIRE,-0.0753556324490594,0.16633602460588112,0.18608227604769761,0.19986159169549036,109156.89028292452,0.0779365196334019,-0.31009611687812383,0.29287197231833906,1404480
251,13,NAGALAND,ZUNHEBOTO,-0.03691118511536713,0.1793771626298187,0.1998615916954845,0.2141330257593331,207511.30129168156,0.10614396520434129,-0.28444444444444444,0.31009611687812383,1960862
246,13,NAGALAND,MOKOKCHUNG,-0.012974364454864355,0.17937716262980338,0.1929104190695564,0.21413302575932863,231713.29536844476,0.11589461953371313,-0.28444444444444444,0.31009611687812383,2005010
247,13,NAGALAND,MON,-0.009625456022519872,0.19291041906954687,0.20693579392538106,0.22145328719722016,341554.71910911665,0.12565984601371047,-0.28444444444444444,0.31009611687812383,2724066
249,13,NAGALAND,TUENSANG,-0.03689573211669026,0.17937716262980447,0.19986159169548523,0.21413302575933132,266389.25428557326,0.10047263674956111,-0.2519646289888504,0.3014225297962323,2656787
615,13,NAGALAND,LONGLENG,-0.005693875192868651,0.19986159169548326,0.2141330257593248,0.22889657823914417,95142.33871484653,0.13020462980500744,-0.2599000384467512,0.31009611687812383,734358
344,21,ODISHA,ANUGUL,-0.06299115724721138,0.09842368319875677,0.11374086889656827,0.13016532103034706,338526.2648147144,0.0444108212060232,-0.2288965782391388,0.2599000384467512,7634552
345,21,ODISHA,BOLANGIR (BALANGIR),-0.07111111111111233,0.07535563244906802,0.08882737408687653,0.10340638216071829,188867.96663716857,0.024176019035670095,-0.2519646289888504,0.28444444444444444,7823364
346,21,ODISHA,BALASORE (BALESHWAR),-0.019930795847750822,0.15378700499801445,0.16633602460586222,0.179377162629801,418038.07627789705,0.09371599992903216,-0.19986159169550174,0.2761399461745483,4471001
347,21,ODISHA,BARAGARH,-0.06299115724721129,0.14769703960005448,0.1663360246057828,0.17937716262983264,338810.7119834083,0.04845461039527856,-0.24415224913494812,0.28444444444444444,7004326
348,21,ODISHA,BHADRAK,-0.02712802768166167,0.14173010380627443,0.1537870049980469,0.17279507881584877,303325.1362213078,0.1012657104431195,-0.186082276047674,0.2761399461745483,3001803
350,21,ODISHA,CUTTACK,-0.0888273740868848,0.1358861976163431,0.14769703960017136,0.16000000000000375,323610.48573177884,0.07042699686442451,-0.2364628988850442,0.29287197231833906,4607070
351,21,ODISHA,DEOGARH,-0.05911572472126358,0.0797231833910182,0.09356401384083579,0.10851211072664738,99474.44172099157,0.028051170779107952,-0.21413302575932336,0.2519646289888504,3554240
352,21,ODISHA,DHENKANAL,-0.07111111111110963,0.1137408688965732,0.12456747404847118,0.13588619761631815,326920.66678672424,0.06136424380529574,-0.2599000384467512,0.2519646289888504,5335603
353,21,ODISHA,GAJAPATI,-0.09842368319876688,0.06299115724721112,0.07972318339101278,0.09842368319876812,16163.415850128955,0.003306851329881974,-0.29287197231833906,0.2364628988850442,4897594
354,21,ODISHA,GANJAM,-0.059115724721263085,0.10340638216074038,0.11909265667052946,0.1301653210303576,506346.2561471503,0.05087865240117519,-0.2679584775086506,0.2761399461745483,9965454
355,21,ODISHA,JAGATSINGHPUR,-0.059115724721261545,0.14769703960016575,0.1600000000000175,0.1727950788158493,209661.9287836725,0.10163026854043263,-0.186082276047674,0.2679584775086506,2068255
356,21,ODISHA,JAJAPUR,-0.07972318339100398,0.13016532103033532,0.1476970396001709,0.16000000000001052,262842.8554318053,0.07590677846107845,-0.2288965782391388,0.2679584775086506,3471072
357,21,ODISHA,JHARSUGUDA,-0.04484429065743899,0.10851211072666032,0.12456747404846273,0.14173010380623244,122290.1906418909,0.0490747444897005,-0.2519646289888504,0.2599000384467512,2499034
358,21,ODISHA,KALAHANDI,-0.07972318339100892,0.11374086889658523,0.14173010380624032,0.16633602460587224,333690.10254571366,0.035573637649221265,-0.2599000384467512,0.29287197231833906,9392589
359,21,ODISHA,KANDHAMAL,-0.08421376393694521,0.06299115724722432,0.07535563244905798,0.08882737408687914,79424.01817000848,0.008325637267067771,-0.2679584775086506,0.22145328719723184,9552404
360,21,ODISHA,KENDRAPARHA,-0.06698961937716146,0.1599999999999852,0.17279507881585102,0.19291041906958992,330887.88766839425,0.10956285472329043,-0.186082276047674,0.28444444444444444,3027614
361,21,ODISHA,KEONJHAR (KENDUJHAR),-0.07111111111111369,0.0888273740869004,0.10340638216073347,0.11909265667052857,290566.3616600745,0.029152494024978312,-0.3188927335640138,0.2519646289888504,9980176
362,21,ODISHA,KHORDHA,-0.03688620981824792,0.12456747404847127,0.14173010380623116,0.16000000000000575,258313.0762883155,0.07542249482113456,-0.2364628988850442,0.29287197231833906,3436743
363,21,ODISHA,KORAPUT,-0.12456747404845654,0.059115724721251865,0.07972318339101352,0.1034063821607184,-112331.60986364397,-0.01134583168447228,-0.3278123798539023,0.2679584775086506,9916232
364,21,ODISHA,MALKANGIRI,-0.09842368319877398,0.059115724721252504,0.07535563244904724,0.0888273740868855,17762.944066092114,0.00261165126589706,-0.2599000384467512,0.22145328719723184,6811277
365,21,ODISHA,MAYURBHANJ,-0.03844675124952013,0.1137408688965586,0.12456747404847451,0.1417301038062172,742648.0799599648,0.059278478746259626,-0.24415224913494812,0.2519646289888504,12543165
366,21,ODISHA,NABARANGAPUR,-0.12456747404845396,0.025858673333957364,0.03689646581624382,0.05536332179930833,-238636.46393041871,-0.036905261649797384,-0.28444444444444444,0.22145328719723184,6477055
367,21,ODISHA,NAYAGARH,-0.07111111111111255,0.08882737408689023,0.10340638216072696,0.11374086889659282,181337.61433546394,0.039095607094656495,-0.24415224913494812,0.2364628988850442,4646759
368,21,ODISHA,NUAPARHA,-0.10851211072664231,0.04822760476739341,0.06698961937716831,0.0888273740868858,-36680.464255136554,-0.008001286335930924,-0.2761399461745483,0.24415224913494812,4592599
369,21,ODISHA,PURI,-0.04484429065743819,0.15378700499800776,0.1727950788158509,0.18608227604770125,332238.90363300574,0.0805773215880424,-0.1929104190695886,0.31009611687812383,4132506
370,21,ODISHA,RAYAGARHA,-0.09842368319877198,0.07535563244906335,0.08882737408688048,0.1085121107266508,137712.4559512762,0.015842713742584915,-0.3014225297962323,0.2519646289888504,8707900
371,21,ODISHA,SAMBALPUR,-0.04822760476739513,0.1085121107266627,0.13588619761634782,0.166336024605825,380667.25840838725,0.04770784899224238,-0.2364628988850442,0.3014225297962323,7991881
372,21,ODISHA,SUBARNAPUR,-0.059115724721263245,0.14769703960017624,0.15999999999997708,0.1793771626297917,195234.0071402705,0.06913052301169903,-0.22145328719723184,0.2679584775086506,2830803
373,21,ODISHA,SUNDARGARH,-0.0753556324490589,0.07535563244906734,0.09356401384083325,0.10851211072664839,300788.08195058117,0.025672959448389016,-0.2599000384467512,0.2599000384467512,11732129
349,21,ODISHA,BAUDH (BAUDA),-0.06698961937716343,0.08882737408686979,0.10340638216072223,0.11909265667051001,140221.92359792488,0.037879029150022586,-0.2288965782391388,0.28444444444444444,3710015
598,34,PUDUCHERRY,KARAIKAL,-0.022206843521722416,0.16633602460592437,0.17937716262975378,0.19291041906959025,18876.76911884099,0.10429252502551925,-0.14769703960015382,0.28444444444444444,183071
599,34,PUDUCHERRY,MAHE,-0.11374086889657826,0.08882737408688969,0.1085121107266436,0.1245674740484429,316.8495208630178,0.031220718369279053,-0.2069357939254133,0.2288965782391388,10600
600,34,PUDUCHERRY,PUDUCHERRY,-0.03694687081395824,0.16000000000000528,0.17279507881584688,0.19291041906959028,32562.830045878705,0.0955540663566289,-0.1929104190695886,0.34602076124567477,347013
601,34,PUDUCHERRY,YANAM,-0.05911572472126103,0.1998615916955015,0.2141330257593205,0.2288965782391398,4087.9591273944825,0.09266559616099325,-0.13016532103037293,0.2679584775086506,44886
027,03,PUNJAB,AMRITSAR,-0.029773164167627802,0.10340638216073407,0.11374086889659331,0.13016532103037093,224313.2736585614,0.06393764428768023,-0.22145328719723184,0.2288965782391388,3515937
605,03,PUNJAB,BARNALA,-0.059115724721263044,0.06698961937717308,0.07535563244904732,0.0888273740868848,65516.501735667465,0.03558323448292307,-0.21413302575932336,0.19986159169550174,1846179
028,03,PUNJAB,BATHINDA,-0.08421376393694971,0.05911572472127356,0.06698961937717449,0.07972318339101266,81423.62338005294,0.01869062573464999,-0.2519646289888504,0.1929104190695886,4365070
029,03,PUNJAB,FARIDKOT,-0.05173394848135408,0.07535563244905621,0.08421376393695139,0.09356401384082513,79550.36387971447,0.042041711004780186,-0.2288965782391388,0.19986159169550174,1896994
030,03,PUNJAB,FATEHGARH SAHIB,-0.032541330257593676,0.09356401384082849,0.11909265667052031,0.13588619761629572,69586.12498805238,0.046653488657555024,-0.17279507881584008,0.22145328719723184,1496589
651,03,PUNJAB,FAZILKA,-0.04158400615148093,0.07535563244906882,0.08882737408687809,0.10851211072665395,148405.05362717464,0.039972320005309446,-0.2069357939254133,0.2364628988850442,3719961
031,03,PUNJAB,FIROZPUR,-0.05173394848135413,0.08421376393696856,0.09356401384082831,0.10851211072664296,161607.31647082407,0.05244944491501196,-0.2069357939254133,0.2761399461745483,3088898
032,03,PUNJAB,GURDASPUR,-0.025859435340747253,0.10340638216073329,0.11374086889659388,0.13588619761631524,214160.98000632683,0.06265714312648678,-0.22145328719723184,0.29287197231833906,3424574
033,03,PUNJAB,HOSHIARPUR,-0.06299115724721145,0.09842368319875175,0.11374086889659048,0.13016532103037032,192202.0125217524,0.04341167266462959,-0.2519646289888504,0.24415224913494812,4436125
034,03,PUNJAB,JALANDHAR,-0.04158400615148085,0.09842368319875348,0.11374086889659461,0.12456747404845771,176673.93772669672,0.05136364479243973,-0.2288965782391388,0.2364628988850442,3448570
035,03,PUNJAB,KAPURTHALA,-0.04158400615148055,0.10851211072665849,0.12456747404845771,0.1358861976163004,129051.41593569335,0.060598420798112555,-0.2364628988850442,0.29287197231833906,2138434
036,03,PUNJAB,LUDHIANA,-0.05536332179930898,0.09356401384084215,0.11374086889658691,0.13016532103036563,229263.85335651683,0.04787426190596077,-0.21413302575932336,0.24415224913494812,4796983
037,03,PUNJAB,MANSA,-0.07972318339100423,0.04484429065745354,0.05173394848134608,0.06299115724721124,37701.193444607314,0.013497181891917334,-0.24415224913494812,0.19986159169550174,2800307
038,03,PUNJAB,MOGA,-0.0448442906574387,0.0797231833909944,0.09356401384083561,0.10851211072664678,143023.09246770624,0.048995990390868445,-0.19986159169550174,0.21413302575932336,2925171
039,03,PUNJAB,SRI MUKTSAR SAHIB,-0.05173394848135441,0.0711111111110918,0.07972318339101146,0.08882737408688401,131929.18432540176,0.03869036146482193,-0.21413302575932336,0.2069357939254133,3417177
040,03,PUNJAB,SHAHID BHAGAT SINGH NAGAR,-0.059115724721262586,0.08421376393695972,0.09842368319877304,0.11374086889657438,63371.906705385,0.03851071009162749,-0.21413302575932336,0.21413302575932336,1650822
662,03,PUNJAB,PATHANKOT,-0.08882737408688968,0.1137408688965958,0.13016532103036318,0.14769703960016273,58229.19981312501,0.046503290157248835,-0.2599000384467512,0.24415224913494812,1257220
041,03,PUNJAB,PATIALA,-0.04484429065743864,0.07535563244905381,0.0888273740868853,0.108512110726643,178045.68116789963,0.04159126358700541,-0.2069357939254133,0.2519646289888504,4293984
042,03,PUNJAB,RUPNAGAR,-0.0842137639369465,0.08421376393695136,0.09842368319876675,0.11909265667051108,51280.171810638116,0.028662828829779788,-0.2519646289888504,0.2364628988850442,1795740
043,03,PUNJAB,SANGRUR,-0.051733948481354326,0.06698961937717685,0.0753556324490512,0.09356401384082476,171002.35814478638,0.03674606809045852,-0.2364628988850442,0.22145328719723184,4664151
608,03,PUNJAB,SAS NAGAR (SAHIBZADA AJIT SINGH NAGAR),-0.08421376393694623,0.07535563244905175,0.09356401384082474,0.113740868896577,31429.00949456203,0.022184461172050685,-0.24415224913494812,0.2599000384467512,1423227
609,03,PUNJAB,TARN TARAN,-0.02977316416762825,0.08882737408686806,0.10340638216072165,0.11909265667051602,173564.06885806686,0.05506961859670061,-0.24415224913494812,0.2761399461745483,3158113
086,08,RAJASTHAN,AJMER,-0.1663360246059248,0.02585828294838954,0.04158400615147545,0.06698961937716923,-498891.68195465417,-0.047328769147903606,-0.31009611687812383,0.2519646289888504,10557272
087,08,RAJASTHAN,ALWAR,-0.09842368319876939,0.051733948481345625,0.06698961937717117,0.08421376393694735,-37263.14641603807,-0.003532512452834667,-0.28444444444444444,0.1929104190695886,10566667
088,08,RAJASTHAN,BANSWARA,-0.10851211072664174,0.032541330257589214,0.04822760476739567,0.06698961937716405,-103675.61752723633,-0.018888998982442954,-0.2761399461745483,0.2364628988850442,5496965
089,08,RAJASTHAN,BARAN,-0.1301653210303642,0.04158400615147118,0.059115724721256126,0.07972318339100994,-126808.98085423329,-0.014725232740643348,-0.28444444444444444,0.2519646289888504,8624299
090,08,RAJASTHAN,BARMER,-0.19986159169551468,-0.04484429065745033,-0.02595501187542164,-0.0017591811667346815,-3794309.749526806,-0.10790789720381122,-0.3278123798539023,0.186082276047674,35184293
091,08,RAJASTHAN,BHARATPUR,-0.09842368319877351,0.06698961937717622,0.07972318339101814,0.08882737408688444,104820.78795463247,0.016508405933555233,-0.29287197231833906,0.2069357939254133,6364210
092,08,RAJASTHAN,BHILWARA,-0.15378700499808365,0.01574778931180279,0.035432525951555424,0.05536332179930623,-607335.8404646919,-0.0468523365028218,-0.29287197231833906,0.19986159169550174,12977374
093,08,RAJASTHAN,BIKANER,-0.17279507881583342,-0.025941965216270166,-0.009681041362144342,0.009632740647916041,-3308709.1819520243,-0.08644593555888817,-0.3188927335640138,0.21413302575932336,38299184
094,08,RAJASTHAN,BUNDI,-0.12456747404845683,0.04822760476739276,0.06299115724721115,0.07972318339100876,-46822.040001853624,-0.006556840549689262,-0.31009611687812383,0.2364628988850442,7150747
095,08,RAJASTHAN,CHITTAURGARH,-0.1358861976163035,0.021055230290397915,0.036875961358765384,0.055363321799309036,-333777.3638656902,-0.03473600675754263,-0.3014225297962323,0.21413302575932336,9628634
096,08,RAJASTHAN,CHURU,-0.17937716262980094,-0.03543252595155787,-0.022206843521721104,-0.00450384130747286,-1637738.637888293,-0.0933181347972283,-0.31009611687812383,0.13016532103037293,17570047
097,08,RAJASTHAN,DAUSA,-0.13016532103037,0.03543252595155786,0.051733948481349046,0.06698961937716803,-115272.41695885784,-0.026981253983469653,-0.29287197231833906,0.17279507881584008,4282491
098,08,RAJASTHAN,DHAULPUR,-0.1301653210303715,0.04484429065744799,0.05911572472125392,0.07535563244905191,-58392.083343625825,-0.015413491792742214,-0.2679584775086506,0.1929104190695886,3796325
099,08,RAJASTHAN,DUNGARPUR,-0.1358861976163039,0.005736232194543252,0.02583470396532968,0.04484429065743821,-221732.47893626892,-0.048236598632108496,-0.28444444444444444,0.24415224913494812,4604348
101,08,RAJASTHAN,HANUMANGARH,-0.13588619761632326,0.03690234537227224,0.048227604767385905,0.06299115724721753,-368701.91702280927,-0.02970851514063149,-0.2679584775086506,0.24415224913494812,12428490
102,08,RAJASTHAN,JAIPUR,-0.14173010380623174,0.029773164167630633,0.048227604767399415,0.06698961937716484,-490867.03721776133,-0.0352072578553157,-0.3188927335640138,0.2364628988850442,13958482
103,08,RAJASTHAN,JAISALMER,-0.21413302575938908,-0.01681857236078605,0.005735531860072978,0.029773164167629346,-4216361.498131338,-0.08752897799337807,-0.31009611687812383,0.2288965782391388,48195167
104,08,RAJASTHAN,JALOR,-0.17279507881585002,0.005742325891146435,0.02583668842914936,0.04822760476739448,-820849.658912993,-0.06258867542592654,-0.3278123798539023,0.2069357939254133,13130168
105,08,RAJASTHAN,JHALAWAR,-0.10340638216070727,0.051733948481345306,0.06698961937716891,0.08421376393694509,13559.67224477857,0.0017450724163224156,-0.2679584775086506,0.2288965782391388,7785147
106,08,RAJASTHAN,JHUNJHUNUN,-0.14769703960016764,8.934057702827725E-4,0.017777777777778943,0.04158400615148108,-392107.4603756594,-0.05235308292731883,-0.29287197231833906,0.17937716262975778,7500078
107,08,RAJASTHAN,JODHPUR,-0.17279507881582673,-0.024605920799691868,-0.008858131487889782,0.012056901191848888,-2297681.159540318,-0.08109292619757245,-0.31009611687812383,0.15378700499807765,28354930
108,08,RAJASTHAN,KARAULI,-0.14769703960016087,0.04484429065744914,0.06299115724721976,0.07972318339101091,-157342.27175103666,-0.025154304283004553,-0.28444444444444444,0.22145328719723184,6265890
100,08,RAJASTHAN,GANGANAGAR,-0.13588619761630702,0.048227604767389534,0.0591157247212525,0.07535563244904979,-210061.01847685906,-0.01501609859531932,-0.2599000384467512,0.2519646289888504,14004924
109,08,RAJASTHAN,KOTA,-0.11909265667051766,0.04484429065744561,0.06299115724721119,0.08421376393694699,-48452.589656025535,-0.007724640990203363,-0.2761399461745483,0.2364628988850442,6284796
110,08,RAJASTHAN,NAGAUR,-0.18608227604770708,-0.03254133025758624,-0.013840830449826213,0.004476242236283806,-2083781.8301430398,-0.09340262346798778,-0.33685505574778934,0.15378700499807765,22328531
111,08,RAJASTHAN,PALI,-0.14769703960015648,0.01384083044982622,0.02977316416762945,0.05173394848135138,-692963.2686049794,-0.04517909902063615,-0.3014225297962323,0.17937716262975778,15355856
629,08,RAJASTHAN,PRATAPGARH,-0.11374086889657363,0.027128027681663006,0.044844290657442,0.06299115724721129,-134586.15979350364,-0.024808940577530678,-0.2519646289888504,0.21413302575932336,5433909
112,08,RAJASTHAN,RAJ SAMAND,-0.17279507881584943,-0.012997157757412349,0.005733499999480798,0.02583275019193144,-439668.2226749723,-0.07700062048422122,-0.34602076124567477,0.19986159169550174,5723908
113,08,RAJASTHAN,SAWAI MADHOPUR,-0.11909265667051196,0.06698961937717382,0.07972318339101542,0.0984236831987718,31160.260352589532,0.004985548120493165,-0.28444444444444444,0.2364628988850442,6261504
114,08,RAJASTHAN,SIKAR,-0.17279507881585013,-0.017777777777779415,8.970255970389953E-4,0.027128027681660654,-749297.6887130616,-0.07698568524177796,-0.31009611687812383,0.17279507881584008,9747199
115,08,RAJASTHAN,SIROHI,-0.15999999999999798,0.036918388800398064,0.055363321799306635,0.07535563244905548,-253931.7282810492,-0.0402278806092496,-0.33685505574778934,0.2599000384467512,6321547
116,08,RAJASTHAN,TONK,-0.11374086889657549,0.07111111111111582,0.08421376393696302,0.09356401384083445,89478.47963755448,0.010002858078344841,-0.28444444444444444,0.2288965782391388,8958642
117,08,RAJASTHAN,UDAIPUR,-0.16000000000001313,0.005740959634069307,0.021052648564362068,0.041584006151481126,-864507.4353969129,-0.060220489998397166,-0.33685505574778934,0.21413302575932336,14373207
225,11,SIKKIM,EAST,-0.1301653210303647,0.1727950788158512,0.19986159169548492,0.22145328719724708,83603.93762937987,0.07099422960615015,-0.2599000384467512,0.3188927335640138,1180616
226,11,SIKKIM,NORTH,-0.09356401384082479,0.14769703960017241,0.17937716262979622,0.20693579392538922,263235.3170521894,0.04940240468136623,-0.2761399461745483,0.34602076124567477,5335204
227,11,SIKKIM,SOUTH,-0.07111111111111056,0.1793771626297953,0.19986159169548826,0.22145328719723711,81494.98730049274,0.08865201689750431,-0.2519646289888504,0.33685505574778934,922577
228,11,SIKKIM,WEST,-0.12456747404843779,0.1599999999999823,0.179377162629807,0.20693579392538847,78397.42135898983,0.05195308130716346,-0.2679584775086506,0.3188927335640138,1512801
610,33,TAMIL NADU,ARIYALUR,-0.0591157247212637,0.1245674740484722,0.14173010380622506,0.16000000000000109,133052.14741647668,0.06034021697613465,-0.24415224913494812,0.28444444444444444,2209715
730,33,TAMIL NADU,CHENGALPATTU,-0.04822760476739677,0.1599999999999986,0.17937716262979148,0.1998615916954881,271026.63395415264,0.08690056673985024,-0.22145328719723184,0.3278123798539023,3125557
568,33,TAMIL NADU,CHENNAI,-0.05536332179930809,0.13016532103037104,0.1476970396001508,0.16000000000000242,26354.77878981942,0.06875523401247084,-0.186082276047674,0.29287197231833906,385506
569,33,TAMIL NADU,COIMBATORE,-0.13016532103037332,0.07535563244905014,0.09356401384082892,0.11374086889657371,-28127.949192645385,-0.005234452769757357,-0.3278123798539023,0.2679584775086506,5383851
570,33,TAMIL NADU,CUDDALORE,-0.044844290657438494,0.15378700499804512,0.1663360246059141,0.192910419069576,366470.6440668388,0.08676362823935488,-0.21413302575932336,0.3553094963475586,4233341
571,33,TAMIL NADU,DHARMAPURI,-0.11374086889657517,0.05536332179930408,0.07535563244904983,0.09842368319877054,-52135.7658211099,-0.010141615401923626,-0.33685505574778934,0.24415224913494812,5150772
572,33,TAMIL NADU,DINDIGUL,-0.12456747404844848,0.06698961937717147,0.09356401384082261,0.11909265667050925,-45474.82309250519,-0.006610094144568548,-0.3188927335640138,0.29287197231833906,6891183
573,33,TAMIL NADU,ERODE,-0.1190926566705165,0.10851211072665799,0.13588619761632081,0.16000000000000955,59684.7576118976,0.01023874662328226,-0.31009611687812383,0.31009611687812383,5843263
574,33,TAMIL NADU,KANCHIPURAM,-0.05536332179930714,0.1663360246059147,0.18608227604769828,0.20693579392540154,182005.41945629398,0.09089264408278891,-0.2069357939254133,0.3188927335640138,2010389
729,33,TAMIL NADU,KALLAKKURICHI,-0.0935640138408238,0.13588619761634171,0.15378700499806605,0.17937716262976303,231422.67744629201,0.057371196381357396,-0.2761399461745483,0.3014225297962323,4041352
575,33,TAMIL NADU,KANYAKUMARI,-0.13588619761629894,0.10340638216073166,0.12456747404846139,0.14769703960015937,19214.94909995849,0.010126434125464052,-0.33685505574778934,0.3278123798539023,1902020
576,33,TAMIL NADU,KARUR,-0.08421376393694692,0.08882737408688521,0.11909265667051115,0.15378700499808215,59330.886490888544,0.017949876263513215,-0.29287197231833906,0.29287197231833906,3313874
578,33,TAMIL NADU,MADURAI,-0.11374086889657596,0.12456747404846363,0.1476970396001668,0.17937716262975545,150992.25025702285,0.03588637077699564,-0.3014225297962323,0.3188927335640138,4217505
587,33,TAMIL NADU,NILGIRIS,-0.1537870049980802,0.02105994439595746,0.03686119244549974,0.055363321799306794,-110175.85298800621,-0.03973313241847741,-0.3839138792772011,0.2069357939254133,2779224
579,33,TAMIL NADU,NAGAPATTINAM,-0.02977316416762823,0.16000000000000733,0.17937716262977135,0.1929104190695811,288706.14802986354,0.09884303945817252,-0.17937716262975778,0.29287197231833906,2930267
580,33,TAMIL NADU,NAMAKKAL,-0.10851211072664559,0.10851211072665587,0.13588619761630588,0.15999999999999776,120136.14682037219,0.030821577971347647,-0.34602076124567477,0.3014225297962323,3905479
581,33,TAMIL NADU,PERAMBALUR,-0.07111111111111411,0.12456747404846998,0.1417301038062171,0.16633602460592473,122510.42508987235,0.06119789687464512,-0.2599000384467512,0.29287197231833906,2007167
582,33,TAMIL NADU,PUDUKKOTTAI,-0.08882737408688644,0.10851211072666349,0.12456747404846666,0.14769703960016484,184679.69364952922,0.03492459244502094,-0.29287197231833906,0.31009611687812383,5299699
583,33,TAMIL NADU,RAMANATHAPURAM,-0.07111111111111264,0.15378700499802697,0.17937716262979245,0.20693579392539824,365326.71675805515,0.07846212214463408,-0.2364628988850442,0.33685505574778934,4668989
731,33,TAMIL NADU,RANIPPETTAI,-0.06698961937716158,0.13588619761632756,0.15378700499808792,0.1793771626297516,137828.4287492494,0.06495901268238857,-0.2761399461745483,0.3188927335640138,2128423
584,33,TAMIL NADU,SALEM,-0.10851211072664381,0.08421376393696235,0.10851211072665515,0.13588619761630877,42129.89380737912,0.006145920204345551,-0.3553094963475586,0.29287197231833906,6871944
585,33,TAMIL NADU,SIVAGANGA,-0.1085121107266432,0.108512110726657,0.13016532103037648,0.16000000000000003,130250.80254408784,0.02705369841858236,-0.29287197231833906,0.33685505574778934,4827074
588,33,TAMIL NADU,TENI,-0.14173010380623524,0.07972318339101231,0.1085121107266561,0.13016532103036502,-27749.23837691918,-0.008527828438647534,-0.3278123798539023,0.28444444444444444,3260399
733,33,TAMIL NADU,TENKASI,-0.10340638216070558,0.11909265667052422,0.14173010380622986,0.16633602460592464,113477.38915014785,0.03566660426766016,-0.3188927335640138,0.31009611687812383,3188221
586,33,TAMIL NADU,THANJAVUR,-0.05911572472126251,0.15378700499802875,0.16633602460586377,0.18608227604769478,334589.07869772933,0.0858466215722982,-0.2519646289888504,0.3188927335640138,3908681
590,33,TAMIL NADU,THIRUVARUR,-0.021052741895896888,0.1663360246058297,0.1793771626298086,0.19291041906959897,277693.2135896792,0.1077899005934624,-0.19986159169550174,0.31009611687812383,2584269
591,33,TAMIL NADU,TIRUCHIRAPALLI,-0.09356401384082677,0.10340638216072993,0.11909265667052171,0.1417301038062399,143222.6532686962,0.02799014651570032,-0.3188927335640138,0.31009611687812383,5131417
592,33,TAMIL NADU,TIRUNELVELI,-0.11374086889657511,0.11374086889659842,0.1417301038062195,0.17279507881584913,73908.9326596501,0.016834178042226106,-0.3278123798539023,0.3188927335640138,4398780
634,33,TAMIL NADU,TIRUPPUR,-0.10340638216070651,0.08421376393695416,0.10851211072664849,0.13016532103036818,42551.4563428101,0.0071930656179960886,-0.3014225297962323,0.2679584775086506,5928070
732,33,TAMIL NADU,TIRUPPATTUR,-0.10851211072664375,0.07535563244904564,0.10340638216070712,0.13016532103036815,-2430.159673733875,-0.0010026981735443054,-0.33685505574778934,0.2679584775086506,2429659
589,33,TAMIL NADU,TIRUVALLUR,-0.051733948481354514,0.15999999999997813,0.186082276047705,0.21413302575930307,306407.83265183424,0.08261767000933339,-0.29287197231833906,0.33685505574778934,3721243
593,33,TAMIL NADU,TIRUVANNAMALAI,-0.08882737408688361,0.13588619761634013,0.15378700499806625,0.17937716262977402,338082.485682476,0.04779933237538139,-0.2761399461745483,0.34602076124567477,7086228
594,33,TAMIL NADU,TUTICORIN,-0.08882737408688467,0.13016532103034284,0.15378700499807574,0.18608227604769473,313843.060423424,0.05850817020408054,-0.3188927335640138,0.34602076124567477,5373009
595,33,TAMIL NADU,VELLORE,-0.11374086889657546,0.09842368319876374,0.12456747404846012,0.14769703960016137,27682.694678066775,0.011451547789315442,-0.3188927335640138,0.29287197231833906,2425418
596,33,TAMIL NADU,VILLUPURAM,-0.04158400615148098,0.15378700499805398,0.17279507881585057,0.19291041906958875,342169.2866428795,0.08174007921988395,-0.2519646289888504,0.31009611687812383,4197052
597,33,TAMIL NADU,VIRUDHUNAGAR,-0.08882737408688664,0.1190926566705283,0.14769703960016126,0.17937716262975173,234719.6941613157,0.048837543648299876,-0.3188927335640138,0.3278123798539023,4816093
577,33,TAMIL NADU,KRISHNAGIRI,-0.13588619761629908,0.05173394848134649,0.07535563244904546,0.1034063821607185,-134424.35631148829,-0.022865093511236573,-0.33685505574778934,0.2599000384467512,5891097
501,36,TELANGANA,ADILABAD,-0.09842368319876448,0.09842368319876496,0.11374086889658659,0.13588619761630563,73811.47617251637,0.01558560988047438,-0.2069357939254133,0.24415224913494812,4743469
507,36,TELANGANA,HYDERABAD,-0.09842368319877026,0.08882737408688209,0.103406382160704,0.1190926566705151,4221.732721200123,0.018836674756166485,-0.22145328719723184,0.24415224913494812,225991
508,36,TELANGANA,KARIMNAGAR,-0.07111111111111099,0.11909265667052922,0.13016532103035539,0.14769703960015504,145764.15196702635,0.06179609684991047,-0.24415224913494812,0.2519646289888504,2364683
690,36,TELANGANA,BHADRADRI KOTHAGUDEM,-0.09842368319877122,0.08882737408687806,0.10851211072665427,0.13588619761630372,139911.73504864983,0.01727299557276228,-0.2679584775086506,0.2679584775086506,8112200
512,36,TELANGANA,MAHABUBNAGAR,-0.12456747404844275,0.05536332179930721,0.07972318339100794,0.10340638216070408,-51085.04900369181,-0.015624695075677006,-0.29287197231833906,0.24415224913494812,3277821
692,36,TELANGANA,SIDDIPET,-0.09842368319876807,0.09842368319876353,0.11909265667051977,0.13588619761630238,100470.22242729248,0.02307381985968508,-0.3014225297962323,0.2679584775086506,4362172
514,36,TELANGANA,NALGONDA,-0.09842368319877236,0.10340638216073963,0.11909265667053018,0.1358861976163033,267655.47822661995,0.031822617862863015,-0.2761399461745483,0.28444444444444444,8420108
516,36,TELANGANA,NIZAMABAD,-0.09842368319876844,0.10340638216073612,0.11909265667052908,0.13588619761629459,152313.16679286025,0.030666443383120228,-0.2599000384467512,0.28444444444444444,4973584
518,36,TELANGANA,RANGAREDDY,-0.11909265667051283,0.06299115724721115,0.08421376393695035,0.10851211072664059,-59361.826019068496,-0.01016114504149718,-0.3014225297962323,0.2599000384467512,5852435
720,36,TELANGANA,MULUGU,-0.11374086889657466,0.07111111111111869,0.10340638216071557,0.1417301038062396,16565.867043962957,0.0032821166821572554,-0.28444444444444444,0.2599000384467512,5054976
695,36,TELANGANA,JOGULAMBA GADWAL,-0.10851211072664085,0.09356401384085455,0.11374086889659936,0.13588619761632373,46972.70635344557,0.015703444189989774,-0.2364628988850442,0.2364628988850442,2996596
699,36,TELANGANA,KUMURAM BHEEM,-0.09356401384082552,0.09842368319875909,0.11909265667052538,0.13588619761630163,103327.56359058504,0.019238452814505067,-0.24415224913494812,0.2364628988850442,5379788
684,36,TELANGANA,MANCHERIAL,-0.0888273740868863,0.11374086889658906,0.13588619761630688,0.1537870049980855,149347.52176384468,0.032786404225937815,-0.2599000384467512,0.2679584775086506,4563416
680,36,TELANGANA,NIRMAL,-0.09356401384082601,0.10340638216073131,0.11909265667052336,0.13588619761629564,103125.83998946595,0.023485723502322624,-0.2679584775086506,0.2679584775086506,4400168
685,36,TELANGANA,KAMAREDDY,-0.09356401384082585,0.09842368319875816,0.11374086889658085,0.13016532103035883,93029.21157401918,0.021103116611554163,-0.2519646289888504,0.2679584775086506,4417377
691,36,TELANGANA,SANGAREDDY,-0.08882737408688636,0.11374086889659289,0.13016532103034814,0.14769703960016636,190569.5853662026,0.03649001778165261,-0.28444444444444444,0.2761399461745483,5234286
694,36,TELANGANA,NAGARKURNOOL,-0.11909265667050997,0.036892853107187394,0.059115724721259526,0.08421376393694659,-129444.05955135691,-0.017926654538600824,-0.28444444444444444,0.2519646289888504,7230954
693,36,TELANGANA,WANAPARTHY,-0.11909265667050947,0.07111111111111604,0.09842368319876954,0.11909265667051297,-16107.77926944522,-0.0063472933457786795,-0.2679584775086506,0.2288965782391388,2543857
721,36,TELANGANA,NARAYANPET,-0.10851211072664575,0.08421376393695922,0.10851211072665445,0.1245674740484528,26351.138432615127,0.009386833606900758,-0.28444444444444444,0.2288965782391388,2813898
698,36,TELANGANA,VIKARABAD,-0.09842368319876675,0.09842368319876292,0.11374086889658594,0.13588619761629697,89260.69024022944,0.02059646533467357,-0.29287197231833906,0.24415224913494812,4341820
700,36,TELANGANA,MEDCHAL-MALKAJGIRI,-0.11374086889657692,0.06698961937716584,0.08882737408688396,0.10851211072664366,-5583.238966851851,-0.004431496763811046,-0.29287197231833906,0.2519646289888504,1263977
697,36,TELANGANA,YADADRI BHUVANAGIRI,-0.10851211072664481,0.08882737408687909,0.10851211072665207,0.1245674740484471,55676.180889662064,0.014725092513436955,-0.3014225297962323,0.2761399461745483,3788544
696,36,TELANGANA,SURYAPET,-0.07535563244905849,0.12456747404847689,0.1358861976163477,0.1537870049980876,277318.56298803026,0.06601726037019806,-0.2761399461745483,0.28444444444444444,4207558
509,36,TELANGANA,KHAMMAM,-0.07111111111111167,0.11374086889659948,0.12456747404846569,0.14173010380623516,290858.76101427036,0.05316004729968635,-0.2679584775086506,0.34602076124567477,5483474
688,36,TELANGANA,MAHABUBABAD,-0.09842368319877169,0.09842368319874674,0.11909265667052649,0.13588619761629764,86410.88507409192,0.02080820704767675,-0.2679584775086506,0.2761399461745483,4159758
689,36,TELANGANA,JANGAON,-0.0842137639369495,0.09842368319875303,0.11374086889659175,0.13016532103037365,89645.45937881093,0.03153425376812887,-0.29287197231833906,0.2761399461745483,2848930
686,36,TELANGANA,WARANGAL (URBAN),-0.08882737408688968,0.11909265667052035,0.13016532103035958,0.1476970396001603,59291.534362130755,0.04335439462972827,-0.29287197231833906,0.2679584775086506,1371299
522,36,TELANGANA,WARANGAL (RURAL),-0.06698961937716398,0.11909265667052751,0.1358861976163012,0.15378700499808226,143607.30312210476,0.054699273884031036,-0.2519646289888504,0.2679584775086506,2631366
687,36,TELANGANA,JAYASHANKAR BHUPALAPALLY,-0.10340638216070533,0.10851211072665395,0.13016532103036857,0.15378700499808406,122253.13675462658,0.03610813098123296,-0.2599000384467512,0.2761399461745483,3392864
682,36,TELANGANA,PEDDAPALLI,-0.09356401384082712,0.13016532103033557,0.14173010380620635,0.15999999999999473,148346.74857905015,0.05736540430115216,-0.2761399461745483,0.2679584775086506,2590845
681,36,TELANGANA,JAGTIAL,-0.08882737408688891,0.11374086889657536,0.12456747404846527,0.14173010380623427,145792.14839223004,0.04281846723180919,-0.2364628988850442,0.2761399461745483,3410637
683,36,TELANGANA,RANJANNA SIRCILLA,-0.09842368319876711,0.10340638216072497,0.11374086889659957,0.13016532103037537,51938.23788652709,0.02439403247476519,-0.2599000384467512,0.2679584775086506,2133794
513,36,TELANGANA,MEDAK,-0.0984236831987682,0.10851211072666007,0.11909265667052477,0.13588619761629783,78927.17079663742,0.024459119679151476,-0.2679584775086506,0.2599000384467512,3235035
269,16,TRIPURA,DHALAI,-0.024605920799692878,0.153787004998036,0.16633602460591496,0.1793771626297619,281071.404185594,0.10106610444953447,-0.19986159169550174,0.2761399461745483,2787504
654,16,TRIPURA,GOMATI,9.20448353792935E-4,0.15999999999998962,0.172795078815851,0.1860822760476962,210737.7566160831,0.10695648096106676,-0.19986159169550174,0.28444444444444444,1976295
652,16,TRIPURA,KHOWAI,9.144347314003527E-4,0.16000000000002235,0.1727950788158502,0.19291041906957596,135196.65956397224,0.10528324276787984,-0.17279507881584008,0.2761399461745483,1288086
270,16,TRIPURA,NORTH TRIPURA,0.0017824325071630392,0.16633602460592517,0.179377162629764,0.19291041906957818,177503.58523740707,0.10789792787705098,-0.2288965782391388,0.29287197231833906,1650811
653,16,TRIPURA,SEPAHIJALA,9.247825874363442E-4,0.16633602460591704,0.17937716262977335,0.19291041906957754,143827.96829442718,0.1115378943967449,-0.15378700499807765,0.31009611687812383,1294414
271,16,TRIPURA,SOUTH TRIPURA,9.336958186456761E-4,0.15999999999999157,0.17279507881584988,0.1860822760476913,185887.00250463342,0.10471898338340761,-0.19986159169550174,0.2761399461745483,1781389
655,16,TRIPURA,UNOKOTI,-0.006802160254646038,0.16633602460584304,0.17937716262980835,0.19291041906960602,93244.38962018324,0.11056316149361785,-0.186082276047674,0.2679584775086506,846595
272,16,TRIPURA,WEST TRIPURA,0.009663558129228957,0.16633602460591426,0.17937716262976752,0.19291041906957573,130136.25881361491,0.11303257705713655,-0.1929104190695886,0.31009611687812383,1154860
118,09,UTTAR PRADESH,AGRA,-0.08421376393694663,0.07111111111111915,0.0842137639369561,0.09842368319877234,89869.73631828214,0.017729501175219715,-0.2519646289888504,0.24415224913494812,5084762
119,09,UTTAR PRADESH,ALIGARH,-0.06299115724721131,0.07111111111111977,0.08421376393695659,0.09842368319877051,126966.43359813701,0.02709580953610779,-0.2069357939254133,0.24415224913494812,4695914
121,09,UTTAR PRADESH,AMBEDKARNAGAR,-0.06299115724721151,0.055363321799301694,0.0711111111111175,0.08882737408688264,46120.67350223135,0.015902273376481844,-0.19986159169550174,0.2761399461745483,2907631
640,09,UTTAR PRADESH,AMETHI,-0.0797231833910064,0.04484429065744538,0.06299115724721119,0.07972318339100691,-3959.2254116417366,-0.00131127257372224,-0.2069357939254133,0.2364628988850442,3027141
154,09,UTTAR PRADESH,AMROHA,-0.07535563244905855,0.07535563244905501,0.08882737408688068,0.10851211072664957,82613.59895570145,0.026411053927927888,-0.22145328719723184,0.22145328719723184,3135410
122,09,UTTAR PRADESH,AURAIYA,-0.09356401384082794,0.04822760476739939,0.05911572472126522,0.07535563244905616,8213.326678392805,0.0032601274975974973,-0.2288965782391388,0.2288965782391388,2525028
123,09,UTTAR PRADESH,AZAMGARH,-0.041584006151481,0.06698961937717443,0.08421376393695619,0.10340638216070588,170462.13639442695,0.032568397935655545,-0.17937716262975778,0.3014225297962323,5243512
133,09,UTTAR PRADESH,BUDAUN,-0.07111111111111311,0.07111111111112006,0.08421376393695996,0.09842368319877215,134366.71318396262,0.024977812383851033,-0.21413302575932336,0.2519646289888504,5388312
124,09,UTTAR PRADESH,BAGHPAT,-0.06698961937716355,0.07972318339101862,0.09356401384082164,0.10340638216070304,58960.91796783312,0.034947335987462476,-0.186082276047674,0.21413302575932336,1691561
125,09,UTTAR PRADESH,BAHRAICH,-0.07972318339100529,0.08421376393696153,0.10340638216072527,0.12456747404845837,139283.6839965217,0.02234720176446957,-0.2288965782391388,0.2519646289888504,6244557
126,09,UTTAR PRADESH,BALLIA,-0.08421376393694716,0.06698961937717376,0.08421376393694889,0.09842368319876603,104547.05550067729,0.028188288260399832,-0.22145328719723184,0.28444444444444444,3717530
127,09,UTTAR PRADESH,BALRAMPUR,-0.0629911572472114,0.07972318339101668,0.09356401384084254,0.10851211072665355,111992.80617319765,0.026642315668665956,-0.22145328719723184,0.2761399461745483,4212204
128,09,UTTAR PRADESH,BANDA,-0.06698961937716398,0.06698961937717526,0.07535563244905609,0.08882737408688261,138389.5537282227,0.025146116309902326,-0.21413302575932336,0.2599000384467512,5516307
129,09,UTTAR PRADESH,BARABANKI,-0.08421376393694921,0.07972318339101152,0.0935640138408457,0.10851211072665051,91795.37621430932,0.01907877000697557,-0.2364628988850442,0.2599000384467512,4821092
130,09,UTTAR PRADESH,BAREILLY,-0.0629911572472113,0.06698961937717501,0.07972318339101529,0.09356401384082418,131155.18912758143,0.02509223875180168,-0.21413302575932336,0.22145328719723184,5236856
131,09,UTTAR PRADESH,BASTI,-0.07111111111111383,0.06299115724721109,0.07535563244904549,0.09356401384082438,64313.91542742527,0.018466239373779964,-0.2069357939254133,0.28444444444444444,3489747
179,09,UTTAR PRADESH,BHADOHI,-0.0842137639369471,0.0629911572472111,0.07535563244904715,0.09356401384082451,22259.234503800366,0.017763507365149356,-0.2069357939254133,0.21413302575932336,1258326
132,09,UTTAR PRADESH,BIJNOR,-0.07535563244905964,0.07972318339101793,0.09356401384083027,0.10851211072665023,171524.3710026119,0.029123241103740972,-0.2364628988850442,0.2519646289888504,5897437
134,09,UTTAR PRADESH,BULANDSHAHR,-0.07111111111111125,0.07111111111111958,0.08421376393695788,0.0984236831987711,105176.64156754348,0.023593907178540416,-0.19986159169550174,0.24415224913494812,4465675
135,09,UTTAR PRADESH,CHANDAULI,-0.08882737408688202,0.07972318339096833,0.08882737408687637,0.10340638216071536,108410.38473505518,0.03449976190735357,-0.22145328719723184,0.2519646289888504,3149762
136,09,UTTAR PRADESH,CHITRAKOOT,-0.08882737408688643,0.055363321799301216,0.07111111111111768,0.08421376393694899,33548.86211116605,0.008521823995492644,-0.2519646289888504,0.2364628988850442,3947058
137,09,UTTAR PRADESH,DEORIA,-0.051733948481354174,0.07111111111111956,0.08421376393695215,0.09842368319876768,104302.44603936536,0.0330100237734836,-0.21413302575932336,0.2288965782391388,3167421
140,09,UTTAR PRADESH,AYODHYA,-0.08882737408688636,0.05536332179930325,0.07111111111111762,0.08882737408688403,10019.408120008875,0.0029855303691401353,-0.2069357939254133,0.2679584775086506,3363207
138,09,UTTAR PRADESH,ETAH,-0.05911572472126287,0.0629911572472189,0.07535563244904862,0.08882737408688564,72652.78018044736,0.023841134371027486,-0.1929104190695886,0.2519646289888504,3057112
139,09,UTTAR PRADESH,ETAWAH,-0.10851211072664525,0.06299115724721534,0.07972318339101167,0.09356401384082505,34615.74205082224,0.011912649076515,-0.2364628988850442,0.22145328719723184,2912455
141,09,UTTAR PRADESH,FARRUKHABAD,-0.07535563244905917,0.07972318339101947,0.08882737408689297,0.0984236831987686,81899.5340948604,0.029896955981102417,-0.2288965782391388,0.2288965782391388,2746061
142,09,UTTAR PRADESH,FATEHPUR,-0.08421376393694785,0.055363321799301465,0.07111111111111763,0.08882737408688417,71918.89897581846,0.013909643500854902,-0.24415224913494812,0.24415224913494812,5179341
143,09,UTTAR PRADESH,FIROZABAD,-0.07535563244905935,0.0711111111111197,0.0842137639369573,0.09356401384082279,68849.64072228958,0.022683709152785815,-0.2069357939254133,0.186082276047674,3043033
144,09,UTTAR PRADESH,GAUTAMBUDHNAGAR,-0.09356401384082759,0.055363321799306586,0.06698961937716436,0.0842137639369452,8959.610206991474,0.004997834282115841,-0.2364628988850442,0.2519646289888504,1799130
146,09,UTTAR PRADESH,GAZIPUR,-0.06299115724721141,0.07535563244905803,0.08882737408687869,0.10340638216071274,158646.2788750729,0.0379269330242879,-0.19986159169550174,0.28444444444444444,4191005
145,09,UTTAR PRADESH,GHAZIABAD,-0.08882737408688506,0.06299115724721116,0.075355632449056,0.09356401384082914,12800.356220395126,0.01103503121315993,-0.19986159169550174,0.2364628988850442,1164347
147,09,UTTAR PRADESH,GONDA,-0.06698961937716358,0.06299115724721713,0.07535563244904495,0.09356401384082458,63312.605014054505,0.0126928757413785,-0.21413302575932336,0.2679584775086506,4997607
148,09,UTTAR PRADESH,GORAKHPUR,-0.06299115724721145,0.06698961937717501,0.07972318339101414,0.09842368319877326,121111.55375447917,0.02913665895319653,-0.21413302575932336,0.2599000384467512,4167218
149,09,UTTAR PRADESH,HAMIRPUR,-0.07535563244905939,0.05911572472125497,0.07535563244904675,0.09356401384082465,74404.11818469666,0.01541693863330865,-0.2364628988850442,0.21413302575932336,4836349
661,09,UTTAR PRADESH,HAPUR,-0.0797231833910044,0.06698961937716835,0.07972318339100606,0.09356401384082845,26224.481696829327,0.01845975465989185,-0.22145328719723184,0.22145328719723184,1425629
150,09,UTTAR PRADESH,HARDOI,-0.08882737408688719,0.051733948481345736,0.0711111111111177,0.08882737408688342,40717.505093997635,0.005416099804165084,-0.2599000384467512,0.29287197231833906,7529334
163,09,UTTAR PRADESH,HATHRAS,-0.05911572472126304,0.07972318339101628,0.0888273740868845,0.10340638216071245,73063.47969307043,0.03257146746692225,-0.186082276047674,0.2288965782391388,2250134
151,09,UTTAR PRADESH,JALAUN,-0.07972318339100484,0.05911572472125529,0.07535563244905374,0.08882737408688658,65606.97454229146,0.011570344452355174,-0.2288965782391388,0.24415224913494812,5680240
152,09,UTTAR PRADESH,JAUNPUR,-0.05536332179930977,0.05911572472125442,0.07535563244904754,0.0935640138408241,88249.62009220783,0.01765779885661071,-0.21413302575932336,0.2599000384467512,5008032
153,09,UTTAR PRADESH,JHANSI,-0.09356401384082745,0.04484429065745061,0.05911572472126412,0.07535563244905642,3034.1371544689273,4.886046930211096E-4,-0.2599000384467512,0.24415224913494812,6229627
155,09,UTTAR PRADESH,KANNAUJ,-0.0842137639369485,0.06299115724723689,0.0753556324490508,0.08421376393695126,42159.176505969284,0.016106320392345216,-0.2288965782391388,0.2364628988850442,2623727
157,09,UTTAR PRADESH,KANPUR,-0.08882737408688843,0.059115724721256556,0.075355632449049,0.08882737408688383,39632.44003421439,0.010613298349673377,-0.22145328719723184,0.2679584775086506,3743531
156,09,UTTAR PRADESH,KANPUR DEHAT,-0.09356401384082737,0.04822760476739596,0.06299115724721115,0.07972318339100705,18453.56292658619,0.004690334940608416,-0.2288965782391388,0.24415224913494812,3941798
633,09,UTTAR PRADESH,KASGANJ,-0.06698961937716309,0.07111111111111945,0.08882737408688175,0.10340638216071843,66775.7202948312,0.02704427782207247,-0.1929104190695886,0.2069357939254133,2475748
158,09,UTTAR PRADESH,KAUSHAMBI,-0.08882737408688969,0.05536332179930324,0.07111111111111748,0.09356401384082698,24432.93824038953,0.011041867768062149,-0.21413302575932336,0.2599000384467512,2218096
159,09,UTTAR PRADESH,KHERI,-0.06299115724721138,0.09356401384087121,0.1034063821607345,0.11909265667052021,439611.893595534,0.04520870683540367,-0.22145328719723184,0.2679584775086506,9738027
160,09,UTTAR PRADESH,KUSHINAGAR,-0.04484429065743916,0.08882737408687057,0.10340638216072279,0.11909265667050974,178557.8802094387,0.0496634446613331,-0.21413302575932336,0.2288965782391388,3604253
161,09,UTTAR PRADESH,LALITPUR,-0.10851211072664392,0.01675666596646608,0.025823001560360385,0.04158400615148118,-174602.06709206963,-0.028186734557161894,-0.34602076124567477,0.2364628988850442,6203252
162,09,UTTAR PRADESH,LUCKNOW,-0.08882737408688392,0.07111111111111958,0.08882737408687508,0.10340638216071463,21218.689320049707,0.0067087474690153675,-0.22145328719723184,0.2599000384467512,3170059
165,09,UTTAR PRADESH,MAHOBA,-0.07535563244905513,0.05536332179930934,0.06698961937716916,0.08421376393694602,42157.6901573285,0.010449241010187996,-0.2519646289888504,0.24415224913494812,4045255
166,09,UTTAR PRADESH,MAINPURI,-0.06698961937716229,0.06698961937717393,0.07972318339101402,0.08882737408688912,74929.94209422439,0.021817134170326564,-0.21413302575932336,0.21413302575932336,3441554
167,09,UTTAR PRADESH,MATHURA,-0.0753556324490581,0.07111111111112033,0.08421376393696006,0.09356401384082248,98117.00565461743,0.023330002723909792,-0.2679584775086506,0.21413302575932336,4213749
168,09,UTTAR PRADESH,MAU,-0.04484429065743888,0.0753556324490422,0.08882737408688478,0.10851211072664237,80888.18659343536,0.03752203850354496,-0.17937716262975778,0.3014225297962323,2161729
169,09,UTTAR PRADESH,MEERUT,-0.07535563244905528,0.07111111111112005,0.08421376393695683,0.10340638216070902,86558.30046380516,0.02616853790530651,-0.19986159169550174,0.28444444444444444,3314219
170,09,UTTAR PRADESH,MIRZAPUR,-0.13588619761630893,0.055363321799314524,0.07111111111111855,0.08421376393695304,-37512.41701889412,-0.006900064106845223,-0.2519646289888504,0.2288965782391388,5447558
171,09,UTTAR PRADESH,MORADABAD,-0.07972318339100633,0.05536332179930183,0.07111111111111829,0.08421376393694684,27624.24897913987,0.011131654323066073,-0.21413302575932336,0.2288965782391388,2489342
172,09,UTTAR PRADESH,MUZAFFARNAGAR,-0.06698961937716302,0.07972318339101878,0.09356401384083005,0.1085121107266468,126698.37955197558,0.03615002553483535,-0.22145328719723184,0.2679584775086506,3511799
173,09,UTTAR PRADESH,PILIBHIT,-0.06698961937716673,0.08421376393696894,0.0935640138408388,0.10851211072664721,175227.06008237696,0.036676308591727894,-0.22145328719723184,0.22145328719723184,4788939
174,09,UTTAR PRADESH,PRATAPGARH,-0.07972318339100537,0.05173394848134664,0.06698961937716892,0.08882737408688432,19118.839303972047,0.004153139769936448,-0.22145328719723184,0.29287197231833906,4613609
175,09,UTTAR PRADESH,RAIBEARELI,-0.07972318339100622,0.04822760476739846,0.06698961937716766,0.08882737408688479,13095.729834705293,0.002679984419361907,-0.22145328719723184,0.28444444444444444,4896223
176,09,UTTAR PRADESH,RAMPUR,-0.06698961937716107,0.07111111111111981,0.08421376393695973,0.10340638216070935,79737.54121065377,0.026479133307697255,-0.1929104190695886,0.2519646289888504,3018922
177,09,UTTAR PRADESH,SAHARANPUR,-0.07535563244905813,0.079723183391018,0.09356401384082963,0.10851211072664461,140199.15216021068,0.02931151319054456,-0.24415224913494812,0.22145328719723184,4790695
659,09,UTTAR PRADESH,SAMBHAL,-0.06698961937716164,0.08882737408687268,0.10340638216073082,0.11374086889660222,102857.88793560637,0.033392079760739414,-0.19986159169550174,0.2288965782391388,3088314
178,09,UTTAR PRADESH,SANTKABIRNAGAR,-0.05536332179930724,0.06299115724721113,0.07972318339100595,0.10851211072664668,56482.66668746371,0.02753690007816351,-0.186082276047674,0.3014225297962323,2058853
180,09,UTTAR PRADESH,SHAHJAHANPUR,-0.07111111111111292,0.0669896193771741,0.07972318339101425,0.09356401384082398,122610.26982560141,0.022499254614431936,-0.21413302575932336,0.2599000384467512,5462736
660,09,UTTAR PRADESH,SHAMLI,-0.06299115724721147,0.08421376393696559,0.09356401384082569,0.10340638216071019,60127.74454057818,0.03713650654316605,-0.1929104190695886,0.22145328719723184,1623202
181,09,UTTAR PRADESH,SHRAWASTI,-0.07535563244905953,0.06299115724721858,0.07972318339101359,0.09356401384082402,33850.24089331,0.013912151636382231,-0.2519646289888504,0.2069357939254133,2439319
182,09,UTTAR PRADESH,SIDDHARTHNAGAR,-0.05173394848135444,0.06698961937717524,0.07972318339101311,0.09842368319876516,115174.29008575692,0.03170469606690123,-0.19986159169550174,0.2679584775086506,3640380
183,09,UTTAR PRADESH,SITAPUR,-0.0669896193771633,0.07535563244906057,0.08882737408688458,0.10851211072664205,189346.57496068682,0.026228013360375693,-0.22145328719723184,0.24415224913494812,7230057
184,09,UTTAR PRADESH,SONBHADRA,-0.1245674740484487,0.05173394848134513,0.06299115724721867,0.07972318339101121,-62423.71194327844,-0.007397052327383282,-0.2679584775086506,0.24415224913494812,8450002
185,09,UTTAR PRADESH,SULTANPUR,-0.08421376393694793,0.048227604767398326,0.06698961937716631,0.08421376393694652,-1232.2194939806868,-3.703697690557111E-4,-0.22145328719723184,0.2519646289888504,3335749
186,09,UTTAR PRADESH,UNNAO,-0.07972318339100447,0.059115724721258006,0.07535563244904922,0.0935640138408242,45913.96293878748,0.008052352275975802,-0.22145328719723184,0.28444444444444444,5712341
187,09,UTTAR PRADESH,VARANASI,-0.06698961937716416,0.0797231833910161,0.09356401384084631,0.10851211072665214,70548.24827442475,0.03725578690996494,-0.2069357939254133,0.2069357939254133,1899363
120,09,UTTAR PRADESH,PRAYAGRAJ,-0.09356401384082509,0.05911572472125519,0.07535563244904503,0.08882737408688711,91554.86681616168,0.013552691918780148,-0.2679584775086506,0.2761399461745483,6766620
164,09,UTTAR PRADESH,MAHARAJGANJ,-0.024605920799692576,0.09842368319874158,0.1137408688966004,0.130165321030378,214731.13217601823,0.05814454087055585,-0.186082276047674,0.28444444444444444,3700747
045,05,UTTARAKHAND,ALMORA,-0.1860822760476844,0.06698961937716703,0.09356401384082447,0.1190926566705095,-133772.087172977,-0.03313255722611931,-0.34602076124567477,0.2761399461745483,4045433
046,05,UTTARAKHAND,BAGESHWAR,-0.1793771626297515,0.09356401384083138,0.11909265667051824,0.14769703960015837,-38146.04778843033,-0.013261155705675142,-0.34602076124567477,0.2761399461745483,2883079
048,05,UTTARAKHAND,CHAMPAWAT,-0.17279507881584852,0.08882737408688637,0.11374086889657334,0.1358861976163006,-8960.372728318938,-0.003963602111579006,-0.3553094963475586,0.29287197231833906,2266165
049,05,UTTARAKHAND,DEHRADUN,-0.1537870049980825,0.1245674740484662,0.14173010380623943,0.15999999999999762,125747.57023123546,0.031372918317632635,-0.3553094963475586,0.31009611687812383,4018513
050,05,UTTARAKHAND,HARIDWAR,-0.07972318339100343,0.09842368319874827,0.11374086889659907,0.12456747404845686,112601.05570344339,0.038235117104395575,-0.2364628988850442,0.2519646289888504,2950783
051,05,UTTARAKHAND,NAINITAL,-0.15378700499808395,0.08882737408687458,0.10340638216072087,0.12456747404844473,75674.81261137998,0.014829696123721613,-0.33685505574778934,0.2599000384467512,5111706
052,05,UTTARAKHAND,PAURI GARHWAL,-0.17937716262977751,0.10851211072665759,0.13016532103036657,0.15378700499808517,38996.99373710094,0.005743923454123467,-0.34602076124567477,0.3014225297962323,6797764
054,05,UTTARAKHAND,RUDRAPRAYAG,-0.16000000000000122,0.12456747404846469,0.1476970396001685,0.17279507881584877,47245.98307534182,0.018373173793291956,-0.31009611687812383,0.31009611687812383,2576527
055,05,UTTARAKHAND,TEHRI GARHWAL,-0.16633602460592478,0.11909265667052318,0.14769703960016153,0.17279507881584855,60478.221144853334,0.011966001546216994,-0.33685505574778934,0.31009611687812383,5065420
056,05,UTTARAKHAND,UDHAM SINGH NAGAR,-0.06299115724721145,0.08882737408687554,0.10340638216072513,0.11909265667051541,150886.76718151837,0.04429773814340065,-0.2364628988850442,0.2599000384467512,3417188
047,05,UTTARAKHAND,CHAMOLI,-0.1663360246059248,0.11909265667052871,0.14769703960016972,0.17279507881584963,188408.90876098146,0.01861881338047503,-0.34602076124567477,0.3278123798539023,10130102
053,05,UTTARAKHAND,PITHORAGARH,-0.16000000000000042,0.11374086889659468,0.13588619761630621,0.16000000000000125,119190.29652069179,0.012786885332798155,-0.36472126105344094,0.3278123798539023,9333695
057,05,UTTARAKHAND,UTTARKASHI,-0.15378700499808395,0.12456747404846649,0.14769703960016742,0.17279507881584952,245645.42373768357,0.023671083222804694,-0.34602076124567477,0.3188927335640138,10391325
664,19,WEST BENGAL,ALIPUR DUAR,9.238284076022146E-4,0.19291041906954526,0.20693579392538028,0.22145328719723362,462574.553602801,0.1324430602558119,-0.1929104190695886,0.3014225297962323,3499191
305,19,WEST BENGAL,BANKURA,-0.03844675124951908,0.135886197616303,0.14769703960015168,0.15999999999999376,716103.1255164073,0.0856764584323548,-0.19986159169550174,0.2679584775086506,8367774
306,19,WEST BENGAL,PURBA BARDDHAMAN,-0.005748401148828905,0.16633602460579558,0.1793771626297674,0.19291041906955003,754041.7203693537,0.11903609084603516,-0.19986159169550174,0.3014225297962323,6345416
307,19,WEST BENGAL,BIRBHUM,-0.016754377434744994,0.15999999999994774,0.17279507881580833,0.18608227604770913,551352.9624175207,0.09923676313972359,-0.19986159169550174,0.3014225297962323,5568338
310,19,WEST BENGAL,DAKSHIN DINAJPUR,-0.00681752810259632,0.15999999999996511,0.17937716262978906,0.19291041906959017,307223.9235548259,0.11132282193257902,-0.186082276047674,0.3014225297962323,2766684
309,19,WEST BENGAL,DARJILING,-0.04822760476739519,0.17937716262980524,0.1929104190695922,0.20693579392539624,253355.81250163753,0.09881455279321148,-0.2679584775086506,0.33685505574778934,2570580
317,19,WEST BENGAL,PURBA MEDINIPUR,-0.04822760476739765,0.17279507881576162,0.17937716262982023,0.1929104190696036,564929.3652544814,0.11851349187114568,-0.14173010380622836,0.29287197231833906,4774369
313,19,WEST BENGAL,HAORA,-0.05173394848135354,0.16633602460584515,0.17937716262980263,0.19291041906958667,203478.2870354486,0.11466626400527544,-0.14769703960015382,0.2761399461745483,1779421
312,19,WEST BENGAL,HUGLI,-0.004495803689805589,0.166336024605859,0.17937716262979875,0.19291041906959502,432104.37126768654,0.11307455335250027,-0.14769703960015382,0.29287197231833906,3830421
314,19,WEST BENGAL,JALPAIGURI,-0.009667641218708901,0.18608227604766192,0.19986159169548334,0.21413302575930207,527775.9029874492,0.12320823164342778,-0.186082276047674,0.3278123798539023,4291724
308,19,WEST BENGAL,KOCH BIHAR,-0.035432525951556576,0.19291041906955542,0.2069357939253836,0.2214532871972192,507898.0327042482,0.12105143714621057,-0.14769703960015382,0.3278123798539023,4209471
315,19,WEST BENGAL,KOLKATA,-0.05536332179930802,0.15378700499808337,0.16633602460592423,0.17937716262975445,21566.926563807192,0.09628014005227341,-0.13016532103037293,0.3014225297962323,225875
316,19,WEST BENGAL,MALDAH,-0.03543252595155888,0.16633602460582828,0.1793771626298113,0.19986159169548764,481637.75426144374,0.1088761511545444,-0.14769703960015382,0.3188927335640138,4432769
319,19,WEST BENGAL,MURSHIDABAD,-0.04158400615148082,0.17279507881575934,0.18608227604768235,0.1998615916954856,779244.6765859314,0.11911424364553647,-0.16633602460592078,0.31009611687812383,6553296
320,19,WEST BENGAL,NADIA,-0.010396001537870033,0.17937716262982753,0.19291041906956125,0.20693579392538888,619481.6859281629,0.13068698665934886,-0.15378700499807765,0.3188927335640138,4752532
303,19,WEST BENGAL,NORTH TWENTY-FOUR PARGANAS,-0.059115724721264126,0.17279507881580747,0.1860822760477096,0.19986159169548748,522173.45419846114,0.10771546394040106,-0.17937716262975778,0.3553094963475586,4858451
318,19,WEST BENGAL,PASCHIM MEDINIPUR,-0.00885813148788919,0.15378700499797132,0.16633602460583008,0.179377162629804,794058.4636657026,0.10477247517264762,-0.19986159169550174,0.28444444444444444,7589470
321,19,WEST BENGAL,PURULIYA,-0.05536332179930735,0.0984236831987419,0.11374086889659767,0.1301653210303657,347959.2943359858,0.04576325166380273,-0.2679584775086506,0.2519646289888504,7614827
304,19,WEST BENGAL,SOUTH TWENTY-FOUR PARGANAS,-0.044844290657438966,0.18608227604765143,0.1998615916954828,0.20693579392538097,1162293.721673739,0.12583995134976758,-0.14769703960015382,0.29287197231833906,9269362
311,19,WEST BENGAL,UTTAR DINAJPUR,0.038446751249519164,0.18608227604771,0.1998615916954854,0.22145328719723611,492077.65901586536,0.12653100722024865,-0.13588619761630144,0.3278123798539023,3902218
703,19,WEST BENGAL,JHARGRAM,-0.041584006151480515,0.1358861976163284,0.14769703960017572,0.16000000000000789,314361.46833889885,0.08400923336033915,-0.22145328719723184,0.24415224913494812,3751531
704,19,WEST BENGAL,PASCHIM BARDDHAMAN,-0.03844675124951932,0.1417301038062154,0.15378700499808456,0.16633602460592506,194713.63700620958,0.0883067505235852,-0.19986159169550174,0.2599000384467512,2210746
702,19,WEST BENGAL,KALIMPONG,-0.032541330257593724,0.1727950788158505,0.19291041906960038,0.2069357939253998,129410.3997864979,0.09452596062886606,-0.2519646289888504,0.3188927335640138,1372509
