di_code,st_code,state23,dist23,A27_p2,A27_p90,A27_p95,A27_p98,A27_sum,A27_mean,A27_min,A27_max,A27_count
603,35,ANDAMAN & NICOBAR,NICOBAR,-0.24415224913493788,0.03691371187252553,0.05173394848135245,0.0669896193771628,-109913.16662051142,-0.05479129484084498,-0.31009611687812383,0.19986159169550174,2020602
632,35,ANDAMAN & NICOBAR,NORTH & MIDDLE ANDAMAN,-0.15999999999999853,0.11909265667053043,0.1358861976163207,0.14769703960016384,231548.41708515212,0.05828074165679113,-0.2599000384467512,0.24415224913494812,4003957
602,35,ANDAMAN & NICOBAR,SOUTH ANDAMAN,-0.19986159169549358,0.0888273740868859,0.10851211072664373,0.1245674740484398,60238.31253294891,0.02081706588604862,-0.2679584775086506,0.2364628988850442,2916597
502,28,ANDHRA PRADESH,ANANTAPUR,-0.17279507881585043,-0.019930795847752765,0.00447842098275151,0.029773164167627767,-1889860.916167179,-0.0843627396017724,-0.3014225297962323,0.186082276047674,22430270
503,28,ANDHRA PRADESH,CHITTOOR,-0.18608227604770702,0.025879938279585325,0.05536332179930564,0.08421376393695057,-1294250.3951887027,-0.07504835102342781,-0.3278123798539023,0.2288965782391388,17269415
504,28,ANDHRA PRADESH,Y S R KADAPA,-0.16633602460589392,0.029773164167629665,0.055363321799306066,0.07972318339100916,-1011494.712649709,-0.05711687034605495,-0.31009611687812383,0.19986159169550174,17724326
505,28,ANDHRA PRADESH,EAST GODAVARI,-0.21413302575932552,0.08421376393696317,0.11374086889658559,0.135886197616315,41512.15091893376,0.002746445750306529,-0.31009611687812383,0.2599000384467512,15133939
506,28,ANDHRA PRADESH,GUNTUR,-0.14173010380623646,0.05536332179930075,0.07535563244904574,0.09356401384082381,-247574.3437864981,-0.018647376527840383,-0.28444444444444444,0.2364628988850442,13291974
510,28,ANDHRA PRADESH,KRISHNA,-0.23646289888501248,0.051733948481345916,0.0669896193771702,0.08882737408688474,-298201.014740663,-0.029207665667895025,-0.3278123798539023,0.22145328719723184,10225813
511,28,ANDHRA PRADESH,KURNOOL,-0.1417301038062379,0.03844675124951977,0.06698961937717329,0.09356401384083732,-970226.432014262,-0.048104862947443726,-0.2679584775086506,0.2069357939254133,20185908
515,28,ANDHRA PRADESH,POTTI SRIRAMULU NELLORE,-0.22145328719724058,0.09356401384083617,0.12456747404846727,0.14769703960017083,-619278.6968537557,-0.04060685132783247,-0.31009611687812383,0.2761399461745483,15263341
517,28,ANDHRA PRADESH,PRAKASAM,-0.15378700499805278,0.0591157247212541,0.07972318339101538,0.10340638216072086,-770010.8432483568,-0.03766956831843976,-0.29287197231833906,0.2519646289888504,20457221
519,28,ANDHRA PRADESH,SRIKAKULAM,-0.11374086889657581,0.05173394848134586,0.07111111111111781,0.09356401384082415,-59272.817177611556,-0.008612923404959071,-0.29287197231833906,0.2364628988850442,6895077
520,28,ANDHRA PRADESH,VISAKHAPATNAM,-0.12456747404844953,0.05911572472125979,0.08421376393694974,0.10851211072664706,-210413.9624623051,-0.015478015573018922,-0.29287197231833906,0.2599000384467512,13613577
521,28,ANDHRA PRADESH,VIZIANAGARAM,-0.11374086889657528,0.04484429065744496,0.06698961937716587,0.08882737408688485,-107919.31593132463,-0.014904848732173064,-0.2761399461745483,0.2288965782391388,7256513
523,28,ANDHRA PRADESH,WEST GODAVARI,-0.2288965782391304,0.07111111111111912,0.093564013840832,0.11909265667051908,-126058.19416339908,-0.012969354716561209,-0.3278123798539023,0.2599000384467512,9731922
628,12,ARUNACHAL PRADESH,ANJAW,-0.1301653210303629,0.04158400615147509,0.06299115724721942,0.08882737408687635,-250905.5013759003,-0.03300153577987395,-0.2679584775086506,0.17937716262975778,7611073
229,12,ARUNACHAL PRADESH,CHANGLANG,-0.11909265667052035,0.03543252595155514,0.04822760476739957,0.06698961937716673,-161897.0467293161,-0.026047935876655118,-0.2069357939254133,0.186082276047674,6227191
230,12,ARUNACHAL PRADESH,DIBANG VALLEY,-0.13016532103035783,0.04484429065744595,0.07111111111111802,0.0984236831987708,-393019.5120145773,-0.03222846447596545,-0.2519646289888504,0.21413302575932336,12207130
231,12,ARUNACHAL PRADESH,EAST KAMENG,-0.14173010380622278,0.016762037652599173,0.041584006151481175,0.07972318339100999,-267629.470242214,-0.048219811857926786,-0.2761399461745483,0.24415224913494812,5558425
233,12,ARUNACHAL PRADESH,KURUNG KUMEY,-0.14769703960016972,0.025865674490106207,0.07535563244904853,0.12456747404846483,-297862.7168750663,-0.053056580647433106,-0.28444444444444444,0.2519646289888504,5621269
234,12,ARUNACHAL PRADESH,LOHIT,-0.13016532103036563,0.04484429065744627,0.06299115724721117,0.08421376393694936,-106664.3357571507,-0.027664881074594017,-0.28444444444444444,0.2364628988850442,3863405
235,12,ARUNACHAL PRADESH,LOWER DIBANG VALLEY,-0.1358861976162984,0.041584006151468525,0.055363321799300765,0.07535563244904736,-143225.33755075306,-0.0319468225613923,-0.28444444444444444,0.2288965782391388,4491587
237,12,ARUNACHAL PRADESH,PAPUMPARE,-0.11374086889657657,0.024605920799692454,0.03844675124952154,0.055363321799309716,-146530.44345013713,-0.03388036981212367,-0.19986159169550174,0.1929104190695886,4333778
238,12,ARUNACHAL PRADESH,TAWANG,-0.11374086889659439,0.09842368319875967,0.11909265667052046,0.1417301038062374,26097.238964336164,0.008435272323816731,-0.2069357939254133,0.2288965782391388,3100277
239,12,ARUNACHAL PRADESH,TIRAP,-0.11909265667051719,0.02977316416762777,0.04484429065743776,0.059115724721263654,-53247.20263085167,-0.036196567975526665,-0.1929104190695886,0.13016532103037293,1474824
240,12,ARUNACHAL PRADESH,UPPER SIANG,-0.14173010380621873,0.01384083044982737,0.032541330257592004,0.059115724721263384,-424004.932712662,-0.04970587209203363,-0.2519646289888504,0.1929104190695886,8540336
241,12,ARUNACHAL PRADESH,UPPER SUBANSIRI,-0.14173010380622947,0.006815004176772038,0.029773164167627996,0.06299115724721126,-472034.0772121066,-0.057494006139994516,-0.2679584775086506,0.2069357939254133,8220067
242,12,ARUNACHAL PRADESH,WEST KAMENG,-0.13588619761630813,0.01993079584775266,0.04158400615148121,0.06299115724721129,-288563.65785592265,-0.046759091776492415,-0.2519646289888504,0.1929104190695886,6178998
719,12,ARUNACHAL PRADESH,LOWER SIANG,-0.10851211072664331,0.03254133025759309,0.044844290657439,0.06299115724721137,-63892.197138072064,-0.02795114298410641,-0.186082276047674,0.17279507881584008,2292082
236,12,ARUNACHAL PRADESH,LOWER SUBANSIRI,-0.13016532103036949,0.004485823349209207,0.019930795847752186,0.03543252595155936,-122687.97432942552,-0.05019003254266918,-0.22145328719723184,0.13588619761630144,2449933
679,12,ARUNACHAL PRADESH,SIANG,-0.1358861976163092,0.0026412841442553423,0.0177777777777789,0.03254133025759232,-242467.4773382275,-0.05541536141597732,-0.2288965782391388,0.16000000000000003,4383418
243,12,ARUNACHAL PRADESH,WEST SIANG,-0.1417301038062404,-0.006837182135462775,0.006814026296380955,0.019930795847750652,-106377.26647197612,-0.06306817271190984,-0.2364628988850442,0.14173010380622836,1691102
725,12,ARUNACHAL PRADESH,SHI YOMI,-0.14173010380622322,0.0044793832088668535,0.02460592079969151,0.04822760476739492,-182710.62447328764,-0.05491733587277558,-0.2599000384467512,0.17937716262975778,3331997
724,12,ARUNACHAL PRADESH,LEPA RADA,-0.13016532103037162,0.006816045022596533,0.02220684352172072,0.038446751249520496,-47820.396006473704,-0.04941236533686255,-0.19986159169550174,0.13588619761630144,970650
723,12,ARUNACHAL PRADESH,PAKKE KESSANG,-0.10340638216071664,0.04158400615148125,0.05911572472126214,0.07111111111111668,-46025.66239313377,-0.019230785122485085,-0.1929104190695886,0.16633602460592078,2399368
677,12,ARUNACHAL PRADESH,KRA DAADI,-0.14769703960016617,-0.012056901191849162,9.001670549821061E-4,0.015747789311802894,-148324.50287547393,-0.06668710478484749,-0.2364628988850442,0.14769703960015382,2229870
678,12,ARUNACHAL PRADESH,NAMSAI,-0.06299115724721133,0.059115724721260074,0.07111111111111779,0.08421376393694677,20347.94391007157,0.012038660162919679,-0.2288965782391388,0.21413302575932336,1693784
718,12,ARUNACHAL PRADESH,KAMLE,-0.1245674740484554,0.01205690119184846,0.027128027681660227,0.04484429065743808,-79042.0629169784,-0.045487030766988505,-0.2069357939254133,0.17279507881584008,1742339
232,12,ARUNACHAL PRADESH,EAST SIANG,-0.15999999999999737,0.051733948481346825,0.06299115724721117,0.07972318339100928,-23639.363134839983,-0.01113524843507777,-0.29287197231833906,0.2364628988850442,2127307
666,12,ARUNACHAL PRADESH,LONGDING,-0.11374086889657348,0.02712802768166038,0.04158400615148124,0.055363321799309625,-39485.49786368889,-0.033728517654583824,-0.2069357939254133,0.11909265667051133,1174145
616,18,ASSAM,BAKSA,-0.08882737408688235,0.03844675124952197,0.05173394848134894,0.06698961937716284,-23054.629606765127,-0.007569362522523408,-0.2519646289888504,0.24415224913494812,3055457
280,18,ASSAM,BARPETA,-0.2141330257592975,0.03254133025759214,0.04822760476739715,0.0711111111111132,-80027.9031226887,-0.028076968040682045,-0.2679584775086506,0.2069357939254133,2859045
705,18,ASSAM,BISWANATH,-0.19291041906958342,0.024605920799692888,0.03844675124952037,0.05911572472126254,-73111.34183523498,-0.026347428504983766,-0.2599000384467512,0.2069357939254133,2780367
281,18,ASSAM,BONGAIGAON,-0.1998615916954874,0.04158400615148118,0.06299115724721129,0.08882737408688966,-30996.311651117412,-0.022275016783453273,-0.2599000384467512,0.22145328719723184,1397646
282,18,ASSAM,CACHAR,-0.09356401384082554,0.048227604767399436,0.06299115724721117,0.07972318339100952,-38973.79723626316,-0.008378597523916169,-0.2364628988850442,0.17937716262975778,4659875
708,18,ASSAM,CHARAIDEO,-0.07535563244905412,0.032541330257589214,0.04158400615148121,0.05536332179931014,-11249.022111611672,-0.008866089222111032,-0.2069357939254133,0.2069357939254133,1273387
612,18,ASSAM,CHIRANG,-0.08882737408688565,0.051733948481346416,0.0669896193771666,0.08421376393694932,-7006.04122709576,-0.0029336715563057438,-0.19986159169550174,0.1929104190695886,2393821
283,18,ASSAM,DARRANG,-0.21413302575933338,0.05173394848134866,0.07111111111111587,0.09356401384082554,-30505.78545168719,-0.015459279164850473,-0.2599000384467512,0.2288965782391388,1980527
284,18,ASSAM,DHEMAJI,-0.1793771626297562,0.029773164167628433,0.044844290657437974,0.07535563244905921,-59898.35703927808,-0.019199301544599652,-0.31009611687812383,0.2364628988850442,3127982
285,18,ASSAM,DHUBRI,-0.18608227604767152,0.038446751249521634,0.05536332179930607,0.07972318339100554,-25151.116827400518,-0.012193270502142846,-0.24415224913494812,0.22145328719723184,2073149
286,18,ASSAM,DIBRUGARH,-0.22145328719723095,0.03254133025758576,0.04484429065744724,0.059115724721264175,-94268.92555847294,-0.022204017580592546,-0.3188927335640138,0.22145328719723184,4254504
299,18,ASSAM,DIMA HASAO,-0.08882737408688632,0.07535563244905916,0.08882737408687671,0.10851211072665526,35044.76110261479,0.005810301797594933,-0.2519646289888504,0.22145328719723184,6041285
287,18,ASSAM,GOALPARA,-0.19986159169548753,0.019930795847751873,0.032541330257592364,0.05173394848135352,-79496.31878182122,-0.03273815905010596,-0.2679584775086506,0.22145328719723184,2434900
288,18,ASSAM,GOLAGHAT,-0.09842368319877116,0.0354325259515586,0.048227604767396196,0.06299115724721126,-44920.74293453535,-0.01117762821891167,-0.2761399461745483,0.19986159169550174,4029611
289,18,ASSAM,HAILAKANDI,-0.09842368319876471,0.02460592079969209,0.03844675124952119,0.05536332179930756,-35789.55927336814,-0.02195354622666877,-0.2069357939254133,0.17937716262975778,1635070
709,18,ASSAM,HOJAI,-0.07972318339100909,0.05911572472125725,0.07535563244904663,0.08882737408689034,11693.104555431839,0.00647148739570615,-0.2069357939254133,0.186082276047674,1811736
290,18,ASSAM,JORHAT,-0.08421376393694893,0.029773164167631143,0.041584006151481244,0.059115724721263904,-33940.50845652213,-0.014568947876709195,-0.2679584775086506,0.22145328719723184,2335717
618,18,ASSAM,KAMRUP METRO,-0.1245674740484438,0.04158400615148119,0.06299115724721127,0.07972318339100233,-23656.67560767702,-0.019582213314519276,-0.2288965782391388,0.186082276047674,1212134
291,18,ASSAM,KAMRUP RURAL,-0.12456747404844158,0.03254133025759327,0.05173394848135079,0.07535563244905884,-83446.65192838477,-0.021499348671068588,-0.2599000384467512,0.2288965782391388,3891403
292,18,ASSAM,KARBI ANGLONG,-0.07972318339101243,0.0553633217993002,0.07111111111111892,0.08421376393694613,-6235.531950266123,-6.848227361914919E-4,-0.17937716262975778,0.186082276047674,9120022
293,18,ASSAM,KARIMGANJ,-0.10340638216071173,0.022206843521721583,0.03543252595155988,0.05173394848135382,-48823.23440726374,-0.02194597928748216,-0.22145328719723184,0.19986159169550174,2229526
294,18,ASSAM,KOKRAJHAR,-0.09356401384082619,0.04484429065744845,0.05536332179931912,0.06698961937717143,-36024.029086376126,-0.00930540485955894,-0.2519646289888504,0.15378700499807765,3879174
295,18,ASSAM,LAKHIMPUR,-0.1358861976163013,0.038446751249521564,0.06299115724721123,0.0888273740868818,-54161.22040520485,-0.014418411916059764,-0.28444444444444444,0.2069357939254133,3763908
706,18,ASSAM,MAJULI,-0.22889657823915177,0.013840830449827472,0.03254133025759242,0.055363321799307204,-77627.43564534113,-0.048838156049098594,-0.28444444444444444,0.17937716262975778,1595085
296,18,ASSAM,MARIGAON,-0.19986159169549023,0.04822760476739805,0.07111111111111589,0.10340638216070522,-29267.825008236727,-0.015564995358205661,-0.2599000384467512,0.21413302575932336,1884753
297,18,ASSAM,NAGAON,-0.09842368319877073,0.029773164167631094,0.044844290657442,0.059115724721263495,-45715.24523823981,-0.014240788499123242,-0.2599000384467512,0.2288965782391388,3221993
298,18,ASSAM,NALBARI,-0.20693579392540332,0.02977316416762899,0.04484429065743805,0.07111111111111036,-24832.9286559148,-0.01907493790395276,-0.2599000384467512,0.2069357939254133,1306375
300,18,ASSAM,SIBSAGAR,-0.084213763936947,0.027128027681663235,0.03844675124952123,0.051733948481354985,-29149.659182318992,-0.014284721243444884,-0.28444444444444444,0.1929104190695886,2046198
301,18,ASSAM,SONITPUR,-0.19986159169548803,0.04158400615147589,0.055363321799305545,0.0669896193771644,-52332.70484265836,-0.01393627661179944,-0.2679584775086506,0.2069357939254133,3761187
707,18,ASSAM,SOUTH SALMARA MANCACHAR,-0.22145328719722318,0.029773164167627014,0.04484429065743839,0.06698961937716318,-26611.1537744071,-0.03827041248163516,-0.2519646289888504,0.17279507881584008,699403
302,18,ASSAM,TINSUKIA,-0.15999999999999978,0.04158400615147232,0.05536332179930381,0.0669896193771656,-31180.825657920414,-0.006500257028631564,-0.3014225297962323,0.1929104190695886,4805197
617,18,ASSAM,UDALGURI,-0.07535563244905581,0.04484429065745045,0.055363321799304005,0.07111111111111507,3803.532019991281,0.0015116080039434244,-0.19986159169550174,0.17279507881584008,2524545
710,18,ASSAM,WEST KARBI ANGLONG,-0.09356401384082333,0.048227604767397514,0.06299115724721119,0.08421376393694596,-41591.07866487069,-0.010915501344381379,-0.21413302575932336,0.16000000000000003,3818912
188,10,BIHAR,ARARIA,-0.04822760476739512,0.1301653210303475,0.1476970396001649,0.1663360246059247,218192.2006291767,0.06289439995451451,-0.17937716262975778,0.2364628988850442,3476505
611,10,BIHAR,ARWAL,-0.08421376393694566,0.05911572472126018,0.06698961937716683,0.07972318339100316,11346.942743162763,0.01442751049942592,-0.2519646289888504,0.1929104190695886,790200
189,10,BIHAR,AURANGABAD,-0.08421376393694747,0.05173394848134487,0.06299115724721113,0.07535563244905694,27511.76347991767,0.006769533971084738,-0.2599000384467512,0.2069357939254133,4071463
190,10,BIHAR,BANKA,-0.11909265667051701,0.041584006151468074,0.055363321799300425,0.06698961937716828,-77349.06791478039,-0.020785365808119263,-0.2364628988850442,0.16000000000000003,3727975
191,10,BIHAR,BEGUSARAI,-0.11909265667051082,0.1417301038062202,0.16633602460592498,0.1929104190695825,146006.24205519966,0.061397280597479856,-0.24415224913494812,0.2761399461745483,2385201
200,10,BIHAR,KAIMUR,-0.08421376393695075,0.07111111111108756,0.07972318339101798,0.08882737408688857,78821.34171330204,0.01899941691713124,-0.2519646289888504,0.16633602460592078,4155971
192,10,BIHAR,BHAGALPUR,-0.17279507881584902,0.16633602460589605,0.19291041906959105,0.22145328719721522,177400.40623593377,0.056237962627340786,-0.2288965782391388,0.28444444444444444,3161985
193,10,BIHAR,BHOJPUR,-0.07972318339100332,0.09356401384084963,0.1137408688965871,0.1417301038062419,116894.7038763435,0.0395803783484737,-0.2599000384467512,0.2364628988850442,2959033
194,10,BIHAR,BUXAR,-0.06698961937716348,0.08882737408686871,0.09842368319877062,0.11909265667050799,98496.66133257093,0.0468533014265895,-0.2364628988850442,0.2364628988850442,2107650
195,10,BIHAR,DARBHANGA,-0.07535563244905681,0.09842368319875651,0.11374086889658717,0.1358861976163,109640.43359902002,0.03506242602318511,-0.2364628988850442,0.28444444444444444,3135810
196,10,BIHAR,GAYA,-0.09356401384082431,0.06698961937717417,0.07972318339101539,0.09356401384082419,59555.89574448155,0.009758666096983245,-0.22145328719723184,0.2069357939254133,6114662
197,10,BIHAR,GOPALGANJ,-0.06299115724721142,0.09356401384086861,0.10340638216073364,0.11909265667051211,81625.69367637855,0.03217749482617032,-0.2599000384467512,0.24415224913494812,2543564
199,10,BIHAR,JAHANABAD,-0.0753556324490596,0.05911572472125824,0.07111111111111705,0.07972318339100297,16855.20578190164,0.01458800567413951,-0.2069357939254133,0.15378700499807765,1159636
198,10,BIHAR,JAMUI,-0.12456747404845361,0.055363321799304276,0.07535563244905195,0.10340638216070444,-66145.94302825781,-0.017354635491153007,-0.2519646289888504,0.2069357939254133,3819342
201,10,BIHAR,KATIHAR,-0.15999999999999825,0.1417301038062114,0.16000000000001896,0.18608227604769328,194640.95559124477,0.05170109517485126,-0.2364628988850442,0.28444444444444444,3773694
202,10,BIHAR,KHAGARIA,-0.08421376393694685,0.16633602460592511,0.19291041906957584,0.22889657823915371,151038.82166328782,0.08185029629127659,-0.22145328719723184,0.29287197231833906,1851170
203,10,BIHAR,KISHANGANJ,-0.06698961937716161,0.10340638216072678,0.12456747404845957,0.15378700499808534,80254.33380521159,0.03342535984002729,-0.21413302575932336,0.2599000384467512,2408235
204,10,BIHAR,LAKHISARAI,-0.06299115724721135,0.13588619761631515,0.16000000000001316,0.17937716262975037,83448.95737970251,0.0554488351497023,-0.2364628988850442,0.28444444444444444,1509373
205,10,BIHAR,MADHEPURA,-0.059115724721263294,0.13588619761632076,0.15378700499808617,0.172795078815848,136725.33315884552,0.06102083145679513,-0.1929104190695886,0.28444444444444444,2247230
206,10,BIHAR,MADHUBANI,-0.07972318339100773,0.07535563244906021,0.08882737408687864,0.09842368319876463,72012.57403274052,0.016510185034548167,-0.2288965782391388,0.2288965782391388,4370352
207,10,BIHAR,MUNGER,-0.1663360246059239,0.17279507881585068,0.19986159169548431,0.221453287197214,67902.21866070939,0.03899706330026546,-0.22145328719723184,0.3014225297962323,1746408
208,10,BIHAR,MUZAFFARPUR,-0.07535563244905476,0.10851211072666063,0.12456747404846336,0.1417301038062336,125056.59126044603,0.03165388679277914,-0.2364628988850442,0.2679584775086506,3958875
209,10,BIHAR,NALANDA,-0.06299115724721129,0.08882737408688703,0.09842368319874936,0.10851211072665244,119811.43017502272,0.0410057001030097,-0.2288965782391388,0.21413302575932336,2929383
210,10,BIHAR,NAWADA,-0.07972318339100574,0.07535563244904292,0.09356401384082327,0.11909265667050846,73900.53149543286,0.024121250404493675,-0.2288965782391388,0.2069357939254133,3071041
211,10,BIHAR,PASHCHIMI CHAMPARAN,-0.06698961937716205,0.08421376393696549,0.10340638216072737,0.1245674740484513,131730.21966705503,0.02010894288988511,-0.2679584775086506,0.24415224913494812,6560379
212,10,BIHAR,PATNA,-0.10851211072664332,0.10340638216072062,0.1358861976163089,0.16633602460590496,141330.44808451622,0.03579689817652361,-0.2519646289888504,0.28444444444444444,3959090
213,10,BIHAR,PURBI CHAMPARAN,-0.07972318339100541,0.09356401384085815,0.10851211072665727,0.12456747404845395,121690.62186933724,0.024546070171052287,-0.2599000384467512,0.24415224913494812,4966698
214,10,BIHAR,PURNIA,-0.055363321799307856,0.15378700499804235,0.1727950788158506,0.186082276047697,286968.52516161057,0.07170235609547283,-0.1929104190695886,0.2599000384467512,4010639
215,10,BIHAR,ROHTAS,-0.08421376393694661,0.07111111111108512,0.07972318339101836,0.08882737408688134,113176.96908559941,0.02389764257561853,-0.2761399461745483,0.2364628988850442,4743839
216,10,BIHAR,SAHARSA,-0.07535563244905553,0.11374086889659216,0.13016532103036874,0.1537870049980822,87198.62817407235,0.042174874568437035,-0.2288965782391388,0.28444444444444444,2073256
217,10,BIHAR,SAMASTIPUR,-0.0669896193771624,0.13016532103034614,0.1417301038062362,0.16000000000000458,165601.03971041075,0.049996605201330285,-0.24415224913494812,0.3014225297962323,3321029
218,10,BIHAR,SARAN,-0.08882737408688966,0.11909265667052782,0.13588619761629908,0.16000000000000553,147577.81717321134,0.0450470995186614,-0.24415224913494812,0.28444444444444444,3282541
219,10,BIHAR,SHEIKHPURA,-0.05536332179930669,0.07535563244904307,0.08421376393694535,0.09842368319876778,29611.42109315376,0.035402358895098275,-0.17279507881584008,0.17937716262975778,840498
220,10,BIHAR,SHEOHAR,-0.07535563244905921,0.10851211072665065,0.12456747404844123,0.1358861976163039,21108.61998139345,0.038124220914305625,-0.186082276047674,0.1929104190695886,556991
221,10,BIHAR,SITAMARHI,-0.07535563244905699,0.08421376393696745,0.09842368319877835,0.10851211072664252,61777.81173833424,0.022613035572999703,-0.2069357939254133,0.17279507881584008,2739355
222,10,BIHAR,SIWAN,-0.06299115724721127,0.0888273740868857,0.09842368319875204,0.1137408688965735,89923.26059590848,0.03257532723965127,-0.2364628988850442,0.2288965782391388,2766570
223,10,BIHAR,SUPAUL,-0.07535563244905923,0.1085121107266622,0.13016532103036926,0.15999999999999565,132458.0183461673,0.04397569108992344,-0.2519646289888504,0.28444444444444444,3018897
224,10,BIHAR,VAISHALI,-0.11374086889657906,0.13016532103034023,0.14769703960016864,0.17279507881584907,104267.83323239164,0.041301310567291014,-0.2519646289888504,0.29287197231833906,2529599
044,04,CHANDIGARH,CHANDIGARH,-0.06299115724721277,0.08421376393694836,0.09356401384083135,0.10851211072664337,5380.185690751818,0.036170855615713475,-0.2069357939254133,0.17937716262975778,150026
646,22,CHHATTISGARH,BALOD,-0.1301653210303743,0.0797231833910164,0.09842368319876707,0.11909265667051516,23280.44587590039,0.005786934384110628,-0.2364628988850442,0.2288965782391388,4030747
644,22,CHHATTISGARH,BALODA BAZAR,-0.09356401384082946,0.08421376393697105,0.10340638216073801,0.12456747404846626,46597.38175121189,0.008314225153857028,-0.2761399461745483,0.2069357939254133,5614038
649,22,CHHATTISGARH,BALRAMPUR,-0.08421376393695053,0.06698961937717217,0.08421376393695607,0.10340638216071309,48251.22480523695,0.006317520095667217,-0.2364628988850442,0.1929104190695886,7650578
374,22,CHHATTISGARH,BASTAR,-0.1301653210303501,0.051733948481347214,0.07535563244905133,0.10340638216070888,-139989.78880038924,-0.021934672098220722,-0.2519646289888504,0.2069357939254133,6393305
650,22,CHHATTISGARH,BEMETARA,-0.07972318339100386,0.06299115724724016,0.07535563244906586,0.08421376393695663,50277.83215493815,0.018690601063042163,-0.24415224913494812,0.19986159169550174,2697016
636,22,CHHATTISGARH,BIJAPUR,-0.06698961937716581,0.124567474048473,0.1417301038062275,0.16000000000000844,558629.8140560887,0.051170216955400485,-0.2364628988850442,0.2364628988850442,10931393
375,22,CHHATTISGARH,BILASPUR,-0.09842368319877078,0.055363321799308175,0.08421376393694766,0.10851211072664141,-25775.46396656133,-0.006031703041047264,-0.2599000384467512,0.19986159169550174,4282196
734,22,CHHATTISGARH,GAURELA-PENDRA-MARWAHI,-0.07972318339100613,0.059115724721263495,0.07972318339101177,0.10340638216071026,-5039.8472819051085,-0.0020869207474388672,-0.2364628988850442,0.17937716262975778,2420209
376,22,CHHATTISGARH,DAKSHIN BASTAR DANTEWADA,-0.10851211072664683,0.08421376393695004,0.10851211072664506,0.13588619761630122,-22790.148027197196,-0.00684868732970797,-0.2288965782391388,0.22145328719723184,3336766
377,22,CHHATTISGARH,DHAMTARI,-0.135886197616304,0.10340638216073665,0.11909265667052761,0.1358861976162998,125410.79257511384,0.025727875606998577,-0.2364628988850442,0.2288965782391388,4882863
378,22,CHHATTISGARH,DURG,-0.09842368319877116,0.035432525951554814,0.0482276047673962,0.059115724721260726,-19497.35197906877,-0.007085411470449841,-0.2364628988850442,0.19986159169550174,2758101
645,22,CHHATTISGARH,GARIYABAND,-0.07972318339100856,0.11374086889659857,0.13588619761632983,0.15378700499808795,186026.4666846565,0.03221746992472362,-0.2599000384467512,0.2288965782391388,5784384
379,22,CHHATTISGARH,JANJGIR - CHAMPA,-0.08882737408688968,0.03543252595155588,0.048227604767398013,0.06299115724721127,-26572.86119300468,-0.004918185914480433,-0.2761399461745483,0.16633602460592078,5413703
380,22,CHHATTISGARH,JASHPUR,-0.10340638216071536,0.04484429065744384,0.0669896193771675,0.08882737408688472,-111374.17947819147,-0.01572018362722265,-0.2519646289888504,0.17937716262975778,7094864
382,22,CHHATTISGARH,KABIRDHAM,-0.07111111111111536,0.07111111111111906,0.08882737408688006,0.10851211072665169,75941.10904337527,0.015022457660182275,-0.2364628988850442,0.186082276047674,5063228
381,22,CHHATTISGARH,UTTAR BASTAR KANKER,-0.06698961937716483,0.09356401384084315,0.1137408688965855,0.13588619761629647,213649.10904401142,0.02497817227905785,-0.24415224913494812,0.21413302575932336,8566278
643,22,CHHATTISGARH,KONDAGAON,-0.09356401384082451,0.0553633217993024,0.07972318339100948,0.10851211072664504,-32309.351581762457,-0.005361875749217793,-0.24415224913494812,0.21413302575932336,6035251
383,22,CHHATTISGARH,KORBA,-0.11374086889657901,0.07535563244906367,0.09356401384084352,0.11374086889658062,71482.74489005086,0.008963548123749178,-0.2599000384467512,0.2364628988850442,7984432
384,22,CHHATTISGARH,KOREA,-0.07972318339100987,0.08421376393697029,0.10340638216073463,0.11909265667052404,162451.20226493687,0.02021992100913233,-0.2519646289888504,0.1929104190695886,8044955
385,22,CHHATTISGARH,MAHASAMUND,-0.0888273740868872,0.059115724721262794,0.07972318339101112,0.10340638216070722,8883.313424578828,0.0015608908336320697,-0.2519646289888504,0.1929104190695886,5701522
647,22,CHHATTISGARH,MUNGELI,-0.059115724721263196,0.08882737408687633,0.10851211072665473,0.13016532103036818,105819.97541774489,0.031595326112436484,-0.24415224913494812,0.21413302575932336,3357558
637,22,CHHATTISGARH,NARAINPUR,-0.07535563244905338,0.10340638216073395,0.11909265667052418,0.13588619761630147,162297.4595254832,0.03510099947844833,-0.21413302575932336,0.2069357939254133,4632332
386,22,CHHATTISGARH,RAIGARH,-0.07111111111111347,0.06698961937717393,0.08882737408688918,0.10851211072664793,98142.7462557874,0.011560996562190735,-0.28444444444444444,0.21413302575932336,8502955
387,22,CHHATTISGARH,RAIPUR,-0.11909265667050811,0.022206843521722107,0.038446751249521516,0.05173394848135022,-79248.59928484926,-0.022769937719590388,-0.2599000384467512,0.19986159169550174,3486230
388,22,CHHATTISGARH,RAJ NANDGAON,-0.0842137639369481,0.07535563244905355,0.09356401384083118,0.11374086889657735,146257.40314394067,0.015146336870593935,-0.2364628988850442,0.22145328719723184,9670842
642,22,CHHATTISGARH,SUKMA,-0.09356401384082409,0.11909265667052703,0.14173010380622839,0.16633602460592495,173739.47787761665,0.026954133923483586,-0.2519646289888504,0.2364628988850442,6458280
648,22,CHHATTISGARH,SURAJPUR,-0.08882737408688461,0.07535563244906948,0.0984236831987523,0.11374086889659732,40815.67410890939,0.0061515828227518415,-0.2519646289888504,0.2069357939254133,6646511
389,22,CHHATTISGARH,SURGUJA,-0.08882737408688432,0.05173394848134634,0.07111111111111791,0.08882737408688497,-27291.478356194682,-0.005620953401196488,-0.24415224913494812,0.21413302575932336,4864080
463,38,DADRA & NAGAR HAVELI & DAMAN & DIU,DAMAN,-0.21413302575932108,0.05911572472126096,0.07111111111111082,0.07972318339100325,-1594.95529725389,-0.018727186107136907,-0.2288965782391388,0.15378700499807765,86148
464,38,DADRA & NAGAR HAVELI & DAMAN & DIU,DIU,-0.19291041906958875,0.0517339484813529,0.0629911572472125,0.07535563244905835,-540.2962439483963,-0.011701077497631215,-0.22145328719723184,0.13588619761630144,47012
465,38,DADRA & NAGAR HAVELI & DAMAN & DIU,DADRA & NAGAR HAVELI,-0.09842368319876955,0.07535563244905813,0.09356401384082857,0.11374086889657924,10626.143851638208,0.018219758514849627,-0.2288965782391388,0.2069357939254133,587628
077,07,DELHI,CENTRAL,-0.13016532103037318,0.06698961937716402,0.0842137639369453,0.10851211072664321,1889.2184140339098,0.013959150602737338,-0.186082276047674,0.186082276047674,137139
078,07,DELHI,EAST,-0.029773164167627892,0.07972318339100552,0.08882737408688966,0.0935640138408312,1570.1683929107626,0.03923940271874316,-0.09356401384083046,0.13588619761630144,40526
079,07,DELHI,NEW DELHI,-0.07972318339100377,0.05536332179931121,0.06698961937716189,0.07972318339100568,1886.2499663629817,0.009484681693146183,-0.16000000000000003,0.15378700499807765,200534
080,07,DELHI,NORTH,-0.07111111111111,0.11909265667050559,0.13016532103036668,0.1417301038062259,15260.406219864239,0.041112549161065354,-0.1929104190695886,0.21413302575932336,373407
081,07,DELHI,NORTH EAST,-0.12456747404844302,0.07111111111111001,0.08882737408688968,0.10340638216070706,737.0255967312638,0.0164333808767044,-0.1929104190695886,0.17279507881584008,45774
082,07,DELHI,NORTH WEST,-0.05536332179930842,0.1190926566705075,0.13588619761630405,0.14769703960015756,9369.529472191998,0.04796819473607596,-0.1929104190695886,0.2364628988850442,197251
671,07,DELHI,SHAHADRA,-0.04484429065743942,0.0711111111111097,0.07972318339100327,0.08882737408688965,1170.3432022976365,0.026734856758589075,-0.14769703960015382,0.12456747404844293,44424
083,07,DELHI,SOUTH,-0.07972318339100384,0.04822760476739464,0.05911572472126286,0.07111111111110993,126.48560448095247,6.256262991506726E-4,-0.186082276047674,0.22145328719723184,203572
084,07,DELHI,SOUTH WEST,-0.0629911572472121,0.10851211072664807,0.11909265667050989,0.13588619761630236,15652.071912737458,0.0435030908556084,-0.186082276047674,0.2288965782391388,362148
085,07,DELHI,WEST,-0.06299115724721178,0.06698961937716152,0.07972318339100593,0.09842368319876951,3773.794442498707,0.022578209974529036,-0.17937716262975778,0.1929104190695886,168657
670,07,DELHI,SOUTH EAST,-0.09356401384083042,0.05536332179930744,0.06698961937716265,0.07972318339100329,1564.5410149639677,0.012140159147048179,-0.1929104190695886,0.1929104190695886,130060
551,30,GOA,NORTH GOA,-0.19986159169548584,0.08882737408687953,0.10340638216071987,0.12456747404844916,29743.932151098874,0.014711805628567234,-0.24415224913494812,0.22145328719723184,2026943
552,30,GOA,SOUTH GOA,-0.172795078815841,0.08882737408687813,0.10340638216072273,0.11909265667051354,48546.269470911444,0.02145461369629353,-0.2364628988850442,0.1929104190695886,2268792
673,24,GUJARAT,MORBI,-0.13016532103036912,0.02712802768166277,0.0482276047673959,0.07111111111111461,-194364.3227871016,-0.032210650480346874,-0.2761399461745483,0.19986159169550174,6044416
438,24,GUJARAT,AHMADABAD,-0.15999999999999787,0.0711111111111195,0.08882737408688612,0.10340638216071334,-23416.82907306988,-0.002670705491224744,-0.2599000384467512,0.22145328719723184,8784863
440,24,GUJARAT,ANAND,-0.24415224913511702,0.08882737408687551,0.10340638216072837,0.12456747404845195,-19500.605118556563,-0.005085508960312973,-0.28444444444444444,0.2599000384467512,3842291
674,24,GUJARAT,DEVBHUMI DWARKA,-0.1417301038062264,0.019930795847752064,0.03844675124952068,0.06299115724721134,-198242.1838501024,-0.03955282338789736,-0.28444444444444444,0.19986159169550174,5023982
447,24,GUJARAT,JAMNAGAR,-0.12456747404844055,0.03844675124952207,0.05536332179930752,0.07535563244905763,-178941.03807883922,-0.02506221214820331,-0.2519646289888504,0.19986159169550174,7153837
449,24,GUJARAT,KACHCHH,-0.19291041906952874,0.04158400615147823,0.07111111111111203,0.10340638216072973,-1902339.6073888869,-0.03835927860685559,-0.3014225297962323,0.24415224913494812,49630741
443,24,GUJARAT,BHAVNAGAR,-0.18608227604768782,0.010396001537870311,0.027128027681661053,0.048227604767394246,-351798.552079743,-0.04332283039622212,-0.3014225297962323,0.17937716262975778,8129986
442,24,GUJARAT,BHARUCH,-0.19986159169549483,0.04484429065744891,0.0669896193771701,0.08882737408688775,-127794.17455644038,-0.021560504305996698,-0.2761399461745483,0.2288965782391388,5942322
459,24,GUJARAT,SURAT,-0.13588619761630402,0.05536332179930699,0.08882737408688665,0.119092656670522,-63515.66800081107,-0.012231775104832464,-0.2761399461745483,0.2288965782391388,5202601
453,24,GUJARAT,NAVSARI,-0.1085121107266467,0.05173394848134653,0.07111111111111626,0.09842368319876416,-3322.560774102525,-0.0012614665525186443,-0.2761399461745483,0.22145328719723184,2640202
462,24,GUJARAT,VALSAD,-0.08421376393694702,0.07111111111111822,0.0842137639369557,0.10851211072665064,65896.96619393419,0.018750244645583707,-0.2364628988850442,0.19986159169550174,3524114
672,24,GUJARAT,ARAVALLI,-0.07535563244905859,0.08421376393696543,0.10340638216072873,0.11909265667051848,86648.40468442383,0.022595614159223853,-0.22145328719723184,0.2288965782391388,3843076
441,24,GUJARAT,BANAS KANTHA,-0.08421376393694895,0.0797231833909945,0.0935640138408567,0.10851211072665427,228668.25756424747,0.01734965890786564,-0.2761399461745483,0.21413302575932336,13197838
668,24,GUJARAT,CHHOTA UDEPUR,-0.07535563244905959,0.07111111111111776,0.09356401384082355,0.11909265667051416,30366.524071980122,0.007282860618788918,-0.2364628988850442,0.2364628988850442,4179280
445,24,GUJARAT,DAHOD,-0.08421376393694643,0.06299115724721194,0.07972318339101389,0.09842368319876822,43545.16772464518,0.009868053291988617,-0.2364628988850442,0.2069357939254133,4420485
444,24,GUJARAT,DANGS,-0.041584006151481084,0.14769703960017347,0.16633602460592525,0.18608227604769367,146205.49571746122,0.06929588030139812,-0.17937716262975778,0.2519646289888504,2115144
675,24,GUJARAT,GIR SOMNATH,-0.10340638216070848,0.06698961937717256,0.07972318339101384,0.09356401384082431,11140.001587111197,0.0035238158202786606,-0.2599000384467512,0.1929104190695886,3168667
448,24,GUJARAT,JUNAGADH,-0.09356401384082474,0.08882737408688389,0.1034063821607271,0.12456747404845805,113655.84231268914,0.015426861108342205,-0.2364628988850442,0.21413302575932336,7380122
669,24,GUJARAT,MAHISAGAR,-0.18608227604769773,0.059115724721251116,0.07535563244904778,0.09356401384082494,6248.94066843113,0.0020490038498895465,-0.2364628988850442,0.22145328719723184,3057162
452,24,GUJARAT,NARMADA,-0.19291041906959824,0.07972318339101686,0.10340638216072667,0.1245674740484558,13390.525509766128,0.003952835861485847,-0.2288965782391388,0.22145328719723184,3395262
454,24,GUJARAT,PANCH MAHALS,-0.11374086889657936,0.05911572472125529,0.07972318339101148,0.10340638216070391,3665.5894913436805,9.223961508825054E-4,-0.2364628988850442,0.2519646289888504,3982812
458,24,GUJARAT,SABAR KANTHA,-0.08882737408688968,0.0935640138408707,0.10851211072666468,0.12456747404846558,154465.48121427486,0.029840944604869357,-0.2364628988850442,0.2364628988850442,5187838
641,24,GUJARAT,TAPI,-0.19986159169548265,0.10340638216072613,0.13016532103035772,0.153787004998086,-28883.48464325651,-0.007679608149120714,-0.2288965782391388,0.24415224913494812,3771978
461,24,GUJARAT,VADODARA,-0.08882737408688741,0.08421376393696176,0.103406382160724,0.12456747404846073,81985.05863136736,0.01660549445147503,-0.2599000384467512,0.24415224913494812,4946678
439,24,GUJARAT,AMRELI,-0.10851211072664693,0.024605920799692687,0.04158400615148029,0.06299115724721126,-294489.45606362575,-0.033561026155855184,-0.2761399461745483,0.17937716262975778,8788427
456,24,GUJARAT,PORBANDAR,-0.11909265667050906,0.05911572472125724,0.07972318339101075,0.0984236831987697,-32623.168974591274,-0.011734746529701332,-0.2519646289888504,0.21413302575932336,2788240
457,24,GUJARAT,RAJKOT,-0.11909265667051333,0.035432525951557756,0.05536332179930259,0.07535563244904822,-276110.29617461405,-0.029814457386280923,-0.24415224913494812,0.1929104190695886,9279397
460,24,GUJARAT,SURENDRANAGAR,-0.11909265667052034,0.04822760476739593,0.06698961937717003,0.08882737408688855,-184700.21304036333,-0.01662782129233436,-0.2519646289888504,0.19986159169550174,11127032
676,24,GUJARAT,BOTAD,-0.09356401384082476,0.02220684352172005,0.03844675124952137,0.05536332179930897,-81193.75456109688,-0.027172909390583474,-0.2364628988850442,0.17937716262975778,2995174
450,24,GUJARAT,KHEDA,-0.07535563244905884,0.07535563244904554,0.09356401384082244,0.10851211072663955,61580.54142820611,0.014771498045846508,-0.24415224913494812,0.2288965782391388,4177913
451,24,GUJARAT,MAHESANA,-0.08421376393694661,0.07535563244906053,0.08882737408688042,0.10340638216071564,63789.90914831048,0.01185321381284181,-0.2288965782391388,0.2519646289888504,5393193
446,24,GUJARAT,GANDHINAGAR,-0.0842137639369448,0.0711111111111191,0.08421376393696119,0.10340638216071621,13095.611196077423,0.0051254076993270115,-0.2069357939254133,0.2069357939254133,2563098
455,24,GUJARAT,PATAN,-0.09842368319877162,0.07972318339099903,0.09842368319874319,0.11374086889659399,57170.28695378192,0.008102547671623595,-0.2599000384467512,0.2069357939254133,7069966
058,06,HARYANA,AMBALA,-0.02712802768166119,0.14173010380625556,0.147697039600173,0.16000000000000988,166455.42263329905,0.08511946164331102,-0.186082276047674,0.2519646289888504,1963507
059,06,HARYANA,BHIWANI,-0.07535563244905377,0.14769703960009786,0.153787004998014,0.16633602460591898,387835.2120496402,0.09262620526860094,-0.19986159169550174,0.2679584775086506,4194676
060,06,HARYANA,FARIDABAD,-0.07111111111111237,0.09842368319875645,0.11374086889657857,0.12456747404844731,33273.8483745774,0.03531870102502083,-0.1929104190695886,0.22145328719723184,945230
061,06,HARYANA,FATEHABAD,-0.032541330257593246,0.14173010380627984,0.14769703960012548,0.16000000000000605,325303.33517417585,0.10040062195135684,-0.17937716262975778,0.2364628988850442,3246738
062,06,HARYANA,GURUGRAM,-0.0935640138408262,0.11374086889656917,0.13016532103034073,0.14173010380621837,59374.34590095147,0.037484585808883655,-0.21413302575932336,0.2288965782391388,1589083
063,06,HARYANA,HISAR,-0.05911572472126362,0.14769703960008868,0.15378700499800574,0.16633602460589747,500364.53125550697,0.0961223912425135,-0.2069357939254133,0.2599000384467512,5213950
064,06,HARYANA,JHAJJAR,-0.04484429065743858,0.14173010380626258,0.15378700499805933,0.16000000000001235,207358.78765114638,0.08781591403510043,-0.19986159169550174,0.2364628988850442,2367667
065,06,HARYANA,JIND,-0.022206843521722412,0.15999999999993217,0.17279507881575903,0.17937716262980863,421054.82619039656,0.12045204856646577,-0.17937716262975778,0.2599000384467512,3503951
066,06,HARYANA,KAITHAL,-0.006830378970751892,0.16633602460578778,0.1727950788157784,0.17937716262981532,365739.3199364341,0.12515315579616054,-0.17937716262975778,0.24415224913494812,2929802
067,06,HARYANA,KARNAL,-0.019930795847751353,0.1663360246057933,0.17279507881579761,0.17937716262981587,361614.3252857059,0.11373160236878435,-0.2069357939254133,0.2599000384467512,3186602
068,06,HARYANA,KURUKSHETRA,-0.017777777777777597,0.15378700499797654,0.15999999999995823,0.1727950788158497,221198.77027693298,0.10246764914349606,-0.186082276047674,0.2599000384467512,2164099
069,06,HARYANA,MAHENDRAGARH,-0.07972318339100226,0.12456747404847882,0.13588619761634785,0.1417301038062154,157411.88640368468,0.06431863365096595,-0.19986159169550174,0.2069357939254133,2455293
604,06,HARYANA,MEWAT,-0.08421376393694771,0.09356401384083908,0.10340638216072119,0.1190926566705086,68697.56643101398,0.03590225337440739,-0.2069357939254133,0.22145328719723184,1920287
619,06,HARYANA,PALWAL,-0.05911572472126253,0.10851211072666617,0.11374086889658049,0.12456747404845704,95805.06924753547,0.055752002477307196,-0.22145328719723184,0.21413302575932336,1723336
070,06,HARYANA,PANCHKULA,-0.032541330257593704,0.1301653210303579,0.1417301038062364,0.15378700499808312,75828.84675603564,0.066428780211949,-0.2069357939254133,0.2364628988850442,1145979
071,06,HARYANA,PANIPAT,-0.032541330257593676,0.15378700499801104,0.15999999999998146,0.1727950788158495,158943.14169581796,0.09537565215751169,-0.22145328719723184,0.24415224913494812,1670732
072,06,HARYANA,REWARI,-0.055363321799307294,0.13016532103033202,0.14173010380623738,0.1476970396001713,155857.634886501,0.07926399235140066,-0.19986159169550174,0.2364628988850442,1972079
073,06,HARYANA,ROHTAK,-0.035432525951557395,0.14769703960008862,0.15999999999998807,0.16633602460591357,207470.55673408805,0.0975962270991746,-0.19986159169550174,0.2599000384467512,2130843
074,06,HARYANA,SIRSA,-0.027128027681661615,0.13588619761625415,0.14769703960016192,0.160000000000017,536180.1935692198,0.09785817806653248,-0.2288965782391388,0.2599000384467512,5487960
075,06,HARYANA,SONIPAT,-0.041584006151480946,0.14769703960007968,0.1537870049979919,0.1663360246059246,261689.9551694517,0.09410945631053666,-0.186082276047674,0.2364628988850442,2786505
076,06,HARYANA,YAMUNANAGAR,-0.03254133025759347,0.13588619761635823,0.14769703960017638,0.1599999999999976,163647.52506427563,0.07371560649042205,-0.2069357939254133,0.2761399461745483,2225647
701,06,HARYANA,CHARKHI DADRI,-0.05173394848135432,0.15378700499801123,0.1663360246058863,0.17279507881585054,183959.81490073467,0.1047241243384302,-0.1929104190695886,0.2364628988850442,1761774
015,02,HIMACHAL PRADESH,BILASPUR,-0.1793771626298138,0.11374086889660201,0.12456747404845735,0.14173010380623807,54562.61266293279,0.03585082128507826,-0.2288965782391388,0.2288965782391388,1527049
016,02,HIMACHAL PRADESH,CHAMBA,-0.135886197616315,0.0842137639369587,0.10851211072665637,0.13016532103034803,-67532.69873173004,-0.007831884069653149,-0.28444444444444444,0.21413302575932336,8634536
017,02,HIMACHAL PRADESH,HAMIRPUR,-0.024605920799691653,0.1137408688965967,0.13016532103036985,0.1417301038062413,88434.43972019918,0.06054702397561221,-0.1929104190695886,0.2364628988850442,1464411
018,02,HIMACHAL PRADESH,KANGRA,-0.1599999999999759,0.11909265667053072,0.1358861976163299,0.153787004998087,280634.0634437396,0.037151663651262885,-0.24415224913494812,0.2519646289888504,7565612
020,02,HIMACHAL PRADESH,KULLU,-0.11909265667052231,0.10851211072666324,0.1358861976163241,0.15378700499803896,58684.203448335495,0.008147640162182642,-0.2761399461745483,0.24415224913494812,7211360
022,02,HIMACHAL PRADESH,MANDI,-0.11909265667052213,0.07535563244905791,0.09356401384083543,0.10851211072664946,-22324.043628673604,-0.004317573057225555,-0.2519646289888504,0.21413302575932336,5177402
023,02,HIMACHAL PRADESH,SHIMLA,-0.11909265667052016,0.05911572472126223,0.07972318339101014,0.10340638216070769,-140619.67339373624,-0.021056099527840502,-0.2519646289888504,0.19986159169550174,6689722
024,02,HIMACHAL PRADESH,SIRMAUR,-0.08421376393694574,0.1085121107266603,0.12456747404846318,0.13588619761630527,113398.56523497056,0.030954971326084307,-0.186082276047674,0.22145328719723184,3670428
025,02,HIMACHAL PRADESH,SOLAN,-0.06299115724721127,0.1085121107266619,0.12456747404846318,0.1358861976163005,100649.39645353536,0.03996530605493915,-0.16633602460592078,0.2364628988850442,2524974
026,02,HIMACHAL PRADESH,UNA,-0.05911572472126139,0.1358861976163461,0.14769703960017463,0.1600000000000023,140880.17521896807,0.0698266006799532,-0.21413302575932336,0.2599000384467512,2022495
019,02,HIMACHAL PRADESH,KINNAUR,-0.06299115724721117,0.13588619761634532,0.1476970396001757,0.16000000000000347,528782.8537820542,0.062147075124580384,-0.1929104190695886,0.24415224913494812,8518904
021,02,HIMACHAL PRADESH,LAHUL & SPITI,-0.01777777777777876,0.14173010380626955,0.15378700499801642,0.1727950788158507,1535894.212675412,0.08331021376268359,-0.14769703960015382,0.2519646289888504,18455211
,01,JAMMU & KASHMIR,MIRPUR,-0.17279507881584527,0.10340638216073182,0.11909265667052578,0.13016532103036763,133722.05874288757,0.02769674631899443,-0.2519646289888504,0.2519646289888504,4837249
,01,JAMMU & KASHMIR,MUZAFFARABAD,-0.1417301038062205,0.07111111111111829,0.10340638216072488,0.12456747404845901,-143764.20072133635,-0.022131559571791783,-0.2761399461745483,0.2069357939254133,6508506
010,01,JAMMU & KASHMIR,PUNCH,-0.1476970396001622,0.0482276047673988,0.06698961937716846,0.0888273740868828,-171105.05094292626,-0.030061674561987977,-0.28444444444444444,0.17937716262975778,5700333
001,01,JAMMU & KASHMIR,ANANTNAG,-0.1417301038062365,0.05536332179930397,0.07972318339101439,0.10340638216071776,-92112.8999223932,-0.0251728136866374,-0.29287197231833906,0.2069357939254133,3666744
003,01,JAMMU & KASHMIR,BARAMULA,-0.16000000000000086,0.016772151803547942,0.03690129744569867,0.06299115724721138,-143979.39645384767,-0.05183853024944049,-0.34602076124567477,0.17279507881584008,2783290
007,01,JAMMU & KASHMIR,KATHUA,-0.1476970396001674,0.11909265667053166,0.13588619761632176,0.15378700499808623,85745.68526938438,0.025918730980600973,-0.28444444444444444,0.2364628988850442,3314635
014,01,JAMMU & KASHMIR,UDHAMPUR,-0.15378700499808484,0.08882737408686628,0.11374086889660324,0.13588619761633552,-39833.238592600916,-0.013157662114859827,-0.31009611687812383,0.2364628988850442,3033474
002,01,JAMMU & KASHMIR,BADGAM,-0.22145328719723803,0.009644334079354474,0.025838309081116034,0.04822760476739745,-112149.39315076063,-0.06680841628273826,-0.39369473279507883,0.14769703960015382,1682823
623,01,JAMMU & KASHMIR,BANDIPURA,-0.15378700499808323,0.06698961937717338,0.08882737408688197,0.10851211072665302,-65218.098809023664,-0.011915607976214564,-0.34602076124567477,0.17937716262975778,5482179
626,01,JAMMU & KASHMIR,GANDERBAL,-0.13016532103037426,0.055363321799309494,0.0753556324490567,0.09842368319876826,-44215.305757907896,-0.020233930346134025,-0.2599000384467512,0.19986159169550174,2192068
622,01,JAMMU & KASHMIR,KULGAM,-0.19291041906957476,0.01384083044982738,0.03543252595155867,0.05911572472126336,-107151.1508122628,-0.06328561837559858,-0.3278123798539023,0.13588619761630144,1698369
008,01,JAMMU & KASHMIR,KUPWARA,-0.14769703960015965,0.013840830449826688,0.029773164167628284,0.04484429065743807,-177728.33605099082,-0.04788565430031061,-0.28444444444444444,0.14173010380622836,3717596
011,01,JAMMU & KASHMIR,PULWAMA,-0.13016532103036899,0.027128027681662184,0.041584006151481195,0.05536332179930935,-42384.580898512795,-0.03518836316288773,-0.24415224913494812,0.13016532103037293,1208381
012,01,JAMMU & KASHMIR,RAJAURI,-0.1358861976162966,0.08882737408687161,0.10851211072665573,0.12456747404845842,6248.069308101408,0.0017777458539580302,-0.28444444444444444,0.2069357939254133,3521026
621,01,JAMMU & KASHMIR,RAMBAN,-0.17279507881584757,0.03254133025759377,0.05536332179930644,0.07972318339100593,-89102.98393584984,-0.05184320121732785,-0.33685505574778934,0.1929104190695886,1722238
627,01,JAMMU & KASHMIR,RIASI,-0.1476970396001584,0.07111111111111822,0.09356401384082236,0.1137408688965728,-59305.09217597234,-0.02302356209251355,-0.2599000384467512,0.22145328719723184,2582725
625,01,JAMMU & KASHMIR,SHUPIYAN,-0.22145328719722512,-0.032541330257592815,-0.013014831292707878,0.005687656202058653,-62011.80968981136,-0.09151751316187276,-0.36472126105344094,0.13588619761630144,681043
013,01,JAMMU & KASHMIR,SRINAGAR,-0.24415224913495548,0.0068329837696810445,0.024605920799692732,0.04484429065743932,-22948.936997568482,-0.06061303442402869,-0.3553094963475586,0.13016532103037293,381957
620,01,JAMMU & KASHMIR,KISHTWAR,-0.11909265667052707,0.11374086889659338,0.13588619761633836,0.15378700499808368,208393.46347126403,0.019065916323147157,-0.2519646289888504,0.22145328719723184,10942149
004,01,JAMMU & KASHMIR,DODA,-0.15378700499808423,0.04484429065743907,0.07535563244905248,0.10340638216070337,-138840.36215395993,-0.04332791585383363,-0.3278123798539023,0.21413302575932336,3210495
624,01,JAMMU & KASHMIR,SAMBA,-0.02460592079969276,0.1358861976163494,0.14769703960017458,0.15999999999999898,95808.66313553689,0.0780415592472398,-0.2069357939254133,0.2519646289888504,1231705
005,01,JAMMU & KASHMIR,JAMMU,-0.044844290657438377,0.13016532103033993,0.14173010380622547,0.15378700499808123,211758.94554522313,0.06623358485076399,-0.1929104190695886,0.2364628988850442,3204791
322,20,JHARKHAND,BOKARO,-0.12456747404843989,0.038446751249521585,0.0629911572472112,0.08421376393694478,-93994.25785951994,-0.026781327301157728,-0.2364628988850442,0.1929104190695886,3518062
323,20,JHARKHAND,CHATRA,-0.0935640138408241,0.07972318339101668,0.09842368319877116,0.11374086889657349,53871.820338189435,0.011570697678808407,-0.2364628988850442,0.2069357939254133,4666877
325,20,JHARKHAND,DHANBAD,-0.14173010380622703,0.03254133025759253,0.051733948481352515,0.07535563244905953,-63057.705650144526,-0.025360655561836025,-0.2288965782391388,0.24415224913494812,2490976
324,20,JHARKHAND,DEOGHAR,-0.1301653210303727,0.004477379748581036,0.019930795847752127,0.038446751249519955,-148138.52386004172,-0.04865502151747562,-0.2288965782391388,0.19986159169550174,3050828
326,20,JHARKHAND,DUMKA,-0.12456747404844587,0.013840830449826855,0.029773164167627295,0.0517339484813542,-180150.84443057256,-0.03911474031132766,-0.24415224913494812,0.16633602460592078,4613615
328,20,JHARKHAND,GARHWA,-0.10340638216070867,0.06299115724721292,0.08421376393695378,0.10340638216070847,4818.177682878009,9.606239022851653E-4,-0.2761399461745483,0.21413302575932336,5023969
329,20,JHARKHAND,GIRIDIH,-0.11909265667051518,0.03254133025759264,0.05536332179930681,0.07972318339100787,-189233.3463162133,-0.031131413326594148,-0.24415224913494812,0.186082276047674,6087886
330,20,JHARKHAND,GODDA,-0.10851211072664646,0.04484429065745085,0.05536332179930742,0.07111111111111684,-42536.587137049246,-0.015148614394943765,-0.24415224913494812,0.2069357939254133,2814180
331,20,JHARKHAND,GUMLA,-0.1085121107266477,0.041584006151481265,0.0629911572472112,0.0842137639369485,-138759.80384472647,-0.021331076474789313,-0.2288965782391388,0.186082276047674,6516036
332,20,JHARKHAND,HAZARIBAGH,-0.10340638216070917,0.07535563244904461,0.0935640138408223,0.11374086889657416,14473.553212071452,0.0027298634650156388,-0.24415224913494812,0.21413302575932336,5315097
333,20,JHARKHAND,JAMTARA,-0.13016532103037223,0.008858131487890011,0.02460592079969079,0.04158400615148105,-95716.85390713312,-0.043349747473140965,-0.2364628988850442,0.15378700499807765,2214404
606,20,JHARKHAND,KHUNTI,-0.08421376393695193,0.0482276047673987,0.0629911572472112,0.0842137639369474,-14024.726155968207,-0.004387171015073202,-0.22145328719723184,0.16633602460592078,3204257
334,20,JHARKHAND,KODARMA,-0.10340638216070408,0.10851211072665974,0.1245674740484637,0.14173010380622417,30951.530181043414,0.015400736326840027,-0.24415224913494812,0.2069357939254133,2016064
335,20,JHARKHAND,LATEHAR,-0.08421376393694985,0.08421376393696217,0.10340638216072251,0.11909265667051948,68287.70731011096,0.01320244830568885,-0.2288965782391388,0.19986159169550174,5182155
336,20,JHARKHAND,LOHARDAGA,-0.09356401384082258,0.055363321799306045,0.0797231833910104,0.09842368319876404,-15750.203487506955,-0.008591156219464272,-0.2288965782391388,0.2069357939254133,1838361
337,20,JHARKHAND,PAKUR,-0.11909265667051723,0.019930795847752005,0.035432525951559164,0.051733948481352855,-76038.9498624633,-0.03441056626170458,-0.21413302575932336,0.21413302575932336,2216228
338,20,JHARKHAND,PALAMU,-0.10340638216070794,0.05536332179930386,0.07535563244904987,0.09842368319877139,-44861.56237203585,-0.008295700387693424,-0.2599000384467512,0.1929104190695886,5416996
343,20,JHARKHAND,WEST SINGHBHUM,-0.07972318339101267,0.06698961937717292,0.08421376393695866,0.10340638216071664,50565.967865000246,0.005796306924001069,-0.24415224913494812,0.1929104190695886,8734513
327,20,JHARKHAND,EAST SINGHBHUM,-0.08882737408688265,0.03844675124952188,0.059115724721264654,0.08421376393694661,-65879.79902443325,-0.015326418868196834,-0.2364628988850442,0.16633602460592078,4306723
607,20,JHARKHAND,RAMGARH,-0.09842368319877251,0.04484429065744156,0.06299115724721131,0.0842137639369476,-21246.231922976986,-0.012508014231846346,-0.2364628988850442,0.186082276047674,1705200
339,20,JHARKHAND,RANCHI,-0.10340638216071943,0.03844675124952186,0.05536332179930845,0.0753556324490568,-99832.17281724626,-0.01647254596368878,-0.2519646289888504,0.22145328719723184,6072574
340,20,JHARKHAND,SAHIBGANJ,-0.17279507881584374,0.059115724721264966,0.09356401384082498,0.1358861976162986,-20679.643478829552,-0.007663352398439205,-0.24415224913494812,0.2599000384467512,2704649
341,20,JHARKHAND,SARAIKELA-KHARSAWAN,-0.18608227604767694,0.041584006151481216,0.06299115724721123,0.08882737408688414,-49255.954137024935,-0.015289923242392034,-0.24415224913494812,0.186082276047674,3228630
342,20,JHARKHAND,SIMDEGA,-0.08421376393695386,0.06299115724722168,0.07972318339101392,0.09842368319876874,21034.826991600457,0.004604790028066016,-0.24415224913494812,0.17937716262975778,4575865
524,29,KARNATAKA,BAGALKOT,-0.1860822760476846,0.013840830449826341,0.032541330257592885,0.059115724721263564,-342604.956811614,-0.04492841511586749,-0.2599000384467512,0.2069357939254133,7637876
528,29,KARNATAKA,BALLARI,-0.16633602460592495,-0.0026438497759332653,0.024605920799692715,0.06698961937716548,-676471.0231951873,-0.06905061991243878,-0.2519646289888504,0.2288965782391388,9811668
527,29,KARNATAKA,BELAGAVI,-0.14173010380622708,0.008858131487889935,0.029773164167628777,0.05173394848134999,-744536.9255662324,-0.047643571927932574,-0.2519646289888504,0.186082276047674,15647841
526,29,KARNATAKA,BENGALURU RURAL,-0.18608227604769684,-0.06698961937716749,-0.0482276047673947,-0.019930795847750926,-315115.0305494918,-0.11941953375022825,-0.2761399461745483,0.14173010380622836,2647699
525,29,KARNATAKA,BENGALURU URBAN,-0.1860822760476921,-0.02460592079969325,-0.004496035683292823,0.019930795847750798,-244313.83225093258,-0.09698303413787895,-0.2761399461745483,0.17279507881584008,2525378
529,29,KARNATAKA,BIDAR,-0.13588619761629664,-0.004502375156722615,0.012056901191848622,0.029773164167628065,-336445.60049881384,-0.052582225190309397,-0.2519646289888504,0.14173010380622836,6408943
531,29,KARNATAKA,CHAMARAJANAGAR,-0.1793771626297867,0.029773164167628915,0.0517339484813491,0.07535563244905555,-413966.2540179051,-0.06413984673363074,-0.2599000384467512,0.17937716262975778,6464990
630,29,KARNATAKA,CHIK BALLAPUR,-0.17937716262978276,-0.04822760476740056,-0.0222068435217208,0.006818239136244345,-530679.0622285416,-0.10874942306835576,-0.3014225297962323,0.1929104190695886,4888990
532,29,KARNATAKA,CHIKKAMAGALURU,-0.14769703960016045,0.019930795847753167,0.03844675124952168,0.06299115724721124,-396024.59449289436,-0.0478350907712331,-0.2519646289888504,0.186082276047674,8290158
533,29,KARNATAKA,CHITRADURGA,-0.17937716262978015,-0.0354325259515562,-0.012056901191848858,0.015747789311802887,-905983.2522324027,-0.09316270883066512,-0.31009611687812383,0.17937716262975778,9737571
534,29,KARNATAKA,DAKSHINA KANNADA,-0.09356401384082597,0.051733948481345805,0.0669896193771703,0.08421376393694467,-20953.150195588736,-0.003761810616507789,-0.2599000384467512,0.2519646289888504,5579048
535,29,KARNATAKA,DAVANGERE,-0.16000000000000583,-0.015747789311802814,0.008858131487889147,0.03844675124951908,-520284.2020200752,-0.07611054168263162,-0.2761399461745483,0.17279507881584008,6847089
536,29,KARNATAKA,DHARWAD,-0.12456747404845736,0.019930795847752515,0.0415840061514812,0.06299115724721123,-183133.29217881762,-0.03710014683372007,-0.24415224913494812,0.16633602460592078,4944779
537,29,KARNATAKA,GADAG,-0.1301653210303608,-0.006844263323379966,0.01039600153787027,0.03254133025759235,-291731.0140799434,-0.05402747601103337,-0.2599000384467512,0.1929104190695886,5409858
539,29,KARNATAKA,HASSAN,-0.16633602460592486,-0.01777777777777932,8.959063436069633E-4,0.022206843521721684,-593067.7620401526,-0.07587222522595498,-0.2761399461745483,0.17937716262975778,7828705
540,29,KARNATAKA,HAVERI,-0.14173010380622217,-0.002648671090301896,0.01777777777777835,0.04158400615148106,-341945.6112830317,-0.061346409003730416,-0.2519646289888504,0.16633602460592078,5582700
538,29,KARNATAKA,KALABURAGI,-0.13016532103035502,-0.015747789311802797,0.0044790728108922186,0.032541330257593315,-830254.490567656,-0.06476955834020641,-0.2599000384467512,0.1929104190695886,12835141
541,29,KARNATAKA,KODAGU,-0.1476970396001611,-0.002651551606355585,0.01574778931180282,0.03844675124951944,-285606.83255524567,-0.06083098207064957,-0.24415224913494812,0.16000000000000003,4703960
542,29,KARNATAKA,KOLAR,-0.19291041906959386,-0.06698961937717078,-0.04158400615148115,-0.010396001537870146,-553529.6644550246,-0.12119032385955043,-0.3188927335640138,0.16633602460592078,4576751
543,29,KARNATAKA,KOPPAL,-0.15378700499808784,-0.013840830449826523,0.008858131487889437,0.04822760476739652,-439347.74454670865,-0.06799973440939175,-0.2519646289888504,0.2069357939254133,6471180
544,29,KARNATAKA,MANDYA,-0.1793771626297879,-0.038446751249521134,-0.017777777777778156,0.010396001537870129,-535433.9279318715,-0.09417899468327279,-0.29287197231833906,0.16633602460592078,5695228
545,29,KARNATAKA,MYSURU,-0.1860822760476892,-0.006838671171957291,0.022206843521721933,0.05173394848134898,-632173.2466507676,-0.08761767604752296,-0.2679584775086506,0.17937716262975778,7227650
546,29,KARNATAKA,RAICHUR,-0.13588619761630288,-0.019930795847752803,-9.386410725043247E-4,0.02220684352172216,-658144.4731348619,-0.0670284398143124,-0.2761399461745483,0.17279507881584008,9829398
631,29,KARNATAKA,RAMANAGARAM,-0.18608227604769903,-0.022206843521721156,0.010396001537870214,0.04158400615148104,-400726.28264346265,-0.09954985102256456,-0.29287197231833906,0.15378700499807765,4034113
547,29,KARNATAKA,SHIVAMOGGA,-0.1537870049980828,0.03543252595155484,0.05536332179930389,0.07535563244905118,-357979.1709984158,-0.03664729989049643,-0.2599000384467512,0.2288965782391388,9782492
548,29,KARNATAKA,TUMAKURU,-0.17937716262976558,-0.04158400615147328,-0.024605920799692392,0.002634831050991558,-1182562.4773262138,-0.09705657036072822,-0.2761399461745483,0.16000000000000003,12204538
549,29,KARNATAKA,UDUPI,-0.08882737408688968,0.06299115724721471,0.07535563244904385,0.09356401384082352,26465.74264293437,0.006426637779784464,-0.2599000384467512,0.2599000384467512,4125180
550,29,KARNATAKA,UTTARA KANNADA,-0.13588619761629975,0.07111111111111505,0.08421376393695927,0.103406382160719,49519.264363219525,0.004168819476743806,-0.2599000384467512,0.2288965782391388,11893283
530,29,KARNATAKA,VIJAYAPURA,-0.13588619761630205,-0.012056901191849318,0.0044801008041580465,0.02460592079969228,-763825.2180502783,-0.062357947785352884,-0.2599000384467512,0.186082276047674,12262243
635,29,KARNATAKA,YADGIR,-0.13588619761630874,-0.010396001537870302,0.008858131487889472,0.035432525951558325,-377092.763784046,-0.06131592868906429,-0.2519646289888504,0.17279507881584008,6160245
554,32,KERALA,ALAPPUZHA,-0.25196462898884486,0.025873873804101645,0.05173394848135289,0.07111111111111097,-88633.22455926088,-0.05504070812898262,-0.31009611687812383,0.2069357939254133,1615612
555,32,KERALA,ERNAKULAM,-0.22889657823913984,0.012955679931612382,0.03254133025759316,0.05173394848135147,-184169.71919552557,-0.052991094391628475,-0.3014225297962323,0.2069357939254133,3482949
556,32,KERALA,IDUKKI,-0.1599999999999944,0.012056901191849026,0.02977316416762851,0.04822760476739378,-285723.9262634341,-0.05778224665678459,-0.2519646289888504,0.17937716262975778,4955513
557,32,KERALA,KANNUR,-0.11909265667051366,0.05911572472125238,0.07111111111111901,0.08421376393694897,10242.726513369267,0.003020483570304472,-0.2679584775086506,0.21413302575932336,3397343
558,32,KERALA,KASARAGOD,-0.09356401384082956,0.06698961937717193,0.07972318339101396,0.09356401384082387,30898.63196244469,0.013541647280457916,-0.2599000384467512,0.2288965782391388,2288384
559,32,KERALA,KOLLAM,-0.23646289888505673,0.005731028676277878,0.02582891879731167,0.04158400615148105,-165935.03201265517,-0.059006310413296896,-0.3014225297962323,0.19986159169550174,2818601
560,32,KERALA,KOTTAYAM,-0.21413302575932944,0.01039600153787028,0.029773164167626664,0.05173394848135287,-128334.18943088749,-0.05130077374951843,-0.29287197231833906,0.1929104190695886,2507427
561,32,KERALA,KOZHIKODE,-0.1301653210303692,0.04822760476739538,0.06299115724721117,0.07535563244905413,-26827.878128319717,-0.01001444766047933,-0.2599000384467512,0.2364628988850442,2684454
562,32,KERALA,MALAPPURAM,-0.13588619761629891,0.03254133025758897,0.04822760476739741,0.06698961937716437,-96113.26792931287,-0.023727641725390106,-0.28444444444444444,0.186082276047674,4058183
563,32,KERALA,PALAKKAD,-0.13588619761630383,0.04158400615148125,0.0669896193771664,0.08882737408689237,-152771.42318412292,-0.029940766603644774,-0.2679584775086506,0.2069357939254133,5112539
564,32,KERALA,PATTANAMTHITTA,-0.16000000000001724,0.012056901191849205,0.03254133025759317,0.055363321799307544,-169875.2789049653,-0.05655518720837145,-0.29287197231833906,0.2069357939254133,3011006
565,32,KERALA,THIRUVANANTHAPURAM,-0.14769703960015643,0.012947259717157182,0.029773164167626757,0.048227604767395064,-112547.61033267026,-0.04537588378439718,-0.3188927335640138,0.2069357939254133,2485730
566,32,KERALA,TRISSUR,-0.1301653210303733,0.04158400615148125,0.05911572472126466,0.07972318339100704,-67706.8479812014,-0.019648613347490598,-0.28444444444444444,0.17279507881584008,3453173
567,32,KERALA,WAYANAD,-0.1537870049980857,-9.302425999961548E-4,0.013840830449827061,0.029773164167628496,-144319.7806499964,-0.05930872315254134,-0.2679584775086506,0.16000000000000003,2438701
009,37,LADAKH,LEH,-0.07535563244906113,0.13016532103032494,0.14769703960011815,0.16633602460584676,1.1071166844902677E7,0.05283480915373673,-0.29287197231833906,0.2519646289888504,209611635
006,37,LADAKH,KARGIL,-0.04822760476739924,0.12456747404847704,0.14173010380623635,0.15378700499807607,1142157.1397352607,0.05990555544228236,-0.21413302575932336,0.2288965782391388,19084969
553,31,LAKSHADWEEP,LAKSHADWEEP,-0.17279507881584014,0.0984236831987699,0.1085121107266435,0.11909265667051132,789.0418315730813,0.025051145734065146,-0.21413302575932336,0.19986159169550174,33702
667,23,MADHYA PRADESH,AGAR MALWA,-0.08421376393694788,0.09356401384085794,0.10340638216073061,0.11374086889657689,109294.23433575308,0.03278622633023244,-0.2364628988850442,0.19986159169550174,3340865
639,23,MADHYA PRADESH,ALIRAJPUR,-0.06698961937716229,0.0753556324490461,0.0935640138408225,0.10851211072663965,89053.28833084503,0.022141892708644112,-0.2364628988850442,0.1929104190695886,4031207
390,23,MADHYA PRADESH,ANUPPUR,-0.08421376393694449,0.051733948481346645,0.07111111111111713,0.08882737408688077,-6898.003021124717,-0.001506743308205461,-0.2364628988850442,0.2761399461745483,4589056
391,23,MADHYA PRADESH,ASHOKNAGAR,-0.08421376393694835,0.10340638216074033,0.11374086889657872,0.12456747404845327,282297.03419316054,0.04855260000945555,-0.2288965782391388,0.19986159169550174,5822740
392,23,MADHYA PRADESH,BALAGHAT,-0.07972318339100744,0.08421376393696399,0.09842368319875629,0.11909265667052027,252154.6294028784,0.022659107988479123,-0.2364628988850442,0.1929104190695886,11141974
393,23,MADHYA PRADESH,BARWANI,-0.07111111111111343,0.06698961937717436,0.0797231833910152,0.09842368319876603,94509.48870746286,0.014478721700375494,-0.24415224913494812,0.2288965782391388,6536978
394,23,MADHYA PRADESH,BETUL,-0.04158400615148111,0.10851211072666685,0.12456747404846996,0.13588619761631057,646758.6547782767,0.05346748070556824,-0.2519646289888504,0.2069357939254133,12110448
395,23,MADHYA PRADESH,BHIND,-0.04822760476739512,0.11374086889657173,0.11909265667053262,0.13016532103036377,362324.99429953186,0.06516767810581382,-0.2519646289888504,0.2288965782391388,5571431
396,23,MADHYA PRADESH,BHOPAL,-0.07535563244905928,0.1085121107266635,0.1190926566705238,0.1301653210303612,172482.55484270243,0.051225307364515964,-0.2679584775086506,0.2069357939254133,3374356
397,23,MADHYA PRADESH,BURHANPUR,-0.05911572472126385,0.10851211072666603,0.13016532103034562,0.147697039600167,162502.23789637035,0.042019735022524825,-0.2519646289888504,0.24415224913494812,3873783
398,23,MADHYA PRADESH,CHHATARPUR,-0.07535563244905805,0.10340638216074226,0.11909265667053037,0.13016532103035294,488149.79237936804,0.045761092387246925,-0.28444444444444444,0.21413302575932336,10687142
399,23,MADHYA PRADESH,CHHINDWARA,-0.04484429065743801,0.10340638216074036,0.11909265667053034,0.13016532103035391,685962.9728384758,0.04818724160915486,-0.2364628988850442,0.21413302575932336,14251129
400,23,MADHYA PRADESH,DAMOH,-0.0797231833910106,0.09842368319878043,0.10851211072663022,0.11909265667052635,304104.23183161474,0.03412946227720891,-0.2519646289888504,0.2364628988850442,8922849
401,23,MADHYA PRADESH,DATIA,-0.06299115724721152,0.10340638216073796,0.10851211072666238,0.11909265667052342,174121.4719329761,0.052297243893798015,-0.24415224913494812,0.21413302575932336,3340498
402,23,MADHYA PRADESH,DEWAS,-0.041584006151480994,0.10851211072661122,0.11909265667053219,0.13016532103034467,515752.55924332916,0.06074398150721626,-0.24415224913494812,0.2069357939254133,8505726
403,23,MADHYA PRADESH,DHAR,-0.06698961937716244,0.0797231833909749,0.0888273740868966,0.10340638216072622,287929.6229534747,0.02921415036558639,-0.24415224913494812,0.21413302575932336,9867234
404,23,MADHYA PRADESH,DINDORI,-0.07111111111111648,0.0711111111111194,0.08882737408688511,0.1034063821607161,88072.42494954122,0.012649404349297774,-0.2288965782391388,0.1929104190695886,6974940
405,23,MADHYA PRADESH,EAST NIMAR,-0.2141330257593078,0.10851211072663067,0.12456747404847218,0.13588619761632822,257597.8572920882,0.0286518595686245,-0.2599000384467512,0.2069357939254133,9002549
406,23,MADHYA PRADESH,GUNA,-0.0711111111111139,0.10851211072665373,0.11909265667053272,0.13016532103035044,349727.65376949206,0.04467038428316407,-0.2288965782391388,0.2069357939254133,7842335
407,23,MADHYA PRADESH,GWALIOR,-0.07972318339101113,0.1034063821607406,0.11374086889660644,0.12456747404846415,191004.1310661543,0.033707880903717506,-0.2599000384467512,0.2519646289888504,5674029
408,23,MADHYA PRADESH,HARDA,-0.02460592079969258,0.11374086889656343,0.12456747404847249,0.1417301038062107,307777.2086202574,0.07637758095366802,-0.2364628988850442,0.21413302575932336,4035848
409,23,MADHYA PRADESH,HOSHANGABAD,-0.10851211072664525,0.10340638216074169,0.11374086889660363,0.12456747404846184,416849.16476294753,0.05156395725778554,-0.24415224913494812,0.2069357939254133,8095645
410,23,MADHYA PRADESH,INDORE,-0.05173394848135062,0.10340638216074086,0.113740868896581,0.11909265667052404,236803.45870727932,0.050070031490323005,-0.2364628988850442,0.186082276047674,4738802
411,23,MADHYA PRADESH,JABALPUR,-0.06698961937716358,0.07972318339101872,0.0935640138408317,0.10851211072664502,196291.2680864549,0.03172540200817553,-0.2364628988850442,0.19986159169550174,6198352
412,23,MADHYA PRADESH,JHABUA,-0.059115724721263314,0.07111111111112013,0.08421376393695851,0.09842368319877388,99779.89191416083,0.023913675108097533,-0.2364628988850442,0.2364628988850442,4179358
413,23,MADHYA PRADESH,KATNI,-0.09356401384082591,0.07111111111112003,0.08421376393696067,0.09842368319877058,85615.58089768759,0.013890869506371608,-0.24415224913494812,0.1929104190695886,6175594
415,23,MADHYA PRADESH,MANDLA,-0.08882737408688679,0.08421376393696686,0.1034063821607271,0.11909265667051615,235278.10602762797,0.02589189379655306,-0.2288965782391388,0.2364628988850442,9100880
416,23,MADHYA PRADESH,MANDSAUR,-0.1998615916956475,0.0888273740868731,0.09842368319875382,0.11374086889657632,176120.25090612433,0.025942610592083123,-0.24415224913494812,0.22145328719723184,6799773
417,23,MADHYA PRADESH,MORENA,-0.09356401384083055,0.11909265667053735,0.12456747404847734,0.13588619761633056,299907.4698543977,0.048287771945735365,-0.2599000384467512,0.2519646289888504,6223463
418,23,MADHYA PRADESH,NARSHIMAPURA,-0.038446751249519934,0.09356401384086131,0.10851211072665617,0.11909265667051434,287609.74399770313,0.04619853037223459,-0.2288965782391388,0.2069357939254133,6236392
419,23,MADHYA PRADESH,NIMACH,-0.1998615916957025,0.09356401384086234,0.10340638216073009,0.11374086889658627,97659.9263813039,0.01855957483934547,-0.2761399461745483,0.2069357939254133,5274602
420,23,MADHYA PRADESH,PANNA,-0.09356401384082295,0.08421376393696922,0.09356401384085233,0.10851211072665178,132045.4481611694,0.015176011721350502,-0.24415224913494812,0.19986159169550174,8717597
421,23,MADHYA PRADESH,RAISEN,-0.05173394848135415,0.09842368319874101,0.1137408688965908,0.12456747404845755,494207.7224338306,0.047996178526531784,-0.2599000384467512,0.2069357939254133,10312010
422,23,MADHYA PRADESH,RAJGARH,-0.07972318339100656,0.10851211072661511,0.11909265667053465,0.1301653210303415,352786.10522655025,0.04687542463945232,-0.2364628988850442,0.2069357939254133,7535187
423,23,MADHYA PRADESH,RATLAM,-0.0482276047673973,0.09842368319872806,0.108512110726666,0.11909265667052726,293374.1893772667,0.0496437044873324,-0.2519646289888504,0.2069357939254133,5920371
424,23,MADHYA PRADESH,REWA,-0.12456747404844996,0.07111111111111665,0.08421376393696381,0.09842368319876849,43456.623595345765,0.005614986227623494,-0.2519646289888504,0.19986159169550174,7751995
425,23,MADHYA PRADESH,SAGAR,-0.055363321799309,0.10851211072665574,0.12456747404847214,0.13588619761633322,722173.4741612969,0.05763772882935038,-0.24415224913494812,0.2519646289888504,12549508
426,23,MADHYA PRADESH,SATNA,-0.17279507881584436,0.07972318339100865,0.08882737408687047,0.10340638216072012,111795.60759217505,0.012110734427084094,-0.2519646289888504,0.21413302575932336,9250027
427,23,MADHYA PRADESH,SEHORE,-0.044844290657438314,0.10851211072663339,0.11909265667053193,0.12456747404846756,478201.97953092866,0.06004946183704444,-0.2599000384467512,0.2069357939254133,7979648
428,23,MADHYA PRADESH,SEONI,-0.07535563244905737,0.09842368319876175,0.1085121107266454,0.12456747404846102,388875.3785225969,0.03677876732856627,-0.2519646289888504,0.22145328719723184,10587279
429,23,MADHYA PRADESH,SHAHDOL,-0.1727950788158434,0.04822760476739716,0.06698961937716788,0.08421376393694752,-79355.23379792261,-0.011465222970220275,-0.2519646289888504,0.21413302575932336,6933487
430,23,MADHYA PRADESH,SHAJAPUR,-0.0517339484813509,0.10851211072662928,0.11909265667053112,0.12456747404846714,239847.13610414305,0.05695570051423398,-0.2288965782391388,0.1929104190695886,4219787
431,23,MADHYA PRADESH,SHEOPUR,-0.10851211072665277,0.08421376393696434,0.09842368319876564,0.1190926566705202,106875.20155226959,0.013056576337323779,-0.24415224913494812,0.21413302575932336,8196536
432,23,MADHYA PRADESH,SHIVPURI,-0.09356401384082536,0.09842368319874763,0.10851211072665251,0.12456747404846295,355173.8253668407,0.02796332763674633,-0.28444444444444444,0.22145328719723184,12718231
433,23,MADHYA PRADESH,SIDHI,-0.08421376393694828,0.0711111111111195,0.08882737408687964,0.10340638216071388,103119.1941346497,0.017641937537782152,-0.2364628988850442,0.19986159169550174,5855562
638,23,MADHYA PRADESH,SINGRAULI,-0.09356401384082673,0.07111111111111967,0.08882737408689165,0.10851211072664468,64221.10387982863,0.009101050753607247,-0.2679584775086506,0.21413302575932336,7066555
434,23,MADHYA PRADESH,TIKAMGARH,-0.08882737408688947,0.10340638216074141,0.1137408688965965,0.12456747404845811,212037.42889510698,0.0462896391995216,-0.2519646289888504,0.21413302575932336,4588875
435,23,MADHYA PRADESH,UJJAIN,-0.02977316416762764,0.10340638216074403,0.11374086889658305,0.11909265667052646,464126.05893096793,0.06257007630465,-0.22145328719723184,0.19986159169550174,7431237
436,23,MADHYA PRADESH,UMARIA,-0.08421376393694725,0.07535563244906052,0.08882737408688231,0.10340638216071242,106990.93823765352,0.019189198567509447,-0.24415224913494812,0.21413302575932336,5584765
437,23,MADHYA PRADESH,VIDISHA,-0.041584006151481036,0.10340638216074334,0.11374086889659409,0.12456747404846123,541938.1102576208,0.060778139316416464,-0.2519646289888504,0.19986159169550174,8929692
414,23,MADHYA PRADESH,WEST NIMAR,-0.07972318339100504,0.06698961937717446,0.08421376393695597,0.10340638216071732,139035.87638564323,0.014392554488216216,-0.2364628988850442,0.19986159169550174,9673296
722,23,MADHYA PRADESH,NIVARI,-0.09356401384083168,0.08882737408687699,0.0984236831987659,0.1085121107266484,50278.137473183255,0.030816989871089547,-0.2599000384467512,0.2069357939254133,1640914
466,27,MAHARASHTRA,AHAMADNAGAR,-0.09842368319877211,0.044844290657451075,0.06299115724722046,0.0842137639369554,-192256.49080985732,-0.009507488082373188,-0.2519646289888504,0.19986159169550174,20247712
467,27,MAHARASHTRA,AKOLA,-0.07535563244904822,0.03844675124952001,0.05911572472125745,0.08421376393695847,-59741.151965703684,-0.009195625717676714,-0.24415224913494812,0.19986159169550174,6508098
468,27,MAHARASHTRA,AMARAVATI,-0.07972318339101239,0.10851211072661583,0.1301653210303219,0.1476970396001512,233217.0467870884,0.015955420073397848,-0.24415224913494812,0.21413302575932336,14634927
469,27,MAHARASHTRA,AURANGABAD,-0.08421376393694749,0.0325413302575891,0.05173394848134828,0.07535563244905422,-145246.31738756513,-0.012070210988501683,-0.2364628988850442,0.1929104190695886,12049449
471,27,MAHARASHTRA,BHANDARA,-0.14769703960015496,0.06698961937717178,0.0842137639369576,0.10340638216071643,15748.898882282765,0.003180156798818751,-0.24415224913494812,0.186082276047674,4961610
470,27,MAHARASHTRA,BID,-0.08421376393694717,0.032541330257589804,0.04822760476739912,0.06299115724721123,-175202.53413733377,-0.013985888717571717,-0.24415224913494812,0.1929104190695886,12544794
472,27,MAHARASHTRA,BULDHANA,-0.07111111111111697,0.05536332179930769,0.07535563244905143,0.09842368319876865,10369.692689302794,8.927118952616202E-4,-0.24415224913494812,0.2069357939254133,11630150
473,27,MAHARASHTRA,CHANDRAPUR,-0.09842368319876885,0.07972318339098408,0.09356401384086503,0.10851211072665537,-32627.41054973902,-0.0024137457792998106,-0.2599000384467512,0.19986159169550174,13530633
474,27,MAHARASHTRA,DHULE,-0.11374086889659309,0.03543252595155542,0.051733948481347755,0.07111111111111552,-227763.8934511113,-0.026466560818622878,-0.24415224913494812,0.2069357939254133,8617611
475,27,MAHARASHTRA,GADCHIROLI,-0.07111111111111558,0.113740868896575,0.13016532103033923,0.14769703960016972,787665.8231787771,0.04574269659507511,-0.2519646289888504,0.2679584775086506,17237884
476,27,MAHARASHTRA,GONDIA,-0.1245674740484432,0.09356401384085315,0.11374086889659484,0.1358861976163095,130551.3432637889,0.021037652146955108,-0.2519646289888504,0.21413302575932336,6215661
477,27,MAHARASHTRA,HINGOLI,-0.11909265667051089,0.03844675124951865,0.051733948481348074,0.06698961937716434,-57576.16812891266,-0.010305369867031977,-0.24415224913494812,0.1929104190695886,5596711
478,27,MAHARASHTRA,JALGAON,-0.09356401384082333,0.059115724721258776,0.07972318339101457,0.10340638216072505,-81389.35746297463,-0.005773140344819014,-0.2519646289888504,0.24415224913494812,14113319
479,27,MAHARASHTRA,JALNA,-0.07111111111111658,0.03844675124951819,0.05536332179930493,0.0711111111111154,-41782.08678743984,-0.004584387987539031,-0.2599000384467512,0.19986159169550174,9127228
480,27,MAHARASHTRA,KOLHAPUR,-0.1301653210303713,0.02977316416762978,0.05173394848134829,0.07535563244905179,-262238.58756179886,-0.0293218315738484,-0.24415224913494812,0.186082276047674,8961350
481,27,MAHARASHTRA,LATUR,-0.09842368319876875,0.029773164167631972,0.044844290657446016,0.059115724721261066,-184553.933540434,-0.02176306289776068,-0.24415224913494812,0.16633602460592078,8490449
482,27,MAHARASHTRA,MUMBAI CITY,-0.03254133025759325,0.09842368319877214,0.113740868896581,0.12456747404844296,3925.277413724243,0.05202264134045459,-0.16000000000000003,0.19986159169550174,76546
484,27,MAHARASHTRA,NAGPUR,-0.1476970396001548,0.07111111111111543,0.09356401384085415,0.11374086889659082,53280.68422239947,0.004495098768459817,-0.2761399461745483,0.22145328719723184,11865192
485,27,MAHARASHTRA,NANDED,-0.08421376393695323,0.055363321799306246,0.07972318339101296,0.1137408688965747,-35309.328170513036,-0.002835762474239606,-0.24415224913494812,0.21413302575932336,12472028
486,27,MAHARASHTRA,NANDURBAR,-0.0888273740868849,0.0711111111111189,0.08882737408687469,0.11374086889658021,45635.967856631905,0.006383134418819681,-0.2364628988850442,0.2519646289888504,7163183
487,27,MAHARASHTRA,NASHIK,-0.10340638216072512,0.05911572472125478,0.07972318339101288,0.09842368319876516,-73213.7870268554,-0.0039640517813120954,-0.24415224913494812,0.21413302575932336,18486361
488,27,MAHARASHTRA,USMANABAD,-0.10851211072665357,0.032541330257587084,0.048227604767395495,0.06698961937716748,-192116.7690352699,-0.021562170372670525,-0.2519646289888504,0.186082276047674,8925215
665,27,MAHARASHTRA,PALGHAR,-0.11374086889657885,0.0984236831987613,0.11909265667051919,0.14173010380623166,152229.3873382091,0.024328856313880237,-0.2599000384467512,0.2364628988850442,6266083
489,27,MAHARASHTRA,PARBHANI,-0.07535563244905819,0.035432525951557214,0.048227604767399325,0.06299115724721122,-51740.34811227978,-0.0069329847374294245,-0.24415224913494812,0.186082276047674,7474260
490,27,MAHARASHTRA,PUNE,-0.13588619761630336,0.06299115724722572,0.08421376393696303,0.10340638216072534,-60395.91836575343,-0.0032746696348176676,-0.24415224913494812,0.2679584775086506,18462996
491,27,MAHARASHTRA,RAYGAD,-0.13016532103037412,0.10851211072666102,0.13016532103036121,0.14769703960016375,239194.0839076849,0.029082045515055072,-0.2519646289888504,0.2519646289888504,8238352
492,27,MAHARASHTRA,RATNAGIRI,-0.07111111111110971,0.11374086889660054,0.12456747404846803,0.1417301038062291,449868.813777539,0.046363177801650696,-0.24415224913494812,0.2519646289888504,9717129
493,27,MAHARASHTRA,SANGLI,-0.13016532103036388,-0.002650407381803574,0.013840830449826967,0.03844675124951975,-524486.3125472603,-0.05213436412199741,-0.29287197231833906,0.1929104190695886,10078127
494,27,MAHARASHTRA,SATARA,-0.1301653210303674,0.038446751249516437,0.06299115724721262,0.08421376393695577,-316829.37959499843,-0.025789102130959165,-0.2761399461745483,0.1929104190695886,12298534
495,27,MAHARASHTRA,SINDHUDURG,-0.10851211072664738,0.0935640138408365,0.11374086889658208,0.1301653210303718,136564.41149059523,0.02298844573504777,-0.2364628988850442,0.21413302575932336,5951789
496,27,MAHARASHTRA,SOLAPUR,-0.12456747404845328,0.013840830449825986,0.02977316416762972,0.04822760476739464,-682649.3868388479,-0.03915786340457537,-0.2519646289888504,0.1929104190695886,17457025
483,27,MAHARASHTRA,SUB URBAN MUMBAI,-0.20693579392539577,0.08882737408688945,0.11374086889657604,0.1358861976163021,8971.97576219819,0.01758296646548463,-0.24415224913494812,0.22145328719723184,512479
497,27,MAHARASHTRA,THANE,-0.1793771626297538,0.10340638216073049,0.1245674740484628,0.14173010380622808,87051.48333715012,0.017200958653195684,-0.24415224913494812,0.2288965782391388,5069267
498,27,MAHARASHTRA,WARDHA,-0.09356401384082944,0.0669896193771718,0.09356401384085386,0.11909265667052613,-10346.596999608986,-0.0013733329600332828,-0.2519646289888504,0.1929104190695886,7543509
499,27,MAHARASHTRA,WASHIM,-0.07111111111111246,0.04484429065744952,0.05911572472126168,0.07972318339100873,-17298.560367875463,-0.002831534797370213,-0.2364628988850442,0.186082276047674,6120783
500,27,MAHARASHTRA,YAVATMAL,-0.08882737408688605,0.0711111111111192,0.09842368319875956,0.1190926566705193,-65429.3974912148,-0.004050192004197242,-0.2519646289888504,0.22145328719723184,16172960
252,14,MANIPUR,BISHNUPUR,-0.22145328719724355,0.017777777777778555,0.032541330257591865,0.05173394848135385,-33474.6147730015,-0.05681558640413798,-0.3014225297962323,0.1929104190695886,592328
253,14,MANIPUR,CHANDEL,-0.11909265667052069,0.03543252595155838,0.05173394848134886,0.06698961937716229,-70152.86768770918,-0.029080277180646746,-0.19986159169550174,0.15378700499807765,2417211
254,14,MANIPUR,CHURACHANDPUR,-0.11909265667051849,0.04158400615148127,0.05911572472126499,0.07111111111111526,-74845.82572190593,-0.0250995081952507,-0.21413302575932336,0.16000000000000003,2987741
256,14,MANIPUR,IMPHAL WEST,-0.11909265667051366,0.03543252595155975,0.048227604767394586,0.05911572472126241,-13339.264515516568,-0.02226122768514285,-0.24415224913494812,0.14173010380622836,603204
255,14,MANIPUR,IMPHAL EAST,-0.10851211072664055,0.024605920799690748,0.03844675124952082,0.05536332179930645,-12856.93419418875,-0.024154147201429804,-0.186082276047674,0.16000000000000003,535890
713,14,MANIPUR,JIRIBAM,-0.07972318339100475,0.05911572472126411,0.07535563244905967,0.08882737408688966,506.2934339281494,0.0013970035583269877,-0.16000000000000003,0.14173010380622836,365087
260,14,MANIPUR,UKHRUL,-0.11374086889657314,0.03543252595155643,0.05173394848134848,0.06698961937716509,-72304.8192085395,-0.02802873141690637,-0.186082276047674,0.14769703960015382,2585246
257,14,MANIPUR,SENAPATI,-0.11909265667051212,0.03543252595155647,0.051733948481348296,0.07111111111111461,-64392.441090802124,-0.029790601819179474,-0.2069357939254133,0.16633602460592078,2166467
258,14,MANIPUR,TAMENGLONG,-0.1034063821607123,0.05173394848134693,0.06698961937716848,0.08421376393695035,-52601.40076077567,-0.014153165353332945,-0.1929104190695886,0.17279507881584008,3724282
259,14,MANIPUR,THOUBAL,-0.12456747404843872,0.022206843521721073,0.041584006151480904,0.07535563244905884,-14374.864202041173,-0.029780443570379542,-0.2761399461745483,0.1929104190695886,485328
717,14,MANIPUR,KAMJONG,-0.0984236831987684,0.06299115724721116,0.07535563244904671,0.09356401384082413,-20648.239552155163,-0.007048375746231979,-0.19986159169550174,0.17937716262975778,2934321
714,14,MANIPUR,NONEI,-0.10340638216070405,0.05536332179930837,0.07111111111111536,0.08882737408688966,-20083.280733222095,-0.01387079471131502,-0.1929104190695886,0.1929104190695886,1452211
715,14,MANIPUR,PHERZAWL,-0.09356401384082319,0.06299115724721112,0.07972318339101259,0.09356401384082447,-7407.777977400128,-0.0028194939656335993,-0.17937716262975778,0.15378700499807765,2632958
716,14,MANIPUR,TENGNOUPAL,-0.10851211072664575,0.04484429065744742,0.06299115724721117,0.07535563244905366,-30446.556132054953,-0.020194624074414066,-0.1929104190695886,0.17937716262975778,1511379
712,14,MANIPUR,KANGPOKPI,-0.1190926566705162,0.03254133025759203,0.048227604767398596,0.06299115724721133,-67967.86972103507,-0.03186895655762288,-0.21413302575932336,0.17937716262975778,2143163
711,14,MANIPUR,KAKCHING,-0.11909265667051029,0.022206843521722423,0.035432525951556354,0.055363321799308,-12977.548650579538,-0.03307464763507363,-0.2679584775086506,0.16633602460592078,394750
273,17,MEGHALAYA,EAST GARO HILLS,-0.11374086889657431,0.032541330257589776,0.04822760476740077,0.06698961937716617,-54659.14670382562,-0.02792850529558347,-0.186082276047674,0.14173010380622836,1961933
274,17,MEGHALAYA,EAST KHASI HILLS,-0.11374086889657439,0.041584006151481265,0.05911572472126468,0.07535563244905648,-91393.55434589933,-0.0260166238964833,-0.2288965782391388,0.1929104190695886,3519450
657,17,MEGHALAYA,EAST JAINTIA HILLS,-0.10340638216071676,0.044844290657443824,0.06299115724721113,0.07535563244904958,-44076.698655205546,-0.01773941478415747,-0.186082276047674,0.1929104190695886,2489782
277,17,MEGHALAYA,SOUTH GARO HILLS,-0.09356401384082495,0.04822760476739816,0.06299115724721117,0.07535563244905545,-19229.754305409002,-0.008486338000471242,-0.186082276047674,0.16633602460592078,2271292
278,17,MEGHALAYA,WEST GARO HILLS,-0.10340638216071135,0.03254133025759097,0.04484429065744309,0.05911572472126439,-65938.82472739951,-0.020031543205663065,-0.19986159169550174,0.16000000000000003,3298747
279,17,MEGHALAYA,WEST KHASI HILLS,-0.10851211072664571,0.03543252595155617,0.0517339484813483,0.07111111111111487,-116018.19144497343,-0.023914923406147797,-0.19986159169550174,0.17279507881584008,4859806
276,17,MEGHALAYA,RI-BHOI,-0.09356401384082415,0.04822760476739958,0.0669896193771681,0.08421376393694532,-35059.76395420598,-0.011923782172297222,-0.22145328719723184,0.19986159169550174,2948155
658,17,MEGHALAYA,SOUTH WEST KHASI HILLS,-0.10340638216070501,0.05173394848134791,0.06299115724721119,0.07972318339100609,-20405.58502875789,-0.012657300094876906,-0.2069357939254133,0.16633602460592078,1617098
663,17,MEGHALAYA,SOUTH WEST GARO HILLS,-0.0984236831987694,0.03543252595156004,0.05173394848135265,0.06299115724721134,-18062.351324655432,-0.017461067813776165,-0.1929104190695886,0.13588619761630144,1037207
656,17,MEGHALAYA,NORTH GARO HILLS,-0.11909265667050829,0.01993079584775175,0.035432525951559164,0.05173394848135455,-56388.793258980244,-0.03644311388487623,-0.19986159169550174,0.13588619761630144,1552862
275,17,MEGHALAYA,WEST JAINTIA HILLS,-0.1085121107266481,0.02977316416762778,0.048227604767394655,0.06698961937716275,-66978.7302862013,-0.030126537955555973,-0.2288965782391388,0.1929104190695886,2229213
262,15,MIZORAM,CHAMPHAI,-0.10340638216070881,0.04822760476739613,0.06299115724721115,0.07972318339100727,-77140.5241075926,-0.018629259244229042,-0.1929104190695886,0.16000000000000003,4148573
267,15,MIZORAM,SAIHA,-0.0984236831987674,0.05173394848134733,0.06698961937716685,0.07972318339100601,-24090.50645751886,-0.013047142314987293,-0.19986159169550174,0.17279507881584008,1851831
264,15,MIZORAM,LAWNGTLAI,-0.10340638216070328,0.0384467512495215,0.05536332179930828,0.07111111111111396,-63594.39241223014,-0.02170086254553291,-0.17937716262975778,0.17279507881584008,2939881
268,15,MIZORAM,SERCHHIP,-0.10340638216070851,0.05536332179930506,0.07111111111111701,0.08421376393694446,-25084.15520401845,-0.014278987341222613,-0.19986159169550174,0.16633602460592078,1762727
263,15,MIZORAM,KOLASIB,-0.09842368319877105,0.059115724721265146,0.07111111111111777,0.08882737408688396,-5813.154852837336,-0.003187682652331976,-0.2519646289888504,0.186082276047674,1828823
266,15,MIZORAM,MAMIT,-0.08882737408688363,0.05536332179930253,0.07111111111111827,0.08421376393694474,-13129.698890468482,-0.0035099939556767048,-0.17279507881584008,0.17937716262975778,3748513
265,15,MIZORAM,LUNGLEI,-0.0935640138408238,0.05911572472124762,0.07535563244904421,0.08882737408688658,-21141.11760333019,-0.0038434591618106886,-0.19986159169550174,0.186082276047674,5509505
261,15,MIZORAM,AIZAWL,-0.09842368319876486,0.059115724721256126,0.07535563244904714,0.08882737408688283,-26186.030932887872,-0.006734731752752252,-0.22145328719723184,0.186082276047674,3898664
613,13,NAGALAND,PAREN,-0.0935640138408236,0.06299115724721115,0.07972318339101182,0.09356401384082377,-7746.832709825543,-0.0034293419793399033,-0.17937716262975778,0.17279507881584008,2264628
248,13,NAGALAND,PHEK,-0.11909265667051161,0.04158400615148124,0.05911572472126483,0.07535563244905645,-67797.52024474651,-0.029256006309758133,-0.2069357939254133,0.15378700499807765,2323275
250,13,NAGALAND,WOKHA,-0.108512110726643,0.04822760476739517,0.06299115724721116,0.07535563244905165,-32233.524573216102,-0.016125845184717994,-0.22145328719723184,0.186082276047674,2003896
244,13,NAGALAND,DIMAPUR,-0.08421376393694766,0.04822760476739382,0.06698961937716201,0.07972318339100473,-8072.904629680834,-0.008542901608084269,-0.17937716262975778,0.16000000000000003,949846
245,13,NAGALAND,KOHIMA,-0.11374086889657423,0.04822760476739327,0.06698961937716212,0.0797231833910042,-32851.9984754083,-0.020173347162590623,-0.2364628988850442,0.17937716262975778,1632851
614,13,NAGALAND,KIPHIRE,-0.11909265667051945,0.041584006151481195,0.05911572472126489,0.0753556324490562,-39934.14134496874,-0.028512428147305573,-0.2069357939254133,0.16633602460592078,1404480
251,13,NAGALAND,ZUNHEBOTO,-0.11374086889657904,0.03844675124952194,0.05536332179930894,0.07111111111111491,-54619.235014217455,-0.027938247915894297,-0.19986159169550174,0.14173010380622836,1960862
246,13,NAGALAND,MOKOKCHUNG,-0.103406382160717,0.044844290657445794,0.05911572472125907,0.07111111111111475,-34935.2385237101,-0.01747334424892166,-0.186082276047674,0.16633602460592078,2005010
247,13,NAGALAND,MON,-0.10851211072665078,0.032541330257591115,0.04822760476739699,0.06299115724721124,-69304.90100004035,-0.025497651475511602,-0.19986159169550174,0.16633602460592078,2724066
249,13,NAGALAND,TUENSANG,-0.11909265667051964,0.02977316416762895,0.044844290657439216,0.05911572472126373,-94000.53622953138,-0.035453688836596386,-0.19986159169550174,0.17279507881584008,2656787
615,13,NAGALAND,LONGLENG,-0.10340638216070348,0.03844675124952149,0.05173394848134984,0.06698961937716075,-17371.97990420712,-0.02377398162543124,-0.17279507881584008,0.14173010380622836,734358
344,21,ODISHA,ANUGUL,-0.16633602460592398,0.07972318339101664,0.09842368319876256,0.11909265667051921,64158.082045187046,0.008416815493443867,-0.2599000384467512,0.2364628988850442,7634552
345,21,ODISHA,BOLANGIR (BALANGIR),-0.07972318339100865,0.059115724721252434,0.084213763936953,0.1085121107266449,22360.122500083584,0.0028622045168751865,-0.2519646289888504,0.1929104190695886,7823364
346,21,ODISHA,BALASORE (BALESHWAR),-0.08882737408688843,0.029773164167630022,0.04484429065744347,0.059115724721264286,-68079.22973874465,-0.015262038200375515,-0.2288965782391388,0.17937716262975778,4471001
347,21,ODISHA,BARAGARH,-0.16633602460592317,0.059115724721257125,0.07972318339101186,0.10851211072664081,33062.809298776054,0.00472843828864549,-0.2519646289888504,0.19986159169550174,7004326
348,21,ODISHA,BHADRAK,-0.17937716262975847,0.0199307958477532,0.03254133025759373,0.04484429065743875,-70971.5584544374,-0.023693998386273927,-0.2599000384467512,0.14769703960015382,3001803
350,21,ODISHA,CUTTACK,-0.19291041906958314,0.038446751249521106,0.06299115724721124,0.09356401384082544,-106978.34247135691,-0.023281579930126847,-0.28444444444444444,0.17937716262975778,4607070
351,21,ODISHA,DEOGARH,-0.1998615916954837,0.08882737408687967,0.10851211072665366,0.1190926566705188,29157.806522807445,0.008222319182343901,-0.2599000384467512,0.17937716262975778,3554240
352,21,ODISHA,DHENKANAL,-0.1085121107266433,0.05536332179930529,0.07972318339100967,0.10340638216071435,-31772.202692985244,-0.005963762436455405,-0.2679584775086506,0.1929104190695886,5335603
353,21,ODISHA,GAJAPATI,-0.11374086889657382,0.06299115724721112,0.08421376393694839,0.10340638216070527,-46041.46828209459,-0.009419561559888252,-0.2519646289888504,0.17279507881584008,4897594
354,21,ODISHA,GANJAM,-0.11374086889657688,0.06299115724721427,0.08421376393695199,0.10340638216071225,-20945.33595917947,-0.0021046279196408843,-0.2761399461745483,0.2364628988850442,9965454
355,21,ODISHA,JAGATSINGHPUR,-0.18608227604767166,0.032541330257589304,0.04158400615148126,0.05536332179930818,-27347.455316339583,-0.013256241816628347,-0.2519646289888504,0.22145328719723184,2068255
356,21,ODISHA,JAJAPUR,-0.11374086889657467,0.03254133025759345,0.05536332179930876,0.07535563244905878,-83431.72102651995,-0.024094370585734482,-0.2599000384467512,0.17279507881584008,3471072
357,21,ODISHA,JHARSUGUDA,-0.19986159169548312,0.04822760476739608,0.06698961937716788,0.08882737408688304,-52019.50384043733,-0.020875295443165097,-0.2364628988850442,0.186082276047674,2499034
358,21,ODISHA,KALAHANDI,-0.09356401384082637,0.07972318339101384,0.10340638216071729,0.12456747404845249,38905.61935859065,0.004147604004501243,-0.2599000384467512,0.2069357939254133,9392589
359,21,ODISHA,KANDHAMAL,-0.10851211072665,0.07972318339101563,0.09842368319877375,0.1137408688965756,21441.126249922472,0.0022475699903794044,-0.2288965782391388,0.1929104190695886,9552404
360,21,ODISHA,KENDRAPARHA,-0.19986159169548823,0.032541330257592385,0.05911572472126468,0.07972318339101035,-70757.87672277239,-0.02342918933217301,-0.2599000384467512,0.15378700499807765,3027614
361,21,ODISHA,KEONJHAR (KENDUJHAR),-0.10340638216071814,0.05536332179929998,0.0753556324490423,0.09356401384082207,-101905.23339804474,-0.010224141882004795,-0.24415224913494812,0.22145328719723184,9980176
362,21,ODISHA,KHORDHA,-0.1301653210303745,0.04158400615147827,0.05911572472125895,0.08421376393694419,-77199.57788353076,-0.022540805315699578,-0.28444444444444444,0.21413302575932336,3436743
363,21,ODISHA,KORAPUT,-0.14769703960015865,0.0384467512495219,0.06299115724721117,0.08882737408688514,-371544.99637960596,-0.03752716619345103,-0.28444444444444444,0.19986159169550174,9916232
364,21,ODISHA,MALKANGIRI,-0.17279507881584302,0.08882737408688395,0.11374086889657525,0.14173010380624088,-31841.786141416495,-0.004681636150811185,-0.2599000384467512,0.2288965782391388,6811277
365,21,ODISHA,MAYURBHANJ,-0.09842368319876929,0.0517339484813458,0.07111111111111863,0.08882737408688292,-108358.84075026985,-0.00864924775504769,-0.2364628988850442,0.186082276047674,12543165
366,21,ODISHA,NABARANGAPUR,-0.11374086889657822,0.03844675124952169,0.06299115724721119,0.09356401384082666,-150114.01474544828,-0.023215215731228967,-0.2599000384467512,0.19986159169550174,6477055
367,21,ODISHA,NAYAGARH,-0.08421376393694663,0.08421376393695838,0.09842368319876925,0.11909265667051523,70157.51163271417,0.0151256567457498,-0.2761399461745483,0.2364628988850442,4646759
368,21,ODISHA,NUAPARHA,-0.08421376393694871,0.09842368319876486,0.11909265667052402,0.1417301038062433,90743.27456795167,0.01979426753783536,-0.2761399461745483,0.22145328719723184,4592599
369,21,ODISHA,PURI,-0.2214532871972689,0.04822760476739732,0.07535563244904903,0.10851211072665833,-171236.94709176334,-0.04152979799382198,-0.29287197231833906,0.2069357939254133,4132506
370,21,ODISHA,RAYAGARHA,-0.10340638216071003,0.06698961937717018,0.0888273740868855,0.11374086889657717,-62099.616648958945,-0.007144062919346981,-0.2761399461745483,0.1929104190695886,8707900
371,21,ODISHA,SAMBALPUR,-0.12456747404844375,0.07535563244906227,0.0935640138408397,0.11374086889657709,118776.44706612849,0.014885884391945057,-0.2599000384467512,0.186082276047674,7991881
372,21,ODISHA,SUBARNAPUR,-0.11374086889657954,0.04484429065744483,0.06698961937716498,0.08882737408688601,-11663.606286929178,-0.004129973126242507,-0.2599000384467512,0.186082276047674,2830803
373,21,ODISHA,SUNDARGARH,-0.07111111111111547,0.07972318339101685,0.0984236831987643,0.11374086889658092,212980.80129052192,0.018178404674010076,-0.24415224913494812,0.21413302575932336,11732129
349,21,ODISHA,BAUDH (BAUDA),-0.09356401384082896,0.09356401384082196,0.11374086889657287,0.1358861976162971,59027.465501718965,0.015945460089413964,-0.2761399461745483,0.1929104190695886,3710015
598,34,PUDUCHERRY,KARAIKAL,-0.1476970396001549,0.029773164167628468,0.048227604767397535,0.07111111111111079,-7315.658264044268,-0.04041838239253884,-0.2599000384467512,0.16000000000000003,183071
599,34,PUDUCHERRY,MAHE,-0.0797231833910035,0.07111111111111121,0.0842137639369474,0.09842368319876979,273.25061642958156,0.02692470708664277,-0.19986159169550174,0.17937716262975778,10600
600,34,PUDUCHERRY,PUDUCHERRY,-0.22889657823913828,-0.013840830449826935,0.006822667690170557,0.032541330257593266,-30341.965632400665,-0.08903704602284451,-0.3188927335640138,0.15378700499807765,347013
601,34,PUDUCHERRY,YANAM,-0.24415224913495,0.04158400615148038,0.05536332179930829,0.06698961937716255,-2233.7853585725425,-0.05063530370465174,-0.2679584775086506,0.12456747404844293,44886
027,03,PUNJAB,AMRITSAR,-0.012056901191849082,0.1476970396000478,0.15999999999997228,0.16633602460589406,369675.9448672523,0.10537142398720611,-0.21413302575932336,0.2761399461745483,3515937
605,03,PUNJAB,BARNALA,-0.012056901191849377,0.1476970396001184,0.15378700499804282,0.16000000000000855,199415.14148490387,0.10830608397761278,-0.15378700499807765,0.2288965782391388,1846179
028,03,PUNJAB,BATHINDA,-0.03254133025759264,0.14769703960010797,0.15378700499801723,0.1599999999999914,441038.42478459276,0.10123946577238457,-0.2288965782391388,0.2599000384467512,4365070
029,03,PUNJAB,FARIDKOT,-0.027128027681661344,0.15378700499800949,0.15999999999998432,0.17279507881584974,211876.3274718059,0.11197489104880516,-0.14769703960015382,0.2288965782391388,1896994
030,03,PUNJAB,FATEHGARH SAHIB,-0.002634990013318093,0.14769703960010444,0.1599999999999803,0.16633602460592145,156568.76040092646,0.10497033551941883,-0.14769703960015382,0.22145328719723184,1496589
651,03,PUNJAB,FAZILKA,-0.019930795847751162,0.1476970396000903,0.1599999999999754,0.166336024605884,368232.404796795,0.09918195614712477,-0.186082276047674,0.2679584775086506,3719961
031,03,PUNJAB,FIROZPUR,-0.022206843521722416,0.14769703960013814,0.1537870049980349,0.1600000000000042,321291.8560963997,0.10427485509922678,-0.2364628988850442,0.2364628988850442,3088898
032,03,PUNJAB,GURDASPUR,-0.004462976397779615,0.15378700499794862,0.16633602460583924,0.1727950788158511,378081.19054052385,0.11061532903160172,-0.1929104190695886,0.28444444444444444,3424574
033,03,PUNJAB,HOSHIARPUR,-0.012959233264708972,0.14769703960017877,0.15999999999999048,0.17279507881585057,391511.2944641566,0.0884286274466551,-0.22145328719723184,0.3014225297962323,4436125
034,03,PUNJAB,JALANDHAR,-0.021049516680458652,0.15999999999993458,0.17279507881580225,0.17937716262980347,359052.08283837925,0.10438564896552596,-0.19986159169550174,0.31009611687812383,3448570
035,03,PUNJAB,KAPURTHALA,-0.025852359075484225,0.15999999999998551,0.17279507881585082,0.17937716262976047,226351.06018954262,0.10628722431298065,-0.2679584775086506,0.3014225297962323,2138434
036,03,PUNJAB,LUDHIANA,-0.02460592079969275,0.14769703960008237,0.15999999999996645,0.16633602460588134,468670.64037171606,0.09786654396800536,-0.1929104190695886,0.28444444444444444,4796983
037,03,PUNJAB,MANSA,-0.02460592079969273,0.13588619761628845,0.14173010380625872,0.15378700499808626,271039.7238212522,0.09703333284993795,-0.1929104190695886,0.22145328719723184,2800307
038,03,PUNJAB,MOGA,-0.010396001537870164,0.1476970396000709,0.15378700499799944,0.16633602460590446,322669.55350181775,0.1105381940078702,-0.15378700499807765,0.2288965782391388,2925171
039,03,PUNJAB,SRI MUKTSAR SAHIB,-0.012056901191849385,0.15378700499798684,0.1599999999999832,0.1663360246059159,382753.56045362196,0.11224865583472642,-0.1929104190695886,0.2599000384467512,3417177
040,03,PUNJAB,SHAHID BHAGAT SINGH NAGAR,-0.015747789311802964,0.15378700499797873,0.16633602460582642,0.17279507881585057,158180.9263373306,0.09612555646340347,-0.1929104190695886,0.2761399461745483,1650822
662,03,PUNJAB,PATHANKOT,-0.05173394848135303,0.14769703960015787,0.15999999999998002,0.16633602460591876,91248.23189431352,0.0728731120766789,-0.2288965782391388,0.2599000384467512,1257220
041,03,PUNJAB,PATIALA,-0.02106588635241346,0.147697039600075,0.15378700499801493,0.16633602460590893,446815.0381628797,0.10437547209777932,-0.2519646289888504,0.2519646289888504,4293984
042,03,PUNJAB,RUPNAGAR,-0.029773164167628152,0.14173010380623569,0.14769703960017228,0.16000000000000078,139529.40146396874,0.07798935162798541,-0.1929104190695886,0.2761399461745483,1795740
043,03,PUNJAB,SANGRUR,-9.166417798787044E-4,0.14769703960004896,0.15378700499799178,0.15999999999998216,523904.4931650711,0.11257991052053698,-0.16633602460592078,0.22145328719723184,4664151
608,03,PUNJAB,SAS NAGAR (SAHIBZADA AJIT SINGH NAGAR),-0.03688467364443054,0.1358861976163233,0.14769703960016922,0.16000000000000347,99121.6404967112,0.06996593975669926,-0.2364628988850442,0.2761399461745483,1423227
609,03,PUNJAB,TARN TARAN,-0.009644505028998974,0.14769703960008349,0.15378700499800382,0.1663360246059252,346837.26324981026,0.11004694651350798,-0.2679584775086506,0.2679584775086506,3158113
086,08,RAJASTHAN,AJMER,-0.1137408688965831,0.07111111111111898,0.09356401384084699,0.11374086889658873,-56551.41439118696,-0.005364909725937659,-0.22145328719723184,0.2288965782391388,10557272
087,08,RAJASTHAN,ALWAR,-0.07972318339100755,0.10340638216074345,0.11374086889658881,0.12456747404846495,431532.5511658132,0.04090889410617908,-0.22145328719723184,0.2364628988850442,10566667
088,08,RAJASTHAN,BANSWARA,-0.13588619761630139,0.08882737408689126,0.10340638216073715,0.11909265667053034,131681.1290394924,0.023991414488372578,-0.2519646289888504,0.22145328719723184,5496965
089,08,RAJASTHAN,BARAN,-0.11909265667052041,0.108512110726629,0.11909265667053533,0.13016532103033265,260817.44545098257,0.030286479405591385,-0.2364628988850442,0.22145328719723184,8624299
090,08,RAJASTHAN,BARMER,-0.1537870049980084,-9.305239121074074E-4,0.019930795847752866,0.04484429065744207,-2281516.6038588276,-0.06488496601751874,-0.28444444444444444,0.1929104190695886,35184293
091,08,RAJASTHAN,BHARATPUR,-0.07972318339100827,0.10340638216074223,0.11374086889657098,0.1245674740484611,361577.2617140309,0.05694542398691024,-0.2364628988850442,0.2288965782391388,6364210
092,08,RAJASTHAN,BHILWARA,-0.09356401384083526,0.06698961937717252,0.08421376393696034,0.10340638216071855,-66115.23915661158,-0.005100396233095668,-0.2519646289888504,0.2364628988850442,12977374
093,08,RAJASTHAN,BIKANER,-0.14769703960016486,0.03543252595155762,0.06698961937716985,0.08882737408688231,-2208227.2657580543,-0.05769388042816163,-0.2599000384467512,0.22145328719723184,38299184
094,08,RAJASTHAN,BUNDI,-0.10340638216072096,0.10340638216074263,0.1137408688965695,0.12456747404845946,269054.60038787505,0.03767772856188707,-0.2364628988850442,0.2288965782391388,7150747
095,08,RAJASTHAN,CHITTAURGARH,-0.19986159169548273,0.08882737408688339,0.09842368319875096,0.11374086889658268,172120.38084473007,0.01791246309482861,-0.24415224913494812,0.24415224913494812,9628634
096,08,RAJASTHAN,CHURU,-0.14173010380624126,0.06698961937717131,0.093564013840854,0.11374086889658432,-859176.0623208896,-0.04895574039920849,-0.2288965782391388,0.2069357939254133,17570047
097,08,RAJASTHAN,DAUSA,-0.10851211072664613,0.09356401384086808,0.10340638216073428,0.11909265667052289,60946.18717658444,0.014265377606530226,-0.2288965782391388,0.24415224913494812,4282491
098,08,RAJASTHAN,DHAULPUR,-0.10340638216070461,0.11374086889655509,0.11909265667053313,0.13016532103035233,141408.13005559213,0.0373268588348256,-0.2519646289888504,0.22145328719723184,3796325
099,08,RAJASTHAN,DUNGARPUR,-0.09356401384082516,0.04484429065744471,0.06299115724721116,0.07972318339100683,-42096.91456086353,-0.009157936541656505,-0.2519646289888504,0.19986159169550174,4604348
101,08,RAJASTHAN,HANUMANGARH,-0.11909265667052801,0.13016532103032097,0.14173010380627393,0.15378700499804404,376021.1868966316,0.030298272421040117,-0.2519646289888504,0.2599000384467512,12428490
102,08,RAJASTHAN,JAIPUR,-0.1190926566705244,0.07535563244904664,0.09356401384082802,0.11374086889657545,-147297.94323904457,-0.010564890848179062,-0.2519646289888504,0.2761399461745483,13958482
103,08,RAJASTHAN,JAISALMER,-0.17937716262979977,-0.025941634521459464,0.0016820315653283745,0.04158400615148113,-4415322.005831997,-0.09165927135361307,-0.29287197231833906,0.2599000384467512,48195167
104,08,RAJASTHAN,JALOR,-0.10340638216072023,0.05173394848134664,0.07535563244904851,0.09842368319877032,-216893.90740027427,-0.016537866861166158,-0.29287197231833906,0.2288965782391388,13130168
105,08,RAJASTHAN,JHALAWAR,-0.1034063821607052,0.08882737408687476,0.10340638216073376,0.11374086889658316,188983.1178094252,0.024321327247922936,-0.2679584775086506,0.21413302575932336,7785147
106,08,RAJASTHAN,JHUNJHUNUN,-0.13016532103035977,0.0935640138408638,0.10851211072663804,0.12456747404846231,-14545.930582733357,-0.001942131652693582,-0.2288965782391388,0.1929104190695886,7500078
107,08,RAJASTHAN,JODHPUR,-0.14173010380624043,0.015747789311802797,0.0415840061514812,0.06698961937716646,-1547155.21657618,-0.054604331533580595,-0.2761399461745483,0.2069357939254133,28354930
108,08,RAJASTHAN,KARAULI,-0.11374086889659356,0.0935640138408636,0.10340638216073365,0.11909265667051978,62151.99657178807,0.00993623783465369,-0.2519646289888504,0.22145328719723184,6265890
100,08,RAJASTHAN,GANGANAGAR,-0.11374086889658655,0.13016532103032105,0.14769703960015756,0.1600000000000003,750052.9045296633,0.053617127288963444,-0.2761399461745483,0.2679584775086506,14004924
109,08,RAJASTHAN,KOTA,-0.10851211072664982,0.10340638216074016,0.11374086889657845,0.12456747404845996,252022.9187191982,0.040179205739664894,-0.2599000384467512,0.2069357939254133,6284796
110,08,RAJASTHAN,NAGAUR,-0.147697039600164,0.02460592079969205,0.05173394848134834,0.07535563244905183,-1310178.295041105,-0.058726920542950624,-0.2599000384467512,0.22145328719723184,22328531
111,08,RAJASTHAN,PALI,-0.10340638216072379,0.07972318339101632,0.0984236831987596,0.12456747404845919,-63557.17469335078,-0.00414373462351527,-0.2288965782391388,0.2364628988850442,15355856
629,08,RAJASTHAN,PRATAPGARH,-0.05173394848135053,0.09842368319874803,0.11374086889657345,0.1245674740484572,235324.74364164632,0.04337858803896154,-0.2364628988850442,0.22145328719723184,5433909
112,08,RAJASTHAN,RAJ SAMAND,-0.07972318339100994,0.06698961937717171,0.08421376393695294,0.10340638216070623,65752.8730974602,0.01151552867824054,-0.2364628988850442,0.24415224913494812,5723908
113,08,RAJASTHAN,SAWAI MADHOPUR,-0.08882737408688508,0.10851211072666629,0.11909265667052879,0.13016532103037162,294183.737106419,0.047068514865238505,-0.24415224913494812,0.2519646289888504,6261504
114,08,RAJASTHAN,SIKAR,-0.13016532103035236,0.06698961937717293,0.08882737408687502,0.10340638216072144,-240309.32687381635,-0.02469029129283188,-0.21413302575932336,0.22145328719723184,9747199
115,08,RAJASTHAN,SIROHI,-0.07111111111111577,0.08421376393696557,0.09842368319875847,0.1137408688965806,138093.1164321044,0.021876720323194373,-0.2519646289888504,0.22145328719723184,6321547
116,08,RAJASTHAN,TONK,-0.10340638216070501,0.11374086889655732,0.12456747404847379,0.14173010380623355,453063.0864281581,0.050648220359073695,-0.2364628988850442,0.2599000384467512,8958642
117,08,RAJASTHAN,UDAIPUR,-0.071111111111116,0.07535563244906324,0.08882737408687752,0.10340638216071839,258375.84176938786,0.017998132992294254,-0.24415224913494812,0.2288965782391388,14373207
225,11,SIKKIM,EAST,-0.11374086889657346,0.02460592079969208,0.04158400615148119,0.05911572472126325,-42401.90327156823,-0.03600656311122858,-0.17279507881584008,0.16633602460592078,1180616
226,11,SIKKIM,NORTH,-0.11909265667052994,0.12456747404847401,0.14173010380624101,0.16633602460592475,146742.58522838505,0.027539756673323854,-0.2364628988850442,0.2679584775086506,5335204
227,11,SIKKIM,SOUTH,-0.13016532103036524,0.038446751249520586,0.05911572472126361,0.07972318339100301,-34556.34008855131,-0.03759113715976533,-0.22145328719723184,0.19986159169550174,922577
228,11,SIKKIM,WEST,-0.13016532103034487,0.06698961937716917,0.1034063821607203,0.1417301038062424,-43046.86577266154,-0.028526669356442897,-0.19986159169550174,0.2288965782391388,1512801
610,33,TAMIL NADU,ARIYALUR,-0.15999999999999717,-0.006842542306284406,0.027128027681661747,0.06299115724721141,-165137.2956763006,-0.07489108928674176,-0.28444444444444444,0.186082276047674,2209715
730,33,TAMIL NADU,CHENGALPATTU,-0.2288965782391378,0.005741788909473641,0.029773164167627573,0.05536332179930876,-252490.8264654178,-0.08095734207498466,-0.3188927335640138,0.2069357939254133,3125557
568,33,TAMIL NADU,CHENNAI,-0.1929104190695893,0.02712802768166193,0.0448442906574387,0.06698961937716257,-13877.106047232473,-0.03620306136137675,-0.2761399461745483,0.17937716262975778,385506
569,33,TAMIL NADU,COIMBATORE,-0.17937716262978232,-0.001745041470306661,0.02586171658675297,0.06299115724721138,-401319.77712888614,-0.07468334803093184,-0.28444444444444444,0.2364628988850442,5383851
570,33,TAMIL NADU,CUDDALORE,-0.17937716262975953,0.021082976270189905,0.04822760476740076,0.0753556324490496,-280316.3958608804,-0.06636620955492803,-0.3188927335640138,0.21413302575932336,4233341
571,33,TAMIL NADU,DHARMAPURI,-0.19291041906957396,0.017777777777778614,0.04484429065743906,0.07111111111111229,-430930.2460961912,-0.08382592548768728,-0.3014225297962323,0.17279507881584008,5150772
572,33,TAMIL NADU,DINDIGUL,-0.19291041906957837,-0.0017352380420550474,0.032541330257591934,0.06698961937716193,-645401.358824032,-0.09381375127465717,-0.31009611687812383,0.2069357939254133,6891183
573,33,TAMIL NADU,ERODE,-0.1860822760476952,0.012967433348801636,0.036932135029831954,0.06698961937716376,-437426.4857894937,-0.07503924173462032,-0.3014225297962323,0.2364628988850442,5843263
574,33,TAMIL NADU,KANCHIPURAM,-0.244152249134937,0.00963404898535206,0.03254133025759253,0.055363321799306565,-157395.78660955184,-0.07860271004659836,-0.31009611687812383,0.19986159169550174,2010389
729,33,TAMIL NADU,KALLAKKURICHI,-0.1793771626297736,-0.004497286599320265,0.02460592079969233,0.05536332179930902,-330526.8422790129,-0.08193976747201022,-0.3014225297962323,0.186082276047674,4041352
575,33,TAMIL NADU,KANYAKUMARI,-0.16633602460592395,0.02586459391922875,0.051733948481348345,0.07972318339101105,-88637.40810927296,-0.04671263346059891,-0.31009611687812383,0.2069357939254133,1902020
576,33,TAMIL NADU,KARUR,-0.2069357939253848,-0.06698961937716447,-0.0354325259515573,0.004474345319748405,-429543.6867027611,-0.12995349441259257,-0.28444444444444444,0.17937716262975778,3313874
578,33,TAMIL NADU,MADURAI,-0.19986159169548698,0.005766823191423252,0.036909764457962096,0.07111111111111135,-378923.13975931145,-0.09005876968015791,-0.31009611687812383,0.2288965782391388,4217505
587,33,TAMIL NADU,NILGIRIS,-0.14173010380623732,0.017777777777779176,0.03543252595156017,0.05536332179931075,-125606.8402490654,-0.045298067416151055,-0.22145328719723184,0.186082276047674,2779224
579,33,TAMIL NADU,NAGAPATTINAM,-0.21413302575932172,0.05173394848134929,0.07111111111111575,0.09356401384082552,-81400.60381145458,-0.027868762578697883,-0.28444444444444444,0.2069357939254133,2930267
580,33,TAMIL NADU,NAMAKKAL,-0.1998615916954866,-0.006840607221277212,0.02977316416762682,0.0629911572472113,-403565.0922095094,-0.10353680624240086,-0.29287197231833906,0.15378700499807765,3905479
581,33,TAMIL NADU,PERAMBALUR,-0.17279507881584932,-0.029773164167628135,0.005762716241874491,0.05911572472126368,-175620.37235724184,-0.08772802338022204,-0.28444444444444444,0.2288965782391388,2007167
582,33,TAMIL NADU,PUDUKKOTTAI,-0.21413302575930138,-0.015747789311802825,0.01574778931180282,0.04484429065744024,-584472.9736005648,-0.11052910038320955,-0.29287197231833906,0.19986159169550174,5299699
583,33,TAMIL NADU,RAMANATHAPURAM,-0.1793771626297542,0.04158400615147941,0.06299115724721124,0.08882737408688353,-176332.7690847918,-0.037871424758664146,-0.3278123798539023,0.24415224913494812,4668989
731,33,TAMIL NADU,RANIPPETTAI,-0.19986159169549947,0.016786800055645184,0.036914661375664654,0.06299115724721138,-143853.27371010615,-0.06779854284153833,-0.31009611687812383,0.2069357939254133,2128423
584,33,TAMIL NADU,SALEM,-0.19291041906958747,0.024605920799691757,0.05173394848135001,0.07972318339100584,-552154.358455353,-0.08054842585323187,-0.28444444444444444,0.17937716262975778,6871944
585,33,TAMIL NADU,SIVAGANGA,-0.2069357939253862,-0.03702698407490301,-0.009676308837109751,0.021063261157506587,-534058.0615592536,-0.11092634711825468,-0.31009611687812383,0.2364628988850442,4827074
588,33,TAMIL NADU,TENI,-0.18608227604768815,0.022206843521721066,0.05536332179930847,0.08882737408688532,-225886.71726925083,-0.06941895648724178,-0.2679584775086506,0.19986159169550174,3260399
733,33,TAMIL NADU,TENKASI,-0.19291041906957693,0.01677640323294631,0.04822760476739436,0.08421376393694843,-228927.33406989084,-0.07195319430126837,-0.3278123798539023,0.2599000384467512,3188221
586,33,TAMIL NADU,THANJAVUR,-0.17279507881584788,0.02977316416762764,0.05536332179930952,0.08421376393694434,-200033.9371749705,-0.05132336588245342,-0.28444444444444444,0.19986159169550174,3908681
590,33,TAMIL NADU,THIRUVARUR,-0.19986159169550152,0.04484429065744342,0.06299115724721117,0.07972318339100781,-81554.31303350745,-0.03165626981377769,-0.28444444444444444,0.186082276047674,2584269
591,33,TAMIL NADU,TIRUCHIRAPALLI,-0.2141330257593138,-0.016818486323968658,0.02587326964966382,0.06698961937716257,-556237.7169739527,-0.10870609390576413,-0.3278123798539023,0.1929104190695886,5131417
592,33,TAMIL NADU,TIRUNELVELI,-0.19986159169549533,0.04484429065743785,0.07972318339100894,0.11374086889657452,-254993.10591631688,-0.05807957428235196,-0.3278123798539023,0.2599000384467512,4398780
634,33,TAMIL NADU,TIRUPPUR,-0.1860822760477064,-0.029773164167629807,-0.004496366501688664,0.024605920799692597,-596725.3979104433,-0.10087280934674542,-0.2761399461745483,0.17279507881584008,5928070
732,33,TAMIL NADU,TIRUPPATTUR,-0.1727950788158501,0.038446751249520975,0.06299115724721122,0.08421376393694598,-139577.95347716947,-0.05759068448517766,-0.29287197231833906,0.17279507881584008,2429659
589,33,TAMIL NADU,TIRUVALLUR,-0.24415224913493133,0.005748993435581748,0.029773164167627975,0.05536332179930745,-279775.20235846564,-0.07543663340848941,-0.31009611687812383,0.2364628988850442,3721243
593,33,TAMIL NADU,TIRUVANNAMALAI,-0.17937716262975661,0.015747789311802804,0.04158400615148119,0.06698961937716366,-481538.0236385893,-0.06808159847979446,-0.3014225297962323,0.1929104190695886,7086228
594,33,TAMIL NADU,TUTICORIN,-0.17279507881584635,0.044844290657446405,0.07111111111111687,0.09842368319876453,-184122.57547894825,-0.03432503803016043,-0.3188927335640138,0.29287197231833906,5373009
595,33,TAMIL NADU,VELLORE,-0.16633602460592478,0.04484429065744078,0.07111111111111566,0.09356401384082592,-113177.4119649778,-0.04681829413141852,-0.3188927335640138,0.17937716262975778,2425418
596,33,TAMIL NADU,VILLUPURAM,-0.1860822760476884,-0.006840683094039577,0.015747789311802842,0.04484429065743849,-332039.88496100047,-0.07932028840800148,-0.3188927335640138,0.17937716262975778,4197052
597,33,TAMIL NADU,VIRUDHUNAGAR,-0.19291041906957987,-0.012998070952330243,0.012955455997615613,0.0448442906574384,-433204.6789713851,-0.09013582134003818,-0.34602076124567477,0.21413302575932336,4816093
577,33,TAMIL NADU,KRISHNAGIRI,-0.18608227604770666,0.004487280918610975,0.03543252595155945,0.0629911572472113,-530455.9398637315,-0.09022862375081747,-0.29287197231833906,0.186082276047674,5891097
501,36,TELANGANA,ADILABAD,-0.08421376393694767,0.0888273740868903,0.10851211072665086,0.13016532103037515,7769.249087706001,0.0016405102786753963,-0.2288965782391388,0.21413302575932336,4743469
507,36,TELANGANA,HYDERABAD,-0.15378700499807726,0.04822760476739338,0.06299115724721124,0.0753556324490595,-1022.6310819216596,-0.004562811138889203,-0.21413302575932336,0.14769703960015382,225991
508,36,TELANGANA,KARIMNAGAR,-0.12456747404844191,0.06299115724721113,0.07535563244904378,0.0888273740868831,-8990.95594232517,-0.0038116778143839464,-0.24415224913494812,0.2069357939254133,2364683
690,36,TELANGANA,BHADRADRI KOTHAGUDEM,-0.11374086889657509,0.1034063821607276,0.13016532103035686,0.15378700499808595,73796.9961945263,0.009110709606366995,-0.2761399461745483,0.2364628988850442,8112200
512,36,TELANGANA,MAHABUBNAGAR,-0.14173010380622444,0.00682027291494757,0.029773164167628246,0.05536332179930889,-191236.46758015561,-0.05849091958536801,-0.24415224913494812,0.16633602460592078,3277821
692,36,TELANGANA,SIDDIPET,-0.18608227604768549,0.015747789311802807,0.035432525951558824,0.05536332179930808,-222373.6039322572,-0.051069942463748685,-0.2364628988850442,0.186082276047674,4362172
514,36,TELANGANA,NALGONDA,-0.20693579392539285,0.03844675124952169,0.06299115724721117,0.08882737408688327,-509707.9183485174,-0.060601189315269,-0.2761399461745483,0.19986159169550174,8420108
516,36,TELANGANA,NIZAMABAD,-0.19291041906958015,0.08882737408687866,0.10340638216072695,0.11909265667051602,98830.74402573422,0.019898394078422484,-0.2519646289888504,0.22145328719723184,4973584
518,36,TELANGANA,RANGAREDDY,-0.15378700499808612,-0.015747789311802804,0.006814749302831796,0.03254133025759291,-447522.0912044545,-0.07660372301454933,-0.2679584775086506,0.21413302575932336,5852435
720,36,TELANGANA,MULUGU,-0.10851211072664563,0.12456747404847433,0.14173010380622011,0.15378700499808795,200564.20257710177,0.0397368343821017,-0.2679584775086506,0.22145328719723184,5054976
695,36,TELANGANA,JOGULAMBA GADWAL,-0.1417301038062289,0.012056901191848409,0.035432525951559345,0.06698961937716402,-149807.13874752008,-0.050082020501064334,-0.2519646289888504,0.186082276047674,2996596
699,36,TELANGANA,KUMURAM BHEEM,-0.10851211072665433,0.08882737408687523,0.10851211072665137,0.12456747404845153,-57899.230225922605,-0.010780198138718841,-0.24415224913494812,0.21413302575932336,5379788
684,36,TELANGANA,MANCHERIAL,-0.12456747404844,0.08882737408687887,0.10851211072665204,0.13588619761630363,-11655.156582631862,-0.0025586676666721733,-0.2599000384467512,0.21413302575932336,4563416
680,36,TELANGANA,NIRMAL,-0.1727950788158458,0.10340638216073023,0.1190926566705196,0.13588619761630388,87331.2600828332,0.019888689659394325,-0.24415224913494812,0.21413302575932336,4400168
685,36,TELANGANA,KAMAREDDY,-0.1860822760476717,0.06299115724721503,0.07972318339101475,0.09842368319877204,-40228.23557080659,-0.009125533066055689,-0.2519646289888504,0.22145328719723184,4417377
691,36,TELANGANA,SANGAREDDY,-0.214133025759256,0.00448000963556375,0.022206843521720813,0.044844290657438134,-270972.14425028267,-0.05188539578876022,-0.2599000384467512,0.17937716262975778,5234286
694,36,TELANGANA,NAGARKURNOOL,-0.1537870049980842,0.041584006151474555,0.06698961937717118,0.09356401384082288,-325544.1627844813,-0.045084477136473206,-0.2599000384467512,0.186082276047674,7230954
693,36,TELANGANA,WANAPARTHY,-0.13588619761629742,0.015747789311802835,0.04484429065743842,0.08421376393694709,-135849.42108517594,-0.05353165772003537,-0.2519646289888504,0.19986159169550174,2543857
721,36,TELANGANA,NARAYANPET,-0.13588619761630313,0.012056901191848456,0.03254133025759161,0.05173394848135409,-143203.40188708642,-0.05101208469203944,-0.2519646289888504,0.186082276047674,2813898
698,36,TELANGANA,VIKARABAD,-0.11909265667051841,8.977538250040401E-4,0.022206843521721472,0.04822760476739592,-221868.7872136287,-0.05119513161272888,-0.24415224913494812,0.17279507881584008,4341820
700,36,TELANGANA,MEDCHAL-MALKAJGIRI,-0.13588619761630116,0.012056901191848487,0.029773164167626938,0.05173394848135478,-61053.05952510571,-0.04845868810426794,-0.2519646289888504,0.19986159169550174,1263977
697,36,TELANGANA,YADADRI BHUVANAGIRI,-0.14769703960016028,0.04158400615148126,0.06299115724721117,0.0888273740868836,-193768.92176976037,-0.05124750393607624,-0.2679584775086506,0.186082276047674,3788544
696,36,TELANGANA,SURYAPET,-0.14173010380623105,0.06698961937717415,0.07972318339101603,0.09356401384082248,-64450.49092829708,-0.01534280574208848,-0.28444444444444444,0.19986159169550174,4207558
509,36,TELANGANA,KHAMMAM,-0.11909265667051411,0.05536332179930556,0.07972318339101088,0.10340638216071003,-76411.97198279577,-0.01396576135682719,-0.2679584775086506,0.2364628988850442,5483474
688,36,TELANGANA,MAHABUBABAD,-0.12456747404844101,0.07535563244905567,0.09842368319876252,0.12456747404845893,-32128.402527556907,-0.00773669256287884,-0.28444444444444444,0.2069357939254133,4159758
689,36,TELANGANA,JANGAON,-0.14769703960015826,0.022206843521720754,0.0384467512495209,0.0553633217993086,-151025.85156167246,-0.05312580873247472,-0.28444444444444444,0.14173010380622836,2848930
686,36,TELANGANA,WARANGAL (URBAN),-0.15378700499807726,0.04158400615148125,0.059115724721264404,0.07535563244905967,-44702.1603750138,-0.03268653986693865,-0.28444444444444444,0.17279507881584008,1371299
522,36,TELANGANA,WARANGAL (RURAL),-0.13016532103037395,0.05911572472125956,0.07535563244904876,0.0888273740868827,-26213.60973959987,-0.009984627435112447,-0.2599000384467512,0.19986159169550174,2631366
687,36,TELANGANA,JAYASHANKAR BHUPALAPALLY,-0.11374086889657675,0.09842368319875448,0.11374086889659926,0.13016532103037248,31641.80838104069,0.009345580750200701,-0.2679584775086506,0.21413302575932336,3392864
682,36,TELANGANA,PEDDAPALLI,-0.13016532103037445,0.06299115724721112,0.0797231833910116,0.09842368319876849,-9291.84958906863,-0.003593140486650964,-0.2599000384467512,0.21413302575932336,2590845
681,36,TELANGANA,JAGTIAL,-0.09842368319877179,0.07535563244905806,0.09356401384082884,0.10851211072664611,39480.24260836074,0.011595161283185159,-0.24415224913494812,0.21413302575932336,3410637
683,36,TELANGANA,RANJANNA SIRCILLA,-0.18608227604767189,0.06698961937717228,0.07972318339101413,0.09356401384082358,-20792.553110219997,-0.009765718600467946,-0.24415224913494812,0.17937716262975778,2133794
513,36,TELANGANA,MEDAK,-0.13016532103037348,0.03254133025758912,0.048227604767401344,0.06698961937716584,-93406.46449859095,-0.028946177481314,-0.24415224913494812,0.17279507881584008,3235035
269,16,TRIPURA,DHALAI,-0.11909265667051333,0.015747789311802797,0.029773164167627233,0.04484429065743812,-99109.70813366587,-0.03563732192260254,-0.2364628988850442,0.19986159169550174,2787504
654,16,TRIPURA,GOMATI,-0.1137408688965744,0.013840830449827467,0.029773164167627177,0.04822760476739513,-73800.18706774454,-0.037456070662336985,-0.22145328719723184,0.1929104190695886,1976295
652,16,TRIPURA,KHOWAI,-0.10851211072664162,0.015747789311802818,0.02977316416762711,0.04484429065743839,-44357.93221107806,-0.034543360470014224,-0.1929104190695886,0.12456747404844293,1288086
270,16,TRIPURA,NORTH TRIPURA,-0.10340638216070488,0.017777777777778357,0.029773164167627316,0.04484429065743868,-52942.321151316835,-0.03218169786028993,-0.17937716262975778,0.13016532103037293,1650811
653,16,TRIPURA,SEPAHIJALA,-0.11374086889657592,0.02977316416762701,0.04822760476739455,0.06698961937716262,-37793.29229284163,-0.029308515545704284,-0.19986159169550174,0.1929104190695886,1294414
271,16,TRIPURA,SOUTH TRIPURA,-0.113740868896575,0.024605920799691636,0.04158400615148112,0.0629911572472114,-54121.49936253432,-0.030489212887754576,-0.2069357939254133,0.16633602460592078,1781389
655,16,TRIPURA,UNOKOTI,-0.10851211072664134,0.0157477893118028,0.027128027681660075,0.04158400615148108,-28099.788115270123,-0.033318909845194276,-0.19986159169550174,0.17279507881584008,846595
272,16,TRIPURA,WEST TRIPURA,-0.11374086889657592,0.017777777777778236,0.03543252595155787,0.05173394848135453,-39100.25065834473,-0.033961342793960236,-0.2069357939254133,0.16633602460592078,1154860
118,09,UTTAR PRADESH,AGRA,-0.06698961937716383,0.12456747404847306,0.13016532103033876,0.14173010380621653,335932.13690517796,0.06627269045233436,-0.24415224913494812,0.24415224913494812,5084762
119,09,UTTAR PRADESH,ALIGARH,-0.013840830449826844,0.1358861976163089,0.14173010380624784,0.15378700499805562,423749.5672469185,0.09043207121554588,-0.22145328719723184,0.2679584775086506,4695914
121,09,UTTAR PRADESH,AMBEDKARNAGAR,-0.04822760476739506,0.10340638216074169,0.11374086889658795,0.12456747404846175,146914.47552696004,0.050655681614864945,-0.2519646289888504,0.28444444444444444,2907631
640,09,UTTAR PRADESH,AMETHI,-0.05911572472126331,0.10851211072666832,0.11909265667052998,0.1245674740484633,155956.4193442961,0.05165186472606048,-0.21413302575932336,0.1929104190695886,3027141
154,09,UTTAR PRADESH,AMROHA,-0.025798287253631858,0.10340638216072778,0.11909265667051785,0.14173010380623868,148558.56992713938,0.0474932511281273,-0.24415224913494812,0.2599000384467512,3135410
122,09,UTTAR PRADESH,AURAIYA,-0.04484429065743862,0.11909265667053628,0.13016532103034667,0.14173010380622697,172165.19384603907,0.06833777646556578,-0.2519646289888504,0.2519646289888504,2525028
123,09,UTTAR PRADESH,AZAMGARH,-0.059115724721263835,0.09842368319873317,0.1085121107266616,0.1190926566705203,230995.9326619898,0.044133950304635135,-0.2599000384467512,0.2679584775086506,5243512
133,09,UTTAR PRADESH,BUDAUN,-0.02585983451038207,0.1476970396001076,0.159999999999985,0.16633602460591096,518377.34679849015,0.09636264671179419,-0.2364628988850442,0.2761399461745483,5388312
124,09,UTTAR PRADESH,BAGHPAT,-0.05911572472126219,0.08421376393695582,0.10340638216071735,0.1245674740484468,39728.40320827229,0.02354783309042668,-0.2069357939254133,0.21413302575932336,1691561
125,09,UTTAR PRADESH,BAHRAICH,-0.06698961937716334,0.11909265667053316,0.13016532103033834,0.1417301038062187,316513.35098606156,0.05078260075179034,-0.24415224913494812,0.2519646289888504,6244557
126,09,UTTAR PRADESH,BALLIA,-0.14173010380622725,0.11909265667052668,0.13016532103036274,0.15378700499808517,200222.45857683348,0.05398457519000316,-0.28444444444444444,0.2599000384467512,3717530
127,09,UTTAR PRADESH,BALRAMPUR,-0.06299115724721126,0.09356401384085197,0.10851211072665402,0.12456747404845138,135488.75895270752,0.032231840677260516,-0.22145328719723184,0.2519646289888504,4212204
128,09,UTTAR PRADESH,BANDA,-0.06299115724721141,0.09842368319879523,0.10851211072660578,0.11909265667052917,233665.92869479052,0.04245833924834934,-0.2519646289888504,0.1929104190695886,5516307
129,09,UTTAR PRADESH,BARABANKI,-0.0553633217993073,0.12456747404848016,0.1358861976163367,0.14769703960016992,322483.75215428486,0.06702508984737983,-0.2519646289888504,0.2679584775086506,4821092
130,09,UTTAR PRADESH,BAREILLY,-0.025820314111130862,0.12456747404847539,0.14173010380623965,0.1537870049980863,354635.17392236553,0.06784779552405348,-0.19986159169550174,0.3014225297962323,5236856
131,09,UTTAR PRADESH,BASTI,-0.05536332179930671,0.09356401384087386,0.10340638216073403,0.11374086889657323,139467.66251447686,0.04004488334721489,-0.24415224913494812,0.2679584775086506,3489747
179,09,UTTAR PRADESH,BHADOHI,-0.0842137639369456,0.09842368319874067,0.10851211072666259,0.11909265667051719,41321.73635973335,0.03297593041852193,-0.24415224913494812,0.186082276047674,1258326
132,09,UTTAR PRADESH,BIJNOR,-0.024605920799692507,0.09356401384084573,0.10851211072665398,0.12456747404845468,252504.0175864174,0.04287283107845069,-0.2288965782391388,0.2599000384467512,5897437
134,09,UTTAR PRADESH,BULANDSHAHR,-0.017777777777777514,0.13016532103032263,0.14173010380624737,0.15378700499808598,351263.3566395618,0.07879767701513922,-0.2519646289888504,0.24415224913494812,4465675
135,09,UTTAR PRADESH,CHANDAULI,-0.1245674740484429,0.07535563244906392,0.08421376393696998,0.09356401384083943,57839.44971389171,0.018406421569836684,-0.28444444444444444,0.17937716262975778,3149762
136,09,UTTAR PRADESH,CHITRAKOOT,-0.10340638216070361,0.09842368319875275,0.1085121107266616,0.11909265667052212,126860.17915990324,0.032224047279312766,-0.2599000384467512,0.22145328719723184,3947058
137,09,UTTAR PRADESH,DEORIA,-0.06299115724721138,0.10340638216074256,0.11374086889659005,0.1301653210303656,166651.55776727124,0.05274250118457886,-0.2364628988850442,0.2288965782391388,3167421
140,09,UTTAR PRADESH,AYODHYA,-0.06698961937716238,0.09842368319876132,0.10851211072665637,0.1190926566705217,107955.70257400943,0.032168070678039166,-0.2519646289888504,0.2599000384467512,3363207
138,09,UTTAR PRADESH,ETAH,-0.017777777777777476,0.13588619761632884,0.14769703960017105,0.16000000000000777,279719.2633766614,0.09179035582347274,-0.19986159169550174,0.2364628988850442,3057112
139,09,UTTAR PRADESH,ETAWAH,-0.06698961937716333,0.10851211072666384,0.11909265667052608,0.13016532103036743,158013.47335464603,0.05437870014953034,-0.2519646289888504,0.2288965782391388,2912455
141,09,UTTAR PRADESH,FARRUKHABAD,-0.04822760476739639,0.13016532103033784,0.14173010380620954,0.15999999999999748,191021.87745054025,0.06973144261054756,-0.24415224913494812,0.2599000384467512,2746061
142,09,UTTAR PRADESH,FATEHPUR,-0.06698961937716268,0.11909265667053608,0.12456747404847564,0.13588619761633347,323074.69535049336,0.06248501993869026,-0.2599000384467512,0.2519646289888504,5179341
143,09,UTTAR PRADESH,FIROZABAD,-0.04484429065743852,0.13588619761628856,0.14173010380625356,0.153787004998071,252079.2865286723,0.08305189626366445,-0.22145328719723184,0.22145328719723184,3043033
144,09,UTTAR PRADESH,GAUTAMBUDHNAGAR,-0.07111111111110932,0.10340638216073092,0.11374086889658108,0.12456747404844012,80770.0002879024,0.045054981977941874,-0.19986159169550174,0.2069357939254133,1799130
146,09,UTTAR PRADESH,GAZIPUR,-0.07535563244905936,0.09842368319873049,0.10851211072666478,0.11909265667052288,181861.94849125674,0.0434770105482641,-0.2519646289888504,0.24415224913494812,4191005
145,09,UTTAR PRADESH,GHAZIABAD,-0.05911572472126331,0.08882737408689144,0.10851211072664561,0.12456747404843942,37904.83035091865,0.032677292635455074,-0.2069357939254133,0.2364628988850442,1164347
147,09,UTTAR PRADESH,GONDA,-0.06299115724721127,0.09842368319874437,0.11374086889656676,0.13016532103034603,146091.98033045375,0.02928843873561555,-0.2599000384467512,0.24415224913494812,4997607
148,09,UTTAR PRADESH,GORAKHPUR,-0.0669896193771615,0.11374086889658179,0.1301653210303491,0.14769703960016567,242961.01405665712,0.05845084127846717,-0.2519646289888504,0.2519646289888504,4167218
149,09,UTTAR PRADESH,HAMIRPUR,-0.06299115724721156,0.11909265667053834,0.1301653210303212,0.13588619761635276,312669.37142005964,0.06478679714652817,-0.2761399461745483,0.2069357939254133,4836349
661,09,UTTAR PRADESH,HAPUR,-0.029773164167628468,0.10340638216073206,0.1190926566705237,0.13016532103037437,76361.88870963201,0.05375212929818181,-0.24415224913494812,0.2364628988850442,1425629
150,09,UTTAR PRADESH,HARDOI,-0.06299115724721131,0.11374086889655607,0.12456747404847282,0.13588619761631981,396668.3029231638,0.05276342724882103,-0.2364628988850442,0.2519646289888504,7529334
163,09,UTTAR PRADESH,HATHRAS,-0.004484876697408583,0.1358861976163341,0.14769703960017067,0.15378700499808673,216079.30972926316,0.09632747080603692,-0.17937716262975778,0.2288965782391388,2250134
151,09,UTTAR PRADESH,JALAUN,-0.051733948481354174,0.10851211072664299,0.119092656670533,0.13016532103036807,353336.36179250287,0.0623138537023362,-0.2679584775086506,0.2288965782391388,5680240
152,09,UTTAR PRADESH,JAUNPUR,-0.06299115724721127,0.09842368319872967,0.10851211072666408,0.11374086889660337,208353.11628282932,0.041689215371421985,-0.22145328719723184,0.186082276047674,5008032
153,09,UTTAR PRADESH,JHANSI,-0.07972318339100674,0.09842368319874326,0.10851211072666021,0.11909265667052246,256874.52573508,0.041365993823604924,-0.2679584775086506,0.22145328719723184,6229627
155,09,UTTAR PRADESH,KANNAUJ,-0.041584006151480946,0.12456747404847263,0.135886197616345,0.14769703960017233,179779.92108749782,0.0686823901490532,-0.2364628988850442,0.24415224913494812,2623727
157,09,UTTAR PRADESH,KANPUR,-0.055363321799306926,0.12456747404847539,0.13588619761633494,0.14769703960016226,254364.0766049726,0.0681169726647455,-0.2519646289888504,0.2599000384467512,3743531
156,09,UTTAR PRADESH,KANPUR DEHAT,-0.048227604767395016,0.12456747404847805,0.1358861976163407,0.14173010380622,283205.03906022373,0.0719821150714916,-0.2519646289888504,0.24415224913494812,3941798
633,09,UTTAR PRADESH,KASGANJ,-0.03688833995076291,0.13588619761634574,0.14769703960017103,0.15999999999999898,202505.76304158475,0.08201517096463748,-0.2364628988850442,0.2761399461745483,2475748
158,09,UTTAR PRADESH,KAUSHAMBI,-0.08421376393694549,0.10851211072666846,0.1190926566705305,0.13016532103037537,110236.64021029572,0.049818748462490375,-0.24415224913494812,0.2364628988850442,2218096
159,09,UTTAR PRADESH,KHERI,-0.06299115724721126,0.0753556324490556,0.0935640138408272,0.11374086889657448,211032.26315114848,0.021702087356148262,-0.2761399461745483,0.28444444444444444,9738027
160,09,UTTAR PRADESH,KUSHINAGAR,-0.07111111111111218,0.08421376393696588,0.09842368319874546,0.1085121107266576,55729.56922497539,0.015500421342133482,-0.2761399461745483,0.24415224913494812,3604253
161,09,UTTAR PRADESH,LALITPUR,-0.17937716262978753,0.11374086889655134,0.12456747404847338,0.13588619761632145,354936.4132335087,0.05729885465335615,-0.28444444444444444,0.2288965782391388,6203252
162,09,UTTAR PRADESH,LUCKNOW,-0.0797231833910109,0.10340638216073333,0.11909265667052406,0.1301653210303762,100410.76791350507,0.03174703559399863,-0.21413302575932336,0.22145328719723184,3170059
165,09,UTTAR PRADESH,MAHOBA,-0.07535563244905899,0.1085121107266666,0.11909265667052929,0.1301653210303739,242184.3677653301,0.06002802378962937,-0.2679584775086506,0.2069357939254133,4045255
166,09,UTTAR PRADESH,MAINPURI,-0.03543252595155726,0.11909265667053644,0.1301653210303354,0.14173010380624407,247554.74015933287,0.0720797965353399,-0.17279507881584008,0.2288965782391388,3441554
167,09,UTTAR PRADESH,MATHURA,-0.0517339484813532,0.11374086889656287,0.12456747404847433,0.13588619761630102,301590.27838686155,0.07171134065218052,-0.2288965782391388,0.21413302575932336,4213749
168,09,UTTAR PRADESH,MAU,-0.06698961937716197,0.10340638216073963,0.10851211072666282,0.11909265667051996,102306.05230961465,0.047457259157032285,-0.2599000384467512,0.2519646289888504,2161729
169,09,UTTAR PRADESH,MEERUT,-0.04822760476739554,0.07972318339101607,0.09356401384082907,0.1085121107266446,98289.95535939057,0.029715283326393827,-0.2288965782391388,0.24415224913494812,3314219
170,09,UTTAR PRADESH,MIRZAPUR,-0.13588619761630125,0.07111111111111997,0.08421376393696048,0.10340638216071148,-4328.481601082847,-7.96184381233779E-4,-0.2519646289888504,0.2069357939254133,5447558
171,09,UTTAR PRADESH,MORADABAD,-0.013840830449826872,0.11909265667053583,0.1301653210303377,0.14173010380622408,173099.01326622296,0.06975314987924132,-0.14769703960015382,0.29287197231833906,2489342
172,09,UTTAR PRADESH,MUZAFFARNAGAR,-0.04484429065743827,0.06299115724721352,0.07972318339101102,0.09842368319876575,77606.4092547492,0.022142932578511586,-0.21413302575932336,0.2364628988850442,3511799
173,09,UTTAR PRADESH,PILIBHIT,-0.05536332179930802,0.11374086889660066,0.12456747404846757,0.14173010380623688,245043.10220052782,0.051289318158712564,-0.2599000384467512,0.29287197231833906,4788939
174,09,UTTAR PRADESH,PRATAPGARH,-0.07972318339100881,0.10340638216073819,0.11374086889660033,0.12456747404845687,180327.2408064077,0.03917205555676203,-0.2599000384467512,0.19986159169550174,4613609
175,09,UTTAR PRADESH,RAIBEARELI,-0.059115724721263224,0.11909265667053516,0.1245674740484741,0.13588619761633008,285324.8148834525,0.05839048819703916,-0.2679584775086506,0.22145328719723184,4896223
176,09,UTTAR PRADESH,RAMPUR,-0.006815995376821706,0.13588619761632853,0.14173010380624887,0.15378700499808826,254946.68298597,0.08466234477065562,-0.16633602460592078,0.2519646289888504,3018922
177,09,UTTAR PRADESH,SAHARANPUR,-0.0271280276816608,0.09842368319874531,0.11374086889659658,0.12456747404845665,228262.66589403755,0.047723000026535206,-0.21413302575932336,0.2599000384467512,4790695
659,09,UTTAR PRADESH,SAMBHAL,-0.009636270325388703,0.1476970396000714,0.15999999999995568,0.1663360246058602,287330.55039909156,0.09327981401514142,-0.22145328719723184,0.28444444444444444,3088314
178,09,UTTAR PRADESH,SANTKABIRNAGAR,-0.05911572472126108,0.11374086889661114,0.12456747404846426,0.13588619761630255,130362.73904442997,0.06355552826224693,-0.2599000384467512,0.2761399461745483,2058853
180,09,UTTAR PRADESH,SHAHJAHANPUR,-0.03543252595155876,0.12456747404847668,0.135886197616334,0.14769703960016337,369870.06036630523,0.06787197087383941,-0.1929104190695886,0.2761399461745483,5462736
660,09,UTTAR PRADESH,SHAMLI,-0.03543252595155661,0.09842368319875562,0.11374086889658852,0.12456747404845078,72629.8183280496,0.04485812238888014,-0.21413302575932336,0.2364628988850442,1623202
181,09,UTTAR PRADESH,SHRAWASTI,-0.05536332179930684,0.11909265667053494,0.12456747404847394,0.13588619761631504,148870.38571107015,0.06118442071673535,-0.22145328719723184,0.2519646289888504,2439319
182,09,UTTAR PRADESH,SIDDHARTHNAGAR,-0.04822760476739529,0.09842368319875051,0.10851211072666453,0.11909265667051916,206144.71060829583,0.05674665231944483,-0.2288965782391388,0.21413302575932336,3640380
183,09,UTTAR PRADESH,SITAPUR,-0.05173394848135099,0.09356401384085923,0.10851211072666211,0.1245674740484631,225630.87066574872,0.03125406145615865,-0.2288965782391388,0.2599000384467512,7230057
184,09,UTTAR PRADESH,SONBHADRA,-0.18608227604771338,0.06698961937717472,0.08421376393695797,0.10340638216071343,-16457.171351082136,-0.0019501332723578211,-0.2761399461745483,0.2364628988850442,8450002
185,09,UTTAR PRADESH,SULTANPUR,-0.06299115724721135,0.09842368319873815,0.10851211072666021,0.11909265667051759,142084.099631188,0.042706397215719206,-0.19986159169550174,0.21413302575932336,3335749
186,09,UTTAR PRADESH,UNNAO,-0.055363321799307946,0.11909265667053645,0.1301653210303464,0.14173010380622386,356476.3874568061,0.06251852957446433,-0.2519646289888504,0.2599000384467512,5712341
187,09,UTTAR PRADESH,VARANASI,-0.0888273740868831,0.08421376393695591,0.09842368319876989,0.10851211072664402,26133.60862460772,0.013800883479338897,-0.24415224913494812,0.1929104190695886,1899363
120,09,UTTAR PRADESH,PRAYAGRAJ,-0.113740868896575,0.09842368319873682,0.10851211072666393,0.12456747404846331,192590.04590742293,0.028508736341105997,-0.2599000384467512,0.2599000384467512,6766620
164,09,UTTAR PRADESH,MAHARAJGANJ,-0.06299115724721137,0.09842368319873579,0.10851211072666402,0.11909265667051824,186406.0284945107,0.05047471613679475,-0.2679584775086506,0.24415224913494812,3700747
045,05,UTTARAKHAND,ALMORA,-0.05536332179930945,0.10851211072665881,0.11909265667052431,0.13588619761630558,156902.87621739635,0.03886157146141737,-0.14769703960015382,0.2288965782391388,4045433
046,05,UTTARAKHAND,BAGESHWAR,-0.09842368319876668,0.09356401384082448,0.10851211072664899,0.13016532103037706,30878.995826331397,0.010734825635385267,-0.21413302575932336,0.2288965782391388,2883079
048,05,UTTARAKHAND,CHAMPAWAT,-0.04484429065743801,0.11374086889659492,0.13588619761632587,0.14769703960016625,103256.8239900252,0.045675439851773775,-0.19986159169550174,0.2519646289888504,2266165
049,05,UTTARAKHAND,DEHRADUN,-0.10851211072665351,0.09842368319875211,0.11374086889659331,0.13016532103037542,113516.58681447254,0.028321394992189435,-0.2364628988850442,0.22145328719723184,4018513
050,05,UTTARAKHAND,HARIDWAR,-0.035432525951557346,0.09842368319875526,0.11374086889658924,0.13016532103037623,133445.37909925746,0.045313071578462476,-0.21413302575932336,0.2519646289888504,2950783
051,05,UTTARAKHAND,NAINITAL,-0.055363321799307724,0.1137408688965849,0.1301653210303499,0.14173010380622886,259102.24471960752,0.05077525033194611,-0.21413302575932336,0.28444444444444444,5111706
052,05,UTTARAKHAND,PAURI GARHWAL,-0.07535563244905068,0.11374086889659636,0.13016532103035322,0.14173010380623238,279857.02369370137,0.04122054466639867,-0.22145328719723184,0.2364628988850442,6797764
054,05,UTTARAKHAND,RUDRAPRAYAG,-0.09842368319877697,0.0888273740868869,0.108512110726648,0.13016532103036837,9695.170847274583,0.0037702900297062933,-0.21413302575932336,0.22145328719723184,2576527
055,05,UTTARAKHAND,TEHRI GARHWAL,-0.09356401384082348,0.10340638216072252,0.11909265667052096,0.14173010380623544,96960.79636552033,0.019184311596290773,-0.21413302575932336,0.2364628988850442,5065420
056,05,UTTARAKHAND,UDHAM SINGH NAGAR,-0.12456747404844215,0.13016532103033682,0.1417301038062229,0.15378700499808556,217584.0826548928,0.06387891329147033,-0.2364628988850442,0.2679584775086506,3417188
047,05,UTTARAKHAND,CHAMOLI,-0.09356401384082288,0.12456747404847375,0.14769703960014802,0.16633602460587837,357823.4336556491,0.035360577045999195,-0.21413302575932336,0.24415224913494812,10130102
053,05,UTTARAKHAND,PITHORAGARH,-0.08882737408688322,0.11909265667053037,0.13588619761633602,0.14769703960016942,353962.5517276094,0.037973548964699795,-0.2069357939254133,0.2364628988850442,9333695
057,05,UTTARAKHAND,UTTARKASHI,-0.10851211072665334,0.11909265667053336,0.13588619761633908,0.15378700499808098,278209.1951387439,0.026809019729637475,-0.2364628988850442,0.2519646289888504,10391325
664,19,WEST BENGAL,ALIPUR DUAR,-0.08421376393694491,0.05536332179930206,0.07111111111111677,0.0888273740868864,2141.6390604510298,6.131881421498898E-4,-0.1929104190695886,0.21413302575932336,3499191
305,19,WEST BENGAL,BANKURA,-0.09356401384082592,0.03844675124951807,0.055363321799307835,0.08421376393694714,-105082.7162831172,-0.012572372124611186,-0.24415224913494812,0.186082276047674,8367774
306,19,WEST BENGAL,PURBA BARDDHAMAN,-0.07972318339100636,0.05173394848134514,0.06299115724721255,0.07972318339101062,32089.546733326104,0.005065786278092452,-0.2364628988850442,0.2069357939254133,6345416
307,19,WEST BENGAL,BIRBHUM,-0.09842368319877384,0.03844675124950885,0.051733948481346395,0.06299115724721122,-44724.52827104666,-0.008049865913677168,-0.24415224913494812,0.186082276047674,5568338
310,19,WEST BENGAL,DAKSHIN DINAJPUR,-0.07972318339100809,0.05911572472126968,0.06698961937717376,0.07972318339101497,4395.738227505549,0.0015927990838106203,-0.2288965782391388,0.17279507881584008,2766684
309,19,WEST BENGAL,DARJILING,-0.11374086889658261,0.03543252595155747,0.051733948481349566,0.06698961937716216,-55874.29574396376,-0.02179225134824856,-0.1929104190695886,0.17279507881584008,2570580
317,19,WEST BENGAL,PURBA MEDINIPUR,-0.15999999999999434,0.029773164167631833,0.03844675124951829,0.05173394848134968,-60416.44208151404,-0.012674440306861455,-0.24415224913494812,0.186082276047674,4774369
313,19,WEST BENGAL,HAORA,-0.1860822760476855,0.02220684352172017,0.03844675124952028,0.05911572472126333,-40239.215463154986,-0.022676033747322914,-0.22145328719723184,0.186082276047674,1779421
312,19,WEST BENGAL,HUGLI,-0.09356401384082694,0.05911572472125504,0.07535563244904926,0.09356401384082293,-28708.576679582467,-0.007512558773488505,-0.2364628988850442,0.17937716262975778,3830421
314,19,WEST BENGAL,JALPAIGURI,-0.08421376393694616,0.06299115724721113,0.0888273740868875,0.11374086889657367,26398.81951552314,0.0061627517504507295,-0.24415224913494812,0.2519646289888504,4291724
308,19,WEST BENGAL,KOCH BIHAR,-0.0711111111111136,0.075355632449056,0.09356401384083365,0.10851211072664643,57646.034676381576,0.013739244679098189,-0.2288965782391388,0.24415224913494812,4209471
315,19,WEST BENGAL,KOLKATA,-0.15999999999999778,0.03543252595155946,0.04822760476739505,0.06299115724721156,-2561.691640892442,-0.01143603049911453,-0.21413302575932336,0.14173010380622836,225875
316,19,WEST BENGAL,MALDAH,-0.1860822760476834,0.08421376393695641,0.10340638216071986,0.12456747404845281,56863.122237813914,0.01285413744480448,-0.24415224913494812,0.2519646289888504,4432769
319,19,WEST BENGAL,MURSHIDABAD,-0.1034063821607081,0.05173394848134532,0.06698961937716916,0.08421376393694678,21528.45514876274,0.0032908093297945615,-0.2519646289888504,0.2288965782391388,6553296
320,19,WEST BENGAL,NADIA,-0.08421376393694825,0.041584006151471155,0.05536332179930526,0.07111111111111362,-42629.154877690184,-0.008993124286560513,-0.24415224913494812,0.1929104190695886,4752532
303,19,WEST BENGAL,NORTH TWENTY-FOUR PARGANAS,-0.19986159169549111,0.02220684352172127,0.038446751249520926,0.05536332179930811,-150619.0178193542,-0.03107013053270429,-0.2599000384467512,0.186082276047674,4858451
318,19,WEST BENGAL,PASCHIM MEDINIPUR,-0.08882737408688596,0.05536332179930258,0.07535563244904597,0.09842368319877445,12097.222001917513,0.0015961745259949853,-0.2519646289888504,0.17279507881584008,7589470
321,19,WEST BENGAL,PURULIYA,-0.10851211072664518,0.01777777777777945,0.03543252595156021,0.05911572472126375,-221138.16421390214,-0.02908386591800699,-0.24415224913494812,0.22145328719723184,7614827
304,19,WEST BENGAL,SOUTH TWENTY-FOUR PARGANAS,-0.19986159169548445,0.05536332179931496,0.06299115724726449,0.07111111111108978,-162922.61744841162,-0.017639408930094833,-0.2519646289888504,0.19986159169550174,9269362
311,19,WEST BENGAL,UTTAR DINAJPUR,-0.0669896193771629,0.10340638216073171,0.12456747404846805,0.1417301038062188,108172.43784090824,0.027815055739075046,-0.19986159169550174,0.21413302575932336,3902218
703,19,WEST BENGAL,JHARGRAM,-0.09356401384082529,0.041584006151476165,0.05173394848134708,0.06698961937716323,-30896.965607252892,-0.008256833789272958,-0.2288965782391388,0.2288965782391388,3751531
704,19,WEST BENGAL,PASCHIM BARDDHAMAN,-0.09842368319876843,0.032541330257593815,0.04484429065743812,0.059115724721263765,-41972.7405769433,-0.019035525132741937,-0.2288965782391388,0.17937716262975778,2210746
702,19,WEST BENGAL,KALIMPONG,-0.1137408688965805,0.027128027681661202,0.0415840061514812,0.05911572472126397,-45922.33473711386,-0.033543307280617315,-0.17937716262975778,0.17279507881584008,1372509
