di_code,st_code,state23,dist23,A02_p2,A02_p90,A02_p95,A02_p98,A02_sum,A02_mean,A02_min,A02_max,A02_count
603,35,ANDAMAN & NICOBAR,NICOBAR,-0.16633602460592475,0.06698961937716262,0.09356401384082717,0.124567474048441,-53763.00444634366,-0.026800652903758264,-0.2761399461745483,0.2519646289888504,2020602
632,35,ANDAMAN & NICOBAR,NORTH & MIDDLE ANDAMAN,-0.0935640138408269,0.07111111111111744,0.09356401384082402,0.11909265667050953,13890.093632405826,0.0034961368718024093,-0.21413302575932336,0.31009611687812383,4003957
602,35,ANDAMAN & NICOBAR,SOUTH ANDAMAN,-0.11909265667051198,0.06299115724721124,0.08421376393694426,0.10851211072664305,-23915.494196824016,-0.008264680690057293,-0.2599000384467512,0.29287197231833906,2916597
502,28,ANDHRA PRADESH,ANANTAPUR,0.025967509650564456,0.17937716262982936,0.19291041906955586,0.21413302575930812,2717907.0549715376,0.12132643369619309,-0.14173010380622836,0.39369473279507883,22430270
503,28,ANDHRA PRADESH,CHITTOOR,-0.036897553257873326,0.15999999999996012,0.179377162629808,0.19291041906959538,1554640.1967786488,0.09014730351769674,-0.2288965782391388,0.33685505574778934,17269415
504,28,ANDHRA PRADESH,Y S R KADAPA,-0.016753067596551936,0.16633602460582922,0.18608227604771355,0.20693579392539166,1778449.6160797374,0.10042511826138985,-0.13016532103037293,0.37425605536332185,17724326
505,28,ANDHRA PRADESH,EAST GODAVARI,0.016824247312056718,0.20693579392537467,0.22145328719727111,0.2364628988850205,2133424.5874715736,0.1411474655529909,-0.13588619761630144,0.3839138792772011,15133939
506,28,ANDHRA PRADESH,GUNTUR,-0.00885813148788938,0.14769703960016548,0.15999999999999867,0.17937716262977668,1135991.1855545354,0.08556320919752139,-0.11374086889657825,0.3553094963475586,13291974
510,28,ANDHRA PRADESH,KRISHNA,-0.01293919637334243,0.17279507881578685,0.19291041906954276,0.21413302575926574,953252.3544554118,0.09336747592988935,-0.12456747404844293,0.3839138792772011,10225813
511,28,ANDHRA PRADESH,KURNOOL,0.02712802768166148,0.18608227604766028,0.19986159169548293,0.2214532871972216,2532212.099176449,0.1255497809226365,-0.10340638216070744,0.36472126105344094,20185908
515,28,ANDHRA PRADESH,POTTI SRIRAMULU NELLORE,-0.09842368319879234,0.15999999999997097,0.179377162629818,0.19986159169548437,873149.1642791494,0.05725344417794107,-0.2599000384467512,0.31009611687812383,15263341
517,28,ANDHRA PRADESH,PRAKASAM,-0.024605920799693228,0.1476970396001476,0.15999999999998457,0.17937716262978573,1696277.6133387496,0.08298330601832121,-0.16633602460592078,0.3188927335640138,20457221
519,28,ANDHRA PRADESH,SRIKAKULAM,0.024605920799692198,0.18608227604766592,0.19986159169548387,0.22145328719722493,829694.0941300641,0.12056271361079082,-0.08882737408688965,0.3553094963475586,6895077
520,28,ANDHRA PRADESH,VISAKHAPATNAM,0.027128027681661365,0.20693579392537545,0.22145328719724824,0.23646289888502492,1905856.7766787724,0.14019450289408575,-0.11909265667051133,0.37425605536332185,13613577
521,28,ANDHRA PRADESH,VIZIANAGARAM,0.0448442906574382,0.19986159169548284,0.21413302575925527,0.23646289888503416,1003538.1177342489,0.13859969100728037,-0.10340638216070744,0.36472126105344094,7256513
523,28,ANDHRA PRADESH,WEST GODAVARI,0.001750672819024537,0.21413302575922116,0.24415224913499636,0.26795847750868973,1378239.9026580178,0.1417986533975003,-0.10340638216070744,0.41362552864282975,9731922
628,12,ARUNACHAL PRADESH,ANJAW,-0.12456747404845205,0.21413302575924775,0.24415224913496242,0.2679584775086816,639140.2714832509,0.0840659547999007,-0.2679584775086506,0.3839138792772011,7611073
229,12,ARUNACHAL PRADESH,CHANGLANG,-0.03691062275295204,0.22889657823909987,0.2441522491349391,0.2679584775086657,859448.8699933084,0.1382784276002214,-0.19986159169550174,0.36472126105344094,6227191
230,12,ARUNACHAL PRADESH,DIBANG VALLEY,-0.16000000000000553,0.1793771626298162,0.20693579392537967,0.23646289888500452,671498.2001214579,0.05506432944603131,-0.28444444444444444,0.3553094963475586,12207130
231,12,ARUNACHAL PRADESH,EAST KAMENG,-0.13588619761630782,0.21413302575923224,0.2364628988850132,0.2519646289888487,444481.451329948,0.08008390084272443,-0.2679584775086506,0.3553094963475586,5558425
233,12,ARUNACHAL PRADESH,KURUNG KUMEY,-0.1793771626297863,0.1860822760477023,0.21413302575925597,0.24415224913494832,248222.30847894168,0.04421441886541597,-0.28444444444444444,0.3553094963475586,5621269
234,12,ARUNACHAL PRADESH,LOHIT,-0.059115724721262065,0.2364628988850587,0.25196462898889704,0.26795847750868823,531119.5919681869,0.1377532634866829,-0.19986159169550174,0.37425605536332185,3863405
235,12,ARUNACHAL PRADESH,LOWER DIBANG VALLEY,-0.0753556324490576,0.228896578239097,0.24415224913500344,0.25990003844675635,592810.5615739726,0.13222809697629126,-0.21413302575932336,0.37425605536332185,4491587
237,12,ARUNACHAL PRADESH,PAPUMPARE,-0.06299115724721138,0.22889657823909915,0.24415224913492284,0.2599000384467697,541929.7090736163,0.12530351047384025,-0.17937716262975778,0.39369473279507883,4333778
238,12,ARUNACHAL PRADESH,TAWANG,-0.1929104190695849,0.16633602460588184,0.19986159169548387,0.22889657823910517,129656.25206107319,0.04190810361644695,-0.31009611687812383,0.3553094963475586,3100277
239,12,ARUNACHAL PRADESH,TIRAP,-0.05173394848135418,0.23646289888503244,0.2519646289888874,0.2679584775086856,206410.8641689567,0.14031469272810024,-0.16000000000000003,0.3553094963475586,1474824
240,12,ARUNACHAL PRADESH,UPPER SIANG,-0.119092656670511,0.2069357939253783,0.22889657823910736,0.24415224913493971,687050.9041312782,0.08054261100921749,-0.2599000384467512,0.36472126105344094,8540336
241,12,ARUNACHAL PRADESH,UPPER SUBANSIRI,-0.14173010380624032,0.19291041906955328,0.221453287197221,0.2441522491349268,521001.6622094563,0.06345828450126474,-0.28444444444444444,0.3839138792772011,8220067
242,12,ARUNACHAL PRADESH,WEST KAMENG,-0.08421376393694593,0.21413302575923174,0.2364628988850475,0.2599000384467639,614695.6555303832,0.0996057881478176,-0.28444444444444444,0.37425605536332185,6178998
719,12,ARUNACHAL PRADESH,LOWER SIANG,-0.032541330257593634,0.2214532871972041,0.23646289888504646,0.25196462898884486,307677.26804997603,0.13460065074361935,-0.14173010380622836,0.36472126105344094,2292082
236,12,ARUNACHAL PRADESH,LOWER SUBANSIRI,-0.06299115724721135,0.21413302575926896,0.23646289888502403,0.2519646289888446,259870.44524414217,0.10630957251490956,-0.17937716262975778,0.34602076124567477,2449933
679,12,ARUNACHAL PRADESH,SIANG,-0.07972318339100558,0.21413302575924978,0.23646289888501107,0.2519646289888447,470088.98805594357,0.10743771270590971,-0.2364628988850442,0.3553094963475586,4383418
243,12,ARUNACHAL PRADESH,WEST SIANG,-0.07972318339100544,0.19986159169548287,0.2141330257592824,0.2364628988850585,172998.871087251,0.10256630051281189,-0.186082276047674,0.33685505574778934,1691102
725,12,ARUNACHAL PRADESH,SHI YOMI,-0.12456747404843864,0.17279507881585102,0.1998615916954857,0.22145328719722404,168051.26256091575,0.0505111711839783,-0.2599000384467512,0.37425605536332185,3331997
724,12,ARUNACHAL PRADESH,LEPA RADA,-0.06299115724721141,0.21413302575928536,0.22889657823911652,0.2441522491349309,107130.37301930279,0.11069680664266214,-0.16000000000000003,0.36472126105344094,970650
723,12,ARUNACHAL PRADESH,PAKKE KESSANG,-0.04822760476739572,0.21413302575926632,0.228896578239116,0.2519646289888448,285129.64320086,0.11913499155342061,-0.14769703960015382,0.3553094963475586,2399368
677,12,ARUNACHAL PRADESH,KRA DAADI,-0.08421376393694739,0.2141330257592492,0.23646289888498856,0.25990003844678655,219625.80198647635,0.0987443651358438,-0.22145328719723184,0.3553094963475586,2229870
678,12,ARUNACHAL PRADESH,NAMSAI,0.05536332179930702,0.244152249135015,0.2599000384468195,0.2761399461745777,303869.95811311755,0.17978166126326778,-0.06698961937716265,0.36472126105344094,1693784
718,12,ARUNACHAL PRADESH,KAMLE,-0.06299115724721138,0.2214532871972291,0.23646289888500877,0.2519646289888446,201621.18240971162,0.11602871419461869,-0.17279507881584008,0.3553094963475586,1742339
232,12,ARUNACHAL PRADESH,EAST SIANG,-0.01676968606162532,0.22889657823910162,0.2441522491349654,0.25990003844674786,326122.7225310076,0.15361909350064584,-0.14173010380622836,0.37425605536332185,2127307
666,12,ARUNACHAL PRADESH,LONGDING,-0.02105642026596218,0.24415224913504158,0.2599000384467831,0.2761399461745556,189255.68199499827,0.16166222934392163,-0.14173010380622836,0.36472126105344094,1174145
616,18,ASSAM,BAKSA,0.055363321799308106,0.20693579392538058,0.22145328719721222,0.23646289888504474,444875.3324241179,0.14606275294304133,-0.0629911572472126,0.36472126105344094,3055457
280,18,ASSAM,BARPETA,-0.019930795847751683,0.19986159169548307,0.22145328719720223,0.2441522491349324,356391.0287580203,0.1250361328233755,-0.08421376393694734,0.37425605536332185,2859045
705,18,ASSAM,BISWANATH,-0.00885813148788951,0.2069357939253816,0.22145328719721072,0.23646289888505836,376691.46915241145,0.13574982079110623,-0.05536332179930796,0.36472126105344094,2780367
281,18,ASSAM,BONGAIGAON,-0.006802740974179812,0.19986159169548412,0.22145328719722,0.23646289888505567,185223.2850527537,0.13310783004363366,-0.07535563244905807,0.37425605536332185,1397646
282,18,ASSAM,CACHAR,0.0017537550489797609,0.22145328719725904,0.23646289888500732,0.2519646289888446,676014.3310336727,0.14532974464342052,-0.13588619761630144,0.40359861591695495,4659875
708,18,ASSAM,CHARAIDEO,0.03844675124951874,0.19986159169548393,0.2141330257593058,0.23646289888505534,182597.86457091247,0.1439173061435746,-0.04822760476739715,0.36472126105344094,1273387
612,18,ASSAM,CHIRANG,0.06698961937716111,0.20693579392537945,0.2141330257592812,0.23646289888505753,359558.9098587909,0.15055974015532556,-0.05536332179930796,0.36472126105344094,2393821
283,18,ASSAM,DARRANG,-0.013840830449826707,0.21413302575927265,0.23646289888501903,0.251964628988845,255419.00628814223,0.12943753664269947,-0.06698961937716265,0.37425605536332185,1980527
284,18,ASSAM,DHEMAJI,0.0026424574455887304,0.2214532871972258,0.23646289888502411,0.25990003844675935,489253.60644829686,0.15682112141780624,-0.10340638216070744,0.39369473279507883,3127982
285,18,ASSAM,DHUBRI,0.012056901191848993,0.19986159169548473,0.214133025759299,0.22889657823913753,280624.29515067796,0.13604675942332858,-0.041584006151480196,0.34602076124567477,2073149
286,18,ASSAM,DIBRUGARH,-0.002644680567696727,0.2069357939253775,0.22145328719719448,0.24415224913493022,557038.0864434241,0.1312042477537046,-0.07111111111111111,0.37425605536332185,4254504
299,18,ASSAM,DIMA HASAO,-0.005712376894472892,0.19986159169548248,0.21413302575925083,0.23646289888502856,808544.2691603983,0.13405388060092155,-0.186082276047674,0.40359861591695495,6041285
287,18,ASSAM,GOALPARA,9.187643118097993E-4,0.1793771626297947,0.19986159169548667,0.22145328719722845,283704.4658547434,0.11683511977289021,-0.06698961937716265,0.3553094963475586,2434900
288,18,ASSAM,GOLAGHAT,0.01384083044982668,0.20693579392537945,0.2214532871972096,0.236462898885059,573175.4464162239,0.14262324319938474,-0.041584006151480196,0.41362552864282975,4029611
289,18,ASSAM,HAILAKANDI,0.017777777777777372,0.221453287197235,0.2364628988849917,0.2599000384467744,248541.1192248998,0.15245672371808272,-0.06698961937716265,0.36472126105344094,1635070
709,18,ASSAM,HOJAI,0.022206843521722187,0.19986159169548406,0.21413302575932627,0.23646289888505753,228921.45044432825,0.12669537624796584,-0.10340638216070744,0.3553094963475586,1811736
290,18,ASSAM,JORHAT,0.035432525951557416,0.1929104190695576,0.21413302575929852,0.23646289888505756,309405.66975943337,0.13281224355427307,-0.07535563244905807,0.37425605536332185,2335717
618,18,ASSAM,KAMRUP METRO,0.012056901191849385,0.21413302575930326,0.22889657823912765,0.2519646289888451,171327.15963337186,0.14181895386106733,-0.07972318339100345,0.39369473279507883,1212134
291,18,ASSAM,KAMRUP RURAL,0.013840830449826846,0.2069357939253811,0.22889657823912182,0.24415224913493727,543703.0053280707,0.14008064092359224,-0.07972318339100345,0.3839138792772011,3891403
292,18,ASSAM,KARBI ANGLONG,0.022206843521721996,0.19986159169548776,0.21413302575923326,0.22889657823911522,1247935.296962085,0.13705558266268578,-0.13588619761630144,0.3553094963475586,9120022
293,18,ASSAM,KARIMGANJ,0.006827682661571262,0.20693579392538117,0.2214532871972163,0.23646289888505895,293766.11477627914,0.13204748002695146,-0.08882737408688965,0.3839138792772011,2229526
294,18,ASSAM,KOKRAJHAR,0.055363321799310264,0.19291041906954542,0.21413302575928625,0.22889657823913212,537732.8795017016,0.13890234593309678,-0.07535563244905807,0.3553094963475586,3879174
295,18,ASSAM,LAKHIMPUR,0.019930795847751245,0.21413302575921805,0.22889657823910692,0.24415224913492967,583794.6576142318,0.15541362962102248,-0.09356401384083046,0.37425605536332185,3763908
706,18,ASSAM,MAJULI,-0.013840830449826699,0.17937716262979844,0.19291041906957707,0.2141330257593289,161552.56079847843,0.10163841055441455,-0.05911572472126105,0.33685505574778934,1595085
296,18,ASSAM,MARIGAON,-0.010396001537870228,0.1860822760477012,0.20693579392538558,0.22889657823914192,219977.62450740894,0.11698685171868219,-0.07972318339100345,0.37425605536332185,1884753
297,18,ASSAM,NAGAON,0.01993079584775085,0.1929104190695613,0.21413302575928914,0.23646289888505426,410210.9632213329,0.1277851083771535,-0.07535563244905807,0.36472126105344094,3221993
298,18,ASSAM,NALBARI,-0.012056901191848962,0.19986159169548434,0.22145328719722066,0.2441522491349374,165180.42488376217,0.12688017556301506,-0.05911572472126105,0.37425605536332185,1306375
300,18,ASSAM,SIBSAGAR,0.029773164167628416,0.19291041906958523,0.20693579392538788,0.2288965782391456,264660.1457288792,0.12969607577023393,-0.05536332179930796,0.3553094963475586,2046198
301,18,ASSAM,SONITPUR,-0.002649172651091959,0.19986159169548287,0.21413302575927537,0.23646289888505467,506856.12252009864,0.13497653421625408,-0.08882737408688965,0.3839138792772011,3761187
707,18,ASSAM,SOUTH SALMARA MANCACHAR,-0.01384083044982665,0.18608227604769698,0.1998615916954895,0.2214532871972448,72667.05341168391,0.10450498056062275,-0.05536332179930796,0.3278123798539023,699403
302,18,ASSAM,TINSUKIA,-9.252679922895638E-4,0.2141330257592207,0.22145328719724044,0.24415224913493003,720390.3396291268,0.15017955008330663,-0.07972318339100345,0.3839138792772011,4805197
617,18,ASSAM,UDALGURI,0.06698961937716194,0.21413302575922846,0.22889657823910708,0.2519646289888451,393431.8701469803,0.15635855325912798,-0.019930795847750864,0.37425605536332185,2524545
710,18,ASSAM,WEST KARBI ANGLONG,0.03543252595155854,0.199861591695496,0.21413302575925686,0.23646289888503777,549492.6343497189,0.14421332125819897,-0.10340638216070744,0.34602076124567477,3818912
188,10,BIHAR,ARARIA,0.08882737408688765,0.22889657823909246,0.24415224913494177,0.2519646289888446,640448.31036901,0.18461068757906485,-0.03254133025759323,0.3553094963475586,3476505
611,10,BIHAR,ARWAL,0.05173394848135455,0.16000000000002584,0.17279507881584955,0.19291041906958242,96879.64232359931,0.12318137919983577,-0.05536332179930796,0.34602076124567477,790200
189,10,BIHAR,AURANGABAD,0.044844290657438265,0.15378700499800987,0.17279507881585088,0.1860822760476892,488559.6593579013,0.12021480241857611,-0.05536332179930796,0.31009611687812383,4071463
190,10,BIHAR,BANKA,0.05173394848135158,0.18608227604765434,0.1998615916954845,0.21413302575929796,499829.71142806805,0.13431504313982634,-0.05173394848135333,0.3188927335640138,3727975
191,10,BIHAR,BEGUSARAI,0.03254133025759296,0.1793771626298311,0.19291041906955936,0.20693579392539138,312469.05785876996,0.13139678244805458,-0.05536332179930796,0.33685505574778934,2385201
200,10,BIHAR,KAIMUR,0.03543252595155921,0.17279507881585124,0.19291041906958478,0.21413302575933252,508464.42936961574,0.12256233491004163,-0.08421376393694734,0.3188927335640138,4155971
192,10,BIHAR,BHAGALPUR,0.032541330257591976,0.1929104190695332,0.20693579392538045,0.2214532871972052,433049.59754040046,0.13728168722383094,-0.041584006151480196,0.34602076124567477,3161985
193,10,BIHAR,BHOJPUR,0.04822760476739457,0.16633602460584435,0.17937716262979786,0.1929104190695936,372087.5268715719,0.12598830061543217,-0.05536332179930796,0.34602076124567477,2959033
194,10,BIHAR,BUXAR,0.0482276047673951,0.153787004998034,0.16633602460590471,0.1860822760476911,246507.6114680501,0.11725976563879632,-0.05911572472126105,0.36472126105344094,2107650
195,10,BIHAR,DARBHANGA,0.04158400615148106,0.19291041906955503,0.19986159169548343,0.21413302575932974,434680.515469597,0.13900851097609068,-0.0629911572472126,0.3188927335640138,3135810
196,10,BIHAR,GAYA,0.04484429065743805,0.17279507881578984,0.18608227604771163,0.20693579392539252,769369.3543122329,0.1260667569537878,-0.07535563244905807,0.3278123798539023,6114662
197,10,BIHAR,GOPALGANJ,0.03844675124951991,0.1727950788158073,0.1860822760477101,0.1929104190696035,312115.140888439,0.12303826012094901,-0.05536332179930796,0.3188927335640138,2543564
199,10,BIHAR,JAHANABAD,0.04822760476739541,0.16000000000001185,0.17279507881585057,0.17937716262975062,140185.39195766812,0.12132900183905139,-0.044844290657439445,0.28444444444444444,1159636
198,10,BIHAR,JAMUI,0.03844675124951958,0.17937716262982165,0.19986159169548423,0.2141330257593202,483521.8918429259,0.12686108627012652,-0.07111111111111111,0.31009611687812383,3819342
201,10,BIHAR,KATIHAR,0.03543252595155782,0.22145328719720056,0.23646289888509148,0.24415224913498235,619501.2612026037,0.16455372184689845,-0.06698961937716265,0.36472126105344094,3773694
202,10,BIHAR,KHAGARIA,0.044844290657438626,0.18608227604771665,0.19291041906959272,0.20693579392540062,257478.7042167986,0.13953173096001084,-0.05173394848135333,0.3188927335640138,1851170
203,10,BIHAR,KISHANGANJ,0.09356401384082576,0.2288965782390932,0.24415224913504097,0.25196462898885236,438738.0727815609,0.18273129017353368,0.004982698961937716,0.34602076124567477,2408235
204,10,BIHAR,LAKHISARAI,0.03543252595155839,0.16633602460588867,0.1793771626297882,0.19291041906957834,181456.66813076474,0.12057143904405823,-0.07111111111111111,0.3188927335640138,1509373
205,10,BIHAR,MADHEPURA,0.07111111111111142,0.22145328719730553,0.22889657823909876,0.24415224913492994,383966.269634202,0.17136503150606644,-0.041584006151480196,0.3553094963475586,2247230
206,10,BIHAR,MADHUBANI,0.03844675124952028,0.1860822760476139,0.19986159169548334,0.21413302575931975,600233.2383943998,0.13761432587136846,-0.05173394848135333,0.33685505574778934,4370352
207,10,BIHAR,MUNGER,0.027128027681660158,0.17279507881585063,0.1860822760477108,0.19986159169548562,206691.8155386409,0.11870560304491473,-0.07535563244905807,0.3278123798539023,1746408
208,10,BIHAR,MUZAFFARPUR,0.051733948481352175,0.20693579392537592,0.22145328719725443,0.22889657823911252,588584.1924005074,0.14898037125819022,-0.0629911572472126,0.34602076124567477,3958875
209,10,BIHAR,NALANDA,0.05911572472126337,0.17279507881574244,0.1860822760476681,0.1998615916954861,386510.89781441673,0.13228412296865394,-0.06698961937716265,0.3553094963475586,2929383
210,10,BIHAR,NAWADA,0.03844675124951973,0.16633602460583857,0.18608227604770725,0.1998615916954878,373555.4562843488,0.12192909196541482,-0.08421376393694734,0.3188927335640138,3071041
211,10,BIHAR,PASHCHIMI CHAMPARAN,0.04822760476739438,0.1793771626298339,0.1998615916954832,0.21413302575928134,860881.2787147025,0.1314156502008377,-0.05911572472126105,0.33685505574778934,6560379
212,10,BIHAR,PATNA,0.035432525951557436,0.17279507881577955,0.1860822760477123,0.1998615916954881,512973.9454050393,0.1299286625051432,-0.044844290657439445,0.36472126105344094,3959090
213,10,BIHAR,PURBI CHAMPARAN,0.048227604767393996,0.19986159169555595,0.21413302575927973,0.22889657823911103,709861.7763740629,0.1431853721097306,-0.05173394848135333,0.33685505574778934,4966698
214,10,BIHAR,PURNIA,0.0842137639369464,0.23646289888511016,0.24415224913507583,0.25990003844675125,740592.8964181286,0.1850455744261325,-0.007443291041906958,0.36472126105344094,4010639
215,10,BIHAR,ROHTAS,0.04822760476739433,0.17279507881581554,0.19291041906956644,0.21413302575931625,606048.1295027512,0.12796880584003678,-0.08882737408688965,0.34602076124567477,4743839
216,10,BIHAR,SAHARSA,0.048227604767393954,0.19986159169548232,0.2141330257592679,0.22889657823912823,292346.40175829513,0.14139755501745502,-0.044844290657439445,0.33685505574778934,2073256
217,10,BIHAR,SAMASTIPUR,0.04158400615148101,0.19291041906952666,0.2069357939253782,0.22145328719721472,476355.12690760585,0.14381636285180832,-0.05536332179930796,0.3188927335640138,3321029
218,10,BIHAR,SARAN,0.035432525951557686,0.18608227604765679,0.19291041906956038,0.20693579392539094,425790.121938186,0.1299694653600971,-0.07535563244905807,0.3188927335640138,3282541
219,10,BIHAR,SHEIKHPURA,0.05911572472126271,0.15378700499808018,0.1663360246059251,0.18608227604767277,100832.72713985403,0.12055201212217258,-0.044844290657439445,0.34602076124567477,840498
220,10,BIHAR,SHEOHAR,0.051733948481354146,0.22145328719720006,0.22889657823911927,0.2364628988850605,87872.08869656044,0.15870553947259894,-0.07972318339100345,0.3188927335640138,556991
221,10,BIHAR,SITAMARHI,0.04484429065743796,0.1860822760476451,0.19986159169548304,0.2141330257593272,377546.37434415467,0.13819637428503767,-0.044844290657439445,0.33685505574778934,2739355
222,10,BIHAR,SIWAN,0.029773164167627545,0.1663360246058136,0.17279507881577955,0.1860822760477063,319003.1919061255,0.11556112732091185,-0.07972318339100345,0.36472126105344094,2766570
223,10,BIHAR,SUPAUL,0.05173394848135275,0.21413302575919832,0.22145328719729293,0.23646289888502028,469240.18459052144,0.15578642699155637,-0.05536332179930796,0.34602076124567477,3018897
224,10,BIHAR,VAISHALI,0.03543252595155794,0.19986159169548232,0.21413302575924986,0.22889657823911888,361341.9049711656,0.14313037660357214,-0.04822760476739715,0.33685505574778934,2529599
044,04,CHANDIGARH,CHANDIGARH,0.03543252595155687,0.20693579392541844,0.2288965782391365,0.24415224913494527,19816.469615814076,0.13322563615580757,-0.05536332179930796,0.3188927335640138,150026
646,22,CHHATTISGARH,BALOD,0.05911572472126419,0.19986159169548268,0.21413302575928017,0.22889657823913176,592053.3725921543,0.1471696047982023,-0.07972318339100345,0.3553094963475586,4030747
644,22,CHHATTISGARH,BALODA BAZAR,0.05911572472125663,0.19291041906954512,0.2069357939253815,0.2288965782391387,806074.2239159367,0.1438253038365908,-0.03844675124951941,0.33685505574778934,5614038
649,22,CHHATTISGARH,BALRAMPUR,0.06299115724721127,0.21413302575925358,0.22889657823910753,0.2441522491349287,1195821.1061068198,0.15656854098826714,-0.05536332179930796,0.3553094963475586,7650578
374,22,CHHATTISGARH,BASTAR,0.05911572472126437,0.22145328719726254,0.23646289888500888,0.2519646289888446,996735.6719908749,0.1561761777131757,-0.06698961937716265,0.37425605536332185,6393305
650,22,CHHATTISGARH,BEMETARA,0.10340638216071193,0.19986159169548257,0.20693579392538083,0.2214532871972181,437383.75388889253,0.16259581817690172,-0.006151480199923107,0.3278123798539023,2697016
636,22,CHHATTISGARH,BIJAPUR,0.0591157247212634,0.1998615916954825,0.22145328719721777,0.236462898885036,1532272.5336599122,0.14035541249201308,-0.08882737408688965,0.3553094963475586,10931393
375,22,CHHATTISGARH,BILASPUR,0.0711111111111116,0.20693579392537897,0.22145328719720558,0.23646289888505365,654883.2166445742,0.15324888407402992,-0.0629911572472126,0.3839138792772011,4282196
734,22,CHHATTISGARH,GAURELA-PENDRA-MARWAHI,0.07972318339100903,0.21413302575925267,0.22889657823911647,0.24415224913493236,391376.0457495615,0.16206260710673684,-0.01574778931180315,0.33685505574778934,2420209
376,22,CHHATTISGARH,DAKSHIN BASTAR DANTEWADA,0.07111111111111523,0.22889657823909934,0.24415224913492609,0.25990003844677445,550007.9718076177,0.16528337697771717,-0.07111111111111111,0.3839138792772011,3336766
377,22,CHHATTISGARH,DHAMTARI,0.05911572472126308,0.2069357939253772,0.22889657823911533,0.24415224913493183,714675.638457114,0.1466148610341021,-0.05173394848135333,0.37425605536332185,4882863
378,22,CHHATTISGARH,DURG,0.07972318339100903,0.1998615916954826,0.20693579392538028,0.22889657823914095,421522.0839426705,0.15318271998277613,-0.044844290657439445,0.33685505574778934,2758101
645,22,CHHATTISGARH,GARIYABAND,0.0711111111111169,0.20693579392537725,0.22145328719720309,0.23646289888505742,877129.0339234223,0.1519078374929998,-0.041584006151480196,0.3553094963475586,5784384
379,22,CHHATTISGARH,JANJGIR - CHAMPA,0.07535563244905938,0.1929104190695363,0.20693579392538086,0.22145328719722096,824571.5548416765,0.15261420955192992,-0.07111111111111111,0.34602076124567477,5413703
380,22,CHHATTISGARH,JASHPUR,0.07535563244905298,0.22145328719728688,0.23646289888501065,0.2519646289888446,1149112.4242252812,0.16219431112111235,-0.03543252595155709,0.34602076124567477,7094864
382,22,CHHATTISGARH,KABIRDHAM,0.07111111111111647,0.20693579392537437,0.22145328719728202,0.23646289888502087,819813.3455382189,0.16217318166325395,-0.01574778931180315,0.3553094963475586,5063228
381,22,CHHATTISGARH,UTTAR BASTAR KANKER,0.066989619377165,0.2141330257592248,0.22889657823910295,0.24415224913492692,1351042.411946279,0.15795324526701515,-0.04822760476739715,0.36472126105344094,8566278
643,22,CHHATTISGARH,KONDAGAON,0.07972318339100844,0.22889657823909593,0.25196462898886646,0.2679584775086763,1026293.1463004369,0.17031775827537557,-0.01384083044982699,0.3839138792772011,6035251
383,22,CHHATTISGARH,KORBA,0.04158400615148095,0.2069357939253756,0.22889657823910656,0.24415224913492894,1212697.6052168733,0.15206569586319493,-0.07972318339100345,0.34602076124567477,7984432
384,22,CHHATTISGARH,KOREA,0.07972318339100741,0.22145328719732557,0.23646289888501223,0.2599000384467688,1364092.7986969159,0.1697854386685022,-0.08421376393694734,0.36472126105344094,8044955
385,22,CHHATTISGARH,MAHASAMUND,0.0753556324490537,0.20693579392537473,0.22145328719723767,0.23646289888504507,916360.3928227342,0.16101407989308938,-0.03844675124951941,0.3553094963475586,5701522
647,22,CHHATTISGARH,MUNGELI,0.07111111111111554,0.2069357939253756,0.21413302575925042,0.22889657823912568,542021.5185687159,0.16183472516914693,-0.03543252595155709,0.34602076124567477,3357558
637,22,CHHATTISGARH,NARAINPUR,0.06299115724721122,0.2141330257592527,0.2288965782391162,0.24415224913493153,705288.0437024576,0.15253667757053635,-0.03543252595155709,0.36472126105344094,4632332
386,22,CHHATTISGARH,RAIGARH,0.055363321799303485,0.20693579392537556,0.22145328719727364,0.2364628988850344,1291993.027315315,0.15219389630933577,-0.05911572472126105,0.3553094963475586,8502955
387,22,CHHATTISGARH,RAIPUR,0.07111111111111358,0.19986159169548307,0.21413302575927193,0.22889657823912504,517773.2691373698,0.14876811953167945,-0.041584006151480196,0.3553094963475586,3486230
388,22,CHHATTISGARH,RAJ NANDGAON,0.06698961937716419,0.19986159169548248,0.2069357939253793,0.2288965782391282,1443890.2271806935,0.14952848413091244,-0.024605920799692427,0.3553094963475586,9670842
642,22,CHHATTISGARH,SUKMA,0.06698961937716573,0.20693579392537614,0.22889657823911316,0.24415224913493047,967653.9798202569,0.15012290403013434,-0.05173394848135333,0.3553094963475586,6458280
648,22,CHHATTISGARH,SURAJPUR,0.06299115724721124,0.21413302575921617,0.22889657823910464,0.2441522491349269,1049866.7872935329,0.15823192035637135,-0.06698961937716265,0.36472126105344094,6646511
389,22,CHHATTISGARH,SURGUJA,0.0842137639369492,0.22889657823909518,0.24415224913493808,0.25990003844677284,842158.858824699,0.17345105457740698,-0.0629911572472126,0.36472126105344094,4864080
463,38,DADRA & NAGAR HAVELI & DAMAN & DIU,DAMAN,0.059115724721261184,0.1929104190695843,0.20693579392541614,0.22145328719723373,12004.364490637294,0.14094938478911154,-0.003014225297962322,0.33685505574778934,86148
464,38,DADRA & NAGAR HAVELI & DAMAN & DIU,DIU,0.05911572472126103,0.2141330257593218,0.2288965782391397,0.25196462898885114,6729.213217842183,0.1457330977995399,-0.003936947327950788,0.3278123798539023,47012
465,38,DADRA & NAGAR HAVELI & DAMAN & DIU,DADRA & NAGAR HAVELI,0.08421376393694625,0.23646289888506059,0.25196462898884486,0.267958477508648,103194.65700584253,0.17693923185307933,-0.008858131487889272,0.33685505574778934,587628
077,07,DELHI,CENTRAL,0.02220684352172242,0.20693579392541347,0.22145328719722593,0.24415224913494368,17037.594177321953,0.12588821983887832,-0.0629911572472126,0.3278123798539023,137139
078,07,DELHI,EAST,0.048227604767397195,0.19986159169550025,0.22145328719723398,0.2441522491349486,5407.687537612576,0.1351411925138453,0.006151480199923107,0.3188927335640138,40526
079,07,DELHI,NEW DELHI,0.03254133025759361,0.18608227604768476,0.20693579392541975,0.2288965782391357,24142.408672134898,0.12139592612031729,-0.019930795847750864,0.33685505574778934,200534
080,07,DELHI,NORTH,0.038446751249519455,0.22145328719722313,0.22889657823914866,0.24415224913495498,58130.92467251299,0.1566085767275295,-0.03543252595155709,0.33685505574778934,373407
081,07,DELHI,NORTH EAST,0.015747789311803193,0.19986159169550163,0.22145328719723392,0.2599000384467515,5096.395803122036,0.11363379196405271,-0.03254133025759323,0.3188927335640138,45774
082,07,DELHI,NORTH WEST,0.029773164167627868,0.19986159169549042,0.2141330257593241,0.236462898885046,26521.8676805664,0.13578121691613787,-0.04822760476739715,0.3553094963475586,197251
671,07,DELHI,SHAHADRA,0.03254133025759325,0.20693579392541384,0.2364628988850464,0.2599000384467515,5802.2735048197355,0.13254483874556827,-0.010396001537870049,0.34602076124567477,44424
083,07,DELHI,SOUTH,0.029773164167628093,0.179377162629751,0.19986159169549347,0.22145328719722657,22867.26989528187,0.11310666929230816,-0.05911572472126105,0.3278123798539023,203572
084,07,DELHI,SOUTH WEST,0.0384467512495196,0.19986159169548898,0.21413302575932633,0.22889657823913578,50538.609052844666,0.14046611295931968,-0.05536332179930796,0.36472126105344094,362148
085,07,DELHI,WEST,0.04158400615148057,0.20693579392541156,0.22145328719722637,0.2441522491349468,22264.62542508903,0.1332068811673412,-0.024605920799692427,0.3278123798539023,168657
670,07,DELHI,SOUTH EAST,0.029773164167627847,0.20693579392541642,0.22889657823913806,0.2519646289888489,17427.227919756682,0.1352277239229807,-0.0271280276816609,0.33685505574778934,130060
551,30,GOA,NORTH GOA,0.04822760476739489,0.22145328719719912,0.236462898885046,0.2599000384467524,309422.5133982975,0.15304512702266623,-0.04822760476739715,0.40359861591695495,2026943
552,30,GOA,SOUTH GOA,0.03543252595155722,0.21413302575926307,0.22889657823912615,0.251964628988845,331406.0020250256,0.14646208303071293,-0.07972318339100345,0.39369473279507883,2268792
673,24,GUJARAT,MORBI,0.10340638216070452,0.2679584775087107,0.28444444444439615,0.292871972318371,1268083.6617719408,0.21015070576463324,-0.044844290657439445,0.39369473279507883,6044416
438,24,GUJARAT,AHMADABAD,0.07111111111111564,0.22145328719727342,0.23646289888503066,0.2519646289888565,1504643.3297324176,0.17160560853529105,-0.05173394848135333,0.3839138792772011,8784863
440,24,GUJARAT,ANAND,0.08882737408687878,0.25196462898905275,0.2679584775087053,0.292871972318305,722400.1156984118,0.1883927313527046,-0.007443291041906958,0.41362552864282975,3842291
674,24,GUJARAT,DEVBHUMI DWARKA,0.055363321799308036,0.2679584775087095,0.2761399461744744,0.29287197231832895,996673.544579005,0.19885400734856096,-0.08882737408688965,0.3839138792772011,5023982
447,24,GUJARAT,JAMNAGAR,0.0984236831987688,0.2679584775087138,0.28444444444448175,0.3014225297961819,1519319.1724253306,0.21279355383743695,-0.06698961937716265,0.40359861591695495,7153837
449,24,GUJARAT,KACHCHH,-0.021139888325545513,0.2599000384469021,0.2761399461744274,0.29287197231839496,7669718.304795005,0.154654226904076,-0.13588619761630144,0.4340484429065744,49630741
443,24,GUJARAT,BHAVNAGAR,0.048227604767394794,0.22889657823908738,0.24415224913507108,0.2519646289889427,1435562.333873231,0.17678476260327933,-0.14173010380622836,0.3553094963475586,8129986
442,24,GUJARAT,BHARUCH,0.07535563244904973,0.20693579392537417,0.22145328719729238,0.23646289888499755,970884.3089812817,0.16380054409421135,-0.03844675124951941,0.36472126105344094,5942322
459,24,GUJARAT,SURAT,0.07535563244905091,0.22145328719728113,0.22889657823909795,0.24415224913492553,874726.1012064796,0.16845375771137217,-0.07972318339100345,0.39369473279507883,5202601
453,24,GUJARAT,NAVSARI,0.07111111111111429,0.2214532871972726,0.23646289888507213,0.2519646289888447,431601.6369677104,0.1638648819581414,-0.03543252595155709,0.3839138792772011,2640202
462,24,GUJARAT,VALSAD,0.07972318339100462,0.23646289888508584,0.2519646289889693,0.2679584775086934,618944.6339837608,0.1761137724476161,-0.0271280276816609,0.3839138792772011,3524114
672,24,GUJARAT,ARAVALLI,0.08421376393694745,0.25196462898902094,0.26795847750870005,0.2761399461745363,745728.3596154756,0.19446624946911759,-0.05536332179930796,0.3839138792772011,3843076
441,24,GUJARAT,BANAS KANTHA,0.0935640138408338,0.28444444444433764,0.2928719723184,0.3100961168781328,2992038.710111797,0.22701380424427683,-0.08421376393694734,0.41362552864282975,13197838
668,24,GUJARAT,CHHOTA UDEPUR,0.09356401384082812,0.23646289888508126,0.25196462898887934,0.26795847750866636,783711.4054281422,0.18795898132953978,-0.0271280276816609,0.40359861591695495,4179280
445,24,GUJARAT,DAHOD,0.08882737408688711,0.24415224913509795,0.2519646289889665,0.2679584775086873,830996.0107138706,0.18831740346043732,-0.0271280276816609,0.3553094963475586,4420485
444,24,GUJARAT,DANGS,0.08421376393694772,0.25196462898891064,0.2599000384467586,0.2761399461745486,386115.3389444173,0.18300408051508443,-0.029773164167627833,0.3553094963475586,2115144
675,24,GUJARAT,GIR SOMNATH,0.10340638216070533,0.2679584775087085,0.2844444444444796,0.3014225297962068,671821.2314289415,0.21251112625041357,-0.024605920799692427,0.3839138792772011,3168667
448,24,GUJARAT,JUNAGADH,0.059115724721253676,0.26795847750866275,0.2844444444443961,0.3014225297962194,1441152.3770137809,0.19561209616469197,-0.10340638216070744,0.40359861591695495,7380122
669,24,GUJARAT,MAHISAGAR,0.05536332179930971,0.23646289888507224,0.24415224913502145,0.2599000384467643,525778.7836959269,0.17240086106525188,-0.07972318339100345,0.3839138792772011,3057162
452,24,GUJARAT,NARMADA,0.06299115724721127,0.22889657823909437,0.24415224913497893,0.2599000384467635,596911.8361067548,0.17620626690022656,-0.05536332179930796,0.3839138792772011,3395262
454,24,GUJARAT,PANCH MAHALS,0.07111111111111204,0.22889657823909623,0.24415224913501438,0.2599000384467436,689291.8824613072,0.1734510044614416,-0.05173394848135333,0.3839138792772011,3982812
458,24,GUJARAT,SABAR KANTHA,0.06299115724721137,0.2519646289890119,0.26795847750870533,0.2844444444444755,986594.0429676102,0.19059855931727604,-0.05173394848135333,0.3839138792772011,5187838
641,24,GUJARAT,TAPI,0.022206843521720816,0.2288965782390964,0.24415224913493136,0.25990003844677106,641644.4582937458,0.17060192257312165,-0.024605920799692427,0.3553094963475586,3771978
461,24,GUJARAT,VADODARA,0.09356401384082567,0.23646289888507865,0.24415224913502095,0.2599000384467757,912102.4032821025,0.1847398983390273,-0.03254133025759323,0.39369473279507883,4946678
439,24,GUJARAT,AMRELI,0.0984236831987696,0.244152249135106,0.251964628988995,0.26795847750869134,1666484.023321483,0.1899182220056238,-0.04822760476739715,0.39369473279507883,8788427
456,24,GUJARAT,PORBANDAR,0.06698961937716143,0.27613994617449006,0.29287197231838114,0.3100961168780949,551652.0421765569,0.19843249724071627,-0.05173394848135333,0.40359861591695495,2788240
457,24,GUJARAT,RAJKOT,0.11374086889657468,0.25990003844689075,0.26795847750870844,0.28444444444447664,1903758.1517123845,0.2055682713552946,-0.03844675124951941,0.3839138792772011,9279397
460,24,GUJARAT,SURENDRANAGAR,0.08882737408688468,0.26795847750869584,0.27613994617441007,0.29287197231837725,2312908.633296791,0.20822191153375558,-0.05911572472126105,0.3839138792772011,11127032
676,24,GUJARAT,BOTAD,0.1245674740484385,0.24415224913511224,0.25990003844680803,0.2761399461745459,603563.0098281513,0.20199291270890868,-0.024605920799692427,0.3839138792772011,2995174
450,24,GUJARAT,KHEDA,0.10340638216070464,0.2441522491350504,0.2599000384467637,0.2761399461745476,815465.2796703464,0.195607955138713,-0.03543252595155709,0.37425605536332185,4177913
451,24,GUJARAT,MAHESANA,0.0984236831987686,0.2519646289890615,0.2679584775087021,0.2761399461745389,1099023.992775984,0.20421672558788842,-0.04822760476739715,0.39369473279507883,5393193
446,24,GUJARAT,GANDHINAGAR,0.09842368319876854,0.2599000384468613,0.26795847750870316,0.28444444444447203,525633.4979700809,0.20572434055823308,-0.01574778931180315,0.39369473279507883,2563098
455,24,GUJARAT,PATAN,0.10851211072664278,0.259900038446848,0.26795847750870216,0.2844444444444734,1476282.1770154466,0.20922838336820057,-0.024605920799692427,0.39369473279507883,7069966
058,06,HARYANA,AMBALA,0.05173394848135361,0.21413302575923035,0.22145328719726076,0.23646289888504293,329687.1869992354,0.16859045757791144,-0.07535563244905807,0.33685505574778934,1963507
059,06,HARYANA,BHIWANI,0.06698961937716359,0.2364628988850851,0.24415224913501185,0.2599000384467619,792658.423275621,0.1893096334244552,-0.08882737408688965,0.36472126105344094,4194676
060,06,HARYANA,FARIDABAD,0.04822760476739569,0.22145328719725982,0.23646289888501695,0.2441522491349316,154703.23354740822,0.1642105593484504,-0.11374086889657825,0.34602076124567477,945230
061,06,HARYANA,FATEHABAD,0.09356401384082998,0.2214532871971777,0.23646289888505756,0.24415224913495745,617246.8216408998,0.1905051626878131,-0.05911572472126105,0.3553094963475586,3246738
062,06,HARYANA,GURUGRAM,0.035432525951557894,0.22145328719731697,0.23646289888499256,0.2519646289888449,252385.06778932636,0.1593373297318012,-0.08421376393694734,0.36472126105344094,1589083
063,06,HARYANA,HISAR,0.06698961937716312,0.2288965782390922,0.2364628988850577,0.25990003844674336,954912.5005600196,0.18344320439916656,-0.0629911572472126,0.3553094963475586,5213950
064,06,HARYANA,JHAJJAR,0.04484429065743867,0.21413302575923043,0.22145328719723026,0.23646289888505892,383431.2954658329,0.16238216890832902,-0.07972318339100345,0.3839138792772011,2367667
065,06,HARYANA,JIND,0.06299115724721153,0.221453287197269,0.2288965782390926,0.24415224913492714,649974.6021263631,0.18593961515807844,-0.07972318339100345,0.34602076124567477,3503951
066,06,HARYANA,KAITHAL,0.04484429065743892,0.22889657823908627,0.23646289888507468,0.24415224913492475,553211.5644013032,0.18930470237596364,-0.09356401384083046,0.3553094963475586,2929802
067,06,HARYANA,KARNAL,0.07111111111111135,0.2288965782390866,0.23646289888510164,0.2441522491349818,605363.6498083586,0.19039339178314837,-0.0629911572472126,0.34602076124567477,3186602
068,06,HARYANA,KURUKSHETRA,0.05911572472126225,0.22145328719725466,0.22889657823909831,0.2441522491349285,393215.4443418393,0.18215228836118535,-0.08421376393694734,0.33685505574778934,2164099
069,06,HARYANA,MAHENDRAGARH,0.05536332179930676,0.2214532871973409,0.23646289888502908,0.2441522491349265,440997.423339258,0.18019193061467387,-0.1085121107266436,0.36472126105344094,2455293
604,06,HARYANA,MEWAT,0.04822760476739635,0.20693579392538008,0.21413302575929832,0.23646289888505573,292000.9245632698,0.15260353057424877,-0.08882737408688965,0.3839138792772011,1920287
619,06,HARYANA,PALWAL,0.07111111111111114,0.22145328719719284,0.2288965782390961,0.23646289888507163,294070.6723674432,0.1711290329739503,-0.03254133025759323,0.34602076124567477,1723336
070,06,HARYANA,PANCHKULA,0.019930795847750975,0.21413302575925994,0.22889657823911713,0.24415224913493694,165475.89545979945,0.1449627992529047,-0.10340638216070744,0.3839138792772011,1145979
071,06,HARYANA,PANIPAT,0.0629911572472116,0.22889657823909446,0.2364628988850333,0.2519646289888447,311436.3267804974,0.1868809339950992,-0.05173394848135333,0.34602076124567477,1670732
072,06,HARYANA,REWARI,0.051733948481354285,0.21413302575921794,0.22889657823911133,0.23646289888504626,327886.8462897928,0.1667523088962901,-0.11374086889657825,0.37425605536332185,1972079
073,06,HARYANA,ROHTAK,0.044844290657438536,0.21413302575931265,0.2214532871973213,0.2288965782391105,348064.36421519343,0.163732961774496,-0.07111111111111111,0.33685505574778934,2130843
074,06,HARYANA,SIRSA,0.08882737408688963,0.22889657823909118,0.2364628988850166,0.25196462898884453,1034750.2455209269,0.18885213403076362,-0.08421376393694734,0.3839138792772011,5487960
075,06,HARYANA,SONIPAT,0.05911572472126203,0.2288965782390889,0.23646289888506994,0.25196462898884453,511780.9812486917,0.18404768293150622,-0.0629911572472126,0.36472126105344094,2786505
076,06,HARYANA,YAMUNANAGAR,0.04484429065743856,0.21413302575920173,0.2214532871972142,0.22889657823911147,354899.65320434805,0.1598658040744796,-0.0629911572472126,0.3553094963475586,2225647
701,06,HARYANA,CHARKHI DADRI,0.051733948481354285,0.22889657823909718,0.23646289888504543,0.2519646289888447,317179.75338212267,0.1805631950040051,-0.08421376393694734,0.3553094963475586,1761774
015,02,HIMACHAL PRADESH,BILASPUR,-0.024605920799692857,0.1860822760477081,0.19986159169548637,0.2214532871972384,171775.2141170089,0.11286634202358456,-0.13016532103037293,0.3278123798539023,1527049
016,02,HIMACHAL PRADESH,CHAMBA,-0.19291041906958883,0.17937716262982403,0.19291041906954995,0.21413302575928314,404787.9557017272,0.04694396050188186,-0.3188927335640138,0.33685505574778934,8634536
017,02,HIMACHAL PRADESH,HAMIRPUR,-0.013840830449826862,0.16633602460587024,0.18608227604769942,0.21413302575932758,146762.05928957518,0.10048128252557341,-0.11374086889657825,0.3188927335640138,1464411
018,02,HIMACHAL PRADESH,KANGRA,-0.14769703960016467,0.18608227604768385,0.2069357939253812,0.22145328719721552,694014.3645125172,0.09187690162453509,-0.29287197231833906,0.33685505574778934,7565612
020,02,HIMACHAL PRADESH,KULLU,-0.20693579392538836,0.17937716262982967,0.19986159169548287,0.21413302575930107,326917.990786746,0.04538887801074339,-0.28444444444444444,0.3278123798539023,7211360
022,02,HIMACHAL PRADESH,MANDI,-0.0842137639369444,0.19291041906953565,0.2069357939253813,0.22145328719721608,548146.3667915337,0.1060140368851187,-0.21413302575932336,0.3188927335640138,5177402
023,02,HIMACHAL PRADESH,SHIMLA,-0.11374086889657585,0.18608227604765767,0.19986159169548334,0.22145328719721968,557374.0699796063,0.0834600423147541,-0.2599000384467512,0.3188927335640138,6689722
024,02,HIMACHAL PRADESH,SIRMAUR,-0.04158400615148093,0.19291041906952622,0.2141330257592555,0.22889657823911813,436149.6076499298,0.11905793138309458,-0.186082276047674,0.33685505574778934,3670428
025,02,HIMACHAL PRADESH,SOLAN,-0.029773164167628482,0.1860822760477112,0.20693579392538677,0.22889657823912696,292724.5029306337,0.11623342773648378,-0.17279507881584008,0.39369473279507883,2524974
026,02,HIMACHAL PRADESH,UNA,-0.017777777777777514,0.19986159169548293,0.22145328719721324,0.23646289888502423,241887.0303062149,0.11989017651773703,-0.13016532103037293,0.36472126105344094,2022495
019,02,HIMACHAL PRADESH,KINNAUR,-0.20693579392539668,0.13016532103034512,0.15999999999999726,0.19291041906958756,-31430.611609216983,-0.0036939937952197802,-0.29287197231833906,0.31009611687812383,8518904
021,02,HIMACHAL PRADESH,LAHUL & SPITI,-0.22145328719722904,0.06299115724721144,0.09356401384082684,0.12456747404845801,-819127.5935149994,-0.04443124686027387,-0.28444444444444444,0.2599000384467512,18455211
,01,JAMMU & KASHMIR,MIRPUR,-0.04822760476739606,0.2069357939253814,0.22145328719720933,0.24415224913493316,554922.3383864794,0.11493648375983428,-0.1929104190695886,0.34602076124567477,4837249
,01,JAMMU & KASHMIR,MUZAFFARABAD,-0.19986159169548798,0.1537870049980291,0.17279507881585116,0.19291041906960069,121162.17528806203,0.018652125402437936,-0.31009611687812383,0.33685505574778934,6508506
010,01,JAMMU & KASHMIR,PUNCH,-0.11374086889657677,0.17279507881584003,0.19291041906957682,0.20693579392538816,443021.85297717236,0.07783510010169706,-0.29287197231833906,0.36472126105344094,5700333
001,01,JAMMU & KASHMIR,ANANTNAG,-0.1998615916954896,0.13016532103035042,0.1537870049980731,0.17937716262977835,31548.414819679514,0.008621619436947907,-0.3278123798539023,0.31009611687812383,3666744
003,01,JAMMU & KASHMIR,BARAMULA,-0.1417301038062391,0.15378700499803719,0.17279507881585057,0.19291041906959278,128030.52702193646,0.04609627843526842,-0.3014225297962323,0.33685505574778934,2783290
007,01,JAMMU & KASHMIR,KATHUA,-0.06299115724721133,0.19986159169548304,0.21413302575928544,0.23646289888505925,393030.59693938115,0.11880311268389925,-0.2288965782391388,0.34602076124567477,3314635
014,01,JAMMU & KASHMIR,UDHAMPUR,-0.11374086889657646,0.1727950788158511,0.19291041906958836,0.21413302575933174,247451.8918080716,0.08173797805881249,-0.2364628988850442,0.3278123798539023,3033474
002,01,JAMMU & KASHMIR,BADGAM,-0.17937716262975315,0.1537870049980207,0.17937716262979225,0.1929104190695934,64526.73525609443,0.0384391646645835,-0.3188927335640138,0.3278123798539023,1682823
623,01,JAMMU & KASHMIR,BANDIPURA,-0.19986159169548917,0.11374086889659778,0.13588619761631796,0.16000000000000672,-41909.3077415569,-0.007656998451691023,-0.3278123798539023,0.3188927335640138,5482179
626,01,JAMMU & KASHMIR,GANDERBAL,-0.1998615916954974,0.13016532103036169,0.15378700499808703,0.17937716262975675,24213.14405105453,0.01108048585873057,-0.3188927335640138,0.3188927335640138,2192068
622,01,JAMMU & KASHMIR,KULGAM,-0.20693579392540143,0.13016532103035786,0.15378700499808637,0.1793771626297519,12664.658135037245,0.007480001059397501,-0.3014225297962323,0.36472126105344094,1698369
008,01,JAMMU & KASHMIR,KUPWARA,-0.13016532103037093,0.1537870049980422,0.1793771626298054,0.1998615916954856,146378.66627243487,0.03943905831679717,-0.2599000384467512,0.3188927335640138,3717596
011,01,JAMMU & KASHMIR,PULWAMA,-0.11374086889657721,0.1663360246058532,0.1860822760477096,0.20693579392538863,85398.83257420645,0.07089948916808246,-0.24415224913494812,0.34602076124567477,1208381
012,01,JAMMU & KASHMIR,RAJAURI,-0.07535563244905953,0.18608227604770183,0.20693579392538702,0.23646289888505734,334357.92465666094,0.09513393417798224,-0.2679584775086506,0.34602076124567477,3521026
621,01,JAMMU & KASHMIR,RAMBAN,-0.1358861976163018,0.15378700499803588,0.17279507881585002,0.19291041906959364,94970.18893610017,0.0552569442366445,-0.24415224913494812,0.3014225297962323,1722238
627,01,JAMMU & KASHMIR,RIASI,-0.12456747404843914,0.17937716262981432,0.192910419069584,0.21413302575933288,202459.81800046153,0.07859942578187541,-0.28444444444444444,0.34602076124567477,2582725
625,01,JAMMU & KASHMIR,SHUPIYAN,-0.1190926566705145,0.1417301038062364,0.16633602460592423,0.18608227604767133,36067.708002965315,0.05322900522321465,-0.2519646289888504,0.3278123798539023,681043
013,01,JAMMU & KASHMIR,SRINAGAR,-0.08882737408688966,0.19291041906957834,0.22145328719723534,0.24415224913495212,36530.1572958711,0.09648393221544074,-0.16000000000000003,0.36472126105344094,381957
620,01,JAMMU & KASHMIR,KISHTWAR,-0.24415224913492584,0.11909265667052817,0.1476970396001722,0.1727950788158502,-335511.625196354,-0.03069595593298863,-0.3278123798539023,0.33685505574778934,10942149
004,01,JAMMU & KASHMIR,DODA,-0.15378700499808268,0.15999999999998699,0.17937716262980516,0.19986159169548653,131104.09751501147,0.04091365952304382,-0.3014225297962323,0.3014225297962323,3210495
624,01,JAMMU & KASHMIR,SAMBA,-0.029773164167628246,0.19986159169548237,0.21413302575928006,0.22889657823913645,149221.39384257045,0.1215492406156034,-0.14173010380622836,0.3278123798539023,1231705
005,01,JAMMU & KASHMIR,JAMMU,-0.016773535901885194,0.2069357939253767,0.2214532871972374,0.2364628988850369,431556.43002427864,0.134981449554874,-0.17279507881584008,0.37425605536332185,3204791
322,20,JHARKHAND,BOKARO,0.006852454085352365,0.15378700499806683,0.17279507881585068,0.19291041906957468,332303.2322553423,0.09468154575531439,-0.13016532103037293,0.3014225297962323,3518062
323,20,JHARKHAND,CHATRA,0.04484429065743815,0.19291041906955572,0.206935793925384,0.22145328719722432,623630.6885935605,0.13394465075886675,-0.10340638216070744,0.3278123798539023,4666877
325,20,JHARKHAND,DHANBAD,0.01777777777777801,0.14769703960017536,0.1663360246059204,0.18608227604769062,238268.7238400233,0.09582732156464387,-0.08882737408688965,0.29287197231833906,2490976
324,20,JHARKHAND,DEOGHAR,0.05536332179930942,0.19986159169548284,0.21413302575927634,0.22889657823912843,429565.4206129826,0.141087640395516,-0.05173394848135333,0.31009611687812383,3050828
326,20,JHARKHAND,DUMKA,0.05536332179930728,0.19291041906953155,0.20693579392537925,0.22145328719720894,647945.1682565897,0.14068325392781209,-0.03543252595155709,0.3188927335640138,4613615
328,20,JHARKHAND,GARHWA,0.04158400615148115,0.19291041906955028,0.20693579392538078,0.2288965782391482,674883.553367948,0.13455487018011897,-0.07111111111111111,0.33685505574778934,5023969
329,20,JHARKHAND,GIRIDIH,0.038446751249520364,0.19291041906955098,0.20693579392538106,0.22145328719721424,783843.7576407406,0.1289527690421328,-0.1085121107266436,0.31009611687812383,6087886
330,20,JHARKHAND,GODDA,0.055363321799311,0.18608227604766323,0.19986159169548415,0.21413302575932494,386290.8894342397,0.13757031586632107,-0.0629911572472126,0.3188927335640138,2814180
331,20,JHARKHAND,GUMLA,0.05911572472126449,0.21413302575923482,0.22889657823910148,0.24415224913492556,1002080.7003701547,0.15404648508602353,-0.05173394848135333,0.3553094963475586,6516036
332,20,JHARKHAND,HAZARIBAGH,0.035432525951556985,0.18608227604767127,0.19986159169548398,0.22145328719722676,678038.1724146857,0.1278850885915883,-0.07535563244905807,0.3278123798539023,5315097
333,20,JHARKHAND,JAMTARA,0.04158400615148105,0.18608227604770716,0.19986159169548487,0.2141330257593331,279791.2520094257,0.12671624300951523,-0.0271280276816609,0.3014225297962323,2214404
606,20,JHARKHAND,KHUNTI,0.03844675124952029,0.18608227604764324,0.19986159169548398,0.22145328719721213,412737.3082366015,0.12911119514190222,-0.05911572472126105,0.34602076124567477,3204257
334,20,JHARKHAND,KODARMA,0.03543252595155779,0.17937716262979064,0.19291041906958964,0.21413302575932822,241555.33319100738,0.12019211887285385,-0.05911572472126105,0.3278123798539023,2016064
335,20,JHARKHAND,LATEHAR,0.051733948481352515,0.19291041906954343,0.21413302575929236,0.2288965782391352,722919.6953140303,0.1397661494653028,-0.10340638216070744,0.3553094963475586,5182155
336,20,JHARKHAND,LOHARDAGA,0.05911572472126354,0.21413302575922413,0.2288965782391069,0.24415224913492856,284175.5572717187,0.15500730566504523,-0.041584006151480196,0.3553094963475586,1838361
337,20,JHARKHAND,PAKUR,0.06299115724721133,0.19291041906956283,0.20693579392538858,0.22145328719722104,309164.3222358507,0.13990881535442456,-0.044844290657439445,0.3188927335640138,2216228
338,20,JHARKHAND,PALAMU,0.041584006151481126,0.18608227604765284,0.2069357939253833,0.2214532871972265,708351.100455609,0.13098671084927688,-0.06698961937716265,0.3278123798539023,5416996
343,20,JHARKHAND,WEST SINGHBHUM,0.029773164167627677,0.17937716262982523,0.19291041906956077,0.2069357939253894,1029702.2740200117,0.11803334678565458,-0.07972318339100345,0.3188927335640138,8734513
327,20,JHARKHAND,EAST SINGHBHUM,0.02220684352172176,0.15999999999997902,0.17279507881585118,0.19291041906958437,444820.1285351295,0.10348391634294603,-0.13016532103037293,0.3278123798539023,4306723
607,20,JHARKHAND,RAMGARH,0.010396001537870203,0.16000000000001588,0.17279507881584966,0.19291041906957979,171236.73845926372,0.10080994923843942,-0.09842368319876971,0.29287197231833906,1705200
339,20,JHARKHAND,RANCHI,0.032541330257591775,0.19291041906954723,0.21413302575925253,0.22889657823911275,782016.3032032391,0.12903455003880246,-0.09356401384083046,0.34602076124567477,6072574
340,20,JHARKHAND,SAHIBGANJ,0.02220684352172242,0.18608227604770328,0.1998615916954841,0.21413302575933293,355168.48942940304,0.13161645161364724,-0.0629911572472126,0.33685505574778934,2704649
341,20,JHARKHAND,SARAIKELA-KHARSAWAN,-0.0026370353462188975,0.15378700499805897,0.1663360246059012,0.18608227604769412,306603.96917614306,0.09517531913958198,-0.08882737408688965,0.3014225297962323,3228630
342,20,JHARKHAND,SIMDEGA,0.05536332179930848,0.20693579392537925,0.22889657823910975,0.2441522491349289,673882.7981343655,0.14752147902968077,-0.041584006151480196,0.3553094963475586,4575865
524,29,KARNATAKA,BAGALKOT,0.03543252595155866,0.22889657823908932,0.2441522491350535,0.25196462898891453,1294451.1016263473,0.16975129893709992,-0.07972318339100345,0.36472126105344094,7637876
528,29,KARNATAKA,BALLARI,0.03254133025759365,0.186082276047677,0.19986159169548393,0.22145328719721707,1204968.575647379,0.12299688274962887,-0.08882737408688965,0.3839138792772011,9811668
527,29,KARNATAKA,BELAGAVI,0.055363321799306406,0.2214532871972493,0.22889657823909432,0.24415224913494823,2568583.3307434227,0.16436590378387694,-0.0629911572472126,0.40359861591695495,15647841
526,29,KARNATAKA,BENGALURU RURAL,0.002654741385070792,0.14769703960017097,0.16633602460590372,0.17937716262977432,244996.00755815566,0.09284644068625983,-0.09842368319876971,0.3278123798539023,2647699
525,29,KARNATAKA,BENGALURU URBAN,0.017777777777777344,0.15999999999999528,0.17279507881585077,0.19291041906958623,261733.97628541704,0.10389814986431048,-0.11909265667051133,0.3553094963475586,2525378
529,29,KARNATAKA,BIDAR,0.09842368319876511,0.2141330257593015,0.22145328719731416,0.23646289888501093,1103415.2240205382,0.17244995239005417,-0.01574778931180315,0.34602076124567477,6408943
531,29,KARNATAKA,CHAMARAJANAGAR,-0.038446751249521044,0.15378700499800535,0.1727950788158412,0.19291041906959652,542305.1427324114,0.08402464790333404,-0.14173010380622836,0.3188927335640138,6464990
630,29,KARNATAKA,CHIK BALLAPUR,0.0026521871777039894,0.14769703960017727,0.15999999999999648,0.17937716262976833,455390.5055831617,0.09332091329363201,-0.1085121107266436,0.3188927335640138,4888990
532,29,KARNATAKA,CHIKKAMAGALURU,0.04484429065743976,0.22889657823909865,0.24415224913499328,0.26795847750868845,1270284.9586512342,0.15343541069771646,-0.06698961937716265,0.40359861591695495,8290158
533,29,KARNATAKA,CHITRADURGA,0.02977316416762748,0.17937716262982592,0.19291041906956213,0.20693579392538802,1191704.4755460839,0.12254356445765822,-0.07972318339100345,0.3188927335640138,9737571
534,29,KARNATAKA,DAKSHINA KANNADA,0.06698961937716257,0.2519646289889851,0.2679584775086971,0.2844444444444727,1027212.6154487311,0.18441996960530047,-0.08421376393694734,0.41362552864282975,5579048
535,29,KARNATAKA,DAVANGERE,0.05173394848135053,0.1998615916954823,0.21413302575925466,0.22889657823912105,974634.2981657198,0.14257581546364576,-0.04822760476739715,0.34602076124567477,6847089
536,29,KARNATAKA,DHARWAD,0.07111111111111718,0.1998615916954825,0.22145328719721788,0.23646289888501848,749544.5151367731,0.15184683920185799,-0.017777777777777778,0.37425605536332185,4944779
537,29,KARNATAKA,GADAG,0.07535563244904801,0.19986159169550094,0.21413302575925802,0.2288965782391234,835690.9872073648,0.15476679744310662,-0.024605920799692427,0.3553094963475586,5409858
539,29,KARNATAKA,HASSAN,0.04822760476739466,0.20693579392537614,0.22145328719725543,0.24415224913499975,1125797.3781589002,0.1440252829468055,-0.06698961937716265,0.3839138792772011,7828705
540,29,KARNATAKA,HAVERI,0.06299115724721126,0.20693579392537578,0.22145328719726926,0.23646289888503222,848507.2922104248,0.15222559867131574,-0.03254133025759323,0.33685505574778934,5582700
538,29,KARNATAKA,KALABURAGI,0.10340638216071726,0.20693579392537445,0.22145328719721377,0.23646289888504535,2116537.70056321,0.16511468909026533,-0.03844675124951941,0.36472126105344094,12835141
541,29,KARNATAKA,KODAGU,0.02977316416762829,0.22889657823909604,0.25196462898886407,0.27613994617453563,710673.8222985498,0.15136537930674604,-0.09842368319876971,0.41362552864282975,4703960
542,29,KARNATAKA,KOLAR,-0.0026414058351329358,0.15378700499803158,0.17279507881585102,0.18608227604769859,438749.5885616972,0.09606026225060055,-0.11374086889657825,0.3014225297962323,4576751
543,29,KARNATAKA,KOPPAL,0.05911572472126377,0.2069357939253752,0.22145328719728297,0.2364628988850041,997370.2359668931,0.15436726828666086,-0.05173394848135333,0.34602076124567477,6471180
544,29,KARNATAKA,MANDYA,0.03543252595155791,0.18608227604764313,0.19986159169548334,0.2214532871972118,741899.2373737213,0.130494764502548,-0.07111111111111111,0.3188927335640138,5695228
545,29,KARNATAKA,MYSURU,0.0354325259515569,0.19291041906953507,0.20693579392537942,0.22889657823912526,942410.1154424272,0.13061575230556785,-0.07535563244905807,0.3839138792772011,7227650
546,29,KARNATAKA,RAICHUR,0.059115724721261455,0.19291041906954104,0.21413302575926385,0.23646289888506045,1368005.5624713565,0.13932393608502797,-0.07111111111111111,0.3553094963475586,9829398
631,29,KARNATAKA,RAMANAGARAM,-9.173941932168755E-4,0.15999999999996314,0.17937716262980327,0.19291041906960515,407654.9325585546,0.10127109092298953,-0.09356401384083046,0.3553094963475586,4034113
547,29,KARNATAKA,SHIVAMOGGA,0.04484429065743907,0.2288965782390965,0.24415224913496372,0.2679584775086722,1572889.4521907563,0.1610209646786639,-0.07111111111111111,0.40359861591695495,9782492
548,29,KARNATAKA,TUMAKURU,0.02712802768166131,0.17279507881578354,0.18608227604769337,0.20693579392538836,1423821.7368802312,0.11685746608424638,-0.09842368319876971,0.3278123798539023,12204538
549,29,KARNATAKA,UDUPI,0.05536332179930669,0.24415224913497632,0.25990003844675513,0.2844444444444662,707464.5783914172,0.17179259424875395,-0.08421376393694734,0.42377547097270285,4125180
550,29,KARNATAKA,UTTARA KANNADA,0.02712802768166108,0.21413302575923535,0.23646289888500902,0.25990003844677173,1619648.271610396,0.13635140479144373,-0.08421376393694734,0.40359861591695495,11893283
530,29,KARNATAKA,VIJAYAPURA,0.10340638216070387,0.22145328719729954,0.23646289888505162,0.24415224913499003,2169318.325154041,0.17710103784614836,-0.07535563244905807,0.36472126105344094,12262243
635,29,KARNATAKA,YADGIR,0.07111111111111659,0.21413302575927176,0.22889657823909967,0.24415224913496675,987514.768675199,0.16057159126543835,-0.017777777777777778,0.34602076124567477,6160245
554,32,KERALA,ALAPPUZHA,-0.0591157247212517,0.1663360246058968,0.18608227604769814,0.20693579392540248,158766.18647765837,0.09859286259889734,-0.17279507881584008,0.3278123798539023,1615612
555,32,KERALA,ERNAKULAM,-0.029773164167627167,0.21413302575925275,0.23646289888501795,0.2599000384467765,469693.92562592856,0.13514488297391508,-0.14173010380622836,0.39369473279507883,3482949
556,32,KERALA,IDUKKI,-0.04822760476739467,0.2069357939253781,0.22889657823911144,0.2519646289888446,563234.0457534681,0.1139034066304253,-0.186082276047674,0.40359861591695495,4955513
557,32,KERALA,KANNUR,0.055363321799307245,0.25196462898896677,0.2761399461745391,0.2928719723183185,622769.7183908413,0.18364892394885554,-0.08421376393694734,0.41362552864282975,3397343
558,32,KERALA,KASARAGOD,0.06299115724721155,0.23646289888507963,0.25196462898889954,0.27613994617453164,393616.9787839191,0.17250674064696012,-0.08421376393694734,0.40359861591695495,2288384
559,32,KERALA,KOLLAM,-0.059115724721263974,0.16633602460590902,0.18608227604770208,0.21413302575932908,253981.24863423023,0.09031544583620636,-0.1929104190695886,0.33685505574778934,2818601
560,32,KERALA,KOTTAYAM,-0.02460592079969238,0.1998615916954844,0.221453287197206,0.24415224913493333,326915.5801824069,0.13068241821219434,-0.1085121107266436,0.37425605536332185,2507427
561,32,KERALA,KOZHIKODE,0.04484429065743884,0.24415224913495026,0.26795847750868484,0.2844444444444702,451648.5302529693,0.16859367503896075,-0.1085121107266436,0.42377547097270285,2684454
562,32,KERALA,MALAPPURAM,0.041584006151480835,0.23646289888504066,0.2519646289888945,0.27613994617455223,679640.6249092527,0.16778400732068713,-0.14173010380622836,0.39369473279507883,4058183
563,32,KERALA,PALAKKAD,-0.005749819382592917,0.2214532871972507,0.2441522491349863,0.2599000384467509,752507.8256152958,0.14747955281538114,-0.15378700499807765,0.39369473279507883,5112539
564,32,KERALA,PATTANAMTHITTA,-0.0517339484813506,0.1860822760476945,0.20693579392538614,0.23646289888505795,301342.74324175937,0.1003235748472627,-0.17937716262975778,0.3553094963475586,3011006
565,32,KERALA,THIRUVANANTHAPURAM,-0.025869060911735735,0.17279507881585118,0.1998615916954858,0.22145328719723426,256202.52096945432,0.10329331544594264,-0.17937716262975778,0.36472126105344094,2485730
566,32,KERALA,TRISSUR,0.010396001537870124,0.20693579392538014,0.22889657823911963,0.2441522491349332,484995.5984752673,0.1407463391638193,-0.1085121107266436,0.36472126105344094,3453173
567,32,KERALA,WAYANAD,0.02977316416762843,0.2599000384467775,0.28444444444447686,0.30142252979619594,425250.7550193813,0.17475829845542587,-0.1085121107266436,0.4444444444444444,2438701
009,37,LADAKH,LEH,-0.22889657823910234,0.07111111111111608,0.09842368319875311,0.13016532103034736,-9890142.953410488,-0.047198621678003524,-0.3278123798539023,0.33685505574778934,209611635
006,37,LADAKH,KARGIL,-0.24415224913494474,0.055363321799301625,0.07972318339101443,0.10340638216071527,-942951.9822591481,-0.04945734723133522,-0.3188927335640138,0.2519646289888504,19084969
553,31,LAKSHADWEEP,LAKSHADWEEP,-0.10851211072664366,0.13016532103037293,0.1537870049980778,0.17937716262975775,1710.4055001469999,0.05430335342690956,-0.14173010380622836,0.2679584775086506,33702
667,23,MADHYA PRADESH,AGAR MALWA,0.10340638216070577,0.22889657823909026,0.24415224913499983,0.2519646289888703,640123.4907022273,0.19202507591561194,-0.024605920799692427,0.3553094963475586,3340865
639,23,MADHYA PRADESH,ALIRAJPUR,0.09356401384082741,0.24415224913507064,0.25990003844679216,0.2679584775086825,787525.7175532287,0.19580759195078334,-0.029773164167627833,0.34602076124567477,4031207
390,23,MADHYA PRADESH,ANUPPUR,0.07535563244905738,0.21413302575923032,0.2288965782391081,0.24415224913492803,748249.0597364766,0.16344139893478027,-0.0629911572472126,0.3553094963475586,4589056
391,23,MADHYA PRADESH,ASHOKNAGAR,0.0591157247212643,0.221453287197217,0.22889657823909626,0.23646289888502983,1024190.5826989635,0.17615174682001233,-0.04822760476739715,0.3553094963475586,5822740
392,23,MADHYA PRADESH,BALAGHAT,0.06299115724721119,0.214133025759337,0.2288965782391009,0.24415224913495592,1759580.8748550278,0.15811937759072334,-0.0629911572472126,0.36472126105344094,11141974
393,23,MADHYA PRADESH,BARWANI,0.08882737408688683,0.24415224913516828,0.2599000384468325,0.26795847750869606,1310268.290548318,0.20073127250108383,-0.07535563244905807,0.36472126105344094,6536978
394,23,MADHYA PRADESH,BETUL,0.09356401384082394,0.24415224913517364,0.25990003844686693,0.26795847750869894,2363449.2765462017,0.19538614235575238,-0.05536332179930796,0.36472126105344094,12110448
395,23,MADHYA PRADESH,BHIND,0.05173394848135324,0.17937716262982448,0.19291041906957515,0.20693579392539246,759287.5135230847,0.1365652523273912,-0.0629911572472126,0.3278123798539023,5571431
396,23,MADHYA PRADESH,BHOPAL,0.07535563244905695,0.2214532871972648,0.23646289888504027,0.24415224913493566,609324.5940199994,0.18096229871999694,-0.05911572472126105,0.37425605536332185,3374356
397,23,MADHYA PRADESH,BURHANPUR,0.08421376393694402,0.25196462898897243,0.2844444444444762,0.3100961168781217,742810.2432585676,0.19207544460801168,-0.006151480199923107,0.41362552864282975,3873783
398,23,MADHYA PRADESH,CHHATARPUR,0.05536332179930632,0.20693579392537412,0.22145328719727664,0.22889657823910736,1662225.7713787048,0.15582361865148392,-0.08882737408688965,0.33685505574778934,10687142
399,23,MADHYA PRADESH,CHHINDWARA,0.0888273740868862,0.24415224913517602,0.25990003844685594,0.2679584775087004,2739771.505497948,0.19246232918813075,-0.07972318339100345,0.36472126105344094,14251129
400,23,MADHYA PRADESH,DAMOH,0.06299115724721127,0.2069357939253738,0.22145328719725663,0.23646289888502406,1422459.7541990494,0.15964193010199762,-0.05911572472126105,0.33685505574778934,8922849
401,23,MADHYA PRADESH,DATIA,0.04822760476739568,0.18608227604769254,0.19986159169548626,0.2214532871972316,471117.5711767143,0.1414997831626776,-0.041584006151480196,0.34602076124567477,3340498
402,23,MADHYA PRADESH,DEWAS,0.0842137639369515,0.2364628988851446,0.25196462898898675,0.2599000384468136,1592116.3821534708,0.18751528488148236,-0.010396001537870049,0.36472126105344094,8505726
403,23,MADHYA PRADESH,DHAR,0.11374086889657518,0.24415224913516373,0.25196462898902733,0.26795847750868795,2035568.0444911304,0.20653446603080375,-0.022206843521722412,0.36472126105344094,9867234
404,23,MADHYA PRADESH,DINDORI,0.07111111111111568,0.20693579392537495,0.2214532871972441,0.2364628988850339,1098489.3600084803,0.15777056321668795,-0.03543252595155709,0.33685505574778934,6974940
405,23,MADHYA PRADESH,EAST NIMAR,0.006805080612996005,0.23646289888508668,0.24415224913509317,0.2599000384467649,1541210.4750701666,0.17142435329860847,-0.0629911572472126,0.3553094963475586,9002549
406,23,MADHYA PRADESH,GUNA,0.08421376393694653,0.22889657823908843,0.23646289888508953,0.2519646289888679,1460971.9961355734,0.1866085789639389,-0.03844675124951941,0.36472126105344094,7842335
407,23,MADHYA PRADESH,GWALIOR,0.038446751249520794,0.18608227604763364,0.19986159169548337,0.21413302575931856,756686.2533691687,0.13353789767622373,-0.08421376393694734,0.34602076124567477,5674029
408,23,MADHYA PRADESH,HARDA,0.08421376393694538,0.26795847750839186,0.2761399461744251,0.28444444444439876,831020.43995211,0.20622492227781394,-0.008858131487889272,0.34602076124567477,4035848
409,23,MADHYA PRADESH,HOSHANGABAD,0.06698961937716529,0.244152249135174,0.2599000384469043,0.2679584775087013,1487619.2136415134,0.1840174816991497,-0.07535563244905807,0.36472126105344094,8095645
410,23,MADHYA PRADESH,INDORE,0.09356401384082426,0.24415224913515626,0.25196462898898814,0.25990003844680826,940049.2127485281,0.1987652289443747,-0.05173394848135333,0.39369473279507883,4738802
411,23,MADHYA PRADESH,JABALPUR,0.07535563244905792,0.22889657823908746,0.2441522491350662,0.2519646289889253,1129895.900658088,0.18261842223149302,-0.05536332179930796,0.36472126105344094,6198352
412,23,MADHYA PRADESH,JHABUA,0.11374086889657552,0.24415224913514222,0.25990003844677323,0.2679584775086885,847814.4620029124,0.20319083542128788,-0.022206843521722412,0.36472126105344094,4179358
413,23,MADHYA PRADESH,KATNI,0.06698961937716194,0.22145328719727708,0.236462898885052,0.2519646289888446,1010620.8338076596,0.16397017897500282,-0.07111111111111111,0.36472126105344094,6175594
415,23,MADHYA PRADESH,MANDLA,0.06299115724721127,0.21413302575921514,0.228896578239099,0.24415224913492628,1474745.2755424655,0.16229282314449636,-0.03543252595155709,0.3553094963475586,9100880
416,23,MADHYA PRADESH,MANDSAUR,0.008858131487890003,0.2288965782390864,0.23646289888506464,0.2519646289888446,1222853.55236254,0.18012700616124178,-0.0629911572472126,0.40359861591695495,6799773
417,23,MADHYA PRADESH,MORENA,0.051733948481353244,0.19291041906952414,0.2069357939253802,0.2214532871972182,933920.7636451399,0.15036955522374182,-0.05911572472126105,0.33685505574778934,6223463
418,23,MADHYA PRADESH,NARSHIMAPURA,0.08882737408688478,0.236462898885104,0.24415224913505745,0.2599000384467502,1176372.9048199935,0.18895986838621964,-0.05173394848135333,0.3553094963475586,6236392
419,23,MADHYA PRADESH,NIMACH,0.006799821974645337,0.22889657823909046,0.2364628988851103,0.2519646289888445,853871.755417459,0.16227225777335297,-0.05536332179930796,0.36472126105344094,5274602
420,23,MADHYA PRADESH,PANNA,0.03844675124952073,0.1998615916954822,0.20693579392537692,0.22889657823913043,1206014.542908741,0.13860751047596073,-0.08882737408688965,0.34602076124567477,8717597
421,23,MADHYA PRADESH,RAISEN,0.07972318339100933,0.2214532871972461,0.22889657823909657,0.24415224913496378,1780169.556711486,0.1728854729963495,-0.04822760476739715,0.33685505574778934,10312010
422,23,MADHYA PRADESH,RAJGARH,0.10340638216070491,0.22889657823908827,0.2364628988850707,0.24415224913496625,1434549.0040580195,0.19061151427191272,-0.08882737408688965,0.34602076124567477,7535187
423,23,MADHYA PRADESH,RATLAM,0.12456747404844333,0.24415224913517367,0.25196462898901406,0.2599000384468044,1229200.6030102689,0.2080008184122183,-0.012056901191849288,0.37425605536332185,5920371
424,23,MADHYA PRADESH,REWA,0.029773164167627663,0.1929104190695422,0.206935793925381,0.22889657823913065,1052227.9917292276,0.13595731083241172,-0.10340638216070744,0.36472126105344094,7751995
425,23,MADHYA PRADESH,SAGAR,0.07535563244905567,0.21413302575930013,0.2288965782390965,0.23646289888500138,2131961.243890581,0.1701549675343024,-0.05173394848135333,0.3553094963475586,12549508
426,23,MADHYA PRADESH,SATNA,0.032541330257593516,0.1929104190695239,0.20693579392537903,0.2214532871972156,1304903.2479055212,0.14135919137425373,-0.08421376393694734,0.33685505574778934,9250027
427,23,MADHYA PRADESH,SEHORE,0.08882737408688575,0.23646289888509966,0.2519646289890155,0.2679584775087017,1525301.4626109554,0.19153733336463663,-0.03543252595155709,0.36472126105344094,7979648
428,23,MADHYA PRADESH,SEONI,0.0797231833910075,0.22889657823908655,0.24415224913504086,0.2519646289888911,1889002.845183819,0.17865671102645622,-0.029773164167627833,0.3553094963475586,10587279
429,23,MADHYA PRADESH,SHAHDOL,0.051733948481353695,0.22145328719728205,0.23646289888501182,0.2599000384467683,1126271.7162748037,0.16272343655398988,-0.06698961937716265,0.3553094963475586,6933487
430,23,MADHYA PRADESH,SHAJAPUR,0.13016532103036893,0.22889657823908616,0.23646289888506952,0.244152249134977,826808.5845414881,0.1963394805902344,9.84236831987697E-4,0.34602076124567477,4219787
431,23,MADHYA PRADESH,SHEOPUR,0.03844675124952158,0.19291041906952788,0.20693579392537817,0.22145328719720764,1092215.9296405455,0.13343226918003412,-0.0629911572472126,0.3553094963475586,8196536
432,23,MADHYA PRADESH,SHIVPURI,0.04484429065743958,0.21413302575935467,0.22889657823909795,0.23646289888504524,2023409.1301980126,0.15930580580500572,-0.05911572472126105,0.3553094963475586,12718231
433,23,MADHYA PRADESH,SIDHI,0.048227604767394565,0.1998615916954826,0.22145328719720767,0.23646289888505423,861444.5581405298,0.1473784896644276,-0.07535563244905807,0.3553094963475586,5855562
638,23,MADHYA PRADESH,SINGRAULI,0.04158400615148107,0.21413302575921206,0.22889657823910256,0.25196462898884475,1075047.9317447501,0.152349698125363,-0.10340638216070744,0.3553094963475586,7066555
434,23,MADHYA PRADESH,TIKAMGARH,0.07972318339100408,0.22145328719730353,0.236462898885019,0.25196462898884464,803898.4084179485,0.17549810650243747,-0.05911572472126105,0.33685505574778934,4588875
435,23,MADHYA PRADESH,UJJAIN,0.13588619761629733,0.24415224913517766,0.2519646289890117,0.2599000384467871,1556287.1965100686,0.2098072425880923,-0.012056901191849288,0.36472126105344094,7431237
436,23,MADHYA PRADESH,UMARIA,0.07111111111111316,0.21413302575923393,0.22889657823910925,0.24415224913492836,883551.0881760617,0.15846797452966552,-0.07111111111111111,0.34602076124567477,5584765
437,23,MADHYA PRADESH,VIDISHA,0.09842368319877005,0.22145328719726706,0.22889657823909387,0.23646289888503524,1631139.047138312,0.18293158273053012,-0.05536332179930796,0.34602076124567477,8929692
414,23,MADHYA PRADESH,WEST NIMAR,0.09356401384082945,0.2441522491351763,0.2519646289890384,0.259900038446786,1923891.372147437,0.19915515421529195,-0.022206843521722412,0.37425605536332185,9673296
722,23,MADHYA PRADESH,NIVARI,0.06299115724721138,0.22145328719723192,0.22889657823910797,0.24415224913493133,272268.2707813045,0.1668814511548234,-0.05911572472126105,0.3278123798539023,1640914
466,27,MAHARASHTRA,AHAMADNAGAR,0.10340638216070991,0.24415224913516978,0.25990003844683784,0.26795847750869756,4054115.5421005436,0.20048454561258744,-0.03844675124951941,0.39369473279507883,20247712
467,27,MAHARASHTRA,AKOLA,0.10340638216071538,0.2214532871973038,0.22889657823909615,0.24415224913492642,1167620.8392910138,0.17972542987526655,-0.017777777777777778,0.3839138792772011,6508098
468,27,MAHARASHTRA,AMARAVATI,0.08882737408687919,0.22145328719725774,0.22889657823909612,0.24415224913495964,2538938.2383325608,0.17370010765118502,-0.022206843521722412,0.3553094963475586,14634927
469,27,MAHARASHTRA,AURANGABAD,0.10851211072664578,0.24415224913515393,0.2519646289890215,0.2679584775086919,2435257.5581074227,0.2023739607749703,-0.05536332179930796,0.40359861591695495,12049449
471,27,MAHARASHTRA,BHANDARA,0.07111111111111382,0.21413302575920312,0.22145328719721635,0.23646289888505176,808743.6276910742,0.16330865829588173,-0.024605920799692427,0.36472126105344094,4961610
470,27,MAHARASHTRA,BID,0.11374086889657384,0.22889657823908716,0.23646289888505664,0.2519646289888535,2352181.922607236,0.18776757296947463,-0.019930795847750864,0.33685505574778934,12544794
472,27,MAHARASHTRA,BULDHANA,0.10340638216071144,0.22145328719728383,0.23646289888503724,0.24415224913495925,2132276.1320217387,0.18356457843749513,-0.01574778931180315,0.39369473279507883,11630150
473,27,MAHARASHTRA,CHANDRAPUR,0.07111111111111817,0.17937716262982661,0.1929104190695566,0.21413302575932086,1851280.920851927,0.1369560573062501,-0.07111111111111111,0.34602076124567477,13530633
474,27,MAHARASHTRA,DHULE,0.09842368319877073,0.24415224913513653,0.25990003844682147,0.2679584775086926,1701567.1233522692,0.19772506113590177,-0.06698961937716265,0.39369473279507883,8617611
475,27,MAHARASHTRA,GADCHIROLI,0.06299115724721117,0.19291041906953932,0.2069357939253784,0.22889657823913218,2356839.164705929,0.13687045402002196,-0.041584006151480196,0.34602076124567477,17237884
476,27,MAHARASHTRA,GONDIA,0.06299115724721123,0.2069357939253755,0.21413302575923993,0.22889657823912357,930522.7042701984,0.14994876711245775,-0.03844675124951941,0.3553094963475586,6215661
477,27,MAHARASHTRA,HINGOLI,0.09356401384082935,0.22145328719732985,0.22889657823909731,0.24415224913492617,1009252.0155415712,0.1806427146370051,-0.044844290657439445,0.3839138792772011,5596711
478,27,MAHARASHTRA,JALGAON,0.10340638216070888,0.2519646289890761,0.2679584775087042,0.2928719723183543,2859983.7948534815,0.20286544022796082,-0.07535563244905807,0.42377547097270285,14113319
479,27,MAHARASHTRA,JALNA,0.13588619761630738,0.22889657823908527,0.23646289888506794,0.2519646289888446,1777748.6063734556,0.19505702042562106,-0.017777777777777778,0.3839138792772011,9127228
480,27,MAHARASHTRA,KOLHAPUR,0.07111111111111429,0.22889657823909115,0.24415224913497555,0.2599000384467614,1555007.4515736818,0.1738709280546963,-0.07111111111111111,0.40359861591695495,8961350
481,27,MAHARASHTRA,LATUR,0.11909265667051963,0.2288965782390859,0.2364628988851133,0.2519646289888953,1595457.8963505893,0.188140398218061,-0.03543252595155709,0.37425605536332185,8490449
482,27,MAHARASHTRA,MUMBAI CITY,0.03254133025759319,0.17279507881584252,0.19291041906958958,0.2364628988850441,8737.7438891497,0.11580341172337769,-0.03254133025759323,0.3553094963475586,76546
484,27,MAHARASHTRA,NAGPUR,0.06299115724721131,0.20693579392537428,0.2214532871972711,0.23646289888501698,1879139.3490344055,0.15853619556292808,-0.05911572472126105,0.3839138792772011,11865192
485,27,MAHARASHTRA,NANDED,0.10340638216070967,0.2214532871972259,0.2288965782390961,0.24415224913496056,2204753.2892952715,0.17706812807503572,-0.008858131487889272,0.39369473279507883,12472028
486,27,MAHARASHTRA,NANDURBAR,0.08882737408688665,0.25196462898900013,0.2599000384468292,0.2761399461745348,1419527.2746930702,0.1985502626790432,-0.0629911572472126,0.40359861591695495,7163183
487,27,MAHARASHTRA,NASHIK,0.09356401384082597,0.2519646289889923,0.2679584775086582,0.27613994617446813,3754385.4620115436,0.20327562584571743,-0.07535563244905807,0.41362552864282975,18486361
488,27,MAHARASHTRA,USMANABAD,0.12456747404845112,0.2364628988851166,0.24415224913506822,0.25196462898892613,1721612.6950986257,0.1932247061715577,-0.05173394848135333,0.33685505574778934,8925215
665,27,MAHARASHTRA,PALGHAR,0.0753556324490531,0.23646289888507602,0.25196462898894195,0.2679584775086885,1074624.4938694385,0.17174334969003505,-0.05173394848135333,0.37425605536332185,6266083
489,27,MAHARASHTRA,PARBHANI,0.1190926566705085,0.22145328719727697,0.22889657823909473,0.23646289888502006,1365604.9896138434,0.18298521165347986,-0.03844675124951941,0.34602076124567477,7474260
490,27,MAHARASHTRA,PUNE,0.0797231833910078,0.2519646289890287,0.2679584775087076,0.28444444444447764,3624194.0286639337,0.19650397671712339,-0.04822760476739715,0.4340484429065744,18462996
491,27,MAHARASHTRA,RAYGAD,0.06698961937716363,0.23646289888505861,0.2519646289889068,0.2761399461745482,1422885.9418408638,0.17299940302586442,-0.07535563244905807,0.4444444444444444,8238352
492,27,MAHARASHTRA,RATNAGIRI,0.07535563244905462,0.24415224913502642,0.25990003844676496,0.27613994617454823,1716411.6191508395,0.17689222867282622,-0.07111111111111111,0.40359861591695495,9717129
493,27,MAHARASHTRA,SANGLI,0.10340638216070902,0.23646289888509753,0.24415224913502984,0.2599000384467573,1898308.541252182,0.18869340598210804,-0.0271280276816609,0.37425605536332185,10078127
494,27,MAHARASHTRA,SATARA,0.0797231833910071,0.2441522491351091,0.251964628988985,0.2679584775086918,2319384.0906746658,0.1887919399135012,-0.05173394848135333,0.39369473279507883,12298534
495,27,MAHARASHTRA,SINDHUDURG,0.06698961937716276,0.22889657823909593,0.24415224913495834,0.2599000384467577,976732.4710675981,0.1644173702629905,-0.06698961937716265,0.39369473279507883,5951789
496,27,MAHARASHTRA,SOLAPUR,0.10851211072664634,0.22889657823908596,0.24415224913503453,0.25196462898890176,3281203.8691612086,0.18821511509173894,-0.07111111111111111,0.39369473279507883,17457025
483,27,MAHARASHTRA,SUB URBAN MUMBAI,0.0068495614513270344,0.19291041906957565,0.21413302575932527,0.23646289888504737,63502.8310501119,0.12445064257996696,-0.08421376393694734,0.36472126105344094,512479
497,27,MAHARASHTRA,THANE,0.055363321799307995,0.23646289888507366,0.2519646289889382,0.2679584775086904,853042.3292877205,0.1685571029120178,-0.08882737408688965,0.40359861591695495,5069267
498,27,MAHARASHTRA,WARDHA,0.08882737408688514,0.19986159169552078,0.21413302575922583,0.22889657823911277,1204237.4221299519,0.15984182466748026,-0.012056901191849288,0.3553094963475586,7543509
499,27,MAHARASHTRA,WASHIM,0.10851211072664478,0.22145328719731824,0.22889657823910284,0.2441522491349291,1105466.5969579637,0.180949574418333,0.007443291041906958,0.3188927335640138,6120783
500,27,MAHARASHTRA,YAVATMAL,0.07972318339100723,0.20693579392537323,0.22145328719729504,0.23646289888501515,2611186.028965547,0.16163689689191804,-0.05536332179930796,0.34602076124567477,16172960
252,14,MANIPUR,BISHNUPUR,-0.024605920799692853,0.19986159169548948,0.2214532871972331,0.24415224913494396,71429.14667264647,0.12123481874470289,-0.08882737408688965,0.3839138792772011,592328
253,14,MANIPUR,CHANDEL,-0.02107556727145108,0.21413302575923582,0.2288965782391122,0.2441522491349313,333068.7142909097,0.13806606701949886,-0.14769703960015382,0.36472126105344094,2417211
254,14,MANIPUR,CHURACHANDPUR,0.0017553405588454267,0.2141330257592291,0.22889657823910825,0.24415224913492878,448525.07371814357,0.1504126469977475,-0.13016532103037293,0.37425605536332185,2987741
256,14,MANIPUR,IMPHAL WEST,0.038446751249519254,0.214133025759332,0.23646289888505695,0.2599000384467461,85614.89161524222,0.1428783868307546,-0.07111111111111111,0.36472126105344094,603204
255,14,MANIPUR,IMPHAL EAST,0.013043106346349987,0.21413302575932,0.22889657823912973,0.25196462898884525,67830.23748766788,0.1274317435431543,-0.13016532103037293,0.3839138792772011,535890
713,14,MANIPUR,JIRIBAM,0.01384083044982707,0.22145328719723953,0.24415224913494482,0.25990003844674564,55594.22516814782,0.15339983728360213,-0.10340638216070744,0.36472126105344094,365087
260,14,MANIPUR,UKHRUL,-0.012056901191849382,0.20693579392537534,0.22145328719721105,0.23646289888504346,352295.832271622,0.13656635021183458,-0.13016532103037293,0.3553094963475586,2585246
257,14,MANIPUR,SENAPATI,-0.0167602578615546,0.21413302575923363,0.22889657823911413,0.2441522491349336,306072.14586095634,0.14160161147529476,-0.14769703960015382,0.36472126105344094,2166467
258,14,MANIPUR,TAMENGLONG,-0.021052446631021023,0.23646289888507027,0.25196462898889066,0.2679584775086766,563525.7594799956,0.1516247312700898,-0.16000000000000003,0.3839138792772011,3724282
259,14,MANIPUR,THOUBAL,-0.004448801084020445,0.20693579392539976,0.22889657823914983,0.2519646289888457,56207.99650141906,0.11644625260368818,-0.08421376393694734,0.3839138792772011,485328
717,14,MANIPUR,KAMJONG,-0.012056901191849377,0.2214532871972644,0.23646289888505165,0.2519646289888447,438591.2746260583,0.14971523818167917,-0.14769703960015382,0.34602076124567477,2934321
714,14,MANIPUR,NONEI,-0.012947873962849563,0.22889657823911305,0.2441522491349284,0.2599000384467624,218244.49445392247,0.15073356886543954,-0.16000000000000003,0.3839138792772011,1452211
715,14,MANIPUR,PHERZAWL,-0.006824440366262073,0.21413302575923931,0.22889657823911252,0.24415224913493166,385482.9860275997,0.14671969871060997,-0.14173010380622836,0.34602076124567477,2632958
716,14,MANIPUR,TENGNOUPAL,-0.013840830449826778,0.20693579392537637,0.22145328719720053,0.2364628988850597,208090.8600989586,0.1380227266030803,-0.11909265667051133,0.3553094963475586,1511379
712,14,MANIPUR,KANGPOKPI,-0.00961041956742926,0.2214532871972875,0.23646289888502647,0.2519646289888449,323821.576905809,0.1518343271488222,-0.16633602460592078,0.3839138792772011,2143163
711,14,MANIPUR,KAKCHING,-9.12225178366963E-4,0.20693579392539885,0.22145328719724108,0.24415224913495132,47278.06599632434,0.12049312360900712,-0.10340638216070744,0.36472126105344094,394750
273,17,MEGHALAYA,EAST GARO HILLS,0.04158400615148087,0.21413302575923063,0.2288965782391072,0.24415224913492975,303200.7481985145,0.15492272039245733,-0.09356401384083046,0.34602076124567477,1961933
274,17,MEGHALAYA,EAST KHASI HILLS,0.013000878977877583,0.23646289888506836,0.2519646289888904,0.2761399461745342,591906.6785471679,0.16849561818436107,-0.13588619761630144,0.37425605536332185,3519450
657,17,MEGHALAYA,EAST JAINTIA HILLS,-0.001717590556519227,0.22145328719723428,0.2364628988849951,0.25990003844677473,374947.3750365509,0.1509039290813331,-0.17279507881584008,0.37425605536332185,2489782
277,17,MEGHALAYA,SOUTH GARO HILLS,0.008858131487889163,0.19986159169548365,0.21413302575928309,0.22889657823912904,304676.6347005256,0.13445771910811588,-0.16000000000000003,0.33685505574778934,2271292
278,17,MEGHALAYA,WEST GARO HILLS,0.04822760476739579,0.19986159169548243,0.2141330257592708,0.22889657823912485,479680.47820231045,0.14572204257122573,-0.13016532103037293,0.34602076124567477,3298747
279,17,MEGHALAYA,WEST KHASI HILLS,0.04158400615148099,0.22145328719729754,0.2364628988850082,0.25196462898884464,779573.0525775017,0.16069402228813595,-0.10340638216070744,0.37425605536332185,4859806
276,17,MEGHALAYA,RI-BHOI,0.04158400615148089,0.22889657823909548,0.24415224913492745,0.25990003844677945,484307.67522852495,0.16471243877567016,-0.07972318339100345,0.36472126105344094,2948155
658,17,MEGHALAYA,SOUTH WEST KHASI HILLS,0.025950851659784037,0.23646289888503277,0.25990003844674386,0.2761399461745448,271889.9756544857,0.16864956382272778,-0.16000000000000003,0.37425605536332185,1617098
663,17,MEGHALAYA,SOUTH WEST GARO HILLS,0.04484429065743852,0.1929104190695922,0.20693579392539094,0.2214532871972361,140782.1765500523,0.13609563270735273,-0.05173394848135333,0.3188927335640138,1037207
656,17,MEGHALAYA,NORTH GARO HILLS,0.051733948481354645,0.21413302575927795,0.2288965782391225,0.2441522491349354,238623.7020417516,0.15421842260746388,-0.08421376393694734,0.33685505574778934,1552862
275,17,MEGHALAYA,WEST JAINTIA HILLS,0.029773164167628315,0.22145328719721064,0.23646289888504457,0.2599000384467655,337825.3458767143,0.15195134427623494,-0.13016532103037293,0.37425605536332185,2229213
262,15,MIZORAM,CHAMPHAI,-0.0017014235390048012,0.22889657823909737,0.2364628988850198,0.25196462898884464,648288.5505373147,0.15656019469326393,-0.13588619761630144,0.36472126105344094,4148573
267,15,MIZORAM,SAIHA,-0.005738327537461019,0.2214532871972434,0.23646289888502023,0.2599000384467558,280920.0204142836,0.15214306481839662,-0.11909265667051133,0.3839138792772011,1851831
264,15,MIZORAM,LAWNGTLAI,0.012997084730890235,0.21413302575924748,0.22889657823911377,0.2441522491349318,452136.5728629714,0.15428645903094942,-0.14173010380622836,0.3839138792772011,2939881
268,15,MIZORAM,SERCHHIP,-0.00574003215912968,0.2214532871972286,0.23646289888502758,0.25196462898884486,267585.97191353503,0.1523215222743487,-0.11909265667051133,0.3839138792772011,1762727
263,15,MIZORAM,KOLASIB,0.006832836521860681,0.2069357939253809,0.22889657823912868,0.25196462898884503,261900.47115428117,0.14361488893222746,-0.11909265667051133,0.37425605536332185,1828823
266,15,MIZORAM,MAMIT,0.005823017520614593,0.2141330257592424,0.2288965782391114,0.24415224913493092,551357.4558811865,0.14739571361877576,-0.12456747404844293,0.40359861591695495,3748513
265,15,MIZORAM,LUNGLEI,0.0017222681302151651,0.21413302575922372,0.22889657823910753,0.24415224913492925,807866.2489826636,0.14687023621120898,-0.14173010380622836,0.3839138792772011,5509505
261,15,MIZORAM,AIZAWL,-0.0017104433290831456,0.22145328719725765,0.23646289888501956,0.25196462898884475,585893.9696845266,0.1506848720790573,-0.14173010380622836,0.36472126105344094,3898664
613,13,NAGALAND,PAREN,-0.012972116111847704,0.2141330257592267,0.22889657823910642,0.2441522491349286,330053.3743365595,0.14610692323322938,-0.17937716262975778,0.36472126105344094,2264628
248,13,NAGALAND,PHEK,-0.027128027681661407,0.21413302575921744,0.22889657823910298,0.24415224913492786,315528.0093892627,0.1361567414305686,-0.14173010380622836,0.3553094963475586,2323275
250,13,NAGALAND,WOKHA,0.00683805289856461,0.2141330257592469,0.22889657823911636,0.24415224913493394,303061.80769087846,0.15161630187611438,-0.14173010380622836,0.33685505574778934,2003896
244,13,NAGALAND,DIMAPUR,0.012979238668411731,0.2214532871972199,0.2364628988850592,0.25196462898884514,147498.8213820535,0.15608606519919913,-0.15378700499807765,0.37425605536332185,949846
245,13,NAGALAND,KOHIMA,-0.03694888187954935,0.21413302575926846,0.228896578239119,0.24415224913493577,232323.5582062683,0.14266236488631553,-0.17937716262975778,0.34602076124567477,1632851
614,13,NAGALAND,KIPHIRE,-0.03543252595155661,0.2288965782390974,0.23646289888501884,0.2519646289888447,200041.29294400575,0.14282673420443198,-0.13588619761630144,0.3553094963475586,1404480
251,13,NAGALAND,ZUNHEBOTO,-0.010396001537870164,0.21413302575921672,0.22889657823910495,0.2441522491349295,281046.56531293155,0.14375793830835218,-0.13588619761630144,0.33685505574778934,1960862
246,13,NAGALAND,MOKOKCHUNG,0.005814429106129797,0.21413302575925408,0.22889657823911347,0.2441522491349328,299712.1503060279,0.14990519026591187,-0.16633602460592078,0.33685505574778934,2005010
247,13,NAGALAND,MON,0.0026477966327035124,0.23646289888506453,0.24415224913500014,0.25990003844675175,436082.696079916,0.16043720485425225,-0.13588619761630144,0.3553094963475586,2724066
249,13,NAGALAND,TUENSANG,-0.036911755988836954,0.23646289888503344,0.24415224913493425,0.2599000384467778,390936.7946720241,0.14744757880140671,-0.17279507881584008,0.36472126105344094,2656787
615,13,NAGALAND,LONGLENG,0.00885813148788921,0.2364628988850046,0.244152249134923,0.25990003844677423,119650.6536102302,0.16374486132761162,-0.12456747404844293,0.3278123798539023,734358
344,21,ODISHA,ANUGUL,0.010396001537870186,0.17937716262982195,0.19291041906956227,0.2141330257593277,888810.3263119017,0.1166018728547094,-0.12456747404844293,0.3278123798539023,7634552
345,21,ODISHA,BOLANGIR (BALANGIR),0.07111111111111657,0.18608227604761285,0.199861591695483,0.2214532871972296,1115611.8364924984,0.14280374526017534,-0.07111111111111111,0.34602076124567477,7823364
346,21,ODISHA,BALASORE (BALESHWAR),0.01777777777777828,0.15999999999998182,0.17279507881585082,0.19291041906959364,450797.81971048086,0.10106009676475253,-0.07535563244905807,0.3278123798539023,4471001
347,21,ODISHA,BARAGARH,0.04822760476739631,0.1929104190695188,0.20693579392537806,0.22145328719721857,1038632.57231186,0.14853880014774057,-0.0629911572472126,0.36472126105344094,7004326
348,21,ODISHA,BHADRAK,-0.0067949617499276785,0.11909265667052683,0.13588619761632054,0.15378700499808307,191109.5921948351,0.06380232402495278,-0.08882737408688965,0.3278123798539023,3001803
350,21,ODISHA,CUTTACK,0.010396001537870235,0.16633602460589395,0.18608227604770272,0.2069357939253952,463240.734327974,0.10081457549255843,-0.08421376393694734,0.34602076124567477,4607070
351,21,ODISHA,DEOGARH,-0.029773164167627663,0.17937716262982137,0.19291041906957118,0.20693579392539357,415815.76214156876,0.11725744577882521,-0.07535563244905807,0.3188927335640138,3554240
352,21,ODISHA,DHENKANAL,0.02460592079969097,0.1663360246058604,0.17937716262980102,0.19986159169548764,570779.5422116043,0.1071374756805993,-0.08421376393694734,0.3188927335640138,5335603
353,21,ODISHA,GAJAPATI,0.0415840061514811,0.19986159169548218,0.21413302575923332,0.23646289888502842,688461.2832370811,0.14085136032843135,-0.07535563244905807,0.34602076124567477,4897594
354,21,ODISHA,GANJAM,0.017777777777778128,0.17279507881581652,0.1929104190695788,0.20693579392539233,1125008.2820798995,0.113043010859652,-0.07535563244905807,0.34602076124567477,9965454
355,21,ODISHA,JAGATSINGHPUR,-0.00885813148788936,0.13588619761631285,0.15999999999999537,0.1860822760476764,149325.3689286595,0.07238308562818427,-0.06698961937716265,0.37425605536332185,2068255
356,21,ODISHA,JAJAPUR,0.01205690119184882,0.16633602460587232,0.18608227604770505,0.19986159169548728,341519.53784831136,0.09862793438685484,-0.07535563244905807,0.31009611687812383,3471072
357,21,ODISHA,JHARSUGUDA,-0.0199307958477514,0.1727950788158513,0.1929104190696039,0.20693579392539863,287960.3819189023,0.11555777361741949,-0.11374086889657825,0.3278123798539023,2499034
358,21,ODISHA,KALAHANDI,0.05536332179930867,0.19291041906953282,0.20693579392537914,0.22145328719721374,1361030.3753467705,0.14509510780451393,-0.07111111111111111,0.34602076124567477,9392589
359,21,ODISHA,KANDHAMAL,0.055363321799309244,0.21413302575923823,0.22889657823910092,0.2441522491349269,1471524.3305611094,0.15425280775510805,-0.06698961937716265,0.34602076124567477,9552404
360,21,ODISHA,KENDRAPARHA,-0.017777777777778364,0.11909265667052722,0.14173010380622783,0.1599999999999973,188904.9219442517,0.06254977377786167,-0.08421376393694734,0.3014225297962323,3027614
361,21,ODISHA,KEONJHAR (KENDUJHAR),0.02712802768166162,0.1860822760476474,0.19986159169548312,0.21413302575929535,1227955.894285007,0.12320069214673794,-0.08882737408688965,0.33685505574778934,9980176
362,21,ODISHA,KHORDHA,0.0068403005904075125,0.16633602460590358,0.17937716262978423,0.19986159169549028,349439.8686975488,0.10202978132520885,-0.09842368319876971,0.3553094963475586,3436743
363,21,ODISHA,KORAPUT,0.04484429065743825,0.21413302575922394,0.2288965782391007,0.24415224913493067,1536170.0753456943,0.1551578147482445,-0.09356401384083046,0.3839138792772011,9916232
364,21,ODISHA,MALKANGIRI,0.03844675124952004,0.2141330257592149,0.22889657823910367,0.2441522491349274,1057791.199032484,0.15552499145012114,-0.07111111111111111,0.36472126105344094,6811277
365,21,ODISHA,MAYURBHANJ,0.02712802768166029,0.16633602460582314,0.1860822760477063,0.19986159169548554,1411501.1668611048,0.11266661044166072,-0.09356401384083046,0.3278123798539023,12543165
366,21,ODISHA,NABARANGAPUR,0.07972318339100654,0.22145328719731838,0.24415224913496691,0.25990003844675075,1090172.2407675656,0.1685957423531218,-0.06698961937716265,0.37425605536332185,6477055
367,21,ODISHA,NAYAGARH,0.03254133025759282,0.17937716262981515,0.1929104190695774,0.20693579392539288,546087.6805786915,0.11773414731066904,-0.07535563244905807,0.3188927335640138,4646759
368,21,ODISHA,NUAPARHA,0.06299115724721129,0.1998615916954825,0.2141330257592785,0.2288965782391335,682196.1168697632,0.1488107247053395,-0.05911572472126105,0.34602076124567477,4592599
369,21,ODISHA,PURI,-0.04484429065745496,0.15378700499803893,0.1793771626298069,0.20693579392538197,299086.499111013,0.07253692676559784,-0.09842368319876971,0.3553094963475586,4132506
370,21,ODISHA,RAYAGARHA,0.048227604767396126,0.20693579392537542,0.22145328719721943,0.2364628988850465,1293631.7179722337,0.14882195553475286,-0.08882737408688965,0.3553094963475586,8707900
371,21,ODISHA,SAMBALPUR,0.027128027681661535,0.18608227604764513,0.19986159169548376,0.21413302575931528,1016467.7915637116,0.12739076144388256,-0.13016532103037293,0.3278123798539023,7991881
372,21,ODISHA,SUBARNAPUR,0.04822760476739374,0.1727950788158124,0.1860822760477085,0.19986159169548778,362280.50789712055,0.1282801155122426,-0.05911572472126105,0.3188927335640138,2830803
373,21,ODISHA,SUNDARGARH,0.029773164167627614,0.18608227604767624,0.19986159169548365,0.22145328719722393,1465441.0690545,0.12507878934518846,-0.09356401384083046,0.34602076124567477,11732129
349,21,ODISHA,BAUDH (BAUDA),0.03844675124951948,0.1860822760477081,0.1998615916954846,0.2141330257593323,474082.59051180957,0.128066908545682,-0.05536332179930796,0.3188927335640138,3710015
598,34,PUDUCHERRY,KARAIKAL,-0.12456747404844302,0.06299115724721155,0.08421376393694585,0.1085121107266433,-1929.0458411321488,-0.010657812276828915,-0.2288965782391388,0.2364628988850442,183071
599,34,PUDUCHERRY,MAHE,0.044844290657439445,0.19986159169550174,0.22145328719723179,0.24415224913494832,1535.4023861110045,0.15129063585049526,-0.01384083044982699,0.33685505574778934,10600
600,34,PUDUCHERRY,PUDUCHERRY,-0.08421376393694736,0.10851211072664106,0.13016532103037112,0.14769703960015657,14390.628976661985,0.04222861201597625,-0.19986159169550174,0.2679584775086506,347013
601,34,PUDUCHERRY,YANAM,-0.004451230726614382,0.14769703960015362,0.16633602460592037,0.18608227604767413,3548.652313092657,0.08044062377169808,-0.0629911572472126,0.3278123798539023,44886
027,03,PUNJAB,AMRITSAR,0.05536332179930905,0.2141330257594451,0.22145328719725388,0.2288965782391054,631443.6493798585,0.17998497718515707,-0.09842368319876971,0.34602076124567477,3515937
605,03,PUNJAB,BARNALA,0.09356401384082809,0.22145328719720914,0.2288965782391009,0.2364628988850139,356193.3296530491,0.19345524309942666,-0.04822760476739715,0.33685505574778934,1846179
028,03,PUNJAB,BATHINDA,0.06299115724721148,0.2214532871972564,0.22889657823909987,0.2441522491349321,799203.343101855,0.18345548812136545,-0.07111111111111111,0.37425605536332185,4365070
029,03,PUNJAB,FARIDKOT,0.07535563244905903,0.2141330257592678,0.22889657823910942,0.2364628988850602,352518.0024957316,0.18630285597835186,-0.07535563244905807,0.36472126105344094,1896994
030,03,PUNJAB,FATEHGARH SAHIB,0.08421376393694913,0.2214532871972042,0.22889657823909484,0.2364628988850005,281323.97723805346,0.18861152253308047,-0.05173394848135333,0.33685505574778934,1496589
651,03,PUNJAB,FAZILKA,0.07972318339100773,0.2141330257593011,0.2214532871972756,0.23646289888504746,646297.2689590025,0.1740776383416656,-0.06698961937716265,0.3553094963475586,3719961
031,03,PUNJAB,FIROZPUR,0.07111111111111096,0.21413302575933238,0.2214532871972635,0.22889657823911472,560118.2656565236,0.18178565650366232,-0.1085121107266436,0.3553094963475586,3088898
032,03,PUNJAB,GURDASPUR,0.059115724721262294,0.21413302575918702,0.22145328719720536,0.22889657823912374,600046.654680592,0.1755558324573446,-0.07972318339100345,0.3553094963475586,3424574
033,03,PUNJAB,HOSHIARPUR,0.006843888050864538,0.21413302575922943,0.22145328719724958,0.23646289888503422,653059.3190409481,0.14750312453457268,-0.11909265667051133,0.3553094963475586,4436125
034,03,PUNJAB,JALANDHAR,0.0797231833910043,0.22889657823909185,0.236462898885061,0.2519646289888447,647609.4372813881,0.1882766724326348,-0.05911572472126105,0.3553094963475586,3448570
035,03,PUNJAB,KAPURTHALA,0.0591157247212614,0.22145328719722862,0.22889657823911344,0.24415224913493858,387987.2874844791,0.18218643120520683,-0.07111111111111111,0.37425605536332185,2138434
036,03,PUNJAB,LUDHIANA,0.06698961937716186,0.2288965782390855,0.23646289888507388,0.24415224913497488,908215.8938395923,0.18965120289249898,-0.08421376393694734,0.37425605536332185,4796983
037,03,PUNJAB,MANSA,0.08882737408688966,0.2141330257592611,0.2214532871972674,0.22889657823910872,507610.4751106013,0.1817266321522869,-0.07111111111111111,0.34602076124567477,2800307
038,03,PUNJAB,MOGA,0.09842368319877177,0.22145328719713656,0.22889657823909496,0.2364628988850187,562976.9144678942,0.19286124370285115,-0.05173394848135333,0.36472126105344094,2925171
039,03,PUNJAB,SRI MUKTSAR SAHIB,0.09356401384082934,0.2141330257592802,0.221453287197281,0.23646289888504995,624664.4632742585,0.18319293037315187,-0.06698961937716265,0.37425605536332185,3417177
040,03,PUNJAB,SHAHID BHAGAT SINGH NAGAR,0.04484429065743836,0.2214532871972095,0.22889657823909737,0.24415224913492836,286768.80482524686,0.17426760342385528,-0.10340638216070744,0.36472126105344094,1650822
662,03,PUNJAB,PATHANKOT,-0.010396001537870035,0.21413302575922405,0.23646289888504154,0.25196462898884486,186135.71091382735,0.14865261760475776,-0.11909265667051133,0.34602076124567477,1257220
041,03,PUNJAB,PATIALA,0.05173394848135384,0.22145328719721977,0.228896578239102,0.2364628988850201,779900.1394381945,0.182183763504646,-0.09842368319876971,0.3553094963475586,4293984
042,03,PUNJAB,RUPNAGAR,0.006848506340054017,0.22145328719729973,0.22889657823910445,0.24415224913493494,280984.8008654052,0.1570552314199559,-0.11374086889657825,0.33685505574778934,1795740
043,03,PUNJAB,SANGRUR,0.08882737408688968,0.22145328719719737,0.22889657823909265,0.23646289888499158,887562.5241491238,0.19072504789266448,-0.04822760476739715,0.3553094963475586,4664151
608,03,PUNJAB,SAS NAGAR (SAHIBZADA AJIT SINGH NAGAR),0.027128027681661403,0.22145328719723517,0.23646289888503808,0.2441522491349329,234060.97953370737,0.16521413801653884,-0.08421376393694734,0.3553094963475586,1423227
609,03,PUNJAB,TARN TARAN,0.07111111111110929,0.21413302575929494,0.22145328719727828,0.2288965782391185,570283.8783254367,0.1809436473681135,-0.07972318339100345,0.34602076124567477,3158113
086,08,RAJASTHAN,AJMER,0.07111111111111354,0.2364628988850939,0.2519646289889289,0.267958477508687,1881595.7924236148,0.1785029017528867,-0.08882737408688965,0.41362552864282975,10557272
087,08,RAJASTHAN,ALWAR,0.037045635413328296,0.20693579392537323,0.221453287197229,0.23646289888506095,1624187.6098105141,0.15397151097594935,-0.11909265667051133,0.39369473279507883,10566667
088,08,RAJASTHAN,BANSWARA,0.07972318339100533,0.24415224913514594,0.2599000384468485,0.2679584775086939,1078828.7953208725,0.19655533772627562,-0.03254133025759323,0.37425605536332185,5496965
089,08,RAJASTHAN,BARAN,0.07535563244905596,0.22145328719726567,0.22889657823909593,0.24415224913492678,1541414.0316544184,0.17899111098365855,-0.05536332179930796,0.3839138792772011,8624299
090,08,RAJASTHAN,BARMER,0.12456747404844597,0.28444444444431644,0.3014225297961577,0.3100961168782058,8219758.509388337,0.2337650099288402,-0.10340638216070744,0.4340484429065744,35184293
091,08,RAJASTHAN,BHARATPUR,0.059115724721263765,0.19291041906954517,0.2069357939253822,0.22145328719721508,910374.2040490418,0.14337639704047503,-0.07972318339100345,0.37425605536332185,6364210
092,08,RAJASTHAN,BHILWARA,0.06299115724721129,0.2141330257593149,0.2288965782390981,0.24415224913492659,2147939.439636935,0.16570071237118555,-0.08421376393694734,0.37425605536332185,12977374
093,08,RAJASTHAN,BIKANER,0.1137408688965768,0.26795847750858154,0.28444444444432926,0.3014225297962289,8404386.84946294,0.21957961369455128,-0.07535563244905807,0.42377547097270285,38299184
094,08,RAJASTHAN,BUNDI,0.04484429065743807,0.20693579392537345,0.22145328719722543,0.22889657823911091,1118730.6093564252,0.15666421675169193,-0.07972318339100345,0.37425605536332185,7150747
095,08,RAJASTHAN,CHITTAURGARH,0.041584006151471245,0.2214532871971772,0.2364628988850906,0.24415224913498937,1586786.364761912,0.16513588953661237,-0.07535563244905807,0.3839138792772011,9628634
096,08,RAJASTHAN,CHURU,0.1476970396001629,0.28444444444422595,0.29287197231842976,0.3014225297962671,4131858.68684684,0.23543277112850994,-0.07535563244905807,0.41362552864282975,17570047
097,08,RAJASTHAN,DAUSA,0.06698961937716319,0.23646289888509847,0.25196462898895017,0.267958477508687,768046.9877311096,0.17977302284386137,-0.10340638216070744,0.3839138792772011,4282491
098,08,RAJASTHAN,DHAULPUR,0.05173394848135117,0.19986159169548257,0.20693579392537859,0.22145328719721485,573099.9505497571,0.15127857884837612,-0.09356401384083046,0.34602076124567477,3796325
099,08,RAJASTHAN,DUNGARPUR,0.0711111111111135,0.22145328719728988,0.2364628988850043,0.2519646289888446,780911.9139326757,0.16988280084231122,-0.05173394848135333,0.3553094963475586,4604348
101,08,RAJASTHAN,HANUMANGARH,0.11374086889657595,0.25990003844692794,0.2761399461744387,0.2928719723183213,2635805.4957116027,0.21238258837765564,-0.07111111111111111,0.40359861591695495,12428490
102,08,RAJASTHAN,JAIPUR,0.05911572472126385,0.25196462898905997,0.26795847750870744,0.2844444444444773,2635287.1913530175,0.18901500535595386,-0.11374086889657825,0.41362552864282975,13958482
103,08,RAJASTHAN,JAISALMER,0.10851211072664925,0.2679584775084943,0.28444444444428635,0.3014225297962309,1.0148068016567152E7,0.21066742557322857,-0.12456747404844293,0.4444444444444444,48195167
104,08,RAJASTHAN,JALOR,0.11374086889657485,0.27613994617439636,0.29287197231838535,0.310096116878102,2932547.8440328115,0.22360280373902824,-0.08882737408688965,0.4444444444444444,13130168
105,08,RAJASTHAN,JHALAWAR,0.05911572472126376,0.2288965782390917,0.23646289888503289,0.24415224913494227,1397859.3717145622,0.17989858364137032,-0.05173394848135333,0.36472126105344094,7785147
106,08,RAJASTHAN,JHUNJHUNUN,0.07111111111111366,0.259900038446908,0.2761399461744785,0.29287197231831236,1551461.2237174555,0.20714672968982253,-0.11909265667051133,0.39369473279507883,7500078
107,08,RAJASTHAN,JODHPUR,0.12456747404845182,0.2844444444442434,0.2928719723184287,0.31009611687815397,6597011.860219391,0.232830823234112,-0.0629911572472126,0.4340484429065744,28354930
108,08,RAJASTHAN,KARAULI,0.041584006151481015,0.21413302575922047,0.2288965782391064,0.24415224913492906,950465.9658375516,0.15195096555582854,-0.09842368319876971,0.37425605536332185,6265890
100,08,RAJASTHAN,GANGANAGAR,0.10340638216070808,0.24415224913515182,0.2599000384468112,0.276139946174549,2844475.3171555107,0.20333578368832259,-0.05911572472126105,0.39369473279507883,14004924
109,08,RAJASTHAN,KOTA,0.04484429065743814,0.20693579392537428,0.22145328719722157,0.23646289888505811,1011257.644516055,0.1612215633455574,-0.06698961937716265,0.39369473279507883,6284796
110,08,RAJASTHAN,NAGAUR,0.1301653210303717,0.284444444444299,0.30142252979620965,0.3100961168781625,5376726.839611824,0.24100430535763617,-0.06698961937716265,0.42377547097270285,22328531
111,08,RAJASTHAN,PALI,0.07111111111111401,0.25196462898904187,0.267958477508706,0.28444444444447814,2928870.652487625,0.19095346495602525,-0.0629911572472126,0.41362552864282975,15355856
629,08,RAJASTHAN,PRATAPGARH,0.07111111111111672,0.23646289888511798,0.2441522491350926,0.2599000384467619,992530.7350622799,0.18295815903591528,-0.0271280276816609,0.36472126105344094,5433909
112,08,RAJASTHAN,RAJ SAMAND,0.041584006151481,0.2069357939253778,0.2214532871972858,0.2364628988850141,837925.4293844574,0.14674878614051698,-0.07111111111111111,0.36472126105344094,5723908
113,08,RAJASTHAN,SAWAI MADHOPUR,0.04822760476739437,0.20693579392537717,0.2214532871972168,0.2364628988850542,950307.4467158857,0.15204633887057084,-0.1085121107266436,0.3839138792772011,6261504
114,08,RAJASTHAN,SIKAR,0.0842137639369461,0.2761399461744062,0.2844444444444299,0.3014225297961897,2117165.039813641,0.21752556269048587,-0.1085121107266436,0.42377547097270285,9747199
115,08,RAJASTHAN,SIROHI,0.05173394848135275,0.24415224913502842,0.26795847750869684,0.29287197231834144,1105605.9396154555,0.17515016355302374,-0.12456747404844293,0.42377547097270285,6321547
116,08,RAJASTHAN,TONK,0.0669896193771635,0.2069357939253743,0.22145328719724078,0.2441522491349289,1429427.612279507,0.1597966527461891,-0.08421376393694734,0.37425605536332185,8958642
117,08,RAJASTHAN,UDAIPUR,0.05173394848135091,0.21413302575920157,0.22889657823909812,0.24415224913492528,2244463.347454395,0.1563464662453603,-0.06698961937716265,0.37425605536332185,14373207
225,11,SIKKIM,EAST,-0.07535563244905939,0.23646289888497793,0.25990003844676374,0.2761399461745216,134766.71366069902,0.1144402917397005,-0.186082276047674,0.3553094963475586,1180616
226,11,SIKKIM,NORTH,-0.21413302575932963,0.13588619761633342,0.17937716262979814,0.2214532871972148,-40991.05181387169,-0.007692951510842483,-0.3188927335640138,0.34602076124567477,5335204
227,11,SIKKIM,SOUTH,-0.07111111111111033,0.2441522491349224,0.25990003844677034,0.2761399461745359,121859.44462200807,0.13256135011000159,-0.24415224913494812,0.36472126105344094,922577
228,11,SIKKIM,WEST,-0.1600000000000066,0.2364628988850357,0.2519646289888878,0.26795847750868357,128565.18025259646,0.08519868571120226,-0.29287197231833906,0.36472126105344094,1512801
610,33,TAMIL NADU,ARIYALUR,-0.09356401384082659,0.10851211072665294,0.13588619761629483,0.16000000000000122,55145.25353803271,0.025008815177354957,-0.2288965782391388,0.3014225297962323,2209715
730,33,TAMIL NADU,CHENGALPATTU,-0.11374086889657528,0.10851211072665688,0.130165321030352,0.14769703960016348,91628.9455187033,0.029379427324833132,-0.2761399461745483,0.2679584775086506,3125557
568,33,TAMIL NADU,CHENNAI,-0.05911572472126123,0.10340638216070251,0.11909265667051201,0.14173010380622567,19956.222888630902,0.05206246600115159,-0.186082276047674,0.2761399461745483,385506
569,33,TAMIL NADU,COIMBATORE,-0.016760804644969717,0.17279507881583525,0.19986159169548598,0.22145328719723148,573902.5022194096,0.10680002021258411,-0.17937716262975778,0.39369473279507883,5383851
570,33,TAMIL NADU,CUDDALORE,-0.08421376393694795,0.10340638216072674,0.1301653210303685,0.16000000000000497,140084.21773828528,0.03316558962313138,-0.2364628988850442,0.3188927335640138,4233341
571,33,TAMIL NADU,DHARMAPURI,-0.07535563244905498,0.14173010380624868,0.16000000000000444,0.17279507881584977,329683.31028349133,0.06413104870849372,-0.17937716262975778,0.28444444444444444,5150772
572,33,TAMIL NADU,DINDIGUL,-0.07111111111111311,0.13016532103034206,0.15378700499808864,0.1793771626297636,386711.20746962767,0.05621126844043317,-0.19986159169550174,0.3278123798539023,6891183
573,33,TAMIL NADU,ERODE,-0.02105800371126629,0.1727950788158219,0.19291041906956433,0.21413302575929768,562975.5849277014,0.09657682463336041,-0.19986159169550174,0.34602076124567477,5843263
574,33,TAMIL NADU,KANCHIPURAM,-0.08882737408688451,0.1245674740484603,0.14173010380624324,0.1600000000000027,80148.9614331703,0.04002601157104391,-0.186082276047674,0.3014225297962323,2010389
729,33,TAMIL NADU,KALLAKKURICHI,-0.05911572472126347,0.14769703960017574,0.17279507881585074,0.19291041906960502,287733.28606314695,0.07133096480578544,-0.1929104190695886,0.3188927335640138,4041352
575,33,TAMIL NADU,KANYAKUMARI,-0.03687719657514203,0.19291041906954323,0.21413302575926807,0.24415224913492944,214741.76444292534,0.11317065271965251,-0.19986159169550174,0.39369473279507883,1902020
576,33,TAMIL NADU,KARUR,-0.051733948481354285,0.11374086889658504,0.13588619761629697,0.16000000000000175,159854.8940626863,0.0483622567982847,-0.1929104190695886,0.31009611687812383,3313874
578,33,TAMIL NADU,MADURAI,-0.05173394848135409,0.1476970396001738,0.17279507881585068,0.1929104190695794,294828.707384971,0.07007202217934569,-0.1929104190695886,0.3839138792772011,4217505
587,33,TAMIL NADU,NILGIRIS,-0.0369016169685672,0.20693579392538258,0.23646289888501124,0.26795847750868723,297149.157194697,0.10716201863343988,-0.186082276047674,0.39369473279507883,2779224
579,33,TAMIL NADU,NAGAPATTINAM,-0.10851211072664593,0.06299115724721116,0.07972318339100887,0.09842368319876761,-2767.760771103457,-9.475859415389475E-4,-0.2519646289888504,0.2288965782391388,2930267
580,33,TAMIL NADU,NAMAKKAL,-0.041584006151481015,0.1537870049980646,0.17279507881585038,0.19291041906958534,338752.0085391995,0.08690865922104837,-0.17279507881584008,0.31009611687812383,3905479
581,33,TAMIL NADU,PERAMBALUR,-0.06698961937716197,0.11909265667052679,0.1417301038062028,0.16633602460592464,75801.38439426149,0.03786522903428269,-0.16633602460592078,0.29287197231833906,2007167
582,33,TAMIL NADU,PUDUKKOTTAI,-0.09842368319876728,0.09356401384084195,0.11374086889659034,0.13588619761631016,109618.92642697864,0.020729925711205677,-0.2288965782391388,0.3014225297962323,5299699
583,33,TAMIL NADU,RAMANATHAPURAM,-0.13016532103037426,0.06299115724721255,0.08421376393695182,0.10851211072664772,-39473.48793717887,-0.008477818593412192,-0.31009611687812383,0.2679584775086506,4668989
731,33,TAMIL NADU,RANIPPETTAI,-0.029773164167628593,0.1663360246058791,0.1793771626297954,0.19986159169548867,196494.79838774455,0.09260867454068249,-0.16633602460592078,0.31009611687812383,2128423
584,33,TAMIL NADU,SALEM,-0.04822760476739526,0.15999999999997686,0.17937716262980147,0.19291041906960288,604760.9959060438,0.08822269622925294,-0.1929104190695886,0.3278123798539023,6871944
585,33,TAMIL NADU,SIVAGANGA,-0.10340638216071361,0.07972318339101443,0.10340638216070935,0.13016532103037123,47348.91261066728,0.00983458970844512,-0.2288965782391388,0.3014225297962323,4827074
588,33,TAMIL NADU,TENI,-0.05536332179930774,0.1663360246058755,0.19291041906956732,0.21413302575932186,287838.1335647575,0.08845771504786389,-0.186082276047674,0.36472126105344094,3260399
733,33,TAMIL NADU,TENKASI,-0.09356401384082871,0.14769703960017344,0.17279507881585032,0.20693579392539665,162937.3353739734,0.05121215340547832,-0.24415224913494812,0.33685505574778934,3188221
586,33,TAMIL NADU,THANJAVUR,-0.08421376393694645,0.11909265667052449,0.1358861976163168,0.16000000000000203,142259.72517327568,0.03650004608477443,-0.2364628988850442,0.2679584775086506,3908681
590,33,TAMIL NADU,THIRUVARUR,-0.08421376393694543,0.103406382160728,0.11909265667052245,0.14173010380622847,61060.22010380773,0.023701245594461965,-0.21413302575932336,0.24415224913494812,2584269
591,33,TAMIL NADU,TIRUCHIRAPALLI,-0.0888273740868876,0.13588619761632495,0.15999999999999032,0.18608227604769703,259026.99898980634,0.0506219057375297,-0.1929104190695886,0.3188927335640138,5131417
592,33,TAMIL NADU,TIRUNELVELI,-0.10340638216070597,0.14173010380621168,0.16633602460592514,0.1998615916954878,188515.25890019585,0.042937968629802564,-0.2364628988850442,0.33685505574778934,4398780
634,33,TAMIL NADU,TIRUPPUR,-0.03686735610982312,0.13016532103034584,0.14769703960017,0.1727950788158491,387833.8083759224,0.06556095307409394,-0.17937716262975778,0.3553094963475586,5928070
732,33,TAMIL NADU,TIRUPPATTUR,-0.02460592079969221,0.15999999999998937,0.17937716262979478,0.1998615916954886,221270.26096153195,0.09129741099888586,-0.16633602460592078,0.3188927335640138,2429659
589,33,TAMIL NADU,TIRUVALLUR,-0.08882737408688536,0.11909265667052456,0.14173010380621626,0.17279507881584874,139084.31423252338,0.03750172401693747,-0.21413302575932336,0.33685505574778934,3721243
593,33,TAMIL NADU,TIRUVANNAMALAI,-0.04822760476739869,0.1537870049980128,0.17279507881585104,0.1929104190695887,591448.2287496274,0.08362110332856978,-0.17937716262975778,0.33685505574778934,7086228
594,33,TAMIL NADU,TUTICORIN,-0.1358861976162997,0.0753556324490573,0.10340638216072204,0.13588619761631895,-41873.55795978179,-0.007806275062625187,-0.2761399461745483,0.3014225297962323,5373009
595,33,TAMIL NADU,VELLORE,-0.022206843521722416,0.15999999999997958,0.1793771626297993,0.19986159169548795,218895.30991041477,0.09055079830368536,-0.14173010380622836,0.33685505574778934,2425418
596,33,TAMIL NADU,VILLUPURAM,-0.09842368319876837,0.12456747404847113,0.14173010380624135,0.1600000000000044,206926.6080792884,0.04943224888198741,-0.2679584775086506,0.29287197231833906,4197052
597,33,TAMIL NADU,VIRUDHUNAGAR,-0.08421376393694606,0.10340638216072738,0.1301653210303636,0.15378700499808481,142979.7298790691,0.029749437190354007,-0.2069357939254133,0.29287197231833906,4816093
577,33,TAMIL NADU,KRISHNAGIRI,-0.03687343497536055,0.15378700499802475,0.17279507881585074,0.1929104190695993,505432.18266775226,0.08597217377412794,-0.17279507881584008,0.3278123798539023,5891097
501,36,TELANGANA,ADILABAD,0.08421376393694653,0.19986159169552314,0.21413302575924514,0.22889657823911894,741380.2281445028,0.156545616049605,-9.84236831987697E-4,0.34602076124567477,4743469
507,36,TELANGANA,HYDERABAD,0.02977316416762765,0.1860822760476886,0.20693579392542077,0.2364628988850426,27262.82788174983,0.1216422392547587,-0.029773164167627833,0.36472126105344094,225991
508,36,TELANGANA,KARIMNAGAR,0.07535563244905924,0.2364628988850659,0.24415224913497044,0.2519646289888445,422608.21252952376,0.17916296756523276,-0.06698961937716265,0.36472126105344094,2364683
690,36,TELANGANA,BHADRADRI KOTHAGUDEM,0.041584006151481105,0.1929104190695428,0.2141330257592762,0.22889657823912538,1097060.8960113437,0.13543916093432382,-0.08882737408688965,0.40359861591695495,8112200
512,36,TELANGANA,MAHABUBNAGAR,0.05173394848135067,0.2069357939253788,0.221453287197199,0.23646289888505906,497152.2466658925,0.15205725377264417,-0.05536332179930796,0.33685505574778934,3277821
692,36,TELANGANA,SIDDIPET,0.032541330257593266,0.2214532871972816,0.2364628988850061,0.24415224913492592,697087.1613646413,0.16009184810421653,-0.04822760476739715,0.34602076124567477,4362172
514,36,TELANGANA,NALGONDA,0.012056901191848554,0.18608227604765107,0.20693579392538075,0.22145328719720814,1038675.8695145111,0.12349228006815327,-0.10340638216070744,0.3278123798539023,8420108
516,36,TELANGANA,NIZAMABAD,0.06299115724721134,0.24415224913510938,0.2519646289889901,0.2679584775086882,911675.3065098862,0.183554972689234,-0.024605920799692427,0.37425605536332185,4973584
518,36,TELANGANA,RANGAREDDY,0.024605920799692853,0.19291041906954268,0.206935793925382,0.2214532871972187,793188.9330780405,0.13577257195099404,-0.07111111111111111,0.36472126105344094,5852435
720,36,TELANGANA,MULUGU,0.04484429065743965,0.19291041906954606,0.20693579392538097,0.22145328719721497,656974.4685590888,0.13016323608579144,-0.044844290657439445,0.3553094963475586,5054976
695,36,TELANGANA,JOGULAMBA GADWAL,0.06698961937716426,0.21413302575922227,0.2288965782391047,0.24415224913492845,462884.9763621513,0.15474706392246415,-0.04822760476739715,0.33685505574778934,2996596
699,36,TELANGANA,KUMURAM BHEEM,0.06299115724721127,0.19291041906954645,0.20693579392538108,0.22145328719722285,759316.0415633896,0.1413762729836116,-0.022206843521722412,0.34602076124567477,5379788
684,36,TELANGANA,MANCHERIAL,0.05911572472126447,0.19291041906955722,0.20693579392538436,0.2288965782391409,615584.7520572882,0.1351399091053413,-0.09356401384083046,0.3553094963475586,4563416
680,36,TELANGANA,NIRMAL,0.0669896193771611,0.22889657823909235,0.236462898885057,0.25196462898887867,731323.2889947025,0.16655046453821087,-0.03543252595155709,0.36472126105344094,4400168
685,36,TELANGANA,KAMAREDDY,0.06299115724721126,0.22889657823908993,0.2441522491350392,0.25196462898889094,756663.6360808898,0.1716445907448394,-0.017777777777777778,0.36472126105344094,4417377
691,36,TELANGANA,SANGAREDDY,0.059115724721264376,0.21413302575922255,0.2288965782391061,0.2441522491349312,841739.6404267563,0.16117521790096476,-0.05911572472126105,0.36472126105344094,5234286
694,36,TELANGANA,NAGARKURNOOL,0.019930795847751655,0.17937716262982625,0.19291041906954756,0.20693579392538536,853191.5898799634,0.11815815217808014,-0.07535563244905807,0.33685505574778934,7230954
693,36,TELANGANA,WANAPARTHY,0.04822760476739531,0.19986159169548343,0.21413302575929077,0.22889657823913173,362722.73230573325,0.14293140889347045,-0.041584006151480196,0.3278123798539023,2543857
721,36,TELANGANA,NARAYANPET,0.07972318339100545,0.22889657823910037,0.24415224913494796,0.25990003844674564,492122.7728434694,0.17530455447536517,-0.017777777777777778,0.33685505574778934,2813898
698,36,TELANGANA,VIKARABAD,0.07972318339100623,0.21413302575924767,0.2288965782391043,0.2441522491349287,707082.225203714,0.16315574639830066,-0.022206843521722412,0.36472126105344094,4341820
700,36,TELANGANA,MEDCHAL-MALKAJGIRI,0.04822760476739498,0.20693579392538472,0.22145328719721175,0.236462898885056,179220.73945604847,0.14225006875446808,-0.05173394848135333,0.36472126105344094,1263977
697,36,TELANGANA,YADADRI BHUVANAGIRI,0.03844675124951941,0.22145328719729127,0.23646289888506392,0.25196462898888755,580597.6417500189,0.15355496464089896,-0.08421376393694734,0.3278123798539023,3788544
696,36,TELANGANA,SURYAPET,0.03844675124952109,0.19986159169557077,0.2141330257592961,0.22889657823910423,583056.7367648522,0.1387999706433813,-0.07535563244905807,0.3188927335640138,4207558
509,36,TELANGANA,KHAMMAM,0.03543252595155863,0.1793771626298209,0.1998615916954847,0.21413302575932716,690294.9303698007,0.12616470970730664,-0.06698961937716265,0.41362552864282975,5483474
688,36,TELANGANA,MAHABUBABAD,0.04822760476739577,0.19986159169548462,0.2141330257592454,0.22889657823910825,580739.1972438168,0.13984513000404444,-0.041584006151480196,0.3188927335640138,4159758
689,36,TELANGANA,JANGAON,0.055363321799307814,0.2214532871972574,0.22889657823910203,0.24415224913492575,450225.5116673853,0.1583741735073399,-0.05911572472126105,0.3188927335640138,2848930
686,36,TELANGANA,WARANGAL (URBAN),0.05911572472126169,0.2214532871971941,0.2364628988850482,0.24415224913493078,226776.10919380552,0.16582031543548792,-0.07535563244905807,0.3278123798539023,1371299
522,36,TELANGANA,WARANGAL (RURAL),0.071111111111111,0.22145328719729784,0.23646289888500763,0.2441522491349253,444762.43050229165,0.16940769355362578,-0.03844675124951941,0.3188927335640138,2631366
687,36,TELANGANA,JAYASHANKAR BHUPALAPALLY,0.05536332179930807,0.1860822760477036,0.20693579392538666,0.2214532871972293,445330.50790916244,0.13153079533490578,-0.044844290657439445,0.33685505574778934,3392864
682,36,TELANGANA,PEDDAPALLI,0.04158400615148101,0.20693579392537526,0.22145328719725188,0.2364628988850329,385276.76052208035,0.14898578733196818,-0.07535563244905807,0.33685505574778934,2590845
681,36,TELANGANA,JAGTIAL,0.06698961937716191,0.22889657823909296,0.24415224913505523,0.25990003844678444,577106.6329780638,0.16949349965644595,-0.029773164167627833,0.33685505574778934,3410637
683,36,TELANGANA,RANJANNA SIRCILLA,0.03254133025759337,0.23646289888508484,0.25196462898897076,0.2599000384467989,350650.3569573487,0.16469130534604529,-0.044844290657439445,0.36472126105344094,2133794
513,36,TELANGANA,MEDAK,0.05536332179930804,0.22145328719725207,0.23646289888502384,0.24415224913492484,524536.4533533327,0.16255111844441547,-0.07111111111111111,0.3278123798539023,3235035
269,16,TRIPURA,DHALAI,0.02977316416762797,0.21413302575924878,0.22889657823911505,0.24415224913493325,425206.3089631925,0.15289333811382297,-0.10340638216070744,0.39369473279507883,2787504
654,16,TRIPURA,GOMATI,0.05173394848135496,0.22145328719720436,0.23646289888503275,0.25990003844676096,306243.48460135446,0.15542884178029504,-0.08421376393694734,0.40359861591695495,1976295
652,16,TRIPURA,KHOWAI,0.04484429065743871,0.2069357939253841,0.2288965782391329,0.25196462898884525,187596.83182467008,0.14608942891918272,-0.07535563244905807,0.42377547097270285,1288086
270,16,TRIPURA,NORTH TRIPURA,0.05173394848135387,0.21413302575927554,0.2288965782391264,0.24415224913493794,260723.55012451304,0.1584842963569333,-0.1085121107266436,0.36472126105344094,1650811
653,16,TRIPURA,SEPAHIJALA,0.051733948481354826,0.22145328719721374,0.24415224913493294,0.267958477508643,198411.1631485574,0.1538668982453852,-0.05173394848135333,0.39369473279507883,1294414
271,16,TRIPURA,SOUTH TRIPURA,0.055363321799306565,0.22889657823910725,0.2441522491349273,0.2679584775086609,286261.1584009008,0.16126451600160552,-0.03254133025759323,0.3839138792772011,1781389
655,16,TRIPURA,UNOKOTI,0.048227604767394315,0.22145328719720483,0.2364628988850038,0.2519646289888447,130335.09099487963,0.15454291429918993,-0.05536332179930796,0.36472126105344094,846595
272,16,TRIPURA,WEST TRIPURA,0.05173394848135412,0.2214532871972227,0.24415224913493733,0.26795847750864843,178837.46877586248,0.15533303442403926,-0.044844290657439445,0.39369473279507883,1154860
118,09,UTTAR PRADESH,AGRA,0.048227604767395724,0.2069357939253761,0.22145328719726512,0.22889657823911574,793232.946977556,0.15648899219926415,-0.05536332179930796,0.34602076124567477,5084762
119,09,UTTAR PRADESH,ALIGARH,0.06698961937716189,0.21413302575933493,0.22889657823909784,0.23646289888503558,822095.6502868691,0.17544280428589223,-0.04822760476739715,0.33685505574778934,4695914
121,09,UTTAR PRADESH,AMBEDKARNAGAR,0.03844675124951951,0.179377162629828,0.19291041906957404,0.19986159169548634,388210.11626231414,0.1338537130430336,-0.07535563244905807,0.3188927335640138,2907631
640,09,UTTAR PRADESH,AMETHI,0.024605920799692777,0.16633602460582883,0.1793771626298107,0.19986159169548826,364770.72777967213,0.1208099568233088,-0.10340638216070744,0.36472126105344094,3027141
154,09,UTTAR PRADESH,AMROHA,0.05536332179930775,0.19986159169548237,0.21413302575927196,0.22145328719721014,478062.9576445106,0.15283375515530062,-0.07972318339100345,0.3278123798539023,3135410
122,09,UTTAR PRADESH,AURAIYA,0.05536332179930801,0.18608227604762906,0.1998615916954832,0.21413302575933219,364706.5846873319,0.14476350592774723,-0.06698961937716265,0.3278123798539023,2525028
123,09,UTTAR PRADESH,AZAMGARH,0.03543252595155836,0.16633602460581579,0.17937716262981282,0.19291041906957773,629111.3123476368,0.12019764623242271,-0.07535563244905807,0.34602076124567477,5243512
133,09,UTTAR PRADESH,BUDAUN,0.059115724721263356,0.2069357939253739,0.21413302575922633,0.2288965782391253,848023.7630158018,0.15764156127459852,-0.07111111111111111,0.3553094963475586,5388312
124,09,UTTAR PRADESH,BAGHPAT,0.05536332179930699,0.19986159169548304,0.20693579392538228,0.221453287197215,261857.41147673994,0.15520821681706867,-0.044844290657439445,0.33685505574778934,1691561
125,09,UTTAR PRADESH,BAHRAICH,0.022206843521722138,0.17937716262982942,0.1929104190695483,0.20693579392538766,779977.6108809018,0.12514256187077688,-0.07972318339100345,0.3278123798539023,6244557
126,09,UTTAR PRADESH,BALLIA,0.03844675124951979,0.1727950788158169,0.1860822760477027,0.1998615916954877,471395.9919468352,0.12709919033260986,-0.08421376393694734,0.3278123798539023,3717530
127,09,UTTAR PRADESH,BALRAMPUR,0.029773164167627757,0.17279507881579398,0.1860822760477107,0.19986159169548717,494460.6352130608,0.11762877259011105,-0.07535563244905807,0.33685505574778934,4212204
128,09,UTTAR PRADESH,BANDA,0.051733948481352,0.17279507881580033,0.1929104190695839,0.20693579392539693,714880.6207584544,0.12989760247793336,-0.0629911572472126,0.3278123798539023,5516307
129,09,UTTAR PRADESH,BARABANKI,0.05173394848135338,0.21413302575935453,0.22889657823909462,0.23646289888503988,773906.1289606289,0.1608488101509298,-0.07972318339100345,0.36472126105344094,4821092
130,09,UTTAR PRADESH,BAREILLY,0.04822760476739585,0.1860822760476711,0.1998615916954833,0.2141330257593328,722387.6482491576,0.1382051557532198,-0.06698961937716265,0.3278123798539023,5236856
131,09,UTTAR PRADESH,BASTI,0.038446751249520204,0.16633602460582286,0.17937716262980832,0.1929104190695859,426464.8634664402,0.1224494295043257,-0.09842368319876971,0.3278123798539023,3489747
179,09,UTTAR PRADESH,BHADOHI,0.027128027681661313,0.16633602460582797,0.172795078815851,0.1860822760477009,150855.31464198115,0.12038686650510112,-0.07111111111111111,0.3014225297962323,1258326
132,09,UTTAR PRADESH,BIJNOR,0.051733948481353306,0.17937716262982217,0.19291041906955123,0.20693579392538664,826803.6525884634,0.14038356170051686,-0.07111111111111111,0.3553094963475586,5897437
134,09,UTTAR PRADESH,BULANDSHAHR,0.05911572472126283,0.21413302575931623,0.22145328719718266,0.2288965782391047,753906.2062723733,0.16912113552031308,-0.07535563244905807,0.36472126105344094,4465675
135,09,UTTAR PRADESH,CHANDAULI,0.027128027681661497,0.16633602460584135,0.17937716262980813,0.19986159169548648,375082.5762715911,0.11936365329383769,-0.07535563244905807,0.3553094963475586,3149762
136,09,UTTAR PRADESH,CHITRAKOOT,0.01993079584775139,0.17937716262981973,0.19291041906957812,0.20693579392539244,481137.84928133996,0.12221493699426512,-0.07111111111111111,0.31009611687812383,3947058
137,09,UTTAR PRADESH,DEORIA,0.0448442906574381,0.1727950788157442,0.18608227604765742,0.19291041906956152,420252.2861273899,0.133002997366814,-0.05536332179930796,0.3188927335640138,3167421
140,09,UTTAR PRADESH,AYODHYA,0.032541330257592316,0.1793771626298192,0.18608227604771352,0.199861591695486,424308.63265891786,0.12643324770469602,-0.0629911572472126,0.37425605536332185,3363207
138,09,UTTAR PRADESH,ETAH,0.07111111111111275,0.2069357939253805,0.22145328719721924,0.23646289888503558,492127.10148659983,0.16149235204799373,-0.05536332179930796,0.3188927335640138,3057112
139,09,UTTAR PRADESH,ETAWAH,0.024605920799692708,0.19291041906954437,0.19986159169548331,0.21413302575928117,401692.6084073018,0.13823835044646918,-0.07111111111111111,0.34602076124567477,2912455
141,09,UTTAR PRADESH,FARRUKHABAD,0.05536332179931021,0.19986159169548218,0.21413302575925003,0.22889657823911555,407559.8053050764,0.1487773733213117,-0.05911572472126105,0.34602076124567477,2746061
142,09,UTTAR PRADESH,FATEHPUR,0.04822760476739554,0.19291041906952286,0.20693579392537798,0.22145328719720586,763378.0289840889,0.1476429198829113,-0.06698961937716265,0.3553094963475586,5179341
143,09,UTTAR PRADESH,FIROZABAD,0.05911572472126289,0.1998615916954821,0.20693579392537714,0.22145328719721644,472034.3644880934,0.15551991443728086,-0.05173394848135333,0.34602076124567477,3043033
144,09,UTTAR PRADESH,GAUTAMBUDHNAGAR,0.06698961937716297,0.20693579392537917,0.21413302575930826,0.23646289888505498,288434.85675027303,0.1608942333338116,-0.05536332179930796,0.3553094963475586,1799130
146,09,UTTAR PRADESH,GAZIPUR,0.04484429065743802,0.17279507881571862,0.1793771626298221,0.19291041906957443,537036.7492607835,0.1283872333169193,-0.07535563244905807,0.34602076124567477,4191005
145,09,UTTAR PRADESH,GHAZIABAD,0.04822760476739495,0.1998615916954847,0.21413302575927307,0.23646289888505756,174391.98515602408,0.1503412066341889,-0.05173394848135333,0.36472126105344094,1164347
147,09,UTTAR PRADESH,GONDA,0.029773164167627653,0.1727950788157428,0.1860822760476636,0.19291041906955894,607630.267841322,0.12181737719840077,-0.07111111111111111,0.3188927335640138,4997607
148,09,UTTAR PRADESH,GORAKHPUR,0.0415840061514811,0.17937716262982886,0.18608227604770597,0.19986159169548515,548081.4057699376,0.13185580156027507,-0.07535563244905807,0.36472126105344094,4167218
149,09,UTTAR PRADESH,HAMIRPUR,0.04484429065743829,0.1727950788157135,0.18608227604768138,0.19986159169548562,666169.9161531591,0.1380340358472524,-0.07111111111111111,0.3188927335640138,4836349
661,09,UTTAR PRADESH,HAPUR,0.06698961937716345,0.1998615916954827,0.20693579392538075,0.22145328719722362,225313.25280284646,0.15860093695829294,-0.0271280276816609,0.3278123798539023,1425629
150,09,UTTAR PRADESH,HARDOI,0.035432525951558165,0.17937716262983153,0.19291041906955958,0.20693579392539138,994502.8039151113,0.1322852770348222,-0.08421376393694734,0.3278123798539023,7529334
163,09,UTTAR PRADESH,HATHRAS,0.07535563244905935,0.21413302575929763,0.2214532871973013,0.2364628988849962,386455.93354033574,0.17228082921298293,-0.04822760476739715,0.3278123798539023,2250134
151,09,UTTAR PRADESH,JALAUN,0.04822760476739487,0.17279507881577655,0.18608227604771335,0.1929104190695999,755099.9673700378,0.13316826113969954,-0.05173394848135333,0.33685505574778934,5680240
152,09,UTTAR PRADESH,JAUNPUR,0.02977316416762752,0.1663360246058051,0.17937716262981807,0.1929104190696069,601349.4930486004,0.12032355923665428,-0.08421376393694734,0.34602076124567477,5008032
153,09,UTTAR PRADESH,JHANSI,0.05911572472126336,0.1998615916955226,0.21413302575926624,0.2288965782391228,946778.3132740483,0.15246519968121888,-0.05911572472126105,0.3553094963475586,6229627
155,09,UTTAR PRADESH,KANNAUJ,0.0629911572472114,0.1929104190695199,0.2069357939253816,0.21413302575927828,398838.95353744394,0.15237081231205302,-0.06698961937716265,0.3278123798539023,2623727
157,09,UTTAR PRADESH,KANPUR,0.0448442906574383,0.18608227604767058,0.1929104190695656,0.20693579392539432,520199.57311845146,0.13930591369374656,-0.07972318339100345,0.34602076124567477,3743531
156,09,UTTAR PRADESH,KANPUR DEHAT,0.0517339484813539,0.17937716262982917,0.18608227604769384,0.19986159169548523,540564.9667634134,0.13739518820110616,-0.06698961937716265,0.36472126105344094,3941798
633,09,UTTAR PRADESH,KASGANJ,0.051733948481354555,0.20693579392537564,0.2141330257592537,0.22889657823912576,380688.86904209416,0.1541796253591574,-0.07111111111111111,0.34602076124567477,2475748
158,09,UTTAR PRADESH,KAUSHAMBI,0.035432525951556854,0.17937716262982983,0.1929104190695856,0.20693579392539302,292334.88851522375,0.13211358990955435,-0.05911572472126105,0.34602076124567477,2218096
159,09,UTTAR PRADESH,KHERI,0.019930795847752196,0.17937716262982928,0.19291041906954917,0.20693579392538464,1200973.0314352931,0.12350538847190047,-0.08882737408688965,0.33685505574778934,9738027
160,09,UTTAR PRADESH,KUSHINAGAR,0.04484429065743816,0.1663360246058195,0.1793771626298105,0.18608227604770697,445057.4179772778,0.12378666471009071,-0.07111111111111111,0.29287197231833906,3604253
161,09,UTTAR PRADESH,LALITPUR,0.044844290657438834,0.2214532871972567,0.23646289888505226,0.2441522491349593,1059322.4984959166,0.17101081661186196,-0.044844290657439445,0.33685505574778934,6203252
162,09,UTTAR PRADESH,LUCKNOW,0.027128027681660637,0.1998615916954828,0.21413302575928142,0.22889657823913012,416358.76533783245,0.13164082715152375,-0.0629911572472126,0.39369473279507883,3170059
165,09,UTTAR PRADESH,MAHOBA,0.04822760476739492,0.1860822760476317,0.19291041906955164,0.20693579392539047,575777.5191516735,0.14271270658831633,-0.07535563244905807,0.3188927335640138,4045255
166,09,UTTAR PRADESH,MAINPURI,0.06299115724721129,0.1929104190695259,0.206935793925378,0.22145328719720966,518811.0357548947,0.15106070630452414,-0.04822760476739715,0.34602076124567477,3441554
167,09,UTTAR PRADESH,MATHURA,0.06299115724721129,0.20693579392537287,0.22145328719726334,0.2288965782391101,681324.2149594654,0.1620034741665803,-0.05173394848135333,0.3553094963475586,4213749
168,09,UTTAR PRADESH,MAU,0.041584006151481064,0.1727950788157959,0.17937716262981693,0.19291041906959938,277230.585074946,0.1286004437190169,-0.0629911572472126,0.3278123798539023,2161729
169,09,UTTAR PRADESH,MEERUT,0.051733948481352904,0.18608227604761035,0.1998615916954832,0.21413302575929785,488065.3704150523,0.1475532338035498,-0.044844290657439445,0.33685505574778934,3314219
170,09,UTTAR PRADESH,MIRZAPUR,0.029773164167627555,0.186082276047647,0.20693579392538194,0.2214532871972137,720871.4434605285,0.13259767212990786,-0.07535563244905807,0.3278123798539023,5447558
171,09,UTTAR PRADESH,MORADABAD,0.05536332179930953,0.19291041906951115,0.20693579392537778,0.22145328719720356,364834.80673122057,0.147016302836734,-0.05911572472126105,0.3553094963475586,2489342
172,09,UTTAR PRADESH,MUZAFFARNAGAR,0.05173394848135252,0.17937716262982817,0.18608227604771532,0.19986159169548576,486011.56502284517,0.13867052244810807,-0.03844675124951941,0.34602076124567477,3511799
173,09,UTTAR PRADESH,PILIBHIT,0.0026447003256628875,0.19291041906952422,0.2069357939253792,0.22145328719720947,611810.4591707021,0.12805641542831633,-0.07972318339100345,0.3553094963475586,4788939
174,09,UTTAR PRADESH,PRATAPGARH,0.022206843521722423,0.1727950788158143,0.18608227604770944,0.19986159169548737,549573.2241622616,0.1193824780611182,-0.08882737408688965,0.33685505574778934,4613609
175,09,UTTAR PRADESH,RAIBEARELI,0.03844675124951967,0.18608227604760824,0.19986159169548345,0.2141330257593042,654657.7786850499,0.13397288039956667,-0.07535563244905807,0.3278123798539023,4896223
176,09,UTTAR PRADESH,RAMPUR,0.05173394848135234,0.20693579392537562,0.21413302575922374,0.22889657823912002,461779.057959955,0.15334695613602367,-0.05911572472126105,0.3553094963475586,3018922
177,09,UTTAR PRADESH,SAHARANPUR,0.04158400615148108,0.192910419069523,0.1998615916954826,0.2141330257593052,671910.2794734173,0.14047664851169495,-0.07535563244905807,0.36472126105344094,4790695
659,09,UTTAR PRADESH,SAMBHAL,0.07535563244905961,0.2069357939253736,0.21413302575920173,0.22889657823911225,511291.4828552095,0.16598713350187005,-0.05911572472126105,0.36472126105344094,3088314
178,09,UTTAR PRADESH,SANTKABIRNAGAR,0.041584006151480835,0.17279507881585152,0.18608227604770283,0.19291041906958625,266703.5580175409,0.13002553983963624,-0.07111111111111111,0.33685505574778934,2058853
180,09,UTTAR PRADESH,SHAHJAHANPUR,0.05911572472126325,0.19291041906952733,0.20693579392538125,0.21413302575930454,807437.9248264069,0.14816663793218898,-0.08421376393694734,0.34602076124567477,5462736
660,09,UTTAR PRADESH,SHAMLI,0.05173394848135463,0.19291041906954293,0.20693579392538292,0.21413302575930787,247681.18621534298,0.15297453883868511,-0.0629911572472126,0.34602076124567477,1623202
181,09,UTTAR PRADESH,SHRAWASTI,0.02712802768166076,0.17279507881582148,0.18608227604771221,0.19986159169548648,299276.5157985654,0.12300001888083031,-0.09356401384083046,0.34602076124567477,2439319
182,09,UTTAR PRADESH,SIDDHARTHNAGAR,0.04158400615148097,0.16633602460580554,0.17937716262980793,0.18608227604770525,474105.9352999585,0.13050989566340715,-0.07972318339100345,0.3278123798539023,3640380
183,09,UTTAR PRADESH,SITAPUR,0.04484429065743807,0.18608227604758731,0.19986159169548293,0.21413302575928134,989550.5166006036,0.13707110453704272,-0.06698961937716265,0.33685505574778934,7230057
184,09,UTTAR PRADESH,SONBHADRA,-0.03844675124951971,0.19291041906954728,0.20693579392538103,0.22145328719721635,1080445.5136410017,0.12803006666042327,-0.09842368319876971,0.33685505574778934,8450002
185,09,UTTAR PRADESH,SULTANPUR,0.02977316416762774,0.17279507881577622,0.18608227604771166,0.1998615916954867,422708.61593653355,0.12705406238665384,-0.09356401384083046,0.3188927335640138,3335749
186,09,UTTAR PRADESH,UNNAO,0.029773164167627448,0.17937716262983028,0.1929104190695872,0.2069357939253913,738580.9425538578,0.12953170567513136,-0.08882737408688965,0.3553094963475586,5712341
187,09,UTTAR PRADESH,VARANASI,0.038446751249520635,0.1793771626298176,0.19291041906954517,0.2069357939253914,246231.03110270514,0.13003201425638988,-0.0629911572472126,0.3839138792772011,1899363
120,09,UTTAR PRADESH,PRAYAGRAJ,0.029773164167627736,0.172795078815771,0.1860822760476433,0.2069357939253907,809936.691345392,0.11989338014724243,-0.08421376393694734,0.33685505574778934,6766620
164,09,UTTAR PRADESH,MAHARAJGANJ,0.038446751249520565,0.1793771626298307,0.19291041906956097,0.20693579392539177,493413.25478499953,0.13360562517503688,-0.08421376393694734,0.33685505574778934,3700747
045,05,UTTARAKHAND,ALMORA,-0.010396001537870115,0.2214532871972707,0.22889657823910772,0.24415224913493105,591120.0573573956,0.14640811503954188,-0.15378700499807765,0.3278123798539023,4045433
046,05,UTTARAKHAND,BAGESHWAR,-0.15999999999999664,0.22889657823909923,0.2441522491349393,0.25990003844676873,339004.1255981397,0.11785195990308309,-0.28444444444444444,0.3553094963475586,2883079
048,05,UTTARAKHAND,CHAMPAWAT,-9.154450914865977E-4,0.22889657823909784,0.23646289888502264,0.25196462898884453,340792.0779403054,0.15074866199087344,-0.12456747404844293,0.34602076124567477,2266165
049,05,UTTARAKHAND,DEHRADUN,-0.05536332179930921,0.1998615916954827,0.21413302575929086,0.22889657823913764,479960.06747014856,0.1197458365579306,-0.2069357939254133,0.36472126105344094,4018513
050,05,UTTARAKHAND,HARIDWAR,0.029773164167627427,0.1860822760476681,0.19986159169548362,0.21413302575932927,388771.2651358662,0.13201221566201796,-0.09356401384083046,0.33685505574778934,2950783
051,05,UTTARAKHAND,NAINITAL,-0.0016908350346231326,0.20693579392537687,0.22145328719728444,0.2364628988850166,672101.1785564254,0.13170903102954104,-0.14769703960015382,0.3553094963475586,5111706
052,05,UTTARAKHAND,PAURI GARHWAL,-0.032541330257592836,0.20693579392537517,0.22145328719724247,0.2364628988850154,856723.2453654534,0.1261880024886562,-0.186082276047674,0.3553094963475586,6797764
054,05,UTTARAKHAND,RUDRAPRAYAG,-0.13016532103037212,0.22145328719730123,0.2364628988850209,0.2519646289888445,267288.56340238557,0.10394405849318515,-0.2761399461745483,0.34602076124567477,2576527
055,05,UTTARAKHAND,TEHRI GARHWAL,-0.1301653210303744,0.21413302575922935,0.22889657823910597,0.24415224913492703,605045.9358741785,0.11971219502078308,-0.28444444444444444,0.3553094963475586,5065420
056,05,UTTARAKHAND,UDHAM SINGH NAGAR,0.024605920799692135,0.20693579392537487,0.22145328719720536,0.22889657823911846,509723.2902110684,0.149645918307727,-0.07972318339100345,0.3553094963475586,3417188
047,05,UTTARAKHAND,CHAMOLI,-0.2069357939253883,0.19291041906952874,0.2141330257592593,0.23646289888504074,364745.26694787754,0.03604460161344816,-0.29287197231833906,0.3553094963475586,10130102
053,05,UTTARAKHAND,PITHORAGARH,-0.19986159169548617,0.22145328719725982,0.24415224913504896,0.2599000384467822,571695.384464596,0.061332201864013926,-0.29287197231833906,0.3839138792772011,9333695
057,05,UTTARAKHAND,UTTARKASHI,-0.19986159169548626,0.17937716262982673,0.20693579392537792,0.22145328719721735,366956.46143903007,0.035360955664067086,-0.29287197231833906,0.34602076124567477,10391325
664,19,WEST BENGAL,ALIPUR DUAR,0.06299115724721124,0.2214532871972213,0.22889657823910745,0.2441522491349283,559964.8041409175,0.16032756605036125,-0.13588619761630144,0.3553094963475586,3499191
305,19,WEST BENGAL,BANKURA,0.022206843521722374,0.17937716262981743,0.19986159169548384,0.2214532871972297,969834.1180941793,0.11603350068505132,-0.0629911572472126,0.3278123798539023,8367774
306,19,WEST BENGAL,PURBA BARDDHAMAN,0.05173394848134991,0.18608227604762714,0.19986159169548362,0.21413302575932777,865588.7167995214,0.13664535309502548,-0.05173394848135333,0.33685505574778934,6345416
307,19,WEST BENGAL,BIRBHUM,0.05536332179930982,0.1793771626298256,0.19291041906956186,0.20693579392539202,739519.2265157623,0.13310438017279114,-0.0629911572472126,0.34602076124567477,5568338
310,19,WEST BENGAL,DAKSHIN DINAJPUR,0.07111111111111315,0.19986159169551282,0.21413302575924897,0.22889657823912155,436361.3826818933,0.1581158782834226,-0.04822760476739715,0.34602076124567477,2766684
309,19,WEST BENGAL,DARJILING,-0.03694993641893189,0.22889657823910126,0.24415224913493902,0.2679584775086712,381514.5255697489,0.14879937766592716,-0.16633602460592078,0.39369473279507883,2570580
317,19,WEST BENGAL,PURBA MEDINIPUR,0.01993079584775197,0.15999999999995562,0.17279507881581813,0.19291041906959616,507338.6441880991,0.10643184437194095,-0.05911572472126105,0.33685505574778934,4774369
313,19,WEST BENGAL,HAORA,0.019930795847750978,0.17279507881585074,0.18608227604770455,0.20693579392540074,200016.2621441125,0.11271530665269254,-0.041584006151480196,0.33685505574778934,1779421
312,19,WEST BENGAL,HUGLI,0.04822760476739503,0.19986159169548245,0.21413302575923648,0.2288965782391155,544480.4696285907,0.14248151605546266,-0.029773164167627833,0.3553094963475586,3830421
314,19,WEST BENGAL,JALPAIGURI,0.04158400615148116,0.22145328719725899,0.23646289888500732,0.25196462898884464,672248.7228294997,0.15693512321335581,-0.04822760476739715,0.37425605536332185,4291724
308,19,WEST BENGAL,KOCH BIHAR,0.07972318339100437,0.22145328719727472,0.2364628988850357,0.25196462898884475,731762.4091943585,0.17440684070168794,-0.003014225297962322,0.36472126105344094,4209471
315,19,WEST BENGAL,KOLKATA,0.017777777777777802,0.17937716262975248,0.199861591695495,0.22145328719722787,25756.80350464409,0.11498479588128435,-0.044844290657439445,0.34602076124567477,225875
316,19,WEST BENGAL,MALDAH,0.008858131487889116,0.2069357939253756,0.22145328719723464,0.2288965782391153,659926.7637018161,0.14917909868985538,-0.09356401384083046,0.3553094963475586,4432769
319,19,WEST BENGAL,MURSHIDABAD,0.05536332179930686,0.1998615916956324,0.2141330257592448,0.22145328719720767,1022347.3927429434,0.15627458241112926,-0.06698961937716265,0.36472126105344094,6553296
320,19,WEST BENGAL,NADIA,0.07111111111111257,0.19986159169555,0.21413302575924678,0.22889657823912438,746087.4847090165,0.15739597695254748,-0.05911572472126105,0.37425605536332185,4752532
303,19,WEST BENGAL,NORTH TWENTY-FOUR PARGANAS,-0.00680477294745831,0.17937716262982395,0.1929104190695739,0.20693579392538947,541264.6610448213,0.11165365380069273,-0.11909265667051133,0.36472126105344094,4858451
318,19,WEST BENGAL,PASCHIM MEDINIPUR,0.05173394848135227,0.19986159169549506,0.21413302575922388,0.22889657823910958,1077611.856462807,0.14218608155851428,-0.06698961937716265,0.34602076124567477,7589470
321,19,WEST BENGAL,PURULIYA,0.022206843521722378,0.15378700499800893,0.17279507881585102,0.18608227604770403,776964.2379608746,0.10218554450005674,-0.07111111111111111,0.3278123798539023,7614827
304,19,WEST BENGAL,SOUTH TWENTY-FOUR PARGANAS,-0.019930795847751672,0.13588619761628803,0.15378700499802878,0.17279507881585032,692453.0467063854,0.0749709441637937,-0.08882737408688965,0.3278123798539023,9269362
311,19,WEST BENGAL,UTTAR DINAJPUR,0.08421376393694727,0.22889657823909443,0.24415224913507363,0.2519646289889335,679336.141926477,0.1746819525417705,-0.0271280276816609,0.33685505574778934,3902218
703,19,WEST BENGAL,JHARGRAM,0.038446751249520364,0.1663360246058625,0.18608227604770777,0.20693579392539602,439107.77129379415,0.11734614749028438,-0.04822760476739715,0.3278123798539023,3751531
704,19,WEST BENGAL,PASCHIM BARDDHAMAN,0.035432525951557825,0.16000000000001668,0.1727950788158502,0.1998615916954938,242184.7243401951,0.10983589214273072,-0.07535563244905807,0.3278123798539023,2210746
702,19,WEST BENGAL,KALIMPONG,-0.04822760476739577,0.2288965782391003,0.24415224913492292,0.2679584775086701,187398.71533808875,0.13688268962288191,-0.17937716262975778,0.34602076124567477,1372509
