di_code,st_code,state23,dist23,A00_p2,A00_p90,A00_p95,A00_p98,A00_sum,A00_mean,A00_min,A00_max,A00_count
603,35,ANDAMAN & NICOBAR,NICOBAR,-0.09356401384082844,0.0888273740868796,0.1085121107266483,0.12456747404844504,28472.57675579342,0.01419347104511625,-0.19986159169550174,0.1929104190695886,2020602
632,35,ANDAMAN & NICOBAR,NORTH & MIDDLE ANDAMAN,-0.06698961937716297,0.08882737408688368,0.10340638216072505,0.11374086889657814,167711.92074395285,0.04221309412816245,-0.2069357939254133,0.19986159169550174,4003957
602,35,ANDAMAN & NICOBAR,SOUTH ANDAMAN,-0.04822760476739578,0.10340638216072698,0.11374086889659653,0.13016532103037567,148168.75683029913,0.051203937220239026,-0.186082276047674,0.2069357939254133,2916597
502,28,ANDHRA PRADESH,ANANTAPUR,-0.09356401384083048,0.05536332179930741,0.07111111111111874,0.0935640138408246,-30467.260385387395,-0.001360047997333398,-0.19986159169550174,0.2679584775086506,22430270
503,28,ANDHRA PRADESH,CHITTOOR,-0.08421376393694736,0.06299115724721893,0.07535563244905039,0.0935640138408247,67903.58814264573,0.003937454713263996,-0.1929104190695886,0.2599000384467512,17269415
504,28,ANDHRA PRADESH,Y S R KADAPA,-0.07972318339101055,0.07535563244906045,0.08882737408688401,0.10851211072664979,312041.38125274895,0.01762028697997692,-0.19986159169550174,0.2364628988850442,17724326
505,28,ANDHRA PRADESH,EAST GODAVARI,-0.06299115724721124,0.0797231833909972,0.09842368319875344,0.11374086889658334,334761.8440953699,0.022147858487890665,-0.186082276047674,0.2599000384467512,15133939
506,28,ANDHRA PRADESH,GUNTUR,-0.0797231833910113,0.05173394848134491,0.0669896193771704,0.09356401384082776,54388.548996190926,0.004096562416053463,-0.2069357939254133,0.2519646289888504,13291974
510,28,ANDHRA PRADESH,KRISHNA,-0.0753556324490508,0.05173394848134672,0.07111111111111658,0.0984236831987672,33042.379757513176,0.0032363765819790353,-0.16633602460592078,0.2599000384467512,10225813
511,28,ANDHRA PRADESH,KURNOOL,-0.07111111111111769,0.06299115724722637,0.07972318339101606,0.10340638216071041,240796.9854982058,0.011938971773321582,-0.17937716262975778,0.2519646289888504,20185908
515,28,ANDHRA PRADESH,POTTI SRIRAMULU NELLORE,-0.0984236831987635,0.06299115724722305,0.07972318339101252,0.09356401384083407,-13581.468843673632,-8.905532984592272E-4,-0.24415224913494812,0.22145328719723184,15263341
517,28,ANDHRA PRADESH,PRAKASAM,-0.10340638216072108,0.05536332179930991,0.07111111111111917,0.09356401384082463,-87771.73800741363,-0.004293866132261792,-0.2519646289888504,0.24415224913494812,20457221
519,28,ANDHRA PRADESH,SRIKAKULAM,-0.09356401384082481,0.03254133025759197,0.05173394848134899,0.07535563244905653,-131181.21608394405,-0.019061921131819627,-0.19986159169550174,0.2364628988850442,6895077
520,28,ANDHRA PRADESH,VISAKHAPATNAM,-0.0629911572472112,0.07111111111111218,0.08882737408689255,0.1137408688965944,238232.28941414075,0.017524327009471145,-0.16633602460592078,0.2599000384467512,13613577
521,28,ANDHRA PRADESH,VIZIANAGARAM,-0.0753556324490511,0.0553633217993029,0.07111111111111698,0.0935640138408266,15027.936048217258,0.0020755238450361033,-0.1929104190695886,0.24415224913494812,7256513
523,28,ANDHRA PRADESH,WEST GODAVARI,-0.06698961937716773,0.06698961937717333,0.08421376393695282,0.11374086889657539,156404.8805998216,0.016091539224107446,-0.2069357939254133,0.2599000384467512,9731922
628,12,ARUNACHAL PRADESH,ANJAW,-0.08882737408687524,0.11909265667053401,0.13016532103033374,0.1476970396001714,317843.8347701024,0.041805917479119055,-0.19986159169550174,0.2364628988850442,7611073
229,12,ARUNACHAL PRADESH,CHANGLANG,-0.06299115724721129,0.1727950788157654,0.18608227604768293,0.19291041906956025,636558.1566278494,0.10241710012985393,-0.17937716262975778,0.2761399461745483,6227191
230,12,ARUNACHAL PRADESH,DIBANG VALLEY,-0.11374086889659481,0.10851211072665647,0.1190926566705355,0.13588619761633686,293030.51062444795,0.024029146424882235,-0.22145328719723184,0.2519646289888504,12207130
231,12,ARUNACHAL PRADESH,EAST KAMENG,-0.09356401384082313,0.14769703960009475,0.16633602460584948,0.17937716262979986,439396.47955844604,0.07916772228472488,-0.2069357939254133,0.29287197231833906,5558425
233,12,ARUNACHAL PRADESH,KURUNG KUMEY,-0.11374086889661218,0.12456747404847773,0.1358861976163141,0.15378700499806108,272395.8921313864,0.04852032094020083,-0.2069357939254133,0.24415224913494812,5621269
234,12,ARUNACHAL PRADESH,LOHIT,-0.06299115724721127,0.14769703960011515,0.15999999999997222,0.17279507881585052,271855.9312636396,0.07050962211919462,-0.17279507881584008,0.2599000384467512,3863405
235,12,ARUNACHAL PRADESH,LOWER DIBANG VALLEY,-0.07535563244904842,0.13016532103032746,0.14769703960017624,0.16000000000001458,241483.9118683361,0.05386367954032494,-0.16633602460592078,0.2599000384467512,4491587
237,12,ARUNACHAL PRADESH,PAPUMPARE,-0.022206843521722416,0.16633602460585747,0.17937716262979628,0.19291041906958736,451657.16140576993,0.10443093801138152,-0.16000000000000003,0.29287197231833906,4333778
238,12,ARUNACHAL PRADESH,TAWANG,-0.1137408688965752,0.08882737408686378,0.10340638216073114,0.119092656670522,22452.587056244578,0.007257230791826153,-0.19986159169550174,0.21413302575932336,3100277
239,12,ARUNACHAL PRADESH,TIRAP,-9.082242971976796E-4,0.15999999999997863,0.17279507881585077,0.18608227604769742,150081.50889630924,0.1020229283460478,-0.11909265667051133,0.2599000384467512,1474824
240,12,ARUNACHAL PRADESH,UPPER SIANG,-0.09356401384083217,0.1190926566705338,0.13588619761634557,0.14769703960017078,393788.6045870423,0.046163628063658625,-0.1929104190695886,0.2519646289888504,8540336
241,12,ARUNACHAL PRADESH,UPPER SUBANSIRI,-0.10851211072665187,0.13588619761631587,0.1537870049980195,0.17279507881585096,458470.6473057432,0.0558419730348392,-0.2069357939254133,0.28444444444444444,8220067
242,12,ARUNACHAL PRADESH,WEST KAMENG,-0.06698961937716422,0.14173010380626117,0.15999999999998074,0.17937716262980113,426853.42728224513,0.06916767942887087,-0.19986159169550174,0.2761399461745483,6178998
719,12,ARUNACHAL PRADESH,LOWER SIANG,-0.038446751249519365,0.1860822760477118,0.19986159169548512,0.21413302575933194,274505.2765442182,0.12008878358022666,-0.16000000000000003,0.29287197231833906,2292082
236,12,ARUNACHAL PRADESH,LOWER SUBANSIRI,-0.022206843521722412,0.15999999999997477,0.1727950788158512,0.18608227604769612,253266.393148122,0.10360794188302097,-0.15378700499807765,0.2519646289888504,2449933
679,12,ARUNACHAL PRADESH,SIANG,-0.05911572472126343,0.1476970396001161,0.15999999999996709,0.17937716262979128,363026.55417297344,0.08296884977703564,-0.186082276047674,0.2599000384467512,4383418
243,12,ARUNACHAL PRADESH,WEST SIANG,-0.027128027681661677,0.14173010380623985,0.15378700499807724,0.17279507881585016,142837.41962081197,0.08468440061619832,-0.16000000000000003,0.2519646289888504,1691102
725,12,ARUNACHAL PRADESH,SHI YOMI,-0.10340638216071024,0.10340638216073338,0.1190926566705239,0.13016532103037345,112686.32250240727,0.033870130097647166,-0.186082276047674,0.21413302575932336,3331997
724,12,ARUNACHAL PRADESH,LEPA RADA,-0.019930795847750822,0.1793771626298112,0.19291041906957973,0.21413302575933127,113596.46030872408,0.11737815381096403,-0.16633602460592078,0.29287197231833906,970650
723,12,ARUNACHAL PRADESH,PAKKE KESSANG,-0.01993079584775089,0.18608227604764957,0.19986159169548434,0.21413302575930165,296601.2979795212,0.1239281638094417,-0.16633602460592078,0.29287197231833906,2399368
677,12,ARUNACHAL PRADESH,KRA DAADI,-0.027128027681661098,0.1476970396001754,0.16000000000001788,0.17279507881584896,202241.75498589786,0.09092844975141419,-0.16633602460592078,0.2519646289888504,2229870
678,12,ARUNACHAL PRADESH,NAMSAI,-0.10851211072665501,0.13016532103033848,0.14769703960017214,0.16000000000002199,46460.81462967742,0.027488082367980445,-0.186082276047674,0.2519646289888504,1693784
718,12,ARUNACHAL PRADESH,KAMLE,-0.013840830449826706,0.1663360246059121,0.17937716262978268,0.19291041906958312,183200.71508742374,0.10542812593933373,-0.16633602460592078,0.28444444444444444,1742339
232,12,ARUNACHAL PRADESH,EAST SIANG,-0.1085121107266455,0.13588619761632195,0.16000000000001105,0.17937716262975412,77064.66397554502,0.036301070127763006,-0.17937716262975778,0.2679584775086506,2127307
666,12,ARUNACHAL PRADESH,LONGDING,-0.006815327830145935,0.14173010380622167,0.15378700499807743,0.17279507881584963,95780.10572832484,0.08181537936201423,-0.08882737408688965,0.2599000384467512,1174145
616,18,ASSAM,BAKSA,-0.10851211072665198,0.10851211072665375,0.12456747404845402,0.1476970396001516,18724.91643643336,0.006147818599945343,-0.17279507881584008,0.2519646289888504,3055457
280,18,ASSAM,BARPETA,-0.07972318339101223,0.09842368319877462,0.12456747404845496,0.15378700499808323,65532.301323846455,0.022991334998259363,-0.14769703960015382,0.2599000384467512,2859045
705,18,ASSAM,BISWANATH,-0.10851211072664685,0.05173394848134935,0.07535563244905509,0.0984236831987704,-48227.24409694413,-0.017379846053164043,-0.16633602460592078,0.22145328719723184,2780367
281,18,ASSAM,BONGAIGAON,-0.07535563244904862,0.11909265667051795,0.14173010380623807,0.1663360246059243,45409.787770190735,0.03263303699159913,-0.13588619761630144,0.2599000384467512,1397646
282,18,ASSAM,CACHAR,-0.07972318339101146,0.14769703960017364,0.1663360246058853,0.1860822760477006,275699.97753659665,0.05927005611304798,-0.16000000000000003,0.29287197231833906,4659875
708,18,ASSAM,CHARAIDEO,-0.0935640138408256,0.06698961937716587,0.0935640138408257,0.12456747404843856,-4038.151637482185,-0.0031827311169896257,-0.14173010380622836,0.2288965782391388,1273387
612,18,ASSAM,CHIRANG,-0.07535563244904946,0.11909265667052156,0.13588619761630305,0.15378700499808273,73294.5697965369,0.030690969075684464,-0.14173010380622836,0.2519646289888504,2393821
283,18,ASSAM,DARRANG,-0.09356401384082436,0.0711111111111166,0.09356401384082363,0.11909265667050611,1759.5344031502375,8.916713054819462E-4,-0.14769703960015382,0.2599000384467512,1980527
284,18,ASSAM,DHEMAJI,-0.12456747404845056,0.04822760476739389,0.08421376393694961,0.13588619761629842,-111616.23953160494,-0.03577650449805017,-0.2069357939254133,0.31009611687812383,3127982
285,18,ASSAM,DHUBRI,-0.059115724721264355,0.09356401384082366,0.11909265667050607,0.1476970396001526,48511.79590810799,0.023518536139432472,-0.13588619761630144,0.2679584775086506,2073149
286,18,ASSAM,DIBRUGARH,-0.10340638216072993,0.05173394848134721,0.08421376393694704,0.15378700499808534,-60027.21516110707,-0.014138756041347877,-0.17937716262975778,0.2599000384467512,4254504
299,18,ASSAM,DIMA HASAO,-0.027128027681660546,0.1417301038062338,0.1599999999999989,0.17937716262979328,431506.0980983573,0.07154223851356181,-0.17937716262975778,0.28444444444444444,6041285
287,18,ASSAM,GOALPARA,-0.06299115724721124,0.10851211072665122,0.1301653210303739,0.15378700499808054,82998.88178660443,0.03418058388801973,-0.13016532103037293,0.2519646289888504,2434900
288,18,ASSAM,GOLAGHAT,-0.11374086889657965,0.05911572472126138,0.07972318339100969,0.1034063821607045,-55764.514136157966,-0.013875883747750967,-0.17937716262975778,0.2364628988850442,4029611
289,18,ASSAM,HAILAKANDI,-0.06299115724721126,0.11374086889659336,0.13588619761630408,0.1537870049980829,75314.5625577889,0.046198437874704595,-0.16000000000000003,0.2679584775086506,1635070
709,18,ASSAM,HOJAI,-0.11909265667051797,0.09356401384083564,0.10851211072665644,0.12456747404844748,-4849.312707801969,-0.0026838266875669034,-0.17279507881584008,0.2519646289888504,1811736
290,18,ASSAM,JORHAT,-0.11909265667051658,0.07535563244904481,0.09842368319876778,0.11909265667050718,-33351.453437365584,-0.01431609627663375,-0.1929104190695886,0.2288965782391388,2335717
618,18,ASSAM,KAMRUP METRO,-0.08421376393694148,0.12456747404846695,0.1537870049980871,0.18608227604769342,68514.95635868865,0.05671441384669544,-0.14769703960015382,0.2679584775086506,1212134
291,18,ASSAM,KAMRUP RURAL,-0.07972318339101085,0.10340638216072545,0.11909265667051928,0.14173010380623613,114625.773487142,0.02953239481682218,-0.14769703960015382,0.2599000384467512,3891403
292,18,ASSAM,KARBI ANGLONG,-0.10340638216073339,0.11909265667053484,0.1358861976163477,0.16000000000000442,479859.45343797404,0.052700983093627196,-0.1929104190695886,0.2679584775086506,9120022
293,18,ASSAM,KARIMGANJ,-0.059115724721263814,0.11374086889659661,0.1358861976162989,0.15378700499808143,103340.60616731628,0.046451465783396824,-0.15378700499807765,0.2679584775086506,2229526
294,18,ASSAM,KOKRAJHAR,-0.07972318339101558,0.11909265667052789,0.14173010380624415,0.16000000000001288,108146.85135716075,0.02793552697151003,-0.13588619761630144,0.2599000384467512,3879174
295,18,ASSAM,LAKHIMPUR,-0.12456747404845481,0.059115724721264876,0.08882737408688196,0.12456747404843892,-104766.09792372132,-0.027890079717577863,-0.1929104190695886,0.2679584775086506,3763908
706,18,ASSAM,MAJULI,-0.11909265667052411,0.02977316416762764,0.044844290657438106,0.07111111111111341,-39039.658553527326,-0.02456122530250195,-0.1929104190695886,0.2069357939254133,1595085
296,18,ASSAM,MARIGAON,-0.09356401384084004,0.07535563244904636,0.09356401384082376,0.11909265667050922,4298.8122258874855,0.0022861621019978754,-0.16000000000000003,0.2364628988850442,1884753
297,18,ASSAM,NAGAON,-0.09356401384083292,0.08421376393695647,0.10851211072664492,0.13016532103037096,26368.07005232472,0.008213936221676934,-0.16633602460592078,0.2519646289888504,3221993
298,18,ASSAM,NALBARI,-0.08882737408689084,0.09842368319877283,0.11909265667051717,0.14173010380623574,17404.786626428606,0.01336915306006798,-0.14769703960015382,0.2519646289888504,1306375
300,18,ASSAM,SIBSAGAR,-0.10851211072665114,0.05536332179930752,0.07111111111111622,0.09356401384082627,-43677.59712279738,-0.021404102723132243,-0.17279507881584008,0.24415224913494812,2046198
301,18,ASSAM,SONITPUR,-0.09842368319876373,0.07972318339101275,0.10851211072665286,0.13588619761629656,-13508.04195647233,-0.0035972115287215153,-0.16000000000000003,0.2519646289888504,3761187
707,18,ASSAM,SOUTH SALMARA MANCACHAR,-0.05173394848135436,0.07972318339100987,0.10340638216070401,0.13588619761630638,15849.699018803527,0.022793995491572544,-0.11909265667051133,0.2364628988850442,699403
302,18,ASSAM,TINSUKIA,-0.10851211072665777,0.11909265667052395,0.15378700499804715,0.17937716262980713,74713.98986845161,0.015575602234129578,-0.186082276047674,0.2599000384467512,4805197
617,18,ASSAM,UDALGURI,-0.11374086889660515,0.07535563244904693,0.09356401384082387,0.11909265667050702,-47102.11286314101,-0.018719424585449843,-0.16633602460592078,0.22145328719723184,2524545
710,18,ASSAM,WEST KARBI ANGLONG,-0.08882737408688388,0.10340638216073565,0.11909265667052626,0.13016532103037393,182810.77561525145,0.0479783485077324,-0.16000000000000003,0.2364628988850442,3818912
188,10,BIHAR,ARARIA,-0.07972318339101346,0.05536332179930787,0.09356401384082627,0.13016532103036996,-36386.84864631659,-0.010488592191868653,-0.14173010380622836,0.2364628988850442,3476505
611,10,BIHAR,ARWAL,-0.06299115724721135,0.044844290657438335,0.08882737408688966,0.13588619761630152,-4742.084977629458,-0.006029507890585251,-0.13016532103037293,0.22145328719723184,790200
189,10,BIHAR,AURANGABAD,-0.059115724721264244,0.04822760476739601,0.07972318339100427,0.12456747404843949,-2052.5970419172477,-5.050612409615131E-4,-0.14769703960015382,0.2364628988850442,4071463
190,10,BIHAR,BANKA,-0.08421376393695096,0.044844290657442464,0.07111111111111477,0.10340638216070575,-27950.446351292638,-0.007510888851975629,-0.16000000000000003,0.2364628988850442,3727975
191,10,BIHAR,BEGUSARAI,-0.03543252595155813,0.08882737408688046,0.1301653210303645,0.16000000000000783,76462.86542120384,0.032153502052180274,-0.10340638216070744,0.2364628988850442,2385201
200,10,BIHAR,KAIMUR,-0.07111111111111648,0.04484429065744437,0.06698961937716258,0.10851211072664439,12546.115179207307,0.00302416665079276,-0.14769703960015382,0.24415224913494812,4155971
192,10,BIHAR,BHAGALPUR,-0.04484429065744413,0.08421376393695677,0.11374086889657453,0.15378700499807826,96383.92914390648,0.030554810555858392,-0.10340638216070744,0.2519646289888504,3161985
193,10,BIHAR,BHOJPUR,-0.05173394848134964,0.05536332179930604,0.09356401384082756,0.14173010380622975,17731.040234739932,0.006003704682338847,-0.13016532103037293,0.24415224913494812,2959033
194,10,BIHAR,BUXAR,-0.044844290657437974,0.04484429065743874,0.0842137639369472,0.13588619761630413,13258.707195510757,0.006306956970456553,-0.13016532103037293,0.2364628988850442,2107650
195,10,BIHAR,DARBHANGA,-0.05536332179931029,0.05911572472126439,0.09842368319876788,0.1358861976163022,20541.572495881068,0.006569085349213372,-0.11909265667051133,0.22145328719723184,3135810
196,10,BIHAR,GAYA,-0.06299115724721123,0.05536332179930495,0.08882737408688314,0.13588619761630108,14745.239094325621,0.00241611452641178,-0.15378700499807765,0.2519646289888504,6114662
197,10,BIHAR,GOPALGANJ,-0.041584006151481126,0.09842368319876718,0.13016532103037237,0.15999999999999753,89669.46353190215,0.0353484126003603,-0.1085121107266436,0.24415224913494812,2543564
199,10,BIHAR,JAHANABAD,-0.05536332179930851,0.06299115724721134,0.10851211072664711,0.1537870049980743,-616.7038099040919,-5.337507470721218E-4,-0.11374086889657825,0.2364628988850442,1159636
198,10,BIHAR,JAMUI,-0.09356401384082229,0.05911572472126514,0.07972318339100795,0.10851211072664448,-31967.035364030213,-0.008387154541564846,-0.16000000000000003,0.2364628988850442,3819342
201,10,BIHAR,KATIHAR,-0.06299115724721117,0.06299115724721115,0.08882737408688333,0.12456747404844006,27122.2449684592,0.00720428937584303,-0.14173010380622836,0.24415224913494812,3773694
202,10,BIHAR,KHAGARIA,-0.04484429065743784,0.06698961937716898,0.08882737408688368,0.13016532103037473,32736.18032136747,0.01774024736979174,-0.11374086889657825,0.2288965782391388,1851170
203,10,BIHAR,KISHANGANJ,-0.09842368319876726,0.05911572472126401,0.09842368319876633,0.13588619761629991,-51127.76662827397,-0.02129435154885079,-0.16000000000000003,0.24415224913494812,2408235
204,10,BIHAR,LAKHISARAI,-0.05536332179930838,0.0711111111111182,0.08421376393694832,0.1137408688965792,18943.736135991912,0.012587432307207798,-0.13016532103037293,0.2288965782391388,1509373
205,10,BIHAR,MADHEPURA,-0.03844675124952037,0.08421376393694827,0.11909265667051167,0.15378700499807962,54435.758593949366,0.024294804581130917,-0.12456747404844293,0.2364628988850442,2247230
206,10,BIHAR,MADHUBANI,-0.0629911572472112,0.05911572472126481,0.0984236831987659,0.13016532103036932,5133.387613996298,0.0011769219542493172,-0.13588619761630144,0.22145328719723184,4370352
207,10,BIHAR,MUNGER,-0.059115724721264876,0.09356401384082694,0.1137408688965781,0.1417301038062342,43728.62267741166,0.02511387551422065,-0.13588619761630144,0.2364628988850442,1746408
208,10,BIHAR,MUZAFFARPUR,-0.04484429065743841,0.10340638216072044,0.13588619761630763,0.15999999999999842,112018.25334429384,0.028353668322052137,-0.11909265667051133,0.24415224913494812,3958875
209,10,BIHAR,NALANDA,-0.05173394848135042,0.051733948481350434,0.09356401384082742,0.14173010380623063,3236.878334400567,0.001107828043254839,-0.12456747404844293,0.2364628988850442,2929383
210,10,BIHAR,NAWADA,-0.06299115724721124,0.059115724721265014,0.08421376393694878,0.12456747404843972,12201.024635653373,0.003982433745367306,-0.13588619761630144,0.2364628988850442,3071041
211,10,BIHAR,PASHCHIMI CHAMPARAN,-0.06698961937717125,0.09842368319874789,0.12456747404846726,0.1476970396001694,45240.74394257516,0.006906111130282136,-0.14769703960015382,0.2519646289888504,6560379
212,10,BIHAR,PATNA,-0.0517339484813476,0.09356401384082391,0.1476970396001591,0.18608227604769342,72430.2738394368,0.01834550992138331,-0.13016532103037293,0.2599000384467512,3959090
213,10,BIHAR,PURBI CHAMPARAN,-0.05173394848134992,0.07972318339101275,0.1137408688965737,0.14769703960015507,76967.27433686268,0.015524977091297961,-0.14173010380622836,0.24415224913494812,4966698
214,10,BIHAR,PURNIA,-0.07111111111111641,0.06299115724721123,0.09842368319876747,0.1358861976163029,-3102.3520577688555,-7.751580137730843E-4,-0.14769703960015382,0.2519646289888504,4010639
215,10,BIHAR,ROHTAS,-0.06299115724721126,0.041584006151481244,0.0711111111111141,0.11909265667051247,-6548.347475638989,-0.001382702405782009,-0.15378700499807765,0.24415224913494812,4743839
216,10,BIHAR,SAHARSA,-0.055363321799307884,0.0669896193771643,0.10340638216070461,0.14173010380623252,22512.01917378678,0.010888262863968014,-0.11909265667051133,0.2288965782391388,2073256
217,10,BIHAR,SAMASTIPUR,-0.04158400615148111,0.0984236831987725,0.13016532103037368,0.1537870049980841,106872.99128081067,0.03226602176590073,-0.12456747404844293,0.2288965782391388,3321029
218,10,BIHAR,SARAN,-0.04484429065743811,0.1034063821607186,0.14173010380623402,0.1727950788158481,113126.78338696949,0.03453116170892863,-0.11909265667051133,0.2519646289888504,3282541
219,10,BIHAR,SHEIKHPURA,-0.04822760476739438,0.038446751249520815,0.07111111111110939,0.13016532103037454,855.0816802592708,0.0010223051583350493,-0.11374086889657825,0.2288965782391388,840498
220,10,BIHAR,SHEOHAR,-0.05536332179930689,0.07972318339100384,0.11909265667051408,0.15378700499807504,6064.922353182583,0.010953839702673896,-0.13016532103037293,0.2288965782391388,556991
221,10,BIHAR,SITAMARHI,-0.05173394848135028,0.06299115724721122,0.09842368319876624,0.13588619761630313,27036.916776322847,0.009896542846755521,-0.13588619761630144,0.2288965782391388,2739355
222,10,BIHAR,SIWAN,-0.038446751249520524,0.11374086889658787,0.14769703960016667,0.17279507881584885,122337.4196482972,0.044317582039269963,-0.1085121107266436,0.2519646289888504,2766570
223,10,BIHAR,SUPAUL,-0.05911572472126444,0.07535563244905057,0.10340638216070856,0.13588619761630194,39803.453976055745,0.01321463523475444,-0.13016532103037293,0.2288965782391388,3018897
224,10,BIHAR,VAISHALI,-0.03844675124952018,0.11374086889657638,0.14173010380624237,0.16633602460592464,105843.62862859058,0.041925495543916204,-0.11374086889657825,0.24415224913494812,2529599
044,04,CHANDIGARH,CHANDIGARH,-0.019930795847750822,0.12456747404843996,0.14173010380622608,0.16633602460592062,10545.138609550844,0.07089470661754227,-0.09356401384083046,0.2599000384467512,150026
646,22,CHHATTISGARH,BALOD,-0.07972318339101471,0.06698961937717221,0.08421376393695933,0.09842368319877351,-18770.476454254545,-0.004665869209649038,-0.15378700499807765,0.2069357939254133,4030747
644,22,CHHATTISGARH,BALODA BAZAR,-0.09356401384084047,0.0797231833910178,0.09842368319874428,0.11374086889659714,-75123.95375217588,-0.013404132216662331,-0.14769703960015382,0.2519646289888504,5614038
649,22,CHHATTISGARH,BALRAMPUR,-0.08421376393694664,0.09356401384086757,0.10851211072666127,0.1190926566705251,147242.19905160886,0.01927838215907447,-0.17279507881584008,0.2069357939254133,7650578
374,22,CHHATTISGARH,BASTAR,-0.09356401384082584,0.09842368319874961,0.11374086889657843,0.12456747404846107,63375.588934667074,0.009930172580628126,-0.17279507881584008,0.2599000384467512,6393305
650,22,CHHATTISGARH,BEMETARA,-0.08421376393695593,0.02977316416763089,0.044844290657438036,0.06698961937716273,-21700.937869899513,-0.008067244649097674,-0.14769703960015382,0.22145328719723184,2697016
636,22,CHHATTISGARH,BIJAPUR,-0.06299115724721124,0.10340638216074222,0.11374086889659649,0.12456747404846422,524858.0606692357,0.04807674091046451,-0.1929104190695886,0.24415224913494812,10931393
375,22,CHHATTISGARH,BILASPUR,-0.08882737408689215,0.0797231833910135,0.10340638216071747,0.12456747404845536,-46387.23376714237,-0.01085505267109921,-0.15378700499807765,0.2519646289888504,4282196
734,22,CHHATTISGARH,GAURELA-PENDRA-MARWAHI,-0.08421376393694432,0.08882737408688891,0.11374086889659381,0.13016532103036738,20560.69283618803,0.008513856484424796,-0.16633602460592078,0.21413302575932336,2420209
376,22,CHHATTISGARH,DAKSHIN BASTAR DANTEWADA,-0.0669896193771636,0.08882737408687641,0.10340638216072469,0.119092656670517,78558.29012369891,0.023607620519692923,-0.15378700499807765,0.22145328719723184,3336766
377,22,CHHATTISGARH,DHAMTARI,-0.07972318339101163,0.10851211072666618,0.11909265667053227,0.1301653210303536,106483.98575416107,0.021845063597533666,-0.15378700499807765,0.22145328719723184,4882863
378,22,CHHATTISGARH,DURG,-0.08421376393694932,0.05911572472126394,0.08882737408688626,0.13016532103037304,-22611.10035111914,-0.008216959408606003,-0.14769703960015382,0.2599000384467512,2758101
645,22,CHHATTISGARH,GARIYABAND,-0.08882737408688514,0.10340638216074081,0.1190926566705325,0.13016532103035472,120423.77313666193,0.020855899477083106,-0.17937716262975778,0.19986159169550174,5784384
379,22,CHHATTISGARH,JANJGIR - CHAMPA,-0.08882737408688297,0.024605920799691688,0.05536332179930935,0.08882737408688719,-160376.30039150047,-0.02968293312011135,-0.14769703960015382,0.2519646289888504,5413703
380,22,CHHATTISGARH,JASHPUR,-0.07972318339100797,0.09842368319875118,0.1190926566705285,0.13588619761632162,126069.26061556394,0.017794357147321766,-0.16000000000000003,0.2288965782391388,7094864
382,22,CHHATTISGARH,KABIRDHAM,-0.07972318339100941,0.07535563244906057,0.09356401384085682,0.11374086889660444,30690.026998298796,0.0060710152508895105,-0.16000000000000003,0.19986159169550174,5063228
381,22,CHHATTISGARH,UTTAR BASTAR KANKER,-0.08421376393694845,0.08421376393696489,0.10340638216073096,0.11909265667052679,105390.38438098507,0.012321414254445075,-0.17937716262975778,0.2288965782391388,8566278
643,22,CHHATTISGARH,KONDAGAON,-0.09842368319877126,0.0888273740868688,0.10340638216072967,0.11374086889657395,33980.93170632979,0.0056392816547529345,-0.19986159169550174,0.2069357939254133,6035251
383,22,CHHATTISGARH,KORBA,-0.06299115724721116,0.10851211072665089,0.12456747404847382,0.1417301038062362,277658.7470501214,0.034816899448835543,-0.13588619761630144,0.2519646289888504,7984432
384,22,CHHATTISGARH,KOREA,-0.07111111111111637,0.10851211072663343,0.12456747404847589,0.13588619761633391,324030.15067472606,0.04033127462199366,-0.14173010380622836,0.2364628988850442,8044955
385,22,CHHATTISGARH,MAHASAMUND,-0.08882737408688567,0.055363321799303734,0.07535563244904787,0.09356401384082422,-77608.96760610476,-0.013636705174540272,-0.16633602460592078,0.21413302575932336,5701522
647,22,CHHATTISGARH,MUNGELI,-0.07972318339101334,0.12456747404847751,0.1358861976163554,0.1476970396001758,60915.531522587255,0.018187927904638367,-0.16633602460592078,0.21413302575932336,3357558
637,22,CHHATTISGARH,NARAINPUR,-0.059115724721261365,0.11909265667053442,0.13588619761633824,0.14769703960016906,275506.2320055088,0.05958530795373419,-0.14769703960015382,0.21413302575932336,4632332
386,22,CHHATTISGARH,RAIGARH,-0.07111111111111705,0.10340638216073732,0.11909265667053133,0.1301653210303502,193681.61942070225,0.02281526268325951,-0.16633602460592078,0.2519646289888504,8502955
387,22,CHHATTISGARH,RAIPUR,-0.0888273740868805,0.06299115724721122,0.10340638216071352,0.14173010380623766,-59759.1282942957,-0.017170166308520047,-0.13588619761630144,0.2599000384467512,3486230
388,22,CHHATTISGARH,RAJ NANDGAON,-0.07972318339101027,0.06299115724721789,0.07972318339101361,0.09842368319876306,12178.909007455904,0.0012612411719199888,-0.17279507881584008,0.2364628988850442,9670842
642,22,CHHATTISGARH,SUKMA,-0.05173394848135153,0.0935640138408698,0.10851211072666218,0.11909265667052264,245461.8718590408,0.03808122510796343,-0.14769703960015382,0.2069357939254133,6458280
648,22,CHHATTISGARH,SURAJPUR,-0.08421376393695712,0.09356401384086688,0.10851211072666275,0.124567474048464,112574.66057340014,0.016966823735719783,-0.17279507881584008,0.2288965782391388,6646511
389,22,CHHATTISGARH,SURGUJA,-0.07972318339101171,0.08882737408687559,0.10340638216072738,0.1245674740484549,54120.06276323491,0.011146569155823077,-0.16633602460592078,0.24415224913494812,4864080
463,38,DADRA & NAGAR HAVELI & DAMAN & DIU,DAMAN,-0.044844290657439334,0.10340638216070694,0.11909265667051133,0.14173010380622755,3241.779987245003,0.038063397290228354,-0.11374086889657825,0.2069357939254133,86148
464,38,DADRA & NAGAR HAVELI & DAMAN & DIU,DIU,-0.06299115724721276,0.10851211072664355,0.12456747404844284,0.1358861976163013,1412.7723472873054,0.030596101504081513,-0.11374086889657825,0.186082276047674,47012
465,38,DADRA & NAGAR HAVELI & DAMAN & DIU,DADRA & NAGAR HAVELI,-0.06299115724721153,0.06698961937716151,0.08882737408688968,0.11374086889658039,9112.041456874153,0.015623654002759514,-0.11909265667051133,0.22145328719723184,587628
077,07,DELHI,CENTRAL,-0.029773164167627698,0.1727950788158479,0.19291041906958334,0.21413302575931734,10710.76526258891,0.07914023294522181,-0.09356401384083046,0.2599000384467512,137139
078,07,DELHI,EAST,0.015747789311803175,0.15378700499807865,0.17937716262975706,0.20693579392541253,3919.385300434925,0.09794767166888753,-0.05173394848135333,0.2519646289888504,40526
079,07,DELHI,NEW DELHI,-0.004480466843984144,0.14769703960014782,0.166336024605924,0.19291041906959008,16396.722461681522,0.08244808277440276,-0.06698961937716265,0.2679584775086506,200534
080,07,DELHI,NORTH,-0.029773164167628256,0.13016532103036485,0.15378700499807985,0.1793771626297556,18859.40370832234,0.05080848772541249,-0.1085121107266436,0.2519646289888504,373407
081,07,DELHI,NORTH EAST,-0.010396001537870065,0.20693579392541436,0.22145328719723095,0.22889657823914006,5031.9196081142,0.11219617314220495,-0.07535563244905807,0.2679584775086506,45774
082,07,DELHI,NORTH WEST,-0.027128027681660827,0.1476970396001469,0.17279507881584696,0.1929104190695905,13618.180433163923,0.0697195662714748,-0.09356401384083046,0.2599000384467512,197251
671,07,DELHI,SHAHADRA,0.035432525951557096,0.1998615916955014,0.221453287197233,0.23646289888504696,5526.724303864222,0.12625030189259492,-0.05173394848135333,0.2599000384467512,44424
083,07,DELHI,SOUTH,-0.015747789311802922,0.16633602460592392,0.1929104190695869,0.21413302575931895,15547.790297003627,0.07690287399424908,-0.07111111111111111,0.2679584775086506,203572
084,07,DELHI,SOUTH WEST,-0.035432525951556486,0.14769703960014907,0.16633602460592412,0.18608227604767164,22549.25052548103,0.06267298666942504,-0.1085121107266436,0.2519646289888504,362148
085,07,DELHI,WEST,-0.022206843521722416,0.172795078815849,0.20693579392541975,0.22145328719722537,17301.493923148737,0.10351299431434893,-0.09356401384083046,0.2599000384467512,168657
670,07,DELHI,SOUTH EAST,-0.02220684352172242,0.16633602460592284,0.1929104190695898,0.21413302575932378,10938.122918032379,0.08487508587171576,-0.08882737408688965,0.2599000384467512,130060
551,30,GOA,NORTH GOA,-0.08882737408688333,0.07972318339101582,0.09356401384082294,0.10851211072664026,44580.93667890209,0.022050415924420426,-0.1929104190695886,0.2519646289888504,2026943
552,30,GOA,SOUTH GOA,-0.08421376393694613,0.09356401384083093,0.10851211072664858,0.13016532103036982,77888.85406328856,0.03442232108434479,-0.2069357939254133,0.2679584775086506,2268792
673,24,GUJARAT,MORBI,-0.05536332179930509,0.04822760476739645,0.06299115724721116,0.08421376393694602,53029.85878870991,0.008788270511642686,-0.14769703960015382,0.22145328719723184,6044416
438,24,GUJARAT,AHMADABAD,-0.059115724721264716,0.0591157247212628,0.08421376393694624,0.11909265667050829,108779.67214253345,0.012406396562837674,-0.17937716262975778,0.2519646289888504,8784863
440,24,GUJARAT,ANAND,-0.06698961937716412,0.04158400615147641,0.05536332179930453,0.07535563244905817,13429.888636620704,0.003502343572536039,-0.17937716262975778,0.22145328719723184,3842291
674,24,GUJARAT,DEVBHUMI DWARKA,-0.08882737408688339,0.035432525951559095,0.06299115724721123,0.09356401384082821,-85019.6895314044,-0.016962932405305862,-0.17279507881584008,0.2069357939254133,5023982
447,24,GUJARAT,JAMNAGAR,-0.05911572472126151,0.05173394848134578,0.06698961937716742,0.09356401384082697,54615.11871242815,0.00764931122768561,-0.16633602460592078,0.24415224913494812,7153837
449,24,GUJARAT,KACHCHH,-0.07535563244905527,0.07535563244904545,0.0984236831988067,0.11374086889668514,744608.8696030878,0.01501449003705767,-0.1929104190695886,0.2519646289888504,49630741
443,24,GUJARAT,BHAVNAGAR,-0.059115724721259866,0.04484429065745211,0.059115724721260546,0.07972318339100737,38376.887603368006,0.004725987025662137,-0.14173010380622836,0.2288965782391388,8129986
442,24,GUJARAT,BHARUCH,-0.07111111111111548,0.04484429065745099,0.05911572472126035,0.08421376393694868,19113.411262737663,0.0032246758294177114,-0.16000000000000003,0.24415224913494812,5942322
459,24,GUJARAT,SURAT,-0.08421376393695523,0.06299115724721112,0.08421376393695204,0.11374086889657446,7345.995274306126,0.0014146834150485072,-0.17937716262975778,0.2519646289888504,5202601
453,24,GUJARAT,NAVSARI,-0.06299115724721122,0.05536332179930166,0.07111111111111694,0.09356401384082605,23017.296625152772,0.008738907064799573,-0.15378700499807765,0.2364628988850442,2640202
462,24,GUJARAT,VALSAD,-0.05911572472126383,0.06299115724721302,0.07535563244904742,0.10340638216070529,53737.164026291655,0.01529030895121203,-0.15378700499807765,0.24415224913494812,3524114
672,24,GUJARAT,ARAVALLI,-0.08421376393694593,0.038446751249517075,0.05173394848134739,0.07111111111111418,-17666.271661794242,-0.004606896798109093,-0.2069357939254133,0.22145328719723184,3843076
441,24,GUJARAT,BANAS KANTHA,-0.05173394848134831,0.06698961937717614,0.07972318339099133,0.09356401384085053,299791.162513926,0.022745939767122084,-0.17279507881584008,0.2519646289888504,13197838
668,24,GUJARAT,CHHOTA UDEPUR,-0.07111111111111607,0.04158400615147982,0.05536332179930811,0.07111111111111292,-7771.85277940113,-0.0018639380789174024,-0.16633602460592078,0.22145328719723184,4179280
445,24,GUJARAT,DAHOD,-0.08882737408688564,0.04158400615147677,0.05536332179930407,0.07111111111111562,-35622.27794520747,-0.008072595778437833,-0.16000000000000003,0.22145328719723184,4420485
444,24,GUJARAT,DANGS,-0.051733948481351405,0.07972318339101812,0.08882737408688926,0.103406382160704,58548.2267108113,0.02774964709843638,-0.11909265667051133,0.19986159169550174,2115144
675,24,GUJARAT,GIR SOMNATH,-0.07535563244905286,0.04484429065744242,0.06299115724721123,0.08421376393694605,-16604.125622140222,-0.005252232694193415,-0.16633602460592078,0.21413302575932336,3168667
448,24,GUJARAT,JUNAGADH,-0.06299115724721122,0.05911572472125969,0.07535563244905744,0.0888273740868856,90611.96684535727,0.012299044191949743,-0.16000000000000003,0.24415224913494812,7380122
669,24,GUJARAT,MAHISAGAR,-0.0984236831987689,0.019930795847752803,0.03254133025759308,0.04822760476739479,-69239.58069602199,-0.02270339485340412,-0.2069357939254133,0.22145328719723184,3057162
452,24,GUJARAT,NARMADA,-0.0629911572472112,0.04822760476738829,0.06299115724721115,0.07972318339101159,12181.418569225036,0.0035959117608255326,-0.14173010380622836,0.19986159169550174,3395262
454,24,GUJARAT,PANCH MAHALS,-0.09842368319876893,0.03543252595155642,0.051733948481348664,0.07535563244905767,-52643.76532485882,-0.013247093439754441,-0.1929104190695886,0.2364628988850442,3982812
458,24,GUJARAT,SABAR KANTHA,-0.07535563244905379,0.04822760476739147,0.06299115724721698,0.08882737408688515,27047.94503859782,0.005225350176798966,-0.1929104190695886,0.24415224913494812,5187838
641,24,GUJARAT,TAPI,-0.07111111111111514,0.051733948481347374,0.06698961937716938,0.08421376393694677,-1401.6097393554332,-3.726632610014387E-4,-0.13588619761630144,0.2069357939254133,3771978
461,24,GUJARAT,VADODARA,-0.06698961937716616,0.05536332179931533,0.07111111111111776,0.10851211072664785,45855.74857882036,0.009287757931815434,-0.16633602460592078,0.24415224913494812,4946678
439,24,GUJARAT,AMRELI,-0.05536332179930454,0.04484429065745335,0.05911572472125472,0.07535563244905441,80896.28370509934,0.009219217318095562,-0.16000000000000003,0.2364628988850442,8788427
456,24,GUJARAT,PORBANDAR,-0.07972318339100679,0.055363321799304026,0.07535563244904986,0.0984236831987656,-3067.6781188466284,-0.0011034619349031894,-0.17937716262975778,0.21413302575932336,2788240
457,24,GUJARAT,RAJKOT,-0.04484429065744043,0.05536332179931095,0.07111111111111854,0.09356401384082474,154710.33274599997,0.016705659610592418,-0.13016532103037293,0.24415224913494812,9279397
460,24,GUJARAT,SURENDRANAGAR,-0.05536332179930441,0.05536332179930423,0.06698961937717111,0.08421376393694703,140995.6695414321,0.012693276079847405,-0.15378700499807765,0.24415224913494812,11127032
676,24,GUJARAT,BOTAD,-0.03543252595155919,0.051733948481345,0.06698961937716813,0.08421376393694495,59139.70163388821,0.019792135030220186,-0.10340638216070744,0.2288965782391388,2995174
450,24,GUJARAT,KHEDA,-0.09356401384082337,0.03543252595155465,0.05173394848134833,0.07111111111111429,-53866.80469843563,-0.012921182274218868,-0.2069357939254133,0.2288965782391388,4177913
451,24,GUJARAT,MAHESANA,-0.07111111111111705,0.04484429065744836,0.059115724721260234,0.0842137639369461,8890.548283036665,0.0016520100297872642,-0.16633602460592078,0.2364628988850442,5393193
446,24,GUJARAT,GANDHINAGAR,-0.0842137639369444,0.04822760476740076,0.0753556324490536,0.10851211072664287,-3174.6768050357878,-0.0012425164962349502,-0.19986159169550174,0.24415224913494812,2563098
455,24,GUJARAT,PATAN,-0.03543252595155934,0.06299115724723933,0.07535563244905079,0.08882737408688371,196921.66911740557,0.02790902926356428,-0.14173010380622836,0.2364628988850442,7069966
058,06,HARYANA,AMBALA,-0.05911572472126424,0.0517339484813498,0.0888273740868839,0.11909265667050696,-4306.81086869442,-0.002202351937494005,-0.13016532103037293,0.2519646289888504,1963507
059,06,HARYANA,BHIWANI,-0.019930795847753754,0.09356401384084836,0.10340638216072177,0.1301653210303724,234131.16796599113,0.05591725802612125,-0.08421376393694734,0.24415224913494812,4194676
060,06,HARYANA,FARIDABAD,-0.02977316416762718,0.12456747404846381,0.1476970396001688,0.1663360246059247,43131.958623193554,0.04578264389760386,-0.09356401384083046,0.2519646289888504,945230
061,06,HARYANA,FATEHABAD,-0.05911572472125669,0.06299115724721963,0.07972318339101152,0.108512110726645,16987.31854412944,0.005242913805981192,-0.11374086889657825,0.24415224913494812,3246738
062,06,HARYANA,GURUGRAM,-0.01574778931180286,0.12456747404846821,0.1417301038062323,0.16633602460592467,97819.45544080221,0.06175599437113567,-0.09356401384083046,0.2679584775086506,1589083
063,06,HARYANA,HISAR,-0.029773164167630695,0.08421376393697012,0.09842368319875945,0.12456747404844105,206309.09965972736,0.03963295308846847,-0.1085121107266436,0.24415224913494812,5213950
064,06,HARYANA,JHAJJAR,-0.03844675124952165,0.07972318339101298,0.09842368319876768,0.14173010380623227,62814.848692100495,0.02660192710112443,-0.09842368319876971,0.2364628988850442,2367667
065,06,HARYANA,JIND,-0.05173394848134811,0.044844290657447126,0.07111111111111465,0.12456747404844158,1268.5798271813564,3.629053259800223E-4,-0.11374086889657825,0.24415224913494812,3503951
066,06,HARYANA,KAITHAL,-0.0669896193771715,0.022206843521720757,0.06299115724721133,0.11909265667051265,-48562.49943842297,-0.01661771028371855,-0.13016532103037293,0.24415224913494812,2929802
067,06,HARYANA,KARNAL,-0.06698961937716968,0.027128027681660418,0.07972318339100337,0.13588619761630355,-51219.851395963844,-0.01610919525312359,-0.14173010380622836,0.2519646289888504,3186602
068,06,HARYANA,KURUKSHETRA,-0.07535563244904861,0.02977316416762713,0.07535563244905732,0.12456747404843845,-48168.3244155983,-0.022313392429208833,-0.14769703960015382,0.2519646289888504,2164099
069,06,HARYANA,MAHENDRAGARH,-0.006813907790546243,0.08882737408687919,0.10851211072664346,0.14769703960015587,138934.66494948347,0.05676882489921264,-0.08882737408688965,0.2679584775086506,2455293
604,06,HARYANA,MEWAT,-0.022206843521720764,0.09842368319877354,0.12456747404843874,0.15378700499807677,101374.79509026487,0.05297980362614717,-0.09356401384083046,0.2599000384467512,1920287
619,06,HARYANA,PALWAL,-0.03543252595155692,0.07535563244905402,0.10851211072664171,0.1417301038062319,41908.89199480807,0.024388110865812506,-0.08882737408688965,0.2599000384467512,1723336
070,06,HARYANA,PANCHKULA,-0.03543252595155864,0.07972318339101263,0.0984236831987641,0.11909265667051079,35797.32591974464,0.03135973705823168,-0.11374086889657825,0.2761399461745483,1145979
071,06,HARYANA,PANIPAT,-0.05173394848135064,0.06698961937716165,0.11374086889657627,0.15378700499807926,2133.26634154375,0.0012800908952698624,-0.11909265667051133,0.2599000384467512,1670732
072,06,HARYANA,REWARI,0.0045091854647034925,0.09842368319875355,0.12456747404844883,0.1600000000000009,128626.32875612464,0.06541505872419245,-0.08421376393694734,0.2599000384467512,1972079
073,06,HARYANA,ROHTAK,-0.041584006151481216,0.07111111111111619,0.10340638216070457,0.14769703960015113,32649.2180060638,0.01535851903657962,-0.11374086889657825,0.2519646289888504,2130843
074,06,HARYANA,SIRSA,-0.048227604767392,0.08421376393696918,0.09356401384083426,0.11374086889657518,166882.06436880288,0.030457624072987275,-0.11374086889657825,0.2364628988850442,5487960
075,06,HARYANA,SONIPAT,-0.04484429065744465,0.0553633217993065,0.09356401384082597,0.13588619761630197,13985.001616344729,0.0050293137838017254,-0.11374086889657825,0.2519646289888504,2786505
076,06,HARYANA,YAMUNANAGAR,-0.06698961937716728,0.06698961937716824,0.09356401384082506,0.12456747404843947,-7088.021184723105,-0.0031928242131593664,-0.13016532103037293,0.24415224913494812,2225647
701,06,HARYANA,CHARKHI DADRI,-0.017777777777778947,0.08882737408687519,0.09842368319877436,0.13588619761630444,94359.31255273355,0.053716603191808286,-0.09356401384083046,0.2364628988850442,1761774
015,02,HIMACHAL PRADESH,BILASPUR,-0.027128027681661844,0.08421376393695855,0.09842368319877305,0.1190926566705083,59239.60312213697,0.03892387700806519,-0.11374086889657825,0.2288965782391388,1527049
016,02,HIMACHAL PRADESH,CHAMBA,-0.13588619761632123,0.08421376393696456,0.11374086889658845,0.13588619761632784,-99039.055767432,-0.011485730878603223,-0.2069357939254133,0.28444444444444444,8634536
017,02,HIMACHAL PRADESH,HAMIRPUR,-0.017777777777777712,0.1034063821607307,0.11909265667052281,0.13588619761629567,78457.78072636176,0.05371646098219495,-0.09842368319876971,0.2519646289888504,1464411
018,02,HIMACHAL PRADESH,KANGRA,-0.10851211072666055,0.08882737408686898,0.10851211072665443,0.12456747404845316,186511.30231562242,0.024691247690172696,-0.2069357939254133,0.2599000384467512,7565612
020,02,HIMACHAL PRADESH,KULLU,-0.14173010380624174,0.06698961937717332,0.08882737408687584,0.11374086889658015,-211070.6040980375,-0.02930477419735856,-0.21413302575932336,0.22145328719723184,7211360
022,02,HIMACHAL PRADESH,MANDI,-0.06299115724721127,0.113740868896584,0.1301653210303432,0.14769703960017003,203597.4356618748,0.03937668360425763,-0.16000000000000003,0.2519646289888504,5177402
023,02,HIMACHAL PRADESH,SHIMLA,-0.1190926566705196,0.10851211072666421,0.124567474048471,0.14769703960016767,100224.25571528768,0.01500737309733246,-0.19986159169550174,0.2519646289888504,6689722
024,02,HIMACHAL PRADESH,SIRMAUR,-0.06698961937716495,0.10340638216073218,0.11909265667052533,0.1358861976162966,131209.64629962703,0.035816950862602975,-0.13588619761630144,0.2519646289888504,3670428
025,02,HIMACHAL PRADESH,SOLAN,-0.03543252595155895,0.08882737408688474,0.103406382160722,0.11909265667051151,91839.77434846519,0.03646723000020569,-0.13016532103037293,0.2519646289888504,2524974
026,02,HIMACHAL PRADESH,UNA,-0.024605920799691948,0.08421376393696181,0.09842368319876647,0.11909265667051595,80431.67520202803,0.03986558405128624,-0.11909265667051133,0.2519646289888504,2022495
019,02,HIMACHAL PRADESH,KINNAUR,-0.16000000000000886,0.02220684352172172,0.044844290657443636,0.06698961937716547,-558061.8728633132,-0.06558819539805848,-0.2288965782391388,0.186082276047674,8518904
021,02,HIMACHAL PRADESH,LAHUL & SPITI,-0.16000000000000267,-0.004490792311729423,0.01777777777777872,0.03844675124952021,-1459001.4680873323,-0.07913938550148866,-0.2288965782391388,0.14769703960015382,18455211
,01,JAMMU & KASHMIR,MIRPUR,-0.006805366044744992,0.12456747404846395,0.1417301038062295,0.16633602460592456,325660.05039938993,0.06745127832263939,-0.10340638216070744,0.28444444444444444,4837249
,01,JAMMU & KASHMIR,MUZAFFARABAD,-0.1301653210303499,0.09842368319874002,0.11909265667053283,0.14173010380622153,3085.1561403147516,4.749396342417926E-4,-0.22145328719723184,0.31009611687812383,6508506
010,01,JAMMU & KASHMIR,PUNCH,-0.07111111111111708,0.11374086889660806,0.1358861976163152,0.15378700499808465,250840.98223668963,0.04407058665570337,-0.16633602460592078,0.2679584775086506,5700333
001,01,JAMMU & KASHMIR,ANANTNAG,-0.12456747404846279,0.09356401384083182,0.11909265667052295,0.14173010380623705,-16977.794732702125,-0.004639728680525299,-0.2069357939254133,0.2519646289888504,3666744
003,01,JAMMU & KASHMIR,BARAMULA,-0.09842368319876395,0.08882737408688693,0.11374086889658053,0.13588619761629517,17411.957318136447,0.006269023890703092,-0.17937716262975778,0.24415224913494812,2783290
007,01,JAMMU & KASHMIR,KATHUA,-0.05536332179930804,0.11374086889661103,0.13588619761631232,0.15378700499808537,155840.64245116647,0.047106646530913045,-0.15378700499807765,0.28444444444444444,3314635
014,01,JAMMU & KASHMIR,UDHAMPUR,-0.027128027681661213,0.14173010380622905,0.1537870049980706,0.17279507881584988,217123.72055094584,0.07172001707792985,-0.14173010380622836,0.28444444444444444,3033474
002,01,JAMMU & KASHMIR,BADGAM,-0.09842368319876767,0.06299115724721122,0.09356401384082287,0.12456747404845439,-22354.700591250574,-0.013316899013163446,-0.17937716262975778,0.2288965782391388,1682823
623,01,JAMMU & KASHMIR,BANDIPURA,-0.1476970396001711,0.03254133025759107,0.0629911572472112,0.08882737408688296,-264510.4706862704,-0.048327122867088304,-0.21413302575932336,0.2364628988850442,5482179
626,01,JAMMU & KASHMIR,GANDERBAL,-0.13016532103036496,0.055363321799303776,0.07972318339101446,0.1034063821607189,-62015.001780485334,-0.028379476403763104,-0.1929104190695886,0.2288965782391388,2192068
622,01,JAMMU & KASHMIR,KULGAM,-0.0984236831987674,0.06299115724721117,0.08421376393695014,0.10851211072664255,-13252.618773556605,-0.00782726240290284,-0.1929104190695886,0.2519646289888504,1698369
008,01,JAMMU & KASHMIR,KUPWARA,-0.09356401384082493,0.11909265667052658,0.14173010380620532,0.16633602460592498,97744.12351542276,0.02633536898248759,-0.17279507881584008,0.2679584775086506,3717596
011,01,JAMMU & KASHMIR,PULWAMA,-0.10340638216072141,0.05911572472126439,0.08882737408688383,0.11374086889657635,-16667.803836077503,-0.013837879768494968,-0.17937716262975778,0.2599000384467512,1208381
012,01,JAMMU & KASHMIR,RAJAURI,-0.03844675124952019,0.13588619761633572,0.1537870049980885,0.17279507881584946,247240.52721444325,0.07034666238672593,-0.14769703960015382,0.2761399461745483,3521026
621,01,JAMMU & KASHMIR,RAMBAN,-0.07535563244904832,0.12456747404846635,0.14769703960016695,0.1663360246059245,80437.11518491631,0.04680109872499098,-0.16000000000000003,0.2761399461745483,1722238
627,01,JAMMU & KASHMIR,RIASI,-0.05911572472126468,0.13016532103035156,0.14769703960016886,0.16633602460592486,147798.89062159613,0.057378832248230024,-0.16000000000000003,0.31009611687812383,2582725
625,01,JAMMU & KASHMIR,SHUPIYAN,-0.07535563244905898,0.07111111111111569,0.09356401384082558,0.11909265667051351,8838.317572574975,0.013043658116460983,-0.16633602460592078,0.2599000384467512,681043
013,01,JAMMU & KASHMIR,SRINAGAR,-0.10340638216070694,0.05911572472126296,0.0842137639369456,0.11909265667051219,-4739.516281852165,-0.012518072779387893,-0.16633602460592078,0.22145328719723184,381957
620,01,JAMMU & KASHMIR,KISHTWAR,-0.14173010380621937,0.05911572472125623,0.08882737408688406,0.1137408688965821,-425497.9180556297,-0.038928801154267584,-0.22145328719723184,0.2679584775086506,10942149
004,01,JAMMU & KASHMIR,DODA,-0.09356401384082441,0.130165321030335,0.14769703960017483,0.16633602460592223,146359.96524260638,0.04567455860832178,-0.186082276047674,0.3014225297962323,3210495
624,01,JAMMU & KASHMIR,SAMBA,-0.05536332179930688,0.09356401384082853,0.10851211072664951,0.1301653210303683,43886.07947600683,0.035747686685813906,-0.11374086889657825,0.2679584775086506,1231705
005,01,JAMMU & KASHMIR,JAMMU,-0.06299115724721113,0.10851211072666177,0.13016532103036335,0.1537870049980838,132011.02853524688,0.04129017377383298,-0.11909265667051133,0.28444444444444444,3204791
322,20,JHARKHAND,BOKARO,-0.07535563244905456,0.08421376393695511,0.10340638216071502,0.13016532103036585,47794.99695943592,0.013617996312514629,-0.14769703960015382,0.2519646289888504,3518062
323,20,JHARKHAND,CHATRA,-0.08421376393694557,0.07111111111111941,0.08421376393695373,0.10340638216071184,37134.5553275271,0.007975834312530322,-0.17279507881584008,0.2288965782391388,4666877
325,20,JHARKHAND,DHANBAD,-0.06299115724721126,0.08421376393694918,0.11374086889657443,0.14769703960015634,52573.027535756235,0.02114390984306577,-0.13588619761630144,0.24415224913494812,2490976
324,20,JHARKHAND,DEOGHAR,-0.08882737408688578,0.044844290657441346,0.07111111111111486,0.10340638216070595,-42729.48638650624,-0.014034189253366287,-0.15378700499807765,0.2288965782391388,3050828
326,20,JHARKHAND,DUMKA,-0.07535563244904854,0.05536332179930206,0.07535563244904875,0.09356401384082541,2093.165773770714,4.5447267221194505E-4,-0.14173010380622836,0.2364628988850442,4613615
328,20,JHARKHAND,GARHWA,-0.07535563244905087,0.0711111111111194,0.09356401384083579,0.1085121107266533,26850.994954773705,0.005353415596389301,-0.15378700499807765,0.21413302575932336,5023969
329,20,JHARKHAND,GIRIDIH,-0.09356401384082708,0.05911572472125867,0.07972318339101067,0.10340638216070457,-50096.37214044688,-0.008241522425233915,-0.16633602460592078,0.2519646289888504,6087886
330,20,JHARKHAND,GODDA,-0.06698961937716585,0.06299115724721355,0.08421376393694908,0.1034063821607038,17937.162837695207,0.006387986941502646,-0.13588619761630144,0.24415224913494812,2814180
331,20,JHARKHAND,GUMLA,-0.10851211072665541,0.08421376393696099,0.10340638216072755,0.12456747404846107,-39130.43717465742,-0.006015390082264652,-0.1929104190695886,0.2288965782391388,6516036
332,20,JHARKHAND,HAZARIBAGH,-0.09356401384082409,0.08421376393696059,0.09842368319876658,0.11909265667051508,56194.1627212469,0.01059880663111341,-0.17279507881584008,0.2519646289888504,5315097
333,20,JHARKHAND,JAMTARA,-0.0753556324490477,0.04822760476739903,0.06698961937716477,0.09356401384082759,-12943.870728926127,-0.005862222842889666,-0.13588619761630144,0.2364628988850442,2214404
606,20,JHARKHAND,KHUNTI,-0.09356401384082307,0.07535563244904789,0.08882737408688733,0.10851211072664531,7042.707161972683,0.00220307764907813,-0.16633602460592078,0.21413302575932336,3204257
334,20,JHARKHAND,KODARMA,-0.0888273740868811,0.07972318339101676,0.09356401384085124,0.10851211072665276,24773.48230120267,0.012326688424992066,-0.14769703960015382,0.2364628988850442,2016064
335,20,JHARKHAND,LATEHAR,-0.08421376393694674,0.09842368319874147,0.10851211072666307,0.124567474048463,112358.95165742375,0.021722990994586945,-0.16633602460592078,0.22145328719723184,5182155
336,20,JHARKHAND,LOHARDAGA,-0.12456747404846306,0.09356401384084422,0.10851211072665723,0.12456747404845524,-18762.813215645216,-0.010234423928560414,-0.186082276047674,0.1929104190695886,1838361
337,20,JHARKHAND,PAKUR,-0.06698961937716534,0.06698961937716912,0.08421376393694484,0.10851211072664702,18181.66718115546,0.008227907729092113,-0.14173010380622836,0.2364628988850442,2216228
338,20,JHARKHAND,PALAMU,-0.0753556324490487,0.051733948481346485,0.07111111111111725,0.0935640138408261,-13305.133088652097,-0.0024603556337718085,-0.14769703960015382,0.2288965782391388,5416996
343,20,JHARKHAND,WEST SINGHBHUM,-0.0753556324490482,0.10340638216073587,0.11909265667052854,0.13588619761633736,262846.3368050888,0.03012971186548148,-0.16000000000000003,0.2364628988850442,8734513
327,20,JHARKHAND,EAST SINGHBHUM,-0.06299115724721119,0.09842368319876078,0.11374086889657824,0.14173010380623613,109311.16080703014,0.025430384765989,-0.13016532103037293,0.2679584775086506,4306723
607,20,JHARKHAND,RAMGARH,-0.0753556324490572,0.08421376393695214,0.10851211072664516,0.13588619761630255,31098.984311261993,0.01830849534973574,-0.14173010380622836,0.2599000384467512,1705200
339,20,JHARKHAND,RANCHI,-0.1034063821607212,0.07111111111111836,0.09356401384082347,0.13016532103037454,-16529.496667469808,-0.002727406265212525,-0.1929104190695886,0.2599000384467512,6072574
340,20,JHARKHAND,SAHIBGANJ,-0.06698961937716534,0.07111111111111909,0.08421376393695544,0.10851211072664475,42500.3145191491,0.01574954072772902,-0.12456747404844293,0.2519646289888504,2704649
341,20,JHARKHAND,SARAIKELA-KHARSAWAN,-0.06698961937716627,0.08882737408687412,0.10851211072665766,0.1358861976162969,63455.77837373626,0.019697800958673503,-0.14173010380622836,0.2599000384467512,3228630
342,20,JHARKHAND,SIMDEGA,-0.08421376393695124,0.0842137639369629,0.09842368319876571,0.11374086889657742,69293.50456159335,0.01516922572942418,-0.16000000000000003,0.19986159169550174,4575865
524,29,KARNATAKA,BAGALKOT,-0.07535563244905678,0.0629911572472198,0.07972318339101513,0.10340638216071156,87381.01794548734,0.011458942929598726,-0.1929104190695886,0.2288965782391388,7637876
528,29,KARNATAKA,BALLARI,-0.10851211072665355,0.07111111111110618,0.09356401384085233,0.1137408688965826,538.8597130237431,5.500397793002325E-5,-0.22145328719723184,0.2599000384467512,9811668
527,29,KARNATAKA,BELAGAVI,-0.0711111111111169,0.07535563244905055,0.09356401384083629,0.11909265667052023,283667.9266241647,0.01815215982133801,-0.186082276047674,0.2761399461745483,15647841
526,29,KARNATAKA,BENGALURU RURAL,-0.07535563244905535,0.06698961937716685,0.0888273740868833,0.11374086889657674,14967.432812780004,0.005672226566987976,-0.15378700499807765,0.2519646289888504,2647699
525,29,KARNATAKA,BENGALURU URBAN,-0.04822760476739516,0.15999999999997536,0.17937716262981707,0.19986159169548393,167832.48892012436,0.06662293269448513,-0.14769703960015382,0.3014225297962323,2525378
529,29,KARNATAKA,BIDAR,-0.05536332179930931,0.055363321799310077,0.07111111111111808,0.09356401384082702,96381.18601393278,0.01506316985444302,-0.14769703960015382,0.2364628988850442,6408943
531,29,KARNATAKA,CHAMARAJANAGAR,-0.07535563244904972,0.08421376393696672,0.09842368319876425,0.11374086889657863,179135.81209213167,0.027755266088904055,-0.17937716262975778,0.2288965782391388,6464990
630,29,KARNATAKA,CHIK BALLAPUR,-0.07972318339101123,0.051733948481346194,0.07111111111111756,0.08882737408688876,-11021.305109613415,-0.0022585412868891554,-0.17279507881584008,0.21413302575932336,4888990
532,29,KARNATAKA,CHIKKAMAGALURU,-0.07535563244904961,0.10851211072666662,0.12456747404847261,0.14173010380621992,371132.0593335211,0.04482836670552335,-0.186082276047674,0.2519646289888504,8290158
533,29,KARNATAKA,CHITRADURGA,-0.11374086889658938,0.05536332179930727,0.07535563244905928,0.09842368319876647,-121299.448399795,-0.012473282662505074,-0.2069357939254133,0.2364628988850442,9737571
534,29,KARNATAKA,DAKSHINA KANNADA,-0.04484429065744034,0.10340638216073385,0.11909265667052481,0.13588619761630727,263736.8017465098,0.047349820504923555,-0.1929104190695886,0.24415224913494812,5579048
535,29,KARNATAKA,DAVANGERE,-0.10340638216071452,0.06299115724721113,0.0797231833910133,0.10340638216071013,-55457.70685195671,-0.008112712422538927,-0.1929104190695886,0.24415224913494812,6847089
536,29,KARNATAKA,DHARWAD,-0.0888273740868849,0.04484429065744896,0.06299115724721115,0.08882737408688664,13352.031436498222,0.00270492776561261,-0.1929104190695886,0.2364628988850442,4944779
537,29,KARNATAKA,GADAG,-0.09842368319877086,0.038446751249509116,0.05173394848134644,0.06698961937716631,-37460.539031993634,-0.006937549578999522,-0.1929104190695886,0.19986159169550174,5409858
539,29,KARNATAKA,HASSAN,-0.08421376393694995,0.08882737408688653,0.10851211072665436,0.12456747404845597,130018.03622719916,0.01663344116721447,-0.17279507881584008,0.28444444444444444,7828705
540,29,KARNATAKA,HAVERI,-0.10340638216071782,0.04158400615147846,0.06299115724721119,0.08421376393694764,-91666.297899324,-0.016445300121530684,-0.1929104190695886,0.21413302575932336,5582700
538,29,KARNATAKA,KALABURAGI,-0.04484429065743898,0.055363321799305615,0.07111111111111823,0.09356401384082662,240581.57379818373,0.018768175850571146,-0.15378700499807765,0.2519646289888504,12835141
541,29,KARNATAKA,KODAGU,-0.04484429065743834,0.12456747404847465,0.1417301038062376,0.16000000000001804,318489.8743751897,0.06783469311453894,-0.17279507881584008,0.29287197231833906,4703960
542,29,KARNATAKA,KOLAR,-0.0753556324490531,0.06299115724721237,0.0842137639369508,0.10851211072664112,30960.608860994773,0.006778545858869126,-0.17937716262975778,0.2288965782391388,4576751
543,29,KARNATAKA,KOPPAL,-0.10340638216072097,0.044844290657447716,0.06698961937716744,0.09842368319876758,-84110.9433244775,-0.013018211378071179,-0.1929104190695886,0.2599000384467512,6471180
544,29,KARNATAKA,MANDYA,-0.07111111111111494,0.07972318339101646,0.09356401384082773,0.11374086889657407,105606.43796525523,0.018575416388097586,-0.16000000000000003,0.2519646289888504,5695228
545,29,KARNATAKA,MYSURU,-0.08421376393694928,0.08421376393695848,0.1034063821607202,0.11909265667051762,85644.92633617726,0.011870178705905595,-0.17937716262975778,0.2679584775086506,7227650
546,29,KARNATAKA,RAICHUR,-0.07111111111111731,0.04158400615147737,0.0591157247212602,0.0842137639369507,-19244.654447528435,-0.0019599635263047705,-0.16000000000000003,0.2519646289888504,9829398
631,29,KARNATAKA,RAMANAGARAM,-0.059115724721264,0.07535563244905542,0.09356401384082723,0.11374086889657502,95441.36661595944,0.023709884376269346,-0.14769703960015382,0.2364628988850442,4034113
547,29,KARNATAKA,SHIVAMOGGA,-0.07972318339101105,0.10851211072666386,0.11909265667052858,0.13588619761631926,350210.3419151465,0.03585198375962065,-0.186082276047674,0.2519646289888504,9782492
548,29,KARNATAKA,TUMAKURU,-0.07972318339101038,0.07972318339100924,0.09842368319875142,0.11374086889659511,147300.5225389477,0.012089410753415674,-0.186082276047674,0.2519646289888504,12204538
549,29,KARNATAKA,UDUPI,-0.07972318339100408,0.09356401384084034,0.11374086889657775,0.13016532103037315,128107.81196973575,0.03110823359079355,-0.19986159169550174,0.24415224913494812,4125180
550,29,KARNATAKA,UTTARA KANNADA,-0.07972318339100623,0.13016532103032302,0.1417301038062703,0.1599999999999868,734182.6752941165,0.06180776462679653,-0.19986159169550174,0.2761399461745483,11893283
530,29,KARNATAKA,VIJAYAPURA,-0.04822760476739564,0.05536332179930388,0.07111111111111873,0.08882737408688408,196730.36255938688,0.016060875428525426,-0.17937716262975778,0.2599000384467512,12262243
635,29,KARNATAKA,YADGIR,-0.07535563244905516,0.04484429065744992,0.0591157247212613,0.07972318339100651,-17633.649531253,-0.002867261589260985,-0.15378700499807765,0.2364628988850442,6160245
554,32,KERALA,ALAPPUZHA,-0.07111111111111197,0.1137408688965752,0.13588619761629536,0.15378700499808234,64844.78964233525,0.04026823076940768,-0.186082276047674,0.24415224913494812,1615612
555,32,KERALA,ERNAKULAM,-0.055363321799306614,0.1190926566705257,0.1417301038062321,0.16000000000000056,172713.59927377908,0.04969482867114606,-0.2069357939254133,0.29287197231833906,3482949
556,32,KERALA,IDUKKI,-0.022206843521721916,0.13588619761634066,0.14769703960017272,0.16633602460592495,371951.42665635754,0.07522012370635363,-0.17279507881584008,0.2761399461745483,4955513
557,32,KERALA,KANNUR,-0.03254133025759222,0.11374086889659324,0.12456747404846732,0.14173010380623832,205267.5295785642,0.060531461012824965,-0.17279507881584008,0.28444444444444444,3397343
558,32,KERALA,KASARAGOD,-0.05536332179930867,0.08421376393695859,0.09842368319876296,0.1137408688965753,80601.65330962543,0.03532451406480791,-0.17937716262975778,0.2288965782391388,2288384
559,32,KERALA,KOLLAM,-0.05536332179930659,0.11909265667052418,0.14173010380622747,0.16000000000000072,152534.70438479932,0.05424116900790134,-0.1929104190695886,0.2679584775086506,2818601
560,32,KERALA,KOTTAYAM,-0.05911572472126365,0.09842368319874766,0.11374086889658958,0.13588619761629842,116711.41530968022,0.0466546439209982,-0.17279507881584008,0.2519646289888504,2507427
561,32,KERALA,KOZHIKODE,-0.01777777777777758,0.14173010380622672,0.153787004998086,0.17279507881584963,232617.60132343703,0.08683268882531305,-0.17279507881584008,0.2761399461745483,2684454
562,32,KERALA,MALAPPURAM,-0.029773164167628385,0.13016532103034076,0.1476970396001721,0.1663360246059248,288094.232813018,0.07112230066264992,-0.21413302575932336,0.2679584775086506,4058183
563,32,KERALA,PALAKKAD,-0.04158400615148103,0.12456747404846563,0.1476970396001673,0.1663360246059249,297412.5448708277,0.0582881235598709,-0.2069357939254133,0.2761399461745483,5112539
564,32,KERALA,PATTANAMTHITTA,-0.029773164167628586,0.14173010380626627,0.15999999999996153,0.17937716262979794,223722.1065642449,0.07448197113171759,-0.17937716262975778,0.29287197231833906,3011006
565,32,KERALA,THIRUVANANTHAPURAM,-0.05173394848135446,0.12456747404846272,0.14173010380623116,0.16633602460592467,139992.67545317876,0.05644092622894484,-0.2519646289888504,0.28444444444444444,2485730
566,32,KERALA,TRISSUR,-0.0482276047673956,0.11909265667052299,0.14173010380622927,0.16000000000000042,184440.2022888853,0.05352478114936688,-0.2069357939254133,0.2679584775086506,3453173
567,32,KERALA,WAYANAD,-0.03844675124951859,0.12456747404847052,0.14173010380621828,0.15999999999999473,167196.49519558487,0.06870998972537865,-0.16633602460592078,0.2599000384467512,2438701
009,37,LADAKH,LEH,-0.1663360246058512,-0.005816578228516645,0.01676595059258901,0.04822760476739549,-1.6737110914968608E7,-0.07987433243176492,-0.2519646289888504,0.29287197231833906,209611635
006,37,LADAKH,KARGIL,-0.16000000000000253,-0.008858131487889859,0.010396001537870283,0.03254133025759258,-1507260.3152024215,-0.07905502950254255,-0.22145328719723184,0.186082276047674,19084969
553,31,LAKSHADWEEP,LAKSHADWEEP,-0.055363321799307946,0.04822760476739713,0.05536332179930794,0.06299115724721269,276.02067138581714,0.008763330140196979,-0.14769703960015382,0.10340638216070744,33702
667,23,MADHYA PRADESH,AGAR MALWA,-0.044844290657439334,0.08882737408688622,0.098423683198759,0.10851211072664481,163884.6147664833,0.049162319535269124,-0.11909265667051133,0.2288965782391388,3340865
639,23,MADHYA PRADESH,ALIRAJPUR,-0.07972318339101157,0.04822760476739215,0.06299115724721734,0.0753556324490501,4844.585985427538,0.0012045406196413678,-0.16633602460592078,0.2288965782391388,4031207
390,23,MADHYA PRADESH,ANUPPUR,-0.07972318339101225,0.059115724721258416,0.07972318339101093,0.09842368319876954,10668.08048499399,0.0023302481650031366,-0.16000000000000003,0.2288965782391388,4589056
391,23,MADHYA PRADESH,ASHOKNAGAR,-0.06299115724721126,0.07111111111106459,0.07972318339098487,0.08882737408687612,182337.76383739873,0.03136048715325214,-0.16000000000000003,0.22145328719723184,5822740
392,23,MADHYA PRADESH,BALAGHAT,-0.09842368319876554,0.09842368319874241,0.10851211072666289,0.12456747404846634,122252.36760762245,0.010985836770192341,-0.1929104190695886,0.21413302575932336,11141974
393,23,MADHYA PRADESH,BARWANI,-0.04484429065744067,0.05536332179930676,0.06698961937717322,0.07972318339101053,118656.63509828346,0.01817803080925347,-0.14769703960015382,0.2364628988850442,6536978
394,23,MADHYA PRADESH,BETUL,-0.0629911572472112,0.07535563244906218,0.08882737408687835,0.10340638216072025,282127.2346876516,0.023323433502948156,-0.16000000000000003,0.2288965782391388,12110448
395,23,MADHYA PRADESH,BHIND,-0.03543252595155811,0.06299115724723728,0.07111111111111978,0.08421376393694917,161918.24387247796,0.029122572723804883,-0.14769703960015382,0.2288965782391388,5571431
396,23,MADHYA PRADESH,BHOPAL,-0.04158400615148104,0.07972318339100129,0.09842368319877198,0.13016532103037864,139698.2530900014,0.041488752061606134,-0.14173010380622836,0.2599000384467512,3374356
397,23,MADHYA PRADESH,BURHANPUR,-0.048227604767394426,0.06299115724723325,0.0753556324490572,0.08882737408688444,77320.69299242618,0.019993540232791523,-0.11909265667051133,0.2288965782391388,3873783
398,23,MADHYA PRADESH,CHHATARPUR,-0.07111111111111612,0.04822760476738917,0.0591157247212548,0.0753556324490502,94302.54349384258,0.008840293435627186,-0.16633602460592078,0.22145328719723184,10687142
399,23,MADHYA PRADESH,CHHINDWARA,-0.07111111111111708,0.06299115724722473,0.07535563244905683,0.09356401384082566,170139.70378845336,0.011951903146957122,-0.16000000000000003,0.22145328719723184,14251129
400,23,MADHYA PRADESH,DAMOH,-0.08421376393694925,0.05536332179930824,0.06299115724724691,0.07111111111111867,40192.61308119199,0.004510796392785967,-0.17279507881584008,0.2069357939254133,8922849
401,23,MADHYA PRADESH,DATIA,-0.0517339484813532,0.04484429065744832,0.05536332179930754,0.07535563244905939,33634.232688404605,0.010102014705936585,-0.15378700499807765,0.2288965782391388,3340498
402,23,MADHYA PRADESH,DEWAS,-0.03254133025759209,0.07972318339097226,0.08882737408686588,0.10340638216071031,365677.3413663896,0.04306851660446759,-0.12456747404844293,0.2364628988850442,8505726
403,23,MADHYA PRADESH,DHAR,-0.04484429065744092,0.07535563244902344,0.08421376393696582,0.09842368319876665,344601.85377046216,0.034964274495427036,-0.16000000000000003,0.2519646289888504,9867234
404,23,MADHYA PRADESH,DINDORI,-0.05911572472126125,0.09842368319874417,0.11909265667052948,0.13588619761633605,180605.0091833842,0.025939399193086084,-0.12456747404844293,0.2069357939254133,6974940
405,23,MADHYA PRADESH,EAST NIMAR,-0.04484429065743988,0.0669896193771754,0.07535563244905773,0.0888273740868873,230040.37966932726,0.025586721577132706,-0.13016532103037293,0.24415224913494812,9002549
406,23,MADHYA PRADESH,GUNA,-0.05173394848135032,0.07111111111108952,0.07972318339100684,0.09356401384082316,230302.0248783261,0.029416261029464714,-0.13588619761630144,0.2519646289888504,7842335
407,23,MADHYA PRADESH,GWALIOR,-0.07111111111111684,0.059115724721248784,0.075355632449044,0.09842368319876889,66696.89965324494,0.011770484426748388,-0.15378700499807765,0.2599000384467512,5674029
408,23,MADHYA PRADESH,HARDA,-0.029773164167627007,0.0669896193771751,0.07972318339101535,0.09356401384082311,136566.31698341557,0.033890114793440194,-0.11909265667051133,0.21413302575932336,4035848
409,23,MADHYA PRADESH,HOSHANGABAD,-0.04484429065743814,0.07972318339101003,0.09356401384084255,0.10851211072665007,228519.1473659402,0.028267662606602212,-0.14173010380622836,0.22145328719723184,8095645
410,23,MADHYA PRADESH,INDORE,-0.019930795847751218,0.09356401384087075,0.1085121107266529,0.1417301038062384,279788.3128564604,0.05915880499306525,-0.11909265667051133,0.2519646289888504,4738802
411,23,MADHYA PRADESH,JABALPUR,-0.05911572472126439,0.05536332179930141,0.07111111111111751,0.09356401384082541,75039.63666317324,0.012128214682672767,-0.15378700499807765,0.2288965782391388,6198352
412,23,MADHYA PRADESH,JHABUA,-0.06698961937716424,0.05536332179930043,0.06698961937717254,0.07535563244904815,40700.6400919158,0.009754489258086193,-0.14769703960015382,0.2364628988850442,4179358
413,23,MADHYA PRADESH,KATNI,-0.07535563244905319,0.04822760476739803,0.06698961937716841,0.08882737408689148,10125.510165716618,0.001642833453007706,-0.16000000000000003,0.22145328719723184,6175594
415,23,MADHYA PRADESH,MANDLA,-0.07111111111111558,0.09356401384085286,0.10851211072666053,0.1301653210303535,213611.51881795627,0.02350752839835192,-0.15378700499807765,0.19986159169550174,9100880
416,23,MADHYA PRADESH,MANDSAUR,-0.035432525951558186,0.08882737408688315,0.09842368319874557,0.11374086889657377,359745.9770693196,0.052990781850250517,-0.13588619761630144,0.2519646289888504,6799773
417,23,MADHYA PRADESH,MORENA,-0.05911572472125447,0.07972318339100821,0.08882737408687569,0.10340638216071084,194896.6235768506,0.03138009105555726,-0.14173010380622836,0.24415224913494812,6223463
418,23,MADHYA PRADESH,NARSHIMAPURA,-0.07535563244904736,0.0517339484813467,0.07111111111111766,0.08882737408689043,10049.537432416018,0.0016142494125723627,-0.17937716262975778,0.2288965782391388,6236392
419,23,MADHYA PRADESH,NIMACH,-0.05173394848135029,0.08421376393694553,0.09356401384086553,0.10851211072664874,181124.3542329361,0.034421396085117704,-0.13588619761630144,0.2599000384467512,5274602
420,23,MADHYA PRADESH,PANNA,-0.07111111111111643,0.055363321799316516,0.06299115724722873,0.07535563244904864,70955.91117290013,0.008154978112874472,-0.16000000000000003,0.2069357939254133,8717597
421,23,MADHYA PRADESH,RAISEN,-0.0482276047673938,0.06698961937717406,0.07972318339101513,0.0984236831987701,230905.22531158445,0.02242491955039755,-0.14173010380622836,0.2364628988850442,10312010
422,23,MADHYA PRADESH,RAJGARH,-0.038446751249520426,0.08882737408690183,0.09356401384086686,0.10851211072664459,399344.792747972,0.05306177443012987,-0.12456747404844293,0.2364628988850442,7535187
423,23,MADHYA PRADESH,RATLAM,-0.04484429065744389,0.08421376393693625,0.09356401384086718,0.1034063821607236,246686.28860556215,0.041743349128995626,-0.11909265667051133,0.24415224913494812,5920371
424,23,MADHYA PRADESH,REWA,-0.09842368319877104,0.027128027681664862,0.04158400615148126,0.05911572472126351,-116053.48892123706,-0.014995153512805188,-0.19986159169550174,0.2364628988850442,7751995
425,23,MADHYA PRADESH,SAGAR,-0.06299115724721122,0.07111111111108213,0.07972318339101327,0.09356401384082307,366507.2783558106,0.02925148579901632,-0.186082276047674,0.24415224913494812,12549508
426,23,MADHYA PRADESH,SATNA,-0.07111111111111723,0.041584006151473576,0.05536332179930441,0.07535563244905776,-4524.158433214697,-4.900986941328727E-4,-0.17279507881584008,0.2364628988850442,9250027
427,23,MADHYA PRADESH,SEHORE,-0.03844675124952056,0.07972318339095898,0.08882737408688005,0.09842368319877066,329681.38371081883,0.04139922149411846,-0.12456747404844293,0.2364628988850442,7979648
428,23,MADHYA PRADESH,SEONI,-0.08882737408688678,0.07111111111111845,0.08882737408687764,0.10340638216072973,126507.5658439046,0.01196473879923431,-0.186082276047674,0.2288965782391388,10587279
429,23,MADHYA PRADESH,SHAHDOL,-0.07972318339100891,0.05911572472125013,0.0753556324490462,0.09356401384082307,-4219.83540400151,-6.09680691354392E-4,-0.16000000000000003,0.21413302575932336,6933487
430,23,MADHYA PRADESH,SHAJAPUR,-0.02712802768166052,0.08421376393694958,0.09356401384085493,0.10340638216071231,238793.27430728398,0.056705443463596364,-0.11909265667051133,0.24415224913494812,4219787
431,23,MADHYA PRADESH,SHEOPUR,-0.04822760476739584,0.07111111111111983,0.08421376393695683,0.10340638216071264,177541.02045879958,0.021689576748942774,-0.13588619761630144,0.24415224913494812,8196536
432,23,MADHYA PRADESH,SHIVPURI,-0.075355632449052,0.06299115724724098,0.07535563244904643,0.08882737408689242,166336.9684484665,0.013095940113333189,-0.17937716262975778,0.2364628988850442,12718231
433,23,MADHYA PRADESH,SIDHI,-0.07535563244905409,0.08421376393696894,0.1034063821607365,0.11909265667053043,78390.41657417598,0.013411264938286007,-0.17279507881584008,0.2069357939254133,5855562
638,23,MADHYA PRADESH,SINGRAULI,-0.07535563244905082,0.06299115724721906,0.08421376393695673,0.10340638216072068,45574.21037228093,0.006458518720416761,-0.16633602460592078,0.2364628988850442,7066555
434,23,MADHYA PRADESH,TIKAMGARH,-0.07535563244905409,0.05173394848134457,0.0591157247212508,0.07535563244905484,52615.36371261743,0.01148639754452741,-0.1929104190695886,0.22145328719723184,4588875
435,23,MADHYA PRADESH,UJJAIN,-0.004480141979155115,0.08882737408690082,0.09356401384086585,0.10851211072664467,452739.6884143583,0.06103504921804711,-0.1085121107266436,0.2599000384467512,7431237
436,23,MADHYA PRADESH,UMARIA,-0.07111111111111576,0.07111111111111632,0.0888273740868771,0.10340638216072422,72107.6801025282,0.012932764349223172,-0.16000000000000003,0.2364628988850442,5584765
437,23,MADHYA PRADESH,VIDISHA,-0.0415840061514811,0.06698961937717858,0.07535563244906392,0.08882737408688397,332085.33683860704,0.037243235870090985,-0.14769703960015382,0.22145328719723184,8929692
414,23,MADHYA PRADESH,WEST NIMAR,-0.04822760476739602,0.05536332179931818,0.06698961937717329,0.07972318339101023,189912.50427768868,0.01965914220750344,-0.13588619761630144,0.2288965782391388,9673296
722,23,MADHYA PRADESH,NIVARI,-0.07111111111111147,0.051733948481346353,0.06299115724721117,0.07535563244905963,20563.42289851174,0.01260394332459837,-0.16000000000000003,0.22145328719723184,1640914
466,27,MAHARASHTRA,AHAMADNAGAR,-0.044844290657440763,0.06698961937717576,0.08421376393695333,0.1034063821607059,500743.8561669696,0.024762837523844793,-0.14769703960015382,0.2679584775086506,20247712
467,27,MAHARASHTRA,AKOLA,-0.029773164167627215,0.055363321799318035,0.07111111111111804,0.09356401384082727,175648.03968458498,0.02703653307372317,-0.09356401384083046,0.2599000384467512,6508098
468,27,MAHARASHTRA,AMARAVATI,-0.044844290657444504,0.06698961937717565,0.0842137639369679,0.10340638216072252,398715.8865611891,0.027277935072339735,-0.14769703960015382,0.24415224913494812,14634927
469,27,MAHARASHTRA,AURANGABAD,-0.035432525951559816,0.06698961937717532,0.08421376393695272,0.10851211072664299,338805.25822134264,0.028155281485267507,-0.13588619761630144,0.2679584775086506,12049449
471,27,MAHARASHTRA,BHANDARA,-0.09356401384082362,0.06698961937717214,0.08421376393695992,0.09842368319876332,-37932.39043399433,-0.00765964339702645,-0.17279507881584008,0.22145328719723184,4961610
470,27,MAHARASHTRA,BID,-0.04484429065744001,0.0669896193771759,0.07972318339101614,0.09842368319876789,337107.09611989127,0.02691024051364958,-0.14769703960015382,0.2599000384467512,12544794
472,27,MAHARASHTRA,BULDHANA,-0.035432525951554925,0.06299115724724082,0.07535563244905827,0.09842368319876726,332352.3378140335,0.028611733662142338,-0.1085121107266436,0.2599000384467512,11630150
473,27,MAHARASHTRA,CHANDRAPUR,-0.07111111111111797,0.07111111111109425,0.07972318339099553,0.09356401384084416,210749.005232214,0.015591017285769839,-0.16000000000000003,0.2519646289888504,13530633
474,27,MAHARASHTRA,DHULE,-0.04484429065744049,0.055363321799309965,0.07111111111111824,0.09356401384082551,146481.45425964583,0.017021399920858816,-0.12456747404844293,0.24415224913494812,8617611
475,27,MAHARASHTRA,GADCHIROLI,-0.088827374086883,0.08421376393697456,0.09356401384086822,0.10340638216073052,369054.150312644,0.021432353071732687,-0.17937716262975778,0.2069357939254133,17237884
476,27,MAHARASHTRA,GONDIA,-0.09842368319877258,0.07972318339101366,0.0888273740868762,0.10340638216072073,-27084.99087199,-0.0043646017124239515,-0.17279507881584008,0.21413302575932336,6215661
477,27,MAHARASHTRA,HINGOLI,-0.041584006151481175,0.07535563244906128,0.08421376393696055,0.09842368319876695,190191.11263555847,0.034041684690501894,-0.11374086889657825,0.2288965782391388,5596711
478,27,MAHARASHTRA,JALGAON,-0.04158400615148125,0.05536332179931614,0.07111111111111869,0.09356401384082637,263694.89479702443,0.01870450490493242,-0.11909265667051133,0.2599000384467512,14113319
479,27,MAHARASHTRA,JALNA,-0.035432525951558706,0.06299115724723464,0.07535563244904298,0.09842368319877033,274321.9411750521,0.030098980413284324,-0.12456747404844293,0.24415224913494812,9127228
480,27,MAHARASHTRA,KOLHAPUR,-0.05536332179930841,0.09842368319876563,0.11909265667051931,0.1417301038062372,285297.2753394919,0.03190010567766288,-0.16633602460592078,0.2519646289888504,8961350
481,27,MAHARASHTRA,LATUR,-0.03543252595155905,0.07535563244906748,0.084213763936963,0.10340638216070568,298604.42886119307,0.0352121834641486,-0.14173010380622836,0.2519646289888504,8490449
482,27,MAHARASHTRA,MUMBAI CITY,-0.006856677234217028,0.18608227604767133,0.1929104190695875,0.20693579392541445,8988.556722704652,0.11912749425522419,-0.13016532103037293,0.2599000384467512,76546
484,27,MAHARASHTRA,NAGPUR,-0.06299115724721123,0.06698961937717353,0.08882737408687452,0.1137408688965826,207782.60961364006,0.017529867835086484,-0.17279507881584008,0.2519646289888504,11865192
485,27,MAHARASHTRA,NANDED,-0.038446751249520975,0.06698961937717633,0.07972318339100723,0.09842368319876964,363119.2696704789,0.029162831805583864,-0.14769703960015382,0.24415224913494812,12472028
486,27,MAHARASHTRA,NANDURBAR,-0.05911572472125969,0.051733948481345264,0.06698961937717088,0.08421376393694902,68524.13513595682,0.009584518222124512,-0.13016532103037293,0.2288965782391388,7163183
487,27,MAHARASHTRA,NASHIK,-0.04822760476739648,0.07535563244906898,0.08882737408687792,0.11374086889658341,526426.175509903,0.028502563567622825,-0.13588619761630144,0.2761399461745483,18486361
488,27,MAHARASHTRA,USMANABAD,-0.04822760476739627,0.07111111111110757,0.08421376393695847,0.09842368319876829,265394.7235723222,0.029786500545528345,-0.15378700499807765,0.2599000384467512,8925215
665,27,MAHARASHTRA,PALGHAR,-0.07535563244905145,0.05911572472125406,0.07535563244904822,0.09356401384082615,42022.693243948626,0.0067159441664367886,-0.14769703960015382,0.2364628988850442,6266083
489,27,MAHARASHTRA,PARBHANI,-0.03844675124952026,0.06299115724724003,0.07111111111111937,0.08882737408688667,211128.2643368531,0.028290281911342016,-0.14769703960015382,0.2599000384467512,7474260
490,27,MAHARASHTRA,PUNE,-0.05173394848134897,0.08421376393696346,0.10851211072665136,0.1417301038062179,582139.111584429,0.031563610977827415,-0.14173010380622836,0.2761399461745483,18462996
491,27,MAHARASHTRA,RAYGAD,-0.07535563244905039,0.07111111111111995,0.0842137639369552,0.10340638216071124,108145.70143383439,0.013148729098877524,-0.16000000000000003,0.2519646289888504,8238352
492,27,MAHARASHTRA,RATNAGIRI,-0.08421376393694535,0.0629911572472277,0.07535563244904828,0.08882737408688354,93034.33750201565,0.009588056338125494,-0.17937716262975778,0.2288965782391388,9717129
493,27,MAHARASHTRA,SANGLI,-0.05173394848134922,0.07111111111111937,0.08882737408687916,0.11374086889657511,216375.9621320883,0.021507945826565948,-0.17279507881584008,0.2599000384467512,10078127
494,27,MAHARASHTRA,SATARA,-0.051733948481349296,0.07535563244905547,0.09356401384082386,0.11374086889657421,319975.53227502364,0.026045190921993876,-0.16000000000000003,0.2519646289888504,12298534
495,27,MAHARASHTRA,SINDHUDURG,-0.10851211072664531,0.06698961937717429,0.08421376393695748,0.09842368319877214,28728.925610857288,0.0048360575073901945,-0.2288965782391388,0.2364628988850442,5951789
496,27,MAHARASHTRA,SOLAPUR,-0.041584006151481195,0.07111111111111987,0.08882737408688178,0.10851211072664697,502438.07802055025,0.028820653775860777,-0.16000000000000003,0.24415224913494812,17457025
483,27,MAHARASHTRA,SUB URBAN MUMBAI,-0.03543252595155668,0.17279507881584863,0.18608227604767463,0.1998615916954991,39746.05609798578,0.07789294019837291,-0.14769703960015382,0.2599000384467512,512479
497,27,MAHARASHTRA,THANE,-0.07972318339101342,0.07535563244904904,0.09842368319876868,0.1358861976163039,61332.41409758654,0.012118993020570854,-0.14769703960015382,0.2519646289888504,5069267
498,27,MAHARASHTRA,WARDHA,-0.044844290657439494,0.0553633217993141,0.0669896193771711,0.08882737408688515,159136.2205527924,0.021122598747060017,-0.12456747404844293,0.2519646289888504,7543509
499,27,MAHARASHTRA,WASHIM,-0.03844675124952107,0.06299115724724184,0.07535563244906326,0.09356401384082583,173615.62516130053,0.02841847376642604,-0.11374086889657825,0.2364628988850442,6120783
500,27,MAHARASHTRA,YAVATMAL,-0.04158400615148123,0.06299115724722312,0.07535563244904953,0.09842368319876348,361374.21855278703,0.022369684371647266,-0.13016532103037293,0.2599000384467512,16172960
252,14,MANIPUR,BISHNUPUR,-0.11909265667051312,0.07535563244905796,0.1034063821607047,0.13588619761630585,-5117.687194458744,-0.008686116358854511,-0.17937716262975778,0.2599000384467512,592328
253,14,MANIPUR,CHANDEL,0.00885813148788916,0.17937716262981956,0.1929104190695563,0.20693579392538908,289118.9632336573,0.11984769641126154,-0.17279507881584008,0.3014225297962323,2417211
254,14,MANIPUR,CHURACHANDPUR,-0.017777777777777518,0.15999999999999553,0.17279507881585104,0.1860822760476969,292044.1567300981,0.09793685398645793,-0.17279507881584008,0.28444444444444444,2987741
256,14,MANIPUR,IMPHAL WEST,-0.10340638216070416,0.10340638216070441,0.1301653210303693,0.1600000000000025,373.3610900184044,6.230835458735149E-4,-0.16633602460592078,0.24415224913494812,603204
255,14,MANIPUR,IMPHAL EAST,-0.12456747404844383,0.1085121107266485,0.13016532103036516,0.16000000000000772,1475.5228033856347,0.0027720445989489494,-0.16633602460592078,0.2519646289888504,535890
713,14,MANIPUR,JIRIBAM,-0.084213763936946,0.1476970396001543,0.17279507881584774,0.18608227604767122,28956.49551692675,0.07989897668624896,-0.17279507881584008,0.28444444444444444,365087
260,14,MANIPUR,UKHRUL,-0.015747789311802898,0.15378700499803533,0.1663360246058955,0.17937716262977974,240095.54362648263,0.09307226793961774,-0.14769703960015382,0.2761399461745483,2585246
257,14,MANIPUR,SENAPATI,-0.029773164167628357,0.14173010380622825,0.153787004998087,0.16633602460592478,172678.17598313972,0.07988805357327439,-0.14769703960015382,0.2761399461745483,2166467
258,14,MANIPUR,TAMENGLONG,-0.010396001537870155,0.1599999999999772,0.17279507881585104,0.18608227604769847,353284.26137043245,0.09505622465541529,-0.16633602460592078,0.2761399461745483,3724282
259,14,MANIPUR,THOUBAL,-0.11374086889657438,0.07972318339100411,0.10851211072664692,0.13588619761630488,-2702.1137518436535,-0.005597976090521956,-0.17937716262975778,0.22145328719723184,485328
717,14,MANIPUR,KAMJONG,0.029773164167627927,0.17937716262981657,0.1860822760476973,0.19986159169548598,370162.75622021686,0.12635683475633822,-0.13588619761630144,0.3014225297962323,2934321
714,14,MANIPUR,NONEI,-0.013840830449827115,0.15378700499808792,0.166336024605925,0.18608227604768485,128076.95760093341,0.08845811646667773,-0.16633602460592078,0.2761399461745483,1452211
715,14,MANIPUR,PHERZAWL,0.004511533589477365,0.1476970396001753,0.16000000000001446,0.17937716262976186,231963.7603267807,0.08828834023945399,-0.16000000000000003,0.28444444444444444,2632958
716,14,MANIPUR,TENGNOUPAL,-9.341930899049971E-4,0.1727950788158383,0.18608227604771568,0.19986159169548476,173617.7682766273,0.11515737766130653,-0.15378700499807765,0.28444444444444444,1511379
712,14,MANIPUR,KANGPOKPI,-0.06299115724721176,0.13016532103034645,0.14769703960016634,0.1600000000000044,147866.51194661926,0.06933204564002439,-0.16000000000000003,0.24415224913494812,2143163
711,14,MANIPUR,KAKCHING,-0.11909265667051534,0.08882737408688966,0.11374086889657738,0.13588619761630563,-614.9278734728045,-0.0015672083598923666,-0.16633602460592078,0.22145328719723184,394750
273,17,MEGHALAYA,EAST GARO HILLS,-0.006806780256002964,0.11909265667052393,0.1358861976163085,0.159999999999999,140342.51249288343,0.07170907047984802,-0.13016532103037293,0.2599000384467512,1961933
274,17,MEGHALAYA,EAST KHASI HILLS,-0.041584006151481,0.14173010380623113,0.15378700499806872,0.16633602460592506,247709.3607944636,0.07051439591721056,-0.16000000000000003,0.2679584775086506,3519450
657,17,MEGHALAYA,EAST JAINTIA HILLS,-0.015747789311802856,0.16000000000000303,0.17937716262979964,0.1929104190695959,220811.69994020107,0.08886941295390172,-0.13016532103037293,0.2761399461745483,2489782
277,17,MEGHALAYA,SOUTH GARO HILLS,-0.013840830449826945,0.14173010380624168,0.15378700499806344,0.17279507881584935,198549.58967833658,0.08762248862385572,-0.12456747404844293,0.2599000384467512,2271292
278,17,MEGHALAYA,WEST GARO HILLS,-0.04158400615148093,0.10851211072666436,0.12456747404846209,0.13588619761629922,200359.53479059812,0.06086718552259376,-0.13016532103037293,0.22145328719723184,3298747
279,17,MEGHALAYA,WEST KHASI HILLS,-0.024605920799692784,0.11909265667053211,0.1358861976163289,0.15378700499808634,323595.8055398663,0.06670306447335926,-0.13588619761630144,0.2599000384467512,4859806
276,17,MEGHALAYA,RI-BHOI,-0.02712802768166171,0.11374086889658828,0.12456747404846502,0.14173010380621928,190483.6525934017,0.06478325364294943,-0.14769703960015382,0.24415224913494812,2948155
658,17,MEGHALAYA,SOUTH WEST KHASI HILLS,-0.029773164167628628,0.13588619761632328,0.14769703960016878,0.1663360246059248,113996.55572293553,0.07071047527106272,-0.11909265667051133,0.2599000384467512,1617098
663,17,MEGHALAYA,SOUTH WEST GARO HILLS,-0.06299115724721138,0.10851211072665458,0.11909265667051584,0.13016532103036896,51441.14591534401,0.04972870481265048,-0.13016532103037293,0.22145328719723184,1037207
656,17,MEGHALAYA,NORTH GARO HILLS,-0.02977316416762847,0.1085121107266633,0.12456747404845997,0.13588619761629686,102588.88320197971,0.06630144285374664,-0.12456747404844293,0.22145328719723184,1552862
275,17,MEGHALAYA,WEST JAINTIA HILLS,-0.02712802768166171,0.13016532103036738,0.14173010380623693,0.16000000000000447,154137.11469539488,0.06932973522174037,-0.14769703960015382,0.2519646289888504,2229213
262,15,MIZORAM,CHAMPHAI,-0.006801415910408659,0.1476970396001683,0.16633602460589905,0.17937716262977305,383159.88572109054,0.0925322316080143,-0.14769703960015382,0.2679584775086506,4148573
267,15,MIZORAM,SAIHA,0.0026494906504894314,0.15378700499806394,0.17279507881585013,0.18608227604769365,173823.77211098117,0.09414096363889676,-0.16000000000000003,0.2761399461745483,1851831
264,15,MIZORAM,LAWNGTLAI,-0.00885813148788913,0.1301653210303585,0.14769703960016642,0.1727950788158485,218334.5391553931,0.07450417628712594,-0.16000000000000003,0.3014225297962323,2939881
268,15,MIZORAM,SERCHHIP,-0.013840830449826914,0.13588619761632764,0.15378700499808748,0.16633602460592486,138268.93098742017,0.07870866286688694,-0.14769703960015382,0.2599000384467512,1762727
263,15,MIZORAM,KOLASIB,-0.01574778931180291,0.1137408688965854,0.13016532103037395,0.14769703960015293,118250.3333731191,0.06484336747746919,-0.16633602460592078,0.2679584775086506,1828823
266,15,MIZORAM,MAMIT,-0.0026416647203974224,0.12456747404847263,0.14173010380620954,0.1599999999999994,276210.9159421008,0.07384012790670386,-0.13588619761630144,0.28444444444444444,3748513
265,15,MIZORAM,LUNGLEI,-9.122615065558004E-4,0.1301653210303398,0.14769703960017164,0.16633602460592495,411569.08377771,0.07482333694195498,-0.13588619761630144,0.28444444444444444,5509505
261,15,MIZORAM,AIZAWL,-0.004478874568798067,0.13016532103034723,0.1476970396001682,0.15999999999999776,298607.47966616205,0.07679824712920862,-0.14769703960015382,0.2761399461745483,3898664
613,13,NAGALAND,PAREN,-0.06299115724721166,0.14769703960017433,0.16000000000001763,0.17937716262976047,181796.35293312906,0.08047700113799311,-0.19986159169550174,0.2679584775086506,2264628
248,13,NAGALAND,PHEK,-0.013840830449826775,0.14769703960017688,0.1663360246058986,0.17937716262977513,211588.8829556222,0.09130489835731162,-0.14173010380622836,0.2761399461745483,2323275
250,13,NAGALAND,WOKHA,-0.017777777777777476,0.13016532103034437,0.14173010380623868,0.16000000000000988,156738.9046967404,0.07841361889608951,-0.17279507881584008,0.24415224913494812,2003896
244,13,NAGALAND,DIMAPUR,-0.10340638216070498,0.119092656670512,0.1417301038062363,0.1600000000000033,40188.20759485189,0.04252792755978069,-0.16633602460592078,0.2599000384467512,949846
245,13,NAGALAND,KOHIMA,-0.004471400910735975,0.13016532103035564,0.14769703960016586,0.16000000000000383,133537.05370431635,0.08200077524852013,-0.14769703960015382,0.24415224913494812,1632851
614,13,NAGALAND,KIPHIRE,-0.01993079584775131,0.14769703960016936,0.16000000000000356,0.17279507881584855,122224.54641019009,0.08726664653318308,-0.13588619761630144,0.2679584775086506,1404480
251,13,NAGALAND,ZUNHEBOTO,-0.010396001537870202,0.1358861976163495,0.15378700499808137,0.16633602460592478,166081.00604906603,0.08495198293993218,-0.12456747404844293,0.2519646289888504,1960862
246,13,NAGALAND,MOKOKCHUNG,-0.010396001537870124,0.1358861976163284,0.1537870049980612,0.16633602460592467,175127.56790723704,0.0875924828577521,-0.14769703960015382,0.2519646289888504,2005010
247,13,NAGALAND,MON,-0.029773164167628572,0.13016532103034045,0.14769703960017114,0.16000000000000955,189426.97347304403,0.06969121779243068,-0.13016532103037293,0.2519646289888504,2724066
249,13,NAGALAND,TUENSANG,-0.017777777777777736,0.14769703960017716,0.16000000000001216,0.17279507881585007,227976.78792509722,0.0859848084411658,-0.13588619761630144,0.2519646289888504,2656787
615,13,NAGALAND,LONGLENG,-0.019930795847751145,0.13588619761632512,0.1537870049980872,0.1663360246059249,56567.59188933004,0.07741414033331544,-0.12456747404844293,0.2679584775086506,734358
344,21,ODISHA,ANUGUL,-0.07535563244905122,0.07972318339101762,0.09356401384083773,0.11374086889659632,108981.80573538302,0.014297181614173161,-0.14769703960015382,0.2519646289888504,7634552
345,21,ODISHA,BOLANGIR (BALANGIR),-0.07972318339101062,0.05173394848134624,0.0711111111111183,0.08882737408688583,-46109.8984235192,-0.005902291436013346,-0.16633602460592078,0.22145328719723184,7823364
346,21,ODISHA,BALASORE (BALESHWAR),-0.07972318339101407,0.06299115724721115,0.08421376393694718,0.10340638216070427,-40785.66573377341,-0.00914335239757186,-0.16633602460592078,0.2519646289888504,4471001
347,21,ODISHA,BARAGARH,-0.07535563244904922,0.0591157247212519,0.0753556324490454,0.09842368319877086,-18956.35049766105,-0.0027110198863059902,-0.15378700499807765,0.2364628988850442,7004326
348,21,ODISHA,BHADRAK,-0.07535563244904836,0.03844675124952085,0.06698961937716416,0.09356401384082753,-55791.63511805356,-0.018626150266989,-0.12456747404844293,0.2288965782391388,3001803
350,21,ODISHA,CUTTACK,-0.08882737408688236,0.05173394848134795,0.07535563244905541,0.11374086889657739,-36071.46110766067,-0.007850192717271887,-0.17279507881584008,0.2679584775086506,4607070
351,21,ODISHA,DEOGARH,-0.07972318339100977,0.08421376393695867,0.09842368319876137,0.11374086889657396,50812.76329230309,0.0143288816324163,-0.16000000000000003,0.2288965782391388,3554240
352,21,ODISHA,DHENKANAL,-0.07535563244904997,0.06698961937717213,0.08421376393695681,0.10340638216071701,40407.9088492847,0.0075847170956228034,-0.17279507881584008,0.24415224913494812,5335603
353,21,ODISHA,GAJAPATI,-0.10340638216071131,0.05536332179930652,0.07111111111111912,0.08421376393695076,10566.516399548196,0.002161789261134853,-0.2288965782391388,0.2288965782391388,4897594
354,21,ODISHA,GANJAM,-0.10340638216071675,0.041584006151475325,0.059115724721255675,0.07972318339101059,-197556.68632798892,-0.01985087842792044,-0.1929104190695886,0.2364628988850442,9965454
355,21,ODISHA,JAGATSINGHPUR,-0.0842137639369454,0.03844675124952087,0.06299115724721129,0.0935640138408314,-37097.74399238792,-0.017982538394372603,-0.17937716262975778,0.22145328719723184,2068255
356,21,ODISHA,JAJAPUR,-0.07972318339100908,0.05536332179930685,0.07972318339100762,0.11374086889657638,-32256.663254813495,-0.009315449672597252,-0.15378700499807765,0.24415224913494812,3471072
357,21,ODISHA,JHARSUGUDA,-0.06698961937716366,0.08882737408687964,0.10851211072665463,0.13016532103037265,48113.49727342575,0.019307824877905198,-0.13016532103037293,0.24415224913494812,2499034
358,21,ODISHA,KALAHANDI,-0.0753556324490474,0.06698961937717342,0.0842137639369576,0.10340638216071565,72395.39667624311,0.007717842360875834,-0.186082276047674,0.2599000384467512,9392589
359,21,ODISHA,KANDHAMAL,-0.07535563244905281,0.09356401384086895,0.10851211072666174,0.12456747404845847,334398.5650480942,0.035053390893155595,-0.17279507881584008,0.2599000384467512,9552404
360,21,ODISHA,KENDRAPARHA,-0.08882737408688593,0.051733948481350926,0.07972318339101189,0.09842368319876678,-69226.41176718714,-0.022922094093284263,-0.17279507881584008,0.21413302575932336,3027614
361,21,ODISHA,KEONJHAR (KENDUJHAR),-0.09356401384082892,0.09356401384086138,0.1085121107266618,0.1301653210303592,159136.41832568997,0.015966140945879427,-0.17279507881584008,0.2599000384467512,9980176
362,21,ODISHA,KHORDHA,-0.07535563244905048,0.05911572472126461,0.09356401384082819,0.1476970396001552,-7529.0490664435265,-0.0021983388234983886,-0.15378700499807765,0.2679584775086506,3436743
363,21,ODISHA,KORAPUT,-0.08882737408688522,0.06299115724721371,0.07972318339101486,0.09842368319876929,39622.26068102814,0.004001967933967311,-0.17937716262975778,0.24415224913494812,9916232
364,21,ODISHA,MALKANGIRI,-0.07111111111111709,0.07972318339101787,0.0935640138408322,0.10851211072664624,103702.2552028519,0.015247141750218452,-0.16633602460592078,0.2519646289888504,6811277
365,21,ODISHA,MAYURBHANJ,-0.07972318339101338,0.11374086889655513,0.1358861976162878,0.15378700499801978,282656.7170293038,0.022561776762167578,-0.16633602460592078,0.2599000384467512,12543165
366,21,ODISHA,NABARANGAPUR,-0.11909265667052331,0.05173394848134851,0.07535563244904978,0.09356401384082401,-196196.40685439936,-0.030341883258138354,-0.1929104190695886,0.22145328719723184,6477055
367,21,ODISHA,NAYAGARH,-0.08421376393694643,0.05536332179930424,0.0711111111111179,0.08421376393695071,-10487.238943444474,-0.002261003458897394,-0.17279507881584008,0.24415224913494812,4646759
368,21,ODISHA,NUAPARHA,-0.07972318339101177,0.07972318339101753,0.09842368319875358,0.11374086889659166,24616.43320579151,0.005369701137882248,-0.15378700499807765,0.2288965782391388,4592599
369,21,ODISHA,PURI,-0.07535563244905558,0.04822760476738676,0.06698961937716914,0.09356401384082723,-5340.1871772319155,-0.0012951462782199272,-0.16000000000000003,0.2364628988850442,4132506
370,21,ODISHA,RAYAGARHA,-0.07111111111111547,0.07111111111111978,0.08421376393695888,0.10340638216071449,153895.23364855174,0.017704412547147174,-0.17279507881584008,0.2599000384467512,8707900
371,21,ODISHA,SAMBALPUR,-0.07535563244905534,0.09842368319874027,0.11374086889658859,0.1301653210303658,237566.13906391917,0.029773428730170484,-0.14769703960015382,0.2519646289888504,7991881
372,21,ODISHA,SUBARNAPUR,-0.07972318339101102,0.05173394848134863,0.0753556324490498,0.09842368319876453,-27377.03159916774,-0.0096939490239449,-0.13588619761630144,0.2069357939254133,2830803
373,21,ODISHA,SUNDARGARH,-0.07535563244904821,0.10851211072666468,0.1245674740484694,0.13588619761631987,404419.8709055675,0.034518172656811605,-0.15378700499807765,0.2519646289888504,11732129
349,21,ODISHA,BAUDH (BAUDA),-0.07972318339100772,0.07535563244904808,0.08882737408688728,0.10340638216071234,23826.440383865902,0.006436386027834295,-0.14769703960015382,0.2069357939254133,3710015
598,34,PUDUCHERRY,KARAIKAL,-0.07972318339100327,0.0553633217993067,0.07535563244905905,0.09842368319876896,47.10768340986294,2.60265897198144E-4,-0.16633602460592078,0.19986159169550174,183071
599,34,PUDUCHERRY,MAHE,-0.02220684352172241,0.13588619761630133,0.1476970396001536,0.16000000000000014,908.0351126490074,0.08947309891526539,-0.15378700499807765,0.2288965782391388,10600
600,34,PUDUCHERRY,PUDUCHERRY,-0.11374086889657971,0.10340638216070762,0.13588619761630574,0.16633602460592342,-2339.219612846922,-0.006864328002012602,-0.19986159169550174,0.2288965782391388,347013
601,34,PUDUCHERRY,YANAM,-0.04822760476739713,0.07972318339100327,0.10340638216070742,0.13588619761630133,966.3764654016796,0.021905759938327943,-0.1085121107266436,0.22145328719723184,44886
027,03,PUNJAB,AMRITSAR,-0.07972318339101181,0.0415840061514811,0.08421376393695074,0.13016532103037562,-70633.14777933159,-0.020133079973271063,-0.14769703960015382,0.2599000384467512,3515937
605,03,PUNJAB,BARNALA,-0.06299115724721117,0.017777777777778534,0.06299115724721145,0.10340638216070462,-44123.14331166552,-0.023964102370988984,-0.16000000000000003,0.2288965782391388,1846179
028,03,PUNJAB,BATHINDA,-0.06299115724721738,0.04822760476739699,0.0753556324490531,0.11374086889657595,-47990.48011255909,-0.011016116274060883,-0.12456747404844293,0.2519646289888504,4365070
029,03,PUNJAB,FARIDKOT,-0.07111111111111608,0.02460592079969305,0.06698961937716189,0.10851211072664708,-48661.2636417463,-0.025717076369972457,-0.14173010380622836,0.2599000384467512,1896994
030,03,PUNJAB,FATEHGARH SAHIB,-0.07535563244905275,0.024605920799692236,0.06299115724721134,0.09842368319876779,-36050.27449637363,-0.024169632561190636,-0.13588619761630144,0.2364628988850442,1496589
651,03,PUNJAB,FAZILKA,-0.06299115724722021,0.0797231833910036,0.0984236831987526,0.11909265667051694,29383.764974040852,0.00791440202200832,-0.13016532103037293,0.2519646289888504,3719961
031,03,PUNJAB,FIROZPUR,-0.07972318339101478,0.017777777777778014,0.055363321799308,0.09842368319877101,-106180.40493224145,-0.03446071267789838,-0.14769703960015382,0.2599000384467512,3088898
032,03,PUNJAB,GURDASPUR,-0.07111111111111841,0.029773164167627975,0.0629911572472113,0.1137408688965778,-66049.6656224685,-0.01932417078144367,-0.13016532103037293,0.2599000384467512,3424574
033,03,PUNJAB,HOSHIARPUR,-0.07111111111111573,0.06299115724721113,0.08421376393695026,0.11374086889657563,29951.315340533652,0.0067649484018342,-0.14769703960015382,0.2519646289888504,4436125
034,03,PUNJAB,JALANDHAR,-0.08421376393695487,0.04158400615148116,0.07972318339100555,0.12456747404843982,-71385.76537545142,-0.020753672800643504,-0.14769703960015382,0.2599000384467512,3448570
035,03,PUNJAB,KAPURTHALA,-0.08421376393695196,0.02220684352172238,0.05173394848135402,0.09356401384083038,-63540.772759134496,-0.02983671630084228,-0.14769703960015382,0.24415224913494812,2138434
036,03,PUNJAB,LUDHIANA,-0.07535563244904887,0.05536332179930455,0.09842368319877427,0.1358861976162994,-70469.68537162343,-0.014715290371855977,-0.15378700499807765,0.2679584775086506,4796983
037,03,PUNJAB,MANSA,-0.0629911572472279,0.029773164167628065,0.05536332179931003,0.09356401384082845,-39892.22263242527,-0.014281579328086795,-0.13588619761630144,0.2364628988850442,2800307
038,03,PUNJAB,MOGA,-0.0797231833910126,0.010396001537870224,0.059115724721263335,0.10340638216070536,-98659.65718429165,-0.03379823168387581,-0.14173010380622836,0.24415224913494812,2925171
039,03,PUNJAB,SRI MUKTSAR SAHIB,-0.06698961937717275,0.02712802768166014,0.06299115724721123,0.09842368319877118,-75090.95144992424,-0.022021632811502,-0.13588619761630144,0.24415224913494812,3417177
040,03,PUNJAB,SHAHID BHAGAT SINGH NAGAR,-0.07972318339100978,0.04822760476740101,0.07111111111111577,0.0984236831987711,-23124.369595680888,-0.014052534314471541,-0.14173010380622836,0.2519646289888504,1650822
662,03,PUNJAB,PATHANKOT,-0.04822760476739431,0.07111111111111712,0.09842368319876899,0.1358861976163063,22289.546911766753,0.017800987663200908,-0.12456747404844293,0.2599000384467512,1257220
041,03,PUNJAB,PATIALA,-0.06299115724721119,0.03844675124952037,0.07535563244905517,0.11374086889657621,-57770.816982790195,-0.013495195508292267,-0.13588619761630144,0.2519646289888504,4293984
042,03,PUNJAB,RUPNAGAR,-0.059115724721264765,0.06299115724721117,0.08421376393694519,0.10851211072664695,16702.431462534605,0.009335751366426644,-0.13016532103037293,0.2599000384467512,1795740
043,03,PUNJAB,SANGRUR,-0.06299115724721112,0.01574778931180282,0.05173394848135312,0.08882737408688966,-112249.25964383817,-0.024120830745992805,-0.13588619761630144,0.24415224913494812,4664151
608,03,PUNJAB,SAS NAGAR (SAHIBZADA AJIT SINGH NAGAR),-0.048227604767394246,0.08421376393694577,0.10851211072664138,0.14173010380622986,25658.287182086548,0.01811114269543915,-0.11909265667051133,0.2599000384467512,1423227
609,03,PUNJAB,TARN TARAN,-0.07972318339101497,0.006817833872313873,0.04484429065743829,0.09356401384083002,-110064.35470806445,-0.03492198630018098,-0.14769703960015382,0.2288965782391388,3158113
086,08,RAJASTHAN,AJMER,-0.035432525951558984,0.08421376393696561,0.09842368319875908,0.12456747404844604,371681.6529601425,0.03526063028459299,-0.11909265667051133,0.2599000384467512,10557272
087,08,RAJASTHAN,ALWAR,-0.022206843521721267,0.09842368319878096,0.11374086889657499,0.14173010380623577,614647.5915128465,0.058268033699630344,-0.11374086889657825,0.2679584775086506,10566667
088,08,RAJASTHAN,BANSWARA,-0.06698961937716402,0.051733948481344896,0.05911572472125718,0.07535563244905324,38527.81531425558,0.007019508362952727,-0.16000000000000003,0.21413302575932336,5496965
089,08,RAJASTHAN,BARAN,-0.048227604767396674,0.09356401384083601,0.10340638216073793,0.11374086889657636,375701.14824471646,0.043626932505590854,-0.12456747404844293,0.2679584775086506,8624299
090,08,RAJASTHAN,BARMER,0.006860139688061819,0.10851211072663583,0.12456747404847311,0.14173010380625853,2430262.928328639,0.06911522241457088,-0.09842368319876971,0.2679584775086506,35184293
091,08,RAJASTHAN,BHARATPUR,-0.02220684352172151,0.10340638216074573,0.11374086889657771,0.13588619761629755,439065.8704800788,0.0691492380747229,-0.11909265667051133,0.2599000384467512,6364210
092,08,RAJASTHAN,BHILWARA,-0.048227604767395627,0.071111111111108,0.08421376393695898,0.10851211072664281,318553.23696621804,0.024574481626154016,-0.16000000000000003,0.2519646289888504,12977374
093,08,RAJASTHAN,BIKANER,0.017777777777779037,0.1245674740484766,0.13588619761631637,0.15378700499804057,3183006.20005467,0.08316172069590408,-0.07972318339100345,0.2679584775086506,38299184
094,08,RAJASTHAN,BUNDI,-0.05173394848134793,0.08882737408687338,0.10340638216073261,0.11909265667051543,277643.5712154318,0.03888050640326248,-0.14769703960015382,0.24415224913494812,7150747
095,08,RAJASTHAN,CHITTAURGARH,-0.059115724721262745,0.07111111111111332,0.08421376393695895,0.10340638216070717,219536.40298069877,0.022847019609552478,-0.16000000000000003,0.2599000384467512,9628634
096,08,RAJASTHAN,CHURU,0.004506758309496148,0.10340638216074141,0.11374086889656858,0.13016532103034603,1106030.1871700126,0.06302145635961653,-0.09356401384083046,0.24415224913494812,17570047
097,08,RAJASTHAN,DAUSA,-0.01993079584775102,0.10340638216073439,0.11374086889659228,0.13588619761629842,241502.70727567887,0.05652736408768346,-0.10340638216070744,0.2599000384467512,4282491
098,08,RAJASTHAN,DHAULPUR,-0.059115724721264806,0.08421376393696965,0.09356401384085107,0.10851211072664317,141025.4612444303,0.03722584749488983,-0.13016532103037293,0.2364628988850442,3796325
099,08,RAJASTHAN,DUNGARPUR,-0.07111111111111466,0.04822760476739472,0.05911572472125891,0.07535563244905577,18452.707945137423,0.004014278246900166,-0.15378700499807765,0.24415224913494812,4604348
101,08,RAJASTHAN,HANUMANGARH,-0.029773164167629138,0.11374086889656214,0.12456747404847188,0.135886197616326,849160.0830339225,0.0684218986094193,-0.11909265667051133,0.2519646289888504,12428490
102,08,RAJASTHAN,JAIPUR,-0.022206843521721215,0.10851211072666168,0.13588619761631804,0.1727950788158492,773756.1811249866,0.055497377742898986,-0.12456747404844293,0.2679584775086506,13958482
103,08,RAJASTHAN,JAISALMER,0.02712802768166333,0.14769703960001535,0.1599999999999379,0.1727950788158281,4840216.18160597,0.10047980369585108,-0.05911572472126105,0.28444444444444444,48195167
104,08,RAJASTHAN,JALOR,-0.02712802768166192,0.07535563244906279,0.08882737408687953,0.10340638216071275,472528.72258893267,0.0360296755031986,-0.14173010380622836,0.2519646289888504,13130168
105,08,RAJASTHAN,JHALAWAR,-0.05173394848135112,0.08882737408687424,0.09842368319876313,0.10851211072664425,336806.62722405326,0.043345587134645355,-0.16000000000000003,0.2519646289888504,7785147
106,08,RAJASTHAN,JHUNJHUNUN,-0.02220684352172125,0.08421376393697007,0.0984236831987682,0.11909265667050778,326076.31662439357,0.0435367907270026,-0.09356401384083046,0.2599000384467512,7500078
107,08,RAJASTHAN,JODHPUR,-0.013840830449826166,0.09842368319876106,0.11374086889657424,0.1301653210303542,1568694.0702156706,0.05536451040405406,-0.10340638216070744,0.2679584775086506,28354930
108,08,RAJASTHAN,KARAULI,-0.05173394848134859,0.09842368319879237,0.10851211072662431,0.11909265667052572,258184.34122110624,0.04127592291573731,-0.13016532103037293,0.24415224913494812,6265890
100,08,RAJASTHAN,GANGANAGAR,0.017777777777778794,0.1245674740484787,0.13588619761633564,0.1537870049980793,1169008.4110387543,0.08356593568001436,-0.09356401384083046,0.2599000384467512,14004924
109,08,RAJASTHAN,KOTA,-0.044844290657444774,0.0888273740868796,0.10340638216071903,0.13016532103037068,279483.39414111857,0.044557141275423366,-0.14173010380622836,0.2599000384467512,6284796
110,08,RAJASTHAN,NAGAUR,-0.035432525951557214,0.07535563244905423,0.0888273740868826,0.10340638216072198,678645.7318235367,0.030419351412292347,-0.12456747404844293,0.2519646289888504,22328531
111,08,RAJASTHAN,PALI,-0.04484429065744487,0.07535563244905602,0.08882737408687989,0.10851211072664792,386505.17916076333,0.025198962993299656,-0.13016532103037293,0.2519646289888504,15355856
629,08,RAJASTHAN,PRATAPGARH,-0.05911572472126483,0.07111111111108968,0.07972318339099858,0.08882737408687548,122713.46275345582,0.022620386897022227,-0.16000000000000003,0.24415224913494812,5433909
112,08,RAJASTHAN,RAJ SAMAND,-0.03844675124952067,0.07535563244905577,0.08882737408688626,0.10851211072664374,164819.9710527973,0.028865493080310372,-0.12456747404844293,0.24415224913494812,5723908
113,08,RAJASTHAN,SAWAI MADHOPUR,-0.029773164167627455,0.10851211072664552,0.11909265667052972,0.13588619761629808,417430.7799433973,0.06678767175993289,-0.11374086889657825,0.24415224913494812,6261504
114,08,RAJASTHAN,SIKAR,-0.024605920799691913,0.08421376393696704,0.09842368319876751,0.12456747404844339,405413.5083712751,0.041653720835362056,-0.11374086889657825,0.2679584775086506,9747199
115,08,RAJASTHAN,SIROHI,-0.044844290657437794,0.07535563244906392,0.08882737408687981,0.10340638216071131,186803.85809565964,0.02959347912798899,-0.16633602460592078,0.2519646289888504,6321547
116,08,RAJASTHAN,TONK,-0.01993079584775105,0.10340638216074628,0.11374086889659084,0.1301653210303684,575935.6571111163,0.06438422583482138,-0.12456747404844293,0.2599000384467512,8958642
117,08,RAJASTHAN,UDAIPUR,-0.05173394848135006,0.06698961937717604,0.07972318339101674,0.09842368319876929,332937.21644630417,0.023191983657021596,-0.14769703960015382,0.2679584775086506,14373207
225,11,SIKKIM,EAST,-0.04822760476739498,0.13016532103034284,0.14173010380622073,0.153787004998087,76011.09157925466,0.06454658765133738,-0.14769703960015382,0.2288965782391388,1180616
226,11,SIKKIM,NORTH,-0.14769703960017,0.07535563244907867,0.0935640138408621,0.11374086889659184,-158560.33837372,-0.029757640769759803,-0.21413302575932336,0.2069357939254133,5335204
227,11,SIKKIM,SOUTH,-0.06299115724721176,0.12456747404846705,0.1358861976163199,0.15378700499808337,57302.28483170529,0.06233466979306134,-0.16633602460592078,0.2519646289888504,922577
228,11,SIKKIM,WEST,-0.09842368319876467,0.11909265667053531,0.13016532103033074,0.14769703960017086,66493.87331214879,0.0440647351243289,-0.17937716262975778,0.2519646289888504,1512801
610,33,TAMIL NADU,ARIYALUR,-0.08882737408688447,0.04484429065744825,0.059115724721265014,0.0797231833910036,-10866.306382910047,-0.004927957177734005,-0.17279507881584008,0.2364628988850442,2209715
730,33,TAMIL NADU,CHENGALPATTU,-0.10340638216070883,0.0629911572472112,0.10340638216071278,0.14173010380623363,-26536.25673071952,-0.008508446994341456,-0.21413302575932336,0.2364628988850442,3125557
568,33,TAMIL NADU,CHENNAI,-0.06299115724721178,0.1663360246059251,0.17937716262975067,0.1929104190695807,31616.78218217181,0.08248292558221985,-0.15378700499807765,0.2364628988850442,385506
569,33,TAMIL NADU,COIMBATORE,-0.06299115724721122,0.10340638216072995,0.12456747404845499,0.1417301038062378,206631.94395776762,0.03845303985591993,-0.17937716262975778,0.2761399461745483,5383851
570,33,TAMIL NADU,CUDDALORE,-0.09842368319876697,0.04158400615147874,0.06698961937716603,0.09842368319877035,-67798.46634051423,-0.016051602015068694,-0.2069357939254133,0.2288965782391388,4233341
571,33,TAMIL NADU,DHARMAPURI,-0.05911572472126447,0.07535563244905352,0.08882737408688517,0.1085121107266408,128239.68058376874,0.02494559155817591,-0.16633602460592078,0.2364628988850442,5150772
572,33,TAMIL NADU,DINDIGUL,-0.07535563244905182,0.07972318339101662,0.10340638216072297,0.13588619761633072,99351.7792704482,0.014441499048212738,-0.19986159169550174,0.24415224913494812,6891183
573,33,TAMIL NADU,ERODE,-0.0669896193771658,0.0888273740868896,0.10340638216072477,0.12456747404844751,189009.84735089255,0.03242408973016048,-0.186082276047674,0.2364628988850442,5843263
574,33,TAMIL NADU,KANCHIPURAM,-0.09356401384082517,0.06299115724721123,0.10340638216070441,0.14173010380623466,-13621.627909868013,-0.006802576435022753,-0.17937716262975778,0.2519646289888504,2010389
729,33,TAMIL NADU,KALLAKKURICHI,-0.0888273740868879,0.04484429065744813,0.06698961937716799,0.09356401384082728,-41929.29856860345,-0.010394547538973084,-0.19986159169550174,0.2288965782391388,4041352
575,33,TAMIL NADU,KANYAKUMARI,-0.059115724721263314,0.12456747404846373,0.1476970396001647,0.17279507881584907,91727.6515036269,0.048341216810041304,-0.2069357939254133,0.2761399461745483,1902020
576,33,TAMIL NADU,KARUR,-0.10340638216072329,0.04822760476739836,0.0711111111111148,0.1034063821607055,-48637.109791661474,-0.014714597306906949,-0.186082276047674,0.2288965782391388,3313874
578,33,TAMIL NADU,MADURAI,-0.08882737408688327,0.06299115724721115,0.08882737408688127,0.11909265667050885,808.7021579327129,1.9220447035082184E-4,-0.186082276047674,0.2288965782391388,4217505
587,33,TAMIL NADU,NILGIRIS,-0.022206843521722416,0.10851211072665999,0.12456747404846184,0.14173010380622644,154748.58713795556,0.05580756524747779,-0.16000000000000003,0.2519646289888504,2779224
579,33,TAMIL NADU,NAGAPATTINAM,-0.08882737408688539,0.05173394848134728,0.06698961937716635,0.0842137639369491,-12436.683777109563,-0.004257892094429866,-0.17937716262975778,0.21413302575932336,2930267
580,33,TAMIL NADU,NAMAKKAL,-0.08421376393694995,0.07535563244905245,0.09356401384082502,0.1190926566705135,38257.379472338995,0.009815137538489586,-0.17937716262975778,0.2288965782391388,3905479
581,33,TAMIL NADU,PERAMBALUR,-0.07111111111111547,0.03844675124952189,0.059115724721264445,0.0888273740868893,-10225.152926818133,-0.005107792695061195,-0.17279507881584008,0.22145328719723184,2007167
582,33,TAMIL NADU,PUDUKKOTTAI,-0.09842368319877194,0.029773164167630855,0.04822760476739833,0.07535563244905946,-130709.37759860762,-0.024718319871359376,-0.19986159169550174,0.2288965782391388,5299699
583,33,TAMIL NADU,RAMANATHAPURAM,-0.0935640138408258,0.051733948481347464,0.07111111111111686,0.09356401384082508,-19753.758443796145,-0.004242563537610627,-0.22145328719723184,0.21413302575932336,4668989
731,33,TAMIL NADU,RANIPPETTAI,-0.09842368319876493,0.03543252595155582,0.0553633217993062,0.08882737408688934,-36602.95519257588,-0.017251098718488334,-0.19986159169550174,0.2288965782391388,2128423
584,33,TAMIL NADU,SALEM,-0.0629911572472112,0.084213763936959,0.10340638216071435,0.13588619761629844,177697.0424417977,0.02592249219494136,-0.17937716262975778,0.2679584775086506,6871944
585,33,TAMIL NADU,SIVAGANGA,-0.10851211072665128,0.027128027681661532,0.048227604767394246,0.07535563244905953,-123237.72700194716,-0.025597049960392717,-0.21413302575932336,0.22145328719723184,4827074
588,33,TAMIL NADU,TENI,-0.08882737408688475,0.08882737408687684,0.10851211072665452,0.13016532103036985,79086.086037589,0.024304543586091576,-0.2288965782391388,0.24415224913494812,3260399
733,33,TAMIL NADU,TENKASI,-0.05536332179930855,0.09842368319876359,0.1190926566705167,0.14769703960015115,118508.37035577373,0.03724787095949134,-0.16000000000000003,0.2761399461745483,3188221
586,33,TAMIL NADU,THANJAVUR,-0.08882737408688342,0.04158400615147912,0.059115724721263356,0.07972318339100506,-51036.35815198958,-0.01309456645074847,-0.17937716262975778,0.2364628988850442,3908681
590,33,TAMIL NADU,THIRUVARUR,-0.07972318339100917,0.03543252595155142,0.04822760476740222,0.06698961937716114,-29692.343598065985,-0.011525433853603594,-0.17937716262975778,0.21413302575932336,2584269
591,33,TAMIL NADU,TIRUCHIRAPALLI,-0.09356401384082394,0.05173394848134776,0.07535563244905313,0.1034063821607059,-33646.740188224016,-0.006575616120427887,-0.1929104190695886,0.2364628988850442,5131417
592,33,TAMIL NADU,TIRUNELVELI,-0.07972318339101007,0.108512110726658,0.1301653210303622,0.15378700499808384,143120.85351077648,0.03259852148928569,-0.2288965782391388,0.2599000384467512,4398780
634,33,TAMIL NADU,TIRUPPUR,-0.05911572472126415,0.08882737408687347,0.10851211072665626,0.13016532103037273,156033.32503384308,0.026376487246885714,-0.186082276047674,0.24415224913494812,5928070
732,33,TAMIL NADU,TIRUPPATTUR,-0.051733948481353514,0.0797231833910162,0.09842368319877161,0.1245674740484383,70245.36773988722,0.02898365185383546,-0.14173010380622836,0.2519646289888504,2429659
589,33,TAMIL NADU,TIRUVALLUR,-0.0935640138408235,0.055363321799306114,0.08882737408688282,0.12456747404844618,-44921.504081077896,-0.012112320916777974,-0.21413302575932336,0.2364628988850442,3721243
593,33,TAMIL NADU,TIRUVANNAMALAI,-0.07972318339101117,0.05536332179930222,0.07535563244904758,0.09356401384082445,6513.8182584109145,9.209473343112903E-4,-0.1929104190695886,0.2364628988850442,7086228
594,33,TAMIL NADU,TUTICORIN,-0.07972318339100867,0.09356401384085167,0.11374086889658207,0.14173010380621406,155677.32357589883,0.029022133968505594,-0.2364628988850442,0.2599000384467512,5373009
595,33,TAMIL NADU,VELLORE,-0.0711111111111136,0.07111111111111923,0.08882737408688775,0.11374086889657517,43612.51826874357,0.018041265237181293,-0.16633602460592078,0.24415224913494812,2425418
596,33,TAMIL NADU,VILLUPURAM,-0.10340638216071159,0.03543252595155652,0.05911572472126428,0.09356401384082816,-89701.71276196801,-0.021428647729494057,-0.2364628988850442,0.2364628988850442,4197052
597,33,TAMIL NADU,VIRUDHUNAGAR,-0.10340638216073535,0.07535563244904538,0.09842368319876857,0.1245674740484395,22078.772578073895,0.004593875359864377,-0.19986159169550174,0.2519646289888504,4816093
577,33,TAMIL NADU,KRISHNAGIRI,-0.06299115724721124,0.07972318339101757,0.09842368319876715,0.11909265667051304,150191.71832586112,0.02554706437408193,-0.17937716262975778,0.2599000384467512,5891097
501,36,TELANGANA,ADILABAD,-0.06299115724721123,0.05173394848134541,0.06698961937716982,0.08421376393694842,49302.53937736442,0.0104104427210798,-0.14769703960015382,0.22145328719723184,4743469
507,36,TELANGANA,HYDERABAD,-0.013840830449827105,0.21413302575933502,0.22145328719722762,0.2288965782391589,30989.166287343985,0.13826854632178578,-0.07972318339100345,0.28444444444444444,225991
508,36,TELANGANA,KARIMNAGAR,-0.06299115724721135,0.04822760476739688,0.06698961937716486,0.10340638216070572,15213.910685465868,0.006449873206120065,-0.14769703960015382,0.2288965782391388,2364683
690,36,TELANGANA,BHADRADRI KOTHAGUDEM,-0.09356401384083314,0.06698961937717425,0.08421376393695923,0.09842368319876021,66396.48145169557,0.008197068886061231,-0.1929104190695886,0.2599000384467512,8112200
512,36,TELANGANA,MAHABUBNAGAR,-0.09356401384082419,0.04158400615147732,0.05911572472125638,0.08421376393694584,-47013.65826365391,-0.014379433691227126,-0.1929104190695886,0.2288965782391388,3277821
692,36,TELANGANA,SIDDIPET,-0.08882737408688139,0.038446751249521745,0.055363321799306725,0.07535563244905732,-49374.60422698869,-0.011339287363489554,-0.186082276047674,0.2364628988850442,4362172
514,36,TELANGANA,NALGONDA,-0.09356401384082261,0.044844290657450825,0.05911572472125765,0.08421376393694607,-85830.19200155394,-0.010204690818429748,-0.2069357939254133,0.24415224913494812,8420108
516,36,TELANGANA,NIZAMABAD,-0.06698961937716331,0.05536332179929973,0.06698961937717007,0.08421376393694817,73768.98154685208,0.01485250647511994,-0.16000000000000003,0.2364628988850442,4973584
518,36,TELANGANA,RANGAREDDY,-0.09356401384082304,0.05911572472125703,0.0935640138408238,0.13588619761629644,-27042.312110857725,-0.004628915147044073,-0.17937716262975778,0.2761399461745483,5852435
720,36,TELANGANA,MULUGU,-0.09356401384082325,0.07972318339100555,0.09356401384084627,0.10340638216072248,110335.17220620444,0.02186018446035084,-0.1929104190695886,0.21413302575932336,5054976
695,36,TELANGANA,JOGULAMBA GADWAL,-0.07535563244904912,0.05173394848134622,0.06698961937716766,0.0888273740868871,6020.907215017719,0.002012849328133339,-0.16633602460592078,0.21413302575932336,2996596
699,36,TELANGANA,KUMURAM BHEEM,-0.07111111111111744,0.05536332179930747,0.07111111111111791,0.08421376393694559,52627.28195462632,0.009798619511163875,-0.15378700499807765,0.22145328719723184,5379788
684,36,TELANGANA,MANCHERIAL,-0.07535563244905301,0.05911572472125231,0.07111111111111873,0.08882737408688736,38098.86894013836,0.00836388112015396,-0.16633602460592078,0.24415224913494812,4563416
680,36,TELANGANA,NIRMAL,-0.07111111111111487,0.06698961937717411,0.07535563244905777,0.08882737408688583,69361.7607396618,0.015796342939193058,-0.15378700499807765,0.2069357939254133,4400168
685,36,TELANGANA,KAMAREDDY,-0.07111111111111475,0.05911572472125803,0.07111111111111859,0.08421376393695061,39783.579102230884,0.009024665422982428,-0.17279507881584008,0.2069357939254133,4417377
691,36,TELANGANA,SANGAREDDY,-0.06698961937716194,0.05173394848134653,0.07111111111111648,0.10340638216070762,33688.27024176078,0.006450586423813369,-0.17279507881584008,0.2599000384467512,5234286
694,36,TELANGANA,NAGARKURNOOL,-0.09356401384083289,0.06299115724723661,0.07972318339099876,0.09356401384084895,-13314.243337711445,-0.0018438840807779553,-0.186082276047674,0.21413302575932336,7230954
693,36,TELANGANA,WANAPARTHY,-0.07111111111111625,0.05173394848134858,0.07111111111111497,0.09842368319876771,-262.5057567288609,-1.0344076703821643E-4,-0.14173010380622836,0.19986159169550174,2543857
721,36,TELANGANA,NARAYANPET,-0.07535563244905116,0.03844675124952172,0.0553633217993096,0.0753556324490596,-29467.49001743447,-0.010496944043385517,-0.14769703960015382,0.2069357939254133,2813898
698,36,TELANGANA,VIKARABAD,-0.0711111111111161,0.044844290657446856,0.06299115724721119,0.08421376393694555,1402.4673174532736,3.2361243688792626E-4,-0.14769703960015382,0.24415224913494812,4341820
700,36,TELANGANA,MEDCHAL-MALKAJGIRI,-0.07111111111111416,0.14173010380624226,0.17279507881584982,0.199861591695489,52190.02902809634,0.04142397381060375,-0.15378700499807765,0.2761399461745483,1263977
697,36,TELANGANA,YADADRI BHUVANAGIRI,-0.09356401384082329,0.04484429065744915,0.06299115724721116,0.08421376393694897,-28533.01918304718,-0.007546339214442321,-0.2069357939254133,0.2288965782391388,3788544
696,36,TELANGANA,SURYAPET,-0.08421376393694856,0.051733948481344674,0.06698961937717117,0.0935640138408284,17499.041299064575,0.004165746256658116,-0.17937716262975778,0.2364628988850442,4207558
509,36,TELANGANA,KHAMMAM,-0.08421376393694648,0.05173394848134588,0.06698961937716866,0.09842368319877062,-5527.0011045378615,-0.0010101660308187725,-0.17937716262975778,0.24415224913494812,5483474
688,36,TELANGANA,MAHABUBABAD,-0.10851211072665068,0.044844290657449055,0.059115724721253024,0.07535563244905041,-40314.81033168751,-0.009708023702688445,-0.2069357939254133,0.2364628988850442,4159758
689,36,TELANGANA,JANGAON,-0.09356401384082384,0.032541330257591865,0.04822760476739502,0.07111111111111001,-48206.904583947,-0.01695756564872347,-0.17937716262975778,0.21413302575932336,2848930
686,36,TELANGANA,WARANGAL (URBAN),-0.08421376393694573,0.051733948481353285,0.08882737408688965,0.14173010380623208,-2947.7675191580347,-0.002155428724811294,-0.17279507881584008,0.2519646289888504,1371299
522,36,TELANGANA,WARANGAL (RURAL),-0.0935640138408238,0.032541330257592455,0.04822760476739585,0.0669896193771628,-38961.799957366515,-0.01484034669929525,-0.17937716262975778,0.2288965782391388,2631366
687,36,TELANGANA,JAYASHANKAR BHUPALAPALLY,-0.08882737408688525,0.06698961937717597,0.07972318339101761,0.08882737408687892,33212.85709925724,0.00980959856112296,-0.17279507881584008,0.2599000384467512,3392864
682,36,TELANGANA,PEDDAPALLI,-0.06299115724721127,0.04822760476739946,0.07111111111111504,0.09842368319877198,17467.606539496497,0.006754690081917816,-0.14769703960015382,0.2364628988850442,2590845
681,36,TELANGANA,JAGTIAL,-0.06299115724721124,0.048227604767393885,0.06299115724721116,0.08421376393694804,27645.666669024697,0.008119402076334591,-0.15378700499807765,0.21413302575932336,3410637
683,36,TELANGANA,RANJANNA SIRCILLA,-0.06698961937716418,0.05173394848134597,0.06299115724721119,0.07535563244905336,17877.304179909137,0.008396502393453057,-0.14769703960015382,0.22145328719723184,2133794
513,36,TELANGANA,MEDAK,-0.0711111111111149,0.05536332179930301,0.07111111111111643,0.08882737408688596,13310.316789766046,0.004124797937672649,-0.15378700499807765,0.2599000384467512,3235035
269,16,TRIPURA,DHALAI,-0.03543252595155645,0.10340638216073762,0.11909265667052511,0.1301653210303747,164833.6180538292,0.059269962760149085,-0.14173010380622836,0.2519646289888504,2787504
654,16,TRIPURA,GOMATI,-0.048227604767397486,0.10851211072666112,0.12456747404845919,0.13588619761630097,118404.97975125484,0.060094499276329844,-0.16000000000000003,0.2761399461745483,1976295
652,16,TRIPURA,KHOWAI,-0.0669896193771634,0.10340638216072566,0.11909265667051344,0.1301653210303676,67108.70959809105,0.052260333851752896,-0.14769703960015382,0.24415224913494812,1288086
270,16,TRIPURA,NORTH TRIPURA,-0.044844290657439105,0.11374086889658958,0.1245674740484496,0.1417301038062316,105720.32038426326,0.0642635104451741,-0.16000000000000003,0.2599000384467512,1650811
653,16,TRIPURA,SEPAHIJALA,-0.04484429065743892,0.11909265667052481,0.13588619761630236,0.14769703960015348,82651.79806112144,0.06409607000059142,-0.14769703960015382,0.24415224913494812,1294414
271,16,TRIPURA,SOUTH TRIPURA,-0.05536332179930658,0.11374086889660462,0.1301653210303671,0.14173010380624096,105824.1924175257,0.0596157972209874,-0.15378700499807765,0.24415224913494812,1781389
655,16,TRIPURA,UNOKOTI,-0.048227604767394856,0.1085121107266603,0.12456747404846107,0.14173010380623866,46966.59869445859,0.05568995257959587,-0.14173010380622836,0.2679584775086506,846595
272,16,TRIPURA,WEST TRIPURA,-0.05173394848135425,0.12456747404844343,0.14769703960015101,0.17937716262975395,69401.65694702111,0.06028026476458388,-0.13588619761630144,0.2679584775086506,1154860
118,09,UTTAR PRADESH,AGRA,-0.029773164167627538,0.07972318339100591,0.09356401384082715,0.13016532103037098,190138.2114809133,0.03751046550271513,-0.12456747404844293,0.2519646289888504,5084762
119,09,UTTAR PRADESH,ALIGARH,-0.051733948481349434,0.03254133025759153,0.048227604767396196,0.07535563244905596,-6739.586144569777,-0.0014382899271113594,-0.13016532103037293,0.2519646289888504,4695914
121,09,UTTAR PRADESH,AMBEDKARNAGAR,-0.03844675124952143,0.06299115724721117,0.08421376393694825,0.1085121107266418,58819.851367487136,0.020280912774713836,-0.11909265667051133,0.21413302575932336,2907631
640,09,UTTAR PRADESH,AMETHI,-0.05536332179930631,0.03543252595155516,0.04822760476739784,0.07111111111111251,-1132.572982395629,-3.7510162598657684E-4,-0.13016532103037293,0.22145328719723184,3027141
154,09,UTTAR PRADESH,AMROHA,-0.07111111111111651,0.02220684352172007,0.04158400615148117,0.06299115724721131,-61324.57727115425,-0.01960508606197283,-0.13016532103037293,0.2364628988850442,3135410
122,09,UTTAR PRADESH,AURAIYA,-0.04484429065743794,0.04158400615147133,0.05536332179930527,0.06698961937716634,27211.659020333977,0.01080116270801947,-0.12456747404844293,0.24415224913494812,2525028
123,09,UTTAR PRADESH,AZAMGARH,-0.027128027681660713,0.08882737408689394,0.11374086889657366,0.14173010380623918,190437.04862013523,0.0363847932000641,-0.10340638216070744,0.24415224913494812,5243512
133,09,UTTAR PRADESH,BUDAUN,-0.07111111111111712,0.017777777777779478,0.032541330257593204,0.051733948481353556,-83062.00845497473,-0.015440634173835207,-0.17279507881584008,0.22145328719723184,5388312
124,09,UTTAR PRADESH,BAGHPAT,-0.05911572472126449,0.035432525951558005,0.07972318339100584,0.1301653210303748,-8627.53027055001,-0.005113712769387452,-0.13016532103037293,0.2519646289888504,1691561
125,09,UTTAR PRADESH,BAHRAICH,-0.07535563244905005,0.029773164167630206,0.051733948481349525,0.07535563244905602,-76382.26182166347,-0.01225505936645014,-0.16633602460592078,0.2288965782391388,6244557
126,09,UTTAR PRADESH,BALLIA,-0.03844675124952036,0.0797231833910115,0.11909265667051357,0.15378700499808012,120843.1467879857,0.032582088894234654,-0.12456747404844293,0.2519646289888504,3717530
127,09,UTTAR PRADESH,BALRAMPUR,-0.07535563244904919,0.05173394848134826,0.07535563244905055,0.09842368319877426,-28345.964709768006,-0.006743309374376951,-0.15378700499807765,0.22145328719723184,4212204
128,09,UTTAR PRADESH,BANDA,-0.04822760476739412,0.04822760476738802,0.05911572472126651,0.07111111111111501,73176.18860284866,0.013296501796199654,-0.13588619761630144,0.2069357939254133,5516307
129,09,UTTAR PRADESH,BARABANKI,-0.06299115724721119,0.024605920799694037,0.03844675124952148,0.05911572472126335,-41566.159078127224,-0.008639119112857117,-0.16000000000000003,0.22145328719723184,4821092
130,09,UTTAR PRADESH,BAREILLY,-0.0629911572472112,0.029773164167629932,0.04822760476739754,0.0797231833910088,-38362.34554494641,-0.0073393751318260305,-0.15378700499807765,0.2519646289888504,5236856
131,09,UTTAR PRADESH,BASTI,-0.04822760476739537,0.04158400615147616,0.05911572472126342,0.0797231833910058,21434.675272699875,0.006154466601113363,-0.14173010380622836,0.21413302575932336,3489747
179,09,UTTAR PRADESH,BHADOHI,-0.03844675124951983,0.10340638216071721,0.1301653210303711,0.15378700499808354,43443.90793959089,0.03466948418751942,-0.13588619761630144,0.2364628988850442,1258326
132,09,UTTAR PRADESH,BIJNOR,-0.06698961937717049,0.02220684352172092,0.041584006151481216,0.06299115724721126,-108496.87383694763,-0.0184217589447244,-0.16000000000000003,0.2288965782391388,5897437
134,09,UTTAR PRADESH,BULANDSHAHR,-0.06299115724721119,0.022206843521720563,0.041584006151481175,0.06698961937716189,-61196.80037449455,-0.013728063628388916,-0.13588619761630144,0.2519646289888504,4465675
135,09,UTTAR PRADESH,CHANDAULI,-0.07111111111111801,0.06698961937716737,0.10851211072664771,0.15378700499808176,36899.66931706557,0.011742692446023576,-0.16000000000000003,0.24415224913494812,3149762
136,09,UTTAR PRADESH,CHITRAKOOT,-0.07535563244905095,0.041584006151464216,0.051733948481346784,0.06299115724721126,13591.358895674195,0.003452372482402598,-0.16633602460592078,0.22145328719723184,3947058
137,09,UTTAR PRADESH,DEORIA,-0.024605920799692864,0.10340638216071538,0.1417301038062388,0.1727950788158482,136071.51595598643,0.043064416484593464,-0.10340638216070744,0.2599000384467512,3167421
140,09,UTTAR PRADESH,AYODHYA,-0.0669896193771658,0.03844675124952168,0.06299115724721123,0.09356401384082692,-13999.514124027026,-0.004171501357153213,-0.14173010380622836,0.2519646289888504,3363207
138,09,UTTAR PRADESH,ETAH,-0.06299115724721129,0.02460592079969273,0.03543252595155952,0.051733948481354326,-24548.33068402516,-0.00805557679924503,-0.14769703960015382,0.2364628988850442,3057112
139,09,UTTAR PRADESH,ETAWAH,-0.04822760476739485,0.04158400615147373,0.055363321799305296,0.07111111111111279,26013.907692933033,0.0089524168801519,-0.13588619761630144,0.24415224913494812,2912455
141,09,UTTAR PRADESH,FARRUKHABAD,-0.07111111111111619,0.027128027681663298,0.04158400615148124,0.06299115724721129,-28527.818475633194,-0.010413916789990742,-0.15378700499807765,0.24415224913494812,2746061
142,09,UTTAR PRADESH,FATEHPUR,-0.0448442906574379,0.04158400615147357,0.05536332179930522,0.07111111111111355,51575.08270817812,0.009974999954310683,-0.13588619761630144,0.2288965782391388,5179341
143,09,UTTAR PRADESH,FIROZABAD,-0.04484429065743795,0.041584006151477775,0.05173394848134769,0.07111111111111325,23173.078490051885,0.007634772921521408,-0.11374086889657825,0.2288965782391388,3043033
144,09,UTTAR PRADESH,GAUTAMBUDHNAGAR,-0.044844290657440465,0.08882737408689036,0.11374086889657412,0.15378700499807846,36754.52702180826,0.020502346745978384,-0.11909265667051133,0.2599000384467512,1799130
146,09,UTTAR PRADESH,GAZIPUR,-0.029773164167628024,0.0888273740868845,0.12456747404845084,0.16000000000000084,148656.108169437,0.03553862276614299,-0.11909265667051133,0.24415224913494812,4191005
145,09,UTTAR PRADESH,GHAZIABAD,-0.05911572472126365,0.10340638216072591,0.13588619761629556,0.17937716262975234,17870.905616248518,0.015406290097499338,-0.11374086889657825,0.2679584775086506,1164347
147,09,UTTAR PRADESH,GONDA,-0.07535563244904442,0.027128027681662788,0.044844290657439424,0.06698961937716219,-67170.68958905416,-0.013466342385174458,-0.14769703960015382,0.2364628988850442,4997607
148,09,UTTAR PRADESH,GORAKHPUR,-0.027128027681660616,0.09356401384082605,0.13016532103036987,0.16633602460592456,153791.27292409795,0.03699864901619005,-0.12456747404844293,0.2599000384467512,4167218
149,09,UTTAR PRADESH,HAMIRPUR,-0.03254133025759225,0.05911572472126599,0.0669896193771749,0.0797231833910091,143396.5721052509,0.02971255094893623,-0.12456747404844293,0.22145328719723184,4836349
661,09,UTTAR PRADESH,HAPUR,-0.05911572472126447,0.029773164167626927,0.05536332179930893,0.08421376393694949,-14903.669273016345,-0.010490887160043039,-0.13016532103037293,0.24415224913494812,1425629
150,09,UTTAR PRADESH,HARDOI,-0.06698961937716706,0.032541330257586834,0.04484429065744503,0.0629911572472113,-26144.776833086045,-0.003477686571383066,-0.16000000000000003,0.24415224913494812,7529334
163,09,UTTAR PRADESH,HATHRAS,-0.044844290657437925,0.05536332179929923,0.07111111111111908,0.08421376393695318,32548.81625614501,0.01451015903194666,-0.13588619761630144,0.24415224913494812,2250134
151,09,UTTAR PRADESH,JALAUN,-0.029773164167627257,0.05911572472126416,0.06698961937717332,0.08421376393694627,151822.20969359644,0.0267751298383718,-0.12456747404844293,0.2519646289888504,5680240
152,09,UTTAR PRADESH,JAUNPUR,-0.032541330257592836,0.08882737408688163,0.11374086889658484,0.14173010380623927,177084.50008238718,0.03543270191770891,-0.11374086889657825,0.2364628988850442,5008032
153,09,UTTAR PRADESH,JHANSI,-0.05173394848135198,0.05173394848134523,0.06299115724721119,0.08421376393694681,104351.41226177147,0.016804312777813902,-0.15378700499807765,0.2364628988850442,6229627
155,09,UTTAR PRADESH,KANNAUJ,-0.059115724721264334,0.029773164167631018,0.04158400615148122,0.06299115724721144,-8722.58711909805,-0.0033323417209167967,-0.13588619761630144,0.2364628988850442,2623727
157,09,UTTAR PRADESH,KANPUR,-0.048227604767394516,0.04822760476739387,0.06698961937716601,0.10340638216070328,48588.73205321596,0.01301173254202694,-0.13588619761630144,0.2519646289888504,3743531
156,09,UTTAR PRADESH,KANPUR DEHAT,-0.04158400615148119,0.04484429065745364,0.05173394848134567,0.06299115724721119,49555.852576814774,0.012595591852769263,-0.13016532103037293,0.2364628988850442,3941798
633,09,UTTAR PRADESH,KASGANJ,-0.06698961937716527,0.02220684352172225,0.032541330257593586,0.04822760476739513,-28187.825648488193,-0.011416116287058043,-0.16000000000000003,0.2288965782391388,2475748
158,09,UTTAR PRADESH,KAUSHAMBI,-0.04822760476739419,0.04822760476740079,0.06299115724721119,0.08882737408688968,25667.451819879174,0.01159977593156203,-0.13588619761630144,0.21413302575932336,2218096
159,09,UTTAR PRADESH,KHERI,-0.08421376393695504,0.04822760476740029,0.07535563244906121,0.09356401384084508,-159089.82109433034,-0.016360442442823538,-0.17279507881584008,0.2288965782391388,9738027
160,09,UTTAR PRADESH,KUSHINAGAR,-0.04158400615148124,0.07535563244905039,0.11374086889657445,0.1537870049980796,70185.11677804777,0.019521035190758963,-0.1085121107266436,0.2519646289888504,3604253
161,09,UTTAR PRADESH,LALITPUR,-0.0629911572472113,0.05911572472126533,0.06698961937717368,0.08421376393694766,144138.43013824653,0.02326886352181858,-0.15378700499807765,0.22145328719723184,6203252
162,09,UTTAR PRADESH,LUCKNOW,-0.05911572472126463,0.06698961937716919,0.09842368319877444,0.14769703960015873,35074.10676012468,0.011089437307167757,-0.14769703960015382,0.2599000384467512,3170059
165,09,UTTAR PRADESH,MAHOBA,-0.051733948481352016,0.05173394848134458,0.05911572472125156,0.06698961937716597,73712.90375002981,0.018270543143383212,-0.13588619761630144,0.21413302575932336,4045255
166,09,UTTAR PRADESH,MAINPURI,-0.06299115724721119,0.02220684352172189,0.03543252595156041,0.05536332179930782,-25390.758594160885,-0.007392953623780782,-0.14769703960015382,0.21413302575932336,3441554
167,09,UTTAR PRADESH,MATHURA,-0.02712802768166276,0.07111111111111965,0.08421376393695475,0.11374086889657621,126669.74704033404,0.030119198234509963,-0.11909265667051133,0.2519646289888504,4213749
168,09,UTTAR PRADESH,MAU,-0.019930795847751197,0.10340638216071442,0.13588619761629858,0.16633602460592448,94256.60986616246,0.043723320963889575,-0.08421376393694734,0.2519646289888504,2161729
169,09,UTTAR PRADESH,MEERUT,-0.06299115724721119,0.038446751249520725,0.07111111111111512,0.11374086889657511,-36888.34342221341,-0.011152183071244647,-0.16000000000000003,0.2519646289888504,3314219
170,09,UTTAR PRADESH,MIRZAPUR,-0.08421376393694865,0.05173394848134667,0.0753556324490497,0.1137408688965758,6481.852244714792,0.0011922771064606062,-0.16000000000000003,0.24415224913494812,5447558
171,09,UTTAR PRADESH,MORADABAD,-0.07535563244905104,0.0246059207996926,0.048227604767395287,0.07972318339100685,-40953.9845551713,-0.01650309478330472,-0.14769703960015382,0.2519646289888504,2489342
172,09,UTTAR PRADESH,MUZAFFARNAGAR,-0.06299115724721116,0.022206843521720726,0.05173394848135272,0.08882737408688651,-46025.99371453545,-0.013132297776263737,-0.16000000000000003,0.2519646289888504,3511799
173,09,UTTAR PRADESH,PILIBHIT,-0.07535563244905293,0.08421376393695776,0.10340638216073404,0.11909265667052579,-16953.323463271976,-0.0035484549173057703,-0.16633602460592078,0.24415224913494812,4788939
174,09,UTTAR PRADESH,PRATAPGARH,-0.05536332179930839,0.0482276047673945,0.06299115724721117,0.08421376393694667,40830.019876641854,0.008869407638242307,-0.14769703960015382,0.2364628988850442,4613609
175,09,UTTAR PRADESH,RAIBEARELI,-0.05536332179930737,0.03543252595155846,0.04822760476739793,0.06698961937716169,-768.7923453837894,-1.573300253868302E-4,-0.13588619761630144,0.2364628988850442,4896223
176,09,UTTAR PRADESH,RAMPUR,-0.06698961937716727,0.03254133025758983,0.05173394848134945,0.07972318339100289,-22368.617648180803,-0.0074281398651398515,-0.14173010380622836,0.2519646289888504,3018922
177,09,UTTAR PRADESH,SAHARANPUR,-0.06698961937717128,0.051733948481346645,0.0711111111111169,0.09842368319876799,-21879.608252092956,-0.0045743816278739375,-0.13588619761630144,0.24415224913494812,4790695
659,09,UTTAR PRADESH,SAMBHAL,-0.0629911572472112,0.015747789311802787,0.03254133025759205,0.055363321799307134,-44445.911795680164,-0.01442904828698485,-0.13016532103037293,0.2364628988850442,3088314
178,09,UTTAR PRADESH,SANTKABIRNAGAR,-0.02977316416762861,0.06698961937716529,0.0935640138408267,0.12456747404844129,54705.698451936754,0.02667057772453716,-0.09842368319876971,0.2364628988850442,2058853
180,09,UTTAR PRADESH,SHAHJAHANPUR,-0.07535563244904862,0.019930795847753334,0.035432525951559095,0.05911572472126295,-82789.53766043487,-0.015192062539970753,-0.14769703960015382,0.2364628988850442,5462736
660,09,UTTAR PRADESH,SHAMLI,-0.06698961937716975,0.027128027681659766,0.05536332179930863,0.0984236831987713,-21840.633540954714,-0.013489360637054713,-0.12456747404844293,0.2519646289888504,1623202
181,09,UTTAR PRADESH,SHRAWASTI,-0.07111111111111605,0.04158400615148125,0.06299115724721119,0.08421376393695214,-21175.17472248053,-0.00870281078928035,-0.14769703960015382,0.2069357939254133,2439319
182,09,UTTAR PRADESH,SIDDHARTHNAGAR,-0.041584006151481105,0.048227604767400546,0.07111111111111589,0.10340638216070541,39900.99248680756,0.010983778051681574,-0.12456747404844293,0.2364628988850442,3640380
183,09,UTTAR PRADESH,SITAPUR,-0.07972318339101311,0.013840830449826211,0.027128027681660696,0.04822760476739494,-166945.43743342394,-0.023125040230417296,-0.16000000000000003,0.21413302575932336,7230057
184,09,UTTAR PRADESH,SONBHADRA,-0.07972318339101084,0.0482276047673908,0.06299115724721879,0.08421376393694939,-14368.541530914366,-0.0017026359097153604,-0.17937716262975778,0.24415224913494812,8450002
185,09,UTTAR PRADESH,SULTANPUR,-0.05173394848135008,0.048227604767394905,0.06698961937716748,0.08882737408688522,29061.55261986684,0.008735067562881112,-0.13016532103037293,0.2364628988850442,3335749
186,09,UTTAR PRADESH,UNNAO,-0.05536332179930652,0.03844675124951768,0.04822760476740088,0.06698961937716233,17063.074960900565,0.00299250776239316,-0.13588619761630144,0.24415224913494812,5712341
187,09,UTTAR PRADESH,VARANASI,-0.017777777777777386,0.15378700499803766,0.1793771626298096,0.1998615916954843,127263.99010994905,0.06720677285146678,-0.10340638216070744,0.2519646289888504,1899363
120,09,UTTAR PRADESH,PRAYAGRAJ,-0.06698961937716522,0.059115724721249464,0.08421376393695128,0.11909265667050951,79668.17535117663,0.01179312770378313,-0.16633602460592078,0.24415224913494812,6766620
164,09,UTTAR PRADESH,MAHARAJGANJ,-0.044844290657441166,0.08882737408687853,0.11374086889659929,0.14173010380623313,74893.42725027436,0.020279518379850075,-0.13016532103037293,0.2519646289888504,3700747
045,05,UTTARAKHAND,ALMORA,-0.06698961937716487,0.10340638216072556,0.11909265667051752,0.13588619761630016,130326.6678173072,0.03227919867889041,-0.14769703960015382,0.2288965782391388,4045433
046,05,UTTARAKHAND,BAGESHWAR,-0.13588619761630416,0.10340638216073139,0.11909265667052245,0.13588619761629597,38168.872424891684,0.013269090500380956,-0.2288965782391388,0.2364628988850442,2883079
048,05,UTTARAKHAND,CHAMPAWAT,-0.06698961937716119,0.1190926566705289,0.1301653210303466,0.14769703960016517,100648.454962689,0.044521633274972286,-0.14769703960015382,0.24415224913494812,2266165
049,05,UTTARAKHAND,DEHRADUN,-0.06299115724721123,0.11909265667052758,0.13016532103035314,0.14769703960016328,180715.45460973226,0.04508692442946837,-0.13588619761630144,0.2679584775086506,4018513
050,05,UTTARAKHAND,HARIDWAR,-0.07111111111111633,0.05536332179930371,0.07535563244904889,0.09842368319876875,-6522.696273662863,-0.002214864277265187,-0.14769703960015382,0.2519646289888504,2950783
051,05,UTTARAKHAND,NAINITAL,-0.051733948481351856,0.11909265667053369,0.13588619761632936,0.14769703960016684,268203.5657570403,0.05255880050738806,-0.15378700499807765,0.2599000384467512,5111706
052,05,UTTARAKHAND,PAURI GARHWAL,-0.05911572472126455,0.11909265667053265,0.13016532103034303,0.14769703960016975,320711.0324601501,0.04723799054262573,-0.16000000000000003,0.24415224913494812,6797764
054,05,UTTARAKHAND,RUDRAPRAYAG,-0.12456747404845261,0.09842368319875587,0.11374086889658927,0.13588619761630016,22030.39736788795,0.008567253620906025,-0.21413302575932336,0.2364628988850442,2576527
055,05,UTTARAKHAND,TEHRI GARHWAL,-0.11374086889657294,0.10340638216073128,0.11909265667052353,0.13588619761629536,108906.66828269737,0.021547878498985876,-0.2069357939254133,0.24415224913494812,5065420
056,05,UTTARAKHAND,UDHAM SINGH NAGAR,-0.0842137639369468,0.07111111111111604,0.09842368319876856,0.12456747404844946,-6326.565504243605,-0.001857369915791939,-0.16633602460592078,0.24415224913494812,3417188
047,05,UTTARAKHAND,CHAMOLI,-0.15378700499806736,0.07972318339101636,0.10340638216073329,0.12456747404846337,-259852.71882400272,-0.025678983600138094,-0.2288965782391388,0.2288965782391388,10130102
053,05,UTTARAKHAND,PITHORAGARH,-0.15999999999999134,0.07111111111111935,0.09356401384084734,0.11909265667052331,-316848.23306594306,-0.03399187805032909,-0.2288965782391388,0.2364628988850442,9333695
057,05,UTTARAKHAND,UTTARKASHI,-0.1537870049980578,0.09356401384085615,0.11374086889659807,0.13588619761632623,-243970.56954106453,-0.02350968956657045,-0.22145328719723184,0.2519646289888504,10391325
664,19,WEST BENGAL,ALIPUR DUAR,-0.06698961937716527,0.14769703960016312,0.16633602460587282,0.1860822760476958,192355.4622711199,0.05507468121989281,-0.16000000000000003,0.28444444444444444,3499191
305,19,WEST BENGAL,BANKURA,-0.06698961937717189,0.08421376393696078,0.10340638216072838,0.12456747404845445,88978.87578735343,0.010645666358815774,-0.13016532103037293,0.2599000384467512,8367774
306,19,WEST BENGAL,PURBA BARDDHAMAN,-0.06698961937717084,0.08882737408688564,0.1190926566705179,0.14769703960015707,12967.51568258736,0.00204710473325501,-0.15378700499807765,0.2599000384467512,6345416
307,19,WEST BENGAL,BIRBHUM,-0.07535563244905848,0.07111111111111641,0.10851211072664477,0.14173010380623524,-41358.536153980844,-0.007444028663820355,-0.14173010380622836,0.2519646289888504,5568338
310,19,WEST BENGAL,DAKSHIN DINAJPUR,-0.07111111111111701,0.08421376393695054,0.11374086889657448,0.14769703960015257,12447.348115084775,0.004510306039044918,-0.13588619761630144,0.24415224913494812,2766684
309,19,WEST BENGAL,DARJILING,-0.07535563244905424,0.13588619761633042,0.15378700499808687,0.17279507881584838,142925.66930522193,0.05574427503996837,-0.14769703960015382,0.2761399461745483,2570580
317,19,WEST BENGAL,PURBA MEDINIPUR,-0.03844675124952146,0.13016532103034192,0.14769703960017136,0.16000000000001383,230107.95574539906,0.048273109914252176,-0.10340638216070744,0.2519646289888504,4774369
313,19,WEST BENGAL,HAORA,-0.041584006151481126,0.15999999999999145,0.1793771626297958,0.19986159169548592,113232.09792902044,0.0638097647870325,-0.10340638216070744,0.2599000384467512,1779421
312,19,WEST BENGAL,HUGLI,-0.06299115724721122,0.12456747404845435,0.15378700499808384,0.186082276047686,115930.26665714239,0.030337029648264808,-0.14769703960015382,0.2679584775086506,3830421
314,19,WEST BENGAL,JALPAIGURI,-0.07535563244904736,0.11909265667052434,0.14769703960017164,0.17279507881584993,108078.01021178697,0.025230595869116943,-0.14769703960015382,0.2761399461745483,4291724
308,19,WEST BENGAL,KOCH BIHAR,-0.06698961937716226,0.11374086889658494,0.14173010380623688,0.16633602460592464,116881.84476567131,0.027857393362702154,-0.13588619761630144,0.2679584775086506,4209471
315,19,WEST BENGAL,KOLKATA,0.01777777777777784,0.22145328719720578,0.228896578239124,0.23646289888505903,36459.706492847254,0.16276522466057108,-0.08882737408688965,0.28444444444444444,225875
316,19,WEST BENGAL,MALDAH,-0.059115724721264716,0.09356401384084577,0.11374086889658336,0.14173010380623496,110529.30402426001,0.02498559364476149,-0.12456747404844293,0.2519646289888504,4432769
319,19,WEST BENGAL,MURSHIDABAD,-0.05536332179930583,0.09842368319877165,0.13016532103037298,0.1600000000000022,200351.09566475882,0.03062538627561683,-0.13588619761630144,0.2679584775086506,6553296
320,19,WEST BENGAL,NADIA,-0.024605920799692135,0.12456747404846052,0.15378700499808567,0.17937716262975453,256899.25462511054,0.05419593544833506,-0.10340638216070744,0.2679584775086506,4752532
303,19,WEST BENGAL,NORTH TWENTY-FOUR PARGANAS,-0.027128027681662132,0.16000000000001166,0.17937716262980016,0.2069357939253856,347446.4509937009,0.07167226783039063,-0.09356401384083046,0.28444444444444444,4858451
318,19,WEST BENGAL,PASCHIM MEDINIPUR,-0.05911572472126211,0.08882737408688414,0.10851211072665215,0.13016532103036996,130079.52160949202,0.017163413113669757,-0.14173010380622836,0.2679584775086506,7589470
321,19,WEST BENGAL,PURULIYA,-0.079723183391014,0.0629911572472111,0.08421376393695085,0.11374086889657509,3470.2168308965365,4.563993798853336E-4,-0.14769703960015382,0.2519646289888504,7614827
304,19,WEST BENGAL,SOUTH TWENTY-FOUR PARGANAS,-0.02977316416762811,0.14173010380627035,0.15378700499805345,0.179377162629793,646994.060337015,0.07004916189270517,-0.09356401384083046,0.2679584775086506,9269362
311,19,WEST BENGAL,UTTAR DINAJPUR,-0.07972318339101157,0.08882737408688732,0.12456747404844608,0.1537870049980805,-271.1187748825032,-6.97144668807184E-5,-0.14173010380622836,0.2599000384467512,3902218
703,19,WEST BENGAL,JHARGRAM,-0.07535563244904984,0.08421376393695575,0.10340638216071615,0.12456747404844253,20724.794075277125,0.005538446142954,-0.14173010380622836,0.2679584775086506,3751531
704,19,WEST BENGAL,PASCHIM BARDDHAMAN,-0.06299115724721126,0.1190926566705202,0.14173010380623935,0.17279507881584746,70839.79489710595,0.03212734450089482,-0.12456747404844293,0.2679584775086506,2210746
702,19,WEST BENGAL,KALIMPONG,-0.010396001537870176,0.1537870049980247,0.1663360246058942,0.1793771626297711,130680.9062952969,0.09545398378950529,-0.11374086889657825,0.2761399461745483,1372509
