di_code,st_code,state23,dist23,A07_p2,A07_p90,A07_p95,A07_p98,A07_sum,A07_mean,A07_min,A07_max,A07_count
603,35,ANDAMAN & NICOBAR,NICOBAR,0.02596118113812139,0.22145328719722168,0.24415224913493633,0.2599000384467573,299668.8014136295,0.14938375590202244,-0.186082276047674,0.3553094963475586,2020602
632,35,ANDAMAN & NICOBAR,NORTH & MIDDLE ANDAMAN,0.009676935343835468,0.21413302575925158,0.22889657823911594,0.25196462898884486,618062.1506662118,0.15556625687305567,-0.1929104190695886,0.36472126105344094,4003957
602,35,ANDAMAN & NICOBAR,SOUTH ANDAMAN,0.016796925641824466,0.21413302575928958,0.2364628988850252,0.25990003844676796,440965.9926388454,0.15238836773936262,-0.17937716262975778,0.3553094963475586,2916597
502,28,ANDHRA PRADESH,ANANTAPUR,0.010396001537870214,0.18608227604765468,0.19986159169548337,0.2214532871972193,2798304.9451612234,0.12491536779000993,-0.14173010380622836,0.33685505574778934,22430270
503,28,ANDHRA PRADESH,CHITTOOR,0.02977316416762883,0.21413302575925933,0.23646289888506225,0.25990003844680554,2567536.072022973,0.14888104273701913,-0.17279507881584008,0.36472126105344094,17269415
504,28,ANDHRA PRADESH,Y S R KADAPA,-0.004478668010844459,0.22889657823909096,0.2519646289889469,0.2761399461745466,2582911.6806474514,0.1458513126503527,-0.13016532103037293,0.36472126105344094,17724326
505,28,ANDHRA PRADESH,EAST GODAVARI,-0.04484429065743801,0.22145328719726498,0.23646289888506208,0.25990003844676673,1776597.0734729632,0.11753974136332612,-0.186082276047674,0.3553094963475586,15133939
506,28,ANDHRA PRADESH,GUNTUR,-0.08421376393694986,0.18608227604767366,0.2141330257592869,0.23646289888503658,860725.9519572953,0.06483014624194218,-0.1929104190695886,0.3553094963475586,13291974
510,28,ANDHRA PRADESH,KRISHNA,-0.0888273740868728,0.15999999999997505,0.1860822760476524,0.20693579392538727,516729.0781764849,0.05061166599108939,-0.22145328719723184,0.3278123798539023,10225813
511,28,ANDHRA PRADESH,KURNOOL,-0.032541330257592586,0.18608227604764876,0.21413302575923848,0.23646289888504413,2048024.058987518,0.10154322065430368,-0.16633602460592078,0.36472126105344094,20185908
515,28,ANDHRA PRADESH,POTTI SRIRAMULU NELLORE,-0.009633354485515363,0.2441522491350454,0.26795847750869983,0.2844444444444751,2143930.266993449,0.1405800943118865,-0.14769703960015382,0.3839138792772011,15263341
517,28,ANDHRA PRADESH,PRAKASAM,-0.07535563244906959,0.22145328719730256,0.244152249134966,0.2679584775086776,2600178.490634559,0.12720288571508387,-0.16000000000000003,0.3839138792772011,20457221
519,28,ANDHRA PRADESH,SRIKAKULAM,-0.029773164167628506,0.20693579392537909,0.22889657823911444,0.2599000384467668,741069.530549855,0.10768469271924148,-0.16633602460592078,0.34602076124567477,6895077
520,28,ANDHRA PRADESH,VISAKHAPATNAM,-0.009642013262033643,0.22145328719725688,0.23646289888502486,0.2519646289888637,1992793.6364719938,0.1465895636305609,-0.17937716262975778,0.34602076124567477,13613577
521,28,ANDHRA PRADESH,VIZIANAGARAM,-0.009636145025313316,0.21413302575924106,0.23646289888501995,0.25990003844676546,938685.378293288,0.12964281185276763,-0.16000000000000003,0.34602076124567477,7256513
523,28,ANDHRA PRADESH,WEST GODAVARI,-0.0669896193771616,0.1793771626298245,0.20693579392537775,0.2288965782391027,669213.387646341,0.06885126241144422,-0.2069357939254133,0.33685505574778934,9731922
628,12,ARUNACHAL PRADESH,ANJAW,-0.0842137639369543,0.19986159169548254,0.22145328719721302,0.24415224913492747,773290.803033,0.10171073955970344,-0.2069357939254133,0.3278123798539023,7611073
229,12,ARUNACHAL PRADESH,CHANGLANG,-0.025837615652300642,0.16633602460587946,0.18608227604770727,0.20693579392539643,592744.0615410943,0.0953677637622696,-0.21413302575932336,0.3278123798539023,6227191
230,12,ARUNACHAL PRADESH,DIBANG VALLEY,-0.04484429065743796,0.19291041906954368,0.2141330257592549,0.22889657823911397,1282862.7355996515,0.10519756612053333,-0.17279507881584008,0.3278123798539023,12207130
231,12,ARUNACHAL PRADESH,EAST KAMENG,-0.041584006151481036,0.17279507881584893,0.19291041906957204,0.2214532871972192,509163.53374160314,0.09173791578228306,-0.17279507881584008,0.33685505574778934,5558425
233,12,ARUNACHAL PRADESH,KURUNG KUMEY,-0.05911572472126411,0.1727950788158389,0.19291041906957243,0.20693579392538683,501224.61956341285,0.08928027223191988,-0.19986159169550174,0.3014225297962323,5621269
234,12,ARUNACHAL PRADESH,LOHIT,-0.05536332179930929,0.18608227604768368,0.20693579392538503,0.22889657823912218,414645.9303567825,0.10754419712978681,-0.16633602460592078,0.3278123798539023,3863405
235,12,ARUNACHAL PRADESH,LOWER DIBANG VALLEY,-0.06698961937716777,0.18608227604771554,0.20693579392538078,0.22889657823913345,465378.3801976037,0.10380398322198152,-0.17937716262975778,0.3278123798539023,4491587
237,12,ARUNACHAL PRADESH,PAPUMPARE,-0.01675113134603984,0.19291041906955558,0.2141330257592915,0.23646289888506014,469221.4539285982,0.1084921058625813,-0.186082276047674,0.3278123798539023,4333778
238,12,ARUNACHAL PRADESH,TAWANG,-0.13588619761630072,0.17937716262981784,0.2069357939253805,0.22889657823911677,147958.3107753202,0.047823781115976016,-0.2519646289888504,0.3188927335640138,3100277
239,12,ARUNACHAL PRADESH,TIRAP,-9.007732485581772E-4,0.18608227604771044,0.20693579392538677,0.22889657823914702,167886.05870371973,0.11412616693015659,-0.16633602460592078,0.29287197231833906,1474824
240,12,ARUNACHAL PRADESH,UPPER SIANG,-0.004476350671091337,0.19986159169548287,0.21413302575926713,0.23646289888503866,1054014.343602331,0.12356153927522859,-0.16000000000000003,0.33685505574778934,8540336
241,12,ARUNACHAL PRADESH,UPPER SUBANSIRI,-0.012944098699405026,0.19291041906955442,0.2141330257592722,0.23646289888503474,937271.1998551565,0.11416013953394784,-0.17279507881584008,0.33685505574778934,8220067
242,12,ARUNACHAL PRADESH,WEST KAMENG,-0.0753556324490506,0.17937716262981354,0.19986159169548384,0.2214532871972127,581541.2352922251,0.0942334187017439,-0.2288965782391388,0.34602076124567477,6178998
719,12,ARUNACHAL PRADESH,LOWER SIANG,0.027128027681661074,0.21413302575930668,0.228896578239127,0.244152249134936,328051.9467042057,0.14351403268740986,-0.16000000000000003,0.33685505574778934,2292082
236,12,ARUNACHAL PRADESH,LOWER SUBANSIRI,-0.025823340910633916,0.17279507881585107,0.19986159169548592,0.2214532871972378,220230.40927792722,0.09009335649201827,-0.2069357939254133,0.33685505574778934,2449933
679,12,ARUNACHAL PRADESH,SIANG,0.004494427000402503,0.19986159169548348,0.21413302575928322,0.23646289888505384,551073.6293401081,0.12594655857328785,-0.16633602460592078,0.3278123798539023,4383418
243,12,ARUNACHAL PRADESH,WEST SIANG,-0.010396001537870085,0.19291041906957077,0.2141330257593251,0.22889657823912987,195930.462996901,0.11616181435784796,-0.16633602460592078,0.3278123798539023,1691102
725,12,ARUNACHAL PRADESH,SHI YOMI,-0.02105104337079718,0.18608227604768984,0.20693579392538555,0.22889657823913392,371591.5186767394,0.11168926983569444,-0.2069357939254133,0.3188927335640138,3331997
724,12,ARUNACHAL PRADESH,LEPA RADA,0.004504391214732318,0.1998615916954858,0.2214532871972269,0.23646289888505648,123994.08993226121,0.12812192668825365,-0.14769703960015382,0.33685505574778934,970650
723,12,ARUNACHAL PRADESH,PAKKE KESSANG,-0.019930795847751016,0.17937716262980308,0.19986159169548529,0.2214532871972169,255242.4945523048,0.106647320465174,-0.17937716262975778,0.31009611687812383,2399368
677,12,ARUNACHAL PRADESH,KRA DAADI,-0.006812239751210455,0.1860822760476844,0.20693579392538497,0.22889657823912635,241941.12867165694,0.10877739744077669,-0.16000000000000003,0.31009611687812383,2229870
678,12,ARUNACHAL PRADESH,NAMSAI,-0.027128027681661518,0.14173010380621764,0.15378700499808765,0.17937716262975198,141687.75564722295,0.08382816205029145,-0.17279507881584008,0.28444444444444444,1693784
718,12,ARUNACHAL PRADESH,KAMLE,0.005839218681506519,0.21413302575928142,0.23646289888502306,0.2519646289888447,225695.13214625203,0.12988276167183513,-0.16000000000000003,0.34602076124567477,1742339
232,12,ARUNACHAL PRADESH,EAST SIANG,-0.05911572472126417,0.17937716262979275,0.2069357939253926,0.2288965782391308,206695.56631295796,0.09736330324109885,-0.16000000000000003,0.3278123798539023,2127307
666,12,ARUNACHAL PRADESH,LONGDING,-9.1719636883232E-4,0.19986159169548381,0.22145328719721638,0.2364628988850599,140613.3604755654,0.12011195167509497,-0.14769703960015382,0.3188927335640138,1174145
616,18,ASSAM,BAKSA,-0.059115724721262745,0.14769703960017713,0.1663360246059022,0.18608227604769176,190498.00661497397,0.06254485526254894,-0.17937716262975778,0.3188927335640138,3055457
280,18,ASSAM,BARPETA,-0.10851211072664543,0.08882737408688748,0.11374086889657349,0.1476970396001531,32553.38314441514,0.011421020200424237,-0.19986159169550174,0.2761399461745483,2859045
705,18,ASSAM,BISWANATH,-0.07972318339100352,0.1245674740484618,0.1417301038062282,0.16633602460592445,124354.23682845724,0.04481403680858958,-0.2288965782391388,0.3014225297962323,2780367
281,18,ASSAM,BONGAIGAON,-0.0888273740868865,0.16000000000001502,0.19291041906959572,0.228896578239149,66338.57512395755,0.047673184181036575,-0.186082276047674,0.3278123798539023,1397646
282,18,ASSAM,CACHAR,-0.1476970396001698,0.17279507881585118,0.19291041906958686,0.21413302575933169,292965.6870160563,0.06298184303019896,-0.2519646289888504,0.31009611687812383,4659875
708,18,ASSAM,CHARAIDEO,-0.06698961937716134,0.1417301038062195,0.16000000000001005,0.1860822760476805,82104.26327951906,0.0647117337426601,-0.16000000000000003,0.28444444444444444,1273387
612,18,ASSAM,CHIRANG,-0.07111111111111273,0.15999999999995768,0.17279507881585085,0.1860822760477021,180661.13872166528,0.07564906154816602,-0.16000000000000003,0.31009611687812383,2393821
283,18,ASSAM,DARRANG,-0.09356401384082753,0.09842368319876857,0.13016532103036815,0.16000000000000406,37166.62132277455,0.01883476088668545,-0.1929104190695886,0.3014225297962323,1980527
284,18,ASSAM,DHEMAJI,-0.07111111111111182,0.12456747404845236,0.15378700499808357,0.18608227604768166,139482.55879982523,0.044708533572200164,-0.2069357939254133,0.3188927335640138,3127982
285,18,ASSAM,DHUBRI,-0.08421376393694756,0.1034063821607064,0.13588619761630008,0.16633602460592403,46881.48996327482,0.02272816322983087,-0.17279507881584008,0.3188927335640138,2073149
286,18,ASSAM,DIBRUGARH,-0.07111111111111575,0.13588619761635146,0.15378700499805778,0.17937716262976963,213413.48982523667,0.050267220634395496,-0.19986159169550174,0.31009611687812383,4254504
299,18,ASSAM,DIMA HASAO,-0.005727146911046711,0.19291041906954445,0.2069357939253797,0.2288965782391245,739381.3795115127,0.12258690952136136,-0.2069357939254133,0.3188927335640138,6041285
287,18,ASSAM,GOALPARA,-0.07535563244905921,0.17937716262978795,0.20693579392539227,0.22889657823914542,180940.26186259347,0.074514784611385,-0.2069357939254133,0.33685505574778934,2434900
288,18,ASSAM,GOLAGHAT,-0.0711111111111139,0.13588619761632595,0.1537870049980857,0.17937716262975445,219493.96304784465,0.054616681625675824,-0.2069357939254133,0.3014225297962323,4029611
289,18,ASSAM,HAILAKANDI,-0.13588619761629733,0.17937716262980202,0.19986159169548656,0.2214532871972408,105173.8641201783,0.06451432581674318,-0.2288965782391388,0.3188927335640138,1635070
709,18,ASSAM,HOJAI,-0.05536332179930755,0.1537870049980332,0.17279507881585032,0.19986159169548925,128567.53939384231,0.071155030448924,-0.186082276047674,0.3188927335640138,1811736
290,18,ASSAM,JORHAT,-0.048227604767395627,0.15378700499808123,0.17937716262977563,0.19986159169548814,165578.61485515223,0.07107454540383769,-0.186082276047674,0.31009611687812383,2335717
618,18,ASSAM,KAMRUP METRO,-0.08882737408688415,0.2214532871972001,0.24415224913492775,0.2599000384467626,126682.90710243849,0.1048639188076932,-0.17937716262975778,0.34602076124567477,1212134
291,18,ASSAM,KAMRUP RURAL,-0.09356401384082566,0.18608227604767263,0.21413302575928758,0.2364628988850428,277220.88950634043,0.07142369914991456,-0.19986159169550174,0.33685505574778934,3891403
292,18,ASSAM,KARBI ANGLONG,-9.166768221762952E-4,0.18608227604768984,0.19986159169548326,0.2214532871972208,1087578.528014622,0.11944426062098865,-0.15378700499807765,0.3188927335640138,9120022
293,18,ASSAM,KARIMGANJ,-0.16000000000000308,0.17279507881585096,0.1929104190695992,0.2141330257593297,104131.2095397586,0.046806840953577095,-0.2599000384467512,0.3278123798539023,2229526
294,18,ASSAM,KOKRAJHAR,-0.044844290657438904,0.15999999999998313,0.172795078815851,0.19291041906958495,332085.22289962455,0.08578128336362448,-0.17937716262975778,0.3188927335640138,3879174
295,18,ASSAM,LAKHIMPUR,-0.08421376393694853,0.13016532103036163,0.1537870049980863,0.1793771626297516,173966.04512877652,0.04631199369786534,-0.2069357939254133,0.3014225297962323,3763908
706,18,ASSAM,MAJULI,-0.06698961937716336,0.10340638216071277,0.12456747404844747,0.16000000000000222,48766.11687024911,0.03068048307687131,-0.186082276047674,0.29287197231833906,1595085
296,18,ASSAM,MARIGAON,-0.13588619761630275,0.1301653210303609,0.1663360246059249,0.19986159169548773,32784.34286201383,0.017435123529864614,-0.22145328719723184,0.3188927335640138,1884753
297,18,ASSAM,NAGAON,-0.08882737408688257,0.1301653210303611,0.15378700499808512,0.17937716262975217,111764.99193001514,0.03481599198225901,-0.1929104190695886,0.3188927335640138,3221993
298,18,ASSAM,NALBARI,-0.07972318339100491,0.11909265667051533,0.14769703960015992,0.17279507881584816,44308.322151790126,0.034034587920922635,-0.17937716262975778,0.2761399461745483,1306375
300,18,ASSAM,SIBSAGAR,-0.07972318339100251,0.14173010380622666,0.166336024605925,0.1860822760476816,94661.48885188898,0.04638863776352135,-0.19986159169550174,0.31009611687812383,2046198
301,18,ASSAM,SONITPUR,-0.07111111111111261,0.11909265667052917,0.14173010380622883,0.16000000000000458,167204.3491589247,0.04452676519550411,-0.19986159169550174,0.31009611687812383,3761187
707,18,ASSAM,SOUTH SALMARA MANCACHAR,-0.08421376393694643,0.1034063821607035,0.11909265667051784,0.14173010380622658,16947.286442043565,0.024372473590573613,-0.17279507881584008,0.31009611687812383,699403
302,18,ASSAM,TINSUKIA,-0.04822760476739473,0.1358861976163377,0.14769703960017225,0.16633602460592495,344254.0348380318,0.07176653159029708,-0.16633602460592078,0.3014225297962323,4805197
617,18,ASSAM,UDALGURI,-0.05173394848135399,0.14769703960017488,0.16633602460591448,0.17937716262976985,150010.31944326538,0.05961742884054112,-0.15378700499807765,0.33685505574778934,2524545
710,18,ASSAM,WEST KARBI ANGLONG,-0.01205690119184938,0.1929104190695338,0.21413302575925877,0.22889657823911738,472641.1640036974,0.12404379560970397,-0.17279507881584008,0.3188927335640138,3818912
188,10,BIHAR,ARARIA,-0.05536332179930762,0.09842368319876986,0.13016532103037287,0.1727950788158456,98796.5702117908,0.02847833691175368,-0.13588619761630144,0.31009611687812383,3476505
611,10,BIHAR,ARWAL,-0.01039600153787004,0.11909265667051412,0.14173010380623594,0.17279507881584505,53290.628208082715,0.06775843638202872,-0.1085121107266436,0.33685505574778934,790200
189,10,BIHAR,AURANGABAD,-0.006823517752903084,0.13588619761630308,0.1727950788158496,0.19986159169548876,298683.62376878894,0.07349397791913412,-0.13016532103037293,0.33685505574778934,4071463
190,10,BIHAR,BANKA,0.004504969853030376,0.17937716262981385,0.19986159169548498,0.21413302575930232,376454.28460128297,0.10116140021354156,-0.10340638216070744,0.3278123798539023,3727975
191,10,BIHAR,BEGUSARAI,-0.10340638216071421,0.12456747404844855,0.16000000000000303,0.19986159169549148,61885.22946761339,0.026023440813071563,-0.16000000000000003,0.3188927335640138,2385201
200,10,BIHAR,KAIMUR,-0.00262604119523362,0.19291041906954412,0.21413302575925985,0.24415224913493436,392389.85131641274,0.09458324632849421,-0.12456747404844293,0.3553094963475586,4155971
192,10,BIHAR,BHAGALPUR,-0.13588619761632492,0.11374086889658624,0.14173010380623963,0.17279507881584824,24671.258207735686,0.007821071701554388,-0.1929104190695886,0.3188927335640138,3161985
193,10,BIHAR,BHOJPUR,-0.0753556324490529,0.10851211072664987,0.13588619761629797,0.1727950788158463,117728.5268605478,0.039862709609822994,-0.14769703960015382,0.3278123798539023,2959033
194,10,BIHAR,BUXAR,-0.04822760476739527,0.09356401384082326,0.12456747404843878,0.16000000000000195,76866.39600178058,0.036564126872146996,-0.12456747404844293,0.31009611687812383,2107650
195,10,BIHAR,DARBHANGA,-0.05173394848135428,0.16633602460592498,0.21413302575933174,0.2441522491349394,201091.5237645299,0.06430799700838123,-0.16000000000000003,0.34602076124567477,3135810
196,10,BIHAR,GAYA,-0.015747789311802877,0.17279507881580494,0.19291041906956505,0.22145328719722976,514417.6017812933,0.08429106048093803,-0.12456747404844293,0.3553094963475586,6114662
197,10,BIHAR,GOPALGANJ,-0.03543252595155943,0.11909265667052159,0.14769703960015834,0.1793771626297524,116741.9632648802,0.04602060637727508,-0.13588619761630144,0.3278123798539023,2543564
199,10,BIHAR,JAHANABAD,-0.01993079584775082,0.11909265667051959,0.14173010380623877,0.17279507881584616,77297.61033299511,0.0669002795175567,-0.13016532103037293,0.3188927335640138,1159636
198,10,BIHAR,JAMUI,0.012056901191849278,0.19291041906957712,0.21413302575932908,0.23646289888505884,462734.4068439813,0.12140709758361894,-0.11374086889657825,0.3553094963475586,3819342
201,10,BIHAR,KATIHAR,-0.119092656670525,0.09842368319877091,0.12456747404844626,0.16633602460592434,39240.381881484536,0.010423144051001556,-0.1929104190695886,0.3014225297962323,3773694
202,10,BIHAR,KHAGARIA,-0.12456747404844502,0.0842137639369467,0.12456747404843918,0.1727950788158433,-1755.8601030371683,-9.515280117850412E-4,-0.17279507881584008,0.33685505574778934,1851170
203,10,BIHAR,KISHANGANJ,-0.04484429065743824,0.11909265667052403,0.14173010380622938,0.16633602460592445,126965.63932677206,0.05288028671594164,-0.13016532103037293,0.29287197231833906,2408235
204,10,BIHAR,LAKHISARAI,-0.11909265667052138,0.17279507881585027,0.19986159169548506,0.23646289888505959,62831.3122721796,0.041749150448546615,-0.17279507881584008,0.33685505574778934,1509373
205,10,BIHAR,MADHEPURA,-0.12456747404844053,0.11374086889657399,0.1537870049980816,0.1929104190695812,53607.52233295292,0.023925160828060267,-0.1929104190695886,0.31009611687812383,2247230
206,10,BIHAR,MADHUBANI,-0.01384083044982676,0.17279507881585046,0.20693579392538985,0.23646289888505878,356174.7782067662,0.08165950977060323,-0.11909265667051133,0.34602076124567477,4370352
207,10,BIHAR,MUNGER,-0.12456747404846277,0.1860822760476113,0.2069357939253824,0.2288965782391308,99645.45446935612,0.05722758655268663,-0.17279507881584008,0.33685505574778934,1746408
208,10,BIHAR,MUZAFFARPUR,-0.051733948481353084,0.13588619761631415,0.17279507881584927,0.20693579392540482,189676.3979923994,0.04801022616080634,-0.14173010380622836,0.34602076124567477,3958875
209,10,BIHAR,NALANDA,-0.05911572472126314,0.11374086889657883,0.14173010380623494,0.1793771626297619,148095.5995767393,0.05068601329562612,-0.13588619761630144,0.3188927335640138,2929383
210,10,BIHAR,NAWADA,-0.01384083044982677,0.192910419069581,0.21413302575931556,0.23646289888505898,273331.7317951694,0.08921590971957553,-0.13016532103037293,0.36472126105344094,3071041
211,10,BIHAR,PASHCHIMI CHAMPARAN,-0.02102366248256278,0.2069357939253789,0.22889657823909818,0.2519646289888447,662517.3189269102,0.1011349025571611,-0.13588619761630144,0.37425605536332185,6560379
212,10,BIHAR,PATNA,-0.10340638216072603,0.09842368319875824,0.12456747404845027,0.15378700499808162,111341.98233783731,0.02820126631266595,-0.16000000000000003,0.31009611687812383,3959090
213,10,BIHAR,PURBI CHAMPARAN,-0.04158400615148114,0.14173010380621903,0.17279507881585016,0.21413302575933,285085.2522037527,0.0575042061403804,-0.13016532103037293,0.3553094963475586,4966698
214,10,BIHAR,PURNIA,-0.07972318339100351,0.08882737408688524,0.11909265667050817,0.16000000000000428,52270.79493467324,0.013060453754252915,-0.186082276047674,0.3014225297962323,4010639
215,10,BIHAR,ROHTAS,-0.005594671491426411,0.1663360246058479,0.19291041906957965,0.22889657823914109,354713.17738567333,0.07489870773631964,-0.13588619761630144,0.36472126105344094,4743839
216,10,BIHAR,SAHARSA,-0.07111111111111261,0.12456747404845417,0.15999999999999606,0.19986159169549383,75715.59090270055,0.036620937921429175,-0.17279507881584008,0.3188927335640138,2073256
217,10,BIHAR,SAMASTIPUR,-0.07972318339100884,0.13588619761629503,0.17279507881584935,0.20693579392540992,135965.8951880082,0.04104945955923816,-0.16633602460592078,0.33685505574778934,3321029
218,10,BIHAR,SARAN,-0.07972318339100548,0.10851211072665051,0.14173010380623735,0.17937716262975298,91179.6947015059,0.027831965941596,-0.14769703960015382,0.3188927335640138,3282541
219,10,BIHAR,SHEIKHPURA,-0.05536332179930665,0.09842368319876565,0.12456747404843754,0.15378700499807443,38091.97198474503,0.04554140306146131,-0.13016532103037293,0.3278123798539023,840498
220,10,BIHAR,SHEOHAR,-0.027128027681661327,0.17279507881584677,0.21413302575932353,0.24415224913494993,38714.38023058123,0.06992193643033562,-0.12456747404844293,0.34602076124567477,556991
221,10,BIHAR,SITAMARHI,-0.019930795847751002,0.17279507881585054,0.2069357939253916,0.24415224913494044,211139.6043890876,0.07728514899722248,-0.11374086889657825,0.3553094963475586,2739355
222,10,BIHAR,SIWAN,-0.04158400615148106,0.10851211072665401,0.14173010380624018,0.1793771626297526,106021.97358224398,0.03840719810589702,-0.14173010380622836,0.3278123798539023,2766570
223,10,BIHAR,SUPAUL,-0.051733948481352314,0.11909265667051618,0.1537870049980832,0.1929104190695787,123244.11504229439,0.04091670100021353,-0.14173010380622836,0.3278123798539023,3018897
224,10,BIHAR,VAISHALI,-0.09356401384082312,0.12456747404845607,0.15999999999999664,0.19291041906957487,79517.96886227063,0.03149769421544433,-0.16000000000000003,0.3278123798539023,2529599
044,04,CHANDIGARH,CHANDIGARH,9.273107466187222E-4,0.23646289888504607,0.2599000384467462,0.28444444444444145,20580.179669535446,0.13836003999857985,-0.08421376393694734,0.36472126105344094,150026
646,22,CHHATTISGARH,BALOD,-0.0026341112043769843,0.18608227604759725,0.19986159169548282,0.21413302575927964,416051.5787477581,0.10341997741165658,-0.12456747404844293,0.29287197231833906,4030747
644,22,CHHATTISGARH,BALODA BAZAR,0.006851369479182973,0.17937716262974382,0.19986159169548268,0.21413302575924528,611773.7006839081,0.10915686889558043,-0.13588619761630144,0.3278123798539023,5614038
649,22,CHHATTISGARH,BALRAMPUR,0.03254133025759271,0.20693579392537814,0.22145328719720592,0.2441522491349327,1062123.656749375,0.13906356932248187,-0.11909265667051133,0.3278123798539023,7650578
374,22,CHHATTISGARH,BASTAR,0.009677565369396315,0.19291041906953205,0.21413302575929297,0.22889657823912674,832155.7207466129,0.1303885306610644,-0.16000000000000003,0.34602076124567477,6393305
650,22,CHHATTISGARH,BEMETARA,-0.03254133025759237,0.09356401384084771,0.10851211072665447,0.12456747404845082,97516.96233948646,0.03625157573123472,-0.14769703960015382,0.28444444444444444,2697016
636,22,CHHATTISGARH,BIJAPUR,0.059115724721263196,0.20693579392537345,0.22145328719723503,0.23646289888503172,1801478.3799757774,0.1650145359670483,-0.14769703960015382,0.3278123798539023,10931393
375,22,CHHATTISGARH,BILASPUR,9.176974225097822E-4,0.17937716262981726,0.19986159169548368,0.22145328719723015,450764.8196845256,0.10548324318101487,-0.14173010380622836,0.3278123798539023,4282196
734,22,CHHATTISGARH,GAURELA-PENDRA-MARWAHI,0.027128027681661393,0.19291041906953485,0.2069357939253807,0.22145328719721682,310471.89034001157,0.1285614807761023,-0.11909265667051133,0.3014225297962323,2420209
376,22,CHHATTISGARH,DAKSHIN BASTAR DANTEWADA,0.03844675124951881,0.21413302575925436,0.22889657823911763,0.25196462898884486,509787.06688721315,0.1531965576385432,-0.13588619761630144,0.3278123798539023,3336766
377,22,CHHATTISGARH,DHAMTARI,-0.012056901191849012,0.18608227604760022,0.19291041906951856,0.20693579392538586,540444.1921752836,0.11087148612415111,-0.17279507881584008,0.31009611687812383,4882863
378,22,CHHATTISGARH,DURG,-0.048227604767395335,0.10851211072666342,0.11909265667052621,0.13588619761629706,156963.3590052671,0.05704107847723094,-0.16000000000000003,0.2599000384467512,2758101
645,22,CHHATTISGARH,GARIYABAND,0.004507680884113876,0.19986159169554288,0.21413302575925697,0.23646289888503366,792736.3994736059,0.13729208302154525,-0.14769703960015382,0.3188927335640138,5784384
379,22,CHHATTISGARH,JANJGIR - CHAMPA,-0.008858131487889115,0.13588619761635207,0.14769703960017241,0.16633602460592495,430884.21629575966,0.07974936037055798,-0.14173010380622836,0.29287197231833906,5413703
380,22,CHHATTISGARH,JASHPUR,0.008858131487889156,0.17937716262982092,0.19986159169548426,0.21413302575931253,821286.9112101572,0.11592256944426045,-0.11909265667051133,0.3188927335640138,7094864
382,22,CHHATTISGARH,KABIRDHAM,-0.010396001537870282,0.20693579392537487,0.22889657823910153,0.25196462898884453,560776.0065787158,0.11093114021897132,-0.12456747404844293,0.3278123798539023,5063228
381,22,CHHATTISGARH,UTTAR BASTAR KANKER,0.01777777777777834,0.19986159169548232,0.21413302575927062,0.22889657823912485,1161415.9045610267,0.1357836065011959,-0.14769703960015382,0.31009611687812383,8566278
643,22,CHHATTISGARH,KONDAGAON,0.012056901191849151,0.18608227604763997,0.19986159169548404,0.22145328719721027,760004.6595335924,0.12612603948220133,-0.12456747404844293,0.3188927335640138,6035251
383,22,CHHATTISGARH,KORBA,0.02712802768166028,0.2069357939253759,0.22145328719730184,0.2441522491349268,1158360.614175057,0.14525213218636365,-0.13016532103037293,0.33685505574778934,7984432
384,22,CHHATTISGARH,KOREA,0.05536332179930946,0.19291041906952242,0.2069357939253806,0.22889657823912693,1169092.1250617923,0.1455141611238803,-0.12456747404844293,0.33685505574778934,8044955
385,22,CHHATTISGARH,MAHASAMUND,0.010396001537870257,0.17937716262981176,0.19986159169548418,0.21413302575932938,584537.1169733065,0.10270926896228581,-0.13016532103037293,0.3014225297962323,5701522
647,22,CHHATTISGARH,MUNGELI,-0.010396001537870283,0.1998615916955067,0.22145328719719812,0.24415224913492958,345783.7453371808,0.10324279660034662,-0.16000000000000003,0.3278123798539023,3357558
637,22,CHHATTISGARH,NARAINPUR,0.059115724721263904,0.20693579392537859,0.2214532871972079,0.2364628988850565,726090.8378760932,0.15703581680274598,-0.11909265667051133,0.3278123798539023,4632332
386,22,CHHATTISGARH,RAIGARH,0.0045071766413537695,0.17937716262982872,0.19986159169548362,0.22145328719721238,978916.0382011717,0.11531412543542671,-0.14769703960015382,0.3188927335640138,8502955
387,22,CHHATTISGARH,RAIPUR,-0.05173394848135185,0.12456747404847708,0.13588619761633683,0.15378700499808332,272387.5330083637,0.07826317711812299,-0.16000000000000003,0.2761399461745483,3486230
388,22,CHHATTISGARH,RAJ NANDGAON,-0.008858131487889963,0.19986159169549775,0.21413302575925988,0.23646289888503236,1084768.9552545627,0.11233808114914928,-0.13588619761630144,0.3278123798539023,9670842
642,22,CHHATTISGARH,SUKMA,0.06299115724721134,0.20693579392537628,0.22145328719720636,0.2364628988850498,1007292.2177692682,0.15627242391600132,-0.09356401384083046,0.3278123798539023,6458280
648,22,CHHATTISGARH,SURAJPUR,0.04484429065743802,0.1998615916955389,0.22145328719724636,0.24415224913492883,944108.3298562237,0.14229240877569474,-0.12456747404844293,0.34602076124567477,6646511
389,22,CHHATTISGARH,SURGUJA,0.015747789311802863,0.18608227604762195,0.2069357939253826,0.22889657823913573,581632.4794321165,0.11979303652373313,-0.13588619761630144,0.3278123798539023,4864080
463,38,DADRA & NAGAR HAVELI & DAMAN & DIU,DAMAN,-0.05536332179930808,0.15378700499807602,0.17279507881583905,0.18608227604767244,7274.061295157424,0.08540847499843755,-0.11909265667051133,0.2761399461745483,86148
464,38,DADRA & NAGAR HAVELI & DAMAN & DIU,DIU,-0.027128027681660866,0.20693579392541211,0.22889657823913942,0.2441522491349447,4976.523985495966,0.10777549071518343,-0.11909265667051133,0.29287197231833906,47012
465,38,DADRA & NAGAR HAVELI & DAMAN & DIU,DADRA & NAGAR HAVELI,-0.001005755666313617,0.21413302575933355,0.22889657823915024,0.25196462898884536,87786.48519251088,0.15052013067076897,-0.12456747404844293,0.3188927335640138,587628
077,07,DELHI,CENTRAL,-0.05911572472126164,0.19291041906958387,0.22889657823913456,0.2519646289888462,11397.431194939085,0.08421390420114526,-0.11374086889657825,0.34602076124567477,137139
078,07,DELHI,EAST,-0.051733948481353334,0.14769703960015487,0.1727950788158395,0.20693579392541311,2635.4265406820405,0.06586081074640762,-0.11374086889657825,0.28444444444444444,40526
079,07,DELHI,NEW DELHI,-0.01777777777777782,0.22889657823914852,0.25196462898884536,0.27613994617455107,25933.17346503549,0.13040047713467975,-0.10340638216070744,0.33685505574778934,200534
080,07,DELHI,NORTH,-0.03543252595155657,0.1727950788158482,0.1998615916954959,0.23646289888504457,31890.1837375968,0.08591427566067891,-0.09842368319876971,0.34602076124567477,373407
081,07,DELHI,NORTH EAST,-0.0711111111111112,0.14769703960015548,0.1860822760476738,0.23646289888504415,2002.8740434375695,0.044657868261088036,-0.11374086889657825,0.31009611687812383,45774
082,07,DELHI,NORTH WEST,-0.0384467512495197,0.1358861976163061,0.17279507881584147,0.21413302575932386,12421.31437422556,0.06359209697234428,-0.09842368319876971,0.33685505574778934,197251
671,07,DELHI,SHAHADRA,-0.07111111111111121,0.10851211072664324,0.13588619761630133,0.17279507881584036,1143.4807950487148,0.026121222562584943,-0.1085121107266436,0.36472126105344094,44424
083,07,DELHI,SOUTH,-0.044844290657439737,0.24415224913492992,0.2519646289888449,0.2679584775086545,30426.148856039796,0.15049458777799646,-0.10340638216070744,0.34602076124567477,203572
084,07,DELHI,SOUTH WEST,-0.03543252595155657,0.16633602460592348,0.19986159169550166,0.23646289888504615,26528.485303300535,0.07373280118090862,-0.09356401384083046,0.34602076124567477,362148
085,07,DELHI,WEST,-0.05536332179930732,0.14769703960015756,0.17937716262975623,0.21413302575932344,8587.08281767673,0.051375601368950835,-0.1085121107266436,0.3188927335640138,168657
670,07,DELHI,SOUTH EAST,-0.0517339484813534,0.20693579392541323,0.22889657823913778,0.25196462898884947,12069.726010538609,0.09365583466827825,-0.1085121107266436,0.3188927335640138,130060
551,30,GOA,NORTH GOA,0.01777777777777745,0.21413302575921372,0.22889657823910536,0.24415224913492783,314880.237291028,0.15574460107594043,-0.13588619761630144,0.33685505574778934,2026943
552,30,GOA,SOUTH GOA,0.02977316416762823,0.22145328719728763,0.23646289888504343,0.25196462898884475,375994.4026988169,0.16616755004635975,-0.14769703960015382,0.33685505574778934,2268792
673,24,GUJARAT,MORBI,-0.017777777777777795,0.13588619761633908,0.16000000000000902,0.17937716262975759,441269.76600277354,0.07312857625536939,-0.16000000000000003,0.29287197231833906,6044416
438,24,GUJARAT,AHMADABAD,-0.07111111111111672,0.13016532103035297,0.15378700499808737,0.17937716262975578,490453.853703352,0.055936599963667115,-0.15378700499807765,0.3278123798539023,8784863
440,24,GUJARAT,ANAND,-0.05173394848135048,0.14173010380621381,0.16633602460592511,0.1998615916954899,259457.31321375456,0.06766315625311971,-0.13016532103037293,0.3188927335640138,3842291
674,24,GUJARAT,DEVBHUMI DWARKA,-0.00681372442984502,0.14173010380622825,0.16000000000001025,0.1793771626297566,455563.33034331823,0.0908929451700161,-0.17279507881584008,0.3014225297962323,5023982
447,24,GUJARAT,JAMNAGAR,-0.029773164167627635,0.13588619761634183,0.153787004998086,0.17937716262976844,524644.9203423467,0.07348097695903573,-0.15378700499807765,0.31009611687812383,7153837
449,24,GUJARAT,KACHCHH,-0.025839609132625195,0.16633602460581315,0.1793771626298012,0.19986159169548476,4617975.934402884,0.09311808721191285,-0.17937716262975778,0.3278123798539023,49630741
443,24,GUJARAT,BHAVNAGAR,0.0017403358961620558,0.15999999999996978,0.17937716262980766,0.20693579392539466,792740.19838083,0.09762333858308603,-0.16633602460592078,0.3553094963475586,8129986
442,24,GUJARAT,BHARUCH,-0.04484429065744492,0.16633602460589214,0.1929104190695773,0.21413302575931528,498390.5077328611,0.08408482409576856,-0.15378700499807765,0.3278123798539023,5942322
459,24,GUJARAT,SURAT,-0.03844675124952083,0.1860822760477091,0.2069357939253834,0.22889657823911588,527311.0540570291,0.10154896305956149,-0.17279507881584008,0.3188927335640138,5202601
453,24,GUJARAT,NAVSARI,-0.02460592079969279,0.19291041906955061,0.21413302575928467,0.23646289888503064,329458.97345153545,0.12508468729168704,-0.13588619761630144,0.33685505574778934,2640202
462,24,GUJARAT,VALSAD,-0.004474878991049887,0.21413302575928225,0.22889657823910745,0.25196462898884486,523341.4048144974,0.14891094294927576,-0.14769703960015382,0.34602076124567477,3524114
672,24,GUJARAT,ARAVALLI,-0.0246059207996914,0.19291041906957038,0.2141330257593056,0.24415224913493835,403656.2306653968,0.10526287788333122,-0.12456747404844293,0.3553094963475586,3843076
441,24,GUJARAT,BANAS KANTHA,-0.019930795847752147,0.17279507881580422,0.20693579392538372,0.23646289888504057,1051528.167419677,0.0797821929072015,-0.12456747404844293,0.36472126105344094,13197838
668,24,GUJARAT,CHHOTA UDEPUR,-0.01993079584775091,0.19291041906956685,0.2141330257593194,0.23646289888505742,510941.92320678313,0.12254016304897117,-0.12456747404844293,0.33685505574778934,4179280
445,24,GUJARAT,DAHOD,0.015747789311802842,0.18608227604769517,0.20693579392538408,0.22889657823912957,516383.105481551,0.11702092953681571,-0.12456747404844293,0.33685505574778934,4420485
444,24,GUJARAT,DANGS,0.07972318339100468,0.24415224913496728,0.2599000384467572,0.27613994617452287,392067.5410342235,0.18582519938972658,-0.07111111111111111,0.33685505574778934,2115144
675,24,GUJARAT,GIR SOMNATH,-0.00885813148788912,0.16633602460588143,0.17937716262979,0.1998615916954896,296612.47781489795,0.09382473904002663,-0.13588619761630144,0.31009611687812383,3168667
448,24,GUJARAT,JUNAGADH,-0.02712802768166113,0.19291041906951353,0.20693579392537614,0.22145328719721974,697793.6908122932,0.09471370878430324,-0.14769703960015382,0.3278123798539023,7380122
669,24,GUJARAT,MAHISAGAR,0.015747789311802887,0.19986159169548348,0.22145328719720384,0.23646289888506003,402162.3809928475,0.13186751333678035,-0.12456747404844293,0.3278123798539023,3057162
452,24,GUJARAT,NARMADA,0.01993079584775124,0.21413302575922594,0.22889657823910556,0.2519646289888447,478306.88819194474,0.1411945049551563,-0.11909265667051133,0.3278123798539023,3395262
454,24,GUJARAT,PANCH MAHALS,0.0026456485604213747,0.19291041906955475,0.2141330257592971,0.2288965782391323,508302.00880916923,0.12790734410348728,-0.13588619761630144,0.33685505574778934,3982812
458,24,GUJARAT,SABAR KANTHA,-0.035432525951560094,0.20693579392538228,0.22889657823911924,0.2519646289888449,539067.496234847,0.10414160605316575,-0.11909265667051133,0.36472126105344094,5187838
641,24,GUJARAT,TAPI,0.01993079584775078,0.2141330257592282,0.23646289888500824,0.25196462898884464,496942.67051508115,0.1321282743155588,-0.12456747404844293,0.33685505574778934,3771978
461,24,GUJARAT,VADODARA,-0.05536332179930551,0.17279507881585093,0.19986159169548565,0.2214532871972354,389676.27814438695,0.07892617731351298,-0.13016532103037293,0.33685505574778934,4946678
439,24,GUJARAT,AMRELI,-0.027128027681662028,0.14173010380624917,0.16633602460590124,0.1860822760476981,629606.4069180602,0.07175210064534786,-0.13016532103037293,0.3188927335640138,8788427
456,24,GUJARAT,PORBANDAR,-0.06698961937716634,0.14769703960017322,0.1727950788158501,0.19291041906960432,191134.14725393977,0.06875208147137686,-0.16000000000000003,0.3188927335640138,2788240
457,24,GUJARAT,RAJKOT,-0.02220684352172132,0.124567474048473,0.14769703960017053,0.16633602460592486,632210.4828675523,0.0682662427361799,-0.13016532103037293,0.31009611687812383,9279397
460,24,GUJARAT,SURENDRANAGAR,-0.035432525951558165,0.1301653210303411,0.1476970396001714,0.17279507881584935,742985.7563980739,0.06688803535617589,-0.13588619761630144,0.3014225297962323,11127032
676,24,GUJARAT,BOTAD,-0.008858131487889108,0.12456747404846572,0.14173010380623238,0.1600000000000016,213900.93383892684,0.07158568691872337,-0.11909265667051133,0.2679584775086506,2995174
450,24,GUJARAT,KHEDA,-0.03844675124951999,0.1727950788158111,0.19291041906957643,0.21413302575933132,384295.10899005394,0.0921819509835433,-0.13016532103037293,0.3278123798539023,4177913
451,24,GUJARAT,MAHESANA,-0.03254133025759281,0.16633602460589272,0.1929104190695966,0.221453287197231,441956.0865373433,0.08212270654648983,-0.13016532103037293,0.33685505574778934,5393193
446,24,GUJARAT,GANDHINAGAR,-0.022206843521721916,0.17937716262980039,0.20693579392538794,0.22889657823914897,246809.85020224538,0.09659733230895289,-0.13016532103037293,0.3278123798539023,2563098
455,24,GUJARAT,PATAN,-0.041584006151481195,0.13588619761631296,0.16633602460592503,0.1929104190695782,402560.9738864696,0.05705357897341408,-0.12456747404844293,0.3278123798539023,7069966
058,06,HARYANA,AMBALA,0.03844675124951923,0.1860822760477058,0.21413302575933135,0.2599000384467458,240581.11353126733,0.12302473864394943,-0.09356401384083046,0.37425605536332185,1963507
059,06,HARYANA,BHIWANI,-0.017777777777777965,0.13588619761629586,0.17279507881584982,0.19986159169549064,262448.3184347746,0.0626802081411502,-0.1085121107266436,0.3553094963475586,4194676
060,06,HARYANA,FARIDABAD,-0.01384083044982666,0.20693579392538664,0.22889657823912393,0.25196462898884486,98307.3085427743,0.10434880870736729,-0.09842368319876971,0.34602076124567477,945230
061,06,HARYANA,FATEHABAD,0.02460592079969226,0.1245674740484654,0.14769703960016084,0.17937716262975273,276273.6849604651,0.08526826134128705,-0.09356401384083046,0.36472126105344094,3246738
062,06,HARYANA,GURUGRAM,-0.008858131487889118,0.20693579392538192,0.22889657823911175,0.25196462898884475,154822.71441583574,0.09774365065622868,-0.1085121107266436,0.36472126105344094,1589083
063,06,HARYANA,HISAR,0.00452194646689067,0.1358861976163172,0.16633602460592498,0.19986159169548895,407129.3803336492,0.07821147810888604,-0.10340638216070744,0.37425605536332185,5213950
064,06,HARYANA,JHAJJAR,-0.010396001537870176,0.13016532103035516,0.16000000000000036,0.19291041906958,174052.29061601587,0.07371069807787752,-0.1085121107266436,0.34602076124567477,2367667
065,06,HARYANA,JIND,0.012056901191849293,0.12456747404846467,0.14769703960015437,0.17937716262975248,292621.58613254275,0.08371087875500333,-0.11374086889657825,0.3553094963475586,3503951
066,06,HARYANA,KAITHAL,0.03543252595155689,0.13588619761634177,0.1663360246059248,0.22145328719722784,291997.71428505884,0.09991935084910261,-0.11374086889657825,0.3839138792772011,2929802
067,06,HARYANA,KARNAL,0.029773164167628353,0.1417301038062192,0.16633602460592495,0.19291041906957726,312807.48552762996,0.09838132528046158,-0.10340638216070744,0.36472126105344094,3186602
068,06,HARYANA,KURUKSHETRA,0.0354325259515572,0.1537870049980497,0.17937716262977602,0.2214532871972299,233046.81069591313,0.10795611025550894,-0.09842368319876971,0.37425605536332185,2164099
069,06,HARYANA,MAHENDRAGARH,-0.006807161330343926,0.17279507881584957,0.20693579392539524,0.24415224913494443,192949.13117219327,0.07883918276228712,-0.08882737408688965,0.36472126105344094,2455293
604,06,HARYANA,MEWAT,-0.008858131487889127,0.17937716262975092,0.20693579392540284,0.23646289888505193,167467.96576567093,0.08752096546321513,-0.08882737408688965,0.34602076124567477,1920287
619,06,HARYANA,PALWAL,0.01993079584775119,0.14173010380621406,0.1600000000000036,0.18608227604767366,163280.83864946346,0.09501828861854154,-0.10340638216070744,0.3553094963475586,1723336
070,06,HARYANA,PANCHKULA,0.04822760476739695,0.2761399461745456,0.3014225297961967,0.3188927335640261,209783.07211307305,0.1837774697328832,-0.08882737408688965,0.41362552864282975,1145979
071,06,HARYANA,PANIPAT,0.00684868771695606,0.14769703960016595,0.16633602460592495,0.19291041906958187,152712.35068660957,0.09163679466658763,-0.09356401384083046,0.3553094963475586,1670732
072,06,HARYANA,REWARI,-0.01574778931180285,0.12456747404844987,0.17279507881584694,0.22145328719723104,116334.23060031551,0.05916370777231741,-0.10340638216070744,0.36472126105344094,1972079
073,06,HARYANA,ROHTAK,-0.010396001537870157,0.13016532103035494,0.15378700499808573,0.17937716262975245,166020.02083379048,0.0780974800056635,-0.1085121107266436,0.3553094963475586,2130843
074,06,HARYANA,SIRSA,0.013840830449827469,0.12456747404846856,0.147697039600165,0.17937716262975184,435178.9831054478,0.07942446015408008,-0.08882737408688965,0.37425605536332185,5487960
075,06,HARYANA,SONIPAT,0.012056901191849378,0.14173010380621814,0.1663360246059251,0.1929104190695755,247174.72774159772,0.088889461677672,-0.09842368319876971,0.33685505574778934,2786505
076,06,HARYANA,YAMUNANAGAR,0.03844675124951893,0.221453287197234,0.25196462898888516,0.27613994617456694,308806.5338727584,0.139102995439097,-0.08882737408688965,0.3839138792772011,2225647
701,06,HARYANA,CHARKHI DADRI,-0.029773164167627073,0.119092656670511,0.16000000000000286,0.2069357939254182,93544.44191816934,0.05325271593632325,-0.12456747404844293,0.34602076124567477,1761774
015,02,HIMACHAL PRADESH,BILASPUR,0.0842137639369478,0.2928719723183134,0.31889273356404707,0.3368550557477852,320954.2111577579,0.2108856505093091,-0.08882737408688965,0.41362552864282975,1527049
016,02,HIMACHAL PRADESH,CHAMBA,-0.0629911572472113,0.2679584775087071,0.2928719723183647,0.310096116878135,1305193.3923126594,0.15136553890252333,-0.1929104190695886,0.42377547097270285,8634536
017,02,HIMACHAL PRADESH,HAMIRPUR,0.05911572472126153,0.28444444444447736,0.3014225297962076,0.327812379853909,304394.5623444956,0.20840506167766842,-0.08882737408688965,0.41362552864282975,1464411
018,02,HIMACHAL PRADESH,KANGRA,-0.05173394848134924,0.284444444444482,0.30142252979623113,0.32781237985393896,1330652.4206562543,0.176158056375329,-0.16633602460592078,0.41362552864282975,7565612
020,02,HIMACHAL PRADESH,KULLU,-0.07972318339101087,0.25196462898902816,0.2679584775087073,0.28444444444447914,926984.868303755,0.12870140001775018,-0.17279507881584008,0.3839138792772011,7211360
022,02,HIMACHAL PRADESH,MANDI,0.0797231833910041,0.2844444444444812,0.3014225297962301,0.31889273356405484,1068276.95166127,0.2066096922612847,-0.07972318339100345,0.41362552864282975,5177402
023,02,HIMACHAL PRADESH,SHIMLA,-0.025900753597316955,0.2519646289889751,0.27613994617451665,0.2928719723183234,1202712.570894611,0.18009169687966228,-0.17279507881584008,0.39369473279507883,6689722
024,02,HIMACHAL PRADESH,SIRMAUR,0.07972318339100294,0.28444444444439887,0.3100961168781446,0.3278123798539177,782526.9693519166,0.21361028552684158,-0.08421376393694734,0.40359861591695495,3670428
025,02,HIMACHAL PRADESH,SOLAN,0.07111111111111106,0.2928719723183508,0.3100961168781097,0.32781237985393336,530770.9295417317,0.2107555871335258,-0.08882737408688965,0.40359861591695495,2524974
026,02,HIMACHAL PRADESH,UNA,0.05911572472126371,0.27613994617455245,0.2928719723183085,0.31889273356403397,382116.7833467778,0.18939439848362138,-0.07972318339100345,0.40359861591695495,2022495
019,02,HIMACHAL PRADESH,KINNAUR,-0.08421376393694563,0.1727950788158448,0.2069357939253795,0.23646289888497998,470907.3955945568,0.05534505720338209,-0.17279507881584008,0.3553094963475586,8518904
021,02,HIMACHAL PRADESH,LAHUL & SPITI,-0.06698961937716695,0.10340638216073265,0.1245674740484643,0.15378700499808254,566976.476479512,0.030754026588616153,-0.14173010380622836,0.33685505574778934,18455211
,01,JAMMU & KASHMIR,MIRPUR,0.021125314110805017,0.2844444444444794,0.3014225297962038,0.31889273356404735,933773.9599193484,0.19340489318142992,-0.12456747404844293,0.42377547097270285,4837249
,01,JAMMU & KASHMIR,MUZAFFARABAD,-0.012975574071824505,0.28444444444444833,0.3100961168781303,0.327812379853939,1191073.640011464,0.18335800627723595,-0.1085121107266436,0.42377547097270285,6508506
010,01,JAMMU & KASHMIR,PUNCH,0.005802988684948898,0.2928719723183493,0.3100961168780888,0.32781237985391143,1157605.9223408683,0.20338132811782886,-0.16633602460592078,0.4444444444444444,5700333
001,01,JAMMU & KASHMIR,ANANTNAG,-0.021067565192141785,0.2844444444444791,0.31009611687810357,0.3278123798539309,601430.7093576905,0.1643602926934098,-0.14769703960015382,0.4340484429065744,3666744
003,01,JAMMU & KASHMIR,BARAMULA,-0.001691720660780195,0.2761399461744937,0.29287197231836376,0.3188927335640402,488039.9881439362,0.17571455577288558,-0.14173010380622836,0.4340484429065744,2783290
007,01,JAMMU & KASHMIR,KATHUA,0.005777646425733726,0.284444444444444,0.31009611687813965,0.32781237985395695,615951.6721160021,0.18618646100349273,-0.19986159169550174,0.42377547097270285,3314635
014,01,JAMMU & KASHMIR,UDHAMPUR,0.02592647153899481,0.2844444444444791,0.3100961168781106,0.3278123798539188,608747.1292358338,0.2010805378341449,-0.17937716262975778,0.42377547097270285,3033474
002,01,JAMMU & KASHMIR,BADGAM,-0.04822760476739635,0.2288965782391003,0.25196462898884453,0.2761399461745354,206688.90562823828,0.1231264660493733,-0.15378700499807765,0.40359861591695495,1682823
623,01,JAMMU & KASHMIR,BANDIPURA,-0.005734608281612548,0.2761399461744408,0.30142252979629564,0.3278123798539211,880767.54164263,0.1609197590245567,-0.16000000000000003,0.42377547097270285,5482179
626,01,JAMMU & KASHMIR,GANDERBAL,-0.02586832024080153,0.30142252979627004,0.32781237985384537,0.34602076124574144,378379.8595878571,0.17315523645138153,-0.14173010380622836,0.454963475586313,2192068
622,01,JAMMU & KASHMIR,KULGAM,-0.0842137639369485,0.22889657823912704,0.2679584775086738,0.301422529796203,186098.06699580123,0.10991325019894242,-0.17937716262975778,0.42377547097270285,1698369
008,01,JAMMU & KASHMIR,KUPWARA,0.021147404791245567,0.3014225297962568,0.3188927335640655,0.3368550557477968,746373.3877523805,0.2010966783293807,-0.13588619761630144,0.4444444444444444,3717596
011,01,JAMMU & KASHMIR,PULWAMA,0.013004819900890413,0.29287197231831646,0.327812379853924,0.35530949634753045,209645.73623676147,0.17405127397423398,-0.11374086889657825,0.454963475586313,1208381
012,01,JAMMU & KASHMIR,RAJAURI,0.03699946197204897,0.29287197231838474,0.3188927335640635,0.33685505574781804,744035.307291848,0.211698305110255,-0.16633602460592078,0.42377547097270285,3521026
621,01,JAMMU & KASHMIR,RAMBAN,0.025913433290506466,0.2844444444444782,0.3014225297962532,0.3188927335640486,342919.01711224264,0.19952215762154124,-0.16633602460592078,0.42377547097270285,1722238
627,01,JAMMU & KASHMIR,RIASI,-0.021096876318596785,0.3100961168781734,0.3368550557478538,0.35530949634754116,551171.4521825254,0.21397707494140955,-0.17279507881584008,0.454963475586313,2582725
625,01,JAMMU & KASHMIR,SHUPIYAN,-0.016754706358305945,0.221453287197225,0.23646289888505667,0.25990003844674586,99730.91212599952,0.14718365918994197,-0.13016532103037293,0.37425605536332185,681043
013,01,JAMMU & KASHMIR,SRINAGAR,-0.041584006151480446,0.23646289888505492,0.26795847750865154,0.3100961168781267,47636.29531011376,0.12581761010416515,-0.13588619761630144,0.4340484429065744,381957
620,01,JAMMU & KASHMIR,KISHTWAR,-0.04484429065744007,0.2519646289890065,0.28444444444441774,0.3014225297962727,1329793.0223919775,0.12166275309074893,-0.13588619761630144,0.40359861591695495,10942149
004,01,JAMMU & KASHMIR,DODA,0.005779377172563406,0.2761399461744837,0.2928719723183253,0.3100961168781048,629673.0534994486,0.19650208811179232,-0.186082276047674,0.39369473279507883,3210495
624,01,JAMMU & KASHMIR,SAMBA,0.044844290657438474,0.2928719723183614,0.31009611687808825,0.3278123798539192,223789.16730439552,0.1822888973450091,-0.08882737408688965,0.4340484429065744,1231705
005,01,JAMMU & KASHMIR,JAMMU,0.021126372001641337,0.27613994617450544,0.3014225297962256,0.3278123798539202,548736.2929872547,0.17163275784494897,-0.1085121107266436,0.42377547097270285,3204791
322,20,JHARKHAND,BOKARO,0.004500690362707222,0.19986159169548334,0.21413302575929904,0.2364628988850571,465344.71470360487,0.13258840908097955,-0.13016532103037293,0.36472126105344094,3518062
323,20,JHARKHAND,CHATRA,0.032541330257593,0.20693579392537595,0.22145328719724747,0.2364628988850246,676721.2332805815,0.1453475444855025,-0.1085121107266436,0.36472126105344094,4666877
325,20,JHARKHAND,DHANBAD,-0.013840830449826822,0.1860822760477142,0.20693579392538752,0.22889657823914317,305210.26277488715,0.12274998381825263,-0.13016532103037293,0.3553094963475586,2490976
324,20,JHARKHAND,DEOGHAR,0.017777777777777698,0.17279507881585124,0.19291041906960332,0.21413302575933066,349795.8504028621,0.11488790481100279,-0.1085121107266436,0.34602076124567477,3050828
326,20,JHARKHAND,DUMKA,0.0354325259515576,0.18608227604767735,0.20693579392538422,0.22889657823914367,603227.412939452,0.1309740383420399,-0.13016532103037293,0.34602076124567477,4613615
328,20,JHARKHAND,GARHWA,0.024605920799691993,0.19986159169548212,0.21413302575924908,0.23646289888505723,666588.2611077677,0.13290099675617115,-0.13016532103037293,0.34602076124567477,5023969
329,20,JHARKHAND,GIRIDIH,0.0325413302575926,0.19291041906955048,0.21413302575930623,0.2364628988850583,810532.3458197756,0.13334339831482142,-0.10340638216070744,0.3553094963475586,6087886
330,20,JHARKHAND,GODDA,0.019930795847750874,0.17937716262981376,0.19986159169548484,0.22145328719723156,320280.6132868105,0.11406198370419061,-0.1085121107266436,0.34602076124567477,2814180
331,20,JHARKHAND,GUMLA,0.004498821828547508,0.18608227604767785,0.19986159169548423,0.22889657823912524,764586.8596880753,0.11753735825308446,-0.13016532103037293,0.3278123798539023,6516036
332,20,JHARKHAND,HAZARIBAGH,0.019930795847750992,0.20693579392537814,0.22145328719721466,0.2441522491349407,744982.3125955312,0.1405114533687017,-0.12456747404844293,0.36472126105344094,5315097
333,20,JHARKHAND,JAMTARA,0.027128027681661716,0.17279507881585082,0.18608227604770827,0.20693579392539393,252663.73000290355,0.11443030609713234,-0.1085121107266436,0.3188927335640138,2214404
606,20,JHARKHAND,KHUNTI,0.002652112207500304,0.19986159169548312,0.22145328719720878,0.24415224913493544,410871.12933735346,0.12852742288961924,-0.1085121107266436,0.37425605536332185,3204257
334,20,JHARKHAND,KODARMA,0.035432525951556514,0.22145328719731197,0.2364628988850088,0.25196462898884503,315782.4440052205,0.15712574235661192,-0.09842368319876971,0.3553094963475586,2016064
335,20,JHARKHAND,LATEHAR,0.051733948481353854,0.2141330257592577,0.22889657823911028,0.24415224913492928,801906.5993492905,0.1550371339283809,-0.09842368319876971,0.33685505574778934,5182155
336,20,JHARKHAND,LOHARDAGA,0.01993079584775152,0.19986159169548506,0.22145328719721408,0.24415224913493164,225716.97787266862,0.12312030252990727,-0.11374086889657825,0.33685505574778934,1838361
337,20,JHARKHAND,PAKUR,-0.025858995212607736,0.16633602460587318,0.18608227604770228,0.2141330257593295,234829.2799551015,0.10626933318646993,-0.15378700499807765,0.34602076124567477,2216228
338,20,JHARKHAND,PALAMU,0.02220684352172233,0.19291041906953146,0.20693579392537892,0.22889657823913537,692073.3752837707,0.12797667009548094,-0.12456747404844293,0.33685505574778934,5416996
343,20,JHARKHAND,WEST SINGHBHUM,0.01574778931180287,0.20693579392537764,0.22889657823910842,0.25196462898884475,1166582.1729463285,0.1337237001874004,-0.13588619761630144,0.33685505574778934,8734513
327,20,JHARKHAND,EAST SINGHBHUM,-0.008858131487889127,0.1929104190695662,0.21413302575931087,0.24415224913493325,504413.5942755562,0.11734786904575523,-0.15378700499807765,0.3278123798539023,4306723
607,20,JHARKHAND,RAMGARH,9.081830561465687E-4,0.19986159169548667,0.2141330257593305,0.24415224913494613,215494.91476128064,0.12686548233569958,-0.11374086889657825,0.3553094963475586,1705200
339,20,JHARKHAND,RANCHI,-0.004488231556664985,0.18608227604768218,0.20693579392538514,0.22889657823913595,703188.1163391254,0.11602771171494462,-0.12456747404844293,0.34602076124567477,6072574
340,20,JHARKHAND,SAHIBGANJ,-0.0935640138408253,0.1860822760475807,0.20693579392537964,0.23646289888502545,257224.85930584685,0.09532102158906353,-0.17937716262975778,0.34602076124567477,2704649
341,20,JHARKHAND,SARAIKELA-KHARSAWAN,0.0026478096323304338,0.19291041906955206,0.2214532871972093,0.24415224913493166,378453.92101244413,0.11747882067140637,-0.13588619761630144,0.34602076124567477,3228630
342,20,JHARKHAND,SIMDEGA,0.015747789311802908,0.19291041906954706,0.20693579392538658,0.22145328719722593,591751.2694266824,0.12954184722505613,-0.11909265667051133,0.3278123798539023,4575865
524,29,KARNATAKA,BAGALKOT,-0.019930795847750964,0.1599999999999756,0.18608227604769592,0.19986159169548476,686947.1805825745,0.09008465136965131,-0.13016532103037293,0.3014225297962323,7637876
528,29,KARNATAKA,BALLARI,-0.017777777777777965,0.15999999999996578,0.1727950788158375,0.19291041906958353,955465.3070074305,0.09752889553504988,-0.14769703960015382,0.29287197231833906,9811668
527,29,KARNATAKA,BELAGAVI,-0.017777777777778017,0.1727950788157644,0.19291041906953166,0.2141330257592776,1482994.465881448,0.094898118653033,-0.13588619761630144,0.3278123798539023,15647841
526,29,KARNATAKA,BENGALURU RURAL,-0.006819714062137101,0.17937716262981376,0.19291041906956397,0.21413302575932977,321696.6112040009,0.12191376352952642,-0.15378700499807765,0.31009611687812383,2647699
525,29,KARNATAKA,BENGALURU URBAN,-0.09842368319877559,0.159999999999989,0.1793771626297888,0.19986159169548853,175757.18060506968,0.06976872528892095,-0.19986159169550174,0.31009611687812383,2525378
529,29,KARNATAKA,BIDAR,-0.035432525951559074,0.10340638216073633,0.12456747404846016,0.14769703960015712,337449.3096789096,0.05273909233927829,-0.14173010380622836,0.2599000384467512,6408943
531,29,KARNATAKA,CHAMARAJANAGAR,0.016814054777972397,0.23646289888511857,0.2599000384468231,0.27613994617457566,1019394.989778335,0.1579448512307611,-0.14173010380622836,0.36472126105344094,6464990
630,29,KARNATAKA,CHIK BALLAPUR,0.03254133025759329,0.17937716262982473,0.19291041906957795,0.2069357939253902,629265.8267666243,0.12895231880852187,-0.15378700499807765,0.31009611687812383,4888990
532,29,KARNATAKA,CHIKKAMAGALURU,0.012056901191849276,0.1793771626298123,0.1929104190695431,0.2141330257592996,989388.987522662,0.11950649703159817,-0.16000000000000003,0.3278123798539023,8290158
533,29,KARNATAKA,CHITRADURGA,0.022206843521721437,0.16633602460583738,0.17937716262980954,0.19986159169548626,1127197.2975434451,0.11591025923160742,-0.11909265667051133,0.31009611687812383,9737571
534,29,KARNATAKA,DAKSHINA KANNADA,0.01777777777777853,0.18608227604765318,0.1998615916954842,0.214133025759323,744541.7040079649,0.1336708256479553,-0.16633602460592078,0.31009611687812383,5579048
535,29,KARNATAKA,DAVANGERE,0.006858690292812013,0.1663360246058675,0.1860822760477034,0.19986159169548812,749526.9637678313,0.10964565711704369,-0.11909265667051133,0.31009611687812383,6847089
536,29,KARNATAKA,DHARWAD,-0.010396001537870233,0.17937716262981468,0.2069357939253767,0.22889657823909532,415372.56794303394,0.08414845317332416,-0.14769703960015382,0.33685505574778934,4944779
537,29,KARNATAKA,GADAG,-0.008858131487889685,0.14769703960014202,0.16633602460587854,0.18608227604769467,410073.4629915136,0.0759440481650818,-0.11374086889657825,0.31009611687812383,5409858
539,29,KARNATAKA,HASSAN,9.237345338375019E-4,0.1417301038062481,0.16000000000000927,0.17937716262976,748764.3046007593,0.09579076388235401,-0.17279507881584008,0.28444444444444444,7828705
540,29,KARNATAKA,HAVERI,9.177835487043825E-4,0.1599999999999965,0.17937716262979475,0.19986159169548623,547739.753364641,0.09826670040136033,-0.11909265667051133,0.3014225297962323,5582700
538,29,KARNATAKA,KALABURAGI,-0.01574778931180285,0.1137408688965976,0.1358861976163109,0.160000000000003,868564.7467024445,0.06775820627639993,-0.15378700499807765,0.28444444444444444,12835141
541,29,KARNATAKA,KODAGU,9.117843165306687E-4,0.16633602460584543,0.1793771626298049,0.1929104190695854,491150.96295678994,0.10460952615980405,-0.17279507881584008,0.31009611687812383,4703960
542,29,KARNATAKA,KOLAR,0.004496859865090812,0.16633602460584446,0.17937716262980358,0.1998615916954873,524734.3633958978,0.11488585259977682,-0.15378700499807765,0.3014225297962323,4576751
543,29,KARNATAKA,KOPPAL,-0.01777777777777848,0.15378700499799197,0.16633602460584548,0.186082276047699,598887.2053561797,0.09269234088687472,-0.12456747404844293,0.3014225297962323,6471180
544,29,KARNATAKA,MANDYA,0.005808087507237651,0.17937716262982253,0.19291041906955284,0.2214532871972131,665697.729333245,0.11709146477456638,-0.17937716262975778,0.37425605536332185,5695228
545,29,KARNATAKA,MYSURU,-0.012056901191849328,0.17279507881575526,0.18608227604764616,0.19986159169548617,747032.848315314,0.10353693777349612,-0.15378700499807765,0.3188927335640138,7227650
546,29,KARNATAKA,RAICHUR,-0.015747789311802866,0.14173010380625883,0.15378700499803644,0.17279507881585024,845129.9830324199,0.08607189836774883,-0.13588619761630144,0.29287197231833906,9829398
631,29,KARNATAKA,RAMANAGARAM,0.04484429065743877,0.20693579392537853,0.22889657823911064,0.2519646289888482,628731.5832874193,0.1561917402486223,-0.13588619761630144,0.3553094963475586,4034113
547,29,KARNATAKA,SHIVAMOGGA,0.024605920799692833,0.19291041906952203,0.20693579392537684,0.221453287197208,1336515.8926204315,0.136822761471483,-0.16000000000000003,0.3278123798539023,9782492
548,29,KARNATAKA,TUMAKURU,0.04158400615148098,0.18608227604766725,0.1998615916954836,0.21413302575931525,1629092.906629815,0.1337047076565271,-0.14769703960015382,0.3278123798539023,12204538
549,29,KARNATAKA,UDUPI,0.022206843521722416,0.18608227604762734,0.1998615916954834,0.22145328719721769,570809.7623824878,0.13860890410254362,-0.14769703960015382,0.31009611687812383,4125180
550,29,KARNATAKA,UTTARA KANNADA,0.051733948481353625,0.2141330257592678,0.22889657823909854,0.24415224913494923,1896040.3846149065,0.1596196992366132,-0.13588619761630144,0.3553094963475586,11893283
530,29,KARNATAKA,VIJAYAPURA,-0.004476545515601924,0.12456747404847808,0.14173010380622011,0.16000000000000653,951882.9666553277,0.07771079944699152,-0.13016532103037293,0.28444444444444444,12262243
635,29,KARNATAKA,YADGIR,-0.012056901191848969,0.14173010380622836,0.1600000000000011,0.18608227604769856,525511.7706610013,0.0854491131884115,-0.14769703960015382,0.28444444444444444,6160245
554,32,KERALA,ALAPPUZHA,-0.18608227604767943,0.16000000000002237,0.17279507881585043,0.18608227604769223,86947.25400150853,0.053993730386214606,-0.2288965782391388,0.2761399461745483,1615612
555,32,KERALA,ERNAKULAM,-0.04158400615148105,0.19291041906953676,0.21413302575925158,0.23646289888502664,396737.88395880035,0.1141532644423259,-0.17279507881584008,0.3553094963475586,3482949
556,32,KERALA,IDUKKI,0.0017452640782974456,0.18608227604766814,0.21413302575929202,0.23646289888502003,561037.8790616125,0.11345927355712009,-0.17937716262975778,0.3553094963475586,4955513
557,32,KERALA,KANNUR,0.00684112530566273,0.16633602460586527,0.17937716262979936,0.19986159169548795,385939.19927694835,0.11380983462078499,-0.16633602460592078,0.29287197231833906,3397343
558,32,KERALA,KASARAGOD,0.022206843521722416,0.17937716262981387,0.19291041906956696,0.21413302575933166,295162.378061791,0.12935798643228033,-0.15378700499807765,0.31009611687812383,2288384
559,32,KERALA,KOLLAM,-0.009646814344846075,0.214133025759249,0.23646289888500033,0.2679584775086792,403254.7014586591,0.1433969174639162,-0.17279507881584008,0.37425605536332185,2818601
560,32,KERALA,KOTTAYAM,-0.13588619761630025,0.19986159169548362,0.2214532871972139,0.24415224913493164,307941.58117387886,0.12309768311878976,-0.2288965782391388,0.34602076124567477,2507427
561,32,KERALA,KOZHIKODE,-0.012056901191849366,0.16000000000000417,0.17937716262977668,0.19986159169548848,265844.8835921633,0.09923593881730089,-0.15378700499807765,0.29287197231833906,2684454
562,32,KERALA,MALAPPURAM,-0.012056901191849247,0.17279507881578204,0.19291041906956236,0.21413302575931184,442661.9209633509,0.10928068197427311,-0.15378700499807765,0.3278123798539023,4058183
563,32,KERALA,PALAKKAD,-0.036952117908124825,0.21413302575924317,0.2288965782391101,0.2519646289888447,669892.9298812276,0.13128834859928235,-0.14769703960015382,0.3553094963475586,5112539
564,32,KERALA,PATTANAMTHITTA,0.00968513783867182,0.22145328719723226,0.24415224913492284,0.26795847750866947,439305.06913200277,0.1462542436221471,-0.19986159169550174,0.36472126105344094,3011006
565,32,KERALA,THIRUVANANTHAPURAM,-0.025834744492889472,0.19986159169548265,0.2214532871972018,0.24415224913492792,327947.55907010374,0.13221880308037187,-0.16633602460592078,0.34602076124567477,2485730
566,32,KERALA,TRISSUR,-0.08421376393694849,0.19986159169548365,0.22145328719720384,0.2441522491349292,383639.7973694676,0.11133275684780376,-0.2069357939254133,0.33685505574778934,3453173
567,32,KERALA,WAYANAD,-0.02220684352172242,0.15999999999999534,0.17279507881585104,0.18608227604769745,222757.29565855645,0.09154289674582078,-0.17937716262975778,0.3014225297962323,2438701
009,37,LADAKH,LEH,-0.06698961937717036,0.1537870049979886,0.18608227604764352,0.214133025759239,1.1938768161474999E7,0.05697525348311963,-0.17937716262975778,0.3839138792772011,209611635
006,37,LADAKH,KARGIL,-0.0415840061514812,0.1301653210303358,0.15378700499805922,0.1727950788158502,1161616.7181349036,0.060926200336183255,-0.13016532103037293,0.3188927335640138,19084969
553,31,LAKSHADWEEP,LAKSHADWEEP,-0.017777777777777778,0.17279507881584036,0.17937716262975786,0.18608227604767424,3832.293910969394,0.12167080301441903,-0.14173010380622836,0.2288965782391388,33702
667,23,MADHYA PRADESH,AGAR MALWA,-0.03254133025759189,0.1137408688965931,0.13588619761631435,0.1537870049980826,159724.26306432433,0.04791429182960514,-0.11374086889657825,0.31009611687812383,3340865
639,23,MADHYA PRADESH,ALIRAJPUR,0.03844675124951993,0.19291041906956746,0.21413302575930154,0.23646289888505967,528722.1700383106,0.13145959886598468,-0.10340638216070744,0.33685505574778934,4031207
390,23,MADHYA PRADESH,ANUPPUR,-0.017777777777778832,0.1663360246058879,0.1860822760477064,0.19986159169548762,432513.369311096,0.09447467954466535,-0.14173010380622836,0.3014225297962323,4589056
391,23,MADHYA PRADESH,ASHOKNAGAR,-0.035432525951557894,0.15378700499798947,0.17279507881576342,0.19291041906958098,299186.89602463675,0.05145750727517454,-0.13588619761630144,0.3188927335640138,5822740
392,23,MADHYA PRADESH,BALAGHAT,0.009680896220860779,0.20693579392537423,0.2214532871972683,0.2441522491349436,1526281.3364445218,0.13715462494261813,-0.17937716262975778,0.33685505574778934,11141974
393,23,MADHYA PRADESH,BARWANI,-0.0044753831556620495,0.17279507881584966,0.1998615916954844,0.2214532871972194,659354.3881469498,0.10101217156566003,-0.13016532103037293,0.3278123798539023,6536978
394,23,MADHYA PRADESH,BETUL,-0.02220684352172161,0.17937716262982875,0.1998615916954834,0.22145328719721902,1163732.092431629,0.0962056290068043,-0.12456747404844293,0.3278123798539023,12110448
395,23,MADHYA PRADESH,BHIND,-0.032541330257593,0.1417301038062366,0.1929104190695804,0.23646289888505662,267630.82085267676,0.04813600899446561,-0.12456747404844293,0.3839138792772011,5571431
396,23,MADHYA PRADESH,BHOPAL,-0.03254133025759162,0.1417301038062095,0.16633602460592498,0.1860822760476894,183671.322558569,0.05454824089711656,-0.14173010380622836,0.29287197231833906,3374356
397,23,MADHYA PRADESH,BURHANPUR,-0.024605920799691268,0.1860822760476947,0.19986159169548323,0.22145328719721544,396661.85690344515,0.10256859435532556,-0.13016532103037293,0.31009611687812383,3873783
398,23,MADHYA PRADESH,CHHATARPUR,-0.01993079584775164,0.17279507881575534,0.1929104190695516,0.21413302575928025,922761.2269575562,0.08650328734618713,-0.12456747404844293,0.3188927335640138,10687142
399,23,MADHYA PRADESH,CHHINDWARA,-0.02977316416762984,0.17279507881578215,0.18608227604766447,0.20693579392538733,1233905.1613253546,0.0866788565650012,-0.15378700499807765,0.31009611687812383,14251129
400,23,MADHYA PRADESH,DAMOH,-0.041584006151481216,0.16633602460582086,0.17937716262981462,0.19291041906958029,712186.916199244,0.0799283730592825,-0.13588619761630144,0.3188927335640138,8922849
401,23,MADHYA PRADESH,DATIA,-0.022206843521722416,0.1663360246059249,0.19986159169548925,0.23646289888505448,218100.49892482418,0.06550630923922494,-0.1085121107266436,0.36472126105344094,3340498
402,23,MADHYA PRADESH,DEWAS,-0.03844675124952102,0.16633602460582134,0.1860822760477033,0.19986159169548512,551733.2489646685,0.06498169261863852,-0.13016532103037293,0.3014225297962323,8505726
403,23,MADHYA PRADESH,DHAR,-0.04158400615148018,0.14769703960017583,0.1663360246059023,0.1929104190695994,604816.1985681816,0.061366354692057194,-0.13588619761630144,0.3188927335640138,9867234
404,23,MADHYA PRADESH,DINDORI,-0.01777777777777822,0.17937716262981912,0.19291041906957399,0.21413302575932533,640147.0572410673,0.09194113792931859,-0.13016532103037293,0.3014225297962323,6974940
405,23,MADHYA PRADESH,EAST NIMAR,-0.027128027681661837,0.17279507881572945,0.19291041906953374,0.20693579392538297,763985.5920441691,0.08497589275706405,-0.11374086889657825,0.31009611687812383,9002549
406,23,MADHYA PRADESH,GUNA,-0.03254133025759185,0.15378700499805467,0.17279507881585096,0.19291041906958592,483809.08623447805,0.061796479542979385,-0.13588619761630144,0.31009611687812383,7842335
407,23,MADHYA PRADESH,GWALIOR,-0.02977316416762692,0.18608227604768102,0.1998615916954833,0.22145328719722202,491028.005728094,0.08665526470597584,-0.13588619761630144,0.34602076124567477,5674029
408,23,MADHYA PRADESH,HARDA,-0.06299115724722588,0.17279507881573428,0.18608227604766525,0.20693579392538414,219818.44437070232,0.05454985151531345,-0.13016532103037293,0.29287197231833906,4035848
409,23,MADHYA PRADESH,HOSHANGABAD,-0.03844675124952186,0.18608227604762298,0.19986159169548287,0.22145328719722016,626538.603776909,0.0775023977890835,-0.13016532103037293,0.34602076124567477,8095645
410,23,MADHYA PRADESH,INDORE,-0.051733948481351016,0.15378700499805717,0.17937716262979433,0.2069357939253966,196489.15373608167,0.04154592238128531,-0.13588619761630144,0.3014225297962323,4738802
411,23,MADHYA PRADESH,JABALPUR,-0.035432525951559594,0.15378700499807074,0.17937716262978773,0.19986159169548834,378370.4952003361,0.061153795506461696,-0.14173010380622836,0.3014225297962323,6198352
412,23,MADHYA PRADESH,JHABUA,0.01205690119184891,0.15378700499804976,0.17279507881585077,0.1860822760476969,397357.93525243545,0.09523250008554704,-0.11374086889657825,0.29287197231833906,4179358
413,23,MADHYA PRADESH,KATNI,-0.006800850730020659,0.1793771626298172,0.19986159169548404,0.22145328719721669,603664.2833537903,0.09794270736474461,-0.15378700499807765,0.3188927335640138,6175594
415,23,MADHYA PRADESH,MANDLA,-0.013840830449827217,0.19291041906952996,0.20693579392538008,0.22145328719721646,984255.8950659556,0.10831542948873646,-0.14173010380622836,0.3188927335640138,9100880
416,23,MADHYA PRADESH,MANDSAUR,-0.04484429065744347,0.14769703960016967,0.1663360246058679,0.18608227604770303,356088.8769201644,0.05245208897093847,-0.11909265667051133,0.33685505574778934,6799773
417,23,MADHYA PRADESH,MORENA,-0.019930795847752186,0.1860822760476273,0.19986159169548437,0.22145328719721974,499893.7255216177,0.08048733906764993,-0.11909265667051133,0.3553094963475586,6223463
418,23,MADHYA PRADESH,NARSHIMAPURA,-0.029773164167628017,0.15999999999998613,0.17937716262980177,0.2069357939253954,465141.43258657854,0.07471530797964678,-0.14769703960015382,0.3014225297962323,6236392
419,23,MADHYA PRADESH,NIMACH,-0.0384467512495214,0.1663360246058151,0.18608227604767402,0.20693579392539319,448202.8362002871,0.08517776318187581,-0.11909265667051133,0.3553094963475586,5274602
420,23,MADHYA PRADESH,PANNA,-0.04158400615148122,0.1860822760476455,0.2069357939253812,0.22145328719720794,900506.1410841383,0.10349536422914558,-0.13588619761630144,0.33685505574778934,8717597
421,23,MADHYA PRADESH,RAISEN,-0.035432525951559254,0.1599999999999559,0.17937716262980705,0.19291041906959638,673372.0979710075,0.06539616028223626,-0.13588619761630144,0.29287197231833906,10312010
422,23,MADHYA PRADESH,RAJGARH,-0.03254133025759239,0.10851211072665895,0.13016532103036127,0.15378700499808365,306935.65383718035,0.04078317965886535,-0.12456747404844293,0.3188927335640138,7535187
423,23,MADHYA PRADESH,RATLAM,-0.04158400615148124,0.12456747404847027,0.147697039600172,0.17279507881584927,282832.4466820703,0.04785986944631303,-0.14173010380622836,0.29287197231833906,5920371
424,23,MADHYA PRADESH,REWA,-0.006805422518078144,0.17279507881585102,0.19986159169548537,0.22145328719721066,696987.6436043789,0.09005706600918455,-0.1085121107266436,0.3553094963475586,7751995
425,23,MADHYA PRADESH,SAGAR,-0.035432525951558796,0.166336024605848,0.17937716262981276,0.19291041906958656,797587.1264550029,0.0636566035131424,-0.14173010380622836,0.31009611687812383,12549508
426,23,MADHYA PRADESH,SATNA,-0.013840830449827186,0.1860822760476688,0.20693579392538392,0.22889657823913187,883757.7079101613,0.09573681049645869,-0.14173010380622836,0.3553094963475586,9250027
427,23,MADHYA PRADESH,SEHORE,-0.035432525951558956,0.14769703960011862,0.16633602460583802,0.18608227604770688,434467.3093669863,0.054557549382935645,-0.12456747404844293,0.29287197231833906,7979648
428,23,MADHYA PRADESH,SEONI,-0.03543252595155746,0.17279507881569883,0.1860822760476899,0.19986159169551584,820546.5547517859,0.07760504389382156,-0.16000000000000003,0.3014225297962323,10587279
429,23,MADHYA PRADESH,SHAHDOL,0.02977316416762764,0.19291041906951928,0.20693579392537725,0.22145328719722449,902648.4438772441,0.1304144059247405,-0.11909265667051133,0.3278123798539023,6933487
430,23,MADHYA PRADESH,SHAJAPUR,-0.03543252595155655,0.09356401384083772,0.1137408688965881,0.1358861976163021,129567.90180699297,0.030768058070005423,-0.13588619761630144,0.2761399461745483,4219787
431,23,MADHYA PRADESH,SHEOPUR,-0.013840830449827125,0.22889657823908674,0.23646289888511288,0.2519646289889854,1122826.0301209239,0.1371718000329397,-0.13016532103037293,0.3553094963475586,8196536
432,23,MADHYA PRADESH,SHIVPURI,-0.019930795847752102,0.18608227604767133,0.19986159169548318,0.2214532871972118,1180811.5079774996,0.09296692694263511,-0.12456747404844293,0.33685505574778934,12718231
433,23,MADHYA PRADESH,SIDHI,0.015747789311802842,0.21413302575928828,0.2288965782391016,0.24415224913492709,766901.2268957654,0.13120373618200556,-0.11374086889657825,0.3278123798539023,5855562
638,23,MADHYA PRADESH,SINGRAULI,0.004500808719538604,0.19986159169548293,0.214133025759256,0.236462898885039,825692.6314280655,0.1170124786326921,-0.12456747404844293,0.34602076124567477,7066555
434,23,MADHYA PRADESH,TIKAMGARH,-0.01777777777777746,0.15999999999998285,0.17937716262979927,0.19986159169548687,364478.71904622385,0.07956891615064682,-0.14173010380622836,0.3188927335640138,4588875
435,23,MADHYA PRADESH,UJJAIN,-0.0415840061514779,0.08421376393695673,0.1085121107266496,0.13588619761629814,178939.64977294687,0.024123333143605957,-0.13016532103037293,0.3014225297962323,7431237
436,23,MADHYA PRADESH,UMARIA,0.015747789311802866,0.20693579392537403,0.22145328719720914,0.22889657823910695,744838.046371449,0.13358930585980633,-0.12456747404844293,0.33685505574778934,5584765
437,23,MADHYA PRADESH,VIDISHA,-0.03254133025759349,0.12456747404846077,0.15378700499804607,0.17279507881584968,313308.4196877758,0.03513741222542512,-0.12456747404844293,0.29287197231833906,8929692
414,23,MADHYA PRADESH,WEST NIMAR,-0.02712802768165995,0.15999999999997747,0.18608227604767844,0.20693579392539183,737514.3222843576,0.07634515166341299,-0.11909265667051133,0.3278123798539023,9673296
722,23,MADHYA PRADESH,NIVARI,-9.163253606177103E-4,0.17279507881585016,0.19291041906960754,0.2141330257593296,155661.03630280064,0.09540935325269911,-0.11374086889657825,0.31009611687812383,1640914
466,27,MAHARASHTRA,AHAMADNAGAR,-0.019930795847751898,0.13588619761633414,0.15999999999998815,0.1860822760476818,1504818.3005519174,0.07441643191534254,-0.14769703960015382,0.3278123798539023,20247712
467,27,MAHARASHTRA,AKOLA,-0.04158400615148117,0.11909265667052231,0.15378700499806883,0.18608227604770292,308927.0876211643,0.04755144114808808,-0.12456747404844293,0.29287197231833906,6508098
468,27,MAHARASHTRA,AMARAVATI,-0.03844675124952125,0.18608227604761887,0.20693579392537617,0.22889657823910212,1132664.109000644,0.07749061190053062,-0.13588619761630144,0.3278123798539023,14634927
469,27,MAHARASHTRA,AURANGABAD,-0.012056901191848867,0.13588619761632875,0.15999999999999864,0.19291041906957768,880886.3850536906,0.07320312635621323,-0.13588619761630144,0.3188927335640138,12049449
471,27,MAHARASHTRA,BHANDARA,-0.029773164167627566,0.19291041906953693,0.20693579392538125,0.22145328719721086,479224.6324315384,0.09676927157765028,-0.13588619761630144,0.3188927335640138,4961610
470,27,MAHARASHTRA,BID,-0.022206843521720625,0.11909265667053187,0.1417301038062195,0.16633602460592492,769730.6315247135,0.061445269659012654,-0.13588619761630144,0.2761399461745483,12544794
472,27,MAHARASHTRA,BULDHANA,-0.032541330257592135,0.13016532103035025,0.16633602460590274,0.19986159169548615,727557.7407883845,0.06263439709852486,-0.12456747404844293,0.31009611687812383,11630150
473,27,MAHARASHTRA,CHANDRAPUR,-0.013840830449827268,0.18608227604765443,0.1998615916954939,0.21413302575929577,1485207.1101120645,0.10987425397899803,-0.15378700499807765,0.3014225297962323,13530633
474,27,MAHARASHTRA,DHULE,-0.0026423883296979697,0.1537870049980334,0.17279507881585085,0.19986159169548878,828902.3434957508,0.09631989493338318,-0.11374086889657825,0.33685505574778934,8617611
475,27,MAHARASHTRA,GADCHIROLI,0.02977316416762795,0.2069357939253718,0.22145328719725924,0.23646289888502603,2715611.9268315076,0.15770572847468434,-0.1929104190695886,0.3278123798539023,17237884
476,27,MAHARASHTRA,GONDIA,0.00684026804796177,0.21413302575930224,0.22145328719729224,0.2364628988850208,820517.2061675675,0.13222196824942695,-0.13588619761630144,0.3278123798539023,6215661
477,27,MAHARASHTRA,HINGOLI,-0.03844675124952103,0.11374086889659986,0.13588619761631215,0.160000000000011,268361.40941083466,0.04803313023236573,-0.11909265667051133,0.2761399461745483,5596711
478,27,MAHARASHTRA,JALGAON,-0.02460592079969237,0.15999999999998854,0.1860822760476781,0.21413302575927884,1246572.4999459067,0.08842234680932924,-0.14173010380622836,0.33685505574778934,14113319
479,27,MAHARASHTRA,JALNA,-0.029773164167627625,0.09842368319874732,0.1190926566705228,0.13588619761629744,456319.82012146694,0.05006803782882589,-0.14173010380622836,0.2599000384467512,9127228
480,27,MAHARASHTRA,KOLHAPUR,-0.0016962041023457614,0.19291041906953732,0.20693579392537992,0.22889657823912693,1114285.4953899246,0.12459223459364438,-0.15378700499807765,0.34602076124567477,8961350
481,27,MAHARASHTRA,LATUR,-0.03844675124952145,0.09842368319874918,0.11374086889659217,0.13588619761629686,377529.634127398,0.04451924169626571,-0.14173010380622836,0.2519646289888504,8490449
482,27,MAHARASHTRA,MUMBAI CITY,-0.11374086889657789,0.05536332179930847,0.07972318339100329,0.10340638216070706,-1500.2601183557185,-0.01988330653566654,-0.17279507881584008,0.2069357939254133,76546
484,27,MAHARASHTRA,NAGPUR,-0.044844290657439466,0.17937716262974226,0.19986159169561732,0.21413302575923682,987773.0912534343,0.08333484584164563,-0.16633602460592078,0.31009611687812383,11865192
485,27,MAHARASHTRA,NANDED,-0.04822760476739311,0.14173010380621154,0.16633602460591315,0.19291041906960169,787294.2823133614,0.06322917193967086,-0.13588619761630144,0.29287197231833906,12472028
486,27,MAHARASHTRA,NANDURBAR,0.006837326210982125,0.1998615916954834,0.22145328719724347,0.2441522491349301,852851.3124956712,0.11928890352515108,-0.11374086889657825,0.3553094963475586,7163183
487,27,MAHARASHTRA,NASHIK,-0.008858131487889677,0.17279507881580802,0.1998615916954842,0.22889657823911608,1760196.8156314308,0.09530324281551296,-0.13016532103037293,0.33685505574778934,18486361
488,27,MAHARASHTRA,USMANABAD,-0.03254133025759277,0.10851211072666335,0.12456747404846541,0.14769703960015984,450203.83646065195,0.05052849823022133,-0.11909265667051133,0.2679584775086506,8925215
665,27,MAHARASHTRA,PALGHAR,0.013840830449826782,0.22889657823909926,0.2441522491349701,0.2599000384467466,988822.4623687392,0.15803071947901146,-0.13588619761630144,0.34602076124567477,6266083
489,27,MAHARASHTRA,PARBHANI,-0.022206843521721087,0.11374086889659776,0.1358861976163058,0.16000000000000122,436151.19940715807,0.0584423901079959,-0.12456747404844293,0.29287197231833906,7474260
490,27,MAHARASHTRA,PUNE,-0.02583474679677761,0.17937716262981146,0.19986159169548814,0.22889657823911436,1707098.3214880887,0.09255895411957306,-0.16000000000000003,0.34602076124567477,18462996
491,27,MAHARASHTRA,RAYGAD,0.0058021348932189125,0.22889657823909393,0.24415224913494044,0.2679584775086782,1304730.3552255726,0.15863363740295666,-0.16633602460592078,0.3553094963475586,8238352
492,27,MAHARASHTRA,RATNAGIRI,0.051733948481352,0.23646289888508665,0.25196462898891664,0.26795847750868873,1730224.8957414243,0.1783158156808142,-0.16633602460592078,0.36472126105344094,9717129
493,27,MAHARASHTRA,SANGLI,-0.012056901191848903,0.13588619761634504,0.15378700499807127,0.17937716262976924,819817.7571106448,0.08149054882921146,-0.13016532103037293,0.3188927335640138,10078127
494,27,MAHARASHTRA,SATARA,-0.01675004730685036,0.1727950788157845,0.1929104190695491,0.2214532871972068,1160119.0258879678,0.09443072508281353,-0.14769703960015382,0.3553094963475586,12298534
495,27,MAHARASHTRA,SINDHUDURG,0.04822760476739612,0.23646289888507463,0.24415224913502187,0.25990003844673837,1053093.209278104,0.1772714855297728,-0.1085121107266436,0.34602076124567477,5951789
496,27,MAHARASHTRA,SOLAPUR,-0.017777777777778215,0.12456747404847673,0.1417301038062208,0.16000000000000378,1231728.668949659,0.07065393143261726,-0.13016532103037293,0.28444444444444444,17457025
483,27,MAHARASHTRA,SUB URBAN MUMBAI,-0.09356401384083152,0.18608227604768401,0.20693579392539338,0.2288965782391524,30899.958220104087,0.060556664838319986,-0.17937716262975778,0.3188927335640138,512479
497,27,MAHARASHTRA,THANE,-0.025876532001979122,0.2214532871972927,0.23646289888500005,0.2519646289888446,747218.0078988947,0.14764672083774869,-0.14769703960015382,0.3553094963475586,5069267
498,27,MAHARASHTRA,WARDHA,-0.04822760476739853,0.14769703960011377,0.17279507881580183,0.18608227604770952,453610.529638371,0.060209003152831,-0.13588619761630144,0.28444444444444444,7543509
499,27,MAHARASHTRA,WASHIM,-0.03543252595155907,0.10340638216072477,0.1301653210303603,0.15378700499808456,266344.7905581177,0.043596954112096145,-0.13016532103037293,0.2761399461745483,6120783
500,27,MAHARASHTRA,YAVATMAL,-0.027128027681661067,0.15999999999997414,0.1793771626298098,0.1998615916954859,1317077.8087361231,0.08152937692212316,-0.14769703960015382,0.3014225297962323,16172960
252,14,MANIPUR,BISHNUPUR,-0.12456747404844234,0.08421376393694265,0.1190926566705141,0.16633602460592256,-2481.216028223799,-0.004211302940895385,-0.22145328719723184,0.3014225297962323,592328
253,14,MANIPUR,CHANDEL,0.024605920799692895,0.20693579392538067,0.22889657823911747,0.24415224913493297,329318.16979120806,0.1365113640226778,-0.16000000000000003,0.3278123798539023,2417211
254,14,MANIPUR,CHURACHANDPUR,0.00967358879011692,0.21413302575927978,0.23646289888502475,0.2519646289888446,418443.9383118327,0.14032495409876777,-0.17937716262975778,0.34602076124567477,2987741
256,14,MANIPUR,IMPHAL WEST,-0.12456747404844075,0.10340638216070905,0.1599999999999972,0.206935793925417,-3323.7171954673477,-0.005546784469507746,-0.21413302575932336,0.31009611687812383,603204
255,14,MANIPUR,IMPHAL EAST,-0.11909265667051554,0.17937716262976824,0.20693579392539563,0.23646289888505642,26356.847919053635,0.04951625129187264,-0.2519646289888504,0.3188927335640138,535890
713,14,MANIPUR,JIRIBAM,-0.038446751249519545,0.1998615916954873,0.21413302575933016,0.22889657823913548,45542.30275714166,0.12566380431305554,-0.16000000000000003,0.29287197231833906,365087
260,14,MANIPUR,UKHRUL,-0.0068166195620253086,0.19291041906956843,0.2069357939253839,0.2288965782391377,299201.90164917,0.11598465818114888,-0.16000000000000003,0.3188927335640138,2585246
257,14,MANIPUR,SENAPATI,-0.010396001537870169,0.19291041906957612,0.2141330257593277,0.2288965782391375,246368.5265013501,0.11398025217633911,-0.16633602460592078,0.3278123798539023,2166467
258,14,MANIPUR,TAMENGLONG,0.0058466678701160546,0.20693579392538058,0.22889657823911735,0.24415224913492972,484267.2942520692,0.13029909834400402,-0.17279507881584008,0.33685505574778934,3724282
259,14,MANIPUR,THOUBAL,-0.16000000000000605,0.1358861976163023,0.17279507881584494,0.21413302575932008,1536.352507800341,0.0031828654879579575,-0.2288965782391388,0.3188927335640138,485328
717,14,MANIPUR,KAMJONG,0.035432525951557464,0.2069357939253798,0.2214532871972056,0.24415224913493408,404232.295407337,0.13798663559651367,-0.14769703960015382,0.3278123798539023,2934321
714,14,MANIPUR,NONEI,0.02977316416762773,0.22145328719721458,0.23646289888505326,0.25196462898884486,215831.6462007919,0.14906710195531137,-0.14769703960015382,0.34602076124567477,1452211
715,14,MANIPUR,PHERZAWL,0.05536332179930868,0.22145328719726026,0.2441522491349484,0.2599000384467517,411506.48283336975,0.1566245706482413,-0.17279507881584008,0.3278123798539023,2632958
716,14,MANIPUR,TENGNOUPAL,0.03844675124951873,0.20693579392537853,0.22145328719719776,0.2364628988850603,212833.1484207468,0.14116819663573757,-0.14173010380622836,0.33685505574778934,1511379
712,14,MANIPUR,KANGPOKPI,-0.012941998710475829,0.20693579392538972,0.2288965782391241,0.24415224913493666,253169.07441585834,0.11870659279756099,-0.17279507881584008,0.33685505574778934,2143163
711,14,MANIPUR,KAKCHING,-0.13588619761630688,0.16633602460592462,0.19291041906958167,0.2214532871972274,11053.546616970698,0.02817112609767329,-0.2288965782391388,0.3188927335640138,394750
273,17,MEGHALAYA,EAST GARO HILLS,0.03254133025759365,0.22145328719728888,0.23646289888502112,0.2519646289888448,311504.4634100932,0.1591655666175588,-0.13016532103037293,0.33685505574778934,1961933
274,17,MEGHALAYA,EAST KHASI HILLS,-0.044844290657438585,0.1998615916954844,0.2214532871972153,0.24415224913493422,365653.95406293793,0.1040891938955898,-0.186082276047674,0.33685505574778934,3519450
657,17,MEGHALAYA,EAST JAINTIA HILLS,-0.048227604767394135,0.15378700499805362,0.17937716262978706,0.2069357939253973,181629.6618193334,0.07309993730074608,-0.1929104190695886,0.3188927335640138,2489782
277,17,MEGHALAYA,SOUTH GARO HILLS,0.041584006151480654,0.2141330257592552,0.22889657823911785,0.251964628988845,352482.80234500405,0.15555519600224965,-0.13588619761630144,0.33685505574778934,2271292
278,17,MEGHALAYA,WEST GARO HILLS,-0.016772814466250084,0.2214532871972269,0.23646289888500396,0.25196462898884464,511088.31425202213,0.15526342319830191,-0.17279507881584008,0.34602076124567477,3298747
279,17,MEGHALAYA,WEST KHASI HILLS,-0.009636345385361303,0.19986159169548426,0.22145328719721497,0.2441522491349373,607146.355345368,0.12515156807364072,-0.17937716262975778,0.34602076124567477,4859806
276,17,MEGHALAYA,RI-BHOI,0.021135507503223353,0.22145328719727592,0.23646289888500502,0.25990003844676934,459156.4370769306,0.15615853392123644,-0.15378700499807765,0.34602076124567477,2948155
658,17,MEGHALAYA,SOUTH WEST KHASI HILLS,-0.02583586276044779,0.19986159169548512,0.221453287197217,0.24415224913493463,192084.05110487423,0.11914706071144969,-0.17937716262975778,0.33685505574778934,1617098
663,17,MEGHALAYA,SOUTH WEST GARO HILLS,-0.004466819541194773,0.2214532871972092,0.23646289888505775,0.2519646289888448,154208.44455409143,0.14907494929192439,-0.13016532103037293,0.34602076124567477,1037207
656,17,MEGHALAYA,NORTH GARO HILLS,0.04158400615148072,0.23646289888498986,0.2599000384467899,0.27613994617454257,266803.8412938131,0.17243076525040554,-0.13016532103037293,0.33685505574778934,1552862
275,17,MEGHALAYA,WEST JAINTIA HILLS,-0.05911572472126218,0.15378700499807643,0.17937716262975545,0.1998615916954939,174394.15441440864,0.07844120200163242,-0.19986159169550174,0.31009611687812383,2229213
262,15,MIZORAM,CHAMPHAI,0.03543252595155755,0.22145328719724466,0.2441522491349244,0.259900038446759,602180.5737872259,0.14542522429941165,-0.14769703960015382,0.34602076124567477,4148573
267,15,MIZORAM,SAIHA,0.05173394848135438,0.23646289888499825,0.25990003844676346,0.2761399461745336,303513.0596131179,0.1643791960211624,-0.15378700499807765,0.3553094963475586,1851831
264,15,MIZORAM,LAWNGTLAI,0.04158400615148076,0.22889657823911316,0.2441522491349271,0.2599000384467731,450716.0388122024,0.15380171795539732,-0.14769703960015382,0.3553094963475586,2939881
268,15,MIZORAM,SERCHHIP,0.03706282504206848,0.22145328719720148,0.24415224913492833,0.2599000384467617,263046.2686274442,0.14973732658476802,-0.16633602460592078,0.33685505574778934,1762727
263,15,MIZORAM,KOLASIB,0.01993079584775082,0.21413302575930748,0.23646289888506156,0.25196462898884464,271411.5775699117,0.1488303682533728,-0.17937716262975778,0.3188927335640138,1828823
266,15,MIZORAM,MAMIT,0.03543252595155662,0.21413302575926768,0.23646289888503305,0.25196462898884464,541663.9467574623,0.14480432453076944,-0.17937716262975778,0.3188927335640138,3748513
265,15,MIZORAM,LUNGLEI,0.04484429065743865,0.22145328719726914,0.2441522491349485,0.2599000384467651,846025.2641650412,0.1538075523578861,-0.16633602460592078,0.34602076124567477,5509505
261,15,MIZORAM,AIZAWL,0.03703446997079816,0.221453287197236,0.24415224913494307,0.25990003844676046,594872.8807918922,0.15299413986747834,-0.16000000000000003,0.3553094963475586,3898664
613,13,NAGALAND,PAREN,0.008858131487889144,0.1929104190695818,0.2141330257593203,0.23646289888505756,276451.99165675446,0.12237884252466098,-0.16000000000000003,0.3188927335640138,2264628
248,13,NAGALAND,PHEK,-0.0017030063127526551,0.2069357939253808,0.22145328719720223,0.2441522491349306,293887.9901053628,0.12681863380616593,-0.17937716262975778,0.3278123798539023,2323275
250,13,NAGALAND,WOKHA,0.021157973092433172,0.22145328719721702,0.23646289888502572,0.25196462898884464,293796.0372406772,0.14698080570324978,-0.186082276047674,0.3278123798539023,2003896
244,13,NAGALAND,DIMAPUR,-0.04484429065743874,0.1929104190695848,0.2141330257593303,0.23646289888505306,97865.00958619663,0.10356261917120593,-0.17279507881584008,0.33685505574778934,949846
245,13,NAGALAND,KOHIMA,-0.019930795847750964,0.19291041906960368,0.21413302575933324,0.23646289888505764,182029.0366706222,0.11177812981993213,-0.17937716262975778,0.3188927335640138,1632851
614,13,NAGALAND,KIPHIRE,0.006840221097225034,0.2214532871972081,0.23646289888500308,0.25990003844677667,188885.8551515495,0.13486190491809455,-0.14173010380622836,0.3278123798539023,1404480
251,13,NAGALAND,ZUNHEBOTO,0.012056901191849378,0.21413302575926713,0.22889657823911214,0.24415224913492842,266490.8723891262,0.13631256567750066,-0.16000000000000003,0.3188927335640138,1960862
246,13,NAGALAND,MOKOKCHUNG,0.009669107246268542,0.19986159169548465,0.22145328719720933,0.23646289888503402,269703.7861083201,0.13489609056797516,-0.186082276047674,0.3278123798539023,2005010
247,13,NAGALAND,MON,0.013840830449826912,0.20693579392538108,0.22145328719720886,0.2441522491349318,358979.93998817896,0.1320706799150226,-0.16000000000000003,0.3278123798539023,2724066
249,13,NAGALAND,TUENSANG,-0.0026519585454008064,0.2069357939253824,0.22145328719721644,0.24415224913493694,326094.17406506726,0.12299122794894965,-0.17937716262975778,0.3188927335640138,2656787
615,13,NAGALAND,LONGLENG,0.013840830449827085,0.19986159169548381,0.2214532871972195,0.23646289888505861,99356.12854417795,0.13597130479129918,-0.16000000000000003,0.3188927335640138,734358
344,21,ODISHA,ANUGUL,-0.005722347561254523,0.20693579392537648,0.22889657823910542,0.25196462898888466,1018280.2709225779,0.13358686681021692,-0.17937716262975778,0.3278123798539023,7634552
345,21,ODISHA,BOLANGIR (BALANGIR),0.022206843521722416,0.18608227604763178,0.1998615916954836,0.2141330257593289,975475.5866929978,0.12486562317910976,-0.12456747404844293,0.3014225297962323,7823364
346,21,ODISHA,BALASORE (BALESHWAR),-0.0629911572472113,0.1417301038062251,0.1663360246059014,0.19291041906959958,274363.932846601,0.061507053472536814,-0.2069357939254133,0.3188927335640138,4471001
347,21,ODISHA,BARAGARH,0.00885813148788968,0.17937716262981857,0.19986159169548395,0.22145328719721802,755221.4862047322,0.10800710125713373,-0.13588619761630144,0.31009611687812383,7004326
348,21,ODISHA,BHADRAK,-0.06299115724721133,0.09842368319876126,0.12456747404845263,0.15999999999999545,120937.87000198342,0.04037535259291238,-0.19986159169550174,0.2761399461745483,3001803
350,21,ODISHA,CUTTACK,-0.036893174276558936,0.18608227604770547,0.2141330257592981,0.2364628988850581,430107.92678504507,0.09360391874372402,-0.17937716262975778,0.3278123798539023,4607070
351,21,ODISHA,DEOGARH,0.02220684352172242,0.21413302575925502,0.22889657823911289,0.24415224913492928,496195.09786245454,0.13992391602393556,-0.12456747404844293,0.31009611687812383,3554240
352,21,ODISHA,DHENKANAL,-0.006807866829589861,0.18608227604768174,0.20693579392538763,0.22889657823914228,631648.7558175186,0.11856285695325743,-0.16000000000000003,0.3278123798539023,5335603
353,21,ODISHA,GAJAPATI,0.051733948481352834,0.2519646289889168,0.26795847750869733,0.28444444444447475,877474.1008205306,0.1795212363611996,-0.13016532103037293,0.36472126105344094,4897594
354,21,ODISHA,GANJAM,0.004493975477501014,0.2214532871972802,0.24415224913493533,0.25990003844675863,1404078.000286054,0.1410844765877575,-0.15378700499807765,0.33685505574778934,9965454
355,21,ODISHA,JAGATSINGHPUR,-0.07111111111111187,0.11909265667051912,0.14173010380624032,0.16633602460592456,76310.5397939142,0.03699031434420739,-0.1929104190695886,0.29287197231833906,2068255
356,21,ODISHA,JAJAPUR,-0.048227604767394336,0.16000000000000095,0.18608227604769442,0.2069357939254055,259697.1570433345,0.07499832755307582,-0.16633602460592078,0.31009611687812383,3471072
357,21,ODISHA,JHARSUGUDA,-0.02220684352172242,0.15378700499802866,0.17279507881585032,0.19291041906960552,241561.56664848406,0.09693804629449397,-0.14173010380622836,0.29287197231833906,2499034
358,21,ODISHA,KALAHANDI,0.013840830449826987,0.2069357939253779,0.22889657823911536,0.24415224913493105,1215179.5100805315,0.12954641219675073,-0.13016532103037293,0.3188927335640138,9392589
359,21,ODISHA,KANDHAMAL,0.059115724721263765,0.22889657823909845,0.2441522491349365,0.25990003844676585,1591531.4064381444,0.16683257148721997,-0.11909265667051133,0.3553094963475586,9552404
360,21,ODISHA,KENDRAPARHA,-0.06299115724721131,0.10340638216071943,0.12456747404845088,0.15378700499807965,111105.82471134896,0.03678911131361925,-0.17937716262975778,0.29287197231833906,3027614
361,21,ODISHA,KEONJHAR (KENDUJHAR),0.004504375508383272,0.1793771626298246,0.19986159169548387,0.2214532871972204,1137747.8472608367,0.11415012780455991,-0.16000000000000003,0.31009611687812383,9980176
362,21,ODISHA,KHORDHA,-0.05536332179930673,0.18608227604766595,0.2069357939253868,0.22145328719721546,325143.4476064965,0.09493568945714306,-0.19986159169550174,0.3188927335640138,3436743
363,21,ODISHA,KORAPUT,-0.02460592079969206,0.19986159169548312,0.21413302575928256,0.23646289888504352,1203788.135781453,0.12158623551215944,-0.16000000000000003,0.3278123798539023,9916232
364,21,ODISHA,MALKANGIRI,0.048227604767395245,0.22145328719724686,0.23646289888502361,0.25196462898884464,1063213.5410439542,0.15632222789503095,-0.11909265667051133,0.33685505574778934,6811277
365,21,ODISHA,MAYURBHANJ,0.005842031009459827,0.18608227604767372,0.1998615916954837,0.22145328719721977,1463871.8287017846,0.11684685846036917,-0.16633602460592078,0.33685505574778934,12543165
366,21,ODISHA,NABARANGAPUR,0.008858131487889121,0.17937716262982398,0.1929104190695744,0.214133025759331,775856.4268245611,0.11998662720289942,-0.13588619761630144,0.3278123798539023,6477055
367,21,ODISHA,NAYAGARH,0.006844514504597169,0.2288965782391019,0.24415224913494424,0.2599000384467499,705298.0218884537,0.1520592098304494,-0.13016532103037293,0.33685505574778934,4646759
368,21,ODISHA,NUAPARHA,0.015747789311802866,0.1998615916954829,0.21413302575929025,0.24415224913493422,594162.3936091725,0.12960750464447426,-0.12456747404844293,0.3188927335640138,4592599
369,21,ODISHA,PURI,-0.0753556324490471,0.1301653210303703,0.16000000000000256,0.1929104190695783,211508.41279126363,0.051296766301888855,-0.19986159169550174,0.29287197231833906,4132506
370,21,ODISHA,RAYAGARHA,0.04484429065743838,0.2364628988850444,0.25990003844678516,0.2761399461745434,1444761.735419439,0.16620825213217222,-0.15378700499807765,0.36472126105344094,8707900
371,21,ODISHA,SAMBALPUR,0.002654009334557357,0.20693579392537773,0.22145328719727206,0.24415224913493555,1050218.1784717208,0.1316205929475672,-0.17279507881584008,0.3188927335640138,7991881
372,21,ODISHA,SUBARNAPUR,-0.004474116048756569,0.15999999999997067,0.17937716262979095,0.19986159169549175,268842.8487343901,0.0951947204956484,-0.15378700499807765,0.29287197231833906,2830803
373,21,ODISHA,SUNDARGARH,9.140732492807256E-4,0.19291041906953163,0.2141330257592575,0.22889657823911597,1471409.2782675494,0.12558818982446443,-0.16000000000000003,0.3188927335640138,11732129
349,21,ODISHA,BAUDH (BAUDA),0.022206843521722416,0.2141330257592487,0.2364628988850143,0.2519646289888446,535299.1175956196,0.14460371359280025,-0.14173010380622836,0.33685505574778934,3710015
598,34,PUDUCHERRY,KARAIKAL,0.0026592170675888596,0.21413302575932716,0.23646289888505082,0.2599000384467477,21875.412080844122,0.12085976935575611,-0.11909265667051133,0.34602076124567477,183071
599,34,PUDUCHERRY,MAHE,-0.029773164167627823,0.11909265667051097,0.13588619761630127,0.16000000000000011,708.5137639067933,0.0698132937788315,-0.1085121107266436,0.2288965782391388,10600
600,34,PUDUCHERRY,PUDUCHERRY,-0.07535563244905874,0.20693579392541833,0.2288965782391364,0.25990003844674786,30216.966553371414,0.08867024220772003,-0.15378700499807765,0.3553094963475586,347013
601,34,PUDUCHERRY,YANAM,-0.07972318339100334,0.13016532103037462,0.13588619761630127,0.15378700499807782,2420.1253707851065,0.054859247188971644,-0.16000000000000003,0.2599000384467512,44886
027,03,PUNJAB,AMRITSAR,0.021121092545483847,0.1476970396001721,0.17279507881584943,0.19986159169549253,365915.122267476,0.10429944936131046,-0.11909265667051133,0.40359861591695495,3515937
605,03,PUNJAB,BARNALA,0.04158400615148107,0.12456747404846472,0.1476970396001638,0.17279507881584635,164528.30530921507,0.08935839234085004,-0.07535563244905807,0.3553094963475586,1846179
028,03,PUNJAB,BATHINDA,0.03543252595155765,0.1358861976163314,0.16633602460592492,0.20693579392541386,407570.8398332275,0.09355705029390793,-0.11374086889657825,0.37425605536332185,4365070
029,03,PUNJAB,FARIDKOT,0.03722693089290362,0.13016532103036652,0.16000000000000117,0.206935793925418,172826.72532726175,0.09133749848206657,-0.11374086889657825,0.39369473279507883,1896994
030,03,PUNJAB,FATEHGARH SAHIB,0.05173394848135127,0.14769703960016975,0.17279507881584932,0.19986159169549542,155638.23306897932,0.10434647054153717,-0.09842368319876971,0.3839138792772011,1496589
651,03,PUNJAB,FAZILKA,0.022206843521722384,0.14173010380623655,0.1663360246058992,0.19291041906958753,326906.4314199912,0.0880509670603352,-0.1085121107266436,0.36472126105344094,3719961
031,03,PUNJAB,FIROZPUR,0.044844290657438196,0.1358861976163323,0.16000000000000145,0.19291041906957873,312236.93816260714,0.10133609323033485,-0.09842368319876971,0.3839138792772011,3088898
032,03,PUNJAB,GURDASPUR,0.04158400615148085,0.159999999999994,0.17937716262978826,0.2069357939254056,362840.9316160007,0.1061564818378209,-0.09356401384083046,0.3839138792772011,3424574
033,03,PUNJAB,HOSHIARPUR,0.04158400615148091,0.25990003844681464,0.28444444444447853,0.30142252979617706,701841.3173294937,0.15852126172181571,-0.10340638216070744,0.41362552864282975,4436125
034,03,PUNJAB,JALANDHAR,0.013840830449826924,0.15378700499805595,0.17279507881585018,0.19291041906957368,340437.254309453,0.09897384090410717,-0.11374086889657825,0.3553094963475586,3448570
035,03,PUNJAB,KAPURTHALA,0.03844675124951874,0.15378700499808723,0.17279507881584896,0.19986159169549747,217672.47777143202,0.10221203935285725,-0.08882737408688965,0.36472126105344094,2138434
036,03,PUNJAB,LUDHIANA,0.0103960015378702,0.1476970396001758,0.17279507881585054,0.206935793925406,472904.10630835785,0.09875056495104965,-0.10340638216070744,0.37425605536332185,4796983
037,03,PUNJAB,MANSA,0.038446751249521155,0.12456747404846562,0.14769703960016098,0.17937716262975278,242814.68457627308,0.08692865302976957,-0.10340638216070744,0.36472126105344094,2800307
038,03,PUNJAB,MOGA,0.04158400615148099,0.12456747404847109,0.14173010380621484,0.17279507881584708,270229.15350950847,0.09257347733320713,-0.10340638216070744,0.34602076124567477,2925171
039,03,PUNJAB,SRI MUKTSAR SAHIB,0.0354325259515595,0.119092656670528,0.14173010380624143,0.17279507881584774,285074.8478881294,0.0836027977109019,-0.09356401384083046,0.34602076124567477,3417177
040,03,PUNJAB,SHAHID BHAGAT SINGH NAGAR,0.04484429065743815,0.21413302575924967,0.2441522491349254,0.27613994617452076,209247.56940336406,0.12715843504809532,-0.08421376393694734,0.3839138792772011,1650822
662,03,PUNJAB,PATHANKOT,0.016834377952464234,0.2679584775086776,0.29287197231836026,0.32781237985388983,191030.09759379196,0.15256139678514521,-0.10340638216070744,0.41362552864282975,1257220
041,03,PUNJAB,PATIALA,0.04484429065743853,0.14769703960016717,0.18608227604768673,0.24415224913494918,453224.7270503727,0.1058727679506286,-0.09356401384083046,0.3839138792772011,4293984
042,03,PUNJAB,RUPNAGAR,0.048227604767397216,0.24415224913492534,0.2679584775086798,0.2928719723183568,269164.5776803528,0.15044836911976628,-0.1085121107266436,0.41362552864282975,1795740
043,03,PUNJAB,SANGRUR,0.04484429065743797,0.13016532103034797,0.153787004998087,0.1860822760476773,440355.6027973847,0.09462639661791679,-0.1085121107266436,0.36472126105344094,4664151
608,03,PUNJAB,SAS NAGAR (SAHIBZADA AJIT SINGH NAGAR),0.012998880715619084,0.2214532871972223,0.25196462898884486,0.27613994617452936,185427.3194801927,0.13088561285895833,-0.11909265667051133,0.3839138792772011,1423227
609,03,PUNJAB,TARN TARAN,0.04822760476739527,0.1358861976163452,0.16000000000000036,0.18608227604767436,322887.71638743277,0.10244806720656184,-0.09356401384083046,0.36472126105344094,3158113
086,08,RAJASTHAN,AJMER,-0.01294009439978649,0.1929104190695517,0.20693579392538197,0.23646289888504524,1176596.2810280288,0.11162113095747915,-0.13016532103037293,0.37425605536332185,10557272
087,08,RAJASTHAN,ALWAR,-0.00885813148788973,0.22889657823909984,0.25196462898892213,0.292871972318309,1117262.3296858435,0.10591545460583097,-0.10340638216070744,0.39369473279507883,10566667
088,08,RAJASTHAN,BANSWARA,-0.01039600153787026,0.16633602460585534,0.18608227604770833,0.20693579392539257,549691.5575452981,0.10015009815015469,-0.11909265667051133,0.3188927335640138,5496965
089,08,RAJASTHAN,BARAN,-0.0415840061514808,0.17279507881579823,0.19291041906957612,0.20693579392539094,558908.7887382407,0.06490125493889193,-0.15378700499807765,0.37425605536332185,8624299
090,08,RAJASTHAN,BARMER,0.05173394848134927,0.17279507881572229,0.18608227604766472,0.19986159169548484,4511789.743635994,0.1283125986016822,-0.13016532103037293,0.3553094963475586,35184293
091,08,RAJASTHAN,BHARATPUR,-0.032541330257592205,0.15378700499808115,0.1860822760477036,0.21413302575931514,324478.3898894954,0.05110265894281004,-0.11909265667051133,0.34602076124567477,6364210
092,08,RAJASTHAN,BHILWARA,0.0068534304039838175,0.18608227604763655,0.19986159169548362,0.2141330257593181,1543840.5207397293,0.11909808505463057,-0.13588619761630144,0.3553094963475586,12977374
093,08,RAJASTHAN,BIKANER,0.017777777777778444,0.19291041906954215,0.1998615916956279,0.2141330257592348,5265542.020487621,0.1375716876746319,-0.11374086889657825,0.37425605536332185,38299184
094,08,RAJASTHAN,BUNDI,-0.027128027681662045,0.1929104190695681,0.21413302575928306,0.24415224913492992,602390.001814738,0.08435717859516365,-0.13016532103037293,0.36472126105344094,7150747
095,08,RAJASTHAN,CHITTAURGARH,-0.012056901191848893,0.1727950788158001,0.19291041906957468,0.2214532871972297,991791.1013023357,0.10321509522967946,-0.11909265667051133,0.36472126105344094,9628634
096,08,RAJASTHAN,CHURU,0.006835622711209865,0.20693579392537284,0.21413302575926627,0.22889657823910964,2647776.704973496,0.15086997262656687,-0.09356401384083046,0.36472126105344094,17570047
097,08,RAJASTHAN,DAUSA,-0.006801684764810746,0.19986159169548315,0.221453287197217,0.24415224913493894,479513.1480436894,0.11223731033936375,-0.09842368319876971,0.36472126105344094,4282491
098,08,RAJASTHAN,DHAULPUR,-0.01993079584775185,0.17937716262981804,0.1998615916954843,0.22145328719720717,318621.70849167823,0.08410511849569219,-0.11909265667051133,0.34602076124567477,3796325
099,08,RAJASTHAN,DUNGARPUR,0.04484429065743834,0.19986159169554232,0.21413302575925183,0.23646289888503788,686368.3228864173,0.14931539783299672,-0.08882737408688965,0.34602076124567477,4604348
101,08,RAJASTHAN,HANUMANGARH,0.010396001537870247,0.1929104190695081,0.19986159169555714,0.21413302575923865,1355397.4408259874,0.10921246549922593,-0.10340638216070744,0.3553094963475586,12428490
102,08,RAJASTHAN,JAIPUR,-0.013840830449826992,0.20693579392537687,0.22889657823910564,0.25196462898885646,1661546.6779603837,0.11917382487356341,-0.12456747404844293,0.37425605536332185,13958482
103,08,RAJASTHAN,JAISALMER,0.022206843521721528,0.17279507881569614,0.19291041906954087,0.20693579392538344,6140869.450828196,0.12748053677559834,-0.11909265667051133,0.36472126105344094,48195167
104,08,RAJASTHAN,JALOR,0.0058500039661168995,0.17937716262981568,0.19986159169548356,0.22145328719722052,1498217.362663597,0.1142370459816186,-0.11909265667051133,0.3839138792772011,13130168
105,08,RAJASTHAN,JHALAWAR,-0.032541330257593065,0.1537870049980621,0.17279507881583,0.19986159169548853,507347.24353331554,0.06529344251135018,-0.12456747404844293,0.36472126105344094,7785147
106,08,RAJASTHAN,JHUNJHUNUN,0.0017528975827834888,0.20693579392537556,0.2288965782391062,0.25196462898884475,940358.7968216147,0.12555405608521245,-0.09842368319876971,0.40359861591695495,7500078
107,08,RAJASTHAN,JODHPUR,0.03254133025759233,0.186082276047661,0.19986159169557635,0.2069357939253788,3763867.574605537,0.13283959533618966,-0.11374086889657825,0.33685505574778934,28354930
108,08,RAJASTHAN,KARAULI,-0.01205690119184876,0.19986159169548284,0.21413302575927692,0.23646289888505895,708161.0816070143,0.11321369095465024,-0.10340638216070744,0.37425605536332185,6265890
100,08,RAJASTHAN,GANGANAGAR,9.202895785433715E-4,0.15999999999995632,0.17279507881577075,0.19291041906955228,1178116.3706124595,0.08421701325715178,-0.11374086889657825,0.37425605536332185,14004924
109,08,RAJASTHAN,KOTA,-0.04158400615148121,0.1793771626298217,0.20693579392539332,0.25196462898884503,394233.65245184687,0.06285140697466124,-0.11909265667051133,0.3839138792772011,6284796
110,08,RAJASTHAN,NAGAUR,0.04484429065743947,0.20693579392537195,0.2214532871972437,0.22889657823909867,3466943.636929765,0.15540092845643938,-0.10340638216070744,0.3553094963475586,22328531
111,08,RAJASTHAN,PALI,-0.012056901191848756,0.20693579392537695,0.2214532871972172,0.2441522491349315,1964975.0570507448,0.12811040165850698,-0.1085121107266436,0.36472126105344094,15355856
629,08,RAJASTHAN,PRATAPGARH,-0.03543252595155806,0.17937716262982772,0.19986159169548395,0.2214532871972292,474972.18140271306,0.08755399992450642,-0.11374086889657825,0.3553094963475586,5433909
112,08,RAJASTHAN,RAJ SAMAND,0.037054776211502355,0.21413302575926266,0.23646289888502597,0.2599000384467512,849868.6459162215,0.14884044306747918,-0.11909265667051133,0.3839138792772011,5723908
113,08,RAJASTHAN,SAWAI MADHOPUR,-0.029773164167628412,0.19291041906955841,0.22145328719720567,0.2441522491349302,479224.8116320039,0.07667453133866632,-0.11374086889657825,0.36472126105344094,6261504
114,08,RAJASTHAN,SIKAR,0.0297731641676274,0.2141330257593289,0.23646289888501898,0.2599000384467759,1452036.670866369,0.14918775246035104,-0.09842368319876971,0.3839138792772011,9747199
115,08,RAJASTHAN,SIROHI,-0.002638764255764636,0.22889657823910178,0.2519646289888495,0.27613994617454624,846986.9305338102,0.13417972362003455,-0.09842368319876971,0.3839138792772011,6321547
116,08,RAJASTHAN,TONK,-0.04158400615148123,0.14173010380622908,0.16633602460588695,0.19291041906958273,421775.2345043919,0.047150530818108945,-0.12456747404844293,0.36472126105344094,8958642
117,08,RAJASTHAN,UDAIPUR,0.03254133025759266,0.22889657823909715,0.251964628988918,0.28444444444447176,2293594.468490247,0.15976887773866477,-0.14173010380622836,0.3839138792772011,14373207
225,11,SIKKIM,EAST,-0.0797231833910033,0.19291041906960996,0.2214532871972231,0.24415224913493688,110953.10396630352,0.09421841078129646,-0.21413302575932336,0.33685505574778934,1180616
226,11,SIKKIM,NORTH,-0.12456747404845891,0.13588619761634607,0.16633602460587646,0.19291041906960585,99460.49077098674,0.018666140508423513,-0.22145328719723184,0.29287197231833906,5335204
227,11,SIKKIM,SOUTH,-0.025830747223346204,0.2141330257593329,0.23646289888505864,0.25990003844674536,110767.8121283824,0.12049563142205148,-0.16633602460592078,0.34602076124567477,922577
228,11,SIKKIM,WEST,-0.12456747404844419,0.18608227604770974,0.20693579392538647,0.2364628988850584,106375.16402254943,0.07049361381696305,-0.22145328719723184,0.3278123798539023,1512801
610,33,TAMIL NADU,ARIYALUR,0.016822366021213873,0.24415224913511513,0.2599000384468544,0.27613994617457455,343183.4361157719,0.1556364433038587,-0.12456747404844293,0.3839138792772011,2209715
730,33,TAMIL NADU,CHENGALPATTU,-0.04822760476739441,0.22145328719720428,0.24415224913492556,0.2679584775086687,354412.5759030253,0.11363700038023958,-0.16000000000000003,0.3553094963475586,3125557
568,33,TAMIL NADU,CHENNAI,-0.1085121107266476,0.11374086889657786,0.15378700499807563,0.19986159169549877,2049.7689920165194,0.005347506341887528,-0.16000000000000003,0.3188927335640138,385506
569,33,TAMIL NADU,COIMBATORE,0.0120569011918492,0.2214532871972695,0.2364628988850437,0.2519646289888531,808509.2216394898,0.15045900807058343,-0.14173010380622836,0.34602076124567477,5383851
570,33,TAMIL NADU,CUDDALORE,-0.016748482350768007,0.24415224913498831,0.25990003844680404,0.2761399461745442,510178.0206900269,0.12078701756795052,-0.14173010380622836,0.36472126105344094,4233341
571,33,TAMIL NADU,DHARMAPURI,0.041584006151480966,0.25196462898898186,0.26795847750869667,0.2844444444444709,895394.4913468391,0.1741749914137419,-0.14173010380622836,0.3553094963475586,5150772
572,33,TAMIL NADU,DINDIGUL,-0.0057595305131208285,0.23646289888504396,0.2519646289888754,0.2679584775086823,1069261.5421772634,0.15542489180399127,-0.17279507881584008,0.36472126105344094,6891183
573,33,TAMIL NADU,ERODE,0.0130037164556618,0.22889657823910192,0.24415224913498004,0.2679584775086744,892967.7959779849,0.15318602892251418,-0.17279507881584008,0.3553094963475586,5843263
574,33,TAMIL NADU,KANCHIPURAM,-0.05536332179930683,0.20693579392538708,0.23646289888505226,0.25990003844677073,225871.62912594032,0.11279922134117437,-0.16633602460592078,0.3553094963475586,2010389
729,33,TAMIL NADU,KALLAKKURICHI,0.008858131487889127,0.22145328719726767,0.24415224913496342,0.26795847750866825,576319.9710456701,0.14287349278911007,-0.13016532103037293,0.36472126105344094,4041352
575,33,TAMIL NADU,KANYAKUMARI,-0.05173394848135314,0.20693579392538036,0.22889657823911283,0.25196462898884464,236486.7138216961,0.12463041752569869,-0.16633602460592078,0.37425605536332185,1902020
576,33,TAMIL NADU,KARUR,0.03254133025759366,0.22145328719725899,0.23646289888501382,0.2519646289888447,542556.4490798768,0.1641442038532576,-0.13016532103037293,0.36472126105344094,3313874
578,33,TAMIL NADU,MADURAI,-0.012956432960307728,0.23646289888500305,0.2599000384467607,0.27613994617453924,612400.9567939123,0.1455495084170457,-0.14769703960015382,0.37425605536332185,4217505
587,33,TAMIL NADU,NILGIRIS,-0.04158400615148099,0.19291041906953102,0.2141330257592525,0.22889657823912057,274974.6853718385,0.09916515542473531,-0.1929104190695886,0.3553094963475586,2779224
579,33,TAMIL NADU,NAGAPATTINAM,-0.009614958063966852,0.21413302575933174,0.2364628988850592,0.2679584775086512,305168.1891252496,0.10447907522899716,-0.16000000000000003,0.37425605536332185,2930267
580,33,TAMIL NADU,NAMAKKAL,0.01300147916336001,0.2288965782391066,0.24415224913495065,0.26795847750868185,604776.2653561119,0.15515862054211413,-0.14769703960015382,0.36472126105344094,3905479
581,33,TAMIL NADU,PERAMBALUR,0.01574778931180287,0.2141330257592739,0.24415224913493042,0.267958477508668,254377.36503482983,0.12706967379490702,-0.12456747404844293,0.37425605536332185,2007167
582,33,TAMIL NADU,PUDUKKOTTAI,0.009672859006137374,0.2364628988850273,0.2519646289888738,0.2761399461745349,812132.5337851451,0.15358157246900267,-0.14173010380622836,0.39369473279507883,5299699
583,33,TAMIL NADU,RAMANATHAPURAM,-0.02712802768166112,0.21413302575928145,0.23646289888502425,0.25990003844676207,487566.6006574648,0.1047158842197832,-0.11909265667051133,0.37425605536332185,4668989
731,33,TAMIL NADU,RANIPPETTAI,-0.01384083044982672,0.20693579392538566,0.22889657823912635,0.251964628988845,255251.37727852495,0.12030085232995266,-0.14173010380622836,0.34602076124567477,2128423
584,33,TAMIL NADU,SALEM,0.013011571687737217,0.24415224913504943,0.2679584775086964,0.2844444444444731,1132511.7339408717,0.1652111153925222,-0.17937716262975778,0.36472126105344094,6871944
585,33,TAMIL NADU,SIVAGANGA,0.006842111523058871,0.2441522491350422,0.26795847750869567,0.284444444444474,749553.1591720805,0.15568568270489758,-0.11374086889657825,0.3839138792772011,4827074
588,33,TAMIL NADU,TENI,-0.009631707930951779,0.22889657823910245,0.24415224913492437,0.2599000384467762,492965.1555756246,0.1514968524857529,-0.16633602460592078,0.3553094963475586,3260399
733,33,TAMIL NADU,TENKASI,-0.021093765984185633,0.22889657823910545,0.2519646289888445,0.2679584775086749,453608.31561158586,0.1425717352734604,-0.14173010380622836,0.3839138792772011,3188221
586,33,TAMIL NADU,THANJAVUR,-0.02581256936297442,0.23646289888506758,0.25990003844677034,0.2761399461745298,494259.69395139354,0.12681383705120067,-0.14173010380622836,0.3839138792772011,3908681
590,33,TAMIL NADU,THIRUVARUR,-0.019930795847751433,0.20693579392538844,0.23646289888506014,0.2599000384467582,242780.74659464782,0.09423821419025231,-0.11909265667051133,0.36472126105344094,2584269
591,33,TAMIL NADU,TIRUCHIRAPALLI,0.0017245728281925809,0.23646289888499866,0.2599000384467441,0.2761399461745305,789931.1029343265,0.15437702628619812,-0.13016532103037293,0.3839138792772011,5131417
592,33,TAMIL NADU,TIRUNELVELI,-0.009645599710767108,0.22145328719720273,0.2441522491349235,0.2679584775086655,610216.5020882876,0.13898852101901404,-0.15378700499807765,0.39369473279507883,4398780
634,33,TAMIL NADU,TIRUPPUR,0.022206843521722416,0.22145328719730448,0.23646289888499583,0.25196462898884453,931123.2323312752,0.15740073511564254,-0.13016532103037293,0.36472126105344094,5928070
732,33,TAMIL NADU,TIRUPPATTUR,0.041584006151480744,0.22889657823910048,0.24415224913492597,0.26795847750865726,407675.2408593797,0.16820920198254408,-0.11909265667051133,0.34602076124567477,2429659
589,33,TAMIL NADU,TIRUVALLUR,-0.036904775875806976,0.2288965782391152,0.25196462898886,0.2679584775086704,441165.4779231638,0.11895278119727797,-0.16633602460592078,0.37425605536332185,3721243
593,33,TAMIL NADU,TIRUVANNAMALAI,0.004504995493480451,0.2288965782391004,0.24415224913499572,0.26795847750868024,936505.920398814,0.1324066157118167,-0.13016532103037293,0.36472126105344094,7086228
594,33,TAMIL NADU,TUTICORIN,-0.016754730713017058,0.22145328719724933,0.2441522491349554,0.2679584775086678,663433.3848335906,0.1236805215528541,-0.16000000000000003,0.40359861591695495,5373009
595,33,TAMIL NADU,VELLORE,0.03543252595155652,0.23646289888504465,0.2519646289888444,0.26795847750867474,416267.0224088334,0.1721978931483015,-0.14173010380622836,0.3553094963475586,2425418
596,33,TAMIL NADU,VILLUPURAM,-0.009637537931228825,0.21413302575926915,0.2441522491349266,0.2679584775086707,516359.35317504575,0.12335196664950174,-0.15378700499807765,0.36472126105344094,4197052
597,33,TAMIL NADU,VIRUDHUNAGAR,-0.016762247321572207,0.2288965782391056,0.2441522491349247,0.2679584775086656,639068.6375627687,0.13296942377481627,-0.13016532103037293,0.39369473279507883,4816093
577,33,TAMIL NADU,KRISHNAGIRI,0.012991499197670297,0.221453287197254,0.24415224913493758,0.2599000384467424,882831.5384790583,0.15016642992299278,-0.15378700499807765,0.36472126105344094,5891097
501,36,TELANGANA,ADILABAD,-0.017777777777777632,0.17937716262982317,0.19986159169548418,0.21413302575931925,473142.2050368761,0.09990600660060976,-0.13588619761630144,0.31009611687812383,4743469
507,36,TELANGANA,HYDERABAD,-0.12456747404843865,0.10340638216070622,0.13588619761630719,0.166336024605923,-2538.9660181980985,-0.011328447407765107,-0.186082276047674,0.2679584775086506,225991
508,36,TELANGANA,KARIMNAGAR,-0.013840830449826747,0.13588619761631981,0.15378700499808606,0.18608227604767785,158119.26134160574,0.06703399330935995,-0.13588619761630144,0.3014225297962323,2364683
690,36,TELANGANA,BHADRADRI KOTHAGUDEM,-0.016761841422844374,0.2069357939253761,0.22145328719724025,0.24415224913493017,1016724.8587176956,0.12552116502051472,-0.17279507881584008,0.33685505574778934,8112200
512,36,TELANGANA,MAHABUBNAGAR,0.027128027681661795,0.17937716262981282,0.19291041906954604,0.21413302575928414,401472.44365312497,0.12279296263205436,-0.13016532103037293,0.3014225297962323,3277821
692,36,TELANGANA,SIDDIPET,9.227130079123851E-4,0.1537870049980519,0.1727950788158503,0.1929104190695885,398725.8568827673,0.09157069998296684,-0.13016532103037293,0.29287197231833906,4362172
514,36,TELANGANA,NALGONDA,-0.004479432037694025,0.17279507881583375,0.1929104190695741,0.21413302575930065,915291.055243323,0.10882257175264516,-0.13588619761630144,0.3278123798539023,8420108
516,36,TELANGANA,NIZAMABAD,-0.04158400615148096,0.17279507881585138,0.19291041906957318,0.2069357939253854,352587.35716312815,0.07098926805685656,-0.13588619761630144,0.29287197231833906,4973584
518,36,TELANGANA,RANGAREDDY,-0.02712802768166129,0.17279507881576486,0.18608227604770392,0.20693579392539338,672149.5545986112,0.11505389190117417,-0.186082276047674,0.31009611687812383,5852435
720,36,TELANGANA,MULUGU,-0.04822760476739639,0.19986159169550155,0.2141330257592646,0.22889657823913295,654686.3916343473,0.12970991025474235,-0.17937716262975778,0.3278123798539023,5054976
695,36,TELANGANA,JOGULAMBA GADWAL,-0.027128027681661792,0.1417301038062477,0.15378700499807366,0.1727950788158487,248037.63081147213,0.0829214536449533,-0.13588619761630144,0.2761399461745483,2996596
699,36,TELANGANA,KUMURAM BHEEM,0.0157477893118029,0.19986159169548726,0.21413302575925328,0.23646289888505262,672905.2455474781,0.125287535728537,-0.13588619761630144,0.3188927335640138,5379788
684,36,TELANGANA,MANCHERIAL,0.008858131487889151,0.1998615916955216,0.21413302575925242,0.22889657823913429,583841.8176724949,0.12817135237426333,-0.15378700499807765,0.3188927335640138,4563416
680,36,TELANGANA,NIRMAL,-0.05536332179930147,0.1860822760476127,0.1998615916954834,0.21413302575933263,389657.4089538439,0.08873999153128079,-0.12456747404844293,0.31009611687812383,4400168
685,36,TELANGANA,KAMAREDDY,-0.03844675124952102,0.17279507881585135,0.19291041906955844,0.20693579392538622,367463.91505113366,0.0833569770038553,-0.14769703960015382,0.3014225297962323,4417377
691,36,TELANGANA,SANGAREDDY,-0.01993079584775091,0.13588619761634047,0.15378700499806117,0.1727950788158495,395143.8292512519,0.07566162946716286,-0.15378700499807765,0.2761399461745483,5234286
694,36,TELANGANA,NAGARKURNOOL,0.027128027681660297,0.1998615916954828,0.22145328719724794,0.2519646289888447,990489.9760246489,0.1371725491743878,-0.10340638216070744,0.36472126105344094,7230954
693,36,TELANGANA,WANAPARTHY,-0.03254133025759371,0.17279507881585102,0.19291041906959708,0.22145328719724308,287853.6217800099,0.11342912933680134,-0.13588619761630144,0.31009611687812383,2543857
721,36,TELANGANA,NARAYANPET,0.00885813148788915,0.15378700499804257,0.1663360246058928,0.1929104190695941,288910.6126738099,0.10291607914291043,-0.14769703960015382,0.29287197231833906,2813898
698,36,TELANGANA,VIKARABAD,-0.006828730729124541,0.1599999999999783,0.17279507881585104,0.19291041906959497,401289.07665228663,0.09259548110380758,-0.14173010380622836,0.2761399461745483,4341820
700,36,TELANGANA,MEDCHAL-MALKAJGIRI,-0.08882737408688707,0.15378700499805348,0.1727950788158501,0.18608227604769093,93418.61595008355,0.07414769396767018,-0.2069357939254133,0.2761399461745483,1263977
697,36,TELANGANA,YADADRI BHUVANAGIRI,-0.006811313772755566,0.16633602460586416,0.1793771626297985,0.19986159169548734,388458.88164381654,0.10273860165099002,-0.17279507881584008,0.3188927335640138,3788544
696,36,TELANGANA,SURYAPET,-0.017777777777778187,0.13588619761633983,0.16000000000000428,0.18608227604768818,283037.39109778166,0.06737865991109415,-0.16000000000000003,0.3278123798539023,4207558
509,36,TELANGANA,KHAMMAM,-0.04158400615148106,0.17937716262980777,0.19986159169548412,0.22889657823912438,452062.3303420022,0.08262310813532005,-0.14769703960015382,0.3278123798539023,5483474
688,36,TELANGANA,MAHABUBABAD,-0.013840830449827018,0.18608227604761102,0.20693579392538294,0.2288965782391275,427707.42529588315,0.10299425418168592,-0.17279507881584008,0.3188927335640138,4159758
689,36,TELANGANA,JANGAON,0.004504729304675993,0.1537870049980641,0.17279507881585027,0.19291041906957948,266042.9619687763,0.09358495493337868,-0.15378700499807765,0.31009611687812383,2848930
686,36,TELANGANA,WARANGAL (URBAN),-0.03254133025759359,0.15378700499808753,0.17279507881584966,0.19986159169549428,106432.27103492981,0.07782403895308336,-0.14769703960015382,0.29287197231833906,1371299
522,36,TELANGANA,WARANGAL (RURAL),-0.029773164167627413,0.13588619761631426,0.15999999999999936,0.18608227604767877,169235.3748879655,0.06446087295429895,-0.13016532103037293,0.3014225297962323,2631366
687,36,TELANGANA,JAYASHANKAR BHUPALAPALLY,-0.04484429065743899,0.19986159169548187,0.21413302575922666,0.22889657823912882,394199.4306884788,0.11642895269505947,-0.16000000000000003,0.3278123798539023,3392864
682,36,TELANGANA,PEDDAPALLI,-0.01574778931180288,0.17937716262979353,0.19986159169548598,0.22145328719723487,218319.01122264608,0.08442354460327908,-0.16633602460592078,0.31009611687812383,2590845
681,36,TELANGANA,JAGTIAL,-0.013840830449826797,0.17279507881583586,0.19291041906959464,0.20693579392539233,307026.1985116521,0.09017214826212654,-0.13016532103037293,0.28444444444444444,3410637
683,36,TELANGANA,RANJANNA SIRCILLA,9.22599336603671E-4,0.1793771626298083,0.1998615916954853,0.21413302575933102,206400.71861449085,0.0969410214435257,-0.12456747404844293,0.3014225297962323,2133794
513,36,TELANGANA,MEDAK,9.231240489759267E-4,0.16633602460587724,0.1793771626297996,0.19986159169548703,298227.01589975954,0.09241900095776896,-0.13588619761630144,0.29287197231833906,3235035
269,16,TRIPURA,DHALAI,-0.01993079584775085,0.19986159169548368,0.21413302575929963,0.23646289888505873,358202.7763976012,0.1288005776269171,-0.14769703960015382,0.3278123798539023,2787504
654,16,TRIPURA,GOMATI,-0.059115724721263356,0.19986159169548331,0.21413302575933418,0.22889657823914836,239846.63937458835,0.12173021545720585,-0.21413302575932336,0.31009611687812383,1976295
652,16,TRIPURA,KHOWAI,-0.03844675124951905,0.1998615916954846,0.22145328719722035,0.23646289888505762,161125.37712100163,0.12547500988713178,-0.16633602460592078,0.3188927335640138,1288086
270,16,TRIPURA,NORTH TRIPURA,-0.055363321799307606,0.20693579392538744,0.22145328719722462,0.24415224913494027,208165.24486810583,0.1265360276934519,-0.186082276047674,0.3188927335640138,1650811
653,16,TRIPURA,SEPAHIJALA,-0.06698961937716395,0.1998615916954836,0.21413302575933374,0.22889657823915058,140928.6316013579,0.10928947280164751,-0.2069357939254133,0.3188927335640138,1294414
271,16,TRIPURA,SOUTH TRIPURA,-0.04158400615148082,0.1929104190695769,0.20693579392538688,0.22145328719724117,207653.52411349755,0.11698109952902899,-0.15378700499807765,0.33685505574778934,1781389
655,16,TRIPURA,UNOKOTI,-0.08421376393694983,0.19986159169548387,0.21413302575930077,0.23646289888505784,91426.39287298705,0.10840749862989081,-0.1929104190695886,0.31009611687812383,846595
272,16,TRIPURA,WEST TRIPURA,-0.07111111111110985,0.18608227604770977,0.1998615916954856,0.2141330257593308,112174.55373561227,0.09743156138467364,-0.17937716262975778,0.3014225297962323,1154860
118,09,UTTAR PRADESH,AGRA,-0.016726024293534595,0.15999999999999567,0.20693579392540737,0.2599000384467455,376173.29322192195,0.07421146558886245,-0.11909265667051133,0.40359861591695495,5084762
119,09,UTTAR PRADESH,ALIGARH,0.024605920799691768,0.13016532103035056,0.1537870049980862,0.1860822760476763,393180.5847150157,0.08390836802152944,-0.09842368319876971,0.3553094963475586,4695914
121,09,UTTAR PRADESH,AMBEDKARNAGAR,-0.004452450254335602,0.1358861976163185,0.16633602460592478,0.1998615916954921,188733.472393042,0.06507474946439448,-0.1085121107266436,0.3278123798539023,2907631
640,09,UTTAR PRADESH,AMETHI,0.006872492097751686,0.17937716262979303,0.20693579392539152,0.23646289888505692,270525.51912375964,0.08959648841308672,-0.09842368319876971,0.3553094963475586,3027141
154,09,UTTAR PRADESH,AMROHA,0.05911572472126352,0.19986159169548368,0.22145328719720112,0.24415224913493022,457337.0409227256,0.14620780844477993,-0.08421376393694734,0.37425605536332185,3135410
122,09,UTTAR PRADESH,AURAIYA,0.004513792845790663,0.14173010380622958,0.17279507881584932,0.22145328719723895,189848.81662779787,0.07535696213117657,-0.09842368319876971,0.3839138792772011,2525028
123,09,UTTAR PRADESH,AZAMGARH,-0.012056901191848761,0.11909265667052658,0.1417301038062245,0.17279507881584796,287650.36212265625,0.05495831307821373,-0.11374086889657825,0.33685505574778934,5243512
133,09,UTTAR PRADESH,BUDAUN,0.01205690119184988,0.13588619761633863,0.1600000000000093,0.18608227604768285,442581.1597289978,0.08227267684372852,-0.10340638216070744,0.36472126105344094,5388312
124,09,UTTAR PRADESH,BAGHPAT,0.04158400615148079,0.18608227604770708,0.19986159169548404,0.2141330257593299,232652.00124268397,0.13789757581487028,-0.08421376393694734,0.3553094963475586,1691561
125,09,UTTAR PRADESH,BAHRAICH,-0.004469055035758568,0.1998615916954851,0.22889657823910714,0.24415224913496836,589367.5840051281,0.09456036726835482,-0.13016532103037293,0.3553094963475586,6244557
126,09,UTTAR PRADESH,BALLIA,-0.0669896193771646,0.10851211072665055,0.1358861976162987,0.1600000000000043,115977.13878675348,0.03127010133457299,-0.14173010380622836,0.3278123798539023,3717530
127,09,UTTAR PRADESH,BALRAMPUR,-0.012056901191848983,0.21413302575923268,0.22889657823910647,0.25196462898884464,458046.14113305154,0.10896601576362341,-0.13016532103037293,0.3553094963475586,4212204
128,09,UTTAR PRADESH,BANDA,-0.03543252595155321,0.12456747404845937,0.16000000000000159,0.19291041906957782,264004.19276903325,0.04797096282794151,-0.11909265667051133,0.34602076124567477,5516307
129,09,UTTAR PRADESH,BARABANKI,-0.019930795847751842,0.15378700499808678,0.18608227604769903,0.22145328719723562,336947.61331143853,0.07003126174634249,-0.11374086889657825,0.3553094963475586,4821092
130,09,UTTAR PRADESH,BAREILLY,0.027128027681660807,0.17937716262981898,0.19986159169548473,0.22145328719722124,593490.471714934,0.11354491356574768,-0.10340638216070744,0.3553094963475586,5236856
131,09,UTTAR PRADESH,BASTI,-0.008858131487889213,0.14173010380621745,0.1727950788158501,0.2069357939254081,255334.57161748555,0.07331336132396961,-0.10340638216070744,0.34602076124567477,3489747
179,09,UTTAR PRADESH,BHADOHI,-0.01993079584775142,0.1190926566705191,0.14173010380622927,0.1727950788158464,66434.66754210692,0.05301676955620293,-0.13588619761630144,0.3278123798539023,1258326
132,09,UTTAR PRADESH,BIJNOR,0.06698961937716146,0.21413302575925666,0.236462898885038,0.2599000384467571,923670.8733783354,0.1568307138435193,-0.05911572472126105,0.3839138792772011,5897437
134,09,UTTAR PRADESH,BULANDSHAHR,0.04158400615148117,0.16633602460590963,0.19986159169548898,0.2364628988850562,495478.3242568989,0.11114891498022053,-0.09356401384083046,0.36472126105344094,4465675
135,09,UTTAR PRADESH,CHANDAULI,-0.01993079584775163,0.16633602460581914,0.192910419069572,0.2141330257593323,239331.50921112607,0.07616318404265872,-0.12456747404844293,0.3553094963475586,3149762
136,09,UTTAR PRADESH,CHITRAKOOT,-0.019930795847752744,0.19291041906953904,0.21413302575925303,0.23646289888501218,342703.88569833455,0.08705100598689518,-0.11374086889657825,0.36472126105344094,3947058
137,09,UTTAR PRADESH,DEORIA,-0.03254133025759358,0.113740868896577,0.14173010380624054,0.17937716262975292,139137.1941470143,0.04403465365361906,-0.13588619761630144,0.3553094963475586,3167421
140,09,UTTAR PRADESH,AYODHYA,-8.972368138917227E-4,0.1727950788158507,0.19986159169548665,0.22889657823914408,309092.1844754681,0.09210165835769527,-0.11909265667051133,0.3553094963475586,3363207
138,09,UTTAR PRADESH,ETAH,-9.04061492133872E-4,0.11374086889658844,0.1358861976162968,0.16633602460592378,185793.1669123127,0.060968346243235404,-0.09356401384083046,0.3278123798539023,3057112
139,09,UTTAR PRADESH,ETAWAH,0.00451391918812099,0.22889657823912504,0.2679584775086827,0.29287197231833934,280426.8801091364,0.09650600612453819,-0.09356401384083046,0.40359861591695495,2912455
141,09,UTTAR PRADESH,FARRUKHABAD,-0.006800623602379325,0.12456747404846982,0.15378700499808645,0.19291041906957643,192212.45518826728,0.07016605619669664,-0.1085121107266436,0.3278123798539023,2746061
142,09,UTTAR PRADESH,FATEHPUR,-0.012056901191848669,0.1358861976163126,0.1600000000000011,0.19986159169549347,310883.70378989755,0.060127192595048166,-0.11374086889657825,0.3839138792772011,5179341
143,09,UTTAR PRADESH,FIROZABAD,-0.0016441610344464829,0.13016532103037132,0.16633602460592462,0.2288965782391431,192531.7015513557,0.06343291083097871,-0.1085121107266436,0.42377547097270285,3043033
144,09,UTTAR PRADESH,GAUTAMBUDHNAGAR,0.015747789311802957,0.16633602460592517,0.186082276047697,0.22145328719723428,181919.98000654424,0.10147828886228247,-0.08421376393694734,0.34602076124567477,1799130
146,09,UTTAR PRADESH,GAZIPUR,-0.044844290657440215,0.10340638216072193,0.13016532103037576,0.160000000000003,165696.88361321413,0.039612492973001116,-0.13588619761630144,0.33685505574778934,4191005
145,09,UTTAR PRADESH,GHAZIABAD,-0.024605920799692843,0.16633602460592392,0.18608227604768796,0.22145328719722773,127385.70007045568,0.1098176607107201,-0.1085121107266436,0.3553094963475586,1164347
147,09,UTTAR PRADESH,GONDA,9.273743004978031E-4,0.17279507881585093,0.1998615916954863,0.23646289888505895,481952.22754060564,0.09662151377431896,-0.12456747404844293,0.37425605536332185,4997607
148,09,UTTAR PRADESH,GORAKHPUR,-0.07111111111111386,0.10851211072665447,0.1417301038062403,0.19291041906958273,159558.97546829874,0.03838622581430909,-0.13588619761630144,0.3553094963475586,4167218
149,09,UTTAR PRADESH,HAMIRPUR,-0.03844675124952163,0.15378700499808598,0.19986159169548895,0.23646289888505412,247910.56731086486,0.05136842013627205,-0.12456747404844293,0.37425605536332185,4836349
661,09,UTTAR PRADESH,HAPUR,0.04158400615148103,0.17279507881585074,0.1998615916954895,0.22889657823913712,170552.43319040624,0.1200540818971895,-0.08421376393694734,0.3553094963475586,1425629
150,09,UTTAR PRADESH,HARDOI,0.0026544971937405896,0.17279507881585093,0.19986159169548556,0.22889657823913986,674137.5026893246,0.08967140761368088,-0.11909265667051133,0.3553094963475586,7529334
163,09,UTTAR PRADESH,HATHRAS,0.0068654320915158195,0.11374086889658191,0.13588619761629855,0.1727950788158448,144314.89187209855,0.06433512098453033,-0.10340638216070744,0.33685505574778934,2250134
151,09,UTTAR PRADESH,JALAUN,-0.04158400615148121,0.14769703960015831,0.20693579392540012,0.25196462898884503,277811.7748100818,0.048994454475274236,-0.11909265667051133,0.37425605536332185,5680240
152,09,UTTAR PRADESH,JAUNPUR,-0.010396001537870273,0.12456747404846495,0.15999999999999615,0.19291041906957615,294449.20363683585,0.05891611551274586,-0.11909265667051133,0.34602076124567477,5008032
153,09,UTTAR PRADESH,JHANSI,-0.019930795847751037,0.1727950788158503,0.19986159169548723,0.2364628988850567,444457.2676262658,0.07157353005274525,-0.11374086889657825,0.3839138792772011,6229627
155,09,UTTAR PRADESH,KANNAUJ,0.012056901191848698,0.141730103806216,0.16633602460592475,0.19986159169549336,210345.63618677505,0.0803595916793155,-0.11909265667051133,0.34602076124567477,2623727
157,09,UTTAR PRADESH,KANPUR,-0.013840830449826806,0.1301653210303678,0.15999999999999956,0.19291041906958117,230793.14269000906,0.06180483660135964,-0.11909265667051133,0.3553094963475586,3743531
156,09,UTTAR PRADESH,KANPUR DEHAT,9.334105780031562E-4,0.1417301038062237,0.166336024605925,0.20693579392541486,281618.57735630195,0.07157888471476082,-0.11909265667051133,0.36472126105344094,3941798
633,09,UTTAR PRADESH,KASGANJ,0.004511180088476461,0.13016532103035602,0.16000000000000844,0.19291041906958134,186364.49108169525,0.07547792896473844,-0.08882737408688965,0.33685505574778934,2475748
158,09,UTTAR PRADESH,KAUSHAMBI,-0.008858131487889335,0.14173010380623205,0.17279507881585,0.1998615916954909,146634.87060175498,0.0662680368378678,-0.09842368319876971,0.33685505574778934,2218096
159,09,UTTAR PRADESH,KHERI,0.0044997264634054,0.21413302575927162,0.23646289888507963,0.259900038446801,1111971.0113087073,0.11435261918999497,-0.11374086889657825,0.36472126105344094,9738027
160,09,UTTAR PRADESH,KUSHINAGAR,-0.019930795847751263,0.1476970396001731,0.17279507881585005,0.19986159169549045,282173.33479360485,0.07848267341093376,-0.13016532103037293,0.34602076124567477,3604253
161,09,UTTAR PRADESH,LALITPUR,-0.03543252595155557,0.1600000000000077,0.18608227604769592,0.1998615916954856,399178.50786882173,0.06444103915613655,-0.11909265667051133,0.3278123798539023,6203252
162,09,UTTAR PRADESH,LUCKNOW,-0.02460592079969263,0.21413302575923573,0.2364628988850784,0.2519646289888446,315231.2498513116,0.09966717631311185,-0.13588619761630144,0.3553094963475586,3170059
165,09,UTTAR PRADESH,MAHOBA,-0.02977316416762683,0.1537870049980818,0.1860822760476964,0.21413302575932966,235585.1840377797,0.058392344486936414,-0.11909265667051133,0.3278123798539023,4045255
166,09,UTTAR PRADESH,MAINPURI,0.008858131487889404,0.11909265667052553,0.14173010380623352,0.1727950788158479,229480.75149121668,0.06681724561451585,-0.10340638216070744,0.34602076124567477,3441554
167,09,UTTAR PRADESH,MATHURA,0.00968990958934386,0.12456747404847023,0.15378700499808717,0.17937716262975226,327591.571033853,0.07789385941365617,-0.1085121107266436,0.39369473279507883,4213749
168,09,UTTAR PRADESH,MAU,-0.032541330257593426,0.11374086889657711,0.135886197616296,0.16633602460592448,103989.12041104204,0.04823799301651741,-0.11909265667051133,0.33685505574778934,2161729
169,09,UTTAR PRADESH,MEERUT,0.03844675124951967,0.18608227604771566,0.20693579392538994,0.2364628988850588,449233.58700683137,0.1358135047353526,-0.09356401384083046,0.36472126105344094,3314219
170,09,UTTAR PRADESH,MIRZAPUR,-0.017777777777777826,0.1537870049980181,0.17279507881585104,0.1929104190695787,464333.021686798,0.08540978884272683,-0.14173010380622836,0.34602076124567477,5447558
171,09,UTTAR PRADESH,MORADABAD,0.04822760476739393,0.18608227604768898,0.2069357939253845,0.22889657823913798,322295.0036730442,0.12987417589701103,-0.09842368319876971,0.3553094963475586,2489342
172,09,UTTAR PRADESH,MUZAFFARNAGAR,0.0591157247212633,0.19291041906954734,0.20693579392538178,0.22889657823913698,520230.25151552836,0.1484339179615571,-0.07972318339100345,0.34602076124567477,3511799
173,09,UTTAR PRADESH,PILIBHIT,0.015747789311802863,0.23646289888507005,0.25196462898896754,0.2599000384467672,573002.0359646527,0.11993352787433748,-0.08882737408688965,0.37425605536332185,4788939
174,09,UTTAR PRADESH,PRATAPGARH,-8.98928188265456E-4,0.17279507881585063,0.19986159169548678,0.2288965782391367,391624.56923146243,0.08507166923158917,-0.10340638216070744,0.34602076124567477,4613609
175,09,UTTAR PRADESH,RAIBEARELI,-0.002630870069757681,0.1600000000000067,0.18608227604770095,0.22145328719723473,388895.8986565221,0.07958586213279811,-0.09842368319876971,0.34602076124567477,4896223
176,09,UTTAR PRADESH,RAMPUR,0.044844290657437995,0.19291041906956508,0.21413302575931234,0.23646289888505995,370948.1886016773,0.12318396563399751,-0.10340638216070744,0.3553094963475586,3018922
177,09,UTTAR PRADESH,SAHARANPUR,0.05911572472126381,0.23646289888506014,0.25196462898891436,0.2761399461745387,789626.222678091,0.16508758494616252,-0.09356401384083046,0.40359861591695495,4790695
659,09,UTTAR PRADESH,SAMBHAL,0.03254133025759426,0.1476970396001613,0.16633602460589383,0.18608227604769267,301535.11390672374,0.09789122425438616,-0.09356401384083046,0.33685505574778934,3088314
178,09,UTTAR PRADESH,SANTKABIRNAGAR,-0.0325413302575929,0.11374086889657388,0.14769703960015265,0.18608227604767136,84650.79079555668,0.04126965854096503,-0.1085121107266436,0.34602076124567477,2058853
180,09,UTTAR PRADESH,SHAHJAHANPUR,0.0026558076455540742,0.153787004998044,0.17279507881585032,0.20693579392540928,456047.73340138164,0.08368576371887068,-0.10340638216070744,0.34602076124567477,5462736
660,09,UTTAR PRADESH,SHAMLI,0.04484429065743828,0.1860822760476591,0.20693579392539013,0.22889657823914591,218183.22701545892,0.13475580864671433,-0.08421376393694734,0.33685505574778934,1623202
181,09,UTTAR PRADESH,SHRAWASTI,0.00451877074093748,0.21413302575921597,0.2364628988850179,0.2519646289888446,237879.6859979674,0.09776646119740823,-0.09842368319876971,0.36472126105344094,2439319
182,09,UTTAR PRADESH,SIDDHARTHNAGAR,-0.041584006151481105,0.11909265667051783,0.153787004998083,0.19986159169549425,169886.6738404421,0.04676569185638145,-0.11909265667051133,0.34602076124567477,3640380
183,09,UTTAR PRADESH,SITAPUR,9.249052944125423E-4,0.17937716262981102,0.19986159169548465,0.2288965782391306,766844.5989282429,0.10622220333374305,-0.11374086889657825,0.36472126105344094,7230057
184,09,UTTAR PRADESH,SONBHADRA,0.005873111124508408,0.19986159169550635,0.21413302575923474,0.23646289888502578,1023498.9516889973,0.12128204278439504,-0.13588619761630144,0.37425605536332185,8450002
185,09,UTTAR PRADESH,SULTANPUR,0.002659723285025059,0.16633602460592284,0.19291041906959364,0.2288965782391493,269931.30102486117,0.08113359195326314,-0.11374086889657825,0.3839138792772011,3335749
186,09,UTTAR PRADESH,UNNAO,-0.010396001537870275,0.1727950788158505,0.20693579392539221,0.23646289888502817,436771.18471736414,0.07660056371148855,-0.1085121107266436,0.3553094963475586,5712341
187,09,UTTAR PRADESH,VARANASI,-0.06299115724721124,0.10340638216071933,0.13016532103037728,0.15378700499808037,80706.79960302272,0.04262041087823134,-0.13016532103037293,0.3188927335640138,1899363
120,09,UTTAR PRADESH,PRAYAGRAJ,-0.029773164167626934,0.1358861976163312,0.16000000000000644,0.18608227604767874,395000.26075134036,0.05847113351767499,-0.14769703960015382,0.36472126105344094,6766620
164,09,UTTAR PRADESH,MAHARAJGANJ,-0.010396001537870198,0.21413302575928814,0.24415224913504627,0.25990003844679177,298526.6081337428,0.0808345412781248,-0.11909265667051133,0.36472126105344094,3700747
045,05,UTTARAKHAND,ALMORA,0.07972318339100312,0.25196462898888883,0.2679584775086837,0.2928719723183518,738227.1990533664,0.1828434872731388,-0.08882737408688965,0.3839138792772011,4045433
046,05,UTTARAKHAND,BAGESHWAR,-0.06698961937716412,0.2519646289889369,0.2679584775086911,0.2844444444444715,453542.6532988133,0.15767032479796753,-0.186082276047674,0.37425605536332185,2883079
048,05,UTTARAKHAND,CHAMPAWAT,0.048227604767396695,0.2519646289889252,0.27613994617453425,0.2928719723183104,402255.11251271184,0.1779367066182255,-0.11374086889657825,0.37425605536332185,2266165
049,05,UTTARAKHAND,DEHRADUN,0.044844290657438335,0.2761399461745179,0.2928719723183232,0.31889273356405395,795418.4855980483,0.1984499512087109,-0.09356401384083046,0.40359861591695495,4018513
050,05,UTTARAKHAND,HARIDWAR,0.04822760476739508,0.251964628989018,0.26795847750869795,0.2928719723183221,484975.8382878229,0.1646796990835874,-0.08882737408688965,0.3839138792772011,2950783
051,05,UTTARAKHAND,NAINITAL,0.04484429065743841,0.25990003844683723,0.27613994617451987,0.29287197231831347,969658.5853295911,0.1900201885935452,-0.09842368319876971,0.3839138792772011,5111706
052,05,UTTARAKHAND,PAURI GARHWAL,0.09842368319876868,0.2928719723183962,0.31009611687816024,0.3278123798539099,1477708.0234366844,0.21765374611656907,-0.07972318339100345,0.41362552864282975,6797764
054,05,UTTARAKHAND,RUDRAPRAYAG,-0.06698961937716336,0.26795847750870333,0.2928719723183167,0.31009611687808397,433032.627814184,0.16839915715815282,-0.17279507881584008,0.39369473279507883,2576527
055,05,UTTARAKHAND,TEHRI GARHWAL,-0.04158400615148101,0.2761399461745131,0.3014225297961836,0.31889273356405407,966949.9045386564,0.19131720202403113,-0.17279507881584008,0.41362552864282975,5065420
056,05,UTTARAKHAND,UDHAM SINGH NAGAR,-9.130873465036182E-4,0.22889657823911197,0.2441522491349252,0.25990003844678256,398787.11199831724,0.11707698025641189,-0.09842368319876971,0.37425605536332185,3417188
047,05,UTTARAKHAND,CHAMOLI,-0.084213763936952,0.23646289888509245,0.2599000384468308,0.28444444444447897,1072839.3928606224,0.10601938397846493,-0.17937716262975778,0.39369473279507883,10130102
053,05,UTTARAKHAND,PITHORAGARH,-0.0753556324490493,0.24415224913503364,0.2679584775087025,0.2928719723183006,1039723.4667846339,0.11154284480940499,-0.19986159169550174,0.39369473279507883,9333695
057,05,UTTARAKHAND,UTTARKASHI,-0.07972318339101087,0.23646289888505762,0.2599000384467804,0.28444444444447753,1136634.6035727686,0.10952930400943255,-0.1929104190695886,0.37425605536332185,10391325
664,19,WEST BENGAL,ALIPUR DUAR,-0.07972318339100483,0.15378700499802023,0.16633602460588734,0.19291041906959858,260195.3125328407,0.07449839855578723,-0.17279507881584008,0.3278123798539023,3499191
305,19,WEST BENGAL,BANKURA,-0.04484429065744128,0.17279507881579997,0.19291041906957246,0.20693579392538283,695368.6861611792,0.0831957356590038,-0.15378700499807765,0.31009611687812383,8367774
306,19,WEST BENGAL,PURBA BARDDHAMAN,-0.0753556324490519,0.06299115724721116,0.09356401384082524,0.13016532103036868,36239.287461484164,0.005720881216423654,-0.17279507881584008,0.2599000384467512,6345416
307,19,WEST BENGAL,BIRBHUM,-0.0629911572472113,0.11374086889657935,0.1417301038062237,0.17279507881584844,218525.22750443814,0.039331857666686974,-0.15378700499807765,0.3014225297962323,5568338
310,19,WEST BENGAL,DAKSHIN DINAJPUR,-0.0935640138408571,0.09842368319876556,0.13016532103037534,0.16000000000000036,52928.31265606123,0.019178614272046063,-0.17937716262975778,0.3014225297962323,2766684
309,19,WEST BENGAL,DARJILING,-0.03254133025759363,0.1860822760477114,0.21413302575933046,0.2364628988850594,268007.21306707297,0.10452893360955197,-0.15378700499807765,0.34602076124567477,2570580
317,19,WEST BENGAL,PURBA MEDINIPUR,-0.098423683198766,0.06698961937717135,0.08882737408688363,0.11374086889657539,12701.888228450103,0.002664660787517242,-0.1929104190695886,0.2364628988850442,4774369
313,19,WEST BENGAL,HAORA,-0.10851211072664121,0.07972318339101411,0.09842368319876768,0.1245674740484388,10492.135193611284,0.0059126404178942125,-0.1929104190695886,0.24415224913494812,1779421
312,19,WEST BENGAL,HUGLI,-0.10340638216071764,0.06299115724721116,0.08882737408688646,0.1190926566705114,-31154.878029618612,-0.008152715297962992,-0.186082276047674,0.2519646289888504,3830421
314,19,WEST BENGAL,JALPAIGURI,-0.08421376393694421,0.14769703960016656,0.16633602460591068,0.17937716262976933,271698.26085272816,0.0634274169600643,-0.186082276047674,0.33685505574778934,4291724
308,19,WEST BENGAL,KOCH BIHAR,-0.09356401384082387,0.08882737408688728,0.11909265667050986,0.1476970396001503,42701.30040408865,0.010177345547894574,-0.16633602460592078,0.2679584775086506,4209471
315,19,WEST BENGAL,KOLKATA,-0.135886197616305,0.03254133025759364,0.055363321799306926,0.07111111111111015,-12901.883247679028,-0.057597225193376525,-0.186082276047674,0.186082276047674,225875
316,19,WEST BENGAL,MALDAH,-0.10851211072664382,0.13588619761633286,0.1599999999999988,0.17937716262976527,141655.47616989058,0.032021790025559486,-0.2069357939254133,0.31009611687812383,4432769
319,19,WEST BENGAL,MURSHIDABAD,-0.08421376393694552,0.09842368319876836,0.1301653210303718,0.15999999999999817,86856.4715367305,0.013276757896050677,-0.17937716262975778,0.28444444444444444,6553296
320,19,WEST BENGAL,NADIA,-0.08421376393694595,0.09842368319877184,0.12456747404844913,0.15378700499808082,50909.66235019393,0.010739995250098932,-0.17937716262975778,0.2679584775086506,4752532
303,19,WEST BENGAL,NORTH TWENTY-FOUR PARGANAS,-0.11909265667051705,0.0753556324490482,0.09842368319876754,0.12456747404844132,-45253.488799074046,-0.009335021728357273,-0.22145328719723184,0.2679584775086506,4858451
318,19,WEST BENGAL,PASCHIM MEDINIPUR,-0.07111111111111694,0.1417301038062204,0.16633602460586747,0.19291041906958142,307260.2691269691,0.04054162305635892,-0.2069357939254133,0.28444444444444444,7589470
321,19,WEST BENGAL,PURULIYA,0.012056901191849208,0.18608227604770028,0.19986159169548368,0.2214532871972237,891265.6717382595,0.11721835254580805,-0.13588619761630144,0.34602076124567477,7614827
304,19,WEST BENGAL,SOUTH TWENTY-FOUR PARGANAS,-0.09356401384082447,0.07972318339099158,0.09356401384086284,0.09842368319875279,105192.22116617074,0.011389017893740899,-0.21413302575932336,0.22145328719723184,9269362
311,19,WEST BENGAL,UTTAR DINAJPUR,-0.07535563244904414,0.11374086889658576,0.13588619761630355,0.15999999999999928,121287.62472950277,0.031187445800868446,-0.15378700499807765,0.29287197231833906,3902218
703,19,WEST BENGAL,JHARGRAM,-0.01777777777777795,0.172795078815848,0.1860822760477087,0.19986159169548728,340657.1101633091,0.09103642000016382,-0.14173010380622836,0.3188927335640138,3751531
704,19,WEST BENGAL,PASCHIM BARDDHAMAN,-0.05911572472126285,0.14173010380623086,0.1599999999999998,0.17937716262975562,152035.03913558632,0.06895110418671689,-0.16633602460592078,0.3014225297962323,2210746
702,19,WEST BENGAL,KALIMPONG,-0.024605920799693044,0.21413302575927237,0.23646289888501226,0.2599000384467835,173772.04554166578,0.1269292851453105,-0.14173010380622836,0.33685505574778934,1372509
