system:index,GEOID,GeoName,Shape_Area,Shape_Leng,di_code,dist23,st_code,st_di23,state23,sum,.geo
00000000000000000107,x35603,"ANDAMAN & NICOBAR, NICOBAR",1.85189639602E9,956102.108796,603,NICOBAR,35,"ANDAMAN & NICOBAR, NICOBAR",ANDAMAN & NICOBAR,92354.51764705875,"{""type"":""MultiPoint"",""coordinates"":[]}"
0000000000000000010b,x35632,"ANDAMAN & NICOBAR, NORTH & MIDDLE ANDAMAN",3.43887502259E9,3083245.68362,632,NORTH & MIDDLE ANDAMAN,35,"ANDAMAN & NICOBAR, NORTH & MIDDLE ANDAMAN",ANDAMAN & NICOBAR,188807.36470588215,"{""type"":""MultiPoint"",""coordinates"":[]}"
00000000000000000155,x35602,"ANDAMAN & NICOBAR, SOUTH ANDAMAN",2.54650428091E9,1785415.55064,602,SOUTH ANDAMAN,35,"ANDAMAN & NICOBAR, SOUTH ANDAMAN",ANDAMAN & NICOBAR,108992.86666666658,"{""type"":""MultiPoint"",""coordinates"":[]}"
00000000000000000016,x28502,"ANDHRA PRADESH, ANANTAPUR",1.91655566434E10,1524559.50705,502,ANANTAPUR,28,"ANDHRA PRADESH, ANANTAPUR",ANDHRA PRADESH,3.839905182352936E7,"{""type"":""MultiPoint"",""coordinates"":[]}"
0000000000000000005e,x28503,"ANDHRA PRADESH, CHITTOOR",1.49075478284E10,1287744.15934,503,CHITTOOR,28,"ANDHRA PRADESH, CHITTOOR",ANDHRA PRADESH,6745905.470588246,"{""type"":""MultiPoint"",""coordinates"":[]}"
00000000000000000061,x28504,"ANDHRA PRADESH, Y S R KADAPA",1.51552694485E10,796144.609422,504,Y S R KADAPA,28,"ANDHRA PRADESH, Y S R KADAPA",ANDHRA PRADESH,6.739227844705874E7,"{""type"":""MultiPoint"",""coordinates"":[]}"
00000000000000000080,x28505,"ANDHRA PRADESH, EAST GODAVARI",1.2589817609E10,1004317.88398,505,EAST GODAVARI,28,"ANDHRA PRADESH, EAST GODAVARI",ANDHRA PRADESH,5.593525425960788E8,"{""type"":""MultiPoint"",""coordinates"":[]}"
00000000000000000099,x28506,"ANDHRA PRADESH, GUNTUR",1.11598965119E10,800649.102983,506,GUNTUR,28,"ANDHRA PRADESH, GUNTUR",ANDHRA PRADESH,4.079650794156863E8,"{""type"":""MultiPoint"",""coordinates"":[]}"
000000000000000000e0,x28510,"ANDHRA PRADESH, KRISHNA",8.56115131405E9,832126.822502,510,KRISHNA,28,"ANDHRA PRADESH, KRISHNA",ANDHRA PRADESH,2.189826643607847E8,"{""type"":""MultiPoint"",""coordinates"":[]}"
000000000000000000e2,x28511,"ANDHRA PRADESH, KURNOOL",1.70775479543E10,894651.282742,511,KURNOOL,28,"ANDHRA PRADESH, KURNOOL",ANDHRA PRADESH,1.388774463921571E8,"{""type"":""MultiPoint"",""coordinates"":[]}"
00000000000000000105,x28515,"ANDHRA PRADESH, POTTI SRIRAMULU NELLORE",1.30564818344E10,669181.757083,515,POTTI SRIRAMULU NELLORE,28,"ANDHRA PRADESH, POTTI SRIRAMULU NELLORE",ANDHRA PRADESH,6.171611754117651E7,"{""type"":""MultiPoint"",""coordinates"":[]}"
0000000000000000011b,x28517,"ANDHRA PRADESH, PRAKASAM",1.7294622747E10,875362.028126,517,PRAKASAM,28,"ANDHRA PRADESH, PRAKASAM",ANDHRA PRADESH,6.171416732549012E7,"{""type"":""MultiPoint"",""coordinates"":[]}"
0000000000000000015a,x28519,"ANDHRA PRADESH, SRIKAKULAM",5.66301497795E9,691140.075227,519,SRIKAKULAM,28,"ANDHRA PRADESH, SRIKAKULAM",ANDHRA PRADESH,1.6086154913725484E7,"{""type"":""MultiPoint"",""coordinates"":[]}"
00000000000000000175,x28520,"ANDHRA PRADESH, VISAKHAPATNAM",1.12575378147E10,977103.623218,520,VISAKHAPATNAM,28,"ANDHRA PRADESH, VISAKHAPATNAM",ANDHRA PRADESH,4861774.909803919,"{""type"":""MultiPoint"",""coordinates"":[]}"
00000000000000000176,x28521,"ANDHRA PRADESH, VIZIANAGARAM",5.96466329864E9,826083.795254,521,VIZIANAGARAM,28,"ANDHRA PRADESH, VIZIANAGARAM",ANDHRA PRADESH,3590767.250980383,"{""type"":""MultiPoint"",""coordinates"":[]}"
0000000000000000017b,x28523,"ANDHRA PRADESH, WEST GODAVARI",8.12109774797E9,622619.446135,523,WEST GODAVARI,28,"ANDHRA PRADESH, WEST GODAVARI",ANDHRA PRADESH,1.4127850094509795E8,"{""type"":""MultiPoint"",""coordinates"":[]}"
000000000000000001ba,x12628,"ARUNACHAL PRADESH, ANJAW",5.81274971916E9,389633.475618,628,ANJAW,12,"ARUNACHAL PRADESH, ANJAW",ARUNACHAL PRADESH,2.344845161568629E7,"{""type"":""MultiPoint"",""coordinates"":[]}"
000000000000000001d0,x12229,"ARUNACHAL PRADESH, CHANGLANG",4.77411929839E9,585539.158236,229,CHANGLANG,12,"ARUNACHAL PRADESH, CHANGLANG",ARUNACHAL PRADESH,3618108.1450980385,"{""type"":""MultiPoint"",""coordinates"":[]}"
000000000000000001d5,x12230,"ARUNACHAL PRADESH, DIBANG VALLEY",9.27538688201E9,585432.566276,230,DIBANG VALLEY,12,"ARUNACHAL PRADESH, DIBANG VALLEY",ARUNACHAL PRADESH,8877984.199999994,"{""type"":""MultiPoint"",""coordinates"":[]}"
000000000000000001d7,x12231,"ARUNACHAL PRADESH, EAST KAMENG",4.25715203224E9,393940.016192,231,EAST KAMENG,12,"ARUNACHAL PRADESH, EAST KAMENG",ARUNACHAL PRADESH,4886566.011764705,"{""type"":""MultiPoint"",""coordinates"":[]}"
00000000000000000202,x12233,"ARUNACHAL PRADESH, KURUNG KUMEY",4.29393600541E9,350111.364373,233,KURUNG KUMEY,12,"ARUNACHAL PRADESH, KURUNG KUMEY",ARUNACHAL PRADESH,2537298.3019607808,"{""type"":""MultiPoint"",""coordinates"":[]}"
00000000000000000206,x12234,"ARUNACHAL PRADESH, LOHIT",2.95077501621E9,380960.13076,234,LOHIT,12,"ARUNACHAL PRADESH, LOHIT",ARUNACHAL PRADESH,1.3964085364705877E7,"{""type"":""MultiPoint"",""coordinates"":[]}"
00000000000000000207,x12235,"ARUNACHAL PRADESH, LOWER DIBANG VALLEY",3.42327424454E9,406120.977157,235,LOWER DIBANG VALLEY,12,"ARUNACHAL PRADESH, LOWER DIBANG VALLEY",ARUNACHAL PRADESH,7987328.933333338,"{""type"":""MultiPoint"",""coordinates"":[]}"
00000000000000000229,x12237,"ARUNACHAL PRADESH, PAPUMPARE",3.32453241456E9,429256.816125,237,PAPUMPARE,12,"ARUNACHAL PRADESH, PAPUMPARE",ARUNACHAL PRADESH,1501629.7098039223,"{""type"":""MultiPoint"",""coordinates"":[]}"
00000000000000000251,x12238,"ARUNACHAL PRADESH, TAWANG",2.37167683822E9,311006.712835,238,TAWANG,12,"ARUNACHAL PRADESH, TAWANG",ARUNACHAL PRADESH,3547989.211764708,"{""type"":""MultiPoint"",""coordinates"":[]}"
00000000000000000254,x12239,"ARUNACHAL PRADESH, TIRAP",1.13250213745E9,184942.10308,239,TIRAP,12,"ARUNACHAL PRADESH, TIRAP",ARUNACHAL PRADESH,374527.6470588235,"{""type"":""MultiPoint"",""coordinates"":[]}"
00000000000000000256,x12240,"ARUNACHAL PRADESH, UPPER SIANG",6.48980507694E9,478881.591212,240,UPPER SIANG,12,"ARUNACHAL PRADESH, UPPER SIANG",ARUNACHAL PRADESH,3.868960109333331E8,"{""type"":""MultiPoint"",""coordinates"":[]}"
00000000000000000257,x12241,"ARUNACHAL PRADESH, UPPER SUBANSIRI",6.26808549083E9,476128.575102,241,UPPER SUBANSIRI,12,"ARUNACHAL PRADESH, UPPER SUBANSIRI",ARUNACHAL PRADESH,2.658873223137254E7,"{""type"":""MultiPoint"",""coordinates"":[]}"
0000000000000000025e,x12242,"ARUNACHAL PRADESH, WEST KAMENG",4.74270007647E9,378357.647605,242,WEST KAMENG,12,"ARUNACHAL PRADESH, WEST KAMENG",ARUNACHAL PRADESH,4621369.560784316,"{""type"":""MultiPoint"",""coordinates"":[]}"
0000000000000000025f,x12719,"ARUNACHAL PRADESH, LOWER SIANG",1.75126298953E9,297474.745069,719,LOWER SIANG,12,"ARUNACHAL PRADESH, LOWER SIANG",ARUNACHAL PRADESH,3750373.6392156864,"{""type"":""MultiPoint"",""coordinates"":[]}"
0000000000000000026a,x12236,"ARUNACHAL PRADESH, LOWER SUBANSIRI",1.87500831531E9,265052.783622,236,LOWER SUBANSIRI,12,"ARUNACHAL PRADESH, LOWER SUBANSIRI",ARUNACHAL PRADESH,1548687.7019607846,"{""type"":""MultiPoint"",""coordinates"":[]}"
00000000000000000276,x12679,"ARUNACHAL PRADESH, SIANG",3.3377316381E9,381310.003195,679,SIANG,12,"ARUNACHAL PRADESH, SIANG",ARUNACHAL PRADESH,1.865045069764706E8,"{""type"":""MultiPoint"",""coordinates"":[]}"
00000000000000000277,x12243,"ARUNACHAL PRADESH, WEST SIANG",1.28885438804E9,205653.056089,243,WEST SIANG,12,"ARUNACHAL PRADESH, WEST SIANG",ARUNACHAL PRADESH,1084491.1921568625,"{""type"":""MultiPoint"",""coordinates"":[]}"
00000000000000000278,x12725,"ARUNACHAL PRADESH, SHI YOMI",2.53361484859E9,234935.066859,725,SHI YOMI,12,"ARUNACHAL PRADESH, SHI YOMI",ARUNACHAL PRADESH,1658856.5607843143,"{""type"":""MultiPoint"",""coordinates"":[]}"
00000000000000000279,x12724,"ARUNACHAL PRADESH, LEPA RADA",7.40599302215E8,136851.799851,724,LEPA RADA,12,"ARUNACHAL PRADESH, LEPA RADA",ARUNACHAL PRADESH,201148.8588235295,"{""type"":""MultiPoint"",""coordinates"":[]}"
0000000000000000027a,x12723,"ARUNACHAL PRADESH, PAKKE KESSANG",1.84175640384E9,292751.205061,723,PAKKE KESSANG,12,"ARUNACHAL PRADESH, PAKKE KESSANG",ARUNACHAL PRADESH,2619175.396078433,"{""type"":""MultiPoint"",""coordinates"":[]}"
0000000000000000027b,x12677,"ARUNACHAL PRADESH, KRA DAADI",1.70082602283E9,272548.025795,677,KRA DAADI,12,"ARUNACHAL PRADESH, KRA DAADI",ARUNACHAL PRADESH,1926413.5137254915,"{""type"":""MultiPoint"",""coordinates"":[]}"
0000000000000000027c,x12678,"ARUNACHAL PRADESH, NAMSAI",1.29567164957E9,173448.760741,678,NAMSAI,12,"ARUNACHAL PRADESH, NAMSAI",ARUNACHAL PRADESH,6167359.737254902,"{""type"":""MultiPoint"",""coordinates"":[]}"
0000000000000000027d,x12718,"ARUNACHAL PRADESH, KAMLE",1.33150716319E9,226425.94142,718,KAMLE,12,"ARUNACHAL PRADESH, KAMLE",ARUNACHAL PRADESH,1.0634905964705903E7,"{""type"":""MultiPoint"",""coordinates"":[]}"
00000000000000000294,x12232,"ARUNACHAL PRADESH, EAST SIANG",1.62340062502E9,212629.714858,232,EAST SIANG,12,"ARUNACHAL PRADESH, EAST SIANG",ARUNACHAL PRADESH,1.4447127721960783E8,"{""type"":""MultiPoint"",""coordinates"":[]}"
00000000000000000295,x12666,"ARUNACHAL PRADESH, LONGDING",9.02244317477E8,171487.612598,666,LONGDING,12,"ARUNACHAL PRADESH, LONGDING",ARUNACHAL PRADESH,297237.3058823531,"{""type"":""MultiPoint"",""coordinates"":[]}"
000000000000000002bc,x18616,"ASSAM, BAKSA",2.57562432821E9,511427.737459,616,BAKSA,18,"ASSAM, BAKSA",ASSAM,6553970.847058816,"{""type"":""MultiPoint"",""coordinates"":[]}"
000000000000000002bd,x18280,"ASSAM, BARPETA",2.14179215347E9,415011.197683,280,BARPETA,18,"ASSAM, BARPETA",ASSAM,3.3072464929411757E8,"{""type"":""MultiPoint"",""coordinates"":[]}"
000000000000000002be,x18705,"ASSAM, BISWANATH",1.72065075774E9,226550.26312,705,BISWANATH,18,"ASSAM, BISWANATH",ASSAM,2.257076513176471E8,"{""type"":""MultiPoint"",""coordinates"":[]}"
000000000000000002bf,x18281,"ASSAM, BONGAIGAON",9.38074332777E8,278101.508465,281,BONGAIGAON,18,"ASSAM, BONGAIGAON",ASSAM,1.0275840438431372E8,"{""type"":""MultiPoint"",""coordinates"":[]}"
000000000000000002c0,x18282,"ASSAM, CACHAR",3.63866662669E9,433439.258272,282,CACHAR,18,"ASSAM, CACHAR",ASSAM,2.694822070588237E7,"{""type"":""MultiPoint"",""coordinates"":[]}"
000000000000000002c1,x18708,"ASSAM, CHARAIDEO",1.03607451295E9,224632.571325,708,CHARAIDEO,18,"ASSAM, CHARAIDEO",ASSAM,1130288.2000000007,"{""type"":""MultiPoint"",""coordinates"":[]}"
000000000000000002c2,x18612,"ASSAM, CHIRANG",1.96299624816E9,310549.778464,612,CHIRANG,18,"ASSAM, CHIRANG",ASSAM,5180157.419607847,"{""type"":""MultiPoint"",""coordinates"":[]}"
000000000000000002c3,x18283,"ASSAM, DARRANG",1.30952255697E9,331697.061676,283,DARRANG,18,"ASSAM, DARRANG",ASSAM,2.3867191304313728E8,"{""type"":""MultiPoint"",""coordinates"":[]}"
000000000000000002c4,x18284,"ASSAM, DHEMAJI",2.38101711525E9,401430.529966,284,DHEMAJI,18,"ASSAM, DHEMAJI",ASSAM,1.005086665960784E8,"{""type"":""MultiPoint"",""coordinates"":[]}"
000000000000000002c5,x18285,"ASSAM, DHUBRI",1.51411132826E9,484020.123035,285,DHUBRI,18,"ASSAM, DHUBRI",ASSAM,1.4479485543529412E8,"{""type"":""MultiPoint"",""coordinates"":[]}"
000000000000000002c6,x18286,"ASSAM, DIBRUGARH",3.27583302017E9,441649.091418,286,DIBRUGARH,18,"ASSAM, DIBRUGARH",ASSAM,3.392360546980394E8,"{""type"":""MultiPoint"",""coordinates"":[]}"
000000000000000002c7,x18299,"ASSAM, DIMA HASAO",4.6982305441E9,499690.772337,299,DIMA HASAO,18,"ASSAM, DIMA HASAO",ASSAM,3986104.4313725485,"{""type"":""MultiPoint"",""coordinates"":[]}"
000000000000000002c8,x18287,"ASSAM, GOALPARA",1.8470116062E9,330027.809523,287,GOALPARA,18,"ASSAM, GOALPARA",ASSAM,1.9740393442745134E8,"{""type"":""MultiPoint"",""coordinates"":[]}"
000000000000000002c9,x18288,"ASSAM, GOLAGHAT",3.38909912073E9,611752.908683,288,GOLAGHAT,18,"ASSAM, GOLAGHAT",ASSAM,1.4456021794117668E8,"{""type"":""MultiPoint"",""coordinates"":[]}"
000000000000000002ca,x18289,"ASSAM, HAILAKANDI",1.27817157175E9,262606.792407,289,HAILAKANDI,18,"ASSAM, HAILAKANDI",ASSAM,4666588.470588239,"{""type"":""MultiPoint"",""coordinates"":[]}"
000000000000000002cb,x18709,"ASSAM, HOJAI",1.40107975405E9,252272.500632,709,HOJAI,18,"ASSAM, HOJAI",ASSAM,3977746.5921568647,"{""type"":""MultiPoint"",""coordinates"":[]}"
000000000000000002cc,x18290,"ASSAM, JORHAT",1.97628624187E9,348007.022778,290,JORHAT,18,"ASSAM, JORHAT",ASSAM,1162854.7058823514,"{""type"":""MultiPoint"",""coordinates"":[]}"
000000000000000002cd,x18618,"ASSAM, KAMRUP METRO",9.24998183289E8,217860.150882,618,KAMRUP METRO,18,"ASSAM, KAMRUP METRO",ASSAM,5.200245958823527E7,"{""type"":""MultiPoint"",""coordinates"":[]}"
000000000000000002ce,x18291,"ASSAM, KAMRUP RURAL",3.00207395767E9,533767.454399,291,KAMRUP RURAL,18,"ASSAM, KAMRUP RURAL",ASSAM,1.4479561369803885E8,"{""type"":""MultiPoint"",""coordinates"":[]}"
000000000000000002cf,x18292,"ASSAM, KARBI ANGLONG",7.05276147084E9,793115.495346,292,KARBI ANGLONG,18,"ASSAM, KARBI ANGLONG",ASSAM,3384741.419607843,"{""type"":""MultiPoint"",""coordinates"":[]}"
000000000000000002d0,x18293,"ASSAM, KARIMGANJ",1.7436127772E9,253526.555935,293,KARIMGANJ,18,"ASSAM, KARIMGANJ",ASSAM,4758149.819607843,"{""type"":""MultiPoint"",""coordinates"":[]}"
000000000000000002d1,x18294,"ASSAM, KOKRAJHAR",3.005469475E9,370102.899458,294,KOKRAJHAR,18,"ASSAM, KOKRAJHAR",ASSAM,4417108.286274511,"{""type"":""MultiPoint"",""coordinates"":[]}"
000000000000000002d2,x18295,"ASSAM, LAKHIMPUR",2.88880662655E9,372367.885033,295,LAKHIMPUR,18,"ASSAM, LAKHIMPUR",ASSAM,5.331954904705873E7,"{""type"":""MultiPoint"",""coordinates"":[]}"
000000000000000002d3,x18706,"ASSAM, MAJULI",7.60410814687E8,187633.777041,706,MAJULI,18,"ASSAM, MAJULI",ASSAM,3.5708774218431354E8,"{""type"":""MultiPoint"",""coordinates"":[]}"
000000000000000002d4,x18296,"ASSAM, MARIGAON",1.48359965487E9,225512.751862,296,MARIGAON,18,"ASSAM, MARIGAON",ASSAM,8.645908233333334E7,"{""type"":""MultiPoint"",""coordinates"":[]}"
000000000000000002d5,x18297,"ASSAM, NAGAON",2.48215956962E9,595983.805401,297,NAGAON,18,"ASSAM, NAGAON",ASSAM,4.453993048235289E7,"{""type"":""MultiPoint"",""coordinates"":[]}"
000000000000000002d6,x18298,"ASSAM, NALBARI",1.02089707731E9,235768.401907,298,NALBARI,18,"ASSAM, NALBARI",ASSAM,9.286783200392161E7,"{""type"":""MultiPoint"",""coordinates"":[]}"
000000000000000002d7,x18300,"ASSAM, SIBSAGAR",1.51217958901E9,266939.348078,300,SIBSAGAR,18,"ASSAM, SIBSAGAR",ASSAM,4747323.945098039,"{""type"":""MultiPoint"",""coordinates"":[]}"
000000000000000002d8,x18301,"ASSAM, SONITPUR",3.31873600952E9,302021.098402,301,SONITPUR,18,"ASSAM, SONITPUR",ASSAM,3.194984635333334E8,"{""type"":""MultiPoint"",""coordinates"":[]}"
000000000000000002d9,x18707,"ASSAM, SOUTH SALMARA MANCACHAR",6.57868873699E8,234231.827116,707,SOUTH SALMARA MANCACHAR,18,"ASSAM, SOUTH SALMARA MANCACHAR",ASSAM,1.1969544957254894E8,"{""type"":""MultiPoint"",""coordinates"":[]}"
000000000000000002da,x18302,"ASSAM, TINSUKIA",3.67717193098E9,419712.54077,302,TINSUKIA,18,"ASSAM, TINSUKIA",ASSAM,2.3229325407843117E7,"{""type"":""MultiPoint"",""coordinates"":[]}"
000000000000000002db,x18617,"ASSAM, UDALGURI",1.97722753925E9,363765.338478,617,UDALGURI,18,"ASSAM, UDALGURI",ASSAM,1211962.262745099,"{""type"":""MultiPoint"",""coordinates"":[]}"
000000000000000002dc,x18710,"ASSAM, WEST KARBI ANGLONG",2.95733983967E9,430785.104037,710,WEST KARBI ANGLONG,18,"ASSAM, WEST KARBI ANGLONG",ASSAM,4492082.031372553,"{""type"":""MultiPoint"",""coordinates"":[]}"
000000000000000001bb,x10188,"BIHAR, ARARIA",2.68677216996E9,397908.321198,188,ARARIA,10,"BIHAR, ARARIA",BIHAR,2237551.4627450975,"{""type"":""MultiPoint"",""coordinates"":[]}"
000000000000000001bc,x10611,"BIHAR, ARWAL",6.1347720387E8,189576.967619,611,ARWAL,10,"BIHAR, ARWAL",BIHAR,1.1863827917647053E7,"{""type"":""MultiPoint"",""coordinates"":[]}"
000000000000000001bd,x10189,"BIHAR, AURANGABAD",3.17929817538E9,373783.576346,189,AURANGABAD,10,"BIHAR, AURANGABAD",BIHAR,2.412330496078432E7,"{""type"":""MultiPoint"",""coordinates"":[]}"
000000000000000001bf,x10190,"BIHAR, BANKA",2.90964784579E9,343662.222087,190,BANKA,10,"BIHAR, BANKA",BIHAR,1328979.4549019602,"{""type"":""MultiPoint"",""coordinates"":[]}"
000000000000000001c4,x10191,"BIHAR, BEGUSARAI",1.8501117125E9,364147.274207,191,BEGUSARAI,10,"BIHAR, BEGUSARAI",BIHAR,4.0911094066274494E8,"{""type"":""MultiPoint"",""coordinates"":[]}"
000000000000000001c5,x10200,"BIHAR, KAIMUR",3.24066236819E9,384239.495375,200,KAIMUR,10,"BIHAR, KAIMUR",BIHAR,3747081.1999999997,"{""type"":""MultiPoint"",""coordinates"":[]}"
000000000000000001c6,x10192,"BIHAR, BHAGALPUR",2.45921352255E9,385555.727837,192,BHAGALPUR,10,"BIHAR, BHAGALPUR",BIHAR,6.562908135803916E8,"{""type"":""MultiPoint"",""coordinates"":[]}"
000000000000000001c9,x10193,"BIHAR, BHOJPUR",2.29913805222E9,288088.090219,193,BHOJPUR,10,"BIHAR, BHOJPUR",BIHAR,1.152448117568627E8,"{""type"":""MultiPoint"",""coordinates"":[]}"
000000000000000001cd,x10194,"BIHAR, BUXAR",1.63623572435E9,287685.791899,194,BUXAR,10,"BIHAR, BUXAR",BIHAR,1.8347812984313738E8,"{""type"":""MultiPoint"",""coordinates"":[]}"
000000000000000001d2,x10195,"BIHAR, DARBHANGA",2.4236113475E9,475578.743869,195,DARBHANGA,10,"BIHAR, DARBHANGA",BIHAR,9246242.2,"{""type"":""MultiPoint"",""coordinates"":[]}"
000000000000000001e0,x10196,"BIHAR, GAYA",4.77763530079E9,620896.445152,196,GAYA,10,"BIHAR, GAYA",BIHAR,5034497.341176467,"{""type"":""MultiPoint"",""coordinates"":[]}"
000000000000000001e2,x10197,"BIHAR, GOPALGANJ",1.96151711242E9,347790.472493,197,GOPALGANJ,10,"BIHAR, GOPALGANJ",BIHAR,1.9464803631372556E7,"{""type"":""MultiPoint"",""coordinates"":[]}"
000000000000000001eb,x10199,"BIHAR, JAHANABAD",9.01901119093E8,224922.658499,199,JAHANABAD,10,"BIHAR, JAHANABAD",BIHAR,2387163.8784313747,"{""type"":""MultiPoint"",""coordinates"":[]}"
000000000000000001f0,x10198,"BIHAR, JAMUI",2.98227147905E9,405324.44672,198,JAMUI,10,"BIHAR, JAMUI",BIHAR,1071701.0784313728,"{""type"":""MultiPoint"",""coordinates"":[]}"
000000000000000001f7,x10201,"BIHAR, KATIHAR",2.92881093866E9,478940.316666,201,KATIHAR,10,"BIHAR, KATIHAR",BIHAR,5.531490852549018E8,"{""type"":""MultiPoint"",""coordinates"":[]}"
000000000000000001f8,x10202,"BIHAR, KHAGARIA",1.43597267236E9,296638.070544,202,KHAGARIA,10,"BIHAR, KHAGARIA",BIHAR,7.915275660784315E7,"{""type"":""MultiPoint"",""coordinates"":[]}"
000000000000000001fd,x10203,"BIHAR, KISHANGANJ",1.85776105902E9,397841.355582,203,KISHANGANJ,10,"BIHAR, KISHANGANJ",BIHAR,3408649.109803928,"{""type"":""MultiPoint"",""coordinates"":[]}"
00000000000000000204,x10204,"BIHAR, LAKHISARAI",1.17413750156E9,227780.124272,204,LAKHISARAI,10,"BIHAR, LAKHISARAI",BIHAR,1.4732011705882365E7,"{""type"":""MultiPoint"",""coordinates"":[]}"
00000000000000000209,x10205,"BIHAR, MADHEPURA",1.73973036165E9,348104.047254,205,MADHEPURA,10,"BIHAR, MADHEPURA",BIHAR,9654696.501960786,"{""type"":""MultiPoint"",""coordinates"":[]}"
0000000000000000020a,x10206,"BIHAR, MADHUBANI",3.37229559454E9,479370.374181,206,MADHUBANI,10,"BIHAR, MADHUBANI",BIHAR,8524773.533333339,"{""type"":""MultiPoint"",""coordinates"":[]}"
00000000000000000216,x10207,"BIHAR, MUNGER",1.35771339056E9,268751.408351,207,MUNGER,10,"BIHAR, MUNGER",BIHAR,5.1800227381960773E8,"{""type"":""MultiPoint"",""coordinates"":[]}"
00000000000000000218,x10208,"BIHAR, MUZAFFARPUR",3.06065783691E9,427403.514512,208,MUZAFFARPUR,10,"BIHAR, MUZAFFARPUR",BIHAR,2.226934160392152E7,"{""type"":""MultiPoint"",""coordinates"":[]}"
0000000000000000021b,x10209,"BIHAR, NALANDA",2.27818802164E9,407293.6663,209,NALANDA,10,"BIHAR, NALANDA",BIHAR,3032785.0039215735,"{""type"":""MultiPoint"",""coordinates"":[]}"
00000000000000000220,x10210,"BIHAR, NAWADA",2.39613834045E9,381420.360691,210,NAWADA,10,"BIHAR, NAWADA",BIHAR,1853404.8078431385,"{""type"":""MultiPoint"",""coordinates"":[]}"
0000000000000000022b,x10211,"BIHAR, PASHCHIMI CHAMPARAN",5.04294813683E9,489853.432319,211,PASHCHIMI CHAMPARAN,10,"BIHAR, PASHCHIMI CHAMPARAN",BIHAR,3.6256420556862764E7,"{""type"":""MultiPoint"",""coordinates"":[]}"
0000000000000000022f,x10212,"BIHAR, PATNA",3.07391563324E9,567476.304231,212,PATNA,10,"BIHAR, PATNA",BIHAR,3.291188860666665E8,"{""type"":""MultiPoint"",""coordinates"":[]}"
00000000000000000232,x10213,"BIHAR, PURBI CHAMPARAN",3.82705223114E9,479736.562606,213,PURBI CHAMPARAN,10,"BIHAR, PURBI CHAMPARAN",BIHAR,2.37678366431373E7,"{""type"":""MultiPoint"",""coordinates"":[]}"
00000000000000000233,x10214,"BIHAR, PURNIA",3.10804553837E9,463494.154554,214,PURNIA,10,"BIHAR, PURNIA",BIHAR,1.012141947843137E7,"{""type"":""MultiPoint"",""coordinates"":[]}"
0000000000000000023a,x10215,"BIHAR, ROHTAS",3.69948457093E9,408552.312694,215,ROHTAS,10,"BIHAR, ROHTAS",BIHAR,5.169212892941183E7,"{""type"":""MultiPoint"",""coordinates"":[]}"
0000000000000000023c,x10216,"BIHAR, SAHARSA",1.60564405247E9,307404.102257,216,SAHARSA,10,"BIHAR, SAHARSA",BIHAR,4.541732661568628E7,"{""type"":""MultiPoint"",""coordinates"":[]}"
0000000000000000023d,x10217,"BIHAR, SAMASTIPUR",2.5732751108E9,463099.315303,217,SAMASTIPUR,10,"BIHAR, SAMASTIPUR",BIHAR,1.701924077372549E8,"{""type"":""MultiPoint"",""coordinates"":[]}"
00000000000000000240,x10218,"BIHAR, SARAN",2.54212319952E9,322369.317165,218,SARAN,10,"BIHAR, SARAN",BIHAR,5.653166573686272E8,"{""type"":""MultiPoint"",""coordinates"":[]}"
00000000000000000244,x10219,"BIHAR, SHEIKHPURA",6.52669229119E8,225076.137922,219,SHEIKHPURA,10,"BIHAR, SHEIKHPURA",BIHAR,1913870.62745098,"{""type"":""MultiPoint"",""coordinates"":[]}"
00000000000000000245,x10220,"BIHAR, SHEOHAR",4.28234734133E8,172353.880338,220,SHEOHAR,10,"BIHAR, SHEOHAR",BIHAR,1447345.9960784316,"{""type"":""MultiPoint"",""coordinates"":[]}"
00000000000000000248,x10221,"BIHAR, SITAMARHI",2.1095567062E9,381932.319218,221,SITAMARHI,10,"BIHAR, SITAMARHI",BIHAR,2929370.160784317,"{""type"":""MultiPoint"",""coordinates"":[]}"
00000000000000000249,x10222,"BIHAR, SIWAN",2.13775467717E9,311945.385384,222,SIWAN,10,"BIHAR, SIWAN",BIHAR,2.758408239607843E7,"{""type"":""MultiPoint"",""coordinates"":[]}"
0000000000000000024e,x10223,"BIHAR, SUPAUL",2.33173930496E9,373518.129118,223,SUPAUL,10,"BIHAR, SUPAUL",BIHAR,3.2017892098039232E7,"{""type"":""MultiPoint"",""coordinates"":[]}"
0000000000000000025a,x10224,"BIHAR, VAISHALI",1.96103061486E9,264300.277306,224,VAISHALI,10,"BIHAR, VAISHALI",BIHAR,3.5461768429019636E8,"{""type"":""MultiPoint"",""coordinates"":[]}"
00000000000000000054,x04044,"CHANDIGARH, CHANDIGARH",1.11867387146E8,62113.0763786,044,CHANDIGARH,04,"CHANDIGARH, CHANDIGARH",CHANDIGARH,17717.439215686274,"{""type"":""MultiPoint"",""coordinates"":[]}"
00000000000000000027,x22646,"CHHATTISGARH, BALOD",3.24954077194E9,415028.307589,646,BALOD,22,"CHHATTISGARH, BALOD",CHHATTISGARH,1395470.8784313719,"{""type"":""MultiPoint"",""coordinates"":[]}"
00000000000000000028,x22644,"CHHATTISGARH, BALODA BAZAR",4.49546828535E9,485313.897069,644,BALODA BAZAR,22,"CHHATTISGARH, BALODA BAZAR",CHHATTISGARH,3.918694358039212E7,"{""type"":""MultiPoint"",""coordinates"":[]}"
00000000000000000029,x22649,"CHHATTISGARH, BALRAMPUR",6.02907827035E9,652255.344408,649,BALRAMPUR,22,"CHHATTISGARH, BALRAMPUR",CHHATTISGARH,4141671.60392157,"{""type"":""MultiPoint"",""coordinates"":[]}"
00000000000000000034,x22374,"CHHATTISGARH, BASTAR",5.22870039879E9,569531.125976,374,BASTAR,22,"CHHATTISGARH, BASTAR",CHHATTISGARH,1.3685221831372552E7,"{""type"":""MultiPoint"",""coordinates"":[]}"
00000000000000000037,x22650,"CHHATTISGARH, BEMETARA",2.15542565804E9,379763.712487,650,BEMETARA,22,"CHHATTISGARH, BEMETARA",CHHATTISGARH,9776923.827450985,"{""type"":""MultiPoint"",""coordinates"":[]}"
00000000000000000042,x22636,"CHHATTISGARH, BIJAPUR",8.96248368311E9,717764.340336,636,BIJAPUR,22,"CHHATTISGARH, BIJAPUR",CHHATTISGARH,6.778535731764692E7,"{""type"":""MultiPoint"",""coordinates"":[]}"
00000000000000000045,x22375,"CHHATTISGARH, BILASPUR",3.41074793882E9,447081.507856,375,BILASPUR,22,"CHHATTISGARH, BILASPUR",CHHATTISGARH,1.2523296650980396E7,"{""type"":""MultiPoint"",""coordinates"":[]}"
00000000000000000046,x22734,"CHHATTISGARH, GAURELA-PENDRA-MARWAHI",1.91821880612E9,269819.936493,734,GAURELA-PENDRA-MARWAHI,22,"CHHATTISGARH, GAURELA-PENDRA-MARWAHI",CHHATTISGARH,339606.13725490175,"{""type"":""MultiPoint"",""coordinates"":[]}"
00000000000000000068,x22376,"CHHATTISGARH, DAKSHIN BASTAR DANTEWADA",2.73346171007E9,460460.217934,376,DAKSHIN BASTAR DANTEWADA,22,"CHHATTISGARH, DAKSHIN BASTAR DANTEWADA",CHHATTISGARH,5897190.368627445,"{""type"":""MultiPoint"",""coordinates"":[]}"
00000000000000000071,x22377,"CHHATTISGARH, DHAMTARI",3.94316756126E9,432007.387399,377,DHAMTARI,22,"CHHATTISGARH, DHAMTARI",CHHATTISGARH,4668391.752941187,"{""type"":""MultiPoint"",""coordinates"":[]}"
0000000000000000007c,x22378,"CHHATTISGARH, DURG",2.2141126565E9,341679.975518,378,DURG,22,"CHHATTISGARH, DURG",CHHATTISGARH,6101860.45882353,"{""type"":""MultiPoint"",""coordinates"":[]}"
0000000000000000008d,x22645,"CHHATTISGARH, GARIYABAND",4.67547642045E9,512147.53487,645,GARIYABAND,22,"CHHATTISGARH, GARIYABAND",CHHATTISGARH,3280790.8941176487,"{""type"":""MultiPoint"",""coordinates"":[]}"
000000000000000000b2,x22379,"CHHATTISGARH, JANJGIR - CHAMPA",4.32184860473E9,555226.652558,379,JANJGIR - CHAMPA,22,"CHHATTISGARH, JANJGIR - CHAMPA",CHHATTISGARH,3.433279622352939E7,"{""type"":""MultiPoint"",""coordinates"":[]}"
000000000000000000b3,x22380,"CHHATTISGARH, JASHPUR",5.6276599563E9,501891.723783,380,JASHPUR,22,"CHHATTISGARH, JASHPUR",CHHATTISGARH,3479677.560784315,"{""type"":""MultiPoint"",""coordinates"":[]}"
000000000000000000bc,x22382,"CHHATTISGARH, KABIRDHAM",4.03790547631E9,434302.991254,382,KABIRDHAM,22,"CHHATTISGARH, KABIRDHAM",CHHATTISGARH,1144470.4274509798,"{""type"":""MultiPoint"",""coordinates"":[]}"
000000000000000000c1,x22381,"CHHATTISGARH, UTTAR BASTAR KANKER",6.94450641657E9,645466.929563,381,UTTAR BASTAR KANKER,22,"CHHATTISGARH, UTTAR BASTAR KANKER",CHHATTISGARH,5905909.44705883,"{""type"":""MultiPoint"",""coordinates"":[]}"
000000000000000000d8,x22643,"CHHATTISGARH, KONDAGAON",4.90872015587E9,478627.416097,643,KONDAGAON,22,"CHHATTISGARH, KONDAGAON",CHHATTISGARH,3977301.2784313704,"{""type"":""MultiPoint"",""coordinates"":[]}"
000000000000000000db,x22383,"CHHATTISGARH, KORBA",6.34759518058E9,484704.9238,383,KORBA,22,"CHHATTISGARH, KORBA",CHHATTISGARH,1.0311220627450984E7,"{""type"":""MultiPoint"",""coordinates"":[]}"
000000000000000000dc,x22384,"CHHATTISGARH, KOREA",6.3488566862E9,540618.790013,384,KOREA,22,"CHHATTISGARH, KOREA",CHHATTISGARH,2517254.141176471,"{""type"":""MultiPoint"",""coordinates"":[]}"
000000000000000000e9,x22385,"CHHATTISGARH, MAHASAMUND",4.57957772743E9,522464.375447,385,MAHASAMUND,22,"CHHATTISGARH, MAHASAMUND",CHHATTISGARH,2961353.352941177,"{""type"":""MultiPoint"",""coordinates"":[]}"
000000000000000000fb,x22647,"CHHATTISGARH, MUNGELI",2.67235299736E9,435239.289606,647,MUNGELI,22,"CHHATTISGARH, MUNGELI",CHHATTISGARH,2844669.082352941,"{""type"":""MultiPoint"",""coordinates"":[]}"
00000000000000000101,x22637,"CHHATTISGARH, NARAINPUR",3.77233235934E9,437577.549867,637,NARAINPUR,22,"CHHATTISGARH, NARAINPUR",CHHATTISGARH,1666131.3490196087,"{""type"":""MultiPoint"",""coordinates"":[]}"
00000000000000000123,x22386,"CHHATTISGARH, RAIGARH",6.78167987332E9,713130.615899,386,RAIGARH,22,"CHHATTISGARH, RAIGARH",CHHATTISGARH,3.4042972572548985E7,"{""type"":""MultiPoint"",""coordinates"":[]}"
00000000000000000124,x22387,"CHHATTISGARH, RAIPUR",2.79875529906E9,291574.899423,387,RAIPUR,22,"CHHATTISGARH, RAIPUR",CHHATTISGARH,6681403.3058823515,"{""type"":""MultiPoint"",""coordinates"":[]}"
00000000000000000126,x22388,"CHHATTISGARH, RAJ NANDGAON",7.78016435847E9,766223.946513,388,RAJ NANDGAON,22,"CHHATTISGARH, RAJ NANDGAON",CHHATTISGARH,3551877.772549014,"{""type"":""MultiPoint"",""coordinates"":[]}"
0000000000000000015c,x22642,"CHHATTISGARH, SUKMA",5.31945668429E9,629317.531683,642,SUKMA,22,"CHHATTISGARH, SUKMA",CHHATTISGARH,9391940.964705892,"{""type"":""MultiPoint"",""coordinates"":[]}"
0000000000000000015f,x22648,"CHHATTISGARH, SURAJPUR",5.24540163562E9,585291.43373,648,SURAJPUR,22,"CHHATTISGARH, SURAJPUR",CHHATTISGARH,1.060560293725491E7,"{""type"":""MultiPoint"",""coordinates"":[]}"
00000000000000000160,x22389,"CHHATTISGARH, SURGUJA",3.85266285228E9,441465.848585,389,SURGUJA,22,"CHHATTISGARH, SURGUJA",CHHATTISGARH,1149896.4509803918,"{""type"":""MultiPoint"",""coordinates"":[]}"
00000000000000000065,x38463,"DADRA & NAGAR HAVELI & DAMAN & DIU, DAMAN",6.89694413302E7,49913.1493444,463,DAMAN,38,"DADRA & NAGAR HAVELI & DAMAN & DIU, DAMAN",DADRA & NAGAR HAVELI & DAMAN & DIU,202333.93725490192,"{""type"":""MultiPoint"",""coordinates"":[]}"
000000000000000001aa,x38464,"DADRA & NAGAR HAVELI & DAMAN & DIU, DIU",3.74967191868E7,46434.4275423,464,DIU,38,"DADRA & NAGAR HAVELI & DAMAN & DIU, DIU",DADRA & NAGAR HAVELI & DAMAN & DIU,1256.0666666666655,"{""type"":""MultiPoint"",""coordinates"":[]}"
000000000000000002bb,x38465,"DADRA & NAGAR HAVELI & DAMAN & DIU, DADRA & NAGAR HAVELI",4.73306908967E8,225234.792045,465,DADRA & NAGAR HAVELI,38,"DADRA & NAGAR HAVELI & DAMAN & DIU, DADRA & NAGAR HAVELI",DADRA & NAGAR HAVELI & DAMAN & DIU,466685.6549019604,"{""type"":""MultiPoint"",""coordinates"":[]}"
0000000000000000004d,x07077,"DELHI, CENTRAL",1.03186016094E8,92366.0241155,077,CENTRAL,07,"DELHI, CENTRAL",DELHI,8322654.980392156,"{""type"":""MultiPoint"",""coordinates"":[]}"
0000000000000000007d,x07078,"DELHI, EAST",3.05107229158E7,24536.8305966,078,EAST,07,"DELHI, EAST",DELHI,1347.3607843137252,"{""type"":""MultiPoint"",""coordinates"":[]}"
00000000000000000106,x07079,"DELHI, NEW DELHI",1.51623804295E8,80699.2507919,079,NEW DELHI,07,"DELHI, NEW DELHI",DELHI,99163.06666666658,"{""type"":""MultiPoint"",""coordinates"":[]}"
00000000000000000109,x07080,"DELHI, NORTH",2.82183219817E8,110611.976578,080,NORTH,07,"DELHI, NORTH",DELHI,1217021.6156862748,"{""type"":""MultiPoint"",""coordinates"":[]}"
0000000000000000010c,x07081,"DELHI, NORTH EAST",3.420590485E7,47370.0295099,081,NORTH EAST,07,"DELHI, NORTH EAST",DELHI,1435961.5686274513,"{""type"":""MultiPoint"",""coordinates"":[]}"
0000000000000000010f,x07082,"DELHI, NORTH WEST",1.4903294834E8,93419.7272794,082,NORTH WEST,07,"DELHI, NORTH WEST",DELHI,387033.7058823529,"{""type"":""MultiPoint"",""coordinates"":[]}"
0000000000000000013f,x07671,"DELHI, SHAHADRA",3.32878442432E7,33443.7966155,671,SHAHADRA,07,"DELHI, SHAHADRA",DELHI,132499.96470588245,"{""type"":""MultiPoint"",""coordinates"":[]}"
00000000000000000153,x07083,"DELHI, SOUTH",1.54141201451E8,69956.04237,083,SOUTH,07,"DELHI, SOUTH",DELHI,10270.46666666666,"{""type"":""MultiPoint"",""coordinates"":[]}"
00000000000000000159,x07084,"DELHI, SOUTH WEST",2.74177794744E8,111613.647824,084,SOUTH WEST,07,"DELHI, SOUTH WEST",DELHI,3010627.7294117645,"{""type"":""MultiPoint"",""coordinates"":[]}"
00000000000000000179,x07085,"DELHI, WEST",1.27209041661E8,73954.3382015,085,WEST,07,"DELHI, WEST",DELHI,3399661.6352941194,"{""type"":""MultiPoint"",""coordinates"":[]}"
00000000000000000190,x07670,"DELHI, SOUTH EAST",9.81305188068E7,59431.1073096,670,SOUTH EAST,07,"DELHI, SOUTH EAST",DELHI,2330790.5607843134,"{""type"":""MultiPoint"",""coordinates"":[]}"
0000000000000000010d,x30551,"GOA, NORTH GOA",1.71198544577E9,276203.303684,551,NORTH GOA,30,"GOA, NORTH GOA",GOA,1188121.8196078427,"{""type"":""MultiPoint"",""coordinates"":[]}"
00000000000000000157,x30552,"GOA, SOUTH GOA",1.92205072919E9,327335.009317,552,SOUTH GOA,30,"GOA, SOUTH GOA",GOA,407269.4117647056,"{""type"":""MultiPoint"",""coordinates"":[]}"
00000000000000000000,x24673,"GUJARAT, MORBI",4.79128026047E9,539476.764723,673,MORBI,24,"GUJARAT, MORBI",GUJARAT,3440886.8470588257,"{""type"":""MultiPoint"",""coordinates"":[]}"
00000000000000000001,x24438,"GUJARAT, AHMADABAD",6.96637370503E9,857254.094647,438,AHMADABAD,24,"GUJARAT, AHMADABAD",GUJARAT,1.7493273952941198E7,"{""type"":""MultiPoint"",""coordinates"":[]}"
00000000000000000002,x24440,"GUJARAT, ANAND",3.05430746484E9,393046.690523,440,ANAND,24,"GUJARAT, ANAND",GUJARAT,1.8147873121568635E7,"{""type"":""MultiPoint"",""coordinates"":[]}"
00000000000000000003,x24674,"GUJARAT, DEVBHUMI DWARKA",4.00278444966E9,661732.98653,674,DEVBHUMI DWARKA,24,"GUJARAT, DEVBHUMI DWARKA",GUJARAT,801563.7137254894,"{""type"":""MultiPoint"",""coordinates"":[]}"
00000000000000000004,x24447,"GUJARAT, JAMNAGAR",5.69427068782E9,737428.071884,447,JAMNAGAR,24,"GUJARAT, JAMNAGAR",GUJARAT,2267447.768627445,"{""type"":""MultiPoint"",""coordinates"":[]}"
00000000000000000005,x24449,"GUJARAT, KACHCHH",3.91316541637E10,2097006.99668,449,KACHCHH,24,"GUJARAT, KACHCHH",GUJARAT,4.9600449789019525E8,"{""type"":""MultiPoint"",""coordinates"":[]}"
00000000000000000006,x24443,"GUJARAT, BHAVNAGAR",6.51433803135E9,505012.240221,443,BHAVNAGAR,24,"GUJARAT, BHAVNAGAR",GUJARAT,6327914.180392161,"{""type"":""MultiPoint"",""coordinates"":[]}"
00000000000000000007,x24442,"GUJARAT, BHARUCH",4.74594303065E9,802579.901076,442,BHARUCH,24,"GUJARAT, BHARUCH",GUJARAT,5.133832483529416E7,"{""type"":""MultiPoint"",""coordinates"":[]}"
00000000000000000008,x24459,"GUJARAT, SURAT",4.17588823805E9,523086.278179,459,SURAT,24,"GUJARAT, SURAT",GUJARAT,6.558315680000004E7,"{""type"":""MultiPoint"",""coordinates"":[]}"
00000000000000000009,x24453,"GUJARAT, NAVSARI",2.12608421516E9,327510.170205,453,NAVSARI,24,"GUJARAT, NAVSARI",GUJARAT,2104544.945098039,"{""type"":""MultiPoint"",""coordinates"":[]}"
0000000000000000000a,x24462,"GUJARAT, VALSAD",2.8467626164E9,503925.528964,462,VALSAD,24,"GUJARAT, VALSAD",GUJARAT,2526887.698039216,"{""type"":""MultiPoint"",""coordinates"":[]}"
00000000000000000019,x24672,"GUJARAT, ARAVALLI",3.03030797693E9,424917.886918,672,ARAVALLI,24,"GUJARAT, ARAVALLI",GUJARAT,2110587.5254901955,"{""type"":""MultiPoint"",""coordinates"":[]}"
0000000000000000002b,x24441,"GUJARAT, BANAS KANTHA",1.03490194126E10,916373.290066,441,BANAS KANTHA,24,"GUJARAT, BANAS KANTHA",GUJARAT,9870711.282352932,"{""type"":""MultiPoint"",""coordinates"":[]}"
00000000000000000058,x24668,"GUJARAT, CHHOTA UDEPUR",3.3267136073E9,515414.994477,668,CHHOTA UDEPUR,24,"GUJARAT, CHHOTA UDEPUR",GUJARAT,2.1078331764705874E7,"{""type"":""MultiPoint"",""coordinates"":[]}"
00000000000000000063,x24445,"GUJARAT, DAHOD",3.503175922E9,397208.123608,445,DAHOD,24,"GUJARAT, DAHOD",GUJARAT,1317289.039215686,"{""type"":""MultiPoint"",""coordinates"":[]}"
00000000000000000067,x24444,"GUJARAT, DANGS",1.70342558823E9,267412.238721,444,DANGS,24,"GUJARAT, DANGS",GUJARAT,657030.8901960786,"{""type"":""MultiPoint"",""coordinates"":[]}"
00000000000000000091,x24675,"GUJARAT, GIR SOMNATH",2.54958943778E9,396544.453205,675,GIR SOMNATH,24,"GUJARAT, GIR SOMNATH",GUJARAT,933149.0549019597,"{""type"":""MultiPoint"",""coordinates"":[]}"
000000000000000000bb,x24448,"GUJARAT, JUNAGADH",5.92242371261E9,650849.605246,448,JUNAGADH,24,"GUJARAT, JUNAGADH",GUJARAT,3430408.352941178,"{""type"":""MultiPoint"",""coordinates"":[]}"
000000000000000000eb,x24669,"GUJARAT, MAHISAGAR",2.4155162606E9,381868.168921,669,MAHISAGAR,24,"GUJARAT, MAHISAGAR",GUJARAT,2.4410478756862745E7,"{""type"":""MultiPoint"",""coordinates"":[]}"
00000000000000000102,x24452,"GUJARAT, NARMADA",2.71380539493E9,404799.252931,452,NARMADA,24,"GUJARAT, NARMADA",GUJARAT,6.341050493725488E7,"{""type"":""MultiPoint"",""coordinates"":[]}"
00000000000000000115,x24454,"GUJARAT, PANCH MAHALS",3.15885319436E9,461032.236816,454,PANCH MAHALS,24,"GUJARAT, PANCH MAHALS",GUJARAT,6081932.643137254,"{""type"":""MultiPoint"",""coordinates"":[]}"
00000000000000000131,x24458,"GUJARAT, SABAR KANTHA",4.07923514251E9,581212.597781,458,SABAR KANTHA,24,"GUJARAT, SABAR KANTHA",GUJARAT,6704464.913725491,"{""type"":""MultiPoint"",""coordinates"":[]}"
00000000000000000161,x24641,"GUJARAT, TAPI",3.0262180342E9,582009.3879,641,TAPI,24,"GUJARAT, TAPI",GUJARAT,7.016964707843137E7,"{""type"":""MultiPoint"",""coordinates"":[]}"
00000000000000000171,x24461,"GUJARAT, VADODARA",3.93873437042E9,489551.727424,461,VADODARA,24,"GUJARAT, VADODARA",GUJARAT,5.2660936968627445E7,"{""type"":""MultiPoint"",""coordinates"":[]}"
000000000000000001a9,x24439,"GUJARAT, AMRELI",7.0471029774E9,726140.549982,439,AMRELI,24,"GUJARAT, AMRELI",GUJARAT,2605025.894117645,"{""type"":""MultiPoint"",""coordinates"":[]}"
000000000000000001ab,x24456,"GUJARAT, PORBANDAR",2.22857398705E9,407904.145113,456,PORBANDAR,24,"GUJARAT, PORBANDAR",GUJARAT,4203261.333333334,"{""type"":""MultiPoint"",""coordinates"":[]}"
000000000000000001ac,x24457,"GUJARAT, RAJKOT",7.40192885642E9,957842.840526,457,RAJKOT,24,"GUJARAT, RAJKOT",GUJARAT,5885656.92941176,"{""type"":""MultiPoint"",""coordinates"":[]}"
000000000000000001ad,x24460,"GUJARAT, SURENDRANAGAR",8.82591562161E9,980953.518864,460,SURENDRANAGAR,24,"GUJARAT, SURENDRANAGAR",GUJARAT,4985688.254901961,"{""type"":""MultiPoint"",""coordinates"":[]}"
000000000000000001ae,x24676,"GUJARAT, BOTAD",2.38675736245E9,377376.50242,676,BOTAD,24,"GUJARAT, BOTAD",GUJARAT,1092348.1176470593,"{""type"":""MultiPoint"",""coordinates"":[]}"
000000000000000001af,x24450,"GUJARAT, KHEDA",3.3107164811E9,474374.147204,450,KHEDA,24,"GUJARAT, KHEDA",GUJARAT,1.6402033219607837E7,"{""type"":""MultiPoint"",""coordinates"":[]}"
000000000000000001b0,x24451,"GUJARAT, MAHESANA",4.24851516665E9,610891.065596,451,MAHESANA,24,"GUJARAT, MAHESANA",GUJARAT,3633582.8274509846,"{""type"":""MultiPoint"",""coordinates"":[]}"
000000000000000001b1,x24446,"GUJARAT, GANDHINAGAR",2.02199515225E9,427525.498504,446,GANDHINAGAR,24,"GUJARAT, GANDHINAGAR",GUJARAT,6013421.988235299,"{""type"":""MultiPoint"",""coordinates"":[]}"
000000000000000001b2,x24455,"GUJARAT, PATAN",5.56245184233E9,734808.498805,455,PATAN,24,"GUJARAT, PATAN",GUJARAT,9452476.98823529,"{""type"":""MultiPoint"",""coordinates"":[]}"
000000000000000001b8,x06058,"HARYANA, AMBALA",1.4737876646E9,379482.603591,058,AMBALA,06,"HARYANA, AMBALA",HARYANA,890858.9803921563,"{""type"":""MultiPoint"",""coordinates"":[]}"
000000000000000001c8,x06059,"HARYANA, BHIWANI",3.18662872421E9,386681.018029,059,BHIWANI,06,"HARYANA, BHIWANI",HARYANA,4117758.858823526,"{""type"":""MultiPoint"",""coordinates"":[]}"
000000000000000001d9,x06060,"HARYANA, FARIDABAD",7.18856360797E8,151373.000898,060,FARIDABAD,06,"HARYANA, FARIDABAD",HARYANA,1.700912776470588E7,"{""type"":""MultiPoint"",""coordinates"":[]}"
000000000000000001db,x06061,"HARYANA, FATEHABAD",2.45347703891E9,325531.834462,061,FATEHABAD,06,"HARYANA, FATEHABAD",HARYANA,8160941.917647069,"{""type"":""MultiPoint"",""coordinates"":[]}"
000000000000000001e4,x06062,"HARYANA, GURUGRAM",1.20906804061E9,248625.676773,062,GURUGRAM,06,"HARYANA, GURUGRAM",HARYANA,3217579.2470588246,"{""type"":""MultiPoint"",""coordinates"":[]}"
000000000000000001e7,x06063,"HARYANA, HISAR",3.95034280532E9,419949.440637,063,HISAR,06,"HARYANA, HISAR",HARYANA,1.148065952549019E7,"{""type"":""MultiPoint"",""coordinates"":[]}"
000000000000000001f1,x06064,"HARYANA, JHAJJAR",1.79882369195E9,309139.08758,064,JHAJJAR,06,"HARYANA, JHAJJAR",HARYANA,7011053.007843139,"{""type"":""MultiPoint"",""coordinates"":[]}"
000000000000000001f2,x06065,"HARYANA, JIND",2.64906844014E9,405414.555191,065,JIND,06,"HARYANA, JIND",HARYANA,2282071.54509804,"{""type"":""MultiPoint"",""coordinates"":[]}"
000000000000000001f3,x06066,"HARYANA, KAITHAL",2.20971205794E9,361977.802493,066,KAITHAL,06,"HARYANA, KAITHAL",HARYANA,2788392.4156862753,"{""type"":""MultiPoint"",""coordinates"":[]}"
000000000000000001f6,x06067,"HARYANA, KARNAL",2.40577673197E9,349782.077342,067,KARNAL,06,"HARYANA, KARNAL",HARYANA,6633379.905882353,"{""type"":""MultiPoint"",""coordinates"":[]}"
00000000000000000201,x06068,"HARYANA, KURUKSHETRA",1.62990661971E9,263847.595194,068,KURUKSHETRA,06,"HARYANA, KURUKSHETRA",HARYANA,1482992.0941176491,"{""type"":""MultiPoint"",""coordinates"":[]}"
0000000000000000020d,x06069,"HARYANA, MAHENDRAGARH",1.86990663048E9,396168.043484,069,MAHENDRAGARH,06,"HARYANA, MAHENDRAGARH",HARYANA,1368402.5333333348,"{""type"":""MultiPoint"",""coordinates"":[]}"
00000000000000000211,x06604,"HARYANA, MEWAT",1.46378259141E9,337936.482813,604,MEWAT,06,"HARYANA, MEWAT",HARYANA,1468384.450980391,"{""type"":""MultiPoint"",""coordinates"":[]}"
00000000000000000226,x06619,"HARYANA, PALWAL",1.31393768452E9,236392.768346,619,PALWAL,06,"HARYANA, PALWAL",HARYANA,1.268204590196078E7,"{""type"":""MultiPoint"",""coordinates"":[]}"
00000000000000000227,x06070,"HARYANA, PANCHKULA",8.58678376092E8,220844.253834,070,PANCHKULA,06,"HARYANA, PANCHKULA",HARYANA,223531.24313725505,"{""type"":""MultiPoint"",""coordinates"":[]}"
00000000000000000228,x06071,"HARYANA, PANIPAT",1.26380077146E9,205738.448961,071,PANIPAT,06,"HARYANA, PANIPAT",HARYANA,4442946.431372554,"{""type"":""MultiPoint"",""coordinates"":[]}"
00000000000000000238,x06072,"HARYANA, REWARI",1.50153141555E9,287206.335335,072,REWARI,06,"HARYANA, REWARI",HARYANA,1933657.760784314,"{""type"":""MultiPoint"",""coordinates"":[]}"
00000000000000000239,x06073,"HARYANA, ROHTAK",1.61622466517E9,245463.495732,073,ROHTAK,06,"HARYANA, ROHTAK",HARYANA,1257553.1215686277,"{""type"":""MultiPoint"",""coordinates"":[]}"
00000000000000000247,x06074,"HARYANA, SIRSA",4.14787121732E9,426814.018781,074,SIRSA,06,"HARYANA, SIRSA",HARYANA,1.6529441615686264E7,"{""type"":""MultiPoint"",""coordinates"":[]}"
0000000000000000024b,x06075,"HARYANA, SONIPAT",2.11260601204E9,280154.816359,075,SONIPAT,06,"HARYANA, SONIPAT",HARYANA,4407543.862745097,"{""type"":""MultiPoint"",""coordinates"":[]}"
00000000000000000260,x06076,"HARYANA, YAMUNANAGAR",1.67441430923E9,274920.562996,076,YAMUNANAGAR,06,"HARYANA, YAMUNANAGAR",HARYANA,4348915.796078433,"{""type"":""MultiPoint"",""coordinates"":[]}"
00000000000000000271,x06701,"HARYANA, CHARKHI DADRI",1.33880889422E9,259526.538053,701,CHARKHI DADRI,06,"HARYANA, CHARKHI DADRI",HARYANA,1418196.0352941183,"{""type"":""MultiPoint"",""coordinates"":[]}"
00000000000000000047,x02015,"HIMACHAL PRADESH, BILASPUR",1.13984115009E9,253303.283625,015,BILASPUR,02,"HIMACHAL PRADESH, BILASPUR",HIMACHAL PRADESH,4.1735699227451056E7,"{""type"":""MultiPoint"",""coordinates"":[]}"
0000000000000000004f,x02016,"HIMACHAL PRADESH, CHAMBA",6.41137470761E9,561018.426412,016,CHAMBA,02,"HIMACHAL PRADESH, CHAMBA",HIMACHAL PRADESH,8063499.976470592,"{""type"":""MultiPoint"",""coordinates"":[]}"
0000000000000000009b,x02017,"HIMACHAL PRADESH, HAMIRPUR",1.0924555577E9,188675.941772,017,HAMIRPUR,02,"HIMACHAL PRADESH, HAMIRPUR",HIMACHAL PRADESH,2128729.023529411,"{""type"":""MultiPoint"",""coordinates"":[]}"
000000000000000000c0,x02018,"HIMACHAL PRADESH, KANGRA",5.63380922767E9,571807.668986,018,KANGRA,02,"HIMACHAL PRADESH, KANGRA",HIMACHAL PRADESH,1.5744372929411758E7,"{""type"":""MultiPoint"",""coordinates"":[]}"
000000000000000000e1,x02020,"HIMACHAL PRADESH, KULLU",5.37932433397E9,422724.960723,020,KULLU,02,"HIMACHAL PRADESH, KULLU",HIMACHAL PRADESH,1.6619689403921574E7,"{""type"":""MultiPoint"",""coordinates"":[]}"
000000000000000000f1,x02022,"HIMACHAL PRADESH, MANDI",3.86714039841E9,335860.110422,022,MANDI,02,"HIMACHAL PRADESH, MANDI",HIMACHAL PRADESH,3.3062923560784295E7,"{""type"":""MultiPoint"",""coordinates"":[]}"
00000000000000000145,x02023,"HIMACHAL PRADESH, SHIMLA",5.0070285944E9,551672.202552,023,SHIMLA,02,"HIMACHAL PRADESH, SHIMLA",HIMACHAL PRADESH,3.194173820784317E7,"{""type"":""MultiPoint"",""coordinates"":[]}"
0000000000000000014e,x02024,"HIMACHAL PRADESH, SIRMAUR",2.75532603286E9,349597.166859,024,SIRMAUR,02,"HIMACHAL PRADESH, SIRMAUR",HIMACHAL PRADESH,5076540.66666667,"{""type"":""MultiPoint"",""coordinates"":[]}"
00000000000000000151,x02025,"HIMACHAL PRADESH, SOLAN",1.88994239194E9,322063.135916,025,SOLAN,02,"HIMACHAL PRADESH, SOLAN",HIMACHAL PRADESH,4711223.192156866,"{""type"":""MultiPoint"",""coordinates"":[]}"
0000000000000000016d,x02026,"HIMACHAL PRADESH, UNA",1.50987468054E9,248758.594242,026,UNA,02,"HIMACHAL PRADESH, UNA",HIMACHAL PRADESH,3462470.466666666,"{""type"":""MultiPoint"",""coordinates"":[]}"
000000000000000001fa,x02019,"HIMACHAL PRADESH, KINNAUR",6.36478359095E9,495434.811981,019,KINNAUR,02,"HIMACHAL PRADESH, KINNAUR",HIMACHAL PRADESH,6.538620231372549E7,"{""type"":""MultiPoint"",""coordinates"":[]}"
00000000000000000203,x02021,"HIMACHAL PRADESH, LAHUL & SPITI",1.3723849956E10,925110.633258,021,LAHUL & SPITI,02,"HIMACHAL PRADESH, LAHUL & SPITI",HIMACHAL PRADESH,1.360046607450982E7,"{""type"":""MultiPoint"",""coordinates"":[]}"
00000000000000000187,x01NA,"JAMMU & KASHMIR, MIRPUR",3.57890820759E9,438559.905538,,MIRPUR,01,"JAMMU & KASHMIR, MIRPUR",JAMMU & KASHMIR,2.202554109803919E7,"{""type"":""MultiPoint"",""coordinates"":[]}"
00000000000000000188,x01NA,"JAMMU & KASHMIR, MUZAFFARABAD",4.78221682989E9,594020.745396,,MUZAFFARABAD,01,"JAMMU & KASHMIR, MUZAFFARABAD",JAMMU & KASHMIR,2.398686243921572E7,"{""type"":""MultiPoint"",""coordinates"":[]}"
00000000000000000189,x01010,"JAMMU & KASHMIR, PUNCH",4.20736294054E9,404743.70314,010,PUNCH,01,"JAMMU & KASHMIR, PUNCH",JAMMU & KASHMIR,1.0045820572549019E7,"{""type"":""MultiPoint"",""coordinates"":[]}"
0000000000000000018a,x01001,"JAMMU & KASHMIR, ANANTNAG",2.7045916464E9,357458.948993,001,ANANTNAG,01,"JAMMU & KASHMIR, ANANTNAG",JAMMU & KASHMIR,1112507.3490196078,"{""type"":""MultiPoint"",""coordinates"":[]}"
0000000000000000018b,x01003,"JAMMU & KASHMIR, BARAMULA",2.04907398173E9,274658.944043,003,BARAMULA,01,"JAMMU & KASHMIR, BARAMULA",JAMMU & KASHMIR,1.1523407619607849E7,"{""type"":""MultiPoint"",""coordinates"":[]}"
0000000000000000018c,x01007,"JAMMU & KASHMIR, KATHUA",2.46125298339E9,312247.411073,007,KATHUA,01,"JAMMU & KASHMIR, KATHUA",JAMMU & KASHMIR,3559942.6862745103,"{""type"":""MultiPoint"",""coordinates"":[]}"
0000000000000000018d,x01014,"JAMMU & KASHMIR, UDHAMPUR",2.24837362574E9,288814.289858,014,UDHAMPUR,01,"JAMMU & KASHMIR, UDHAMPUR",JAMMU & KASHMIR,1192937.4901960776,"{""type"":""MultiPoint"",""coordinates"":[]}"
00000000000000000196,x01002,"JAMMU & KASHMIR, BADGAM",1.23993827235E9,197128.416846,002,BADGAM,01,"JAMMU & KASHMIR, BADGAM",JAMMU & KASHMIR,802218.56862745,"{""type"":""MultiPoint"",""coordinates"":[]}"
00000000000000000197,x01623,"JAMMU & KASHMIR, BANDIPURA",4.02912926764E9,420303.218779,623,BANDIPURA,01,"JAMMU & KASHMIR, BANDIPURA",JAMMU & KASHMIR,6508651.337254908,"{""type"":""MultiPoint"",""coordinates"":[]}"
00000000000000000198,x01626,"JAMMU & KASHMIR, GANDERBAL",1.61075840071E9,331742.084161,626,GANDERBAL,01,"JAMMU & KASHMIR, GANDERBAL",JAMMU & KASHMIR,1329108.5764705886,"{""type"":""MultiPoint"",""coordinates"":[]}"
00000000000000000199,x01622,"JAMMU & KASHMIR, KULGAM",1.25258861412E9,254099.489446,622,KULGAM,01,"JAMMU & KASHMIR, KULGAM",JAMMU & KASHMIR,954723.2588235292,"{""type"":""MultiPoint"",""coordinates"":[]}"
0000000000000000019a,x01008,"JAMMU & KASHMIR, KUPWARA",2.73309887493E9,285264.236715,008,KUPWARA,01,"JAMMU & KASHMIR, KUPWARA",JAMMU & KASHMIR,1578699.8117647062,"{""type"":""MultiPoint"",""coordinates"":[]}"
0000000000000000019b,x01011,"JAMMU & KASHMIR, PULWAMA",8.89648679843E8,187781.081236,011,PULWAMA,01,"JAMMU & KASHMIR, PULWAMA",JAMMU & KASHMIR,1753550.996078429,"{""type"":""MultiPoint"",""coordinates"":[]}"
0000000000000000019c,x01012,"JAMMU & KASHMIR, RAJAURI",2.60469518302E9,308772.18363,012,RAJAURI,01,"JAMMU & KASHMIR, RAJAURI",JAMMU & KASHMIR,1719526.9686274503,"{""type"":""MultiPoint"",""coordinates"":[]}"
0000000000000000019d,x01621,"JAMMU & KASHMIR, RAMBAN",1.27353671313E9,166556.496024,621,RAMBAN,01,"JAMMU & KASHMIR, RAMBAN",JAMMU & KASHMIR,7803925.63529411,"{""type"":""MultiPoint"",""coordinates"":[]}"
0000000000000000019e,x01627,"JAMMU & KASHMIR, RIASI",1.90955776635E9,328241.986919,627,RIASI,01,"JAMMU & KASHMIR, RIASI",JAMMU & KASHMIR,1.3946027047058819E7,"{""type"":""MultiPoint"",""coordinates"":[]}"
0000000000000000019f,x01625,"JAMMU & KASHMIR, SHUPIYAN",5.01083824278E8,163208.517496,625,SHUPIYAN,01,"JAMMU & KASHMIR, SHUPIYAN",JAMMU & KASHMIR,185951.96862745093,"{""type"":""MultiPoint"",""coordinates"":[]}"
000000000000000001a0,x01013,"JAMMU & KASHMIR, SRINAGAR",2.79773782488E8,166004.844838,013,SRINAGAR,01,"JAMMU & KASHMIR, SRINAGAR",JAMMU & KASHMIR,2037538.2705882357,"{""type"":""MultiPoint"",""coordinates"":[]}"
000000000000000001a3,x01620,"JAMMU & KASHMIR, KISHTWAR",8.08900499273E9,569459.854812,620,KISHTWAR,01,"JAMMU & KASHMIR, KISHTWAR",JAMMU & KASHMIR,1.814728417254903E7,"{""type"":""MultiPoint"",""coordinates"":[]}"
000000000000000001a4,x01004,"JAMMU & KASHMIR, DODA",2.37750854692E9,292256.661541,004,DODA,01,"JAMMU & KASHMIR, DODA",JAMMU & KASHMIR,1.171458689019607E7,"{""type"":""MultiPoint"",""coordinates"":[]}"
000000000000000001a5,x01624,"JAMMU & KASHMIR, SAMBA",9.13378106563E8,194152.890961,624,SAMBA,01,"JAMMU & KASHMIR, SAMBA",JAMMU & KASHMIR,241412.95686274514,"{""type"":""MultiPoint"",""coordinates"":[]}"
00000000000000000269,x01005,"JAMMU & KASHMIR, JAMMU",2.37542352341E9,379215.133327,005,JAMMU,01,"JAMMU & KASHMIR, JAMMU",JAMMU & KASHMIR,1.5369102933333343E7,"{""type"":""MultiPoint"",""coordinates"":[]}"
00000000000000000049,x20322,"JHARKHAND, BOKARO",2.76908151012E9,426028.253477,322,BOKARO,20,"JHARKHAND, BOKARO",JHARKHAND,6646704.050980392,"{""type"":""MultiPoint"",""coordinates"":[]}"
00000000000000000055,x20323,"JHARKHAND, CHATRA",3.65906858338E9,563467.093259,323,CHATRA,20,"JHARKHAND, CHATRA",JHARKHAND,1329305.9999999981,"{""type"":""MultiPoint"",""coordinates"":[]}"
00000000000000000072,x20325,"JHARKHAND, DHANBAD",1.95927642723E9,224325.413726,325,DHANBAD,20,"JHARKHAND, DHANBAD",JHARKHAND,6041521.227450981,"{""type"":""MultiPoint"",""coordinates"":[]}"
00000000000000000075,x20324,"JHARKHAND, DEOGHAR",2.39021760453E9,310907.259859,324,DEOGHAR,20,"JHARKHAND, DEOGHAR",JHARKHAND,1468733.2352941188,"{""type"":""MultiPoint"",""coordinates"":[]}"
0000000000000000007a,x20326,"JHARKHAND, DUMKA",3.61542742958E9,406167.968678,326,DUMKA,20,"JHARKHAND, DUMKA",JHARKHAND,1886529.4039215688,"{""type"":""MultiPoint"",""coordinates"":[]}"
0000000000000000008c,x20328,"JHARKHAND, GARHWA",3.94366739468E9,411883.179617,328,GARHWA,20,"JHARKHAND, GARHWA",JHARKHAND,1.9337352823529463E7,"{""type"":""MultiPoint"",""coordinates"":[]}"
00000000000000000092,x20329,"JHARKHAND, GIRIDIH",4.77280194938E9,468886.656299,329,GIRIDIH,20,"JHARKHAND, GIRIDIH",JHARKHAND,4189032.333333337,"{""type"":""MultiPoint"",""coordinates"":[]}"
00000000000000000093,x20330,"JHARKHAND, GODDA",2.19572098878E9,314184.807318,330,GODDA,20,"JHARKHAND, GODDA",JHARKHAND,776940.996078431,"{""type"":""MultiPoint"",""coordinates"":[]}"
00000000000000000097,x20331,"JHARKHAND, GUMLA",5.15459013242E9,564026.421883,331,GUMLA,20,"JHARKHAND, GUMLA",JHARKHAND,4885448.686274502,"{""type"":""MultiPoint"",""coordinates"":[]}"
000000000000000000a5,x20332,"JHARKHAND, HAZARIBAGH",4.17056875255E9,663332.48776,332,HAZARIBAGH,20,"JHARKHAND, HAZARIBAGH",JHARKHAND,2196053.9137254884,"{""type"":""MultiPoint"",""coordinates"":[]}"
000000000000000000b1,x20333,"JHARKHAND, JAMTARA",1.73821805082E9,327376.665608,333,JAMTARA,20,"JHARKHAND, JAMTARA",JHARKHAND,2982867.7333333325,"{""type"":""MultiPoint"",""coordinates"":[]}"
000000000000000000d1,x20606,"JHARKHAND, KHUNTI",2.53496913997E9,385548.046711,606,KHUNTI,20,"JHARKHAND, KHUNTI",JHARKHAND,2026562.1411764713,"{""type"":""MultiPoint"",""coordinates"":[]}"
000000000000000000d5,x20334,"JHARKHAND, KODARMA",1.57545396277E9,313957.610925,334,KODARMA,20,"JHARKHAND, KODARMA",JHARKHAND,814084.2274509799,"{""type"":""MultiPoint"",""coordinates"":[]}"
000000000000000000e6,x20335,"JHARKHAND, LATEHAR",4.07960781435E9,504222.16652,335,LATEHAR,20,"JHARKHAND, LATEHAR",JHARKHAND,2432829.811764704,"{""type"":""MultiPoint"",""coordinates"":[]}"
000000000000000000e7,x20336,"JHARKHAND, LOHARDAGA",1.44831260247E9,257886.538271,336,LOHARDAGA,20,"JHARKHAND, LOHARDAGA",JHARKHAND,707896.4901960781,"{""type"":""MultiPoint"",""coordinates"":[]}"
00000000000000000111,x20337,"JHARKHAND, PAKUR",1.73147516727E9,340590.07903,337,PAKUR,20,"JHARKHAND, PAKUR",JHARKHAND,719141.0274509795,"{""type"":""MultiPoint"",""coordinates"":[]}"
00000000000000000113,x20338,"JHARKHAND, PALAMU",4.24928963474E9,463099.564722,338,PALAMU,20,"JHARKHAND, PALAMU",JHARKHAND,1.4965804447058799E7,"{""type"":""MultiPoint"",""coordinates"":[]}"
00000000000000000117,x20343,"JHARKHAND, WEST SINGHBHUM",6.95044430765E9,533810.615938,343,WEST SINGHBHUM,20,"JHARKHAND, WEST SINGHBHUM",JHARKHAND,8521779.823529419,"{""type"":""MultiPoint"",""coordinates"":[]}"
0000000000000000011f,x20327,"JHARKHAND, EAST SINGHBHUM",3.42045509305E9,422058.450828,327,EAST SINGHBHUM,20,"JHARKHAND, EAST SINGHBHUM",JHARKHAND,1.5774953466666663E7,"{""type"":""MultiPoint"",""coordinates"":[]}"
00000000000000000129,x20607,"JHARKHAND, RAMGARH",1.33997422129E9,331867.364263,607,RAMGARH,20,"JHARKHAND, RAMGARH",JHARKHAND,2008209.1019607834,"{""type"":""MultiPoint"",""coordinates"":[]}"
0000000000000000012c,x20339,"JHARKHAND, RANCHI",4.79437218293E9,615497.773733,339,RANCHI,20,"JHARKHAND, RANCHI",JHARKHAND,2119497.109803924,"{""type"":""MultiPoint"",""coordinates"":[]}"
00000000000000000134,x20340,"JHARKHAND, SAHIBGANJ",2.10156703843E9,312017.89312,340,SAHIBGANJ,20,"JHARKHAND, SAHIBGANJ",JHARKHAND,1.7747918220000002E8,"{""type"":""MultiPoint"",""coordinates"":[]}"
00000000000000000139,x20341,"JHARKHAND, SARAIKELA-KHARSAWAN",2.55773435004E9,364986.256416,341,SARAIKELA-KHARSAWAN,20,"JHARKHAND, SARAIKELA-KHARSAWAN",JHARKHAND,7318409.000000005,"{""type"":""MultiPoint"",""coordinates"":[]}"
0000000000000000014c,x20342,"JHARKHAND, SIMDEGA",3.63464764657E9,402245.472694,342,SIMDEGA,20,"JHARKHAND, SIMDEGA",JHARKHAND,3966467.2039215676,"{""type"":""MultiPoint"",""coordinates"":[]}"
0000000000000000001e,x29524,"KARNATAKA, BAGALKOT",6.41487509754E9,659839.068568,524,BAGALKOT,29,"KARNATAKA, BAGALKOT",KARNATAKA,4.375196921960785E7,"{""type"":""MultiPoint"",""coordinates"":[]}"
00000000000000000025,x29528,"KARNATAKA, BALLARI",8.33005479836E9,780219.728597,528,BALLARI,29,"KARNATAKA, BALLARI",KARNATAKA,5.0361981501960814E7,"{""type"":""MultiPoint"",""coordinates"":[]}"
00000000000000000036,x29527,"KARNATAKA, BELAGAVI",1.31573890609E10,1101145.49923,527,BELAGAVI,29,"KARNATAKA, BELAGAVI",KARNATAKA,2.5819903941176556E7,"{""type"":""MultiPoint"",""coordinates"":[]}"
00000000000000000038,x29526,"KARNATAKA, BENGALURU RURAL",2.28691139491E9,491266.99766,526,BENGALURU RURAL,29,"KARNATAKA, BENGALURU RURAL",KARNATAKA,779608.7803921555,"{""type"":""MultiPoint"",""coordinates"":[]}"
00000000000000000039,x29525,"KARNATAKA, BENGALURU URBAN",2.18923708351E9,332478.194483,525,BENGALURU URBAN,29,"KARNATAKA, BENGALURU URBAN",KARNATAKA,704423.352941177,"{""type"":""MultiPoint"",""coordinates"":[]}"
00000000000000000041,x29529,"KARNATAKA, BIDAR",5.29610633905E9,551963.04585,529,BIDAR,29,"KARNATAKA, BIDAR",KARNATAKA,1.8530417309803877E7,"{""type"":""MultiPoint"",""coordinates"":[]}"
0000000000000000004e,x29531,"KARNATAKA, CHAMARAJANAGAR",5.66793694409E9,591094.402353,531,CHAMARAJANAGAR,29,"KARNATAKA, CHAMARAJANAGAR",KARNATAKA,1.864178864313721E7,"{""type"":""MultiPoint"",""coordinates"":[]}"
00000000000000000059,x29630,"KARNATAKA, CHIK BALLAPUR",4.21306537656E9,493203.119865,630,CHIK BALLAPUR,29,"KARNATAKA, CHIK BALLAPUR",KARNATAKA,821025.4941176473,"{""type"":""MultiPoint"",""coordinates"":[]}"
0000000000000000005a,x29532,"KARNATAKA, CHIKKAMAGALURU",7.15735911454E9,590659.05133,532,CHIKKAMAGALURU,29,"KARNATAKA, CHIKKAMAGALURU",KARNATAKA,3131031.972549018,"{""type"":""MultiPoint"",""coordinates"":[]}"
0000000000000000005b,x29533,"KARNATAKA, CHITRADURGA",8.34693842979E9,674318.410251,533,CHITRADURGA,29,"KARNATAKA, CHITRADURGA",KARNATAKA,1.5714746901960796E7,"{""type"":""MultiPoint"",""coordinates"":[]}"
00000000000000000064,x29534,"KARNATAKA, DAKSHINA KANNADA",4.84620797322E9,485546.305457,534,DAKSHINA KANNADA,29,"KARNATAKA, DAKSHINA  KANNADA",KARNATAKA,3406232.2509803884,"{""type"":""MultiPoint"",""coordinates"":[]}"
0000000000000000006b,x29535,"KARNATAKA, DAVANGERE",5.85294004241E9,589250.396908,535,DAVANGERE,29,"KARNATAKA, DAVANGERE",KARNATAKA,9068275.815686269,"{""type"":""MultiPoint"",""coordinates"":[]}"
00000000000000000076,x29536,"KARNATAKA, DHARWAD",4.18566877186E9,466079.214976,536,DHARWAD,29,"KARNATAKA, DHARWAD",KARNATAKA,2167638.835294113,"{""type"":""MultiPoint"",""coordinates"":[]}"
00000000000000000089,x29537,"KARNATAKA, GADAG",4.57679532469E9,559734.030819,537,GADAG,29,"KARNATAKA, GADAG",KARNATAKA,6614523.215686276,"{""type"":""MultiPoint"",""coordinates"":[]}"
000000000000000000a2,x29539,"KARNATAKA, HASSAN",6.79013197617E9,653271.782346,539,HASSAN,29,"KARNATAKA, HASSAN",KARNATAKA,4147787.2431372567,"{""type"":""MultiPoint"",""coordinates"":[]}"
000000000000000000a4,x29540,"KARNATAKA, HAVERI",4.75675713134E9,467260.530662,540,HAVERI,29,"KARNATAKA, HAVERI",KARNATAKA,1.103731214509805E7,"{""type"":""MultiPoint"",""coordinates"":[]}"
000000000000000000bd,x29538,"KARNATAKA, KALABURAGI",1.06773055971E10,891041.043824,538,KALABURAGI,29,"KARNATAKA, KALABURAGI",KARNATAKA,1.1083399314509809E8,"{""type"":""MultiPoint"",""coordinates"":[]}"
000000000000000000d4,x29541,"KARNATAKA, KODAGU",4.10702470063E9,466411.439993,541,KODAGU,29,"KARNATAKA, KODAGU",KARNATAKA,993954.2156862754,"{""type"":""MultiPoint"",""coordinates"":[]}"
000000000000000000d6,x29542,"KARNATAKA, KOLAR",3.96173811161E9,499240.779267,542,KOLAR,29,"KARNATAKA, KOLAR",KARNATAKA,1559144.207843134,"{""type"":""MultiPoint"",""coordinates"":[]}"
000000000000000000d9,x29543,"KARNATAKA, KOPPAL",5.46950133061E9,536933.303149,543,KOPPAL,29,"KARNATAKA, KOPPAL",KARNATAKA,1.5749677007843139E7,"{""type"":""MultiPoint"",""coordinates"":[]}"
000000000000000000f0,x29544,"KARNATAKA, MANDYA",4.95806120895E9,546142.247035,544,MANDYA,29,"KARNATAKA, MANDYA",KARNATAKA,1.6904562352941167E7,"{""type"":""MultiPoint"",""coordinates"":[]}"
000000000000000000fd,x29545,"KARNATAKA, MYSURU",6.31963185538E9,677680.91497,545,MYSURU,29,"KARNATAKA, MYSURU",KARNATAKA,1.7344489086274512E7,"{""type"":""MultiPoint"",""coordinates"":[]}"
00000000000000000122,x29546,"KARNATAKA, RAICHUR",8.26976931337E9,541023.343769,546,RAICHUR,29,"KARNATAKA, RAICHUR",KARNATAKA,9.786684623529384E7,"{""type"":""MultiPoint"",""coordinates"":[]}"
0000000000000000012a,x29631,"KARNATAKA, RAMANAGARAM",3.50821907321E9,463142.658544,631,RAMANAGARAM,29,"KARNATAKA, RAMANAGARAM",KARNATAKA,6782227.211764707,"{""type"":""MultiPoint"",""coordinates"":[]}"
00000000000000000146,x29547,"KARNATAKA, SHIVAMOGGA",8.39438820585E9,746077.363066,547,SHIVAMOGGA,29,"KARNATAKA, SHIVAMOGGA",KARNATAKA,6079080.48627451,"{""type"":""MultiPoint"",""coordinates"":[]}"
00000000000000000167,x29548,"KARNATAKA, TUMAKURU",1.05275049229E10,1078480.23785,548,TUMAKURU,29,"KARNATAKA, TUMAKURU",KARNATAKA,5891299.623529396,"{""type"":""MultiPoint"",""coordinates"":[]}"
0000000000000000016a,x29549,"KARNATAKA, UDUPI",3.55858945256E9,374693.266966,549,UDUPI,29,"KARNATAKA, UDUPI",KARNATAKA,1123905.5568627436,"{""type"":""MultiPoint"",""coordinates"":[]}"
00000000000000000170,x29550,"KARNATAKA, UTTARA KANNADA",1.01328840124E10,787314.515943,550,UTTARA KANNADA,29,"KARNATAKA, UTTARA  KANNADA",KARNATAKA,1.0032878258823551E7,"{""type"":""MultiPoint"",""coordinates"":[]}"
00000000000000000174,x29530,"KARNATAKA, VIJAYAPURA",1.02481253678E10,691684.992805,530,VIJAYAPURA,29,"KARNATAKA, VIJAYAPURA",KARNATAKA,5.629596777254904E7,"{""type"":""MultiPoint"",""coordinates"":[]}"
0000000000000000017f,x29635,"KARNATAKA, YADGIR",5.15334102323E9,544018.622086,635,YADGIR,29,"KARNATAKA, YADGIR",KARNATAKA,8.033278337647052E7,"{""type"":""MultiPoint"",""coordinates"":[]}"
0000000000000000000e,x32554,"KERALA, ALAPPUZHA",1.45374548994E9,295137.808916,554,ALAPPUZHA,32,"KERALA, ALAPPUZHA",KERALA,1012356.6745098028,"{""type"":""MultiPoint"",""coordinates"":[]}"
00000000000000000083,x32555,"KERALA, ERNAKULAM",3.11507128548E9,414199.277363,555,ERNAKULAM,32,"KERALA, ERNAKULAM",KERALA,4388046.133333341,"{""type"":""MultiPoint"",""coordinates"":[]}"
000000000000000000a7,x32556,"KERALA, IDUKKI",4.44459605007E9,578310.550974,556,IDUKKI,32,"KERALA, IDUKKI",KERALA,1806692.5921568654,"{""type"":""MultiPoint"",""coordinates"":[]}"
000000000000000000c3,x32557,"KERALA, KANNUR",2.97676284844E9,339137.096022,557,KANNUR,32,"KERALA, KANNUR",KERALA,1260690.1882352957,"{""type"":""MultiPoint"",""coordinates"":[]}"
000000000000000000c8,x32558,"KERALA, KASARAGOD",1.99299927191E9,344680.788408,558,KASARAGOD,32,"KERALA, KASARAGOD",KERALA,930604.3215686271,"{""type"":""MultiPoint"",""coordinates"":[]}"
000000000000000000d7,x32559,"KERALA, KOLLAM",2.5528462598E9,351983.519476,559,KOLLAM,32,"KERALA, KOLLAM",KERALA,1130931.964705883,"{""type"":""MultiPoint"",""coordinates"":[]}"
000000000000000000de,x32560,"KERALA, KOTTAYAM",2.25378289044E9,322325.875322,560,KOTTAYAM,32,"KERALA, KOTTAYAM",KERALA,1067508.9490196083,"{""type"":""MultiPoint"",""coordinates"":[]}"
000000000000000000df,x32561,"KERALA, KOZHIKODE",2.3648724762E9,296315.819185,561,KOZHIKODE,32,"KERALA, KOZHIKODE",KERALA,1047363.71372549,"{""type"":""MultiPoint"",""coordinates"":[]}"
000000000000000000ee,x32562,"KERALA, MALAPPURAM",3.58921509322E9,405137.235747,562,MALAPPURAM,32,"KERALA, MALAPPURAM",KERALA,2986724.603921569,"{""type"":""MultiPoint"",""coordinates"":[]}"
00000000000000000112,x32563,"KERALA, PALAKKAD",4.53772382385E9,552162.549972,563,PALAKKAD,32,"KERALA, PALAKKAD",KERALA,3861326.0352941146,"{""type"":""MultiPoint"",""coordinates"":[]}"
00000000000000000118,x32564,"KERALA, PATTANAMTHITTA",2.71677760446E9,408012.025134,564,PATTANAMTHITTA,32,"KERALA, PATTANAMTHITTA",KERALA,1809494.4823529404,"{""type"":""MultiPoint"",""coordinates"":[]}"
00000000000000000163,x32565,"KERALA, THIRUVANANTHAPURAM",2.26098243445E9,284814.505496,565,THIRUVANANTHAPURAM,32,"KERALA, THIRUVANANTHAPURAM",KERALA,516904.14901960787,"{""type"":""MultiPoint"",""coordinates"":[]}"
00000000000000000164,x32566,"KERALA, TRISSUR",3.06658032035E9,401612.683888,566,TRISSUR,32,"KERALA, TRISSUR",KERALA,2037473.901960783,"{""type"":""MultiPoint"",""coordinates"":[]}"
00000000000000000177,x32567,"KERALA, WAYANAD",2.14243163215E9,284707.6868,567,WAYANAD,32,"KERALA, WAYANAD",KERALA,543974.8745098041,"{""type"":""MultiPoint"",""coordinates"":[]}"
000000000000000001a1,x37009,"LADAKH, LEH",1.53926719386E11,3197189.87153,009,LEH,37,"LADAKH, LEH",LADAKH,1.2574830594666674E9,"{""type"":""MultiPoint"",""coordinates"":[]}"
000000000000000001a2,x37006,"LADAKH, KARGIL",1.4084689859E10,899717.097771,006,KARGIL,37,"LADAKH, KARGIL",LADAKH,4.477395890196079E7,"{""type"":""MultiPoint"",""coordinates"":[]}"
000000000000000000e4,x31553,"LAKSHADWEEP, LAKSHADWEEP",3.03462832252E7,144322.282827,553,LAKSHADWEEP,31,"LAKSHADWEEP, LAKSHADWEEP",LAKSHADWEEP,0.0,"{""type"":""MultiPoint"",""coordinates"":[]}"
0000000000000000000b,x23667,"MADHYA PRADESH, AGAR MALWA",2.62691135763E9,374654.342397,667,AGAR MALWA,23,"MADHYA PRADESH, AGAR MALWA",MADHYA PRADESH,3441939.031372548,"{""type"":""MultiPoint"",""coordinates"":[]}"
00000000000000000010,x23639,"MADHYA PRADESH, ALIRAJPUR",3.20679695071E9,481486.802446,639,ALIRAJPUR,23,"MADHYA PRADESH, ALIRAJPUR",MADHYA PRADESH,2.286549163921568E7,"{""type"":""MultiPoint"",""coordinates"":[]}"
00000000000000000018,x23390,"MADHYA PRADESH, ANUPPUR",3.62897444169E9,563005.804088,390,ANUPPUR,23,"MADHYA PRADESH, ANUPPUR",MADHYA PRADESH,2936337.486274512,"{""type"":""MultiPoint"",""coordinates"":[]}"
0000000000000000001a,x23391,"MADHYA PRADESH, ASHOKNAGAR",4.55438163707E9,428702.341314,391,ASHOKNAGAR,23,"MADHYA PRADESH, ASHOKNAGAR",MADHYA PRADESH,8778161.952941174,"{""type"":""MultiPoint"",""coordinates"":[]}"
00000000000000000022,x23392,"MADHYA PRADESH, BALAGHAT",8.90486653721E9,711298.24102,392,BALAGHAT,23,"MADHYA PRADESH, BALAGHAT",MADHYA PRADESH,1.4342450450980388E7,"{""type"":""MultiPoint"",""coordinates"":[]}"
00000000000000000033,x23393,"MADHYA PRADESH, BARWANI",5.22738439081E9,493718.64227,393,BARWANI,23,"MADHYA PRADESH, BARWANI",MADHYA PRADESH,2.466393617254902E7,"{""type"":""MultiPoint"",""coordinates"":[]}"
0000000000000000003a,x23394,"MADHYA PRADESH, BETUL",9.67910329764E9,726502.595917,394,BETUL,23,"MADHYA PRADESH, BETUL",MADHYA PRADESH,5858722.435294141,"{""type"":""MultiPoint"",""coordinates"":[]}"
0000000000000000003f,x23395,"MADHYA PRADESH, BHIND",4.2984963646E9,592535.66904,395,BHIND,23,"MADHYA PRADESH, BHIND",MADHYA PRADESH,6.4799737533333324E7,"{""type"":""MultiPoint"",""coordinates"":[]}"
00000000000000000040,x23396,"MADHYA PRADESH, BHOPAL",2.66091596795E9,378109.021909,396,BHOPAL,23,"MADHYA PRADESH, BHOPAL",MADHYA PRADESH,912830.2901960784,"{""type"":""MultiPoint"",""coordinates"":[]}"
0000000000000000004c,x23397,"MADHYA PRADESH, BURHANPUR",3.10722575672E9,333906.407092,397,BURHANPUR,23,"MADHYA PRADESH, BURHANPUR",MADHYA PRADESH,7477652.513725487,"{""type"":""MultiPoint"",""coordinates"":[]}"
00000000000000000056,x23398,"MADHYA PRADESH, CHHATARPUR",8.34454236219E9,996335.291108,398,CHHATARPUR,23,"MADHYA PRADESH, CHHATARPUR",MADHYA PRADESH,2.6156801505882353E7,"{""type"":""MultiPoint"",""coordinates"":[]}"
00000000000000000057,x23399,"MADHYA PRADESH, CHHINDWARA",1.13680929743E10,814856.774768,399,CHHINDWARA,23,"MADHYA PRADESH, CHHINDWARA",MADHYA PRADESH,8176417.619607843,"{""type"":""MultiPoint"",""coordinates"":[]}"
00000000000000000066,x23400,"MADHYA PRADESH, DAMOH",7.02165398239E9,634967.980268,400,DAMOH,23,"MADHYA PRADESH, DAMOH",MADHYA PRADESH,1.1119711874509834E7,"{""type"":""MultiPoint"",""coordinates"":[]}"
00000000000000000069,x23401,"MADHYA PRADESH, DATIA",2.58563179192E9,560683.831208,401,DATIA,23,"MADHYA PRADESH, DATIA",MADHYA PRADESH,1.046497214117647E7,"{""type"":""MultiPoint"",""coordinates"":[]}"
0000000000000000006f,x23402,"MADHYA PRADESH, DEWAS",6.74524432727E9,851413.881034,402,DEWAS,23,"MADHYA PRADESH, DEWAS",MADHYA PRADESH,2.816827207450981E7,"{""type"":""MultiPoint"",""coordinates"":[]}"
00000000000000000073,x23403,"MADHYA PRADESH, DHAR",7.84740849051E9,594125.338396,403,DHAR,23,"MADHYA PRADESH, DHAR",MADHYA PRADESH,7.332753231372547E7,"{""type"":""MultiPoint"",""coordinates"":[]}"
00000000000000000079,x23404,"MADHYA PRADESH, DINDORI",5.52651679004E9,640341.910012,404,DINDORI,23,"MADHYA PRADESH, DINDORI",MADHYA PRADESH,5579331.345098039,"{""type"":""MultiPoint"",""coordinates"":[]}"
00000000000000000082,x23405,"MADHYA PRADESH, EAST NIMAR",7.19092504204E9,605136.192156,405,EAST NIMAR,23,"MADHYA PRADESH, EAST NIMAR",MADHYA PRADESH,5.215639266274521E7,"{""type"":""MultiPoint"",""coordinates"":[]}"
00000000000000000098,x23406,"MADHYA PRADESH, GUNA",6.13529198737E9,674934.75869,406,GUNA,23,"MADHYA PRADESH, GUNA",MADHYA PRADESH,7685486.741176474,"{""type"":""MultiPoint"",""coordinates"":[]}"
0000000000000000009a,x23407,"MADHYA PRADESH, GWALIOR",4.39294098278E9,392206.192423,407,GWALIOR,23,"MADHYA PRADESH, GWALIOR",MADHYA PRADESH,5120011.396078429,"{""type"":""MultiPoint"",""coordinates"":[]}"
0000000000000000009f,x23408,"MADHYA PRADESH, HARDA",3.21563080874E9,309197.246476,408,HARDA,23,"MADHYA PRADESH, HARDA",MADHYA PRADESH,1.596733665882348E7,"{""type"":""MultiPoint"",""coordinates"":[]}"
000000000000000000a6,x23409,"MADHYA PRADESH, HOSHANGABAD",6.43208891926E9,569919.854542,409,HOSHANGABAD,23,"MADHYA PRADESH, HOSHANGABAD",MADHYA PRADESH,3.6906644839215755E7,"{""type"":""MultiPoint"",""coordinates"":[]}"
000000000000000000a9,x23410,"MADHYA PRADESH, INDORE",3.75939915764E9,517693.363712,410,INDORE,23,"MADHYA PRADESH, INDORE",MADHYA PRADESH,1383133.6823529399,"{""type"":""MultiPoint"",""coordinates"":[]}"
000000000000000000aa,x23411,"MADHYA PRADESH, JABALPUR",4.89839554186E9,576720.818612,411,JABALPUR,23,"MADHYA PRADESH, JABALPUR",MADHYA PRADESH,2.1017184815686263E7,"{""type"":""MultiPoint"",""coordinates"":[]}"
000000000000000000b5,x23412,"MADHYA PRADESH, JHABUA",3.31182610949E9,340600.114766,412,JHABUA,23,"MADHYA PRADESH, JHABUA",MADHYA PRADESH,2387259.5215686294,"{""type"":""MultiPoint"",""coordinates"":[]}"
000000000000000000ca,x23413,"MADHYA PRADESH, KATNI",4.85975976997E9,635802.349503,413,KATNI,23,"MADHYA PRADESH, KATNI",MADHYA PRADESH,4627504.639215682,"{""type"":""MultiPoint"",""coordinates"":[]}"
000000000000000000f2,x23415,"MADHYA PRADESH, MANDLA",7.22655928501E9,711614.128094,415,MANDLA,23,"MADHYA PRADESH, MANDLA",MADHYA PRADESH,1.8040845988235272E7,"{""type"":""MultiPoint"",""coordinates"":[]}"
000000000000000000f3,x23416,"MADHYA PRADESH, MANDSAUR",5.33471411928E9,557027.222995,416,MANDSAUR,23,"MADHYA PRADESH, MANDSAUR",MADHYA PRADESH,1.402760579607844E7,"{""type"":""MultiPoint"",""coordinates"":[]}"
000000000000000000fa,x23417,"MADHYA PRADESH, MORENA",4.80276155171E9,630246.717112,417,MORENA,23,"MADHYA PRADESH, MORENA",MADHYA PRADESH,1.5223371442745084E8,"{""type"":""MultiPoint"",""coordinates"":[]}"
00000000000000000103,x23418,"MADHYA PRADESH, NARSHIMAPURA",4.9392864061E9,556315.978342,418,NARSHIMAPURA,23,"MADHYA PRADESH, NARSHIMAPURA",MADHYA PRADESH,3.08621802431372E7,"{""type"":""MultiPoint"",""coordinates"":[]}"
00000000000000000108,x23419,"MADHYA PRADESH, NIMACH",4.12245989305E9,646368.776792,419,NIMACH,23,"MADHYA PRADESH, NIMACH",MADHYA PRADESH,9414429.756862756,"{""type"":""MultiPoint"",""coordinates"":[]}"
00000000000000000116,x23420,"MADHYA PRADESH, PANNA",6.82602123304E9,884627.45494,420,PANNA,23,"MADHYA PRADESH, PANNA",MADHYA PRADESH,2.012160867843138E7,"{""type"":""MultiPoint"",""coordinates"":[]}"
00000000000000000125,x23421,"MADHYA PRADESH, RAISEN",8.15221413907E9,787204.114979,421,RAISEN,23,"MADHYA PRADESH, RAISEN",MADHYA PRADESH,2.218180965098044E7,"{""type"":""MultiPoint"",""coordinates"":[]}"
00000000000000000127,x23422,"MADHYA PRADESH, RAJGARH",5.92918066542E9,463591.495563,422,RAJGARH,23,"MADHYA PRADESH, RAJGARH",MADHYA PRADESH,9379605.866666675,"{""type"":""MultiPoint"",""coordinates"":[]}"
0000000000000000012d,x23423,"MADHYA PRADESH, RATLAM",4.66862353601E9,559323.236737,423,RATLAM,23,"MADHYA PRADESH, RATLAM",MADHYA PRADESH,7414402.647058843,"{""type"":""MultiPoint"",""coordinates"":[]}"
0000000000000000012f,x23424,"MADHYA PRADESH, REWA",6.05596320337E9,658363.875647,424,REWA,23,"MADHYA PRADESH, REWA",MADHYA PRADESH,1.0957127725490196E7,"{""type"":""MultiPoint"",""coordinates"":[]}"
00000000000000000132,x23425,"MADHYA PRADESH, SAGAR",9.87221440974E9,1022387.60783,425,SAGAR,23,"MADHYA PRADESH, SAGAR",MADHYA PRADESH,8366714.337254905,"{""type"":""MultiPoint"",""coordinates"":[]}"
0000000000000000013a,x23426,"MADHYA PRADESH, SATNA",7.23577880465E9,1018097.64877,426,SATNA,23,"MADHYA PRADESH, SATNA",MADHYA PRADESH,9582687.603921589,"{""type"":""MultiPoint"",""coordinates"":[]}"
0000000000000000013c,x23427,"MADHYA PRADESH, SEHORE",6.31735156776E9,863302.649579,427,SEHORE,23,"MADHYA PRADESH, SEHORE",MADHYA PRADESH,3.686324927058822E7,"{""type"":""MultiPoint"",""coordinates"":[]}"
0000000000000000013d,x23428,"MADHYA PRADESH, SEONI",8.43027148059E9,705550.062739,428,SEONI,23,"MADHYA PRADESH, SEONI",MADHYA PRADESH,9084753.454901947,"{""type"":""MultiPoint"",""coordinates"":[]}"
00000000000000000140,x23429,"MADHYA PRADESH, SHAHDOL",5.46204726887E9,603888.986361,429,SHAHDOL,23,"MADHYA PRADESH, SHAHDOL",MADHYA PRADESH,1.6769081611764694E7,"{""type"":""MultiPoint"",""coordinates"":[]}"
00000000000000000142,x23430,"MADHYA PRADESH, SHAJAPUR",3.32901591592E9,447265.160583,430,SHAJAPUR,23,"MADHYA PRADESH, SHAJAPUR",MADHYA PRADESH,2661704.662745097,"{""type"":""MultiPoint"",""coordinates"":[]}"
00000000000000000144,x23431,"MADHYA PRADESH, SHEOPUR",6.35871101875E9,548588.244768,431,SHEOPUR,23,"MADHYA PRADESH, SHEOPUR",MADHYA PRADESH,6.414108547450976E7,"{""type"":""MultiPoint"",""coordinates"":[]}"
00000000000000000147,x23432,"MADHYA PRADESH, SHIVPURI",9.89470146627E9,853079.685333,432,SHIVPURI,23,"MADHYA PRADESH, SHIVPURI",MADHYA PRADESH,1.4966314247058824E7,"{""type"":""MultiPoint"",""coordinates"":[]}"
0000000000000000014a,x23433,"MADHYA PRADESH, SIDHI",4.59174550626E9,519227.094551,433,SIDHI,23,"MADHYA PRADESH, SIDHI",MADHYA PRADESH,3.383150617647061E7,"{""type"":""MultiPoint"",""coordinates"":[]}"
0000000000000000014d,x23638,"MADHYA PRADESH, SINGRAULI",5.54391386565E9,511442.161799,638,SINGRAULI,23,"MADHYA PRADESH, SINGRAULI",MADHYA PRADESH,2.2974756203921482E7,"{""type"":""MultiPoint"",""coordinates"":[]}"
00000000000000000165,x23434,"MADHYA PRADESH, TIKAMGARH",3.58044183041E9,422276.717262,434,TIKAMGARH,23,"MADHYA PRADESH, TIKAMGARH",MADHYA PRADESH,3974791.7843137234,"{""type"":""MultiPoint"",""coordinates"":[]}"
0000000000000000016b,x23435,"MADHYA PRADESH, UJJAIN",5.86714363821E9,723405.046575,435,UJJAIN,23,"MADHYA PRADESH, UJJAIN",MADHYA PRADESH,7746597.631372536,"{""type"":""MultiPoint"",""coordinates"":[]}"
0000000000000000016c,x23436,"MADHYA PRADESH, UMARIA",4.40212414708E9,466708.658878,436,UMARIA,23,"MADHYA PRADESH, UMARIA",MADHYA PRADESH,8016309.611764695,"{""type"":""MultiPoint"",""coordinates"":[]}"
00000000000000000173,x23437,"MADHYA PRADESH, VIDISHA",7.02213850129E9,682297.631404,437,VIDISHA,23,"MADHYA PRADESH, VIDISHA",MADHYA PRADESH,1.0191253149019627E7,"{""type"":""MultiPoint"",""coordinates"":[]}"
0000000000000000017d,x23414,"MADHYA PRADESH, WEST NIMAR",7.72728087324E9,675714.323097,414,WEST NIMAR,23,"MADHYA PRADESH, WEST NIMAR",MADHYA PRADESH,5.864963594901961E7,"{""type"":""MultiPoint"",""coordinates"":[]}"
000000000000000001a8,x23722,"MADHYA PRADESH, NIVARI",1.27195199315E9,478725.88532,722,NIVARI,23,"MADHYA PRADESH, NIVARI",MADHYA PRADESH,7978136.54117648,"{""type"":""MultiPoint"",""coordinates"":[]}"
000000000000000001b4,x27466,"MAHARASHTRA, AHAMADNAGAR",1.65507973486E10,1367396.16826,466,AHAMADNAGAR,27,"MAHARASHTRA, AHAMADNAGAR",MAHARASHTRA,2.34159479764706E7,"{""type"":""MultiPoint"",""coordinates"":[]}"
000000000000000001b5,x27467,"MAHARASHTRA, AKOLA",5.24708231811E9,611947.200511,467,AKOLA,27,"MAHARASHTRA, AKOLA",MAHARASHTRA,8621310.407843143,"{""type"":""MultiPoint"",""coordinates"":[]}"
000000000000000001b7,x27468,"MAHARASHTRA, AMARAVATI",1.17623890919E10,932435.49998,468,AMARAVATI,27,"MAHARASHTRA, AMARAVATI",MAHARASHTRA,9753581.321568627,"{""type"":""MultiPoint"",""coordinates"":[]}"
000000000000000001be,x27469,"MAHARASHTRA, AURANGABAD",9.77829657599E9,863383.818773,469,AURANGABAD,27,"MAHARASHTRA, AURANGABAD",MAHARASHTRA,1.7970261572549026E7,"{""type"":""MultiPoint"",""coordinates"":[]}"
000000000000000001c7,x27471,"MAHARASHTRA, BHANDARA",3.98787595798E9,500711.942435,471,BHANDARA,27,"MAHARASHTRA, BHANDARA",MAHARASHTRA,3.1107305458823536E7,"{""type"":""MultiPoint"",""coordinates"":[]}"
000000000000000001ca,x27470,"MAHARASHTRA, BID",1.02765728455E10,931334.13519,470,BID,27,"MAHARASHTRA, BID",MAHARASHTRA,2.2995243113725513E7,"{""type"":""MultiPoint"",""coordinates"":[]}"
000000000000000001cc,x27472,"MAHARASHTRA, BULDHANA",9.40129979044E9,748817.147515,472,BULDHANA,27,"MAHARASHTRA, BULDHANA",MAHARASHTRA,1.48659439098039E7,"{""type"":""MultiPoint"",""coordinates"":[]}"
000000000000000001cf,x27473,"MAHARASHTRA, CHANDRAPUR",1.09760020071E10,678345.456653,473,CHANDRAPUR,27,"MAHARASHTRA, CHANDRAPUR",MAHARASHTRA,1.0350978461960793E8,"{""type"":""MultiPoint"",""coordinates"":[]}"
000000000000000001d4,x27474,"MAHARASHTRA, DHULE",6.92896348086E9,615312.933892,474,DHULE,27,"MAHARASHTRA, DHULE",MAHARASHTRA,3.4153150686274506E7,"{""type"":""MultiPoint"",""coordinates"":[]}"
000000000000000001df,x27475,"MAHARASHTRA, GADCHIROLI",1.4017683711E10,920122.858807,475,GADCHIROLI,27,"MAHARASHTRA, GADCHIROLI",MAHARASHTRA,1.8713472383137253E8,"{""type"":""MultiPoint"",""coordinates"":[]}"
000000000000000001e1,x27476,"MAHARASHTRA, GONDIA",4.99532613493E9,527555.690964,476,GONDIA,27,"MAHARASHTRA, GONDIA",MAHARASHTRA,6792478.792156869,"{""type"":""MultiPoint"",""coordinates"":[]}"
000000000000000001e6,x27477,"MAHARASHTRA, HINGOLI",4.55553334749E9,498581.111436,477,HINGOLI,27,"MAHARASHTRA, HINGOLI",MAHARASHTRA,8647922.035294104,"{""type"":""MultiPoint"",""coordinates"":[]}"
000000000000000001ed,x27478,"MAHARASHTRA, JALGAON",1.13697813853E10,824987.501403,478,JALGAON,27,"MAHARASHTRA, JALGAON",MAHARASHTRA,7.117450098039211E7,"{""type"":""MultiPoint"",""coordinates"":[]}"
000000000000000001ee,x27479,"MAHARASHTRA, JALNA",7.41996677288E9,700656.759192,479,JALNA,27,"MAHARASHTRA, JALNA",MAHARASHTRA,2.026174417254902E7,"{""type"":""MultiPoint"",""coordinates"":[]}"
000000000000000001ff,x27480,"MAHARASHTRA, KOLHAPUR",7.5062086198E9,945182.456423,480,KOLHAPUR,27,"MAHARASHTRA, KOLHAPUR",MAHARASHTRA,8564014.027450968,"{""type"":""MultiPoint"",""coordinates"":[]}"
00000000000000000205,x27481,"MAHARASHTRA, LATUR",6.99188139098E9,549557.848138,481,LATUR,27,"MAHARASHTRA, LATUR",MAHARASHTRA,9320565.807843152,"{""type"":""MultiPoint"",""coordinates"":[]}"
00000000000000000215,x27482,"MAHARASHTRA, MUMBAI CITY",6.20338592334E7,61422.9777795,482,MUMBAI CITY,27,"MAHARASHTRA, MUMBAI CITY",MAHARASHTRA,1429.5607843137261,"{""type"":""MultiPoint"",""coordinates"":[]}"
0000000000000000021a,x27484,"MAHARASHTRA, NAGPUR",9.53867232058E9,650985.898037,484,NAGPUR,27,"MAHARASHTRA, NAGPUR",MAHARASHTRA,1.9622962611764695E7,"{""type"":""MultiPoint"",""coordinates"":[]}"
0000000000000000021d,x27485,"MAHARASHTRA, NANDED",1.01993216606E10,1053017.43073,485,NANDED,27,"MAHARASHTRA, NANDED",MAHARASHTRA,8.961646214117627E7,"{""type"":""MultiPoint"",""coordinates"":[]}"
0000000000000000021e,x27486,"MAHARASHTRA, NANDURBAR",5.73640113856E9,723808.465229,486,NANDURBAR,27,"MAHARASHTRA, NANDURBAR",MAHARASHTRA,4.0157741803921536E7,"{""type"":""MultiPoint"",""coordinates"":[]}"
0000000000000000021f,x27487,"MAHARASHTRA, NASHIK",1.49798517716E10,897467.638098,487,NASHIK,27,"MAHARASHTRA, NASHIK",MAHARASHTRA,7936510.439215686,"{""type"":""MultiPoint"",""coordinates"":[]}"
00000000000000000224,x27488,"MAHARASHTRA, USMANABAD",7.35856206719E9,812462.780992,488,USMANABAD,27,"MAHARASHTRA, USMANABAD",MAHARASHTRA,4409606.431372543,"{""type"":""MultiPoint"",""coordinates"":[]}"
00000000000000000225,x27665,"MAHARASHTRA, PALGHAR",5.09456881094E9,473314.444913,665,PALGHAR,27,"MAHARASHTRA, PALGHAR",MAHARASHTRA,2938276.3529411764,"{""type"":""MultiPoint"",""coordinates"":[]}"
0000000000000000022a,x27489,"MAHARASHTRA, PARBHANI",6.10520672199E9,595317.48249,489,PARBHANI,27,"MAHARASHTRA, PARBHANI",MAHARASHTRA,6.737983900392166E7,"{""type"":""MultiPoint"",""coordinates"":[]}"
00000000000000000231,x27490,"MAHARASHTRA, PUNE",1.51817924608E10,1021913.71844,490,PUNE,27,"MAHARASHTRA, PUNE",MAHARASHTRA,2.433704976862752E7,"{""type"":""MultiPoint"",""coordinates"":[]}"
00000000000000000235,x27491,"MAHARASHTRA, RAYGAD",6.77238090046E9,712807.604282,491,RAYGAD,27,"MAHARASHTRA, RAYGAD",MAHARASHTRA,2115282.741176471,"{""type"":""MultiPoint"",""coordinates"":[]}"
00000000000000000237,x27492,"MAHARASHTRA, RATNAGIRI",8.08175731055E9,733803.821237,492,RATNAGIRI,27,"MAHARASHTRA, RATNAGIRI",MAHARASHTRA,3395397.2156862738,"{""type"":""MultiPoint"",""coordinates"":[]}"
0000000000000000023e,x27493,"MAHARASHTRA, SANGLI",8.39193025502E9,947268.375846,493,SANGLI,27,"MAHARASHTRA, SANGLI",MAHARASHTRA,1.0540314384313721E7,"{""type"":""MultiPoint"",""coordinates"":[]}"
00000000000000000242,x27494,"MAHARASHTRA, SATARA",1.01946588591E10,725488.712661,494,SATARA,27,"MAHARASHTRA, SATARA",MAHARASHTRA,7249657.780392166,"{""type"":""MultiPoint"",""coordinates"":[]}"
00000000000000000246,x27495,"MAHARASHTRA, SINDHUDURG",5.00089103416E9,607457.841605,495,SINDHUDURG,27,"MAHARASHTRA, SINDHUDURG",MAHARASHTRA,1511608.5764705872,"{""type"":""MultiPoint"",""coordinates"":[]}"
0000000000000000024a,x27496,"MAHARASHTRA, SOLAPUR",1.4450282152E10,1286705.84716,496,SOLAPUR,27,"MAHARASHTRA, SOLAPUR",MAHARASHTRA,7.693527648235275E7,"{""type"":""MultiPoint"",""coordinates"":[]}"
0000000000000000024d,x27483,"MAHARASHTRA, SUB URBAN MUMBAI",4.18051976499E8,118690.855653,483,SUB URBAN MUMBAI,27,"MAHARASHTRA, SUB URBAN MUMBAI",MAHARASHTRA,22747.80784313725,"{""type"":""MultiPoint"",""coordinates"":[]}"
00000000000000000252,x27497,"MAHARASHTRA, THANE",4.13610017966E9,438859.059026,497,THANE,27,"MAHARASHTRA, THANE",MAHARASHTRA,3353386.2431372553,"{""type"":""MultiPoint"",""coordinates"":[]}"
0000000000000000025c,x27498,"MAHARASHTRA, WARDHA",6.08317272876E9,494888.00371,498,WARDHA,27,"MAHARASHTRA, WARDHA",MAHARASHTRA,1.3351529831372555E7,"{""type"":""MultiPoint"",""coordinates"":[]}"
0000000000000000025d,x27499,"MAHARASHTRA, WASHIM",4.95581138429E9,600302.4452,499,WASHIM,27,"MAHARASHTRA, WASHIM",MAHARASHTRA,2932784.650980389,"{""type"":""MultiPoint"",""coordinates"":[]}"
00000000000000000261,x27500,"MAHARASHTRA, YAVATMAL",1.31216393037E10,928990.412983,500,YAVATMAL,27,"MAHARASHTRA, YAVATMAL",MAHARASHTRA,4.567173201568628E7,"{""type"":""MultiPoint"",""coordinates"":[]}"
00000000000000000048,x14252,"MANIPUR, BISHNUPUR",4.61820332272E8,158213.286308,252,BISHNUPUR,14,"MANIPUR, BISHNUPUR",MANIPUR,1655724.901960783,"{""type"":""MultiPoint"",""coordinates"":[]}"
00000000000000000053,x14253,"MANIPUR, CHANDEL",1.89650241881E9,237512.985874,253,CHANDEL,14,"MANIPUR, CHANDEL",MANIPUR,2239142.247058824,"{""type"":""MultiPoint"",""coordinates"":[]}"
0000000000000000005f,x14254,"MANIPUR, CHURACHANDPUR",2.34183774798E9,288454.45405,254,CHURACHANDPUR,14,"MANIPUR, CHURACHANDPUR",MANIPUR,1384300.7098039219,"{""type"":""MultiPoint"",""coordinates"":[]}"
000000000000000000a8,x14256,"MANIPUR, IMPHAL WEST",4.68816414148E8,195028.390398,256,IMPHAL WEST,14,"MANIPUR, IMPHAL WEST",MANIPUR,490385.40784313774,"{""type"":""MultiPoint"",""coordinates"":[]}"
000000000000000001a6,x14255,"MANIPUR, IMPHAL EAST",4.16259005407E8,179407.796001,255,IMPHAL EAST,14,"MANIPUR, IMPHAL EAST",MANIPUR,732304.7529411763,"{""type"":""MultiPoint"",""coordinates"":[]}"
000000000000000001a7,x14713,"MANIPUR, JIRIBAM",2.83570156561E8,135285.963501,713,JIRIBAM,14,"MANIPUR, JIRIBAM",MANIPUR,1579768.937254902,"{""type"":""MultiPoint"",""coordinates"":[]}"
000000000000000001fb,x14260,"MANIPUR, UKHRUL",2.01147067078E9,269579.396475,260,UKHRUL,14,"MANIPUR, UKHRUL",MANIPUR,796010.937254902,"{""type"":""MultiPoint"",""coordinates"":[]}"
00000000000000000243,x14257,"MANIPUR, SENAPATI",1.68336728612E9,240669.076361,257,SENAPATI,14,"MANIPUR, SENAPATI",MANIPUR,671817.4313725488,"{""type"":""MultiPoint"",""coordinates"":[]}"
0000000000000000024f,x14258,"MANIPUR, TAMENGLONG",2.90183087708E9,377796.105229,258,TAMENGLONG,14,"MANIPUR, TAMENGLONG",MANIPUR,3343439.7921568607,"{""type"":""MultiPoint"",""coordinates"":[]}"
00000000000000000253,x14259,"MANIPUR, THOUBAL",3.78152455384E8,130368.883967,259,THOUBAL,14,"MANIPUR, THOUBAL",MANIPUR,504918.4745098037,"{""type"":""MultiPoint"",""coordinates"":[]}"
00000000000000000255,x14717,"MANIPUR, KAMJONG",2.29104622812E9,238791.207687,717,KAMJONG,14,"MANIPUR, KAMJONG",MANIPUR,781960.3294117656,"{""type"":""MultiPoint"",""coordinates"":[]}"
0000000000000000026c,x14714,"MANIPUR, NONEI",1.1336517756E9,208746.501245,714,NONEI,14,"MANIPUR, NONEI",MANIPUR,3351199.721568627,"{""type"":""MultiPoint"",""coordinates"":[]}"
0000000000000000026d,x14715,"MANIPUR, PHERZAWL",2.06270791589E9,276653.030631,715,PHERZAWL,14,"MANIPUR, PHERZAWL",MANIPUR,9576775.317647055,"{""type"":""MultiPoint"",""coordinates"":[]}"
0000000000000000026e,x14716,"MANIPUR, TENGNOUPAL",1.18278507336E9,180746.759576,716,TENGNOUPAL,14,"MANIPUR, TENGNOUPAL",MANIPUR,188266.25490196064,"{""type"":""MultiPoint"",""coordinates"":[]}"
0000000000000000026f,x14712,"MANIPUR, KANGPOKPI",1.66586494194E9,509252.091879,712,KANGPOKPI,14,"MANIPUR, KANGPOKPI",MANIPUR,376469.4039215677,"{""type"":""MultiPoint"",""coordinates"":[]}"
00000000000000000270,x14711,"MANIPUR, KAKCHING",3.07735976305E8,116224.397022,711,KAKCHING,14,"MANIPUR, KAKCHING",MANIPUR,341207.72941176477,"{""type"":""MultiPoint"",""coordinates"":[]}"
0000000000000000007f,x17273,"MEGHALAYA, EAST GARO HILLS",1.52177845958E9,241796.988966,273,EAST GARO HILLS,17,"MEGHALAYA, EAST GARO HILLS",MEGHALAYA,346982.4078431375,"{""type"":""MultiPoint"",""coordinates"":[]}"
00000000000000000081,x17274,"MEGHALAYA, EAST KHASI HILLS",2.73597947727E9,331204.469585,274,EAST KHASI HILLS,17,"MEGHALAYA, EAST KHASI HILLS",MEGHALAYA,734025.231372549,"{""type"":""MultiPoint"",""coordinates"":[]}"
000000000000000000d3,x17657,"MEGHALAYA, EAST JAINTIA HILLS",1.93729311624E9,266454.388424,657,EAST JAINTIA HILLS,17,"MEGHALAYA, EAST JAINTIA HILLS",MEGHALAYA,583734.8705882364,"{""type"":""MultiPoint"",""coordinates"":[]}"
00000000000000000156,x17277,"MEGHALAYA, SOUTH GARO HILLS",1.76502538745E9,286551.38231,277,SOUTH GARO HILLS,17,"MEGHALAYA, SOUTH GARO HILLS",MEGHALAYA,1234452.7450980383,"{""type"":""MultiPoint"",""coordinates"":[]}"
0000000000000000017a,x17278,"MEGHALAYA, WEST GARO HILLS",2.5591813966E9,363414.270078,278,WEST GARO HILLS,17,"MEGHALAYA, WEST GARO HILLS",MEGHALAYA,517773.38823529455,"{""type"":""MultiPoint"",""coordinates"":[]}"
0000000000000000017c,x17279,"MEGHALAYA, WEST KHASI HILLS",3.77264606701E9,414577.576695,279,WEST KHASI HILLS,17,"MEGHALAYA, WEST KHASI HILLS",MEGHALAYA,1243194.7529411772,"{""type"":""MultiPoint"",""coordinates"":[]}"
0000000000000000018f,x17276,"MEGHALAYA, RI-BHOI",2.28235241565E9,404635.826002,276,RI-BHOI,17,"MEGHALAYA, RI-BHOI",MEGHALAYA,1089038.3764705881,"{""type"":""MultiPoint"",""coordinates"":[]}"
00000000000000000191,x17658,"MEGHALAYA, SOUTH WEST KHASI HILLS",1.256652986E9,248011.35333,658,SOUTH WEST KHASI HILLS,17,"MEGHALAYA, SOUTH WEST KHASI HILLS",MEGHALAYA,934866.921568628,"{""type"":""MultiPoint"",""coordinates"":[]}"
00000000000000000192,x17663,"MEGHALAYA, SOUTH WEST GARO HILLS",8.05376078214E8,145899.015702,663,SOUTH WEST GARO HILLS,17,"MEGHALAYA, SOUTH WEST GARO HILLS",MEGHALAYA,154965.9411764706,"{""type"":""MultiPoint"",""coordinates"":[]}"
00000000000000000193,x17656,"MEGHALAYA, NORTH GARO HILLS",1.20117409544E9,282971.272839,656,NORTH GARO HILLS,17,"MEGHALAYA, NORTH GARO HILLS",MEGHALAYA,305183.49803921604,"{""type"":""MultiPoint"",""coordinates"":[]}"
00000000000000000194,x17275,"MEGHALAYA, WEST JAINTIA HILLS",1.73029207837E9,299814.132442,275,WEST JAINTIA HILLS,17,"MEGHALAYA, WEST JAINTIA HILLS",MEGHALAYA,588133.8941176471,"{""type"":""MultiPoint"",""coordinates"":[]}"
00000000000000000051,x15262,"MIZORAM, CHAMPHAI",3.26984621401E9,417447.646273,262,CHAMPHAI,15,"MIZORAM, CHAMPHAI",MIZORAM,2184348.7490196098,"{""type"":""MultiPoint"",""coordinates"":[]}"
00000000000000000135,x15267,"MIZORAM, SAIHA",1.47279772522E9,279456.276159,267,SAIHA,15,"MIZORAM, SAIHA",MIZORAM,7517010.325490201,"{""type"":""MultiPoint"",""coordinates"":[]}"
00000000000000000182,x15264,"MIZORAM, LAWNGTLAI",2.33388514033E9,511194.198489,264,LAWNGTLAI,15,"MIZORAM, LAWNGTLAI",MIZORAM,6825274.607843129,"{""type"":""MultiPoint"",""coordinates"":[]}"
00000000000000000183,x15268,"MIZORAM, SERCHHIP",1.38974156405E9,315614.096003,268,SERCHHIP,15,"MIZORAM, SERCHHIP",MIZORAM,886751.5058823524,"{""type"":""MultiPoint"",""coordinates"":[]}"
00000000000000000184,x15263,"MIZORAM, KOLASIB",1.43354599208E9,275719.081131,263,KOLASIB,15,"MIZORAM, KOLASIB",MIZORAM,1216922.1647058823,"{""type"":""MultiPoint"",""coordinates"":[]}"
00000000000000000185,x15266,"MIZORAM, MAMIT",2.94874211894E9,420838.467991,266,MAMIT,15,"MIZORAM, MAMIT",MIZORAM,1853878.513725489,"{""type"":""MultiPoint"",""coordinates"":[]}"
00000000000000000186,x15265,"MIZORAM, LUNGLEI",4.36322008477E9,483877.324104,265,LUNGLEI,15,"MIZORAM, LUNGLEI",MIZORAM,9731778.635294119,"{""type"":""MultiPoint"",""coordinates"":[]}"
00000000000000000195,x15261,"MIZORAM, AIZAWL",3.06362284213E9,553757.087176,261,AIZAWL,15,"MIZORAM, AIZAWL",MIZORAM,4217492.196078432,"{""type"":""MultiPoint"",""coordinates"":[]}"
000000000000000001d6,x13613,"NAGALAND, PAREN",1.75839740613E9,291328.073478,613,PAREN,13,"NAGALAND, PAREN",NAGALAND,1033426.5411764701,"{""type"":""MultiPoint"",""coordinates"":[]}"
000000000000000001fc,x13248,"NAGALAND, PHEK",1.80158266452E9,289810.111563,248,PHEK,13,"NAGALAND, PHEK",NAGALAND,2106235.1803921554,"{""type"":""MultiPoint"",""coordinates"":[]}"
00000000000000000213,x13250,"NAGALAND, WOKHA",1.54810397991E9,255022.831654,250,WOKHA,13,"NAGALAND, WOKHA",NAGALAND,2042839.5490196075,"{""type"":""MultiPoint"",""coordinates"":[]}"
00000000000000000262,x13244,"NAGALAND, DIMAPUR",7.3410444928E8,260538.99712,244,DIMAPUR,13,"NAGALAND, DIMAPUR",NAGALAND,609281.3921568624,"{""type"":""MultiPoint"",""coordinates"":[]}"
00000000000000000263,x13245,"NAGALAND, KOHIMA",1.26474830239E9,220033.109146,245,KOHIMA,13,"NAGALAND, KOHIMA",NAGALAND,262172.81960784324,"{""type"":""MultiPoint"",""coordinates"":[]}"
00000000000000000264,x13614,"NAGALAND, KIPHIRE",1.08731639608E9,191252.727412,614,KIPHIRE,13,"NAGALAND, KIPHIRE",NAGALAND,2000995.5686274506,"{""type"":""MultiPoint"",""coordinates"":[]}"
00000000000000000265,x13251,"NAGALAND, ZUNHEBOTO",1.51633211581E9,299587.30264,251,ZUNHEBOTO,13,"NAGALAND, ZUNHEBOTO",NAGALAND,766468.7490196078,"{""type"":""MultiPoint"",""coordinates"":[]}"
00000000000000000266,x13246,"NAGALAND, MOKOKCHUNG",1.54521128671E9,306785.579198,246,MOKOKCHUNG,13,"NAGALAND, MOKOKCHUNG",NAGALAND,499043.2823529406,"{""type"":""MultiPoint"",""coordinates"":[]}"
00000000000000000267,x13247,"NAGALAND, MON",2.09791519503E9,297229.426625,247,MON,13,"NAGALAND, MON",NAGALAND,1058333.196078431,"{""type"":""MultiPoint"",""coordinates"":[]}"
00000000000000000268,x13249,"NAGALAND, TUENSANG",2.05352453316E9,275601.531757,249,TUENSANG,13,"NAGALAND, TUENSANG",NAGALAND,613532.7803921567,"{""type"":""MultiPoint"",""coordinates"":[]}"
0000000000000000026b,x13615,"NAGALAND, LONGLENG",5.64216056718E8,186647.283069,615,LONGLENG,13,"NAGALAND, LONGLENG",NAGALAND,785011.9254901952,"{""type"":""MultiPoint"",""coordinates"":[]}"
00000000000000000017,x21344,"ODISHA, ANUGUL",6.1443418831E9,605948.929708,344,ANUGUL,21,"ODISHA, ANUGUL",ODISHA,6.626865976078433E7,"{""type"":""MultiPoint"",""coordinates"":[]}"
00000000000000000023,x21345,"ODISHA, BOLANGIR (BALANGIR)",6.31835775731E9,560766.022679,345,BOLANGIR (BALANGIR),21,"ODISHA, BOLANGIR (BALANGIR)",ODISHA,1.0364655933333334E7,"{""type"":""MultiPoint"",""coordinates"":[]}"
00000000000000000024,x21346,"ODISHA, BALASORE (BALESHWAR)",3.5813495974E9,554559.334113,346,BALASORE (BALESHWAR),21,"ODISHA, BALASORE (BALESHWAR)",ODISHA,1.4300609866666656E7,"{""type"":""MultiPoint"",""coordinates"":[]}"
0000000000000000002f,x21347,"ODISHA, BARAGARH",5.62467439232E9,603877.347305,347,BARAGARH,21,"ODISHA, BARAGARH",ODISHA,1.279387778431372E7,"{""type"":""MultiPoint"",""coordinates"":[]}"
0000000000000000003c,x21348,"ODISHA, BHADRAK",2.41582802529E9,356631.204184,348,BHADRAK,21,"ODISHA, BHADRAK",ODISHA,7088652.921568622,"{""type"":""MultiPoint"",""coordinates"":[]}"
00000000000000000062,x21350,"ODISHA, CUTTACK",3.7200480227E9,623347.49238,350,CUTTACK,21,"ODISHA, CUTTACK",ODISHA,1.853036418313723E8,"{""type"":""MultiPoint"",""coordinates"":[]}"
0000000000000000006d,x21351,"ODISHA, DEOGARH",2.84743241571E9,409810.126003,351,DEOGARH,21,"ODISHA, DEOGARH",ODISHA,1.1897099098039227E7,"{""type"":""MultiPoint"",""coordinates"":[]}"
00000000000000000077,x21352,"ODISHA, DHENKANAL",4.29997717251E9,407088.676251,352,DHENKANAL,21,"ODISHA, DHENKANAL",ODISHA,3.427093999607847E7,"{""type"":""MultiPoint"",""coordinates"":[]}"
0000000000000000008a,x21353,"ODISHA, GAJAPATI",4.00140996253E9,505662.570221,353,GAJAPATI,21,"ODISHA, GAJAPATI",ODISHA,2382890.1843137303,"{""type"":""MultiPoint"",""coordinates"":[]}"
0000000000000000008b,x21354,"ODISHA, GANJAM",8.11539115029E9,679720.081487,354,GANJAM,21,"ODISHA, GANJAM",ODISHA,7900004.572549021,"{""type"":""MultiPoint"",""coordinates"":[]}"
000000000000000000ab,x21355,"ODISHA, JAGATSINGHPUR",1.6740957987E9,262528.018579,355,JAGATSINGHPUR,21,"ODISHA, JAGATSINGHPUR",ODISHA,5076941.50588235,"{""type"":""MultiPoint"",""coordinates"":[]}"
000000000000000000ae,x21356,"ODISHA, JAJAPUR",2.7944819502E9,433131.244933,356,JAJAPUR,21,"ODISHA, JAJAPUR",ODISHA,3.490987218039215E7,"{""type"":""MultiPoint"",""coordinates"":[]}"
000000000000000000b8,x21357,"ODISHA, JHARSUGUDA",1.99540961159E9,357233.919033,357,JHARSUGUDA,21,"ODISHA, JHARSUGUDA",ODISHA,3.1831908219607834E7,"{""type"":""MultiPoint"",""coordinates"":[]}"
000000000000000000be,x21358,"ODISHA, KALAHANDI",7.63272725079E9,636149.204257,358,KALAHANDI,21,"ODISHA, KALAHANDI",ODISHA,9834424.392156884,"{""type"":""MultiPoint"",""coordinates"":[]}"
000000000000000000bf,x21359,"ODISHA, KANDHAMAL",7.74567877495E9,644946.622146,359,KANDHAMAL,21,"ODISHA, KANDHAMAL",ODISHA,2624789.3999999994,"{""type"":""MultiPoint"",""coordinates"":[]}"
000000000000000000cc,x21360,"ODISHA, KENDRAPARHA",2.44427471733E9,406097.545427,360,KENDRAPARHA,21,"ODISHA, KENDRAPARHA",ODISHA,9.327580209803927E7,"{""type"":""MultiPoint"",""coordinates"":[]}"
000000000000000000cd,x21361,"ODISHA, KEONJHAR (KENDUJHAR)",7.99678094992E9,664391.230171,361,KEONJHAR (KENDUJHAR),21,"ODISHA, KEONJHAR (KENDUJHAR)",ODISHA,1.1833417125490174E7,"{""type"":""MultiPoint"",""coordinates"":[]}"
000000000000000000cf,x21362,"ODISHA, KHORDHA",2.78180624782E9,640351.921239,362,KHORDHA,21,"ODISHA, KHORDHA",ODISHA,600904.054901961,"{""type"":""MultiPoint"",""coordinates"":[]}"
000000000000000000da,x21363,"ODISHA, KORAPUT",8.13151807243E9,790931.634247,363,KORAPUT,21,"ODISHA, KORAPUT",ODISHA,6432755.349019602,"{""type"":""MultiPoint"",""coordinates"":[]}"
000000000000000000ef,x21364,"ODISHA, MALKANGIRI",5.61445354826E9,502153.527855,364,MALKANGIRI,21,"ODISHA, MALKANGIRI",ODISHA,1.3671441917647041E7,"{""type"":""MultiPoint"",""coordinates"":[]}"
000000000000000000f6,x21365,"ODISHA, MAYURBHANJ",1.00225043332E10,778904.112728,365,MAYURBHANJ,21,"ODISHA, MAYURBHANJ",ODISHA,6339733.639215688,"{""type"":""MultiPoint"",""coordinates"":[]}"
000000000000000000fe,x21366,"ODISHA, NABARANGAPUR",5.27517554299E9,557230.080145,366,NABARANGAPUR,21,"ODISHA, NABARANGAPUR",ODISHA,3450743.6156862727,"{""type"":""MultiPoint"",""coordinates"":[]}"
00000000000000000104,x21367,"ODISHA, NAYAGARH",3.76328919527E9,434221.305679,367,NAYAGARH,21,"ODISHA, NAYAGARH",ODISHA,5.49857256196078E7,"{""type"":""MultiPoint"",""coordinates"":[]}"
00000000000000000110,x21368,"ODISHA, NUAPARHA",3.71185491337E9,419771.819358,368,NUAPARHA,21,"ODISHA, NUAPARHA",ODISHA,1981073.14509804,"{""type"":""MultiPoint"",""coordinates"":[]}"
00000000000000000120,x21369,"ODISHA, PURI",3.35493769823E9,488488.405068,369,PURI,21,"ODISHA, PURI",ODISHA,3014716.3254901962,"{""type"":""MultiPoint"",""coordinates"":[]}"
0000000000000000012e,x21370,"ODISHA, RAYAGARHA",7.10462218763E9,790225.663471,370,RAYAGARHA,21,"ODISHA, RAYAGARHA",ODISHA,6684981.619607859,"{""type"":""MultiPoint"",""coordinates"":[]}"
00000000000000000136,x21371,"ODISHA, SAMBALPUR",6.40616053177E9,647721.289195,371,SAMBALPUR,21,"ODISHA, SAMBALPUR",ODISHA,5.0223410811764754E7,"{""type"":""MultiPoint"",""coordinates"":[]}"
0000000000000000015b,x21372,"ODISHA, SUBARNAPUR",2.27776643105E9,339504.546783,372,SUBARNAPUR,21,"ODISHA, SUBARNAPUR",ODISHA,5.850728083529414E7,"{""type"":""MultiPoint"",""coordinates"":[]}"
0000000000000000015e,x21373,"ODISHA, SUNDARGARH",9.35992918909E9,809479.772383,373,SUNDARGARH,21,"ODISHA, SUNDARGARH",ODISHA,3.4193180490196064E7,"{""type"":""MultiPoint"",""coordinates"":[]}"
00000000000000000181,x21349,"ODISHA, BAUDH (BAUDA)",2.99291321353E9,404642.339121,349,BAUDH (BAUDA),21,"ODISHA, BAUDH (BAUDA)",ODISHA,8.975127280392157E7,"{""type"":""MultiPoint"",""coordinates"":[]}"
000000000000000000c6,x34598,"PUDUCHERRY, KARAIKAL",1.605386898E8,127972.228007,598,KARAIKAL,34,"PUDUCHERRY, KARAIKAL",PUDUCHERRY,93693.26666666666,"{""type"":""MultiPoint"",""coordinates"":[]}"
000000000000000000ea,x34599,"PUDUCHERRY, MAHE",9020243.77364,27438.1073368,599,MAHE,34,"PUDUCHERRY, MAHE",PUDUCHERRY,2897.2588235294115,"{""type"":""MultiPoint"",""coordinates"":[]}"
0000000000000000011e,x34600,"PUDUCHERRY, PUDUCHERRY",2.99707106114E8,353092.64223,600,PUDUCHERRY,34,"PUDUCHERRY, PUDUCHERRY",PUDUCHERRY,1077881.7607843133,"{""type"":""MultiPoint"",""coordinates"":[]}"
00000000000000000180,x34601,"PUDUCHERRY, YANAM",3.69321462543E7,38726.2440569,601,YANAM,34,"PUDUCHERRY, YANAM",PUDUCHERRY,1771444.2823529409,"{""type"":""MultiPoint"",""coordinates"":[]}"
000000000000000001b9,x03027,"PUNJAB, AMRITSAR",2.62310571541E9,380102.553442,027,AMRITSAR,03,"PUNJAB, AMRITSAR",PUNJAB,5949016.203921566,"{""type"":""MultiPoint"",""coordinates"":[]}"
000000000000000001c2,x03605,"PUNJAB, BARNALA",1.38679290683E9,246764.006365,605,BARNALA,03,"PUNJAB, BARNALA",PUNJAB,1013832.0941176466,"{""type"":""MultiPoint"",""coordinates"":[]}"
000000000000000001c3,x03028,"PUNJAB, BATHINDA",3.28672868471E9,423493.075552,028,BATHINDA,03,"PUNJAB, BATHINDA",PUNJAB,5453948.647058837,"{""type"":""MultiPoint"",""coordinates"":[]}"
000000000000000001da,x03029,"PUNJAB, FARIDKOT",1.42377513523E9,232052.269593,029,FARIDKOT,03,"PUNJAB, FARIDKOT",PUNJAB,1794787.239215687,"{""type"":""MultiPoint"",""coordinates"":[]}"
000000000000000001dc,x03030,"PUNJAB, FATEHGARH SAHIB",1.12205275054E9,244335.235364,030,FATEHGARH SAHIB,03,"PUNJAB, FATEHGARH SAHIB",PUNJAB,476151.43921568576,"{""type"":""MultiPoint"",""coordinates"":[]}"
000000000000000001dd,x03651,"PUNJAB, FAZILKA",2.79883058869E9,365353.754267,651,FAZILKA,03,"PUNJAB, FAZILKA",PUNJAB,2.0061335152941186E7,"{""type"":""MultiPoint"",""coordinates"":[]}"
000000000000000001de,x03031,"PUNJAB, FIROZPUR",2.31405324757E9,385056.483121,031,FIROZPUR,03,"PUNJAB, FIROZPUR",PUNJAB,4.566977360392152E7,"{""type"":""MultiPoint"",""coordinates"":[]}"
000000000000000001e3,x03032,"PUNJAB, GURDASPUR",2.55262289918E9,329343.615225,032,GURDASPUR,03,"PUNJAB, GURDASPUR",PUNJAB,7039642.298039211,"{""type"":""MultiPoint"",""coordinates"":[]}"
000000000000000001e8,x03033,"PUNJAB, HOSHIARPUR",3.31139243665E9,432605.848036,033,HOSHIARPUR,03,"PUNJAB, HOSHIARPUR",PUNJAB,8505621.376470592,"{""type"":""MultiPoint"",""coordinates"":[]}"
000000000000000001ec,x03034,"PUNJAB, JALANDHAR",2.57878350538E9,455724.597931,034,JALANDHAR,03,"PUNJAB, JALANDHAR",PUNJAB,3.723153120000001E7,"{""type"":""MultiPoint"",""coordinates"":[]}"
000000000000000001f4,x03035,"PUNJAB, KAPURTHALA",1.595462047E9,437645.667489,035,KAPURTHALA,03,"PUNJAB, KAPURTHALA",PUNJAB,1.125912487843138E7,"{""type"":""MultiPoint"",""coordinates"":[]}"
00000000000000000208,x03036,"PUNJAB, LUDHIANA",3.59912829144E9,398856.01997,036,LUDHIANA,03,"PUNJAB, LUDHIANA",PUNJAB,4.03864242352941E7,"{""type"":""MultiPoint"",""coordinates"":[]}"
0000000000000000020f,x03037,"PUNJAB, MANSA",2.11033572732E9,345168.466611,037,MANSA,03,"PUNJAB, MANSA",PUNJAB,5079779.039215687,"{""type"":""MultiPoint"",""coordinates"":[]}"
00000000000000000212,x03038,"PUNJAB, MOGA",2.19488516727E9,305850.123395,038,MOGA,03,"PUNJAB, MOGA",PUNJAB,9538635.121568637,"{""type"":""MultiPoint"",""coordinates"":[]}"
00000000000000000214,x03039,"PUNJAB, SRI MUKTSAR SAHIB",2.57052572243E9,353904.864163,039,SRI MUKTSAR SAHIB,03,"PUNJAB, SRI MUKTSAR SAHIB",PUNJAB,3560889.2823529444,"{""type"":""MultiPoint"",""coordinates"":[]}"
00000000000000000221,x03040,"PUNJAB, SHAHID BHAGAT SINGH NAGAR",1.23429626652E9,263509.141549,040,SHAHID BHAGAT SINGH NAGAR,03,"PUNJAB, SHAHID BHAGAT SINGH NAGAR",PUNJAB,2.9028273564705882E7,"{""type"":""MultiPoint"",""coordinates"":[]}"
0000000000000000022d,x03662,"PUNJAB, PATHANKOT",9.3302142961E8,246908.587519,662,PATHANKOT,03,"PUNJAB, PATHANKOT",PUNJAB,3073644.007843137,"{""type"":""MultiPoint"",""coordinates"":[]}"
0000000000000000022e,x03041,"PUNJAB, PATIALA",3.22729480132E9,638392.494829,041,PATIALA,03,"PUNJAB, PATIALA",PUNJAB,5144765.3882352915,"{""type"":""MultiPoint"",""coordinates"":[]}"
0000000000000000023b,x03042,"PUNJAB, RUPNAGAR",1.34256980953E9,332146.989843,042,RUPNAGAR,03,"PUNJAB, RUPNAGAR",PUNJAB,3.6975123486274585E7,"{""type"":""MultiPoint"",""coordinates"":[]}"
0000000000000000023f,x03043,"PUNJAB, SANGRUR",3.5105991643E9,516708.804692,043,SANGRUR,03,"PUNJAB, SANGRUR",PUNJAB,5668472.992156863,"{""type"":""MultiPoint"",""coordinates"":[]}"
00000000000000000241,x03608,"PUNJAB, SAS NAGAR (SAHIBZADA AJIT SINGH NAGAR)",1.06534820745E9,315615.196109,608,SAS NAGAR (SAHIBZADA AJIT SINGH NAGAR),03,"PUNJAB, SAS NAGAR (SAHIBZADA AJIT SINGH NAGAR)",PUNJAB,383960.77254902024,"{""type"":""MultiPoint"",""coordinates"":[]}"
00000000000000000250,x03609,"PUNJAB, TARN TARAN",2.36108761376E9,314763.38614,609,TARN TARAN,03,"PUNJAB, TARN TARAN",PUNJAB,2.2524120729411785E7,"{""type"":""MultiPoint"",""coordinates"":[]}"
0000000000000000000d,x08086,"RAJASTHAN, AJMER",8.16029860952E9,812709.256388,086,AJMER,08,"RAJASTHAN, AJMER",RAJASTHAN,7633718.91764706,"{""type"":""MultiPoint"",""coordinates"":[]}"
00000000000000000012,x08087,"RAJASTHAN, ALWAR",8.09121238484E9,908983.518749,087,ALWAR,08,"RAJASTHAN, ALWAR",RAJASTHAN,5139842.58823529,"{""type"":""MultiPoint"",""coordinates"":[]}"
0000000000000000002d,x08088,"RAJASTHAN, BANSWARA",4.3363037191E9,411359.218579,088,BANSWARA,08,"RAJASTHAN, BANSWARA",RAJASTHAN,1.3819343329411753E7,"{""type"":""MultiPoint"",""coordinates"":[]}"
00000000000000000030,x08089,"RAJASTHAN, BARAN",6.72682863594E9,632102.193942,089,BARAN,08,"RAJASTHAN, BARAN",RAJASTHAN,2.4892277431372564E7,"{""type"":""MultiPoint"",""coordinates"":[]}"
00000000000000000032,x08090,"RAJASTHAN, BARMER",2.73192070312E10,1049617.25186,090,BARMER,08,"RAJASTHAN, BARMER",RAJASTHAN,1.0662043321176471E8,"{""type"":""MultiPoint"",""coordinates"":[]}"
0000000000000000003d,x08091,"RAJASTHAN, BHARATPUR",4.88116565854E9,731664.143421,091,BHARATPUR,08,"RAJASTHAN, BHARATPUR",RAJASTHAN,1.5521733874509793E7,"{""type"":""MultiPoint"",""coordinates"":[]}"
0000000000000000003e,x08092,"RAJASTHAN, BHILWARA",1.00899455423E10,724746.613986,092,BHILWARA,08,"RAJASTHAN, BHILWARA",RAJASTHAN,2.256183980784315E7,"{""type"":""MultiPoint"",""coordinates"":[]}"
00000000000000000044,x08093,"RAJASTHAN, BIKANER",2.92428235102E10,1180982.3923,093,BIKANER,08,"RAJASTHAN, BIKANER",RAJASTHAN,2.66850828156863E7,"{""type"":""MultiPoint"",""coordinates"":[]}"
0000000000000000004b,x08094,"RAJASTHAN, BUNDI",5.55782552147E9,483675.262634,094,BUNDI,08,"RAJASTHAN, BUNDI",RAJASTHAN,2.8440089831372544E7,"{""type"":""MultiPoint"",""coordinates"":[]}"
0000000000000000005d,x08095,"RAJASTHAN, CHITTAURGARH",7.51531003881E9,1003416.5436,095,CHITTAURGARH,08,"RAJASTHAN, CHITTAURGARH",RAJASTHAN,2.0839657007843204E7,"{""type"":""MultiPoint"",""coordinates"":[]}"
00000000000000000060,x08096,"RAJASTHAN, CHURU",1.33935639361E10,1026392.85028,096,CHURU,08,"RAJASTHAN, CHURU",RAJASTHAN,1.3302251164705878E7,"{""type"":""MultiPoint"",""coordinates"":[]}"
0000000000000000006a,x08097,"RAJASTHAN, DAUSA",3.29272092765E9,515836.19162,097,DAUSA,08,"RAJASTHAN, DAUSA",RAJASTHAN,4282636.6823529415,"{""type"":""MultiPoint"",""coordinates"":[]}"
00000000000000000078,x08098,"RAJASTHAN, DHAULPUR",2.92387563346E9,397730.001057,098,DHAULPUR,08,"RAJASTHAN, DHAULPUR",RAJASTHAN,1.0374332715294124E8,"{""type"":""MultiPoint"",""coordinates"":[]}"
0000000000000000007b,x08099,"RAJASTHAN, DUNGARPUR",3.6250276858E9,373314.882518,099,DUNGARPUR,08,"RAJASTHAN, DUNGARPUR",RAJASTHAN,1.1024307101960782E7,"{""type"":""MultiPoint"",""coordinates"":[]}"
0000000000000000009d,x08101,"RAJASTHAN, HANUMANGARH",9.41583101753E9,939963.777751,101,HANUMANGARH,08,"RAJASTHAN, HANUMANGARH",RAJASTHAN,8.355492076862754E7,"{""type"":""MultiPoint"",""coordinates"":[]}"
000000000000000000ac,x08102,"RAJASTHAN, JAIPUR",1.07381119168E10,843777.229147,102,JAIPUR,08,"RAJASTHAN, JAIPUR",RAJASTHAN,6501625.713725501,"{""type"":""MultiPoint"",""coordinates"":[]}"
000000000000000000ad,x08103,"RAJASTHAN, JAISALMER",3.70768274288E10,1149947.19488,103,JAISALMER,08,"RAJASTHAN, JAISALMER",RAJASTHAN,4.86090946666667E7,"{""type"":""MultiPoint"",""coordinates"":[]}"
000000000000000000b0,x08104,"RAJASTHAN, JALOR",1.02370076415E10,734506.078773,104,JALOR,08,"RAJASTHAN, JALOR",RAJASTHAN,5.287197621176467E7,"{""type"":""MultiPoint"",""coordinates"":[]}"
000000000000000000b6,x08105,"RAJASTHAN, JHALAWAR",6.09884040769E9,754272.120853,105,JHALAWAR,08,"RAJASTHAN, JHALAWAR",RAJASTHAN,1.4625426749019615E7,"{""type"":""MultiPoint"",""coordinates"":[]}"
000000000000000000b9,x08106,"RAJASTHAN, JHUNJHUNUN",5.72522837084E9,520688.84274,106,JHUNJHUNUN,08,"RAJASTHAN, JHUNJHUNUN",RAJASTHAN,2947042.035294117,"{""type"":""MultiPoint"",""coordinates"":[]}"
000000000000000000ba,x08107,"RAJASTHAN, JODHPUR",2.18570528954E10,1036725.76566,107,JODHPUR,08,"RAJASTHAN, JODHPUR",RAJASTHAN,3.088364753333332E7,"{""type"":""MultiPoint"",""coordinates"":[]}"
000000000000000000c7,x08108,"RAJASTHAN, KARAULI",4.83298584986E9,519975.882212,108,KARAULI,08,"RAJASTHAN, KARAULI",RAJASTHAN,3.960271333725485E7,"{""type"":""MultiPoint"",""coordinates"":[]}"
000000000000000000d2,x08100,"RAJASTHAN, GANGANAGAR",1.06047003675E10,824329.028612,100,GANGANAGAR,08,"RAJASTHAN, GANGANAGAR",RAJASTHAN,1.0500084977254869E8,"{""type"":""MultiPoint"",""coordinates"":[]}"
000000000000000000dd,x08109,"RAJASTHAN, KOTA",4.89544474357E9,608217.656809,109,KOTA,08,"RAJASTHAN, KOTA",RAJASTHAN,6.0012468243137285E7,"{""type"":""MultiPoint"",""coordinates"":[]}"
000000000000000000ff,x08110,"RAJASTHAN, NAGAUR",1.71728984818E10,954558.169266,110,NAGAUR,08,"RAJASTHAN, NAGAUR",RAJASTHAN,1.1560662576470593E7,"{""type"":""MultiPoint"",""coordinates"":[]}"
00000000000000000114,x08111,"RAJASTHAN, PALI",1.19199640908E10,870020.439557,111,PALI,08,"RAJASTHAN, PALI",RAJASTHAN,9704120.941176474,"{""type"":""MultiPoint"",""coordinates"":[]}"
0000000000000000011c,x08629,"RAJASTHAN, PRATAPGARH",4.2680965074E9,449221.779975,629,PRATAPGARH,08,"RAJASTHAN, PRATAPGARH",RAJASTHAN,4221533.490196077,"{""type"":""MultiPoint"",""coordinates"":[]}"
00000000000000000128,x08112,"RAJASTHAN, RAJ SAMAND",4.45262190953E9,701612.534792,112,RAJ SAMAND,08,"RAJASTHAN, RAJ SAMAND",RAJASTHAN,2430509.345098034,"{""type"":""MultiPoint"",""coordinates"":[]}"
0000000000000000013b,x08113,"RAJASTHAN, SAWAI MADHOPUR",4.83936263772E9,570117.2421,113,SAWAI MADHOPUR,08,"RAJASTHAN, SAWAI MADHOPUR",RAJASTHAN,8.598726646274514E7,"{""type"":""MultiPoint"",""coordinates"":[]}"
0000000000000000014b,x08114,"RAJASTHAN, SIKAR",7.46276368614E9,719407.442748,114,SIKAR,08,"RAJASTHAN, SIKAR",RAJASTHAN,2963620.7411764744,"{""type"":""MultiPoint"",""coordinates"":[]}"
0000000000000000014f,x08115,"RAJASTHAN, SIROHI",4.93927482901E9,455078.637864,115,SIROHI,08,"RAJASTHAN, SIROHI",RAJASTHAN,1537690.9294117645,"{""type"":""MultiPoint"",""coordinates"":[]}"
00000000000000000166,x08116,"RAJASTHAN, TONK",6.92967453309E9,686222.906972,116,TONK,08,"RAJASTHAN, TONK",RAJASTHAN,4.3118503274509855E7,"{""type"":""MultiPoint"",""coordinates"":[]}"
00000000000000000168,x08117,"RAJASTHAN, UDAIPUR",1.12615546757E10,876517.420943,117,UDAIPUR,08,"RAJASTHAN, UDAIPUR",RAJASTHAN,6956095.929411753,"{""type"":""MultiPoint"",""coordinates"":[]}"
0000000000000000007e,x11225,"SIKKIM, EAST",9.05270519667E8,146187.576225,225,EAST,11,"SIKKIM, EAST",SIKKIM,316145.5490196077,"{""type"":""MultiPoint"",""coordinates"":[]}"
0000000000000000010a,x11226,"SIKKIM, NORTH",4.08236222396E9,328955.137372,226,NORTH,11,"SIKKIM, NORTH",SIKKIM,2967601.5725490185,"{""type"":""MultiPoint"",""coordinates"":[]}"
00000000000000000154,x11227,"SIKKIM, SOUTH",7.06652227486E8,160104.587712,227,SOUTH,11,"SIKKIM, SOUTH",SIKKIM,2230724.8078431375,"{""type"":""MultiPoint"",""coordinates"":[]}"
00000000000000000178,x11228,"SIKKIM, WEST",1.15913019708E9,184178.684242,228,WEST,11,"SIKKIM, WEST",SIKKIM,563833.9137254906,"{""type"":""MultiPoint"",""coordinates"":[]}"
00000000000000000296,x33610,"TAMIL NADU, ARIYALUR",1.95355184555E9,259098.153078,610,ARIYALUR,33,"TAMIL NADU, ARIYALUR",TAMIL NADU,1.8727274796078444E7,"{""type"":""MultiPoint"",""coordinates"":[]}"
00000000000000000297,x33730,"TAMIL NADU, CHENGALPATTU",2.7208678965E9,358842.505918,730,CHENGALPATTU,33,"TAMIL NADU, CHENGALPATTU",TAMIL NADU,8456591.623529406,"{""type"":""MultiPoint"",""coordinates"":[]}"
00000000000000000298,x33568,"TAMIL NADU, CHENNAI",3.32995243659E8,129264.584986,568,CHENNAI,33,"TAMIL NADU, CHENNAI",TAMIL NADU,406497.5176470588,"{""type"":""MultiPoint"",""coordinates"":[]}"
00000000000000000299,x33569,"TAMIL NADU, COIMBATORE",4.77499429649E9,567689.264188,569,COIMBATORE,33,"TAMIL NADU, COIMBATORE",TAMIL NADU,1795133.443137253,"{""type"":""MultiPoint"",""coordinates"":[]}"
0000000000000000029a,x33570,"TAMIL NADU, CUDDALORE",3.72627721572E9,538000.310459,570,CUDDALORE,33,"TAMIL NADU, CUDDALORE",TAMIL NADU,2.718638754901962E7,"{""type"":""MultiPoint"",""coordinates"":[]}"
0000000000000000029b,x33571,"TAMIL NADU, DHARMAPURI",4.50766128466E9,524839.925954,571,DHARMAPURI,33,"TAMIL NADU, DHARMAPURI",TAMIL NADU,1.6278410505882358E7,"{""type"":""MultiPoint"",""coordinates"":[]}"
0000000000000000029c,x33572,"TAMIL NADU, DINDIGUL",6.14476304919E9,647345.612172,572,DINDIGUL,33,"TAMIL NADU, DINDIGUL",TAMIL NADU,2213175.4352941173,"{""type"":""MultiPoint"",""coordinates"":[]}"
0000000000000000029d,x33573,"TAMIL NADU, ERODE",5.14541340928E9,754856.035429,573,ERODE,33,"TAMIL NADU, ERODE",TAMIL NADU,2.4058135321568616E7,"{""type"":""MultiPoint"",""coordinates"":[]}"
0000000000000000029e,x33574,"TAMIL NADU, KANCHIPURAM",1.7423780072E9,434909.581434,574,KANCHIPURAM,33,"TAMIL NADU, KANCHIPURAM",TAMIL NADU,5914910.113725489,"{""type"":""MultiPoint"",""coordinates"":[]}"
0000000000000000029f,x33729,"TAMIL NADU, KALLAKKURICHI",3.54776948139E9,423126.665448,729,KALLAKKURICHI,33,"TAMIL NADU, KALLAKKURICHI",TAMIL NADU,6575330.9137255,"{""type"":""MultiPoint"",""coordinates"":[]}"
000000000000000002a0,x33575,"TAMIL NADU, KANYAKUMARI",1.7356567607E9,250200.341266,575,KANYAKUMARI,33,"TAMIL NADU, KANYAKUMARI",TAMIL NADU,342391.117647059,"{""type"":""MultiPoint"",""coordinates"":[]}"
000000000000000002a1,x33576,"TAMIL NADU, KARUR",2.93783963939E9,465382.763621,576,KARUR,33,"TAMIL NADU, KARUR",TAMIL NADU,2.7570737666666683E7,"{""type"":""MultiPoint"",""coordinates"":[]}"
000000000000000002a2,x33578,"TAMIL NADU, MADURAI",3.77864919234E9,556591.142734,578,MADURAI,33,"TAMIL NADU, MADURAI",TAMIL NADU,2562734.423529412,"{""type"":""MultiPoint"",""coordinates"":[]}"
000000000000000002a3,x33587,"TAMIL NADU, NILGIRIS",2.44856074901E9,348091.550661,587,NILGIRIS,33,"TAMIL NADU, NILGIRIS",TAMIL NADU,368149.2235294121,"{""type"":""MultiPoint"",""coordinates"":[]}"
000000000000000002a4,x33579,"TAMIL NADU, NAGAPATTINAM",2.59616007442E9,551117.207372,579,NAGAPATTINAM,33,"TAMIL NADU, NAGAPATTINAM",TAMIL NADU,1.9543377843137257E7,"{""type"":""MultiPoint"",""coordinates"":[]}"
000000000000000002a5,x33580,"TAMIL NADU, NAMAKKAL",3.44714406683E9,421895.926029,580,NAMAKKAL,33,"TAMIL NADU, NAMAKKAL",TAMIL NADU,2.4256369388235297E7,"{""type"":""MultiPoint"",""coordinates"":[]}"
000000000000000002a6,x33581,"TAMIL NADU, PERAMBALUR",1.7711800704E9,293242.935931,581,PERAMBALUR,33,"TAMIL NADU, PERAMBALUR",TAMIL NADU,1018826.000000001,"{""type"":""MultiPoint"",""coordinates"":[]}"
000000000000000002a7,x33582,"TAMIL NADU, PUDUKKOTTAI",4.72447076608E9,700396.399693,582,PUDUKKOTTAI,33,"TAMIL NADU, PUDUKKOTTAI",TAMIL NADU,2037456.1019607834,"{""type"":""MultiPoint"",""coordinates"":[]}"
000000000000000002a8,x33583,"TAMIL NADU, RAMANATHAPURAM",4.20596547007E9,759677.186729,583,RAMANATHAPURAM,33,"TAMIL NADU, RAMANATHAPURAM",TAMIL NADU,6468639.917647055,"{""type"":""MultiPoint"",""coordinates"":[]}"
000000000000000002a9,x33731,"TAMIL NADU, RANIPPETTAI",1.8441105869E9,364819.857096,731,RANIPPETTAI,33,"TAMIL NADU, RANIPPETTAI",TAMIL NADU,4353878.77254902,"{""type"":""MultiPoint"",""coordinates"":[]}"
000000000000000002aa,x33584,"TAMIL NADU, SALEM",6.03702918973E9,915161.466656,584,SALEM,33,"TAMIL NADU, SALEM",TAMIL NADU,2.0581383294117656E7,"{""type"":""MultiPoint"",""coordinates"":[]}"
000000000000000002ab,x33585,"TAMIL NADU, SIVAGANGA",4.32402575396E9,696117.078501,585,SIVAGANGA,33,"TAMIL NADU, SIVAGANGA",TAMIL NADU,4337220.164705883,"{""type"":""MultiPoint"",""coordinates"":[]}"
000000000000000002ac,x33588,"TAMIL NADU, TENI",2.9234692728E9,346738.897043,588,TENI,33,"TAMIL NADU, TENI",TAMIL NADU,1437128.847058824,"{""type"":""MultiPoint"",""coordinates"":[]}"
000000000000000002ad,x33733,"TAMIL NADU, TENKASI",2.88387305437E9,376983.820507,733,TENKASI,33,"TAMIL NADU, TENKASI",TAMIL NADU,687011.6470588236,"{""type"":""MultiPoint"",""coordinates"":[]}"
000000000000000002ae,x33586,"TAMIL NADU, THANJAVUR",3.47113001169E9,657496.455385,586,THANJAVUR,33,"TAMIL NADU, THANJAVUR",TAMIL NADU,4.084856267450983E7,"{""type"":""MultiPoint"",""coordinates"":[]}"
000000000000000002af,x33590,"TAMIL NADU, THIRUVARUR",2.29424733182E9,478490.388868,590,THIRUVARUR,33,"TAMIL NADU, THIRUVARUR",TAMIL NADU,1152069.478431372,"{""type"":""MultiPoint"",""coordinates"":[]}"
000000000000000002b0,x33591,"TAMIL NADU, TIRUCHIRAPALLI",4.54466249421E9,803655.820801,591,TIRUCHIRAPALLI,33,"TAMIL NADU, TIRUCHIRAPALLI",TAMIL NADU,4.543021246274507E7,"{""type"":""MultiPoint"",""coordinates"":[]}"
000000000000000002b1,x33592,"TAMIL NADU, TIRUNELVELI",4.00349767272E9,472798.255667,592,TIRUNELVELI,33,"TAMIL NADU, TIRUNELVELI",TAMIL NADU,1934434.0588235292,"{""type"":""MultiPoint"",""coordinates"":[]}"
000000000000000002b2,x33634,"TAMIL NADU, TIRUPPUR",5.2589150043E9,694086.496906,634,TIRUPPUR,33,"TAMIL NADU, TIRUPPUR",TAMIL NADU,5105455.2901960835,"{""type"":""MultiPoint"",""coordinates"":[]}"
000000000000000002b3,x33732,"TAMIL NADU, TIRUPPATTUR",2.11429906062E9,320210.743993,732,TIRUPPATTUR,33,"TAMIL NADU, TIRUPPATTUR",TAMIL NADU,1812902.8313725493,"{""type"":""MultiPoint"",""coordinates"":[]}"
000000000000000002b4,x33589,"TAMIL NADU, TIRUVALLUR",3.21385985187E9,690569.583461,589,TIRUVALLUR,33,"TAMIL NADU, TIRUVALLUR",TAMIL NADU,3443495.0823529405,"{""type"":""MultiPoint"",""coordinates"":[]}"
000000000000000002b5,x33593,"TAMIL NADU, TIRUVANNAMALAI",6.18027737592E9,717314.505342,593,TIRUVANNAMALAI,33,"TAMIL NADU, TIRUVANNAMALAI",TAMIL NADU,8342871.972549011,"{""type"":""MultiPoint"",""coordinates"":[]}"
000000000000000002b6,x33594,"TAMIL NADU, TUTICORIN",4.8738187708E9,528597.004217,594,TUTICORIN,33,"TAMIL NADU, TUTICORIN",TAMIL NADU,5199976.333333334,"{""type"":""MultiPoint"",""coordinates"":[]}"
000000000000000002b7,x33595,"TAMIL NADU, VELLORE",2.10143915885E9,428348.677371,595,VELLORE,33,"TAMIL NADU, VELLORE",TAMIL NADU,4669510.980392163,"{""type"":""MultiPoint"",""coordinates"":[]}"
000000000000000002b8,x33596,"TAMIL NADU, VILLUPURAM",3.66916801095E9,599858.09448,596,VILLUPURAM,33,"TAMIL NADU, VILLUPURAM",TAMIL NADU,5093033.929411765,"{""type"":""MultiPoint"",""coordinates"":[]}"
000000000000000002b9,x33597,"TAMIL NADU, VIRUDHUNAGAR",4.33658086473E9,574984.916365,597,VIRUDHUNAGAR,33,"TAMIL NADU, VIRUDHUNAGAR",TAMIL NADU,2700810.517647062,"{""type"":""MultiPoint"",""coordinates"":[]}"
000000000000000002ba,x33577,"TAMIL NADU, KRISHNAGIRI",5.13473385991E9,636648.095911,577,KRISHNAGIRI,33,"TAMIL NADU, KRISHNAGIRI",TAMIL NADU,1.5140915286274515E7,"{""type"":""MultiPoint"",""coordinates"":[]}"
000000000000000001b3,x36501,"TELANGANA, ADILABAD",3.86576852156E9,379140.278537,501,ADILABAD,36,"TELANGANA, ADILABAD",TELANGANA,6975794.705882357,"{""type"":""MultiPoint"",""coordinates"":[]}"
000000000000000001ea,x36507,"TELANGANA, HYDERABAD",1.86457186386E8,97488.8484846,507,HYDERABAD,36,"TELANGANA, HYDERABAD",TELANGANA,383861.6509803925,"{""type"":""MultiPoint"",""coordinates"":[]}"
000000000000000001f5,x36508,"TELANGANA, KARIMNAGAR",1.94484223126E9,299187.557065,508,KARIMNAGAR,36,"TELANGANA, KARIMNAGAR",TELANGANA,3468680.376470588,"{""type"":""MultiPoint"",""coordinates"":[]}"
000000000000000001f9,x36690,"TELANGANA, BHADRADRI KOTHAGUDEM",6.71998789875E9,620536.305032,690,BHADRADRI KOTHAGUDEM,36,"TELANGANA, BHADRADRI KOTHAGUDEM",TELANGANA,1.7347535100000024E8,"{""type"":""MultiPoint"",""coordinates"":[]}"
0000000000000000020b,x36512,"TELANGANA, MAHABUBNAGAR",2.7364488534E9,430286.907137,512,MAHABUBNAGAR,36,"TELANGANA, MAHABUBNAGAR",TELANGANA,1880598.8627450995,"{""type"":""MultiPoint"",""coordinates"":[]}"
00000000000000000210,x36692,"TELANGANA, SIDDIPET",3.60169011064E9,405896.365582,692,SIDDIPET,36,"TELANGANA, SIDDIPET",TELANGANA,1551256.4352941178,"{""type"":""MultiPoint"",""coordinates"":[]}"
0000000000000000021c,x36514,"TELANGANA, NALGONDA",7.03088922238E9,470569.740567,514,NALGONDA,36,"TELANGANA, NALGONDA",TELANGANA,7.926525004705885E7,"{""type"":""MultiPoint"",""coordinates"":[]}"
00000000000000000222,x36516,"TELANGANA, NIZAMABAD",4.08286263467E9,346070.288868,516,NIZAMABAD,36,"TELANGANA, NIZAMABAD",TELANGANA,5.8810594639215745E7,"{""type"":""MultiPoint"",""coordinates"":[]}"
00000000000000000236,x36518,"TELANGANA, RANGAREDDY",4.87205906951E9,537924.597896,518,RANGAREDDY,36,"TELANGANA, RANGAREDDY",TELANGANA,1461420.3098039217,"{""type"":""MultiPoint"",""coordinates"":[]}"
0000000000000000025b,x36720,"TELANGANA, MULUGU",4.16477733067E9,382336.825526,720,MULUGU,36,"TELANGANA, MULUGU",TELANGANA,2.214292089607844E8,"{""type"":""MultiPoint"",""coordinates"":[]}"
00000000000000000275,x36695,"TELANGANA, JOGULAMBA GADWAL",2.51982984446E9,275697.945969,695,JOGULAMBA GADWAL,36,"TELANGANA, JOGULAMBA GADWAL",TELANGANA,8.808464909803918E7,"{""type"":""MultiPoint"",""coordinates"":[]}"
0000000000000000027e,x36699,"TELANGANA, KUMURAM BHEEM",4.38964178054E9,447185.460048,699,KUMURAM BHEEM,36,"TELANGANA, KUMURAM BHEEM",TELANGANA,2.7327791701960754E7,"{""type"":""MultiPoint"",""coordinates"":[]}"
0000000000000000027f,x36684,"TELANGANA, MANCHERIAL",3.73552478113E9,418015.090582,684,MANCHERIAL,36,"TELANGANA, MANCHERIAL",TELANGANA,1.1411864091764712E8,"{""type"":""MultiPoint"",""coordinates"":[]}"
00000000000000000280,x36680,"TELANGANA, NIRMAL",3.59710191558E9,459638.560564,680,NIRMAL,36,"TELANGANA, NIRMAL",TELANGANA,5.0743247929411806E7,"{""type"":""MultiPoint"",""coordinates"":[]}"
00000000000000000281,x36685,"TELANGANA, KAMAREDDY",3.63664967477E9,471598.122212,685,KAMAREDDY,36,"TELANGANA, KAMAREDDY",TELANGANA,1.793112203921571E7,"{""type"":""MultiPoint"",""coordinates"":[]}"
00000000000000000282,x36691,"TELANGANA, SANGAREDDY",4.32991964173E9,628664.611295,691,SANGAREDDY,36,"TELANGANA, SANGAREDDY",TELANGANA,2.0231489729411744E7,"{""type"":""MultiPoint"",""coordinates"":[]}"
00000000000000000283,x36694,"TELANGANA, NAGARKURNOOL",6.06430274632E9,519937.680957,694,NAGARKURNOOL,36,"TELANGANA, NAGARKURNOOL",TELANGANA,1.7429036976862755E8,"{""type"":""MultiPoint"",""coordinates"":[]}"
00000000000000000284,x36693,"TELANGANA, WANAPARTHY",2.13324818371E9,311149.920408,693,WANAPARTHY,36,"TELANGANA, WANAPARTHY",TELANGANA,7.268898251764704E7,"{""type"":""MultiPoint"",""coordinates"":[]}"
00000000000000000285,x36721,"TELANGANA, NARAYANPET",2.35181305389E9,347978.230792,721,NARAYANPET,36,"TELANGANA, NARAYANPET",TELANGANA,2.4130233431372542E7,"{""type"":""MultiPoint"",""coordinates"":[]}"
00000000000000000286,x36698,"TELANGANA, VIKARABAD",3.61014121545E9,424080.605998,698,VIKARABAD,36,"TELANGANA, VIKARABAD",TELANGANA,1292483.1764705896,"{""type"":""MultiPoint"",""coordinates"":[]}"
00000000000000000287,x36700,"TELANGANA, MEDCHAL-MALKAJGIRI",1.04676822734E9,211617.342786,700,MEDCHAL-MALKAJGIRI,36,"TELANGANA, MEDCHAL-MALKAJGIRI",TELANGANA,782955.3137254901,"{""type"":""MultiPoint"",""coordinates"":[]}"
00000000000000000288,x36697,"TELANGANA, YADADRI BHUVANAGIRI",3.14420524785E9,379535.138734,697,YADADRI BHUVANAGIRI,36,"TELANGANA, YADADRI BHUVANAGIRI",TELANGANA,5338635.780392164,"{""type"":""MultiPoint"",""coordinates"":[]}"
00000000000000000289,x36696,"TELANGANA, SURYAPET",3.50523100942E9,343671.059825,696,SURYAPET,36,"TELANGANA, SURYAPET",TELANGANA,8.772813947450979E7,"{""type"":""MultiPoint"",""coordinates"":[]}"
0000000000000000028a,x36509,"TELANGANA, KHAMMAM",4.56010734496E9,622797.315198,509,KHAMMAM,36,"TELANGANA, KHAMMAM",TELANGANA,4807495.239215687,"{""type"":""MultiPoint"",""coordinates"":[]}"
0000000000000000028b,x36688,"TELANGANA, MAHABUBABAD",3.44608992443E9,360890.039781,688,MAHABUBABAD,36,"TELANGANA, MAHABUBABAD",TELANGANA,2683024.239215686,"{""type"":""MultiPoint"",""coordinates"":[]}"
0000000000000000028c,x36689,"TELANGANA, JANGAON",2.35775640452E9,306486.351822,689,JANGAON,36,"TELANGANA, JANGAON",TELANGANA,765310.2588235304,"{""type"":""MultiPoint"",""coordinates"":[]}"
0000000000000000028d,x36686,"TELANGANA, WARANGAL (URBAN)",1.13109983771E9,189478.39817,686,WARANGAL (URBAN),36,"TELANGANA, WARANGAL (URBAN)",TELANGANA,310189.12549019634,"{""type"":""MultiPoint"",""coordinates"":[]}"
0000000000000000028e,x36522,"TELANGANA, WARANGAL (RURAL)",2.17339316127E9,308652.449896,522,WARANGAL (RURAL),36,"TELANGANA, WARANGAL (RURAL)",TELANGANA,790259.0117647056,"{""type"":""MultiPoint"",""coordinates"":[]}"
0000000000000000028f,x36687,"TELANGANA, JAYASHANKAR BHUPALAPALLY",2.78808610125E9,356652.740435,687,JAYASHANKAR BHUPALAPALLY,36,"TELANGANA, JAYASHANKAR BHUPALAPALLY",TELANGANA,1.0485071882745084E8,"{""type"":""MultiPoint"",""coordinates"":[]}"
00000000000000000290,x36682,"TELANGANA, PEDDAPALLI",2.12760571857E9,241335.078192,682,PEDDAPALLI,36,"TELANGANA, PEDDAPALLI",TELANGANA,3.2199759898039233E7,"{""type"":""MultiPoint"",""coordinates"":[]}"
00000000000000000291,x36681,"TELANGANA, JAGTIAL",2.79613089246E9,287769.566774,681,JAGTIAL,36,"TELANGANA, JAGTIAL",TELANGANA,5.3080951313725434E7,"{""type"":""MultiPoint"",""coordinates"":[]}"
00000000000000000292,x36683,"TELANGANA, RANJANNA SIRCILLA",1.75488611807E9,235176.921624,683,RANJANNA SIRCILLA,36,"TELANGANA, RANJANNA SIRCILLA",TELANGANA,2147610.788235291,"{""type"":""MultiPoint"",""coordinates"":[]}"
00000000000000000293,x36513,"TELANGANA, MEDAK",2.67051002352E9,420195.172946,513,MEDAK,36,"TELANGANA, MEDAK",TELANGANA,1.003905890980394E7,"{""type"":""MultiPoint"",""coordinates"":[]}"
00000000000000000070,x16269,"TRIPURA, DHALAI",2.19152047287E9,368965.011049,269,DHALAI,16,"TRIPURA, DHALAI",TRIPURA,574835.4235294112,"{""type"":""MultiPoint"",""coordinates"":[]}"
00000000000000000094,x16654,"TRIPURA, GOMATI",1.55634472998E9,343493.496675,654,GOMATI,16,"TRIPURA, GOMATI",TRIPURA,888014.5607843137,"{""type"":""MultiPoint"",""coordinates"":[]}"
000000000000000000d0,x16652,"TRIPURA, KHOWAI",1.01118725524E9,231379.594803,652,KHOWAI,16,"TRIPURA, KHOWAI",TRIPURA,461164.43137254904,"{""type"":""MultiPoint"",""coordinates"":[]}"
0000000000000000010e,x16270,"TRIPURA, NORTH TRIPURA",1.2934065319E9,316924.45215,270,NORTH TRIPURA,16,"TRIPURA, NORTH TRIPURA",TRIPURA,322208.55686274514,"{""type"":""MultiPoint"",""coordinates"":[]}"
0000000000000000013e,x16653,"TRIPURA, SEPAHIJALA",1.01837801277E9,261051.758026,653,SEPAHIJALA,16,"TRIPURA, SEPAHIJALA",TRIPURA,517682.3843137257,"{""type"":""MultiPoint"",""coordinates"":[]}"
00000000000000000158,x16271,"TRIPURA, SOUTH TRIPURA",1.40551882323E9,340006.207642,271,SOUTH TRIPURA,16,"TRIPURA, SOUTH TRIPURA",TRIPURA,405991.92941176466,"{""type"":""MultiPoint"",""coordinates"":[]}"
0000000000000000016f,x16655,"TRIPURA, UNOKOTI",6.62746054249E8,185617.930283,655,UNOKOTI,16,"TRIPURA, UNOKOTI",TRIPURA,833433.3490196075,"{""type"":""MultiPoint"",""coordinates"":[]}"
0000000000000000017e,x16272,"TRIPURA, WEST TRIPURA",9.06730685695E8,191097.683549,272,WEST TRIPURA,16,"TRIPURA, WEST TRIPURA",TRIPURA,154988.81960784315,"{""type"":""MultiPoint"",""coordinates"":[]}"
0000000000000000000c,x09118,"UTTAR PRADESH, AGRA",3.90279148568E9,787929.478603,118,AGRA,09,"UTTAR PRADESH, AGRA",UTTAR PRADESH,1.6973628065882343E8,"{""type"":""MultiPoint"",""coordinates"":[]}"
0000000000000000000f,x09119,"UTTAR PRADESH, ALIGARH",3.58599734322E9,498779.443328,119,ALIGARH,09,"UTTAR PRADESH, ALIGARH",UTTAR PRADESH,1.7113683619607847E7,"{""type"":""MultiPoint"",""coordinates"":[]}"
00000000000000000013,x09121,"UTTAR PRADESH, AMBEDKARNAGAR",2.24246094392E9,384817.943754,121,AMBEDKARNAGAR,09,"UTTAR PRADESH, AMBEDKARNAGAR",UTTAR PRADESH,3.785912506666672E7,"{""type"":""MultiPoint"",""coordinates"":[]}"
00000000000000000014,x09640,"UTTAR PRADESH, AMETHI",2.33605199892E9,396742.737994,640,AMETHI,09,"UTTAR PRADESH, AMETHI",UTTAR PRADESH,5248748.474509802,"{""type"":""MultiPoint"",""coordinates"":[]}"
00000000000000000015,x09154,"UTTAR PRADESH, AMROHA",2.37992527925E9,364954.379714,154,AMROHA,09,"UTTAR PRADESH, AMROHA",UTTAR PRADESH,1.6862005415686283E7,"{""type"":""MultiPoint"",""coordinates"":[]}"
0000000000000000001b,x09122,"UTTAR PRADESH, AURAIYA",1.94474543489E9,279215.510357,122,AURAIYA,09,"UTTAR PRADESH, AURAIYA",UTTAR PRADESH,4.916275182352942E7,"{""type"":""MultiPoint"",""coordinates"":[]}"
0000000000000000001c,x09123,"UTTAR PRADESH, AZAMGARH",4.05754180443E9,498671.919852,123,AZAMGARH,09,"UTTAR PRADESH, AZAMGARH",UTTAR PRADESH,2.986710470980396E7,"{""type"":""MultiPoint"",""coordinates"":[]}"
0000000000000000001d,x09133,"UTTAR PRADESH, BUDAUN",4.11235706594E9,449698.119253,133,BUDAUN,09,"UTTAR PRADESH, BUDAUN",UTTAR PRADESH,2.8827079125490192E7,"{""type"":""MultiPoint"",""coordinates"":[]}"
00000000000000000020,x09124,"UTTAR PRADESH, BAGHPAT",1.28180038294E9,218392.986381,124,BAGHPAT,09,"UTTAR PRADESH, BAGHPAT",UTTAR PRADESH,6710762.647058819,"{""type"":""MultiPoint"",""coordinates"":[]}"
00000000000000000021,x09125,"UTTAR PRADESH, BAHRAICH",4.77694619708E9,578747.615415,125,BAHRAICH,09,"UTTAR PRADESH, BAHRAICH",UTTAR PRADESH,7.380406556470588E7,"{""type"":""MultiPoint"",""coordinates"":[]}"
00000000000000000026,x09126,"UTTAR PRADESH, BALLIA",2.87835045887E9,435847.66576,126,BALLIA,09,"UTTAR PRADESH, BALLIA",UTTAR PRADESH,3.233520336509798E8,"{""type"":""MultiPoint"",""coordinates"":[]}"
0000000000000000002a,x09127,"UTTAR PRADESH, BALRAMPUR",3.22573869621E9,461650.343501,127,BALRAMPUR,09,"UTTAR PRADESH, BALRAMPUR",UTTAR PRADESH,8778086.219607852,"{""type"":""MultiPoint"",""coordinates"":[]}"
0000000000000000002c,x09128,"UTTAR PRADESH, BANDA",4.28388247425E9,666400.813442,128,BANDA,09,"UTTAR PRADESH, BANDA",UTTAR PRADESH,2.4116119539215684E8,"{""type"":""MultiPoint"",""coordinates"":[]}"
0000000000000000002e,x09129,"UTTAR PRADESH, BARABANKI",3.70707888088E9,489434.669605,129,BARABANKI,09,"UTTAR PRADESH, BARABANKI",UTTAR PRADESH,5.367877672941172E7,"{""type"":""MultiPoint"",""coordinates"":[]}"
00000000000000000031,x09130,"UTTAR PRADESH, BAREILLY",3.98589511398E9,516176.115931,130,BAREILLY,09,"UTTAR PRADESH, BAREILLY",UTTAR PRADESH,1.946559602745099E7,"{""type"":""MultiPoint"",""coordinates"":[]}"
00000000000000000035,x09131,"UTTAR PRADESH, BASTI",2.68457424621E9,371752.223808,131,BASTI,09,"UTTAR PRADESH, BASTI",UTTAR PRADESH,5.360371985098046E7,"{""type"":""MultiPoint"",""coordinates"":[]}"
0000000000000000003b,x09179,"UTTAR PRADESH, BHADOHI",9.7642038867E8,273256.724924,179,BHADOHI,09,"UTTAR PRADESH, BHADOHI",UTTAR PRADESH,1.7108500168235302E8,"{""type"":""MultiPoint"",""coordinates"":[]}"
00000000000000000043,x09132,"UTTAR PRADESH, BIJNOR",4.46525422884E9,381323.120955,132,BIJNOR,09,"UTTAR PRADESH, BIJNOR",UTTAR PRADESH,1.7632295415686276E7,"{""type"":""MultiPoint"",""coordinates"":[]}"
0000000000000000004a,x09134,"UTTAR PRADESH, BULANDSHAHR",3.40237320041E9,383798.39097,134,BULANDSHAHR,09,"UTTAR PRADESH, BULANDSHAHR",UTTAR PRADESH,1.85176185137255E7,"{""type"":""MultiPoint"",""coordinates"":[]}"
00000000000000000052,x09135,"UTTAR PRADESH, CHANDAULI",2.45205071415E9,383495.880059,135,CHANDAULI,09,"UTTAR PRADESH, CHANDAULI",UTTAR PRADESH,1.5028454525490195E8,"{""type"":""MultiPoint"",""coordinates"":[]}"
0000000000000000005c,x09136,"UTTAR PRADESH, CHITRAKOOT",3.07068992918E9,533683.22727,136,CHITRAKOOT,09,"UTTAR PRADESH, CHITRAKOOT",UTTAR PRADESH,1.1218047940784313E8,"{""type"":""MultiPoint"",""coordinates"":[]}"
0000000000000000006e,x09137,"UTTAR PRADESH, DEORIA",2.44359123577E9,396811.755719,137,DEORIA,09,"UTTAR PRADESH, DEORIA",UTTAR PRADESH,4.824559980000002E7,"{""type"":""MultiPoint"",""coordinates"":[]}"
00000000000000000074,x09140,"UTTAR PRADESH, AYODHYA",2.59069040888E9,368810.21522,140,AYODHYA,09,"UTTAR PRADESH, AYODHYA",UTTAR PRADESH,5.554288511764699E7,"{""type"":""MultiPoint"",""coordinates"":[]}"
00000000000000000084,x09138,"UTTAR PRADESH, ETAH",2.33866509301E9,494594.144675,138,ETAH,09,"UTTAR PRADESH, ETAH",UTTAR PRADESH,5431704.062745107,"{""type"":""MultiPoint"",""coordinates"":[]}"
00000000000000000085,x09139,"UTTAR PRADESH, ETAWAH",2.24165939077E9,330796.843076,139,ETAWAH,09,"UTTAR PRADESH, ETAWAH",UTTAR PRADESH,1.7314407850196078E8,"{""type"":""MultiPoint"",""coordinates"":[]}"
00000000000000000086,x09141,"UTTAR PRADESH, FARRUKHABAD",2.10453771284E9,342912.660939,141,FARRUKHABAD,09,"UTTAR PRADESH, FARRUKHABAD",UTTAR PRADESH,3.7648923360784374E7,"{""type"":""MultiPoint"",""coordinates"":[]}"
00000000000000000087,x09142,"UTTAR PRADESH, FATEHPUR",4.01279950053E9,437048.116237,142,FATEHPUR,09,"UTTAR PRADESH, FATEHPUR",UTTAR PRADESH,3.403862806705883E8,"{""type"":""MultiPoint"",""coordinates"":[]}"
00000000000000000088,x09143,"UTTAR PRADESH, FIROZABAD",2.33385712283E9,389477.998889,143,FIROZABAD,09,"UTTAR PRADESH, FIROZABAD",UTTAR PRADESH,4.384071807450981E7,"{""type"":""MultiPoint"",""coordinates"":[]}"
0000000000000000008e,x09144,"UTTAR PRADESH, GAUTAMBUDHNAGAR",1.36758003239E9,310305.176941,144,GAUTAMBUDHNAGAR,09,"UTTAR PRADESH, GAUTAMBUDHNAGAR",UTTAR PRADESH,1.2611471478431374E7,"{""type"":""MultiPoint"",""coordinates"":[]}"
0000000000000000008f,x09146,"UTTAR PRADESH, GAZIPUR",3.25268858204E9,413354.730223,146,GAZIPUR,09,"UTTAR PRADESH, GAZIPUR",UTTAR PRADESH,4.753349411686274E8,"{""type"":""MultiPoint"",""coordinates"":[]}"
00000000000000000090,x09145,"UTTAR PRADESH, GHAZIABAD",8.82411235643E8,217418.360053,145,GHAZIABAD,09,"UTTAR PRADESH, GHAZIABAD",UTTAR PRADESH,2776222.1019607848,"{""type"":""MultiPoint"",""coordinates"":[]}"
00000000000000000095,x09147,"UTTAR PRADESH, GONDA",3.83893696591E9,513177.22554,147,GONDA,09,"UTTAR PRADESH, GONDA",UTTAR PRADESH,1.3457998301960785E7,"{""type"":""MultiPoint"",""coordinates"":[]}"
00000000000000000096,x09148,"UTTAR PRADESH, GORAKHPUR",3.20836903758E9,548846.092662,148,GORAKHPUR,09,"UTTAR PRADESH, GORAKHPUR",UTTAR PRADESH,6.801504219999999E7,"{""type"":""MultiPoint"",""coordinates"":[]}"
0000000000000000009c,x09149,"UTTAR PRADESH, HAMIRPUR",3.74884421632E9,504533.836464,149,HAMIRPUR,09,"UTTAR PRADESH, HAMIRPUR",UTTAR PRADESH,1.1333734536078435E8,"{""type"":""MultiPoint"",""coordinates"":[]}"
0000000000000000009e,x09661,"UTTAR PRADESH, HAPUR",1.08137494417E9,246171.836916,661,HAPUR,09,"UTTAR PRADESH, HAPUR",UTTAR PRADESH,3113632.839215681,"{""type"":""MultiPoint"",""coordinates"":[]}"
000000000000000000a0,x09150,"UTTAR PRADESH, HARDOI",5.776645684E9,580623.300445,150,HARDOI,09,"UTTAR PRADESH, HARDOI",UTTAR PRADESH,5.148245695686275E7,"{""type"":""MultiPoint"",""coordinates"":[]}"
000000000000000000a3,x09163,"UTTAR PRADESH, HATHRAS",1.72032099572E9,349333.621158,163,HATHRAS,09,"UTTAR PRADESH, HATHRAS",UTTAR PRADESH,1683228.1960784313,"{""type"":""MultiPoint"",""coordinates"":[]}"
000000000000000000af,x09151,"UTTAR PRADESH, JALAUN",4.39385403736E9,494340.825015,151,JALAUN,09,"UTTAR PRADESH, JALAUN",UTTAR PRADESH,1.5929852101568654E8,"{""type"":""MultiPoint"",""coordinates"":[]}"
000000000000000000b4,x09152,"UTTAR PRADESH, JAUNPUR",3.8822829599E9,539279.974958,152,JAUNPUR,09,"UTTAR PRADESH, JAUNPUR",UTTAR PRADESH,3.4014782172549024E7,"{""type"":""MultiPoint"",""coordinates"":[]}"
000000000000000000b7,x09153,"UTTAR PRADESH, JHANSI",4.83282296654E9,994300.228356,153,JHANSI,09,"UTTAR PRADESH, JHANSI",UTTAR PRADESH,2.9474579121568635E7,"{""type"":""MultiPoint"",""coordinates"":[]}"
000000000000000000c2,x09155,"UTTAR PRADESH, KANNAUJ",2.01511981122E9,309691.034736,155,KANNAUJ,09,"UTTAR PRADESH, KANNAUJ",UTTAR PRADESH,1.355448519215685E7,"{""type"":""MultiPoint"",""coordinates"":[]}"
000000000000000000c4,x09157,"UTTAR PRADESH, KANPUR",2.88852707127E9,461116.276305,157,KANPUR,09,"UTTAR PRADESH, KANPUR",UTTAR PRADESH,1.5290870205882356E8,"{""type"":""MultiPoint"",""coordinates"":[]}"
000000000000000000c5,x09156,"UTTAR PRADESH, KANPUR DEHAT",3.04118314597E9,371011.676774,156,KANPUR DEHAT,09,"UTTAR PRADESH, KANPUR DEHAT",UTTAR PRADESH,1.5370396370196083E8,"{""type"":""MultiPoint"",""coordinates"":[]}"
000000000000000000c9,x09633,"UTTAR PRADESH, KASGANJ",1.89169404351E9,323363.355679,633,KASGANJ,09,"UTTAR PRADESH, KASGANJ",UTTAR PRADESH,2.2586670674509883E7,"{""type"":""MultiPoint"",""coordinates"":[]}"
000000000000000000cb,x09158,"UTTAR PRADESH, KAUSHAMBI",1.72199732145E9,263022.695396,158,KAUSHAMBI,09,"UTTAR PRADESH, KAUSHAMBI",UTTAR PRADESH,1.890114837764706E8,"{""type"":""MultiPoint"",""coordinates"":[]}"
000000000000000000ce,x09159,"UTTAR PRADESH, KHERI",7.43176648961E9,689908.296496,159,KHERI,09,"UTTAR PRADESH, KHERI",UTTAR PRADESH,6.723983773333336E7,"{""type"":""MultiPoint"",""coordinates"":[]}"
000000000000000000e3,x09160,"UTTAR PRADESH, KUSHINAGAR",2.77129933452E9,457301.798355,160,KUSHINAGAR,09,"UTTAR PRADESH, KUSHINAGAR",UTTAR PRADESH,1.4538230623529408E7,"{""type"":""MultiPoint"",""coordinates"":[]}"
000000000000000000e5,x09161,"UTTAR PRADESH, LALITPUR",4.85070092482E9,435480.560291,161,LALITPUR,09,"UTTAR PRADESH, LALITPUR",UTTAR PRADESH,1.6222771290196095E7,"{""type"":""MultiPoint"",""coordinates"":[]}"
000000000000000000e8,x09162,"UTTAR PRADESH, LUCKNOW",2.43858602372E9,370767.28997,162,LUCKNOW,09,"UTTAR PRADESH, LUCKNOW",UTTAR PRADESH,7199712.125490204,"{""type"":""MultiPoint"",""coordinates"":[]}"
000000000000000000ec,x09165,"UTTAR PRADESH, MAHOBA",3.14331571271E9,556516.1293,165,MAHOBA,09,"UTTAR PRADESH, MAHOBA",UTTAR PRADESH,2337191.121568626,"{""type"":""MultiPoint"",""coordinates"":[]}"
000000000000000000ed,x09166,"UTTAR PRADESH, MAINPURI",2.64047297864E9,376263.539184,166,MAINPURI,09,"UTTAR PRADESH, MAINPURI",UTTAR PRADESH,5053881.976470584,"{""type"":""MultiPoint"",""coordinates"":[]}"
000000000000000000f4,x09167,"UTTAR PRADESH, MATHURA",3.22549306584E9,407498.875049,167,MATHURA,09,"UTTAR PRADESH, MATHURA",UTTAR PRADESH,7.373640806666668E7,"{""type"":""MultiPoint"",""coordinates"":[]}"
000000000000000000f5,x09168,"UTTAR PRADESH, MAU",1.67068997145E9,306512.503819,168,MAU,09,"UTTAR PRADESH, MAU",UTTAR PRADESH,2.4040162274509773E7,"{""type"":""MultiPoint"",""coordinates"":[]}"
000000000000000000f7,x09169,"UTTAR PRADESH, MEERUT",2.51280789547E9,320531.344721,169,MEERUT,09,"UTTAR PRADESH, MEERUT",UTTAR PRADESH,1.2991336909803908E7,"{""type"":""MultiPoint"",""coordinates"":[]}"
000000000000000000f8,x09170,"UTTAR PRADESH, MIRZAPUR",4.24682588835E9,574005.627614,170,MIRZAPUR,09,"UTTAR PRADESH, MIRZAPUR",UTTAR PRADESH,4.5157701662745076E8,"{""type"":""MultiPoint"",""coordinates"":[]}"
000000000000000000f9,x09171,"UTTAR PRADESH, MORADABAD",1.88745502806E9,396486.125322,171,MORADABAD,09,"UTTAR PRADESH, MORADABAD",UTTAR PRADESH,6050403.960784315,"{""type"":""MultiPoint"",""coordinates"":[]}"
000000000000000000fc,x09172,"UTTAR PRADESH, MUZAFFARNAGAR",2.65707285789E9,343519.238829,172,MUZAFFARNAGAR,09,"UTTAR PRADESH, MUZAFFARNAGAR",UTTAR PRADESH,5030639.113725501,"{""type"":""MultiPoint"",""coordinates"":[]}"
0000000000000000011a,x09173,"UTTAR PRADESH, PILIBHIT",3.64173488107E9,596380.046465,173,PILIBHIT,09,"UTTAR PRADESH, PILIBHIT",UTTAR PRADESH,1.2529640317647057E7,"{""type"":""MultiPoint"",""coordinates"":[]}"
0000000000000000011d,x09174,"UTTAR PRADESH, PRATAPGARH",3.57274946147E9,526670.54427,174,PRATAPGARH,09,"UTTAR PRADESH, PRATAPGARH",UTTAR PRADESH,3.0597193678431373E7,"{""type"":""MultiPoint"",""coordinates"":[]}"
00000000000000000121,x09175,"UTTAR PRADESH, RAIBEARELI",3.78414980708E9,502659.717951,175,RAIBEARELI,09,"UTTAR PRADESH, RAIBEARELI",UTTAR PRADESH,5.8118236341176465E7,"{""type"":""MultiPoint"",""coordinates"":[]}"
0000000000000000012b,x09176,"UTTAR PRADESH, RAMPUR",2.29122652982E9,405602.549693,176,RAMPUR,09,"UTTAR PRADESH, RAMPUR",UTTAR PRADESH,6849935.258823523,"{""type"":""MultiPoint"",""coordinates"":[]}"
00000000000000000133,x09177,"UTTAR PRADESH, SAHARANPUR",3.61281541771E9,374467.833326,177,SAHARANPUR,09,"UTTAR PRADESH, SAHARANPUR",UTTAR PRADESH,7933672.823529413,"{""type"":""MultiPoint"",""coordinates"":[]}"
00000000000000000137,x09659,"UTTAR PRADESH, SAMBHAL",2.34885507612E9,399084.153249,659,SAMBHAL,09,"UTTAR PRADESH, SAMBHAL",UTTAR PRADESH,7055940.635294119,"{""type"":""MultiPoint"",""coordinates"":[]}"
00000000000000000138,x09178,"UTTAR PRADESH, SANTKABIRNAGAR",1.58212128636E9,392258.325432,178,SANTKABIRNAGAR,09,"UTTAR PRADESH, SANTKABIRNAGAR",UTTAR PRADESH,2.5081640525490195E7,"{""type"":""MultiPoint"",""coordinates"":[]}"
00000000000000000141,x09180,"UTTAR PRADESH, SHAHJAHANPUR",4.16902894941E9,695415.335571,180,SHAHJAHANPUR,09,"UTTAR PRADESH, SHAHJAHANPUR",UTTAR PRADESH,2.2308029250980355E7,"{""type"":""MultiPoint"",""coordinates"":[]}"
00000000000000000143,x09660,"UTTAR PRADESH, SHAMLI",1.22641573377E9,201783.642123,660,SHAMLI,09,"UTTAR PRADESH, SHAMLI",UTTAR PRADESH,4025069.152941173,"{""type"":""MultiPoint"",""coordinates"":[]}"
00000000000000000148,x09181,"UTTAR PRADESH, SHRAWASTI",1.86459652891E9,302869.700758,181,SHRAWASTI,09,"UTTAR PRADESH, SHRAWASTI",UTTAR PRADESH,5922238.043137254,"{""type"":""MultiPoint"",""coordinates"":[]}"
00000000000000000149,x09182,"UTTAR PRADESH, SIDDHARTHNAGAR",2.79341209475E9,415859.377247,182,SIDDHARTHNAGAR,09,"UTTAR PRADESH, SIDDHARTHNAGAR",UTTAR PRADESH,1.3598298662745079E7,"{""type"":""MultiPoint"",""coordinates"":[]}"
00000000000000000150,x09183,"UTTAR PRADESH, SITAPUR",5.53994926685E9,540535.807958,183,SITAPUR,09,"UTTAR PRADESH, SITAPUR",UTTAR PRADESH,2.0857146125490237E7,"{""type"":""MultiPoint"",""coordinates"":[]}"
00000000000000000152,x09184,"UTTAR PRADESH, SONBHADRA",6.62108950262E9,572494.990881,184,SONBHADRA,09,"UTTAR PRADESH, SONBHADRA",UTTAR PRADESH,5.602474056078421E7,"{""type"":""MultiPoint"",""coordinates"":[]}"
0000000000000000015d,x09185,"UTTAR PRADESH, SULTANPUR",2.57545688909E9,461970.437515,185,SULTANPUR,09,"UTTAR PRADESH, SULTANPUR",UTTAR PRADESH,2.022176506666665E7,"{""type"":""MultiPoint"",""coordinates"":[]}"
0000000000000000016e,x09186,"UTTAR PRADESH, UNNAO",4.40197631938E9,535830.605333,186,UNNAO,09,"UTTAR PRADESH, UNNAO",UTTAR PRADESH,6.758742687450969E7,"{""type"":""MultiPoint"",""coordinates"":[]}"
00000000000000000172,x09187,"UTTAR PRADESH, VARANASI",1.47482356096E9,293845.549548,187,VARANASI,09,"UTTAR PRADESH, VARANASI",UTTAR PRADESH,2.0747932818431365E8,"{""type"":""MultiPoint"",""coordinates"":[]}"
0000000000000000018e,x09120,"UTTAR PRADESH, PRAYAGRAJ",5.26536102301E9,578851.533115,120,PRAYAGRAJ,09,"UTTAR PRADESH, PRAYAGRAJ",UTTAR PRADESH,4.8866822106274474E8,"{""type"":""MultiPoint"",""coordinates"":[]}"
0000000000000000020c,x09164,"UTTAR PRADESH, MAHARAJGANJ",2.83981087164E9,404449.083066,164,MAHARAJGANJ,09,"UTTAR PRADESH, MAHARAJGANJ",UTTAR PRADESH,5419815.56470588,"{""type"":""MultiPoint"",""coordinates"":[]}"
00000000000000000011,x05045,"UTTARAKHAND, ALMORA",3.05445180795E9,394957.247649,045,ALMORA,05,"UTTARAKHAND, ALMORA",UTTARAKHAND,2045661.278431372,"{""type"":""MultiPoint"",""coordinates"":[]}"
0000000000000000001f,x05046,"UTTARAKHAND, BAGESHWAR",2.1730759134E9,315673.159842,046,BAGESHWAR,05,"UTTARAKHAND, BAGESHWAR",UTTARAKHAND,708266.3098039217,"{""type"":""MultiPoint"",""coordinates"":[]}"
00000000000000000050,x05048,"UTTARAKHAND, CHAMPAWAT",1.71518695297E9,271591.235892,048,CHAMPAWAT,05,"UTTARAKHAND, CHAMPAWAT",UTTARAKHAND,7210697.733333331,"{""type"":""MultiPoint"",""coordinates"":[]}"
0000000000000000006c,x05049,"UTTARAKHAND, DEHRADUN",3.01903300511E9,503253.16431,049,DEHRADUN,05,"UTTARAKHAND, DEHRADUN",UTTARAKHAND,8361788.360784324,"{""type"":""MultiPoint"",""coordinates"":[]}"
000000000000000000a1,x05050,"UTTARAKHAND, HARIDWAR",2.225504964E9,287340.472634,050,HARIDWAR,05,"UTTARAKHAND, HARIDWAR",UTTARAKHAND,9294635.419607844,"{""type"":""MultiPoint"",""coordinates"":[]}"
00000000000000000100,x05051,"UTTARAKHAND, NAINITAL",3.86976967939E9,434894.751473,051,NAINITAL,05,"UTTARAKHAND, NAINITAL",UTTARAKHAND,2330687.2313725515,"{""type"":""MultiPoint"",""coordinates"":[]}"
00000000000000000119,x05052,"UTTARAKHAND, PAURI GARHWAL",5.1313410788E9,414490.254454,052,PAURI GARHWAL,05,"UTTARAKHAND, PAURI GARHWAL",UTTARAKHAND,1.3196920800000008E7,"{""type"":""MultiPoint"",""coordinates"":[]}"
00000000000000000130,x05054,"UTTARAKHAND, RUDRAPRAYAG",1.9365214561E9,249893.932643,054,RUDRAPRAYAG,05,"UTTARAKHAND, RUDRAPRAYAG",UTTARAKHAND,3830399.400000001,"{""type"":""MultiPoint"",""coordinates"":[]}"
00000000000000000162,x05055,"UTTARAKHAND, TEHRI GARHWAL",3.80699420248E9,546162.691053,055,TEHRI GARHWAL,05,"UTTARAKHAND, TEHRI GARHWAL",UTTARAKHAND,1.4280246180392163E7,"{""type"":""MultiPoint"",""coordinates"":[]}"
00000000000000000169,x05056,"UTTARAKHAND, UDHAM SINGH NAGAR",2.58799800606E9,568974.772093,056,UDHAM SINGH NAGAR,05,"UTTARAKHAND, UDHAM SINGH NAGAR",UTTARAKHAND,1472376.4039215688,"{""type"":""MultiPoint"",""coordinates"":[]}"
000000000000000001ce,x05047,"UTTARAKHAND, CHAMOLI",7.61864499275E9,522183.067166,047,CHAMOLI,05,"UTTARAKHAND, CHAMOLI",UTTARAKHAND,8362341.203921567,"{""type"":""MultiPoint"",""coordinates"":[]}"
00000000000000000230,x05053,"UTTARAKHAND, PITHORAGARH",7.03459119861E9,596635.247595,053,PITHORAGARH,05,"UTTARAKHAND, PITHORAGARH",UTTARAKHAND,7101799.09411765,"{""type"":""MultiPoint"",""coordinates"":[]}"
00000000000000000259,x05057,"UTTARAKHAND, UTTARKASHI",7.79137971695E9,669211.278143,057,UTTARKASHI,05,"UTTARAKHAND, UTTARKASHI",UTTARAKHAND,7959728.952941192,"{""type"":""MultiPoint"",""coordinates"":[]}"
000000000000000001b6,x19664,"WEST BENGAL, ALIPUR DUAR",2.69624230026E9,347786.125038,664,ALIPUR DUAR,19,"WEST BENGAL, ALIPUR DUAR",WEST BENGAL,5369526.188235296,"{""type"":""MultiPoint"",""coordinates"":[]}"
000000000000000001c0,x19305,"WEST BENGAL, BANKURA",6.62136930363E9,501616.440863,305,BANKURA,19,"WEST BENGAL, BANKURA",WEST BENGAL,2.403477232549018E7,"{""type"":""MultiPoint"",""coordinates"":[]}"
000000000000000001c1,x19306,"WEST BENGAL, PURBA BARDDHAMAN",5.00974468465E9,590233.471127,306,PURBA BARDDHAMAN,19,"WEST BENGAL, PURBA BARDDHAMAN",WEST BENGAL,2.9950996756862793E7,"{""type"":""MultiPoint"",""coordinates"":[]}"
000000000000000001cb,x19307,"WEST BENGAL, BIRBHUM",4.37427541459E9,664801.039758,307,BIRBHUM,19,"WEST BENGAL, BIRBHUM",WEST BENGAL,7085993.380392157,"{""type"":""MultiPoint"",""coordinates"":[]}"
000000000000000001d1,x19310,"WEST BENGAL, DAKSHIN DINAJPUR",2.14957247702E9,409019.233036,310,DAKSHIN DINAJPUR,19,"WEST BENGAL, DAKSHIN DINAJPUR",WEST BENGAL,2502462.125490194,"{""type"":""MultiPoint"",""coordinates"":[]}"
000000000000000001d3,x19309,"WEST BENGAL, DARJILING",1.97639491808E9,341642.319911,309,DARJILING,19,"WEST BENGAL, DARJILING",WEST BENGAL,1060317.5215686273,"{""type"":""MultiPoint"",""coordinates"":[]}"
000000000000000001d8,x19317,"WEST BENGAL, PURBA MEDINIPUR",3.80931032049E9,399699.235376,317,PURBA MEDINIPUR,19,"WEST BENGAL, PURBA MEDINIPUR",WEST BENGAL,2142258.4862745055,"{""type"":""MultiPoint"",""coordinates"":[]}"
000000000000000001e5,x19313,"WEST BENGAL, HAORA",1.41276702784E9,256027.658424,313,HAORA,19,"WEST BENGAL, HAORA",WEST BENGAL,1.4016470007843139E7,"{""type"":""MultiPoint"",""coordinates"":[]}"
000000000000000001e9,x19312,"WEST BENGAL, HUGLI",3.03249622134E9,505309.743946,312,HUGLI,19,"WEST BENGAL, HUGLI",WEST BENGAL,2.2067810803921573E7,"{""type"":""MultiPoint"",""coordinates"":[]}"
000000000000000001ef,x19314,"WEST BENGAL, JALPAIGURI",3.30583474908E9,457613.010134,314,JALPAIGURI,19,"WEST BENGAL, JALPAIGURI",WEST BENGAL,8562509.878431374,"{""type"":""MultiPoint"",""coordinates"":[]}"
000000000000000001fe,x19308,"WEST BENGAL, KOCH BIHAR",3.24743710274E9,841654.030211,308,KOCH BIHAR,19,"WEST BENGAL, KOCH BIHAR",WEST BENGAL,1.20376614117647E7,"{""type"":""MultiPoint"",""coordinates"":[]}"
00000000000000000200,x19315,"WEST BENGAL, KOLKATA",1.78361733727E8,96223.5186636,315,KOLKATA,19,"WEST BENGAL, KOLKATA",WEST BENGAL,3651067.7607843103,"{""type"":""MultiPoint"",""coordinates"":[]}"
0000000000000000020e,x19316,"WEST BENGAL, MALDAH",3.45204766605E9,483310.58825,316,MALDAH,19,"WEST BENGAL, MALDAH",WEST BENGAL,5.784085481686273E8,"{""type"":""MultiPoint"",""coordinates"":[]}"
00000000000000000217,x19319,"WEST BENGAL, MURSHIDABAD",5.14158476021E9,588272.807355,319,MURSHIDABAD,19,"WEST BENGAL, MURSHIDABAD",WEST BENGAL,4.0584909532549065E8,"{""type"":""MultiPoint"",""coordinates"":[]}"
00000000000000000219,x19320,"WEST BENGAL, NADIA",3.74617339993E9,684999.084199,320,NADIA,19,"WEST BENGAL, NADIA",WEST BENGAL,2.3971507878431346E7,"{""type"":""MultiPoint"",""coordinates"":[]}"
00000000000000000223,x19303,"WEST BENGAL, NORTH TWENTY-FOUR PARGANAS",3.8522276993E9,591635.655161,303,NORTH TWENTY-FOUR PARGANAS,19,"WEST BENGAL, NORTH TWENTY-FOUR PARGANAS",WEST BENGAL,8688277.368627448,"{""type"":""MultiPoint"",""coordinates"":[]}"
0000000000000000022c,x19318,"WEST BENGAL, PASCHIM MEDINIPUR",6.03753763981E9,556149.942494,318,PASCHIM MEDINIPUR,19,"WEST BENGAL, PASCHIM MEDINIPUR",WEST BENGAL,1.4749554827450998E7,"{""type"":""MultiPoint"",""coordinates"":[]}"
00000000000000000234,x19321,"WEST BENGAL, PURULIYA",6.01674617815E9,584001.426043,321,PURULIYA,19,"WEST BENGAL, PURULIYA",WEST BENGAL,7854065.419607845,"{""type"":""MultiPoint"",""coordinates"":[]}"
0000000000000000024c,x19304,"WEST BENGAL, SOUTH TWENTY-FOUR PARGANAS",7.38097587101E9,1696638.53142,304,SOUTH TWENTY-FOUR PARGANAS,19,"WEST BENGAL, SOUTH TWENTY-FOUR PARGANAS",WEST BENGAL,7383465.929411763,"{""type"":""MultiPoint"",""coordinates"":[]}"
00000000000000000258,x19311,"WEST BENGAL, UTTAR DINAJPUR",3.01803106706E9,744493.179002,311,UTTAR DINAJPUR,19,"WEST BENGAL, UTTAR DINAJPUR",WEST BENGAL,2542805.3254901953,"{""type"":""MultiPoint"",""coordinates"":[]}"
00000000000000000272,x19703,"WEST BENGAL, JHARGRAM",2.98270270291E9,480353.66234,703,JHARGRAM,19,"WEST BENGAL, JHARGRAM",WEST BENGAL,1.4082258000000013E7,"{""type"":""MultiPoint"",""coordinates"":[]}"
00000000000000000273,x19704,"WEST BENGAL, PASCHIM BARDDHAMAN",1.73992331439E9,289409.540608,704,PASCHIM BARDDHAMAN,19,"WEST BENGAL, PASCHIM BARDDHAMAN",WEST BENGAL,3090714.309803923,"{""type"":""MultiPoint"",""coordinates"":[]}"
00000000000000000274,x19702,"WEST BENGAL, KALIMPONG",1.05410461774E9,175959.214442,702,KALIMPONG,19,"WEST BENGAL, KALIMPONG",WEST BENGAL,2378837.0980392145,"{""type"":""MultiPoint"",""coordinates"":[]}"
